{
"type": "FeatureCollection",
"name": "CAOP_Torre de Moncorvo_freg",
"crs": { "type": "name", "properties": { "name": "urn:ogc:def:crs:OGC:1.3:CRS84" } },
"features": [
{ "type": "Feature", "properties": { "dtmnfr": "040901", "freguesia": "Açoreira", "municipio": "Torre de Moncorvo", "distrito_i": "Bragança", "nuts3_cod": "11D", "nuts3": "Douro", "nuts2": "Norte", "nuts1": "Continente", "area_ha": 2398.03, "perimetro_": 29, "designacao": "Açoreira" }, "geometry": { "type": "Polygon", "coordinates": [ [ [ -7.11417438924951, 41.153715938437941 ], [ -7.114103724112844, 41.153709644234752 ], [ -7.106060298179927, 41.153005993437439 ], [ -7.097030523818872, 41.154760961881678 ], [ -7.093820090689355, 41.155294492985625 ], [ -7.088467172992685, 41.156184309511552 ], [ -7.086365814449559, 41.156285834403505 ], [ -7.079957077325125, 41.155853865497129 ], [ -7.075520639428438, 41.154971142438868 ], [ -7.074225156637929, 41.154520855772773 ], [ -7.068838007801319, 41.154286451144209 ], [ -7.068560603561481, 41.154268406651212 ], [ -7.068430140766576, 41.154298986427406 ], [ -7.068103395010905, 41.154459396926477 ], [ -7.067841292199324, 41.15462247264157 ], [ -7.067773643426303, 41.154665701815397 ], [ -7.067644812420975, 41.154757071314549 ], [ -7.067341708960909, 41.154994865063408 ], [ -7.067205358170627, 41.155139109963891 ], [ -7.067128232957641, 41.15523033157708 ], [ -7.067012440837903, 41.155325785570099 ], [ -7.066813403442973, 41.155404710588627 ], [ -7.066616776483986, 41.15543044647719 ], [ -7.066350790037608, 41.15549443861206 ], [ -7.06594023936891, 41.155642632282223 ], [ -7.065812101504964, 41.15569826763651 ], [ -7.065541352405558, 41.155842887603868 ], [ -7.065331945052996, 41.155988436692958 ], [ -7.065271417213898, 41.156025516610079 ], [ -7.065012935322614, 41.156214459567124 ], [ -7.064751051931261, 41.156340886789152 ], [ -7.064610249709444, 41.156391623002136 ], [ -7.064326855812547, 41.156463282578855 ], [ -7.064199491409893, 41.156537197277956 ], [ -7.064004447807735, 41.156670726086503 ], [ -7.063883575374838, 41.15673380293584 ], [ -7.063797312601223, 41.156793239142758 ], [ -7.063572853746121, 41.157050841791808 ], [ -7.063391079181064, 41.157217710064188 ], [ -7.06308477086846, 41.157468066710884 ], [ -7.062772121386947, 41.157712240757888 ], [ -7.06259094137051, 41.157820587025903 ], [ -7.062095900903657, 41.158020301191002 ], [ -7.061581355926822, 41.158320131950333 ], [ -7.061381869507514, 41.158469907063804 ], [ -7.061313328518001, 41.158523298804099 ], [ -7.061170578995045, 41.158597967352449 ], [ -7.061046245519817, 41.158646331270226 ], [ -7.060865995292335, 41.15871191722615 ], [ -7.060822751316343, 41.158740778195437 ], [ -7.060797444873615, 41.158765846116559 ], [ -7.056069502419074, 41.157061470524454 ], [ -7.05152607123982, 41.155155491563406 ], [ -7.050256621175142, 41.152201590470035 ], [ -7.045844706392321, 41.151792656171814 ], [ -7.040342814423018, 41.150795800728389 ], [ -7.038111484892214, 41.150552790605552 ], [ -7.038007689566309, 41.150440158309735 ], [ -7.037822195746174, 41.150311978596598 ], [ -7.037689194687839, 41.150272537857475 ], [ -7.037180697042348, 41.1501770394093 ], [ -7.036985197693509, 41.150163660038139 ], [ -7.036658213166095, 41.150105716853574 ], [ -7.036522094822328, 41.15009649912529 ], [ -7.036383694622995, 41.150087893402699 ], [ -7.036260570168563, 41.150042240334869 ], [ -7.036025526025266, 41.149849572468263 ], [ -7.035919090933195, 41.149752937879519 ], [ -7.035806050833329, 41.149659299886245 ], [ -7.035611595218417, 41.149533375924193 ], [ -7.035268374097703, 41.14935624067342 ], [ -7.034873675311661, 41.14913746628843 ], [ -7.034617917308343, 41.149001951940953 ], [ -7.034558106470136, 41.148974101546386 ], [ -7.034369564508161, 41.148893791222989 ], [ -7.033962979749981, 41.148766654698477 ], [ -7.033827775650389, 41.148731062979394 ], [ -7.03349645435252, 41.148662351769886 ], [ -7.033299591538178, 41.148616899166882 ], [ -7.033170601829219, 41.148558764630756 ], [ -7.032970130558165, 41.148508230164367 ], [ -7.032646324487527, 41.148396192661636 ], [ -7.032240941395257, 41.148283199004602 ], [ -7.031975155204544, 41.148192241864621 ], [ -7.03170015922103, 41.148074815606002 ], [ -7.031448557724561, 41.147919348300924 ], [ -7.031309938106957, 41.147860127315596 ], [ -7.031056003124875, 41.147794674102919 ], [ -7.030647249070063, 41.147776632157992 ], [ -7.029988238036642, 41.147651120709462 ], [ -7.029867081253697, 41.147616105487806 ], [ -7.02971152550024, 41.147615252013701 ], [ -7.029678996918979, 41.147644204871483 ], [ -7.029655185729354, 41.147665043831594 ], [ -7.029649463743565, 41.147650946099418 ], [ -7.029641611301356, 41.14760782730314 ], [ -7.029632491106644, 41.147555066393089 ], [ -7.029522350598373, 41.147310366220829 ], [ -7.029417269044539, 41.147161960067308 ], [ -7.029229085818444, 41.146968195736108 ], [ -7.029041601887561, 41.146676290454835 ], [ -7.028974363637884, 41.146530228446252 ], [ -7.028886566312188, 41.146438178958981 ], [ -7.028825773023809, 41.146405271129389 ], [ -7.020486165703338, 41.145114666119909 ], [ -7.015747921877404, 41.142752584950344 ], [ -7.015397722696517, 41.14257811504114 ], [ -7.017609065275778, 41.137946280337253 ], [ -7.017639153455007, 41.137906596730474 ], [ -7.017895284960516, 41.137768967194297 ], [ -7.018098658650899, 41.13765198893546 ], [ -7.018362246495505, 41.13751019855831 ], [ -7.018777064878218, 41.137348438933451 ], [ -7.019189658373303, 41.137177201889806 ], [ -7.019461465024593, 41.137084111972364 ], [ -7.019673825562061, 41.13702736307058 ], [ -7.019938432074659, 41.136965714382235 ], [ -7.020135738718855, 41.136897836732459 ], [ -7.020265984806277, 41.136851011871784 ], [ -7.020469684935915, 41.13677814856689 ], [ -7.020807909849057, 41.136715592710551 ], [ -7.020872116649861, 41.136707476841615 ], [ -7.021057927420106, 41.136636064106625 ], [ -7.021122933979281, 41.136623181796949 ], [ -7.021314928013323, 41.136622782255969 ], [ -7.02158424023695, 41.136613849705469 ], [ -7.021581192032801, 41.136568798438752 ], [ -7.021567372622948, 41.136349778613649 ], [ -7.021589108811153, 41.13609895422227 ], [ -7.021600460312169, 41.135848925525245 ], [ -7.021607456131215, 41.1355609525408 ], [ -7.021544667010144, 41.135357484893035 ], [ -7.02152204006342, 41.135308014508375 ], [ -7.021391791237324, 41.135107591068468 ], [ -7.021292224875833, 41.135008936384878 ], [ -7.021105138875278, 41.134873514518993 ], [ -7.020926020432788, 41.134789041167416 ], [ -7.021077363567962, 41.134663359540831 ], [ -7.021236131868569, 41.134521097028916 ], [ -7.021358618918302, 41.134383519270223 ], [ -7.021462918756002, 41.134243522913572 ], [ -7.021586473832055, 41.134007274644539 ], [ -7.021680703236939, 41.13391390816939 ], [ -7.021741924504471, 41.133877672610545 ], [ -7.021867889872319, 41.133844846632535 ], [ -7.021995407151935, 41.133804384621762 ], [ -7.02226125790903, 41.133795150534539 ], [ -7.022528849464469, 41.13375324198671 ], [ -7.022792514669469, 41.133739481701753 ], [ -7.023059632755765, 41.133634001336794 ], [ -7.023187029721909, 41.133607674329532 ], [ -7.023503151682585, 41.133533908765713 ], [ -7.02370207193854, 41.133475313888987 ], [ -7.023828444219126, 41.133417736242478 ], [ -7.024083139410103, 41.133257295596508 ], [ -7.026247315277438, 41.130018400573938 ], [ -7.026285368171856, 41.130007510964504 ], [ -7.026317803608293, 41.12996226135715 ], [ -7.026306147911325, 41.129769642216672 ], [ -7.026301354018003, 41.129721782037691 ], [ -7.026320113640636, 41.129625710962088 ], [ -7.026422309351863, 41.129433100681318 ], [ -7.026490037776735, 41.129235928109985 ], [ -7.026592096874178, 41.129044223073493 ], [ -7.026656954100985, 41.128947149557199 ], [ -7.0267790746089, 41.128879705968835 ], [ -7.026905043771588, 41.12884543738204 ], [ -7.026971140575846, 41.128831211566478 ], [ -7.027161334414724, 41.128809085689376 ], [ -7.027223399813933, 41.128765020707881 ], [ -7.027274221039316, 41.128667273631521 ], [ -7.027317088439061, 41.128525057646264 ], [ -7.027352533176319, 41.128236094586427 ], [ -7.027407688043554, 41.128142982085798 ], [ -7.027509007593954, 41.12804436537408 ], [ -7.027570216266365, 41.127994527481754 ], [ -7.027816829437397, 41.127817437536585 ], [ -7.028003427462282, 41.127746832221831 ], [ -7.028066106415052, 41.127737077785895 ], [ -7.028368920644715, 41.127759064926629 ], [ -7.028682062405525, 41.127776199776974 ], [ -7.02893717437331, 41.127738390335146 ], [ -7.029199178542958, 41.127672735136166 ], [ -7.02926046130501, 41.127632802575633 ], [ -7.029266103081217, 41.127587568178527 ], [ -7.029244506723042, 41.127540358364044 ], [ -7.029233047482617, 41.127491896858878 ], [ -7.029252900190157, 41.12744427296289 ], [ -7.029317911152771, 41.127401855818277 ], [ -7.029380968314374, 41.127369502827356 ], [ -7.029641728479901, 41.127264760932476 ], [ -7.029920824870069, 41.127202416581781 ], [ -7.029736985993075, 41.126688322667633 ], [ -7.02969112331796, 41.126582179353036 ], [ -7.029640366284425, 41.126434473427537 ], [ -7.029527890946946, 41.126238731232029 ], [ -7.029497156929986, 41.1261897231131 ], [ -7.029337204420997, 41.125942291904252 ], [ -7.029273680373026, 41.125796179673777 ], [ -7.029259777079096, 41.125694477155626 ], [ -7.029239618384969, 41.125589659561577 ], [ -7.029148874503401, 41.12534117416179 ], [ -7.029113180087537, 41.125182634398797 ], [ -7.029148972845086, 41.124979303977625 ], [ -7.029217981857233, 41.124832834697848 ], [ -7.029306728656806, 41.124731217194864 ], [ -7.029354796214272, 41.124683862712487 ], [ -7.029544237599076, 41.124485066601778 ], [ -7.029584780351906, 41.124438987862248 ], [ -7.029693020237363, 41.124196912792982 ], [ -7.029792679196016, 41.124047858082214 ], [ -7.02995477462029, 41.123896154301853 ], [ -7.030205895278581, 41.123704426251294 ], [ -7.030426803660838, 41.123510425714535 ], [ -7.030526331805254, 41.123369022673273 ], [ -7.030588878925013, 41.123274177558699 ], [ -7.031254240622864, 41.1222202938539 ], [ -7.031319013218386, 41.122127810701244 ], [ -7.031433759731584, 41.122030399319719 ], [ -7.031701765796505, 41.121867554648915 ], [ -7.031898737514819, 41.121723385777109 ], [ -7.032059031012138, 41.121572204672376 ], [ -7.032247956957029, 41.121445965823092 ], [ -7.03251505840167, 41.121272931316845 ], [ -7.032634974927194, 41.12117953356735 ], [ -7.032761971614971, 41.121032713760854 ], [ -7.032852001335971, 41.120788842628215 ], [ -7.032858874494366, 41.120733712413006 ], [ -7.032827883687271, 41.120542887134206 ], [ -7.032750217541396, 41.120337662165028 ], [ -7.032720952968689, 41.120285882089327 ], [ -7.032620902287824, 41.120145093497641 ], [ -7.032577371924603, 41.120099385509107 ], [ -7.032526036537421, 41.120078911095575 ], [ -7.032180124566513, 41.118152148315367 ], [ -7.030692042443429, 41.114237887522975 ], [ -7.03067310803555, 41.114188458600836 ], [ -7.0307395846414, 41.114199987167396 ], [ -7.031098322073053, 41.114263377719581 ], [ -7.031141291432812, 41.114271083088539 ], [ -7.032101773101394, 41.114440072991691 ], [ -7.032679300416875, 41.114541832030042 ], [ -7.033067669097164, 41.114412995400876 ], [ -7.033132290038323, 41.114379034413631 ], [ -7.033316868919153, 41.114241231170773 ], [ -7.033429857577937, 41.114048173223047 ], [ -7.033478740233801, 41.113900885839328 ], [ -7.033548540671637, 41.11371282074024 ], [ -7.033608194992662, 41.113612633684127 ], [ -7.033687449801659, 41.113521997155686 ], [ -7.033752422213592, 41.113487949123794 ], [ -7.033814272457117, 41.113484397403184 ], [ -7.034071684390175, 41.113505127566071 ], [ -7.034394133292078, 41.113559971399788 ], [ -7.03445620010918, 41.113586132659393 ], [ -7.03451455164321, 41.113635402028365 ], [ -7.034541577022082, 41.113685722372317 ], [ -7.034574846789539, 41.11383289232797 ], [ -7.034689710813224, 41.113977513235191 ], [ -7.034753093148179, 41.114010709276833 ], [ -7.034820276086132, 41.114022966164406 ], [ -7.034950376498658, 41.114024743098739 ], [ -7.035150632650381, 41.113952906362265 ], [ -7.035282255083342, 41.113870328690268 ], [ -7.035457969194454, 41.113727934490463 ], [ -7.035546975714615, 41.113630812903232 ], [ -7.035681978631758, 41.113430406091126 ], [ -7.03570415226359, 41.113235587472332 ], [ -7.035691267139095, 41.113187021960776 ], [ -7.03546255279696, 41.113001163826077 ], [ -7.035431723717577, 41.112950807447767 ], [ -7.035436664216429, 41.112854059930847 ], [ -7.035490428469181, 41.1127566034613 ], [ -7.035684415910329, 41.112632123123689 ], [ -7.035945338273062, 41.112534743401824 ], [ -7.036131955914931, 41.11252382372836 ], [ -7.036334183846127, 41.112555551451415 ], [ -7.036464489863206, 41.11261648283223 ], [ -7.036593151805647, 41.112711979172346 ], [ -7.036720837119598, 41.112866264612165 ], [ -7.036764618982332, 41.112961221226264 ], [ -7.036792061489995, 41.113101049791318 ], [ -7.03697474280153, 41.113348958465615 ], [ -7.037065348537318, 41.113449129125293 ], [ -7.037184235806756, 41.113545705951275 ], [ -7.037580932435819, 41.113768092896457 ], [ -7.037899468054571, 41.113901042838329 ], [ -7.038216731707857, 41.114081885022578 ], [ -7.038845130802852, 41.114419019750159 ], [ -7.039166182866734, 41.114601606107982 ], [ -7.039335364274971, 41.114745564038053 ], [ -7.03939734060016, 41.114842130361005 ], [ -7.039406472872387, 41.114987999156632 ], [ -7.039387836801093, 41.115035093531972 ], [ -7.039152862878188, 41.115226094075481 ], [ -7.039016754184727, 41.115313675019159 ], [ -7.038943345297874, 41.115411213943261 ], [ -7.038943920600852, 41.115505764717305 ], [ -7.038974829495386, 41.115551617888499 ], [ -7.039036798082984, 41.115583988667112 ], [ -7.039297472556726, 41.115638504917726 ], [ -7.039640243261008, 41.115674709103267 ], [ -7.039899144918685, 41.115677970399027 ], [ -7.039972197506565, 41.115673888687951 ], [ -7.040112419311195, 41.115654415819542 ], [ -7.040625561594172, 41.115532676671108 ], [ -7.041021238267239, 41.115472582093588 ], [ -7.041141999191873, 41.115484979437284 ], [ -7.041267901944733, 41.115517954133161 ], [ -7.041530288087567, 41.115627139037045 ], [ -7.04163442498749, 41.115723111378855 ], [ -7.041880962412312, 41.115905800822816 ], [ -7.04243993485612, 41.116418732162735 ], [ -7.042637183487109, 41.116528918579775 ], [ -7.042907751697176, 41.116590272596071 ], [ -7.043112079713759, 41.116611018655618 ], [ -7.043780452729112, 41.116628045958343 ], [ -7.044459340064599, 41.116657500039416 ], [ -7.044593341291452, 41.116654260590686 ], [ -7.044730676414221, 41.116629174906599 ], [ -7.044847059536722, 41.11654608126991 ], [ -7.044922953523465, 41.116449014966378 ], [ -7.044924976679288, 41.116398609486552 ], [ -7.044902381097883, 41.116346622616817 ], [ -7.04482999290741, 41.116245004062698 ], [ -7.044804909202594, 41.11614175869385 ], [ -7.044833763111069, 41.116088546148362 ], [ -7.044936614332745, 41.115988761290922 ], [ -7.045131641558267, 41.115865713780636 ], [ -7.045268821989871, 41.115828107401946 ], [ -7.045531647769032, 41.115824728161762 ], [ -7.045669643520703, 41.115860337907357 ], [ -7.045763670503878, 41.11595657486653 ], [ -7.045832945176659, 41.116109489375276 ], [ -7.045908966428004, 41.116467307462578 ], [ -7.045969097650336, 41.116676589409963 ], [ -7.046126150313215, 41.116972867232199 ], [ -7.046248617462566, 41.117170759765635 ], [ -7.046365285735497, 41.117316462069375 ], [ -7.046501325206534, 41.117457038981243 ], [ -7.046622510955616, 41.117559477790586 ], [ -7.046745963267759, 41.11762564630007 ], [ -7.047130443800318, 41.117733083943179 ], [ -7.047467680253833, 41.117752013713393 ], [ -7.047801259222631, 41.117739936189814 ], [ -7.048013328344533, 41.117717436150578 ], [ -7.048482392138252, 41.117633513915159 ], [ -7.048886939772974, 41.117512156164182 ], [ -7.049152066084271, 41.117456120087475 ], [ -7.049596241882641, 41.117437508114477 ], [ -7.049670268411635, 41.1174393758115 ], [ -7.049784765539961, 41.117442160707789 ], [ -7.050445918712674, 41.117471684680787 ], [ -7.050713071774094, 41.117495261457918 ], [ -7.050976191270967, 41.117568410338549 ], [ -7.051109597262591, 41.117630436596748 ], [ -7.051439348973173, 41.117779308237012 ], [ -7.051643521526945, 41.1178318226507 ], [ -7.05170750027622, 41.117829358220568 ], [ -7.051773130712176, 41.11779873231842 ], [ -7.051807449708821, 41.117753131979285 ], [ -7.051804653787499, 41.117560688011572 ], [ -7.051807770903641, 41.117413858252085 ], [ -7.051857800619111, 41.117310779177863 ], [ -7.051914402283096, 41.117264306537827 ], [ -7.051983689764482, 41.11723541933528 ], [ -7.052109569603568, 41.117226425859975 ], [ -7.052236514649421, 41.117247066165525 ], [ -7.052377619904578, 41.117311416058726 ], [ -7.052500738338503, 41.117405671190973 ], [ -7.052627464253322, 41.117548673822299 ], [ -7.052871527711976, 41.117913641473976 ], [ -7.05305972621492, 41.118214794097455 ], [ -7.053151409649247, 41.118411129203665 ], [ -7.05326936876421, 41.118660746357357 ], [ -7.053282736042473, 41.118818985044143 ], [ -7.053262238872044, 41.118914416030684 ], [ -7.053192701997155, 41.119111049555229 ], [ -7.053154723447113, 41.119161929385712 ], [ -7.05297191937151, 41.119302301318122 ], [ -7.052833645946405, 41.119362598150552 ], [ -7.05262285278625, 41.119372776019709 ], [ -7.052152754184865, 41.119337401131197 ], [ -7.051959413241379, 41.119328838070615 ], [ -7.051810341963391, 41.119343199904996 ], [ -7.0514767335155, 41.119451184674389 ], [ -7.051342603106352, 41.119527366953022 ], [ -7.051239588547981, 41.119615809722809 ], [ -7.051099681356783, 41.11991361344802 ], [ -7.051023587127662, 41.120154304729702 ], [ -7.05083959245304, 41.120395690375169 ], [ -7.050640135898836, 41.120694560172382 ], [ -7.05056936987251, 41.120900181099536 ], [ -7.050425651673732, 41.121357414742874 ], [ -7.050406327900427, 41.121402883645075 ], [ -7.050248602177929, 41.121763191754482 ], [ -7.050182255920451, 41.121859092452262 ], [ -7.050125216717449, 41.121910059487178 ], [ -7.049997115733791, 41.121988545186696 ], [ -7.049936549174109, 41.122007876835482 ], [ -7.049464151736017, 41.122060886296303 ], [ -7.049197216626323, 41.122095476822331 ], [ -7.048928295394049, 41.12220073028918 ], [ -7.048815584439136, 41.12229169709655 ], [ -7.048679414079764, 41.122578548620396 ], [ -7.048631148635276, 41.122776999321729 ], [ -7.048621305722603, 41.12287595040106 ], [ -7.048648430835474, 41.122927888198724 ], [ -7.048770781261532, 41.123018537425651 ], [ -7.048894754349155, 41.123061120149657 ], [ -7.049091231832412, 41.123082327409932 ], [ -7.049422224566174, 41.123098939910953 ], [ -7.04961923158096, 41.123131768500166 ], [ -7.049749489729522, 41.123175757353032 ], [ -7.049868239199217, 41.123239091458579 ], [ -7.050004275135596, 41.123388308171329 ], [ -7.050065931509939, 41.123484328123546 ], [ -7.050124660182958, 41.12362777276585 ], [ -7.050246138057421, 41.123909751927272 ], [ -7.050270975577487, 41.124006780783795 ], [ -7.05032817854498, 41.124105823762704 ], [ -7.050485075622182, 41.124246228156736 ], [ -7.050670300285959, 41.124344488644049 ], [ -7.050869803937656, 41.124406595974754 ], [ -7.05093239623947, 41.12442375177455 ], [ -7.051383582260804, 41.124525137848607 ], [ -7.051590409966998, 41.12454760499525 ], [ -7.051853789275407, 41.124577896019382 ], [ -7.052038241659571, 41.124563054946037 ], [ -7.052167089195994, 41.124490249383676 ], [ -7.052206950622431, 41.12444082647805 ], [ -7.052312428229456, 41.124202306569018 ], [ -7.052502277484535, 41.123967454899827 ], [ -7.052778819569242, 41.123534872858976 ], [ -7.052818146330637, 41.123475004319971 ], [ -7.05285942323524, 41.123426404831186 ], [ -7.053017835381833, 41.123278508385248 ], [ -7.053084337953618, 41.123238345478676 ], [ -7.053209808024974, 41.123211605079526 ], [ -7.053273203361802, 41.123223180916703 ], [ -7.053406084342472, 41.123362010103065 ], [ -7.053573319028544, 41.123554910892828 ], [ -7.053866210425677, 41.123848662815107 ], [ -7.053987530675896, 41.123936957563295 ], [ -7.054452909778524, 41.124124724135783 ], [ -7.05451428389297, 41.124150867205657 ], [ -7.055171331859198, 41.124406600100961 ], [ -7.055293345341295, 41.124460413788285 ], [ -7.055553658735785, 41.124627171681482 ], [ -7.055789827610797, 41.124814770361667 ], [ -7.056170351686525, 41.125146161402789 ], [ -7.056299293479083, 41.125293320732645 ], [ -7.056398076410162, 41.125391394244922 ], [ -7.056523034639312, 41.125483413853274 ], [ -7.056849284619433, 41.125653032481779 ], [ -7.056910720466945, 41.125697186895891 ], [ -7.057115011166908, 41.12589781396828 ], [ -7.057199720506381, 41.126048249938151 ], [ -7.057256949115667, 41.126190060665948 ], [ -7.05740602622656, 41.126673171470308 ], [ -7.057438306426126, 41.126774765879709 ], [ -7.057647658179032, 41.127168939022674 ], [ -7.057817934077439, 41.127520512721453 ], [ -7.057893985187756, 41.127676547188997 ], [ -7.057932075580506, 41.127779814637741 ], [ -7.057946345337582, 41.127934458415147 ], [ -7.058040308176073, 41.128175656174811 ], [ -7.058164382875002, 41.128461250114881 ], [ -7.058215229250508, 41.128651710878401 ], [ -7.058230379320082, 41.128752250171019 ], [ -7.058210665456399, 41.129158154596553 ], [ -7.058161892208771, 41.129410892625835 ], [ -7.05815406266042, 41.129665190464287 ], [ -7.058143983209868, 41.130006173386775 ], [ -7.058085950976328, 41.130147086233833 ], [ -7.057992296410508, 41.130340614962137 ], [ -7.057662689484221, 41.130630988203002 ], [ -7.057646296145355, 41.130679817174325 ], [ -7.057667860075256, 41.130774292621581 ], [ -7.057824703362777, 41.13110296365646 ], [ -7.057919598298405, 41.131242598972079 ], [ -7.058104937999606, 41.131379384782427 ], [ -7.058231609556131, 41.131418562842704 ], [ -7.058360605961976, 41.131424537808876 ], [ -7.058558604252598, 41.131398200012391 ], [ -7.058683234324339, 41.131335521779455 ], [ -7.058867175914692, 41.131214507193711 ], [ -7.058996749879429, 41.131162858063284 ], [ -7.059255210015311, 41.131036412119684 ], [ -7.059633491944579, 41.130893615910772 ], [ -7.059967778582029, 41.130790923054889 ], [ -7.060276142269406, 41.130736974324222 ], [ -7.060534084227817, 41.130729827415401 ], [ -7.060793307033815, 41.130760959766882 ], [ -7.060922323800703, 41.130795023401269 ], [ -7.061249160543971, 41.130901334453057 ], [ -7.061437584541722, 41.130899753339946 ], [ -7.061568519791096, 41.130852255008598 ], [ -7.061759396456906, 41.130736436290341 ], [ -7.061809271314287, 41.130686564781598 ], [ -7.061894258139932, 41.130542116243603 ], [ -7.061896551119673, 41.130400864117917 ], [ -7.061906292081586, 41.130350891260754 ], [ -7.062036170616825, 41.130148691023031 ], [ -7.062273114653986, 41.129901565370339 ], [ -7.06239282347939, 41.129819119004054 ], [ -7.062519637439595, 41.129753844758987 ], [ -7.06264859056026, 41.129740182617461 ], [ -7.062714260835198, 41.129751418742231 ], [ -7.062849569752843, 41.129808677726928 ], [ -7.062883444138372, 41.129856896691436 ], [ -7.06291534541943, 41.129997293296114 ], [ -7.062968857601833, 41.130045874763667 ], [ -7.06316430154867, 41.130161945707179 ], [ -7.063334638208556, 41.13030642286413 ], [ -7.063418514503335, 41.130458108861312 ], [ -7.06353524837145, 41.130603527711664 ], [ -7.063598251306687, 41.130801569754446 ], [ -7.063711269190616, 41.130948393693245 ], [ -7.063909523925109, 41.13113400380854 ], [ -7.064090437970791, 41.13127236420565 ], [ -7.064340452879335, 41.131438734688395 ], [ -7.064400986587549, 41.131532216223384 ], [ -7.06446757751803, 41.131722190866334 ], [ -7.064509824060215, 41.131915182047742 ], [ -7.06448480009115, 41.132107186286426 ], [ -7.06440327209733, 41.132199805424499 ], [ -7.064265680658831, 41.132349620419099 ], [ -7.064177721268773, 41.132545007838303 ], [ -7.064203708818437, 41.13269039061575 ], [ -7.064229290418448, 41.132735920092593 ], [ -7.064292974076981, 41.132782069633585 ], [ -7.064801576263345, 41.132953716813638 ], [ -7.065185366970814, 41.133103225773269 ], [ -7.065390730336311, 41.133159419519288 ], [ -7.065456976349814, 41.133179750075428 ], [ -7.065652518835051, 41.133260975884703 ], [ -7.065844250132331, 41.133372147379568 ], [ -7.065972979813209, 41.133424034647156 ], [ -7.066101617572187, 41.133452503662134 ], [ -7.066499822707306, 41.133455012020704 ], [ -7.066765639715036, 41.133403445992123 ], [ -7.067216342873006, 41.133252825960938 ], [ -7.06740488694348, 41.133125987595683 ], [ -7.067531952458374, 41.132978954632406 ], [ -7.067505984618707, 41.132676984074365 ], [ -7.067469524263887, 41.13262658424479 ], [ -7.067299581014209, 41.132434580902753 ], [ -7.067172600852323, 41.13237001625847 ], [ -7.067147259535498, 41.132324313168056 ], [ -7.067146959383843, 41.132276497106162 ], [ -7.067176424616939, 41.132177724301158 ], [ -7.067252133193655, 41.132076586278522 ], [ -7.067267088513563, 41.132027744426381 ], [ -7.067250309435696, 41.131658416307907 ], [ -7.067254811087905, 41.131541945200652 ], [ -7.067270115321505, 41.131287449358567 ], [ -7.067311879520081, 41.131186541947038 ], [ -7.067420456835495, 41.131033662627637 ], [ -7.067559048963619, 41.130887994097925 ], [ -7.067615648651145, 41.130790100646728 ], [ -7.067674546986077, 41.130535107520352 ], [ -7.06772859385189, 41.130322030941343 ], [ -7.06778276789109, 41.130167838594268 ], [ -7.067792338203276, 41.130010352369787 ], [ -7.067787530465136, 41.129917387065547 ], [ -7.067744204840325, 41.129768417650851 ], [ -7.067745873573248, 41.129620584698806 ], [ -7.067767493829451, 41.129520838714924 ], [ -7.067835336551908, 41.129427191049928 ], [ -7.067998487022995, 41.129279317908718 ], [ -7.068244951817589, 41.129038210676022 ], [ -7.06853154577948, 41.128805040019209 ], [ -7.068865792052391, 41.128688005941612 ], [ -7.069133883708408, 41.128560455224367 ], [ -7.06933427215799, 41.128481265243103 ], [ -7.069548105011539, 41.128372936220494 ], [ -7.069672832599723, 41.128326004304448 ], [ -7.069864108458295, 41.128279863006298 ], [ -7.070186809108529, 41.128273289456665 ], [ -7.070457993939804, 41.128308470485457 ], [ -7.070865465917205, 41.128399380572866 ], [ -7.07118084177234, 41.128478277711473 ], [ -7.071515172297198, 41.12854105102906 ], [ -7.07170496706867, 41.128557654258422 ], [ -7.071772028888258, 41.128548998710542 ], [ -7.07183886787584, 41.128509904995973 ], [ -7.071917000060929, 41.128420307943735 ], [ -7.071999726854202, 41.128274211139527 ], [ -7.072056142656156, 41.128120581200328 ], [ -7.072123309192069, 41.12801684090639 ], [ -7.072445203033106, 41.127786319437 ], [ -7.072799909201126, 41.127596259726538 ], [ -7.073001927949749, 41.127511136447247 ], [ -7.073142366092959, 41.127479198705913 ], [ -7.073542953235194, 41.127397970633602 ], [ -7.073806489490079, 41.127389944084193 ], [ -7.074144587159068, 41.127425911820872 ], [ -7.074495495619344, 41.127494141382243 ], [ -7.074774540680518, 41.127543971328471 ], [ -7.07509548057793, 41.127558168496194 ], [ -7.075165372767747, 41.1275439516414 ], [ -7.07523097495232, 41.127515018458531 ], [ -7.07527884806163, 41.127470435162472 ], [ -7.075327340976068, 41.12737183578254 ], [ -7.075343158413449, 41.127269242806868 ], [ -7.075297638233043, 41.127070737227335 ], [ -7.075258086187564, 41.126908296135163 ], [ -7.075273556507907, 41.126760142186342 ], [ -7.075319323181207, 41.126713290266487 ], [ -7.075533206786345, 41.126623225498975 ], [ -7.075930382808608, 41.12645695605913 ], [ -7.076189338894332, 41.126296353088456 ], [ -7.076391268881949, 41.12622373618229 ], [ -7.076855999147422, 41.126136870208924 ], [ -7.077187202577333, 41.126000338410243 ], [ -7.077381071868082, 41.125947811742094 ], [ -7.077514036749844, 41.125943084769439 ], [ -7.07764748002969, 41.125953311748304 ], [ -7.077776656610771, 41.125999513699554 ], [ -7.077901943663093, 41.126095473264094 ], [ -7.077985173402308, 41.126200319127364 ], [ -7.078014744491019, 41.126302249527107 ], [ -7.078030009531166, 41.126509121931768 ], [ -7.078003086706749, 41.126755588492223 ], [ -7.077994374119111, 41.126808992903982 ], [ -7.077966603589384, 41.127011874817761 ], [ -7.07785815633842, 41.127300096301838 ], [ -7.077850934751377, 41.127490827918301 ], [ -7.077897197237605, 41.127792891505159 ], [ -7.078005637091073, 41.128272269439826 ], [ -7.077975615429652, 41.12842191661224 ], [ -7.077848661313918, 41.128564011802474 ], [ -7.077717388369096, 41.128656185672476 ], [ -7.077161899194285, 41.129204499084487 ], [ -7.076796052630488, 41.12974112723149 ], [ -7.076734754273608, 41.130155928103576 ], [ -7.07694600721563, 41.130676952329473 ], [ -7.077462673697807, 41.130993220036785 ], [ -7.078459952307269, 41.130462356567243 ], [ -7.079315592321247, 41.130179518374646 ], [ -7.080331736900374, 41.130188790858952 ], [ -7.081093949266569, 41.130611012164621 ], [ -7.081550221239882, 41.131258691206192 ], [ -7.082480439023394, 41.131474800416989 ], [ -7.083472730986279, 41.131255395043254 ], [ -7.084057074330188, 41.130762683734936 ], [ -7.085552272022114, 41.130129675804135 ], [ -7.08560869114415, 41.130191595887624 ], [ -7.085667650664157, 41.130250662192886 ], [ -7.085908626359293, 41.130472007891775 ], [ -7.086231610835434, 41.130733806153735 ], [ -7.086914526097041, 41.131240808466664 ], [ -7.087126773041835, 41.131396699189814 ], [ -7.087681809211293, 41.131737582780872 ], [ -7.087925747109759, 41.131870081229991 ], [ -7.088550284414185, 41.13214666807243 ], [ -7.089339594703082, 41.132434377413716 ], [ -7.089712512290691, 41.132575062217271 ], [ -7.090075943887457, 41.132750598109844 ], [ -7.09031173544112, 41.132856813650584 ], [ -7.090935015216504, 41.133093759402428 ], [ -7.091696270112796, 41.133394617769056 ], [ -7.092115622535332, 41.13352896233031 ], [ -7.092381232557654, 41.133632649998127 ], [ -7.09262440228958, 41.133717050807235 ], [ -7.093194628720554, 41.133950894786324 ], [ -7.093267648556754, 41.133965056706728 ], [ -7.094044140658301, 41.134214620301087 ], [ -7.094445625740962, 41.134342313974685 ], [ -7.094922028318295, 41.134461941095324 ], [ -7.09583773195385, 41.134705721224016 ], [ -7.096733164593472, 41.134996586573493 ], [ -7.097608029703636, 41.135187577926729 ], [ -7.098555305964152, 41.135370572561101 ], [ -7.099419718823799, 41.135545164951139 ], [ -7.099521008235868, 41.135564351534164 ], [ -7.100501223836908, 41.135713767158464 ], [ -7.100877450992048, 41.13576692446712 ], [ -7.101491645899468, 41.135827610031427 ], [ -7.102493355342825, 41.13590489999433 ], [ -7.103496238532287, 41.135983902543543 ], [ -7.104457577458665, 41.136015885295691 ], [ -7.105439918488996, 41.136052725093798 ], [ -7.106419170933282, 41.136096916052558 ], [ -7.107344679952643, 41.136120091378984 ], [ -7.107885258884797, 41.136128043765027 ], [ -7.108265518674947, 41.136113956684902 ], [ -7.109188797316841, 41.136051016046999 ], [ -7.110087991581842, 41.135973720170476 ], [ -7.110967066566473, 41.135857697944068 ], [ -7.111819193575107, 41.135697224718399 ], [ -7.112642781940597, 41.135549187412053 ], [ -7.113380788639535, 41.135335648008194 ], [ -7.113662617032079, 41.135255475651746 ], [ -7.114138611791363, 41.135134430359798 ], [ -7.114329729943819, 41.135097852859431 ], [ -7.114610260942034, 41.135086552659445 ], [ -7.115207166389259, 41.135040672268744 ], [ -7.115275736987594, 41.135034791540988 ], [ -7.116081974258845, 41.13497553715662 ], [ -7.116423795172021, 41.134967026515341 ], [ -7.116991400040936, 41.134921327564761 ], [ -7.117906288360722, 41.134828893647573 ], [ -7.118275806128913, 41.134784872102578 ], [ -7.118793054425586, 41.134698565333998 ], [ -7.119686503945065, 41.134559282045792 ], [ -7.120115765755591, 41.134502274740385 ], [ -7.1205292072847, 41.134428462631291 ], [ -7.120872732632301, 41.13437835420001 ], [ -7.121786503239344, 41.134303343301461 ], [ -7.122354669024402, 41.13430607099059 ], [ -7.122796652552505, 41.134312460569873 ], [ -7.123264060971234, 41.13433825036816 ], [ -7.124130953465162, 41.13440849749319 ], [ -7.124527202139688, 41.13443816456067 ], [ -7.124909227715143, 41.134502819592747 ], [ -7.125533244421296, 41.134583453241369 ], [ -7.125746395685908, 41.134640146074844 ], [ -7.125914724370344, 41.134652599584832 ], [ -7.126359776225266, 41.134754714638916 ], [ -7.126794190624473, 41.134921657378214 ], [ -7.127274936383543, 41.135143387728377 ], [ -7.127697078718529, 41.135405038093104 ], [ -7.127874230588021, 41.135526516087765 ], [ -7.128400298096063, 41.13595591200373 ], [ -7.128480449760754, 41.136018557501586 ], [ -7.128632838125291, 41.136155485713253 ], [ -7.128868210401186, 41.136434948489061 ], [ -7.129061731185491, 41.136709910341139 ], [ -7.129242718805613, 41.136971163542476 ], [ -7.129421292127638, 41.137148298588166 ], [ -7.129487966024858, 41.137188852913198 ], [ -7.129614977826232, 41.137232457648729 ], [ -7.13002655911307, 41.137532271822764 ], [ -7.130136663787112, 41.137638215419287 ], [ -7.130172587082567, 41.137696242628969 ], [ -7.130193907445495, 41.137758561961327 ], [ -7.130237961370746, 41.138190598459182 ], [ -7.130317945210201, 41.138515083332756 ], [ -7.130470809405971, 41.139013352074237 ], [ -7.130534437496143, 41.139356602371684 ], [ -7.130563957510591, 41.139765106543742 ], [ -7.130511315496487, 41.140164790862279 ], [ -7.13042718592096, 41.14058275244912 ], [ -7.130400679691227, 41.140978976030731 ], [ -7.130351522143144, 41.141298106298706 ], [ -7.130223281351862, 41.141781507220976 ], [ -7.130044104624543, 41.142230516679298 ], [ -7.12986747114826, 41.142535392142676 ], [ -7.129608966699157, 41.142843425000429 ], [ -7.129185017025296, 41.14328382446034 ], [ -7.128436622554884, 41.14402843955105 ], [ -7.12818182907173, 41.144310482864405 ], [ -7.12796312788486, 41.144498742849507 ], [ -7.127784796033637, 41.144617033597974 ], [ -7.127695523007644, 41.144675688552887 ], [ -7.12751854370639, 41.144783273866366 ], [ -7.127329888566523, 41.144875632565267 ], [ -7.126732663032161, 41.145078065126263 ], [ -7.1263157157719, 41.145159159282372 ], [ -7.125684074112653, 41.145204250183667 ], [ -7.12528006092496, 41.145233679450108 ], [ -7.124732827022019, 41.145313358598678 ], [ -7.123719684184212, 41.14550448362764 ], [ -7.122934032448306, 41.14566581197365 ], [ -7.122700767959726, 41.145715000885232 ], [ -7.122639878987455, 41.145724012115267 ], [ -7.122249862102163, 41.145819375240947 ], [ -7.12179187025894, 41.145950693756369 ], [ -7.121583079896802, 41.145996407149845 ], [ -7.120922425532719, 41.146184563315948 ], [ -7.120262445234863, 41.146375966721678 ], [ -7.11986549583264, 41.14651123589146 ], [ -7.119598973913158, 41.146630993603502 ], [ -7.119265754445225, 41.146758084650187 ], [ -7.118929066007197, 41.14690945735957 ], [ -7.118868298882528, 41.146941607589795 ], [ -7.118272217185842, 41.147236835982213 ], [ -7.118078514128436, 41.147346333001835 ], [ -7.117888115957596, 41.147488728697503 ], [ -7.117621014647149, 41.147645931504101 ], [ -7.117369051005481, 41.147809929391734 ], [ -7.117164122560951, 41.14792103666251 ], [ -7.116975210050326, 41.148051916737934 ], [ -7.116607472955368, 41.148338701231872 ], [ -7.116389802063787, 41.148549548640275 ], [ -7.11635003042466, 41.14859530272502 ], [ -7.116100809277287, 41.148897896784497 ], [ -7.115939132328776, 41.149046299178565 ], [ -7.115685282006073, 41.149239633977473 ], [ -7.115552877098274, 41.149398018921829 ], [ -7.115457551535219, 41.149546284633267 ], [ -7.115367022926118, 41.149669652791665 ], [ -7.11508377001037, 41.15005433506068 ], [ -7.11479723139026, 41.150558830835962 ], [ -7.114666142485814, 41.150824376397388 ], [ -7.114617224708016, 41.151076059809355 ], [ -7.11461614180959, 41.15112332051136 ], [ -7.114520473339852, 41.151578803128061 ], [ -7.114479714129154, 41.151780497020503 ], [ -7.114387016720678, 41.152074566676156 ], [ -7.114292621107159, 41.152571206786895 ], [ -7.114246734841078, 41.152888738396058 ], [ -7.114243544075458, 41.153095266573992 ], [ -7.114192637863997, 41.153614534281786 ], [ -7.11417438924951, 41.153715938437941 ] ] ] } },
{ "type": "Feature", "properties": { "dtmnfr": "040903", "freguesia": "Cabeça Boa", "municipio": "Torre de Moncorvo", "distrito_i": "Bragança", "nuts3_cod": "11D", "nuts3": "Douro", "nuts2": "Norte", "nuts1": "Continente", "area_ha": 2637.19, "perimetro_": 25, "designacao": "Cabeça Boa" }, "geometry": { "type": "Polygon", "coordinates": [ [ [ -7.112854512962283, 41.176105393367372 ], [ -7.112884174289594, 41.176159950353217 ], [ -7.113185163576848, 41.176516561078593 ], [ -7.11356239773874, 41.176851605714425 ], [ -7.113760927202929, 41.177091154082156 ], [ -7.113949610702659, 41.177320174641999 ], [ -7.114071867239484, 41.17743659532573 ], [ -7.114439343151823, 41.177678987003233 ], [ -7.114875351036984, 41.177952146492842 ], [ -7.115401122935484, 41.178215921984169 ], [ -7.116000319515522, 41.178533554565163 ], [ -7.116363561091811, 41.178765548808549 ], [ -7.116457977668066, 41.178825178613913 ], [ -7.116883488735484, 41.179030349133711 ], [ -7.117357261596345, 41.17921279764996 ], [ -7.117698925275191, 41.179306202466094 ], [ -7.118005821117989, 41.179351675000376 ], [ -7.118248257906331, 41.17934966522013 ], [ -7.118479552554954, 41.179328288755954 ], [ -7.119238849546625, 41.179210614726507 ], [ -7.119575749693428, 41.179172784068733 ], [ -7.120126486378552, 41.179078037188965 ], [ -7.121039472056403, 41.178870218852126 ], [ -7.121489283721188, 41.178727571328537 ], [ -7.121869791728818, 41.178565684809655 ], [ -7.122354859515033, 41.178307730849561 ], [ -7.122815558661895, 41.178037411732085 ], [ -7.12372256898433, 41.177642505726375 ], [ -7.124327069762271, 41.177397659275321 ], [ -7.124641829302915, 41.177240586493568 ], [ -7.12489036464864, 41.17708851479766 ], [ -7.125226025705628, 41.17675667505263 ], [ -7.125656424807994, 41.176229734111665 ], [ -7.125782968612412, 41.176012489842748 ], [ -7.125942724162456, 41.175672899045139 ], [ -7.126194701116954, 41.175147275933263 ], [ -7.126440735413748, 41.174791511733375 ], [ -7.126534783635388, 41.174626028457141 ], [ -7.12664574362685, 41.174359660650751 ], [ -7.12672044803353, 41.174079836122807 ], [ -7.126852378797625, 41.173532817398048 ], [ -7.126940278535051, 41.172997122833905 ], [ -7.127003447110587, 41.172715122706116 ], [ -7.127090401427794, 41.172460163650697 ], [ -7.127246115470274, 41.171915873223128 ], [ -7.127347376048377, 41.171355172314591 ], [ -7.127401067274143, 41.170764970576549 ], [ -7.12745830118373, 41.170239448806626 ], [ -7.127466514218607, 41.170185497234272 ], [ -7.1275900914513, 41.169630298760985 ], [ -7.127690054436226, 41.169107493598759 ], [ -7.127760898778376, 41.168634854851916 ], [ -7.127839430868905, 41.168126538311228 ], [ -7.127912148635898, 41.167874513771729 ], [ -7.128000568837789, 41.167670711260286 ], [ -7.128039563124446, 41.167528157834255 ], [ -7.128069956526025, 41.167167985504854 ], [ -7.128076917205158, 41.166961224590587 ], [ -7.128176964023204, 41.16662804315736 ], [ -7.128173727457876, 41.166426325628812 ], [ -7.128193991656141, 41.166316468570095 ], [ -7.128360981048935, 41.165788662007436 ], [ -7.128472565817373, 41.165628642302856 ], [ -7.128719030195437, 41.165140151832567 ], [ -7.129132645535894, 41.164456647426633 ], [ -7.129299540907041, 41.164051835737865 ], [ -7.129367590552328, 41.163941222541084 ], [ -7.129416696584276, 41.163893297978142 ], [ -7.129484124290816, 41.163838960889215 ], [ -7.129959014987612, 41.163269705703883 ], [ -7.130229265825486, 41.162907747757814 ], [ -7.130532987963452, 41.162546262396432 ], [ -7.131138131025842, 41.161801384460681 ], [ -7.131722860528554, 41.161129438008516 ], [ -7.132227760717521, 41.160542427414413 ], [ -7.132417124959057, 41.160327430023962 ], [ -7.132620440179199, 41.16020592793533 ], [ -7.13278624323016, 41.160146046777712 ], [ -7.132885632585214, 41.160120704121383 ], [ -7.133804453541984, 41.159932013595451 ], [ -7.134778525842608, 41.15974514706798 ], [ -7.135773741265734, 41.159546113304991 ], [ -7.136714541927828, 41.159328863715494 ], [ -7.136946080172074, 41.160114222963237 ], [ -7.136946837790513, 41.160142949312352 ], [ -7.13698604737863, 41.160284202356358 ], [ -7.137049554927641, 41.160489052381344 ], [ -7.137007840586865, 41.160592511845181 ], [ -7.136905338357624, 41.160697428256938 ], [ -7.136820283129584, 41.160806993091541 ], [ -7.136804444106343, 41.160869613547192 ], [ -7.13678635116814, 41.161002539095577 ], [ -7.13665324204071, 41.161335713458072 ], [ -7.136624055492521, 41.161469081442696 ], [ -7.136618836782329, 41.161696392283893 ], [ -7.136672913287821, 41.161981206383984 ], [ -7.136691312794659, 41.162166848421009 ], [ -7.136739006176401, 41.162290797698674 ], [ -7.136956913391973, 41.162606921831774 ], [ -7.137254012184737, 41.162949388647789 ], [ -7.13741952062077, 41.163185196096855 ], [ -7.137479737873512, 41.163316276592518 ], [ -7.1375580353402, 41.163701605418666 ], [ -7.137622245627044, 41.16393914992549 ], [ -7.137711768290927, 41.164172856763251 ], [ -7.137851766140241, 41.16447317782837 ], [ -7.137946162084114, 41.164581770088603 ], [ -7.13811511171208, 41.164732067286941 ], [ -7.138246185431338, 41.164834132064911 ], [ -7.138393594622023, 41.164982798513691 ], [ -7.138633347614481, 41.165234192318877 ], [ -7.138779330832658, 41.165327470170318 ], [ -7.139069322155205, 41.165479074703853 ], [ -7.139198028936804, 41.165588232177569 ], [ -7.139298031694159, 41.165712092390933 ], [ -7.139367663955186, 41.165843519623358 ], [ -7.139492280771213, 41.166192329464032 ], [ -7.13956538374311, 41.166306951373706 ], [ -7.139758788470841, 41.166518772939526 ], [ -7.139874754684718, 41.166706603732358 ], [ -7.139929114900401, 41.166855373338358 ], [ -7.140036948173661, 41.167385557786012 ], [ -7.140083428300249, 41.167511205030884 ], [ -7.140205048246131, 41.167672075245584 ], [ -7.140305026423074, 41.16778242355597 ], [ -7.1404208343844, 41.167877965765463 ], [ -7.140645117868031, 41.168042237903144 ], [ -7.140662441948597, 41.168054724726517 ], [ -7.141611398953041, 41.169108703917402 ], [ -7.145582150208238, 41.170751685469256 ], [ -7.145664334732408, 41.170937242479035 ], [ -7.145792403674745, 41.171185950161956 ], [ -7.146011126591385, 41.171428414133693 ], [ -7.146247293817058, 41.171620329991192 ], [ -7.146248089143413, 41.171670399179611 ], [ -7.146225722848797, 41.171715767808749 ], [ -7.146292036741597, 41.17191901574126 ], [ -7.146285976502618, 41.172021338703011 ], [ -7.146215914274069, 41.17217200957834 ], [ -7.146227530054002, 41.172223883177132 ], [ -7.146305604946071, 41.17232611936938 ], [ -7.146351080505469, 41.172424199006336 ], [ -7.146435205605782, 41.172576006359037 ], [ -7.146526721816264, 41.172679439852033 ], [ -7.146567657087955, 41.172778832934171 ], [ -7.146564093969876, 41.172921247707116 ], [ -7.146553706689714, 41.173121767446744 ], [ -7.146536423149406, 41.173225709558743 ], [ -7.146491035322695, 41.173423681110123 ], [ -7.146404662621979, 41.173716748551769 ], [ -7.146430114094247, 41.173911093178987 ], [ -7.146442633949181, 41.174117484456424 ], [ -7.146293352753848, 41.174266396117986 ], [ -7.146292992406535, 41.174362105683372 ], [ -7.146311964750502, 41.174416290633275 ], [ -7.146325406540347, 41.174465391254309 ], [ -7.146658822156623, 41.174331195751563 ], [ -7.147284076660277, 41.174133045946114 ], [ -7.147475515877528, 41.174081825403341 ], [ -7.147970084294893, 41.174080105132205 ], [ -7.148099530686999, 41.174062120746846 ], [ -7.14832051700206, 41.173978739140651 ], [ -7.14857159271972, 41.17379602626248 ], [ -7.148647617048272, 41.173772453080431 ], [ -7.148853843264727, 41.173775656363802 ], [ -7.149042564388224, 41.173778342336938 ], [ -7.149064241990194, 41.173779069610127 ], [ -7.149062377952837, 41.173824075502239 ], [ -7.149058471481951, 41.173862306302986 ], [ -7.149066185754728, 41.173968172272971 ], [ -7.14919166042046, 41.17396869953977 ], [ -7.149396622339235, 41.173984765233136 ], [ -7.149724746596603, 41.174084984566193 ], [ -7.150009946279244, 41.174106775697105 ], [ -7.1500859092517, 41.174102919304254 ], [ -7.150316015933919, 41.174055625742092 ], [ -7.150468710674716, 41.17398075055069 ], [ -7.150528951626439, 41.173936784747056 ], [ -7.155462879403094, 41.175603646656683 ], [ -7.15568187223215, 41.175606311303063 ], [ -7.155810526139658, 41.175617573325368 ], [ -7.156011560093277, 41.17569833490434 ], [ -7.156133523834293, 41.175735109886446 ], [ -7.156202771326273, 41.175734257519927 ], [ -7.156342914592904, 41.175702220742195 ], [ -7.156667066893773, 41.17559718578471 ], [ -7.156872155191818, 41.17557334531962 ], [ -7.157073805128224, 41.175588287884274 ], [ -7.157143686491742, 41.17562516515261 ], [ -7.157334096897786, 41.17576381684183 ], [ -7.157598952044417, 41.175864560897409 ], [ -7.15791724803911, 41.17604219878227 ], [ -7.157986396387995, 41.176080513603083 ], [ -7.158261906510868, 41.176185843937844 ], [ -7.158645537291853, 41.176257425085673 ], [ -7.15892766211882, 41.176366774338831 ], [ -7.159196802367208, 41.17652490941628 ], [ -7.159336441070243, 41.176583440513916 ], [ -7.159526005598171, 41.176658513691478 ], [ -7.159713445833384, 41.176772375731481 ], [ -7.159776385120811, 41.176795689154574 ], [ -7.159975062405671, 41.176858949484668 ], [ -7.160103763681621, 41.176947913215315 ], [ -7.160342682151792, 41.177151621569166 ], [ -7.160501271228102, 41.177355276854378 ], [ -7.160599721054067, 41.177451461620564 ], [ -7.160686073915392, 41.17755150420119 ], [ -7.160705866104, 41.177599304338713 ], [ -7.160711027430208, 41.177701721865795 ], [ -7.160625836572866, 41.177854075436684 ], [ -7.160571809347529, 41.178002098171554 ], [ -7.160504124008795, 41.178098588957219 ], [ -7.162008955722065, 41.17982824882332 ], [ -7.162300506647858, 41.179881936114448 ], [ -7.162399598044262, 41.179950841162302 ], [ -7.162413901408351, 41.179967257483611 ], [ -7.162491576033818, 41.180106667443667 ], [ -7.162602579111738, 41.18041094559274 ], [ -7.16259783323228, 41.180554970653475 ], [ -7.162669572057286, 41.180838843016538 ], [ -7.162580148179679, 41.181019614585495 ], [ -7.162592964119102, 41.181112014506311 ], [ -7.162630546572971, 41.181166266232765 ], [ -7.162821957384726, 41.181343725223371 ], [ -7.162863282828499, 41.181418622570632 ], [ -7.163031516852398, 41.181527009397122 ], [ -7.163123946627537, 41.181627911667448 ], [ -7.163196500820398, 41.181678403168746 ], [ -7.163286954086003, 41.181710946959377 ], [ -7.163750029831164, 41.182128123818366 ], [ -7.164083802756534, 41.182529087483864 ], [ -7.164144035864474, 41.182566509599802 ], [ -7.164227563885681, 41.182535335761429 ], [ -7.164349323113116, 41.182408680831699 ], [ -7.164605969140672, 41.182332856946346 ], [ -7.164680446487077, 41.182357703582881 ], [ -7.164888114105607, 41.182443274048254 ], [ -7.170087595127492, 41.18502619677119 ], [ -7.1713015042699, 41.187892502541942 ], [ -7.171021964048594, 41.189902494808138 ], [ -7.174128275040021, 41.190528558420851 ], [ -7.174288093555968, 41.190677552996554 ], [ -7.174339605288454, 41.190725251040064 ], [ -7.176993617658112, 41.193199978093844 ], [ -7.176978749518313, 41.193222094035853 ], [ -7.17681158106558, 41.193529366019639 ], [ -7.176569621235476, 41.193979278170694 ], [ -7.176497033003864, 41.194175862778501 ], [ -7.176363213769555, 41.194656743887634 ], [ -7.176340612121644, 41.194801250287114 ], [ -7.176330877492269, 41.19513477178284 ], [ -7.176323538874924, 41.195492354274009 ], [ -7.176370582320312, 41.195741165398033 ], [ -7.176391900858641, 41.195808330759071 ], [ -7.176591937572198, 41.196374185884608 ], [ -7.176718651669807, 41.196644994810889 ], [ -7.176766561530557, 41.196703651399233 ], [ -7.17685456361622, 41.196775599677103 ], [ -7.177251391427449, 41.19687514322522 ], [ -7.177516060966775, 41.196963950774318 ], [ -7.177714010570948, 41.19703366374047 ], [ -7.177842598576558, 41.197101716916464 ], [ -7.177956610453887, 41.197205396461136 ], [ -7.178058769121028, 41.197353638214608 ], [ -7.178242253116089, 41.197648331551768 ], [ -7.178424409604466, 41.197853600495797 ], [ -7.178747441836101, 41.198052647916384 ], [ -7.178872571198035, 41.198088349051261 ], [ -7.181212258364045, 41.199462059464786 ], [ -7.181364753954234, 41.199559301502596 ], [ -7.181532014529483, 41.199658285193777 ], [ -7.181709103775422, 41.199753475355742 ], [ -7.18179187262684, 41.19980061788403 ], [ -7.181933742030693, 41.199907314887653 ], [ -7.182068082886774, 41.200023767671652 ], [ -7.182206921612015, 41.200125931827458 ], [ -7.182413053676345, 41.200273948589249 ], [ -7.182550698851917, 41.200368455246362 ], [ -7.182745412761167, 41.200481530179118 ], [ -7.182866659666732, 41.200547176970169 ], [ -7.18298683980261, 41.200604170843086 ], [ -7.18310609431914, 41.200651074101799 ], [ -7.183311314814019, 41.20071380968357 ], [ -7.183504961985945, 41.20076888687499 ], [ -7.183647799324431, 41.200808868955768 ], [ -7.183779042527329, 41.200851276443586 ], [ -7.183904348042782, 41.20089984860666 ], [ -7.184000245453841, 41.200938096306658 ], [ -7.184133179659731, 41.2009704344756 ], [ -7.184244626577636, 41.200988723641956 ], [ -7.184403992704067, 41.201023533028412 ], [ -7.184505672082556, 41.201048856556298 ], [ -7.184685832384746, 41.20111363789448 ], [ -7.184842584670966, 41.201172640920859 ], [ -7.185001180617186, 41.201228238234819 ], [ -7.185096497031216, 41.201256843992546 ], [ -7.185261457837806, 41.201292322238643 ], [ -7.185392301160514, 41.201312758061817 ], [ -7.18559179412085, 41.201326550785858 ], [ -7.185734111808623, 41.201328257446697 ], [ -7.185699853124286, 41.201372997275065 ], [ -7.185674617132852, 41.201444825590968 ], [ -7.18561187728881, 41.201587831110984 ], [ -7.185549771586844, 41.201628921087575 ], [ -7.185468863508777, 41.201658963978545 ], [ -7.185373291900632, 41.201673031617808 ], [ -7.185265200903983, 41.201678357546591 ], [ -7.185149745280789, 41.201673721781077 ], [ -7.185032355776806, 41.201654477846205 ], [ -7.184921620342801, 41.201628266241201 ], [ -7.184707475308488, 41.201572484168778 ], [ -7.184557678145886, 41.201527132722319 ], [ -7.184371058197405, 41.201472381718951 ], [ -7.184229160990987, 41.201441052269793 ], [ -7.184138427569588, 41.201433645125412 ], [ -7.184048050971908, 41.20144271755192 ], [ -7.183951683986597, 41.201461915226815 ], [ -7.183814786742184, 41.201497342757463 ], [ -7.183627624201265, 41.201538574859889 ], [ -7.183548655935303, 41.201533422551194 ], [ -7.183458132721137, 41.201510976965984 ], [ -7.183370215461743, 41.201481619603612 ], [ -7.183227102759318, 41.201435693067253 ], [ -7.183077940239782, 41.201395929308951 ], [ -7.1829289211473, 41.201362828714444 ], [ -7.182799836900477, 41.201327728739777 ], [ -7.182684860309385, 41.201289957370456 ], [ -7.182543514538805, 41.201254217461248 ], [ -7.182431171871426, 41.201240325887078 ], [ -7.182311275470276, 41.201237894451296 ], [ -7.182122108523893, 41.201236069504226 ], [ -7.181924720039184, 41.201233360561048 ], [ -7.1818056048548, 41.201226709402242 ], [ -7.181696373280425, 41.201203564031815 ], [ -7.181621689405522, 41.201166123589452 ], [ -7.181583094422279, 41.201130867673065 ], [ -7.181509199778217, 41.201088663278313 ], [ -7.181369214002125, 41.20099944939426 ], [ -7.181294978156047, 41.200931034551608 ], [ -7.181235329625892, 41.200859589685457 ], [ -7.181160085933717, 41.200778475969436 ], [ -7.181053005878976, 41.200689532810792 ], [ -7.180997471846863, 41.200663500972659 ], [ -7.180898938684428, 41.20062613389824 ], [ -7.180775844725102, 41.200581445843348 ], [ -7.180635605473196, 41.200518160933157 ], [ -7.180446405732137, 41.20043637427586 ], [ -7.180347075542302, 41.20040485193568 ], [ -7.180151235297301, 41.200345067329501 ], [ -7.180009841089505, 41.200304191543857 ], [ -7.17990240996579, 41.200264497133169 ], [ -7.179830522610189, 41.200231491612399 ], [ -7.179726738495521, 41.200219645563202 ], [ -7.179618028070628, 41.200218748201628 ], [ -7.179510204956251, 41.200230556643938 ], [ -7.179427845318108, 41.200254091278666 ], [ -7.179365598255999, 41.200288153510968 ], [ -7.179271097817685, 41.200351573128302 ], [ -7.179190975570512, 41.200434468001312 ], [ -7.179098624656551, 41.200554991615107 ], [ -7.179007859710341, 41.200681374688507 ], [ -7.178955214994904, 41.200735868340146 ], [ -7.17887675950614, 41.200802117312818 ], [ -7.178846786237589, 41.200813758022782 ], [ -7.17877820161417, 41.200816251077939 ], [ -7.178713593472829, 41.200799419019717 ], [ -7.178646445193464, 41.200760328314445 ], [ -7.178557644973007, 41.20071844238921 ], [ -7.178465124142419, 41.200694356476589 ], [ -7.178392813184699, 41.200698800225418 ], [ -7.178317643646056, 41.200719877911062 ], [ -7.178257445759092, 41.200760442220592 ], [ -7.178203817054969, 41.200808440775361 ], [ -7.178129360890275, 41.200886878005335 ], [ -7.178059841394671, 41.200978594033259 ], [ -7.177997066528, 41.201065505516141 ], [ -7.177954867952809, 41.201147364324243 ], [ -7.177918265834905, 41.201237551555927 ], [ -7.177865156151777, 41.201324090222791 ], [ -7.177818206185799, 41.201379977604894 ], [ -7.177733268834951, 41.201458061097142 ], [ -7.177716277024909, 41.201470253112774 ], [ -7.177659441618537, 41.201459971540984 ], [ -7.177484629153452, 41.201437991526227 ], [ -7.177370578901195, 41.201418771998092 ], [ -7.177257233283876, 41.201384068363588 ], [ -7.177146719081906, 41.201342901531518 ], [ -7.176993952998181, 41.201272665952146 ], [ -7.176890429089121, 41.201218052485643 ], [ -7.176743370101207, 41.201156688032249 ], [ -7.176589926992668, 41.201050969935167 ], [ -7.176287701553783, 41.201002634345699 ], [ -7.169574202452223, 41.200438057543323 ], [ -7.168306122816748, 41.201275553765157 ], [ -7.168289641760301, 41.201301800539255 ], [ -7.168219282186673, 41.201400884244229 ], [ -7.1681603586145, 41.201557694783901 ], [ -7.168116554283838, 41.201650700734568 ], [ -7.168033598368867, 41.201746801036379 ], [ -7.167901293818663, 41.201826368433409 ], [ -7.167636629077567, 41.201956697130889 ], [ -7.167509920903031, 41.202036672959906 ], [ -7.16726297342257, 41.202218288403309 ], [ -7.167105242120313, 41.202356801554764 ], [ -7.167042611509546, 41.202384191705129 ], [ -7.166844907575985, 41.202451774838252 ], [ -7.16657863001024, 41.202496457213449 ], [ -7.166385452905068, 41.202564710540472 ], [ -7.166197927437809, 41.20264552946017 ], [ -7.166048687234526, 41.20268452478858 ], [ -7.163487702742456, 41.204128088839397 ], [ -7.163235958850225, 41.204294530886656 ], [ -7.163039026462583, 41.204486730361815 ], [ -7.162874575051622, 41.204627702175266 ], [ -7.162831463523768, 41.204721341268694 ], [ -7.162811122306734, 41.204912237755075 ], [ -7.162754814663534, 41.205027914008532 ], [ -7.162697165429921, 41.205121164918019 ], [ -7.162402749939066, 41.205456607974348 ], [ -7.162277317419617, 41.205594576278948 ], [ -7.158022983338544, 41.20979943867124 ], [ -7.157964221315607, 41.2099432782042 ], [ -7.157879587490013, 41.210046108977821 ], [ -7.157742398448829, 41.210195766230079 ], [ -7.157527827434318, 41.210498377320071 ], [ -7.157477127614476, 41.210604650322161 ], [ -7.149852225150732, 41.219753766859668 ], [ -7.149788263008585, 41.219748718598645 ], [ -7.149724770169661, 41.219743946234367 ], [ -7.149478441066318, 41.219693223628283 ], [ -7.149269069420846, 41.219739252137067 ], [ -7.149135673904429, 41.219736404211261 ], [ -7.148938332721268, 41.219695280558064 ], [ -7.148863332967894, 41.219654751275577 ], [ -7.148811934932287, 41.219606777406312 ], [ -7.148727825124412, 41.21945010623029 ], [ -7.148681937231722, 41.219400825189147 ], [ -7.148566065863237, 41.21932636273371 ], [ -7.148556024078522, 41.219320063133111 ], [ -7.148463759473377, 41.219389600825359 ], [ -7.148394807724636, 41.219438893071775 ], [ -7.148179209327719, 41.219526460853714 ], [ -7.147687542681196, 41.219637698658282 ], [ -7.147351640708994, 41.219692183318983 ], [ -7.147151931584341, 41.219713525780406 ], [ -7.147081519477051, 41.219716889155379 ], [ -7.147015793077895, 41.219726500950991 ], [ -7.146889395902306, 41.219757747703007 ], [ -7.146695454805555, 41.219840184858072 ], [ -7.146568497033395, 41.219908789019108 ], [ -7.146443091385566, 41.219969397180535 ], [ -7.146380938459687, 41.219986872810615 ], [ -7.146184304602222, 41.219978167107378 ], [ -7.145922891616133, 41.219915423986464 ], [ -7.145856822352167, 41.219899916108609 ], [ -7.145658372443142, 41.219837710410175 ], [ -7.145468851281552, 41.219728577686944 ], [ -7.145317103425584, 41.219581957729488 ], [ -7.145134350794676, 41.219442809682306 ], [ -7.144868928709208, 41.219329966904411 ], [ -7.144669874736866, 41.219268298167002 ], [ -7.144407446759826, 41.219217964969765 ], [ -7.144216383362815, 41.219164287679099 ], [ -7.144022058158671, 41.219049708847358 ], [ -7.143956859374416, 41.219000260050642 ], [ -7.143705859794468, 41.218816585174487 ], [ -7.143637021171958, 41.218786732986842 ], [ -7.14349701466147, 41.21877958978969 ], [ -7.143371332502507, 41.218811196292776 ], [ -7.14104124359258, 41.218382318173013 ], [ -7.140911302225071, 41.218522205672002 ], [ -7.14070956605421, 41.218654627545227 ], [ -7.140441787593491, 41.21874596843243 ], [ -7.14022052421326, 41.218789353211527 ], [ -7.139753439211166, 41.218820271424434 ], [ -7.139605078648382, 41.218829348867324 ], [ -7.139184267593229, 41.218859490784325 ], [ -7.13903187621302, 41.218882666448266 ], [ -7.138703590150452, 41.218961145259385 ], [ -7.138507740131884, 41.218995742996789 ], [ -7.138366904316426, 41.21901965058067 ], [ -7.138155462583979, 41.219052404040134 ], [ -7.138033503528206, 41.219089621225862 ], [ -7.13769285885335, 41.219259466703676 ], [ -7.137218079931511, 41.219483533601739 ], [ -7.137020070964275, 41.219542060157657 ], [ -7.136850950469901, 41.219606691694651 ], [ -7.136589931817683, 41.219747420086044 ], [ -7.1361963126596, 41.219926892626326 ], [ -7.135869468737165, 41.219995830548825 ], [ -7.135535188470906, 41.219973761620423 ], [ -7.135401886434595, 41.219964775796853 ], [ -7.1351340916094, 41.219977680159509 ], [ -7.134859465781948, 41.220016632089767 ], [ -7.134793464705459, 41.220035779774804 ], [ -7.134668334365661, 41.220085478893004 ], [ -7.134381410660987, 41.220251013540441 ], [ -7.134317371842535, 41.220298001563442 ], [ -7.134216400721713, 41.220397880739981 ], [ -7.133985820979223, 41.220708772036673 ], [ -7.133872285349351, 41.220897416911278 ], [ -7.133771398420905, 41.221085894117799 ], [ -7.133634503754098, 41.221242553315271 ], [ -7.133569739295876, 41.221282509608479 ], [ -7.133440420496292, 41.221309299684968 ], [ -7.13315732667064, 41.221300365811253 ], [ -7.13289835671521, 41.221250580274862 ], [ -7.13277129319563, 41.221176004761787 ], [ -7.132709141624068, 41.221145660304479 ], [ -7.132503401334077, 41.221124430047233 ], [ -7.132292349154187, 41.221083520700979 ], [ -7.132094306636994, 41.2209948258282 ], [ -7.132022561299033, 41.220960437590975 ], [ -7.13177480078823, 41.220879235317078 ], [ -7.131449137598061, 41.220854708305048 ], [ -7.131315640728837, 41.220858410041025 ], [ -7.130773743071977, 41.22093780415868 ], [ -7.130454618768086, 41.220992746561329 ], [ -7.130326212951479, 41.221006487837833 ], [ -7.13011858620339, 41.220983612551628 ], [ -7.129693150537391, 41.220862863375281 ], [ -7.129423710032737, 41.220811268905997 ], [ -7.129232080285437, 41.220724873340707 ], [ -7.129019241096677, 41.220629648566742 ], [ -7.128845035860802, 41.220635967402259 ], [ -7.128462903401394, 41.220693777189112 ], [ -7.128259156096393, 41.220713612757507 ], [ -7.128117723723814, 41.220705900863557 ], [ -7.127995160450749, 41.220673050173019 ], [ -7.127933436497998, 41.220638474945424 ], [ -7.127751299041962, 41.22043825965757 ], [ -7.12762457826434, 41.220341715051241 ], [ -7.127422583991829, 41.220270532048445 ], [ -7.127220008618441, 41.220260569728701 ], [ -7.126969489446576, 41.220243442254294 ], [ -7.12657285516913, 41.220181187080073 ], [ -7.126358941615679, 41.220156538383975 ], [ -7.126159315907401, 41.220171994265343 ], [ -7.125887356446536, 41.220238771674801 ], [ -7.125755458605789, 41.220286063519893 ], [ -7.125618169307028, 41.220319439917745 ], [ -7.125486992423899, 41.220319196091403 ], [ -7.125353928799674, 41.220271035568885 ], [ -7.125228702555008, 41.220202139511386 ], [ -7.124847021454121, 41.219848996622702 ], [ -7.124654736315263, 41.219704692214634 ], [ -7.124565860510018, 41.219598392891669 ], [ -7.124521120883667, 41.219451956230735 ], [ -7.124426025233944, 41.219354058971291 ], [ -7.124358909161098, 41.219313764707223 ], [ -7.124229398990746, 41.219275269308071 ], [ -7.123962221421364, 41.219225028912362 ], [ -7.123846917685561, 41.219138843988212 ], [ -7.123832787415497, 41.219088296243186 ], [ -7.123934785367777, 41.218945396463489 ], [ -7.123937884336407, 41.218798029111234 ], [ -7.123925933263337, 41.218651878667139 ], [ -7.123888691432593, 41.218599779549152 ], [ -7.123827978653636, 41.218554227772934 ], [ -7.123697827323395, 41.218510860336707 ], [ -7.123502495520593, 41.218488080916515 ], [ -7.123033813556797, 41.218505951361557 ], [ -7.122968883068052, 41.218509881117171 ], [ -7.12272079306229, 41.218505731635567 ], [ -7.122593306836922, 41.218483186723574 ], [ -7.122531846887919, 41.218455096574623 ], [ -7.122479291347098, 41.218406551583101 ], [ -7.122455150296564, 41.218355377356097 ], [ -7.122393276867394, 41.218307837335715 ], [ -7.122192821287434, 41.21826133262239 ], [ -7.121924757443719, 41.218269156208194 ], [ -7.121803775613989, 41.218257379727632 ], [ -7.121738917890124, 41.218233763167611 ], [ -7.121489489097723, 41.218099577283184 ], [ -7.121159676244416, 41.217958293326163 ], [ -7.120964015296743, 41.217910387955513 ], [ -7.12069603653273, 41.217935590057991 ], [ -7.120631816045077, 41.217916475128298 ], [ -7.120569559095102, 41.217870641536777 ], [ -7.120537148979025, 41.217822543829556 ], [ -7.12050032727173, 41.21772029533917 ], [ -7.120414727996992, 41.217571877894478 ], [ -7.12029058841811, 41.217471473446231 ], [ -7.12010501937975, 41.217379802683318 ], [ -7.119913672588252, 41.217292046190607 ], [ -7.119591386780209, 41.217189000485568 ], [ -7.119468123347693, 41.217124889412034 ], [ -7.119346243021193, 41.217025048580808 ], [ -7.119215226974428, 41.216875602787958 ], [ -7.119161653453444, 41.21672296163554 ], [ -7.119066607433052, 41.216623083971406 ], [ -7.118614355158186, 41.216450281410154 ], [ -7.118458637607847, 41.216302327896592 ], [ -7.11841869813692, 41.216255244632656 ], [ -7.118377407740122, 41.216157006116568 ], [ -7.118391935324381, 41.216057552306147 ], [ -7.1184784639302, 41.215913705212785 ], [ -7.118472115214988, 41.215861248060591 ], [ -7.118430477371746, 41.215808570886857 ], [ -7.117910245656785, 41.215544315044852 ], [ -7.117775260997963, 41.215451646729484 ], [ -7.11761404727097, 41.215296891415186 ], [ -7.117541883716244, 41.2151437307718 ], [ -7.117406977131966, 41.214930404943587 ], [ -7.117187738643522, 41.214672402091431 ], [ -7.11714662983472, 41.214516449272999 ], [ -7.117080708009845, 41.214414843305384 ], [ -7.11673978318469, 41.214053123445765 ], [ -7.116545410263184, 41.213922291382566 ], [ -7.116212591791916, 41.213777548743366 ], [ -7.115877288140191, 41.213677170753378 ], [ -7.115732403408084, 41.21363177329588 ], [ -7.115357078228329, 41.213421099987045 ], [ -7.115222162735281, 41.213393706381659 ], [ -7.114953853886903, 41.213441402539679 ], [ -7.114755060965434, 41.213435144366329 ], [ -7.114623302943979, 41.213373479525082 ], [ -7.114571152254507, 41.213322685262497 ], [ -7.114493439719737, 41.213220435967173 ], [ -7.114361052689823, 41.213130034943561 ], [ -7.114100370112172, 41.213001138629551 ], [ -7.114072356211349, 41.212954425901778 ], [ -7.114011690394018, 41.212906620126333 ], [ -7.113932903160883, 41.212796799285051 ], [ -7.113893459007581, 41.212772229100565 ], [ -7.113938935740515, 41.212723107205065 ], [ -7.113725824923939, 41.212478656322986 ], [ -7.113669960595031, 41.212428911066645 ], [ -7.113542153148842, 41.212358901634872 ], [ -7.113083618178226, 41.212232753052966 ], [ -7.112757702555728, 41.212173596137433 ], [ -7.112490297931411, 41.212240115879403 ], [ -7.112422331568258, 41.212224928582572 ], [ -7.112118489518553, 41.21199623530871 ], [ -7.111994185636499, 41.21193885918094 ], [ -7.111795629836293, 41.211886773384428 ], [ -7.111412930522043, 41.211814682435971 ], [ -7.111148554086263, 41.211801176678641 ], [ -7.110894163562437, 41.211774435578505 ], [ -7.110832980881258, 41.211752465340425 ], [ -7.110784218773893, 41.211705930475325 ], [ -7.110750784446209, 41.211694016526948 ], [ -7.110489274343403, 41.21185665332969 ], [ -7.110147634619613, 41.212004445750807 ], [ -7.109690179075768, 41.211970583597434 ], [ -7.109559861932897, 41.211962313848765 ], [ -7.108895659912902, 41.21197388939148 ], [ -7.108222187622404, 41.211944861894843 ], [ -7.107563772512747, 41.21183006264873 ], [ -7.107166719466945, 41.211814467414158 ], [ -7.106900424183627, 41.211832628374644 ], [ -7.106225930944154, 41.211861565674461 ], [ -7.106024474602399, 41.211881111382169 ], [ -7.105754540885724, 41.211865203502732 ], [ -7.105556120593156, 41.211804639801727 ], [ -7.105429227897631, 41.21176839045517 ], [ -7.105103366818403, 41.211737036876691 ], [ -7.104912464530337, 41.211645837872112 ], [ -7.104592621148129, 41.21151216075512 ], [ -7.104494070905943, 41.211409446678019 ], [ -7.104420329165047, 41.211260222813706 ], [ -7.104380228858009, 41.211156047179102 ], [ -7.10425553333201, 41.210955944060231 ], [ -7.104079416421288, 41.210758270707544 ], [ -7.103954828363508, 41.210673598216083 ], [ -7.103695902653023, 41.210563782788306 ], [ -7.103429488750179, 41.210468033571772 ], [ -7.103016693215944, 41.210270761296009 ], [ -7.102932677006547, 41.210237060940749 ], [ -7.102679493696173, 41.210080648803398 ], [ -7.097544269076153, 41.210088973312395 ], [ -7.097477976277203, 41.210088920957745 ], [ -7.097506588244533, 41.210043885812595 ], [ -7.097967686217649, 41.209321756656742 ], [ -7.097772291686343, 41.208433739729053 ], [ -7.097678572936528, 41.207736528900419 ], [ -7.097832794894273, 41.207262948568555 ], [ -7.098287855540589, 41.206301617750611 ], [ -7.098822619160464, 41.205578348472407 ], [ -7.099502100061604, 41.20501492827033 ], [ -7.100585690956478, 41.204058948699746 ], [ -7.100990917477442, 41.203587881544507 ], [ -7.100956531528366, 41.203096942392961 ], [ -7.100211268300782, 41.202536257107276 ], [ -7.099154415093401, 41.20179881453091 ], [ -7.098721407643168, 41.201351849128713 ], [ -7.098392046490089, 41.201000799736114 ], [ -7.098532235712616, 41.200068158753282 ], [ -7.098538702447553, 41.199656638286349 ], [ -7.098168479997682, 41.198917511497818 ], [ -7.098137380960302, 41.198855915695667 ], [ -7.098230819583645, 41.198455534248602 ], [ -7.098276297030451, 41.19821643314355 ], [ -7.098950304145186, 41.19370856753261 ], [ -7.100313698210945, 41.190998314003089 ], [ -7.101041247303752, 41.190102707302295 ], [ -7.102477712774519, 41.188881808136706 ], [ -7.104471696625505, 41.187302729190023 ], [ -7.105691126981392, 41.186134419880815 ], [ -7.107504373263134, 41.183828219103169 ], [ -7.108090960218949, 41.182536210327648 ], [ -7.10861088103302, 41.181192292290348 ], [ -7.109511119038772, 41.179484551083718 ], [ -7.109681155334201, 41.178972286626859 ], [ -7.109695541520717, 41.17892847416207 ], [ -7.109969120529271, 41.17810279398627 ], [ -7.110242416731916, 41.177379399617472 ], [ -7.111211908364143, 41.176793986995897 ], [ -7.112854512962283, 41.176105393367372 ] ] ] } },
{ "type": "Feature", "properties": { "dtmnfr": "040905", "freguesia": "Carviçais", "municipio": "Torre de Moncorvo", "distrito_i": "Bragança", "nuts3_cod": "11D", "nuts3": "Douro", "nuts2": "Norte", "nuts1": "Continente", "area_ha": 6299.95, "perimetro_": 49, "designacao": "Carviçais" }, "geometry": { "type": "Polygon", "coordinates": [ [ [ -6.90188837239363, 41.225535925190336 ], [ -6.901605531025185, 41.225516820008686 ], [ -6.901375061806204, 41.225439311698139 ], [ -6.901131671184896, 41.225293769068578 ], [ -6.900986069301461, 41.225188198554882 ], [ -6.90079920715041, 41.225060238993066 ], [ -6.900623579680971, 41.224930958749177 ], [ -6.90036096161815, 41.224746902927507 ], [ -6.900183187572331, 41.224636817176602 ], [ -6.899921621965299, 41.224477293130029 ], [ -6.899734274276546, 41.224346132015988 ], [ -6.899593989470202, 41.224255292325346 ], [ -6.899481896695323, 41.224175474697162 ], [ -6.899327618151338, 41.2240737645769 ], [ -6.899168876400907, 41.223957712557684 ], [ -6.898916434601433, 41.22379062699941 ], [ -6.898753164701369, 41.223663804797205 ], [ -6.898470380379873, 41.22346964386044 ], [ -6.898154789145922, 41.223267880323348 ], [ -6.89799064679934, 41.223187502951404 ], [ -6.897849561206079, 41.223139534124243 ], [ -6.89757029155008, 41.223097475549316 ], [ -6.897333437091428, 41.223154458215191 ], [ -6.896998317968498, 41.223231186525318 ], [ -6.8965909491611, 41.223292533457389 ], [ -6.896270675863634, 41.223351162555836 ], [ -6.895838787317571, 41.223430499040184 ], [ -6.895586408524088, 41.223478902432518 ], [ -6.895333961704036, 41.22353095656289 ], [ -6.895186331720686, 41.223538799279332 ], [ -6.894983765436163, 41.223573993191934 ], [ -6.894754985335292, 41.223582883235899 ], [ -6.894485770475203, 41.223649319129386 ], [ -6.894487302055145, 41.223669144415169 ], [ -6.894523072517257, 41.223751643937696 ], [ -6.89432382884922, 41.223984417570406 ], [ -6.894381378326829, 41.224208693490169 ], [ -6.894399353868352, 41.224235809753111 ], [ -6.89418854452107, 41.224879125852446 ], [ -6.894032368487144, 41.225205732038418 ], [ -6.894398852442881, 41.225351209386723 ], [ -6.894238005109559, 41.225431598874181 ], [ -6.894197702637361, 41.225482127859657 ], [ -6.894073106676972, 41.225632232592602 ], [ -6.893621832652855, 41.225802872316606 ], [ -6.893101985056207, 41.225644397652466 ], [ -6.892949295484295, 41.225596025036808 ], [ -6.892876011898844, 41.225605143661433 ], [ -6.892791142707823, 41.225533460686691 ], [ -6.892738973283036, 41.225517322653694 ], [ -6.892224101505126, 41.225493414703656 ], [ -6.891915501812099, 41.225466054871134 ], [ -6.891726514197243, 41.225451236212251 ], [ -6.891569982171037, 41.22540426008085 ], [ -6.891407328002941, 41.225475260155271 ], [ -6.891263927405508, 41.225414126872813 ], [ -6.891116924690913, 41.225370425917419 ], [ -6.890971479629383, 41.225360944174184 ], [ -6.890838060833661, 41.225363366536889 ], [ -6.890650158245521, 41.225369440796236 ], [ -6.890504787437906, 41.225396227376272 ], [ -6.890245846036201, 41.225470397759651 ], [ -6.890029511343744, 41.225561230269818 ], [ -6.889867616657177, 41.2256658771012 ], [ -6.889717491869744, 41.225761931336201 ], [ -6.8895739011049, 41.225846143653385 ], [ -6.889446220361322, 41.225923380271048 ], [ -6.889258100164358, 41.226026169951474 ], [ -6.889040292370162, 41.226128672758797 ], [ -6.888164763592334, 41.225720060117347 ], [ -6.887384938584862, 41.225347880959134 ], [ -6.887207729386923, 41.225303467325347 ], [ -6.887056106041526, 41.225293367237725 ], [ -6.886939921704473, 41.225395390146559 ], [ -6.886535779047413, 41.225450447916934 ], [ -6.886380753849424, 41.225424733190948 ], [ -6.886278379845391, 41.225389588597494 ], [ -6.88606520818259, 41.225266990115429 ], [ -6.885973930730573, 41.225237732498847 ], [ -6.885697198333149, 41.225209261441478 ], [ -6.885509767741142, 41.225212904044007 ], [ -6.884983166240459, 41.225304809904195 ], [ -6.884447476491022, 41.225297572618068 ], [ -6.883703292441342, 41.225310761515061 ], [ -6.88298920428343, 41.225321393799092 ], [ -6.883032869668774, 41.225560773636005 ], [ -6.8823055849896, 41.225584232245815 ], [ -6.881567322596042, 41.225638924243974 ], [ -6.881323139000994, 41.225648028897837 ], [ -6.881073989322714, 41.225645319812593 ], [ -6.880908113878122, 41.225631756678425 ], [ -6.880140051244717, 41.225615561005938 ], [ -6.879466225590347, 41.225625482268427 ], [ -6.878828446385684, 41.225562007246289 ], [ -6.878362853035239, 41.22550598056894 ], [ -6.878067928392282, 41.22544334695813 ], [ -6.877270381536325, 41.225409090887439 ], [ -6.877139334007524, 41.225401994305948 ], [ -6.876243439770542, 41.225315788388265 ], [ -6.875663625100574, 41.225258506566256 ], [ -6.874962321775771, 41.225187112256307 ], [ -6.87474300434194, 41.225193182814756 ], [ -6.874521732213942, 41.225202113765867 ], [ -6.874277540098759, 41.225230602483428 ], [ -6.87416662867765, 41.225249200371749 ], [ -6.873824393692058, 41.225508738964507 ], [ -6.87342324994213, 41.225811571498795 ], [ -6.872903520358572, 41.225749260623694 ], [ -6.872525921691881, 41.225899460844552 ], [ -6.872150590420335, 41.22612460055101 ], [ -6.871561444109618, 41.22616209701367 ], [ -6.871544112089282, 41.226282195907721 ], [ -6.871445465775644, 41.226301825951886 ], [ -6.87143116940636, 41.226257374162188 ], [ -6.871301958150014, 41.226303586569422 ], [ -6.871215265206881, 41.226328121331619 ], [ -6.871106477666084, 41.226335485449717 ], [ -6.871023950356651, 41.2263416048472 ], [ -6.870848297389488, 41.226354129750554 ], [ -6.870688959562708, 41.226352382774344 ], [ -6.870473671794511, 41.226324954907781 ], [ -6.87027517598476, 41.226287683976359 ], [ -6.870020536568994, 41.226234757431811 ], [ -6.86966664949599, 41.226163193394761 ], [ -6.869276249660414, 41.226091227479039 ], [ -6.869067505902664, 41.226068882239844 ], [ -6.868984228218733, 41.226083008188674 ], [ -6.868910957346122, 41.226094737242839 ], [ -6.868847693297787, 41.226104069421652 ], [ -6.868784380949866, 41.226115907745722 ], [ -6.868717798533247, 41.226125203413254 ], [ -6.867881418966808, 41.22613168867781 ], [ -6.867551852467229, 41.226128072885885 ], [ -6.866717940849704, 41.226130265712825 ], [ -6.866712657876979, 41.226177221026418 ], [ -6.866488949542681, 41.226144264588726 ], [ -6.866236523940916, 41.226108252721424 ], [ -6.865906331086995, 41.22611015827647 ], [ -6.865498635459914, 41.226136135361941 ], [ -6.865172110185719, 41.22613807918902 ], [ -6.864977350564147, 41.226155321601233 ], [ -6.864735341410937, 41.226149886163121 ], [ -6.864537716855915, 41.226125551874375 ], [ -6.864240639047868, 41.226122278257613 ], [ -6.864020367297897, 41.226130929007013 ], [ -6.8637454027559, 41.226122358602908 ], [ -6.863551072598375, 41.226117446325581 ], [ -6.863294699444019, 41.226101557914568 ], [ -6.862829267724387, 41.226020189724146 ], [ -6.862357805187677, 41.225924459264171 ], [ -6.862061349017893, 41.225916421977047 ], [ -6.861645565371782, 41.225878478573925 ], [ -6.860653953640429, 41.225919935017721 ], [ -6.860454502007737, 41.225956908679031 ], [ -6.860085079292553, 41.225966056903061 ], [ -6.859682100683495, 41.225952680304324 ], [ -6.859491399179417, 41.225888717160295 ], [ -6.859325960721776, 41.225849775247987 ], [ -6.859164517675338, 41.225846221548579 ], [ -6.859042377133834, 41.225867843693536 ], [ -6.858941060407479, 41.225902067636468 ], [ -6.858815962755943, 41.225955467891929 ], [ -6.858631432201928, 41.226055924952057 ], [ -6.858445109566992, 41.226128086661618 ], [ -6.858244951313697, 41.226189490877616 ], [ -6.858022041386565, 41.226217066022045 ], [ -6.857680877788829, 41.226186778598461 ], [ -6.857339850730035, 41.226149422649996 ], [ -6.857061977231477, 41.226114533125582 ], [ -6.856639281744156, 41.226063899366345 ], [ -6.856054694511636, 41.225964948520506 ], [ -6.855737648523207, 41.225930143533652 ], [ -6.855607992477156, 41.225948193205959 ], [ -6.855346469547336, 41.22591885003888 ], [ -6.854983793851765, 41.225862677045122 ], [ -6.854827402764988, 41.225853987950956 ], [ -6.85470283341484, 41.225866510608881 ], [ -6.854439271748118, 41.225922684180659 ], [ -6.854272319905501, 41.225983406697608 ], [ -6.854118975549082, 41.226054708543963 ], [ -6.853219143950081, 41.226453876166019 ], [ -6.853058921505269, 41.226505938754741 ], [ -6.852407959932481, 41.226575157821031 ], [ -6.852366360795718, 41.226151330607934 ], [ -6.852736558089391, 41.225666980225981 ], [ -6.852539602862841, 41.225284290510047 ], [ -6.852236348842126, 41.224707824526902 ], [ -6.852442941779826, 41.224711829824322 ], [ -6.852801193471884, 41.224534377568517 ], [ -6.85264695889292, 41.224026632170848 ], [ -6.852425157506071, 41.223476825608756 ], [ -6.852257580527055, 41.223185801206945 ], [ -6.851871674360961, 41.222868249827954 ], [ -6.852439268404978, 41.222519999330231 ], [ -6.852001487171131, 41.222057291622932 ], [ -6.85163415812009, 41.221722734095167 ], [ -6.851247446156614, 41.22139933973456 ], [ -6.851035048311853, 41.221117089482874 ], [ -6.850948445886158, 41.220942396768969 ], [ -6.850863353980169, 41.220634057498806 ], [ -6.850814163960735, 41.220478102632022 ], [ -6.850789484198189, 41.220384568053873 ], [ -6.850575518652413, 41.220368415964771 ], [ -6.8503521010494, 41.220369369297288 ], [ -6.850032490796871, 41.220393346755372 ], [ -6.849758530731661, 41.220414389936295 ], [ -6.849583839606239, 41.220488175203727 ], [ -6.849467865551911, 41.22059015443886 ], [ -6.849444431428365, 41.220642724975278 ], [ -6.849388761166367, 41.22067188948828 ], [ -6.849352969320176, 41.220637066376845 ], [ -6.849382270280381, 41.220537564055547 ], [ -6.849380471976881, 41.220396406490174 ], [ -6.849318070633626, 41.220323420407965 ], [ -6.84923898679088, 41.220197306619163 ], [ -6.849278858195308, 41.220073224243357 ], [ -6.849341634760744, 41.219899516943066 ], [ -6.849371681251714, 41.219710412521408 ], [ -6.849371572599384, 41.219605784953011 ], [ -6.849304735351033, 41.219497464563872 ], [ -6.849273441341627, 41.219341841824978 ], [ -6.849170892965584, 41.219223657262162 ], [ -6.849021216690423, 41.219184121805213 ], [ -6.848858001668797, 41.219137550693119 ], [ -6.848749146907255, 41.219108796874202 ], [ -6.848667976094815, 41.2190631406609 ], [ -6.848625216138831, 41.218976116386408 ], [ -6.848657076261765, 41.218920014994417 ], [ -6.848699861843413, 41.218872321842881 ], [ -6.848870031360267, 41.218829376542423 ], [ -6.848952120665479, 41.218790402647201 ], [ -6.849023501477462, 41.218738077002001 ], [ -6.849073326925339, 41.218665516664579 ], [ -6.849126451461569, 41.218528168861887 ], [ -6.849173007001758, 41.218397499871713 ], [ -6.849190361786631, 41.218296312056957 ], [ -6.849191463359396, 41.21823986841418 ], [ -6.849149453552291, 41.218138015009302 ], [ -6.849102534666896, 41.217951472921825 ], [ -6.849062073870514, 41.217769955928134 ], [ -6.849023820489873, 41.217591793210033 ], [ -6.849003870227086, 41.217483613745287 ], [ -6.848959565212619, 41.217441586002771 ], [ -6.848865531012257, 41.217354477039009 ], [ -6.848670750782374, 41.217290341553941 ], [ -6.848575976406311, 41.21724109038761 ], [ -6.84852269552265, 41.217168205599926 ], [ -6.848503138340737, 41.217002753329446 ], [ -6.848465753348687, 41.216816446982676 ], [ -6.848536766775915, 41.216636183376224 ], [ -6.848505237739397, 41.216559392210243 ], [ -6.848466437342488, 41.216519161659086 ], [ -6.848405508936474, 41.216488501251789 ], [ -6.848274366831503, 41.216346146129929 ], [ -6.848049098888404, 41.216209379015105 ], [ -6.847794531933982, 41.216172113478066 ], [ -6.847607457544158, 41.216180352582306 ], [ -6.847417652939376, 41.216191854556698 ], [ -6.847073512678952, 41.216208814079678 ], [ -6.846805811643787, 41.216143860944065 ], [ -6.846593816970413, 41.216027893533536 ], [ -6.846476864856891, 41.215947410993657 ], [ -6.846369431817254, 41.215846381354368 ], [ -6.8463131807472, 41.215755846032351 ], [ -6.846240440792838, 41.215658693941158 ], [ -6.846189543385861, 41.215560160718113 ], [ -6.846164918966448, 41.215471828227507 ], [ -6.846180402379352, 41.215350721086757 ], [ -6.846202728946387, 41.215221403149904 ], [ -6.846195695086375, 41.215130026729256 ], [ -6.846168219928936, 41.215071552932535 ], [ -6.846096818720099, 41.215009258465031 ], [ -6.845957941644441, 41.214916319100766 ], [ -6.845832472529058, 41.214866183196023 ], [ -6.845633145158819, 41.214801991742021 ], [ -6.845406809221002, 41.214720284952719 ], [ -6.845203195240677, 41.214642275005673 ], [ -6.844950594398583, 41.214505196094436 ], [ -6.84479725190695, 41.214420863386849 ], [ -6.844730844006826, 41.214320291233697 ], [ -6.844691446094239, 41.214237232421354 ], [ -6.844657482611018, 41.214109484550036 ], [ -6.844644890764345, 41.21405426530297 ], [ -6.844598483713781, 41.213942496215545 ], [ -6.844418044526222, 41.213840804397499 ], [ -6.844200700135382, 41.213705478936987 ], [ -6.844138085297625, 41.213651567985004 ], [ -6.844062568376537, 41.213574367784396 ], [ -6.843955571526165, 41.213406264592194 ], [ -6.843902838262826, 41.21330584505661 ], [ -6.843809628854699, 41.213177432646098 ], [ -6.843739815234424, 41.21301830119873 ], [ -6.843719798005917, 41.212876938491888 ], [ -6.843753593532934, 41.212780930052737 ], [ -6.843818617362847, 41.212719695364889 ], [ -6.843907239016866, 41.212617416319851 ], [ -6.844091367761775, 41.21252653313578 ], [ -6.844233127102042, 41.212504023554203 ], [ -6.844369719802149, 41.21251243692479 ], [ -6.844496724914256, 41.212544840233051 ], [ -6.844618767535453, 41.212597841238804 ], [ -6.844704693707141, 41.212678001025012 ], [ -6.844784068353532, 41.212783423790171 ], [ -6.844838729188857, 41.212908649804191 ], [ -6.844919660224602, 41.213044162337532 ], [ -6.844967275646752, 41.213084492711211 ], [ -6.845060871177455, 41.213133707554142 ], [ -6.845227495168128, 41.213155556672724 ], [ -6.845442623391325, 41.213166241003336 ], [ -6.845664941625015, 41.213157105592302 ], [ -6.845753449170589, 41.213124870447842 ], [ -6.845870989717869, 41.213071347521279 ], [ -6.846035738810354, 41.212963607882891 ], [ -6.846169618365558, 41.212867050798287 ], [ -6.846382970976839, 41.212596915731858 ], [ -6.846462812128255, 41.212477324534902 ], [ -6.846519931112461, 41.21235403625586 ], [ -6.846596292103643, 41.212179327708895 ], [ -6.846627743360507, 41.212043169483906 ], [ -6.846627686556659, 41.211930261396049 ], [ -6.846626516708209, 41.211880367967957 ], [ -6.8466160322519, 41.211745641927955 ], [ -6.84656209516881, 41.21157720561196 ], [ -6.846500853414122, 41.21144695554608 ], [ -6.846426301981326, 41.211326553856267 ], [ -6.84636269530485, 41.211243691452445 ], [ -6.846269296568877, 41.211148686411448 ], [ -6.846062864763014, 41.211020164651266 ], [ -6.845931574327339, 41.210973946247094 ], [ -6.845750286493913, 41.210920283345793 ], [ -6.845605188480323, 41.210880794651629 ], [ -6.845459888162698, 41.210851631101328 ], [ -6.845281943337337, 41.21085996768003 ], [ -6.845108893290188, 41.210851147590226 ], [ -6.844859176227845, 41.210800160938817 ], [ -6.844564763649235, 41.210703921891046 ], [ -6.844365585215655, 41.210632844552954 ], [ -6.844161714831608, 41.210568599706754 ], [ -6.843957708529638, 41.210511237437174 ], [ -6.843729632298405, 41.210519010330835 ], [ -6.843532174945594, 41.210592531660133 ], [ -6.84339885806147, 41.210649559055931 ], [ -6.843260782045087, 41.210716860571232 ], [ -6.843171552336948, 41.210850114206394 ], [ -6.84307756330842, 41.210993642033117 ], [ -6.843012067211396, 41.21107896753454 ], [ -6.842938403076085, 41.211116008469631 ], [ -6.842837799653554, 41.211132093208462 ], [ -6.842778755301475, 41.211121104862976 ], [ -6.842706173177137, 41.211103079411885 ], [ -6.842657122780108, 41.211047451330103 ], [ -6.842567911276679, 41.210974524816663 ], [ -6.842557340345603, 41.210844748745956 ], [ -6.842575065274034, 41.210725372497762 ], [ -6.842581268106098, 41.210634053224823 ], [ -6.842574331546041, 41.210537635383247 ], [ -6.842577269720843, 41.210471677099441 ], [ -6.842533318299566, 41.210388566476524 ], [ -6.842393524894968, 41.210311266875209 ], [ -6.842216731472815, 41.21026109192907 ], [ -6.842025453421078, 41.210252061949006 ], [ -6.841756700065081, 41.210242163674629 ], [ -6.841503132100075, 41.210242331411088 ], [ -6.84134370644708, 41.210236239943235 ], [ -6.841201286698357, 41.21023464207444 ], [ -6.841093216089139, 41.210224823443127 ], [ -6.840986076712984, 41.210167682935818 ], [ -6.840902826632784, 41.210054870383061 ], [ -6.840876205088309, 41.209959906263641 ], [ -6.840963689042592, 41.209857615772727 ], [ -6.841106869765865, 41.209820496266971 ], [ -6.841261020762014, 41.209805013822184 ], [ -6.841386435000949, 41.209802117828502 ], [ -6.841472056253423, 41.209794472308346 ], [ -6.841558014764621, 41.209769618460193 ], [ -6.841643974404208, 41.209744764560163 ], [ -6.841685290324995, 41.20967207675745 ], [ -6.841695411560306, 41.209623893715573 ], [ -6.841716481662448, 41.209534731106892 ], [ -6.841622344014568, 41.209395979778677 ], [ -6.841505081268962, 41.209274181020028 ], [ -6.841375665031153, 41.209190972007285 ], [ -6.84128984997366, 41.209110991946332 ], [ -6.841117424839939, 41.208994440005661 ], [ -6.840993452414013, 41.20892420068315 ], [ -6.840877859130003, 41.208822302653481 ], [ -6.840814797780649, 41.208737167090376 ], [ -6.840765899242495, 41.208616134828134 ], [ -6.840712623562465, 41.208499910172122 ], [ -6.84067523698063, 41.208388202867191 ], [ -6.840624571732038, 41.208284629278388 ], [ -6.840531972812355, 41.208185541639565 ], [ -6.84045696300499, 41.208100611194872 ], [ -6.840304762636282, 41.208017145188307 ], [ -6.840140916446566, 41.207946458147397 ], [ -6.839862968588906, 41.207883094515822 ], [ -6.839596160312206, 41.207832764393672 ], [ -6.839396525365284, 41.207843430584774 ], [ -6.839191024202807, 41.207862636533804 ], [ -6.839042404437342, 41.207886784414356 ], [ -6.838916400328555, 41.207919792324915 ], [ -6.838807656774423, 41.207944388094454 ], [ -6.838652660467844, 41.208002886992162 ], [ -6.838514415745779, 41.208078786973381 ], [ -6.838364607779435, 41.208163161887214 ], [ -6.838220325216172, 41.208256205666189 ], [ -6.838150175373193, 41.20833647076757 ], [ -6.838068989322506, 41.20841801722348 ], [ -6.838050711502205, 41.208478053815718 ], [ -6.83810555730957, 41.20858624506922 ], [ -6.838143990694268, 41.208659828519401 ], [ -6.838154026708472, 41.208728788677888 ], [ -6.838124100943816, 41.20880160331523 ], [ -6.838117131640651, 41.208866070108812 ], [ -6.838098515573265, 41.20894331404584 ], [ -6.838073607622054, 41.209050609194279 ], [ -6.838010264856528, 41.209084319942093 ], [ -6.837935952804942, 41.209096393111679 ], [ -6.837726023594905, 41.209051002346428 ], [ -6.837516519100334, 41.208984100020182 ], [ -6.8373298018984, 41.208917453755099 ], [ -6.837182621225391, 41.208868465120212 ], [ -6.836967506099178, 41.208797195637878 ], [ -6.836723653173546, 41.208738511236959 ], [ -6.836387975198299, 41.20871321633382 ], [ -6.836199984286639, 41.208711099065916 ], [ -6.836046854530297, 41.208674951008376 ], [ -6.835933346827784, 41.208652157259557 ], [ -6.835751987748353, 41.208602780848409 ], [ -6.835576836851308, 41.208527656043174 ], [ -6.835556260297927, 41.20841554677223 ], [ -6.835626745325031, 41.208308766660167 ], [ -6.835766098682541, 41.20817694350373 ], [ -6.835882326174627, 41.208062072583992 ], [ -6.835974830821541, 41.207994266529539 ], [ -6.83605628308893, 41.20790912475168 ], [ -6.836183732914582, 41.20780298505754 ], [ -6.836288309736462, 41.207700891524119 ], [ -6.836375882597702, 41.207594302485631 ], [ -6.836446535279248, 41.207478917712848 ], [ -6.836539887889044, 41.207368091518582 ], [ -6.836627374956295, 41.20726580432634 ], [ -6.836708739342273, 41.207184964093457 ], [ -6.836842562576654, 41.207044472205041 ], [ -6.83692970908619, 41.206959392991543 ], [ -6.837000443806382, 41.206839705771507 ], [ -6.837030284954397, 41.206771193464405 ], [ -6.837032152839443, 41.206676549104849 ], [ -6.836999841666473, 41.206581519116433 ], [ -6.836944915566212, 41.206477629421592 ], [ -6.836866947747627, 41.206386388448351 ], [ -6.836851981131189, 41.206278645531057 ], [ -6.836832421992191, 41.20611491173522 ], [ -6.836772563169876, 41.205972238399539 ], [ -6.836746034047191, 41.205872971314164 ], [ -6.836730728056556, 41.205782435706041 ], [ -6.836703860566524, 41.205700376853216 ], [ -6.836669396114529, 41.20560020464039 ], [ -6.836531942479654, 41.205461776266731 ], [ -6.836391571961465, 41.205356924126995 ], [ -6.836225378213323, 41.205263060287592 ], [ -6.836076652788183, 41.205146833444616 ], [ -6.835963777395236, 41.205040782322037 ], [ -6.835724913271255, 41.204886919361975 ], [ -6.835505297269888, 41.204766494897235 ], [ -6.835361253795706, 41.204713373137444 ], [ -6.835106433716109, 41.204618664555078 ], [ -6.834915828497092, 41.204526840370676 ], [ -6.834773637670609, 41.204482396115189 ], [ -6.83461524631743, 41.20442467176678 ], [ -6.834436112806169, 41.204263440923803 ], [ -6.834374984742293, 41.204185297219063 ], [ -6.83430841693156, 41.204094183981013 ], [ -6.834304592299192, 41.203999474527237 ], [ -6.83428376391421, 41.20390027115986 ], [ -6.834285890812942, 41.20379271979143 ], [ -6.834452187083526, 41.203738657172586 ], [ -6.834591108742546, 41.203628345517828 ], [ -6.834769732320773, 41.203527088290805 ], [ -6.834948270337838, 41.203430131932762 ], [ -6.835125277481284, 41.203410612305994 ], [ -6.835216587220927, 41.203403035528119 ], [ -6.835279670797205, 41.203382232395533 ], [ -6.83534870440266, 41.203348586343083 ], [ -6.83539098354174, 41.203294504863941 ], [ -6.835393918805675, 41.20325069473261 ], [ -6.835368709084601, 41.203193053285496 ], [ -6.835345166896909, 41.203159565868248 ], [ -6.835297525339821, 41.203120852820277 ], [ -6.835221418732468, 41.203020320637044 ], [ -6.835191726526324, 41.202931734974356 ], [ -6.8351202065831, 41.202851354069068 ], [ -6.835020386950448, 41.202788517140483 ], [ -6.834881904000956, 41.202723620796974 ], [ -6.834739313455868, 41.202648934733887 ], [ -6.834695325439989, 41.202614987035382 ], [ -6.834669784119616, 41.202576694907513 ], [ -6.834662276957706, 41.202521394975669 ], [ -6.834678640827357, 41.202454996662617 ], [ -6.834707775146732, 41.202395237839028 ], [ -6.834732802769568, 41.202325688563121 ], [ -6.834755359173432, 41.202272351946171 ], [ -6.83478006574147, 41.202219039568241 ], [ -6.834811669813055, 41.202143068032527 ], [ -6.834840739668222, 41.202086557090787 ], [ -6.834878409081062, 41.202030142197195 ], [ -6.834910174567963, 41.201946053536361 ], [ -6.834919799847346, 41.201894194515845 ], [ -6.834930228540721, 41.20180174547459 ], [ -6.834946752405178, 41.201727228201797 ], [ -6.834965490569014, 41.201649489043319 ], [ -6.834993276281591, 41.201549114954034 ], [ -6.835015947899086, 41.201447214649264 ], [ -6.835051994655962, 41.201352955552885 ], [ -6.83510487441608, 41.201271794344443 ], [ -6.835146360754984, 41.201190505582261 ], [ -6.83519320419795, 41.201126488353637 ], [ -6.835286040787534, 41.201041474418695 ], [ -6.835332628971696, 41.20099036420423 ], [ -6.835385931868137, 41.20088769254491 ], [ -6.835404464784791, 41.200814751026584 ], [ -6.835370671456242, 41.200675399566933 ], [ -6.835304235354794, 41.200586593370758 ], [ -6.835222882219923, 41.200589008812329 ], [ -6.835053342450119, 41.200602049781025 ], [ -6.834261974125817, 41.200457253665341 ], [ -6.833638901380415, 41.200300876995016 ], [ -6.833544723315937, 41.20048027521576 ], [ -6.832441450172889, 41.200026001428888 ], [ -6.832141383265364, 41.200616886159068 ], [ -6.832052726697569, 41.200933246074314 ], [ -6.831613860817207, 41.20125186982866 ], [ -6.8310754545177, 41.200772852880768 ], [ -6.830444658641713, 41.200383017414438 ], [ -6.83017136717218, 41.200246136573632 ], [ -6.829966425688651, 41.200194035137265 ], [ -6.829636446905659, 41.200215190929669 ], [ -6.829327739029916, 41.200202361483193 ], [ -6.828877949883974, 41.200240827373293 ], [ -6.828402831346893, 41.200310118756896 ], [ -6.82813500060619, 41.200313306396737 ], [ -6.827843384832365, 41.200269552423087 ], [ -6.827585027777611, 41.200210618573649 ], [ -6.827314254462603, 41.200154655128529 ], [ -6.827047536488096, 41.200101847929986 ], [ -6.826772459447399, 41.200055167951938 ], [ -6.826284861610556, 41.200130531684479 ], [ -6.826059977700196, 41.199838620137847 ], [ -6.825731390840228, 41.199582867678693 ], [ -6.825429964233418, 41.199411430125323 ], [ -6.825147769334807, 41.199308660508372 ], [ -6.824833060357013, 41.199183740995231 ], [ -6.824599978665653, 41.199097085161704 ], [ -6.82449351810192, 41.19906476197535 ], [ -6.824394425675377, 41.199076081123941 ], [ -6.824247888086325, 41.199082619110577 ], [ -6.82408150653609, 41.199050749825858 ], [ -6.823758478156852, 41.198947507196472 ], [ -6.823176879479, 41.19877910024492 ], [ -6.82288552346922, 41.198722892250167 ], [ -6.822569394364957, 41.198669512455872 ], [ -6.82229058019989, 41.198604111244819 ], [ -6.821570346344692, 41.198571018454096 ], [ -6.821002559844263, 41.198536547502513 ], [ -6.820850735919348, 41.198506814916534 ], [ -6.820674139700236, 41.198479911568995 ], [ -6.819650722214534, 41.19822451286614 ], [ -6.819122444427775, 41.198244470432627 ], [ -6.818457241280173, 41.198314363489956 ], [ -6.817901365097299, 41.198349037042981 ], [ -6.817213030519756, 41.198368520788172 ], [ -6.817130852586978, 41.197820418094857 ], [ -6.816285781849321, 41.19797527197175 ], [ -6.815179525042501, 41.197999195308746 ], [ -6.814678882228845, 41.197973575170231 ], [ -6.814628586883169, 41.19796138231824 ], [ -6.81456760265821, 41.197929084460007 ], [ -6.813736775916734, 41.197485952952484 ], [ -6.813688892095997, 41.197460555035747 ], [ -6.8130175980763, 41.196838176564967 ], [ -6.812644371924271, 41.196493287371695 ], [ -6.812589962883266, 41.196466099807161 ], [ -6.81248929803648, 41.195898513190485 ], [ -6.812444832433753, 41.195482743797342 ], [ -6.812395047433696, 41.195005414171739 ], [ -6.8123555236814, 41.194676048012504 ], [ -6.812334583935053, 41.194519590980164 ], [ -6.81217964698169, 41.194132445748103 ], [ -6.812033455914183, 41.193748646573262 ], [ -6.811995125717828, 41.193686799470761 ], [ -6.811689362357413, 41.19357686996608 ], [ -6.81274845116493, 41.193075775717197 ], [ -6.813838786360844, 41.192456718686579 ], [ -6.814434551206322, 41.191968583105144 ], [ -6.814778871118025, 41.191643242514701 ], [ -6.815357906280687, 41.191096749966171 ], [ -6.815968715609208, 41.190355499919661 ], [ -6.816346708855587, 41.189895658566378 ], [ -6.816105769859623, 41.188753913742403 ], [ -6.816715631051793, 41.188279435827305 ], [ -6.817146935008443, 41.187590333774857 ], [ -6.817379619437805, 41.186622809192912 ], [ -6.817611146997266, 41.185104595366816 ], [ -6.817801605262075, 41.184669085239349 ], [ -6.817821343697066, 41.184522097558144 ], [ -6.81782277607899, 41.184468449919656 ], [ -6.817831622075945, 41.18441335717317 ], [ -6.817841173041163, 41.184365023696706 ], [ -6.817851595696525, 41.184308329131255 ], [ -6.817859677118649, 41.184261780573628 ], [ -6.817886951875566, 41.184161338826208 ], [ -6.817917018653777, 41.184094150217284 ], [ -6.817958367300346, 41.183998910541384 ], [ -6.817994084531853, 41.183911525578615 ], [ -6.818039974993037, 41.183809676558759 ], [ -6.818131543051925, 41.183593184904431 ], [ -6.818180196185401, 41.183484343326448 ], [ -6.818210391168616, 41.183392664237303 ], [ -6.818233772159406, 41.183320000377961 ], [ -6.818262467697973, 41.183226055845203 ], [ -6.818340277063187, 41.183005804389808 ], [ -6.818377468620427, 41.182915920397022 ], [ -6.818405998809257, 41.182865912696144 ], [ -6.818433319124176, 41.182822823377471 ], [ -6.81846168983366, 41.182762730228355 ], [ -6.818498517275297, 41.18266743871672 ], [ -6.818547827406636, 41.182513584312673 ], [ -6.818572644081093, 41.18242869127954 ], [ -6.818587522102863, 41.182352323256225 ], [ -6.818598912048699, 41.182306804640106 ], [ -6.818604504757875, 41.182247532821023 ], [ -6.818614767048503, 41.18216346588067 ], [ -6.81859865919392, 41.182110694871206 ], [ -6.818554324819736, 41.18207471830938 ], [ -6.818457133530817, 41.182017963887091 ], [ -6.818388885825645, 41.181986212673735 ], [ -6.818325558337646, 41.181952535808648 ], [ -6.818254679839047, 41.181897163018306 ], [ -6.818243763009245, 41.18182924071953 ], [ -6.818325534975484, 41.181744635170986 ], [ -6.818390831599532, 41.181703689299603 ], [ -6.818443135713224, 41.18167475140757 ], [ -6.818515516214303, 41.18163082766641 ], [ -6.81858028112481, 41.181556745282649 ], [ -6.818578090770381, 41.1814275997667 ], [ -6.818610591477466, 41.181381510858223 ], [ -6.81864975315446, 41.181324332972352 ], [ -6.818684974109014, 41.181261343910379 ], [ -6.81871272971156, 41.181196383283286 ], [ -6.81871198089862, 41.181120472546965 ], [ -6.818645021953182, 41.181006258358188 ], [ -6.818600841208485, 41.180938856789936 ], [ -6.818604425093972, 41.180890456905772 ], [ -6.81864815249046, 41.180807399518002 ], [ -6.818666763042716, 41.180734767521379 ], [ -6.818672199674042, 41.180665588564985 ], [ -6.818664371133448, 41.180592031702425 ], [ -6.818630090075992, 41.180518167494078 ], [ -6.818585801815758, 41.180480294315288 ], [ -6.8185358589479, 41.180444788559157 ], [ -6.818479135595254, 41.180414612297952 ], [ -6.818377223706366, 41.180385628174498 ], [ -6.818256726595546, 41.180362282580063 ], [ -6.818048232547341, 41.180358828558681 ], [ -6.817898675964396, 41.180370356505705 ], [ -6.817831463308917, 41.180376256339876 ], [ -6.81776232885872, 41.180370693659768 ], [ -6.817695581038939, 41.180353364717895 ], [ -6.817554488478199, 41.18028116495622 ], [ -6.817346262616658, 41.1802466452136 ], [ -6.817044631438388, 41.180019817408891 ], [ -6.816777196134685, 41.179906735073054 ], [ -6.816141158364382, 41.179667897261787 ], [ -6.816012883713014, 41.179640320323202 ], [ -6.815939851749567, 41.179621206824983 ], [ -6.815868052723495, 41.179600397517667 ], [ -6.81578151165461, 41.179571500480911 ], [ -6.815690847474789, 41.179540388039428 ], [ -6.815581487060963, 41.179496372240223 ], [ -6.815397110399385, 41.17942565910478 ], [ -6.81527559239877, 41.179375919598797 ], [ -6.815090037637502, 41.179304558606738 ], [ -6.814903068580416, 41.179232369863449 ], [ -6.814785264174035, 41.179181771046274 ], [ -6.814684856208221, 41.179137042918953 ], [ -6.814599113636475, 41.179104279701477 ], [ -6.814538466251906, 41.179079637273546 ], [ -6.814476827172419, 41.179051380944543 ], [ -6.81440482788358, 41.179004726858224 ], [ -6.814319902406409, 41.178948834225409 ], [ -6.814255344726668, 41.17889938307534 ], [ -6.814208469595822, 41.178859767822551 ], [ -6.814169431083348, 41.178821596512364 ], [ -6.814142986151325, 41.178779428475096 ], [ -6.81411617582833, 41.178707897695077 ], [ -6.81410866395516, 41.178672335763991 ], [ -6.812776187739225, 41.177168108673037 ], [ -6.8126423062899, 41.176041440990311 ], [ -6.812065822798129, 41.1747613244303 ], [ -6.81207576413565, 41.174753061112924 ], [ -6.811917097535668, 41.174678581012984 ], [ -6.811865278480018, 41.174659980225371 ], [ -6.811754023292579, 41.174639617873744 ], [ -6.811621701728041, 41.174612441628703 ], [ -6.811511904939021, 41.174573186397971 ], [ -6.811357718407427, 41.174501101593918 ], [ -6.811290763952759, 41.174476470604681 ], [ -6.81112535407582, 41.174405605472316 ], [ -6.811019706430526, 41.174361356942278 ], [ -6.810948762950749, 41.174333802268201 ], [ -6.810864897960444, 41.174302768596036 ], [ -6.810776775154385, 41.174275826929872 ], [ -6.810657006737373, 41.174234836559215 ], [ -6.810550219266348, 41.174193905103721 ], [ -6.810492584131223, 41.17416821285439 ], [ -6.810445249097401, 41.174133905860288 ], [ -6.810383228314981, 41.174106990859606 ], [ -6.810327795305014, 41.174084388795961 ], [ -6.810232194686571, 41.174044213123508 ], [ -6.810170898531336, 41.174016768791468 ], [ -6.81010332489119, 41.173987541541877 ], [ -6.810044028739813, 41.173955345277477 ], [ -6.809952307054743, 41.173888478245701 ], [ -6.809905853549479, 41.173845802000045 ], [ -6.809870144207029, 41.173808211315958 ], [ -6.809829573486523, 41.173751469895286 ], [ -6.809763628413563, 41.173676697122112 ], [ -6.809724333487722, 41.173634018425631 ], [ -6.809674709182056, 41.173583120076707 ], [ -6.809632494312708, 41.173549228149042 ], [ -6.809572842108501, 41.173499291394009 ], [ -6.809517769314289, 41.173458775943587 ], [ -6.809422938335559, 41.173398257516666 ], [ -6.809326105200089, 41.173342314359502 ], [ -6.809171296129796, 41.173260041309184 ], [ -6.808964253594223, 41.173150159857194 ], [ -6.808650546213665, 41.172958014086866 ], [ -6.808627510153014, 41.172343591700169 ], [ -6.80885762776579, 41.171341391585749 ], [ -6.808859365103396, 41.171331867279072 ], [ -6.80878324888779, 41.171318656456293 ], [ -6.807822983785781, 41.171150599054691 ], [ -6.807775490883014, 41.17114185791867 ], [ -6.807728536088563, 41.171142127898051 ], [ -6.807639439484009, 41.171128772332978 ], [ -6.807568643036197, 41.171111662859481 ], [ -6.807473382225768, 41.171072837614325 ], [ -6.807414403133618, 41.171042898255592 ], [ -6.807347444040891, 41.171006924332858 ], [ -6.80720572425511, 41.17094397792922 ], [ -6.80710666978035, 41.170904032720394 ], [ -6.806986759466484, 41.170852592216306 ], [ -6.806881215030982, 41.170821487882236 ], [ -6.806799033333602, 41.170801721187892 ], [ -6.806727451319913, 41.170782351140488 ], [ -6.806625132348126, 41.170744889050944 ], [ -6.806493616561926, 41.170672243099233 ], [ -6.806416039581824, 41.170624892170579 ], [ -6.806338632929291, 41.170563495046096 ], [ -6.806292083217103, 41.170532076681809 ], [ -6.806182025467984, 41.170429247536077 ], [ -6.806112183432007, 41.170364783303874 ], [ -6.806068261717228, 41.170326914921816 ], [ -6.806023690115307, 41.17028588401763 ], [ -6.805956340201283, 41.170210192455585 ], [ -6.805924520216392, 41.170163185714976 ], [ -6.805847781936357, 41.170050837585002 ], [ -6.805796289865309, 41.16996299675349 ], [ -6.805766825193349, 41.169911242270757 ], [ -6.805729349958053, 41.169849137144226 ], [ -6.805686579750891, 41.169789847764449 ], [ -6.805653626845005, 41.169745620942557 ], [ -6.805548220159282, 41.169619162364242 ], [ -6.805506990471911, 41.169577898760814 ], [ -6.805460869820112, 41.169536850679627 ], [ -6.805409622697854, 41.169489800809274 ], [ -6.805364784367931, 41.169444264551288 ], [ -6.805245426470941, 41.169306480732317 ], [ -6.805174695554605, 41.169215624731898 ], [ -6.805117044862555, 41.16913780070557 ], [ -6.805066182632203, 41.169071661145331 ], [ -6.805024643523865, 41.16901040932526 ], [ -6.804997866813554, 41.168967329521053 ], [ -6.804969527612471, 41.168919194828796 ], [ -6.804920777296664, 41.168825261566333 ], [ -6.80488954708767, 41.168766645219151 ], [ -6.804848626938088, 41.168668750412579 ], [ -6.804822200666418, 41.168596417768015 ], [ -6.804792139004954, 41.168497657734925 ], [ -6.804765459214208, 41.168379129604205 ], [ -6.804757572877357, 41.168309259097512 ], [ -6.804735235435021, 41.16823525652071 ], [ -6.804716429063801, 41.168133744093716 ], [ -6.804715921544798, 41.16808790765262 ], [ -6.804716981109933, 41.168035337154109 ], [ -6.804713004205993, 41.167990542079338 ], [ -6.804697820271918, 41.167933916075206 ], [ -6.804661403653167, 41.167836969942392 ], [ -6.804610011183851, 41.16774435936599 ], [ -6.804552840476248, 41.167660683450862 ], [ -6.804520004019957, 41.167610781488811 ], [ -6.804483079827228, 41.167557144300822 ], [ -6.804422071803662, 41.167444791184487 ], [ -6.80440508610523, 41.167400929194635 ], [ -6.804391598073801, 41.167348728392007 ], [ -6.804372633784348, 41.167272878306214 ], [ -6.804354640533311, 41.167190192743881 ], [ -6.804343655875944, 41.167138292739963 ], [ -6.804321939621972, 41.16707474913558 ], [ -6.804275591327999, 41.166950680640589 ], [ -6.804225385046743, 41.166799015226118 ], [ -6.804208552803939, 41.166753528843621 ], [ -6.804187046178516, 41.166709341827406 ], [ -6.804124456764433, 41.166598595524476 ], [ -6.80408298744512, 41.166534008154521 ], [ -6.804046171085855, 41.166474786854593 ], [ -6.804018256590004, 41.166381904002407 ], [ -6.804000276195704, 41.166316419854631 ], [ -6.803947056345073, 41.16621982339506 ], [ -6.803901777823349, 41.166137094759428 ], [ -6.803873674466582, 41.166071493752348 ], [ -6.803854622341007, 41.166023733381635 ], [ -6.803833068736828, 41.165964149732915 ], [ -6.803771284352766, 41.165872586640084 ], [ -6.803742725095275, 41.165811749780616 ], [ -6.80372404353322, 41.16575751345129 ], [ -6.803695396412397, 41.165683167692706 ], [ -6.803671489576795, 41.165633911501544 ], [ -6.803645014071204, 41.16557598176658 ], [ -6.803624848048106, 41.165524515035791 ], [ -6.803596023313461, 41.165458906528961 ], [ -6.803569934619562, 41.165405660644822 ], [ -6.803509729781056, 41.165324650377968 ], [ -6.80347343221635, 41.165281374743408 ], [ -6.803416617175417, 41.165232907277513 ], [ -6.803349329924922, 41.165196117770989 ], [ -6.803270192476688, 41.165167382371621 ], [ -6.803205915641226, 41.165146652047994 ], [ -6.803143001616641, 41.165129000603976 ], [ -6.803058018373172, 41.165112896859348 ], [ -6.802990317378226, 41.165108422396131 ], [ -6.802912328140297, 41.165099689900067 ], [ -6.802842031559935, 41.165076096787764 ], [ -6.802776373923918, 41.165046888270766 ], [ -6.802728156187249, 41.165021571941473 ], [ -6.802653193115674, 41.164986942569442 ], [ -6.802605038699614, 41.164958206282265 ], [ -6.80254553712864, 41.164919251640818 ], [ -6.802496222541142, 41.164889148595648 ], [ -6.802433750377945, 41.164849621132305 ], [ -6.802375590948417, 41.164815184835355 ], [ -6.802286969688941, 41.164760679438892 ], [ -6.802223065658393, 41.164715555506191 ], [ -6.802130933416503, 41.164652273687878 ], [ -6.802056637884079, 41.164584696825273 ], [ -6.802026164314047, 41.164547787278408 ], [ -6.801998689769363, 41.164504165653256 ], [ -6.801947565170551, 41.164380850448964 ], [ -6.801927592785841, 41.164319840462845 ], [ -6.801902876127552, 41.164251757877864 ], [ -6.801870924463918, 41.164193759927954 ], [ -6.801831900044735, 41.164155313539339 ], [ -6.801765075325083, 41.164107544414698 ], [ -6.801686984906599, 41.1640509056799 ], [ -6.801626715184997, 41.164008881205817 ], [ -6.801562439203419, 41.16396447292874 ], [ -6.801481680474978, 41.163910057817496 ], [ -6.801413275053826, 41.163869649930135 ], [ -6.801342287970405, 41.163821289485121 ], [ -6.801291726453102, 41.163782165653942 ], [ -6.801231754419246, 41.163731054827743 ], [ -6.801183132217679, 41.16368466189747 ], [ -6.801107766041326, 41.163599335860191 ], [ -6.801047706261392, 41.163570280242574 ], [ -6.80098199758929, 41.163207922972582 ], [ -6.800906469025417, 41.162488532380955 ], [ -6.800767091818979, 41.161833595064529 ], [ -6.800552643072523, 41.161332208422934 ], [ -6.800649020052028, 41.160932101125127 ], [ -6.800834625738624, 41.160538341953696 ], [ -6.801067605215771, 41.160116767616621 ], [ -6.801217621736344, 41.159803359799497 ], [ -6.801318448971176, 41.159477585843419 ], [ -6.801384157762887, 41.159114853732206 ], [ -6.801303383745499, 41.158672458900398 ], [ -6.801151142820275, 41.158159093162737 ], [ -6.800870540010297, 41.157471103374682 ], [ -6.800676579172217, 41.157011909861062 ], [ -6.800364188718786, 41.156588806077416 ], [ -6.799863722194964, 41.156205394131916 ], [ -6.799140164462842, 41.155761419104046 ], [ -6.798841448722336, 41.155552046760889 ], [ -6.798635411674915, 41.155407849251311 ], [ -6.798290455953137, 41.155070167565263 ], [ -6.79817556593753, 41.154713814819459 ], [ -6.798217332264861, 41.154433734167924 ], [ -6.798229504241289, 41.154220927384031 ], [ -6.798217723675352, 41.154102840329777 ], [ -6.79888285597016, 41.153506726175934 ], [ -6.799052033981564, 41.153199757405986 ], [ -6.799138915055828, 41.153156822103412 ], [ -6.799205445434057, 41.153124460415803 ], [ -6.799269788312221, 41.153094226226941 ], [ -6.799374732424237, 41.153036013847014 ], [ -6.799467355667629, 41.152985583177134 ], [ -6.799521553414015, 41.152956404598434 ], [ -6.799624397144397, 41.152890066710412 ], [ -6.799686306109646, 41.152850530819322 ], [ -6.799809188469905, 41.15275912334085 ], [ -6.799916151841731, 41.152677341385314 ], [ -6.799971025551613, 41.152632416904176 ], [ -6.800011144226349, 41.15259830476851 ], [ -6.800066855834239, 41.152553117115978 ], [ -6.800126540137915, 41.152505994520972 ], [ -6.800178912482441, 41.152461040987959 ], [ -6.80026364588872, 41.152394488416782 ], [ -6.80037323560428, 41.152312197978048 ], [ -6.800434374837904, 41.152269504048313 ], [ -6.800497422400603, 41.152226927609206 ], [ -6.800556998069572, 41.152190785788811 ], [ -6.800692616137658, 41.152093848537817 ], [ -6.800714486471818, 41.152078614557674 ], [ -6.800811899665672, 41.152009421504708 ], [ -6.800911165688269, 41.152019568423384 ], [ -6.801411789018386, 41.151892811885638 ], [ -6.802113799047055, 41.151804119619172 ], [ -6.803081296621717, 41.151622772413901 ], [ -6.804182206540447, 41.151406215414625 ], [ -6.805102437576991, 41.151217288000105 ], [ -6.80591949561681, 41.150981058997353 ], [ -6.806456701165984, 41.150870726528943 ], [ -6.806770876761678, 41.150833011833676 ], [ -6.807124341370293, 41.150766394446556 ], [ -6.80817615297981, 41.15056724559134 ], [ -6.808610257244633, 41.150566283344546 ], [ -6.809384252925894, 41.150563373804346 ], [ -6.809533051780257, 41.144006747683299 ], [ -6.809623856014303, 41.143968982645589 ], [ -6.809716963699056, 41.143929265805554 ], [ -6.809809752054506, 41.143887830843255 ], [ -6.809916374456353, 41.143839257827906 ], [ -6.810007396204205, 41.143796634579736 ], [ -6.810106423639629, 41.143752749904465 ], [ -6.810245134549209, 41.143690229576393 ], [ -6.810319401233164, 41.143657587351598 ], [ -6.810405050201791, 41.143621383219703 ], [ -6.810483488940335, 41.143588515976639 ], [ -6.810596965411764, 41.143536967748126 ], [ -6.810693390055292, 41.14349809406351 ], [ -6.810824788483172, 41.143443596348718 ], [ -6.810975575275183, 41.14338454437938 ], [ -6.811094134849908, 41.143334764782047 ], [ -6.811189840162572, 41.143296153444588 ], [ -6.811259195749556, 41.143270472926034 ], [ -6.811482543443381, 41.143180469503534 ], [ -6.811578053894448, 41.143145549080444 ], [ -6.811687111477633, 41.143106552083857 ], [ -6.811814594693721, 41.143057139739192 ], [ -6.812022003877193, 41.142983521734742 ], [ -6.812251423778774, 41.142899709235621 ], [ -6.812387180709262, 41.142847507126483 ], [ -6.812461885033564, 41.142816579302512 ], [ -6.812548297379657, 41.142777952113136 ], [ -6.812700496509525, 41.142707658952304 ], [ -6.812758721433704, 41.142679063154986 ], [ -6.812817741498352, 41.142651915295701 ], [ -6.812926925784514, 41.142606523866093 ], [ -6.813020748963378, 41.142566450567912 ], [ -6.81315694355125, 41.142516236159992 ], [ -6.813218780846263, 41.142491374102043 ], [ -6.813293809715134, 41.142462160229222 ], [ -6.813434147825512, 41.142407126262313 ], [ -6.813492195393973, 41.142386990999903 ], [ -6.813580420965687, 41.142353157770472 ], [ -6.813677895286785, 41.142315103059012 ], [ -6.813791352176738, 41.14226435639528 ], [ -6.813890161325747, 41.142219117124206 ], [ -6.813988889751345, 41.142178017822879 ], [ -6.814065247105598, 41.142153859146617 ], [ -6.814305407323885, 41.142092404720209 ], [ -6.814442288251835, 41.142061103423593 ], [ -6.814716366496874, 41.142000941368529 ], [ -6.814822914556379, 41.141973706210088 ], [ -6.814968873252846, 41.141935394055295 ], [ -6.815043815123433, 41.141928417236969 ], [ -6.815181897917979, 41.141914507603019 ], [ -6.815263918466901, 41.141904727629395 ], [ -6.815361198609898, 41.141894317217307 ], [ -6.815451139073544, 41.141881835553399 ], [ -6.81559037672807, 41.141857765820902 ], [ -6.815744472464743, 41.141841517536797 ], [ -6.815845250875461, 41.141828893003371 ], [ -6.815953049061355, 41.141816347758336 ], [ -6.816074994294351, 41.141805674057807 ], [ -6.816177141567417, 41.141796123575126 ], [ -6.816252949157371, 41.141787177668625 ], [ -6.816413845607915, 41.141758306873292 ], [ -6.816697843164103, 41.141684471822678 ], [ -6.816858422133282, 41.141641554897191 ], [ -6.816977757675962, 41.14161221555041 ], [ -6.817062598943159, 41.141592382844202 ], [ -6.817239749468461, 41.14157243237986 ], [ -6.817356080823219, 41.141568178829104 ], [ -6.817455219119505, 41.141578043472435 ], [ -6.817563191946413, 41.141592779304368 ], [ -6.817681869694248, 41.141614393963856 ], [ -6.817769778415663, 41.141631960042304 ], [ -6.817848087402552, 41.14164104802974 ], [ -6.818464126780476, 41.141771333651491 ], [ -6.818835797735069, 41.141816356637591 ], [ -6.81949626341334, 41.142024757137335 ], [ -6.820451721980429, 41.142438559892106 ], [ -6.821500056261937, 41.142860616583775 ], [ -6.82266740897933, 41.142760252699745 ], [ -6.824000390577153, 41.142692458169321 ], [ -6.824770447319517, 41.142679492876162 ], [ -6.825193859435039, 41.142704555565395 ], [ -6.825323192927512, 41.142717276568668 ], [ -6.825434295147, 41.142724743645104 ], [ -6.825598967435634, 41.142721569046415 ], [ -6.825813311488848, 41.142718055799101 ], [ -6.825875906106063, 41.142714805345477 ], [ -6.826077266821404, 41.142735723621421 ], [ -6.826166187033427, 41.142738350684333 ], [ -6.826258789787529, 41.142741654250663 ], [ -6.826366734783467, 41.142739811289424 ], [ -6.826610000401201, 41.142749590576884 ], [ -6.826670364538616, 41.142750818237573 ], [ -6.826780060018731, 41.142750977445488 ], [ -6.826850548123394, 41.142746100708628 ], [ -6.826955294486609, 41.142737742474011 ], [ -6.827080490258055, 41.142730968441199 ], [ -6.827184937742333, 41.142719541615023 ], [ -6.827287146941838, 41.142706923287456 ], [ -6.827422556226761, 41.142677754443184 ], [ -6.827492046801041, 41.142663053343611 ], [ -6.827630095910393, 41.142626890985433 ], [ -6.827769277384751, 41.142587676300806 ], [ -6.827854803272939, 41.142557127624492 ], [ -6.828020304304631, 41.142499936188933 ], [ -6.828197890203962, 41.142440082957712 ], [ -6.828298833613958, 41.142400979151873 ], [ -6.828352511272517, 41.142378804173866 ], [ -6.828444686360541, 41.14233167550578 ], [ -6.82857280086744, 41.14228558321367 ], [ -6.828664359141459, 41.142251413278231 ], [ -6.828769854243503, 41.142223071877282 ], [ -6.828901862666328, 41.142191070601839 ], [ -6.828983773200188, 41.142174617472655 ], [ -6.829055497500594, 41.142161653295673 ], [ -6.829125016859565, 41.142145513577873 ], [ -6.829231215962292, 41.142117450745936 ], [ -6.829341948395359, 41.142089440031391 ], [ -6.829403444406399, 41.142069334861496 ], [ -6.829520761425, 41.142027349414874 ], [ -6.829602435926103, 41.141998919526095 ], [ -6.829716301940381, 41.141962838426338 ], [ -6.829869764813743, 41.14194206111484 ], [ -6.82998237156325, 41.141927580734759 ], [ -6.830001939146777, 41.141955891297911 ], [ -6.830074060579229, 41.142055210251314 ], [ -6.830133444125591, 41.142118099454692 ], [ -6.830213473254234, 41.142197154918861 ], [ -6.83025023856807, 41.142235300663664 ], [ -6.83027281903277, 41.142262025423982 ], [ -6.830411693659502, 41.142334547590359 ], [ -6.830711734935678, 41.142466777651649 ], [ -6.831171436706946, 41.142143864740341 ], [ -6.83157346961929, 41.141465892544652 ], [ -6.831648894198968, 41.140866806293431 ], [ -6.831813839247019, 41.140089007741047 ], [ -6.831882014405198, 41.13921728875939 ], [ -6.831892215898151, 41.139044344287925 ], [ -6.831909804317625, 41.139040402001228 ], [ -6.833004161537326, 41.138796395073086 ], [ -6.833918807361923, 41.138508934595855 ], [ -6.835242027222966, 41.138236328869006 ], [ -6.836162236188997, 41.138058673202757 ], [ -6.836651544817131, 41.137953331397021 ], [ -6.837553251276201, 41.137559182192966 ], [ -6.838594244518409, 41.136852252592909 ], [ -6.839684483210493, 41.136086174585643 ], [ -6.840543483308312, 41.135499101570623 ], [ -6.841172226869813, 41.135150485076707 ], [ -6.842319521001341, 41.134508821890087 ], [ -6.842483882290209, 41.134441509390591 ], [ -6.842817019765906, 41.13431801089893 ], [ -6.842863240308303, 41.134372278712746 ], [ -6.842913927148357, 41.134441548766695 ], [ -6.84295439743449, 41.134503319189704 ], [ -6.842977934887073, 41.134554454267501 ], [ -6.843007019751015, 41.134632213607574 ], [ -6.843025330846046, 41.134700759916967 ], [ -6.843032064079425, 41.134758277969944 ], [ -6.843025056087627, 41.134830506105772 ], [ -6.842976273372356, 41.134943860836913 ], [ -6.842905234706337, 41.135037969372839 ], [ -6.842833805875383, 41.135097586841852 ], [ -6.842758469047241, 41.135162021805684 ], [ -6.842712564963817, 41.135207158396241 ], [ -6.842653740710381, 41.135267818271593 ], [ -6.842603020653733, 41.135327758545806 ], [ -6.842555113882253, 41.135384036831503 ], [ -6.842475385831746, 41.135484170527221 ], [ -6.842461132471784, 41.135622132983862 ], [ -6.842494503009043, 41.135681932238853 ], [ -6.842550168136944, 41.135728385978531 ], [ -6.842627261530691, 41.135768689554489 ], [ -6.842708169664882, 41.135797145887267 ], [ -6.842808663905217, 41.135828613748771 ], [ -6.842872108739392, 41.135854712449486 ], [ -6.842976496326274, 41.135906484827807 ], [ -6.843085076999604, 41.135969283686812 ], [ -6.84312148167739, 41.136007687857393 ], [ -6.843175118251884, 41.136139475746909 ], [ -6.843181300157164, 41.13620113489749 ], [ -6.843181457896606, 41.136253990794124 ], [ -6.843175913179561, 41.13630605889751 ], [ -6.843162005453419, 41.136389731411853 ], [ -6.843144967143314, 41.136463286059865 ], [ -6.843133869772877, 41.136519256482579 ], [ -6.843160729421695, 41.13658906632358 ], [ -6.843201327120494, 41.136644714374981 ], [ -6.843254365622751, 41.136691138356056 ], [ -6.843332762683923, 41.136738474761536 ], [ -6.843422230898432, 41.136803947799933 ], [ -6.843526693498458, 41.136833748688822 ], [ -6.843647415426119, 41.136860395485343 ], [ -6.843721579621007, 41.136892741018315 ], [ -6.843798127345331, 41.136936991406102 ], [ -6.84387616125314, 41.137002602620626 ], [ -6.84391305314107, 41.137058934672091 ], [ -6.843929835275765, 41.137132594244314 ], [ -6.843960738250251, 41.137300324722503 ], [ -6.843975170908521, 41.1373661253146 ], [ -6.843991325698863, 41.137435457681605 ], [ -6.844029733251912, 41.13752394592386 ], [ -6.844116224615025, 41.137668976026532 ], [ -6.844172230472083, 41.137734607039881 ], [ -6.844233902546784, 41.137820835301106 ], [ -6.844261492441912, 41.137890113701623 ], [ -6.84427140886009, 41.137955506252801 ], [ -6.844297576306094, 41.138066907054423 ], [ -6.844311867997813, 41.138115780997737 ], [ -6.844374604565283, 41.138312046792436 ], [ -6.844397885909783, 41.13840090500355 ], [ -6.844407993743727, 41.138486828145673 ], [ -6.844428541204207, 41.138636253405785 ], [ -6.844414893056345, 41.138724970347212 ], [ -6.84439329567105, 41.138788028480036 ], [ -6.844370485955683, 41.138846028042039 ], [ -6.844307397552792, 41.1389721891086 ], [ -6.844268556801296, 41.13905225301513 ], [ -6.844235682459494, 41.139119144933318 ], [ -6.844207434855224, 41.139175105406274 ], [ -6.844185538730198, 41.13922888862249 ], [ -6.84413475772577, 41.139328712534628 ], [ -6.844093361836514, 41.139429818290886 ], [ -6.844068924100974, 41.139497882363848 ], [ -6.844057049480453, 41.139556818206088 ], [ -6.844048718003839, 41.139617770101594 ], [ -6.844048802496814, 41.139826574463704 ], [ -6.844057922455366, 41.139871697060158 ], [ -6.844084876935809, 41.139961230309453 ], [ -6.844109625127894, 41.140005355467238 ], [ -6.844144818059438, 41.140051040864002 ], [ -6.844246120667743, 41.140145364276158 ], [ -6.844326502062775, 41.140219100626773 ], [ -6.844402701839827, 41.140287484015133 ], [ -6.844447856663124, 41.140317250769606 ], [ -6.844544329927189, 41.140390362940089 ], [ -6.844610647048023, 41.140440355494057 ], [ -6.8446881717976, 41.14049614416642 ], [ -6.844744679581509, 41.140535853175216 ], [ -6.844805388374998, 41.140647368260595 ], [ -6.844745547084364, 41.140741516635543 ], [ -6.844667537332751, 41.140863099838334 ], [ -6.844647225011833, 41.140915183761003 ], [ -6.844629570887546, 41.140995755788346 ], [ -6.844645182186104, 41.141092990168708 ], [ -6.844678306040624, 41.141134960568863 ], [ -6.8447357088072, 41.141184042959225 ], [ -6.844800115460314, 41.141222215953086 ], [ -6.844870624670291, 41.141252809980479 ], [ -6.845124120058179, 41.141329922513734 ], [ -6.845257230131557, 41.141351126319641 ], [ -6.845428800959377, 41.141372401598652 ], [ -6.84560080324133, 41.141390075301466 ], [ -6.845749185287553, 41.141397405551778 ], [ -6.845827029196229, 41.141394043659524 ], [ -6.846026444349315, 41.141379972089389 ], [ -6.846107435576719, 41.141368175916774 ], [ -6.846189667848511, 41.141353334859154 ], [ -6.84628034779868, 41.141339131071355 ], [ -6.846439028884748, 41.141331355858952 ], [ -6.846553380146749, 41.141330920642559 ], [ -6.846638117810657, 41.141334386482534 ], [ -6.846769383442156, 41.141358088189683 ], [ -6.846897817146589, 41.141398961365937 ], [ -6.847020225033657, 41.141455701679469 ], [ -6.847120823559967, 41.141506885038872 ], [ -6.847188391824159, 41.141535547649298 ], [ -6.847297025785866, 41.141577819163025 ], [ -6.847363148753082, 41.141601333196682 ], [ -6.847437535807043, 41.141622694716212 ], [ -6.847613037524047, 41.141656162562079 ], [ -6.84770932662327, 41.141659755637946 ], [ -6.847783803560189, 41.141651941936281 ], [ -6.847886182729613, 41.141630214851077 ], [ -6.848035079573464, 41.141592793898397 ], [ -6.848126864852481, 41.141564553684454 ], [ -6.848271031310399, 41.141519156938884 ], [ -6.848345037174477, 41.141498913753708 ], [ -6.848422099884949, 41.141480592777178 ], [ -6.848521120311474, 41.141459813611803 ], [ -6.848602635994897, 41.141445233860985 ], [ -6.848889128021247, 41.141486148532685 ], [ -6.848976768325055, 41.141499461292163 ], [ -6.849055138222792, 41.141505646533133 ], [ -6.849164197598665, 41.141508032843575 ], [ -6.84929660710594, 41.14152805184051 ], [ -6.849407777716054, 41.14155630233595 ], [ -6.849511731082755, 41.141588432298697 ], [ -6.849568973342163, 41.141609058427008 ], [ -6.849622736177532, 41.141643689458171 ], [ -6.849685891793427, 41.141703188218536 ], [ -6.849727485622373, 41.141787479008173 ], [ -6.849722723497752, 41.1418546857143 ], [ -6.849716696705058, 41.141956454092487 ], [ -6.849714715187633, 41.142003163319849 ], [ -6.849734615285537, 41.142124938676695 ], [ -6.849772561457228, 41.142201087808139 ], [ -6.849878259660391, 41.142259616208314 ], [ -6.849945183207018, 41.142284853863835 ], [ -6.850023528294611, 41.142310756261558 ], [ -6.850206749735481, 41.142364294370694 ], [ -6.850329615936282, 41.142403929378759 ], [ -6.850402737193185, 41.142434904778895 ], [ -6.850461690003185, 41.142465905134962 ], [ -6.850660909170957, 41.142590754904425 ], [ -6.850768101939524, 41.142652181343941 ], [ -6.850826509769764, 41.142693077259864 ], [ -6.85088917856215, 41.142741048284933 ], [ -6.850947649110577, 41.142796892551786 ], [ -6.851009413879991, 41.142872939050896 ], [ -6.85105171035701, 41.142921585423899 ], [ -6.851092202051531, 41.142964439161339 ], [ -6.851170601441181, 41.143048957204094 ], [ -6.851203289831219, 41.143089209204504 ], [ -6.851256107375682, 41.143166061801793 ], [ -6.851329783416395, 41.14328537485131 ], [ -6.851368582806825, 41.143354414301413 ], [ -6.851426919462094, 41.143435288241626 ], [ -6.851483663956762, 41.143506241721745 ], [ -6.851563103349699, 41.143574292655735 ], [ -6.851621881741902, 41.143614025357792 ], [ -6.851713800968018, 41.143671049950505 ], [ -6.851818396989286, 41.143725157699059 ], [ -6.851892650782163, 41.143759742792426 ], [ -6.851997417673767, 41.143805025556418 ], [ -6.852071675619425, 41.143833225770784 ], [ -6.852227133161698, 41.143881321333495 ], [ -6.852326925321961, 41.143913130559369 ], [ -6.852515536447531, 41.143977713543713 ], [ -6.852612164345143, 41.144006877051631 ], [ -6.852686868734429, 41.144030216015693 ], [ -6.852766414246012, 41.144055863374014 ], [ -6.852833276090066, 41.144078300192199 ], [ -6.8529293390744, 41.144111965509786 ], [ -6.852992976315375, 41.144134910242407 ], [ -6.853118934520521, 41.144181055997862 ], [ -6.853204658316782, 41.144213523891423 ], [ -6.853297729547634, 41.144254174355368 ], [ -6.853379301558002, 41.14430433136895 ], [ -6.853453866570654, 41.144377815742182 ], [ -6.853470244657828, 41.144436256056316 ], [ -6.853495264414233, 41.144509644644629 ], [ -6.853515851617177, 41.144578214508918 ], [ -6.853521918636507, 41.144670573069156 ], [ -6.853502327586976, 41.144722490974814 ], [ -6.85346024208729, 41.144797927090927 ], [ -6.85338882228903, 41.144912207813299 ], [ -6.853350402552121, 41.144970936084484 ], [ -6.853322374717487, 41.145015917995622 ], [ -6.853293450186804, 41.145069890436481 ], [ -6.853257837959125, 41.14511874805941 ], [ -6.85321882433445, 41.14517143603566 ], [ -6.853180833563975, 41.145213786950038 ], [ -6.853122497512859, 41.145261309711586 ], [ -6.853009987904227, 41.145344428652464 ], [ -6.852874052621872, 41.145425666360779 ], [ -6.852788202576711, 41.145467214136488 ], [ -6.852701407296656, 41.145508116550332 ], [ -6.852629358347507, 41.145537752134324 ], [ -6.852500680795385, 41.145588639823032 ], [ -6.852372980301339, 41.145662944392278 ], [ -6.852306156802294, 41.145730273218909 ], [ -6.852288555779954, 41.14579652775376 ], [ -6.852318954719642, 41.145837926300452 ], [ -6.852408591421224, 41.145920494793636 ], [ -6.852529022563476, 41.145987918551796 ], [ -6.852586131190372, 41.14601565673626 ], [ -6.852645893260384, 41.146041890093009 ], [ -6.852792902282122, 41.146102317527642 ], [ -6.85285788506329, 41.146123299990563 ], [ -6.852967682205865, 41.146161705526083 ], [ -6.853079651634104, 41.146204547108375 ], [ -6.853161063569712, 41.146250737983728 ], [ -6.853239051848814, 41.146319672032021 ], [ -6.853278328109877, 41.146364319505963 ], [ -6.853310494923002, 41.146431663841227 ], [ -6.853316776503675, 41.14651304066571 ], [ -6.853266276273432, 41.146660146760951 ], [ -6.853232517190359, 41.146711546100249 ], [ -6.853187484280618, 41.146767322196922 ], [ -6.853125383770402, 41.146824529338105 ], [ -6.853078154372041, 41.146858309176295 ], [ -6.852981439428569, 41.146894694935611 ], [ -6.852904275269797, 41.146899780875451 ], [ -6.852759158294594, 41.146901501102931 ], [ -6.852660624650241, 41.146896538458435 ], [ -6.852533496449933, 41.146886030928371 ], [ -6.852439455616079, 41.146882737884887 ], [ -6.852292420234542, 41.146897222013912 ], [ -6.852132609202171, 41.146944337886886 ], [ -6.852068822713688, 41.147008367015864 ], [ -6.852064486854508, 41.147078371580406 ], [ -6.852118155444789, 41.147172969485638 ], [ -6.852178721031958, 41.147213349355006 ], [ -6.852228446904361, 41.14724118658944 ], [ -6.852422791780884, 41.147335906277469 ], [ -6.852478295689591, 41.147354529828867 ], [ -6.852637318267549, 41.147385013744376 ], [ -6.852714271224452, 41.14739118076141 ], [ -6.852871529667668, 41.147402203092298 ], [ -6.852965569399243, 41.147405224749598 ], [ -6.85306423857272, 41.147403259987598 ], [ -6.853237181094902, 41.147391941378586 ], [ -6.853385492954708, 41.147385123714436 ], [ -6.853468123159951, 41.147380998593732 ], [ -6.853602842646585, 41.147368716314503 ], [ -6.853678453394774, 41.14736415199814 ], [ -6.853749601717747, 41.14736241937598 ], [ -6.853842614524498, 41.147363179685932 ], [ -6.853911022162666, 41.147348995368091 ], [ -6.854044683764132, 41.147330215169092 ], [ -6.854183187986203, 41.147325626824596 ], [ -6.854354978081742, 41.147355083209739 ], [ -6.854437225129687, 41.147395073226853 ], [ -6.854484616931444, 41.147463397522777 ], [ -6.854508837497919, 41.147541369980907 ], [ -6.854493759728244, 41.147624493217073 ], [ -6.854471963606377, 41.147673775593816 ], [ -6.854449833273407, 41.147739889219515 ], [ -6.854436562113361, 41.147834553246128 ], [ -6.854445830629504, 41.147891022702943 ], [ -6.854482225231356, 41.14795526400296 ], [ -6.854558765344974, 41.148056236564315 ], [ -6.854615213485535, 41.14811853674604 ], [ -6.854674443310792, 41.148197078754961 ], [ -6.854739843334769, 41.148258039384281 ], [ -6.854809745166687, 41.148357319159025 ], [ -6.854813295626141, 41.148407691473452 ], [ -6.854819620079867, 41.148524002771893 ], [ -6.854818480603712, 41.148582785984615 ], [ -6.854782136042096, 41.148669361289038 ], [ -6.854745783247385, 41.148719563536154 ], [ -6.854689451604252, 41.148805017455778 ], [ -6.854617799646923, 41.148906415018438 ], [ -6.854572141906935, 41.149018733131079 ], [ -6.854565517758387, 41.149090151228236 ], [ -6.854569469458287, 41.149175104630359 ], [ -6.854549983667173, 41.149276813796334 ], [ -6.854496925370789, 41.149365361739875 ], [ -6.854462937972673, 41.14941027863258 ], [ -6.854389465998063, 41.149495001857453 ], [ -6.854342297002333, 41.149544179870119 ], [ -6.854302433870187, 41.149584889591871 ], [ -6.854255196418412, 41.14963721553999 ], [ -6.854188336220581, 41.149731018842807 ], [ -6.854150993083305, 41.14978940181912 ], [ -6.854128782945213, 41.149859565412797 ], [ -6.854098383999927, 41.149971417968999 ], [ -6.854076363685449, 41.150050317630559 ], [ -6.854035284977407, 41.150172230694693 ], [ -6.854019275836626, 41.150248047466754 ], [ -6.854022126293963, 41.150352972327426 ], [ -6.85406379467883, 41.150446360033676 ], [ -6.854089694193042, 41.150493016038759 ], [ -6.854121505984961, 41.150541810435023 ], [ -6.854169089317575, 41.150606443479305 ], [ -6.854214401512494, 41.150665475049159 ], [ -6.854276341338631, 41.150794739478975 ], [ -6.854282213838783, 41.150915813408083 ], [ -6.854269473735296, 41.150995359982765 ], [ -6.854264493462275, 41.151061663056197 ], [ -6.854213228313093, 41.151204891898843 ], [ -6.854140390791994, 41.151281427350909 ], [ -6.854101703375623, 41.151316745786339 ], [ -6.854056416771555, 41.15136693591635 ], [ -6.854010188493257, 41.151428550768372 ], [ -6.853967492852428, 41.151480388572608 ], [ -6.853937462917997, 41.151529941329045 ], [ -6.853896046524215, 41.151632394515055 ], [ -6.85387261406002, 41.151704168797011 ], [ -6.853857230077344, 41.151772430831954 ], [ -6.853839443435487, 41.151860292397544 ], [ -6.853822696772762, 41.151919169631512 ], [ -6.85381587655048, 41.152000672754184 ], [ -6.853824839346707, 41.152115754566452 ], [ -6.853865237540839, 41.15220092548379 ], [ -6.85391016328162, 41.152249237998802 ], [ -6.853960437422173, 41.152285809134035 ], [ -6.854027127994557, 41.152336072303811 ], [ -6.854065516597062, 41.152371436306801 ], [ -6.854145418121695, 41.152440658368668 ], [ -6.854193371279294, 41.152516917075488 ], [ -6.854216845008597, 41.152578222772014 ], [ -6.8542281244442, 41.152684415317644 ], [ -6.854232936472888, 41.152743536490675 ], [ -6.854223000261578, 41.152831842734983 ], [ -6.854215712980006, 41.152900375693278 ], [ -6.854200267509239, 41.152972232411614 ], [ -6.854192561132714, 41.153019422818119 ], [ -6.854205430989274, 41.153068002335011 ], [ -6.854254349558765, 41.153156337212167 ], [ -6.854310371948256, 41.153222236214681 ], [ -6.854422233988962, 41.153289834742459 ], [ -6.854479873959315, 41.153315237714864 ], [ -6.854540968349834, 41.15332833709985 ], [ -6.854634585819354, 41.153286335880708 ], [ -6.854686347227275, 41.153246301094256 ], [ -6.854737491309001, 41.153201308982744 ], [ -6.854859767123071, 41.15311289353648 ], [ -6.855074699113414, 41.152988674929894 ], [ -6.855132022310503, 41.152969053604394 ], [ -6.855205451159835, 41.152948166695033 ], [ -6.855322618790211, 41.152932629015652 ], [ -6.855474565947709, 41.152929538017332 ], [ -6.855540373047326, 41.152933058374344 ], [ -6.855670506894015, 41.152942962965369 ], [ -6.85574734500985, 41.152973619629911 ], [ -6.855862676962054, 41.153034231156518 ], [ -6.855930196150375, 41.15306622320783 ], [ -6.856001142430262, 41.153093750274948 ], [ -6.856284206390964, 41.153184942419962 ], [ -6.856389525762079, 41.153221584276551 ], [ -6.856469087294373, 41.153246680909717 ], [ -6.85658809294782, 41.153290231861 ], [ -6.856642477085483, 41.153311627763493 ], [ -6.856708136109358, 41.153341349521028 ], [ -6.856815235720569, 41.153384134401129 ], [ -6.856918226087384, 41.153430022379688 ], [ -6.857086220323633, 41.153521379008758 ], [ -6.857195138915663, 41.153587050479892 ], [ -6.857251758510362, 41.153628466246126 ], [ -6.857370640914567, 41.153696683534186 ], [ -6.857470148231249, 41.153749913092646 ], [ -6.857581534793221, 41.153780679260002 ], [ -6.857714632088391, 41.153791695757171 ], [ -6.857818376030328, 41.153780147873725 ], [ -6.85792915926548, 41.153749854781317 ], [ -6.858032173122154, 41.153714441379769 ], [ -6.858090750594747, 41.153691496452574 ], [ -6.85815379062285, 41.153665723187771 ], [ -6.858339705801436, 41.153600517833638 ], [ -6.858399175461106, 41.153580641313461 ], [ -6.858474861203717, 41.153553926439358 ], [ -6.858583837888141, 41.153518214766791 ], [ -6.858689114820987, 41.153483091437849 ], [ -6.858774267745661, 41.153453597111209 ], [ -6.858850492462208, 41.153417613736636 ], [ -6.858926345257942, 41.153363614409351 ], [ -6.858980788271345, 41.153301731907234 ], [ -6.859013413559385, 41.153191884529683 ], [ -6.859041323312966, 41.153116197829476 ], [ -6.859050878313087, 41.153009965186804 ], [ -6.859045215449027, 41.152933099427734 ], [ -6.859049964008637, 41.152878585349455 ], [ -6.859058971629622, 41.152819259775399 ], [ -6.859072422791153, 41.152739811482839 ], [ -6.859102246655755, 41.152620565220012 ], [ -6.859133077146383, 41.152547703867249 ], [ -6.859168709443093, 41.152479218483762 ], [ -6.85920312973255, 41.152411800173866 ], [ -6.859245355485888, 41.152347256752257 ], [ -6.859317753116623, 41.152237757315731 ], [ -6.859435244656381, 41.152112998453553 ], [ -6.859483302031903, 41.152073277089549 ], [ -6.859600242349487, 41.151989030386098 ], [ -6.85970934654648, 41.151952780592829 ], [ -6.859802361587565, 41.15195407367932 ], [ -6.859888978756429, 41.151959532390784 ], [ -6.859969661815484, 41.151963844049433 ], [ -6.860044463546523, 41.151964403465982 ], [ -6.860159556286082, 41.151963419148899 ], [ -6.860239277141098, 41.151962049204698 ], [ -6.860376308204618, 41.151960140194085 ], [ -6.860507535592345, 41.151968878165576 ], [ -6.86056660745459, 41.151975742783662 ], [ -6.860772920149345, 41.152007281830521 ], [ -6.860921800630727, 41.152051961504348 ], [ -6.861045237612244, 41.152093839726092 ], [ -6.861217648649514, 41.152153727503666 ], [ -6.861345246034189, 41.152196462617567 ], [ -6.86142847961056, 41.152223045136054 ], [ -6.861553768923531, 41.152267735435977 ], [ -6.861681777567121, 41.152313623450297 ], [ -6.86178402542048, 41.152354996845546 ], [ -6.861877816465933, 41.152396190369103 ], [ -6.861938939645559, 41.152414061022029 ], [ -6.862051264295014, 41.152414759545358 ], [ -6.862255559703003, 41.152384321897053 ], [ -6.862342990128559, 41.15234765037038 ], [ -6.862401038313758, 41.152308853788369 ], [ -6.862489035381413, 41.152242829645708 ], [ -6.862576174592896, 41.152165637194592 ], [ -6.862639889974108, 41.152104658386968 ], [ -6.862717384550609, 41.152039424926237 ], [ -6.862819365139814, 41.151983461073002 ], [ -6.862885415138243, 41.151955735693669 ], [ -6.863026664067491, 41.151932798658443 ], [ -6.863168267431203, 41.151922291911745 ], [ -6.863257711570919, 41.151929671921678 ], [ -6.863322979864689, 41.151942811769821 ], [ -6.863398538864458, 41.151965615674676 ], [ -6.863459169560837, 41.151984562384982 ], [ -6.863610727122199, 41.152044755146058 ], [ -6.863675153747987, 41.152076708582321 ], [ -6.863728267731345, 41.152102324474932 ], [ -6.863796252642528, 41.152128912801878 ], [ -6.864055421844734, 41.152224055360762 ], [ -6.864147595655473, 41.152250462501833 ], [ -6.864263442129406, 41.152266322750656 ], [ -6.864443951721004, 41.15227082788828 ], [ -6.864584902207589, 41.152256890653028 ], [ -6.864680973046754, 41.152235708615798 ], [ -6.864850538820775, 41.152189759685612 ], [ -6.864965229716997, 41.152147710157614 ], [ -6.865090680137672, 41.15209137331729 ], [ -6.865149656205016, 41.15205996711623 ], [ -6.865207327358612, 41.15202827369518 ], [ -6.865441844868166, 41.151887960124036 ], [ -6.865548189087618, 41.151821597117802 ], [ -6.865594218404424, 41.151788070898597 ], [ -6.865670680926605, 41.151739386215731 ], [ -6.865722348051458, 41.151704205804542 ], [ -6.865768811479007, 41.151672933515087 ], [ -6.865795501782588, 41.15171572654824 ], [ -6.865811790057591, 41.151742375122403 ], [ -6.865849357583935, 41.15180212819287 ], [ -6.865907053128629, 41.151899284233998 ], [ -6.865943100249844, 41.15195739440454 ], [ -6.865968971840143, 41.152006030151988 ], [ -6.866045484468512, 41.152152826543116 ], [ -6.866095310712383, 41.152250434358564 ], [ -6.866146484717909, 41.152358235209363 ], [ -6.866184568648076, 41.152447255363562 ], [ -6.866232414490755, 41.152554748540162 ], [ -6.86626354100245, 41.152620906367773 ], [ -6.866385033275605, 41.152807903532306 ], [ -6.866447458552415, 41.152869730612679 ], [ -6.866524639766472, 41.152944769571249 ], [ -6.86659200933484, 41.153003491408271 ], [ -6.866646013250543, 41.153057301268049 ], [ -6.86668917062553, 41.153099102827532 ], [ -6.866780315696513, 41.153197525725609 ], [ -6.866838544488838, 41.153267044572843 ], [ -6.866891354585319, 41.153327321439534 ], [ -6.866953346787523, 41.153399136228671 ], [ -6.866992894186712, 41.153449088113291 ], [ -6.867022404341827, 41.153500374803812 ], [ -6.867058357754742, 41.15357001243094 ], [ -6.867085681214627, 41.153617315065631 ], [ -6.867126944034782, 41.153683316652469 ], [ -6.867174223656858, 41.153758384852772 ], [ -6.867202212619294, 41.153814696168574 ], [ -6.867222890143698, 41.153860754288722 ], [ -6.867235588027208, 41.153919152153698 ], [ -6.867242447060396, 41.15396505838919 ], [ -6.867247860714178, 41.154011849147444 ], [ -6.867218385955863, 41.154076531157251 ], [ -6.867211447046843, 41.154090502179621 ], [ -6.869791751199912, 41.157790980942359 ], [ -6.869815798893248, 41.157816547116859 ], [ -6.869917933644996, 41.157870787006985 ], [ -6.870005793549963, 41.157911189436398 ], [ -6.870093797487237, 41.157956630267002 ], [ -6.870221362336037, 41.158008089172576 ], [ -6.870338020248452, 41.15805663618189 ], [ -6.870508477840765, 41.158120362211427 ], [ -6.870581018985096, 41.158158071517377 ], [ -6.870707437850099, 41.158207267200424 ], [ -6.870783378536945, 41.158229437464584 ], [ -6.870858893052979, 41.158249171002993 ], [ -6.870985704112239, 41.158277572129386 ], [ -6.871105060822039, 41.158303364886372 ], [ -6.871260502392612, 41.158336038529306 ], [ -6.871432389348797, 41.158381228625437 ], [ -6.871639482161027, 41.158429323426112 ], [ -6.871714523441779, 41.15844257187694 ], [ -6.871796323257282, 41.158463722453199 ], [ -6.871969529102205, 41.158502174024839 ], [ -6.872030520950971, 41.158521119284103 ], [ -6.872094592148741, 41.158541266958224 ], [ -6.872162668238482, 41.158563620326632 ], [ -6.872249163366512, 41.158594728289401 ], [ -6.872425020525332, 41.158668684322322 ], [ -6.872492652890702, 41.158695803006403 ], [ -6.872568097276886, 41.158737779265429 ], [ -6.872715566313171, 41.158795032196501 ], [ -6.872797004446437, 41.158822663751863 ], [ -6.872887950503352, 41.158851571620389 ], [ -6.87301750436718, 41.158873785901442 ], [ -6.87311801079888, 41.158876232518317 ], [ -6.873176530636441, 41.158868769940725 ], [ -6.873291435307888, 41.158841029229457 ], [ -6.873390616744528, 41.158813121828437 ], [ -6.873441848571193, 41.158800443466568 ], [ -6.87356749823029, 41.158771204666209 ], [ -6.873976066420682, 41.158681657739635 ], [ -6.87398519644429, 41.158690225003504 ], [ -6.874021703071218, 41.158725198924849 ], [ -6.874063484342773, 41.15875797677284 ], [ -6.874136938261802, 41.158792272267142 ], [ -6.874197996172379, 41.158814100212602 ], [ -6.874261241826589, 41.158833608273291 ], [ -6.874388767537433, 41.158862279989805 ], [ -6.874564828963692, 41.158888421465484 ], [ -6.874633104337465, 41.158900420847942 ], [ -6.874734707268312, 41.158920352276418 ], [ -6.874805471376989, 41.158939397438772 ], [ -6.874864270474575, 41.158960929329609 ], [ -6.874947880043877, 41.159005960986853 ], [ -6.875021693509979, 41.159058810075614 ], [ -6.875066933101816, 41.159110267409254 ], [ -6.875082179374894, 41.159166709521116 ], [ -6.875070651515022, 41.159246446291121 ], [ -6.875043169350572, 41.15930053080573 ], [ -6.875019200188901, 41.159345291234025 ], [ -6.874940449868691, 41.159470126274492 ], [ -6.874908009006154, 41.159515421714424 ], [ -6.874858785893363, 41.159578723862523 ], [ -6.87482043813386, 41.159634223908547 ], [ -6.874789410225731, 41.159680883563254 ], [ -6.874746583775917, 41.159739750802288 ], [ -6.874687038358467, 41.159819599458771 ], [ -6.874654796374036, 41.159867060679559 ], [ -6.874575994973314, 41.159975689335631 ], [ -6.874539017644703, 41.160021745461449 ], [ -6.874499569762237, 41.160078673126648 ], [ -6.874460572396197, 41.160136771730734 ], [ -6.874422197675832, 41.160212075837677 ], [ -6.87440426836916, 41.160258883037436 ], [ -6.87438828903024, 41.160315795225657 ], [ -6.87437254942851, 41.160378918350979 ], [ -6.874358294056991, 41.160439003508145 ], [ -6.874328162879524, 41.160538255812092 ], [ -6.87430446126041, 41.160587787569014 ], [ -6.874270732515432, 41.160638382054053 ], [ -6.874221968472705, 41.160696109096911 ], [ -6.874157913847373, 41.160756189218326 ], [ -6.87403711315963, 41.160861747184043 ], [ -6.874002522301283, 41.160901343572405 ], [ -6.873964666603699, 41.160955768205 ], [ -6.873932140062261, 41.161005838185773 ], [ -6.873898732397876, 41.161058055902565 ], [ -6.873869008438183, 41.161129760915699 ], [ -6.873877251485999, 41.161209447182458 ], [ -6.87392481359269, 41.161270744798216 ], [ -6.873984772301905, 41.161306604513577 ], [ -6.874045869831202, 41.161339054193775 ], [ -6.874100047816159, 41.16136557734233 ], [ -6.874159967163449, 41.161390990893786 ], [ -6.874251847020909, 41.161414775564239 ], [ -6.874310880715429, 41.161424153880922 ], [ -6.874372837196058, 41.161430409979758 ], [ -6.874531286862224, 41.161443394044774 ], [ -6.874593752404912, 41.16144776743063 ], [ -6.874655652336783, 41.161450692147298 ], [ -6.874733258000022, 41.161454602406941 ], [ -6.874860135017112, 41.161455176465267 ], [ -6.874940537489578, 41.161456320471125 ], [ -6.875001829402636, 41.161465994126821 ], [ -6.875106625980073, 41.161537189780105 ], [ -6.875155018668785, 41.161592010316852 ], [ -6.875186758832316, 41.161664391504587 ], [ -6.875193095133771, 41.161744685334881 ], [ -6.875187633651946, 41.161812151839555 ], [ -6.875154707731225, 41.161982869871167 ], [ -6.875134801507652, 41.162045952976115 ], [ -6.875111598536361, 41.162112959163551 ], [ -6.875097872318831, 41.162170433588258 ], [ -6.875085086201675, 41.162215943744222 ], [ -6.875058481819901, 41.162298943640565 ], [ -6.875029827351121, 41.162395872066938 ], [ -6.875010380678309, 41.16249695741125 ], [ -6.875009076362448, 41.162546461137566 ], [ -6.875008603187578, 41.162608947030705 ], [ -6.875022868616219, 41.162704184217262 ], [ -6.87504081359156, 41.162756425664121 ], [ -6.875064759193898, 41.162831507591548 ], [ -6.875070916765187, 41.16287722557059 ], [ -6.875072643163408, 41.162923884694521 ], [ -6.875060596752195, 41.163005961311583 ], [ -6.875050848357258, 41.163054477788599 ], [ -6.875014341313561, 41.163150868413787 ], [ -6.874971558010553, 41.163207305964235 ], [ -6.874916077908041, 41.163267752070404 ], [ -6.87485617007809, 41.163322474499545 ], [ -6.8747832299276, 41.163379932212365 ], [ -6.874721245361617, 41.163425177589751 ], [ -6.874516330439383, 41.163548999194411 ], [ -6.874440414890294, 41.163587515591857 ], [ -6.87433671526275, 41.163639601759726 ], [ -6.874259845972881, 41.163684050308362 ], [ -6.874163357028989, 41.163751876839072 ], [ -6.87410059082601, 41.163800443943281 ], [ -6.874048804685813, 41.163841569421237 ], [ -6.873997338351661, 41.163885217714508 ], [ -6.87395612523284, 41.163921864858516 ], [ -6.873884589388465, 41.163999059890301 ], [ -6.873834859279513, 41.164070189548212 ], [ -6.87378866026835, 41.164130821216055 ], [ -6.873739467644267, 41.164248415977902 ], [ -6.873736322448826, 41.164294569831817 ], [ -6.873736676065549, 41.164357243919738 ], [ -6.873739031987944, 41.16440849931427 ], [ -6.873738289097719, 41.164522215462334 ], [ -6.873720937169487, 41.164632052908892 ], [ -6.873708285209254, 41.164689271463992 ], [ -6.873684487053268, 41.164768875633065 ], [ -6.873650896048665, 41.164867823322126 ], [ -6.873628063571656, 41.16491565902875 ], [ -6.873599023373091, 41.164969901676464 ], [ -6.873569487497638, 41.165019102911991 ], [ -6.873504775782397, 41.165113298194157 ], [ -6.873416924058017, 41.165246228911421 ], [ -6.873389594172687, 41.165310941247199 ], [ -6.873371341685546, 41.16541176649276 ], [ -6.873400405686804, 41.165505723247037 ], [ -6.87347043015238, 41.165582209882487 ], [ -6.873543409720787, 41.165622986193277 ], [ -6.873662217540156, 41.165659396930451 ], [ -6.873767391112787, 41.16569269071158 ], [ -6.873917888381951, 41.165741875135275 ], [ -6.873990499318878, 41.165764277005913 ], [ -6.874116370696409, 41.165799144666479 ], [ -6.874257861543795, 41.165858675823841 ], [ -6.874406900637732, 41.165946921383473 ], [ -6.874452781806553, 41.165977584697778 ], [ -6.874570132706068, 41.166096726083133 ], [ -6.8745968443722, 41.166139245323457 ], [ -6.87464113231375, 41.166234811476507 ], [ -6.874659068988043, 41.166368715374816 ], [ -6.87466650463056, 41.166428403639628 ], [ -6.874684926999429, 41.166518373824736 ], [ -6.874706989372721, 41.166610905822274 ], [ -6.874702287169767, 41.166719713773425 ], [ -6.87470375314421, 41.166836511811198 ], [ -6.87473513032713, 41.166909155622008 ], [ -6.874839178015427, 41.166982681659881 ], [ -6.874925521268685, 41.167022430768384 ], [ -6.875000827534044, 41.167053328885949 ], [ -6.87508570175152, 41.167113947689991 ], [ -6.875168198327876, 41.167180394913558 ], [ -6.875239217136802, 41.167248701215115 ], [ -6.875325896837396, 41.167370570004195 ], [ -6.875355697177661, 41.167426089570576 ], [ -6.875386784217352, 41.167476760977969 ], [ -6.875419062102127, 41.16753987011063 ], [ -6.875452232151158, 41.167593714774881 ], [ -6.875506019971444, 41.167684614860832 ], [ -6.875545947544135, 41.167740510584387 ], [ -6.875596540814991, 41.167798958357785 ], [ -6.875647947528545, 41.16785867736229 ], [ -6.875694374939781, 41.167904743117838 ], [ -6.875744201773865, 41.167947513559362 ], [ -6.875799457156691, 41.167998897119759 ], [ -6.875852160243524, 41.168040623828439 ], [ -6.875965265208055, 41.168126760690576 ], [ -6.876082552299374, 41.168224832074486 ], [ -6.876174273529264, 41.168313618432755 ], [ -6.876214454022281, 41.168356018668199 ], [ -6.876277680368077, 41.168439453469603 ], [ -6.876358132225367, 41.168557113427966 ], [ -6.87638160266858, 41.168613282172593 ], [ -6.876400784852313, 41.168663644209083 ], [ -6.87642096754111, 41.168736164490383 ], [ -6.876427036518634, 41.168805110110817 ], [ -6.876427390878993, 41.168867875101746 ], [ -6.876407693157913, 41.168963640026689 ], [ -6.876392301768741, 41.169027042661682 ], [ -6.876373342959757, 41.169084013469629 ], [ -6.876351153829473, 41.16913518191096 ], [ -6.876329846577125, 41.169196630021823 ], [ -6.876275077668041, 41.169338113962006 ], [ -6.876233499765545, 41.169443728228877 ], [ -6.876207389738003, 41.169507009350859 ], [ -6.876177229070424, 41.16958888829712 ], [ -6.876175885390611, 41.169696650627756 ], [ -6.876201313480624, 41.169769233587019 ], [ -6.876257951267219, 41.169842151748206 ], [ -6.876375228822125, 41.169959668817242 ], [ -6.876408777451392, 41.170018559604991 ], [ -6.876418585962031, 41.170072964817251 ], [ -6.876414003706107, 41.17013197885246 ], [ -6.876399983713024, 41.17022330547362 ], [ -6.876384001965492, 41.170342707001744 ], [ -6.8763763292145, 41.170395207074698 ], [ -6.876354924917726, 41.170499057009387 ], [ -6.876443083934934, 41.17059996066078 ], [ -6.876500262277051, 41.170651190175732 ], [ -6.876606521950022, 41.170740133901099 ], [ -6.876671267557217, 41.170800264484349 ], [ -6.876663980811393, 41.170888697744715 ], [ -6.876622376032308, 41.17103959782429 ], [ -6.87653576277207, 41.171188931713097 ], [ -6.876514976251547, 41.171241559723718 ], [ -6.876510577344442, 41.171315795338629 ], [ -6.876593752805426, 41.171390712754487 ], [ -6.876680626627299, 41.171421821518138 ], [ -6.87685126271263, 41.171459428286624 ], [ -6.876913197001392, 41.171473340763974 ], [ -6.87703185760462, 41.171518480376783 ], [ -6.877095028966353, 41.171561396666618 ], [ -6.877152032011553, 41.171621623514461 ], [ -6.877322227297038, 41.171719725853805 ], [ -6.877385843520326, 41.171758149299883 ], [ -6.877453709864049, 41.171811199347751 ], [ -6.877543370149546, 41.171896003023534 ], [ -6.877578296574607, 41.171938883029242 ], [ -6.87767162722963, 41.172062889837754 ], [ -6.877746223928089, 41.172156535915008 ], [ -6.87781510190724, 41.172212746401087 ], [ -6.877865173664405, 41.17224255271374 ], [ -6.877929325864866, 41.172278098596578 ], [ -6.878019467866753, 41.172312572578377 ], [ -6.878098648510201, 41.172340720529697 ], [ -6.878145718913254, 41.172372204786733 ], [ -6.878187463879819, 41.172407500944914 ], [ -6.878291106755514, 41.172521809680248 ], [ -6.878359145065565, 41.172584410786527 ], [ -6.878399376556773, 41.172624283355304 ], [ -6.878441846081913, 41.172659592717274 ], [ -6.878553539082281, 41.172720141859436 ], [ -6.878618331738575, 41.172759200521355 ], [ -6.878666929968801, 41.17279151787718 ], [ -6.878805829016892, 41.172887839166542 ], [ -6.878854878461575, 41.172933931286117 ], [ -6.878930739265587, 41.173018045141241 ], [ -6.878975236272707, 41.173084344093553 ], [ -6.8790289792041, 41.173159211142739 ], [ -6.879070841820555, 41.173207570468584 ], [ -6.879183179372779, 41.173290637099882 ], [ -6.879304494692368, 41.173315547716577 ], [ -6.879441160369204, 41.173353676713916 ], [ -6.879489843710082, 41.173400574042773 ], [ -6.879535075369494, 41.173447259099724 ], [ -6.879697879136357, 41.173602097665373 ], [ -6.879744139058912, 41.173657431437505 ], [ -6.879815649196427, 41.173750770649882 ], [ -6.879847202411563, 41.173796134392632 ], [ -6.87995722442589, 41.173731509186013 ], [ -6.880030392711983, 41.173694035338194 ], [ -6.880092338949612, 41.173669949054116 ], [ -6.880173414026764, 41.173636524735699 ], [ -6.880437532724374, 41.173552416811908 ], [ -6.880536094726151, 41.173520259333706 ], [ -6.880616007468669, 41.173491592417037 ], [ -6.88071460441255, 41.173451335101028 ], [ -6.880786336718352, 41.173420330786094 ], [ -6.880984513203791, 41.173338563186711 ], [ -6.881042847044354, 41.173310024214857 ], [ -6.88115705273725, 41.173257508793327 ], [ -6.881253742236578, 41.173204802853249 ], [ -6.881330599534293, 41.173154946251579 ], [ -6.881397271135081, 41.173114070303214 ], [ -6.88145845027339, 41.173073949489826 ], [ -6.881505222440098, 41.173039519314088 ], [ -6.881545708582742, 41.173003400971538 ], [ -6.881586716444136, 41.172965038165962 ], [ -6.881657099629866, 41.172885847744588 ], [ -6.881690053606648, 41.172838125885917 ], [ -6.881724739287341, 41.172794019961962 ], [ -6.881754307400661, 41.172749319976667 ], [ -6.882632369689853, 41.172513484800113 ], [ -6.882650475252956, 41.172344315635023 ], [ -6.882642762450774, 41.172204490435242 ], [ -6.882559018953162, 41.172083649517603 ], [ -6.882491735991256, 41.171937232031837 ], [ -6.882549769934348, 41.171767599653663 ], [ -6.882613280825141, 41.171698503201746 ], [ -6.882650071871125, 41.171662615357832 ], [ -6.882731298338695, 41.17157678983272 ], [ -6.882865223665208, 41.171426616072957 ], [ -6.882983859109189, 41.171297608638788 ], [ -6.883025609977287, 41.171257544394926 ], [ -6.883098772244085, 41.171188556931007 ], [ -6.883210407335052, 41.171076409042172 ], [ -6.883253605898157, 41.171035458216622 ], [ -6.883400216189075, 41.170907655249451 ], [ -6.883534544874479, 41.170792599166198 ], [ -6.88372823128689, 41.170670350638524 ], [ -6.88385614900421, 41.170623299058327 ], [ -6.884038466076793, 41.170554139877815 ], [ -6.884140908921342, 41.170511938599766 ], [ -6.884376297283124, 41.170427509950777 ], [ -6.884656713629748, 41.170312679559302 ], [ -6.884739816333306, 41.170278373557039 ], [ -6.884865344277264, 41.170219224073321 ], [ -6.885064734468826, 41.170110273791742 ], [ -6.885156106284886, 41.170048596454755 ], [ -6.885302309189796, 41.169954194449225 ], [ -6.885361177682182, 41.169916562227094 ], [ -6.885423000463271, 41.169873382152147 ], [ -6.885542127919321, 41.169799486828445 ], [ -6.885609074234308, 41.169762842391172 ], [ -6.885821520078059, 41.169732184024362 ], [ -6.885991948603714, 41.169736552652033 ], [ -6.886147707976335, 41.169754533038628 ], [ -6.886230192270584, 41.169822140051508 ], [ -6.886347715593836, 41.16994667916876 ], [ -6.886487540769165, 41.170075956214532 ], [ -6.886668978687931, 41.170210362895375 ], [ -6.886738651765949, 41.17024353254147 ], [ -6.886888379549128, 41.170303132844232 ], [ -6.887075624944484, 41.170325953830229 ], [ -6.887256135605083, 41.170251099221602 ], [ -6.887425548091304, 41.170152176130529 ], [ -6.887510746309127, 41.170076291932666 ], [ -6.887640783864061, 41.169973611133017 ], [ -6.887689348210982, 41.169944867660433 ], [ -6.887789820679842, 41.169893279367884 ], [ -6.887919456448752, 41.1698308412481 ], [ -6.887972521974846, 41.169803504137668 ], [ -6.888161237055706, 41.169723151566636 ], [ -6.888226549933631, 41.169697114561671 ], [ -6.888361922673057, 41.169645992155033 ], [ -6.888523313177391, 41.169599291740695 ], [ -6.888638920859302, 41.169572715731171 ], [ -6.888723653183434, 41.169559495802197 ], [ -6.888933744353523, 41.169539880362464 ], [ -6.889071369483244, 41.169546139258571 ], [ -6.889280121207025, 41.16959115623078 ], [ -6.889445361595005, 41.169636786148786 ], [ -6.889661798510788, 41.169710343725576 ], [ -6.889918124845646, 41.169892283250249 ], [ -6.889938353926648, 41.169906367905163 ], [ -6.890101310681224, 41.169953416487218 ], [ -6.890290576060519, 41.169989220827333 ], [ -6.890372334409333, 41.16999459974074 ], [ -6.890434165477363, 41.16999526513569 ], [ -6.890534462752698, 41.16999067476312 ], [ -6.890619055807947, 41.16998483438536 ], [ -6.890776390799078, 41.169975902405717 ], [ -6.890855682548843, 41.169973335276893 ], [ -6.890988052638613, 41.169967736249937 ], [ -6.891048743867256, 41.16996559775523 ], [ -6.89125725961792, 41.169966403057487 ], [ -6.891357048701421, 41.169969725579044 ], [ -6.891447762215383, 41.169974395321141 ], [ -6.891549798298319, 41.169978557671755 ], [ -6.89163496811018, 41.169980284394057 ], [ -6.891718362624626, 41.169981181549588 ], [ -6.891782093632698, 41.169982134121675 ], [ -6.891935933070862, 41.169975688524772 ], [ -6.892004132557258, 41.169973357621181 ], [ -6.892078967783829, 41.169972996245306 ], [ -6.892175306770284, 41.169976281779654 ], [ -6.892253420298774, 41.169985317160446 ], [ -6.892317222062452, 41.169995276983457 ], [ -6.892429560283771, 41.17002232627911 ], [ -6.892556660608167, 41.170056104762288 ], [ -6.892657169167236, 41.170078527967277 ], [ -6.892744223920737, 41.170080903557647 ], [ -6.892867336637603, 41.170067278171103 ], [ -6.892938317823059, 41.170056520035608 ], [ -6.893009337680068, 41.170043773270542 ], [ -6.893098675089119, 41.170026455129218 ], [ -6.893234588634557, 41.170003428251221 ], [ -6.893337308097514, 41.169990756037009 ], [ -6.893397341475705, 41.169985459593534 ], [ -6.893484936687863, 41.169978566234718 ], [ -6.893593875917697, 41.169970459180185 ], [ -6.893659007249154, 41.169966660823476 ], [ -6.893790339194521, 41.169959609448426 ], [ -6.893962490633483, 41.169948492393011 ], [ -6.894053134570881, 41.169944152548446 ], [ -6.894118686308263, 41.169943146119124 ], [ -6.894188314638996, 41.169941372239499 ], [ -6.894299680899856, 41.169937255124303 ], [ -6.894381702845606, 41.169934981455185 ], [ -6.89447605918492, 41.169929785301804 ], [ -6.894544535335362, 41.169925474969723 ], [ -6.894648530089797, 41.169920739794399 ], [ -6.894718463559879, 41.169921490019128 ], [ -6.89482950711986, 41.169915839127064 ], [ -6.894908952534619, 41.16991111167836 ], [ -6.894976373395699, 41.169905888434407 ], [ -6.895052172710064, 41.169898872467456 ], [ -6.895116977596588, 41.169893354497795 ], [ -6.895200123385072, 41.169888662123682 ], [ -6.895292166549991, 41.169885690557543 ], [ -6.895355943820464, 41.169884120504449 ], [ -6.89552374228645, 41.169889256224813 ], [ -6.895652297096539, 41.169903057856452 ], [ -6.89579279996167, 41.169914647551153 ], [ -6.895853854187409, 41.169918728643793 ], [ -6.895928990036115, 41.169921512221201 ], [ -6.896013613153243, 41.169920442166479 ], [ -6.8960881370542, 41.169917813914097 ], [ -6.896167854020967, 41.169911378637323 ], [ -6.8962301821246, 41.169904751147627 ], [ -6.896425289974628, 41.169870647316749 ], [ -6.896488104330786, 41.169856915282665 ], [ -6.896566605904848, 41.169838939648187 ], [ -6.896634738534557, 41.169821391078727 ], [ -6.896735654382072, 41.169796540948383 ], [ -6.896810457301412, 41.16977906298353 ], [ -6.896971952587148, 41.16974531681528 ], [ -6.897055002192959, 41.169726580195672 ], [ -6.897132797858372, 41.169708233732607 ], [ -6.897267331952148, 41.169682667037165 ], [ -6.897405216193581, 41.169656048436806 ], [ -6.897473677776107, 41.169640122733661 ], [ -6.897556995179706, 41.16962589066717 ], [ -6.897626742803091, 41.169617364722129 ], [ -6.897693187088915, 41.169613481822317 ], [ -6.897770569537967, 41.169610708464461 ], [ -6.897840142683792, 41.16961793857044 ], [ -6.897908871876177, 41.169625693524999 ], [ -6.898031022162557, 41.169644113137934 ], [ -6.898132311042545, 41.16966293289979 ], [ -6.89822075889153, 41.169673786729774 ], [ -6.898298785722051, 41.169681373725922 ], [ -6.898358992395655, 41.169685977444388 ], [ -6.898538443984017, 41.169692401538377 ], [ -6.898671818860838, 41.169690406978525 ], [ -6.898765001245113, 41.169684108831049 ], [ -6.898833629267147, 41.169678091299062 ], [ -6.898893682313362, 41.169671709005755 ], [ -6.898978707266759, 41.169661907112157 ], [ -6.899061600358221, 41.169651538465054 ], [ -6.899142591516447, 41.16964060553267 ], [ -6.899233757964094, 41.169627176678269 ], [ -6.899315136934272, 41.169614814328547 ], [ -6.899395837844725, 41.169600547496231 ], [ -6.89945895715484, 41.169589695711174 ], [ -6.89954634479493, 41.169574242529769 ], [ -6.89963853258733, 41.169557492781514 ], [ -6.899843226745795, 41.169526544507875 ], [ -6.899919359763278, 41.16951439207407 ], [ -6.900039317407667, 41.1694906433464 ], [ -6.900119012730302, 41.169472859047275 ], [ -6.90018257777413, 41.169456969347287 ], [ -6.900297850014889, 41.169429211091447 ], [ -6.900407438507607, 41.169399408282125 ], [ -6.900531798185664, 41.169363097732777 ], [ -6.900617519844771, 41.16933528940406 ], [ -6.900794292507331, 41.169287386656769 ], [ -6.900852973563936, 41.169271717148483 ], [ -6.90092740488077, 41.16925477637227 ], [ -6.900998481425171, 41.169238876545585 ], [ -6.901075034015029, 41.169223126198432 ], [ -6.901234583963296, 41.169197815267161 ], [ -6.901460182064935, 41.16915772885752 ], [ -6.901523825553384, 41.169144361298301 ], [ -6.901594458345231, 41.169126564597889 ], [ -6.90167640061732, 41.169103218007649 ], [ -6.901750963026792, 41.169079254909285 ], [ -6.901961766004756, 41.169040176252942 ], [ -6.902031688653042, 41.1690414603612 ], [ -6.902135403550094, 41.169051573972368 ], [ -6.902197071745081, 41.169060965273026 ], [ -6.902315668351446, 41.169071776223305 ], [ -6.902412076071853, 41.169071093924892 ], [ -6.902522064058497, 41.169064432974636 ], [ -6.902609621846822, 41.16905942492437 ], [ -6.902692787154299, 41.169053287587424 ], [ -6.902786934164701, 41.169039881453756 ], [ -6.902902064214985, 41.169012747548734 ], [ -6.902971782485901, 41.168993234857616 ], [ -6.903047849592483, 41.168965049664394 ], [ -6.903139726926145, 41.168933079578039 ], [ -6.903225543079587, 41.1688996841715 ], [ -6.90328981921345, 41.168871379201391 ], [ -6.903358934277925, 41.168839250504973 ], [ -6.903432070052408, 41.168847053718231 ], [ -6.903533611807109, 41.168852367997125 ], [ -6.90361194378469, 41.168850052851674 ], [ -6.903720220697999, 41.168832656719594 ], [ -6.903819034703457, 41.168805347720891 ], [ -6.90391543068656, 41.168767023336294 ], [ -6.904056996037123, 41.168702717001921 ], [ -6.904108467014237, 41.168677600125847 ], [ -6.904164191684357, 41.168647582670744 ], [ -6.904259832126255, 41.168592596866482 ], [ -6.904345158062926, 41.168547311789808 ], [ -6.904461425178249, 41.168478498606696 ], [ -6.904521114048607, 41.168446812491133 ], [ -6.904623878075513, 41.168392984666042 ], [ -6.904770531423305, 41.168330701814185 ], [ -6.904889247056985, 41.16829649452378 ], [ -6.904999279920583, 41.168268398339038 ], [ -6.905091998538968, 41.168248319256413 ], [ -6.905191732094929, 41.168229118958344 ], [ -6.905327669302944, 41.168210848390196 ], [ -6.90542650033442, 41.168201817392728 ], [ -6.905643019270856, 41.16818800526449 ], [ -6.905721286164884, 41.168189195081027 ], [ -6.90578708116302, 41.168194398317617 ], [ -6.905851287867211, 41.168201833813498 ], [ -6.905945563653023, 41.168219676064147 ], [ -6.906101351719784, 41.168274544748428 ], [ -6.906211051860759, 41.168321542491739 ], [ -6.906268938223708, 41.168348355660775 ], [ -6.906335798680419, 41.168379683603064 ], [ -6.906394564803882, 41.168403990336977 ], [ -6.906500242477747, 41.168449591644055 ], [ -6.90659258608676, 41.168487941216853 ], [ -6.906647649003548, 41.168513015149486 ], [ -6.90668031755631, 41.168537583155 ], [ -6.906888855227933, 41.168613544534558 ], [ -6.906954382730285, 41.168633058062767 ], [ -6.90702005781913, 41.168651496235505 ], [ -6.90711366989827, 41.168679233166166 ], [ -6.907189287904606, 41.168701103200291 ], [ -6.907335798951827, 41.168729402134836 ], [ -6.90740605170672, 41.168738344472203 ], [ -6.907465483791239, 41.168746265798042 ], [ -6.907530045071856, 41.168753704132946 ], [ -6.907608505074757, 41.168763815978409 ], [ -6.907714224058527, 41.168781506627589 ], [ -6.907776726080701, 41.168784419966741 ], [ -6.90787327868607, 41.168782652342955 ], [ -6.907937278516432, 41.168781984394947 ], [ -6.908144436215642, 41.168778240804215 ], [ -6.908227866613506, 41.168777145477456 ], [ -6.908318710822155, 41.168774778322103 ], [ -6.908410752190841, 41.168771790838107 ], [ -6.908488218492076, 41.168770902022132 ], [ -6.90856568013907, 41.16877064699267 ], [ -6.908665252205964, 41.168766572446927 ], [ -6.908757165300138, 41.168763945286607 ], [ -6.908870385350796, 41.168762892463938 ], [ -6.908996314514268, 41.168763961819927 ], [ -6.909122114615461, 41.168765563609249 ], [ -6.909215504045931, 41.168767098158263 ], [ -6.90944574295665, 41.168765308288719 ], [ -6.909566876257149, 41.168768032339401 ], [ -6.909637276603176, 41.16876931690296 ], [ -6.909768894068785, 41.168778280305091 ], [ -6.909843992585443, 41.168783035302909 ], [ -6.90991920605706, 41.168788337120759 ], [ -6.909994918212181, 41.168798411853196 ], [ -6.910066155858132, 41.168812404420429 ], [ -6.910156965790352, 41.168837316953137 ], [ -6.910227298867556, 41.168861382599019 ], [ -6.910315210826405, 41.168894636241369 ], [ -6.910401323810136, 41.168928775628594 ], [ -6.910503476970295, 41.16896533445744 ], [ -6.910578123378048, 41.168994487071416 ], [ -6.910689531897217, 41.169052573726034 ], [ -6.910931249804612, 41.169209552153831 ], [ -6.910986964138812, 41.169257144763058 ], [ -6.911047463935787, 41.169310187879859 ], [ -6.911086914265403, 41.169348240899438 ], [ -6.911161000892042, 41.169407555409812 ], [ -6.911210454372212, 41.169433377114601 ], [ -6.911299427905993, 41.169473759905472 ], [ -6.911425224082577, 41.169501561952025 ], [ -6.911539873137462, 41.169519611244723 ], [ -6.91160457482676, 41.169525971897507 ], [ -6.911675602191452, 41.169532036738246 ], [ -6.911829974477141, 41.169541594782132 ], [ -6.911936726457272, 41.169548576742514 ], [ -6.912013241794532, 41.169554156620237 ], [ -6.912160334539858, 41.16955769523581 ], [ -6.912932688476901, 41.169591526310377 ], [ -6.912999385295812, 41.169631849149091 ], [ -6.913062354284564, 41.169667453029945 ], [ -6.913121640726834, 41.169702383077613 ], [ -6.913196189974544, 41.169743689394373 ], [ -6.913331084173782, 41.169813819433386 ], [ -6.913400903777182, 41.169846607173888 ], [ -6.9134848333242, 41.169876491011117 ], [ -6.913568348536264, 41.169889976646871 ], [ -6.913666831132105, 41.169906238196056 ], [ -6.913755054638731, 41.16992292408279 ], [ -6.913851977427577, 41.16993970560285 ], [ -6.913932500978377, 41.169954333436017 ], [ -6.914004899500565, 41.169969774713685 ], [ -6.914138003722954, 41.169995311897118 ], [ -6.914273931150968, 41.170016465899494 ], [ -6.914356088504516, 41.170026339458637 ], [ -6.914464538323677, 41.170038468478381 ], [ -6.91455964392064, 41.170050189683039 ], [ -6.914759616167187, 41.170068326361132 ], [ -6.914886703766444, 41.170077502520527 ], [ -6.915075633847777, 41.170093635488342 ], [ -6.91521711923091, 41.170110616137364 ], [ -6.915482859975802, 41.170142054582186 ], [ -6.915750189553726, 41.170184039496846 ], [ -6.91582703774329, 41.170197187401669 ], [ -6.915953163885425, 41.170220217626785 ], [ -6.916018420519777, 41.170235220194677 ], [ -6.916131762360561, 41.170266222403576 ], [ -6.916227725205067, 41.170296496122475 ], [ -6.916435540784, 41.170373872366497 ], [ -6.916536108079524, 41.170412658320856 ], [ -6.916653687255212, 41.170459729364481 ], [ -6.916718386300027, 41.170485442319269 ], [ -6.916840075627499, 41.17052922506975 ], [ -6.916920450354819, 41.170552039368232 ], [ -6.916996769170908, 41.170574453319148 ], [ -6.917112313370335, 41.170609170399437 ], [ -6.917202196659784, 41.170639108092104 ], [ -6.917309370853141, 41.170681837588369 ], [ -6.917372958198259, 41.170710150527377 ], [ -6.917458207742726, 41.170752648437769 ], [ -6.917616542084706, 41.170825263809185 ], [ -6.917698774918462, 41.170889157644673 ], [ -6.917739427573103, 41.170926954558091 ], [ -6.917813780445255, 41.170997880186583 ], [ -6.917910818867496, 41.171124867819934 ], [ -6.917949431992518, 41.171189475336384 ], [ -6.91799217236048, 41.171275458884153 ], [ -6.918015492617688, 41.171341796780432 ], [ -6.918051101752237, 41.171472187984897 ], [ -6.918078487007295, 41.171544509655121 ], [ -6.918099197861699, 41.171590916454747 ], [ -6.918135632240278, 41.171657120755434 ], [ -6.918170890268064, 41.171722502265816 ], [ -6.918213032966156, 41.171795785451138 ], [ -6.918264197488474, 41.171870879069168 ], [ -6.918332800647072, 41.171969568150864 ], [ -6.91838413798025, 41.17204835161332 ], [ -6.918410587972025, 41.17211327817828 ], [ -6.918416886520969, 41.172211219093661 ], [ -6.918395215156155, 41.172320117408709 ], [ -6.918497551919833, 41.172405385030025 ], [ -6.918578336156806, 41.172463858695892 ], [ -6.918640804284557, 41.172514308295732 ], [ -6.918687628605155, 41.172553340484122 ], [ -6.918774710233037, 41.172619534796532 ], [ -6.918854688945888, 41.172683132106563 ], [ -6.918952811476427, 41.17275791014228 ], [ -6.919000817611137, 41.172797494007554 ], [ -6.919047461633218, 41.172833728377938 ], [ -6.919144920451304, 41.17289949246009 ], [ -6.919203394642032, 41.172940086994373 ], [ -6.919348461903658, 41.173027961635256 ], [ -6.919419871108178, 41.173071751075348 ], [ -6.91949832919078, 41.173121019008384 ], [ -6.919603755732001, 41.173200371001819 ], [ -6.91965624848033, 41.17324225109121 ], [ -6.91972683473129, 41.173291978871696 ], [ -6.919785903743922, 41.173319880006886 ], [ -6.919863550691141, 41.173361214644586 ], [ -6.919913699077508, 41.173388212268215 ], [ -6.919975569478881, 41.173425691655765 ], [ -6.920056574059482, 41.173459765517478 ], [ -6.920122884352246, 41.173475949195428 ], [ -6.920218304325685, 41.173490462118586 ], [ -6.920316718189998, 41.173504371702961 ], [ -6.920380205485332, 41.173518814726705 ], [ -6.920560788655878, 41.173580949068622 ], [ -6.920667862374466, 41.173609988164124 ], [ -6.920782474866002, 41.173630548132074 ], [ -6.921002864531475, 41.173653663796621 ], [ -6.921081030526994, 41.173660698390989 ], [ -6.921145571827979, 41.173669567748725 ], [ -6.921205062368748, 41.173681180590656 ], [ -6.921300666919642, 41.173705234394887 ], [ -6.921429414130605, 41.173747647712581 ], [ -6.921522456584382, 41.173794540265718 ], [ -6.921604447234223, 41.173833308242862 ], [ -6.921658018362708, 41.173855304226052 ], [ -6.92171862861738, 41.173877368825337 ], [ -6.921821599213625, 41.173909061315221 ], [ -6.921881636853612, 41.173923467229102 ], [ -6.92194918092925, 41.173937414511514 ], [ -6.922047429510343, 41.173960418614136 ], [ -6.922156820176903, 41.173986596681644 ], [ -6.922249095713081, 41.174010342771382 ], [ -6.9223245623025, 41.17403418308988 ], [ -6.922425237495635, 41.174074137372962 ], [ -6.922522031517883, 41.174111439583541 ], [ -6.922590552595171, 41.174130980197248 ], [ -6.922709177203918, 41.174140954694558 ], [ -6.922772495366215, 41.174138559674375 ], [ -6.922891514281289, 41.174127114693725 ], [ -6.923004415108043, 41.17412460579294 ], [ -6.923081973705165, 41.174138656739977 ], [ -6.923145677929132, 41.17416048117402 ], [ -6.923218472236168, 41.174187357824067 ], [ -6.923291478112864, 41.17420928079887 ], [ -6.923406176308188, 41.174231826262087 ], [ -6.92348554576771, 41.174244813667514 ], [ -6.923555407303232, 41.174255901240308 ], [ -6.923642589068101, 41.174271758255685 ], [ -6.923731201093181, 41.174293758409419 ], [ -6.923881204957671, 41.174340618732032 ], [ -6.923948950342078, 41.174363300024936 ], [ -6.924020027857746, 41.174386555606667 ], [ -6.924133535325966, 41.174428262958067 ], [ -6.924214970970604, 41.174458650348626 ], [ -6.924294425434714, 41.174492704962127 ], [ -6.924501097131114, 41.174587971001316 ], [ -6.924638167837769, 41.174651358480887 ], [ -6.924692462064703, 41.174673265199004 ], [ -6.924760173899366, 41.174698194885245 ], [ -6.92484454545381, 41.174730323413264 ], [ -6.924917898602577, 41.174759545017004 ], [ -6.925002661678753, 41.174789960456636 ], [ -6.925081487702827, 41.174819152929174 ], [ -6.92521102172562, 41.174858234262551 ], [ -6.925435372155232, 41.174912628094859 ], [ -6.925511074717239, 41.174930617944156 ], [ -6.925576974072892, 41.174950124790136 ], [ -6.925686452226315, 41.174990977995819 ], [ -6.925805016698216, 41.175062809485468 ], [ -6.925862918996431, 41.175115732052582 ], [ -6.925923333101387, 41.175252592745061 ], [ -6.925993277878844, 41.175278893926382 ], [ -6.926073833001357, 41.175311519996463 ], [ -6.926136799718265, 41.175347927978251 ], [ -6.926254318102396, 41.175438116386253 ], [ -6.926328021546055, 41.175500204794389 ], [ -6.926379504363177, 41.175539007147187 ], [ -6.926429602097826, 41.175569065498152 ], [ -6.926539225165837, 41.175621717472147 ], [ -6.926645703996648, 41.175663888055809 ], [ -6.926733975182463, 41.175685071963727 ], [ -6.926899526697821, 41.17571633226639 ], [ -6.927003772419204, 41.175737144837711 ], [ -6.927073492804335, 41.175749939578878 ], [ -6.927144805744042, 41.175760047926751 ], [ -6.927622486928263, 41.175770353413341 ], [ -6.927693551002984, 41.175768302393429 ], [ -6.927756634427662, 41.175759417433817 ], [ -6.927842542633947, 41.17574707694078 ], [ -6.927907595082509, 41.175734790950855 ], [ -6.927970106215375, 41.175718246407435 ], [ -6.928060207805514, 41.175678669938492 ], [ -6.928108045578842, 41.17564963617442 ], [ -6.928172932475087, 41.175600794391954 ], [ -6.928210611615438, 41.175560669304467 ], [ -6.928250361856014, 41.175504808712191 ], [ -6.928287818091115, 41.175450634883383 ], [ -6.928315560751923, 41.175380334840632 ], [ -6.928325253431495, 41.17531930025828 ], [ -6.928332154418691, 41.175267865445306 ], [ -6.928365705208352, 41.175179617964922 ], [ -6.928437421287509, 41.17508978700679 ], [ -6.928482503700677, 41.175048567834757 ], [ -6.928525942965766, 41.175012733913171 ], [ -6.928622700251093, 41.174954409859119 ], [ -6.928688530188822, 41.174919081978238 ], [ -6.928740349141909, 41.17489404868099 ], [ -6.928868859429755, 41.174852261147883 ], [ -6.928945923857661, 41.17483478595593 ], [ -6.929055792030034, 41.174815404461754 ], [ -6.929128840112001, 41.17480887755142 ], [ -6.929190385576469, 41.174805826582137 ], [ -6.929338288706113, 41.174805115333932 ], [ -6.929417121717441, 41.174808192146656 ], [ -6.929505808497741, 41.174806596118735 ], [ -6.929582881491526, 41.174808301108442 ], [ -6.929666606335297, 41.174810794084038 ], [ -6.929769590919953, 41.174816099431034 ], [ -6.929897751965854, 41.174826170674756 ], [ -6.929967621572079, 41.174797903855904 ], [ -6.930006092237481, 41.174746804146707 ], [ -6.930022713859593, 41.17467197369016 ], [ -6.930007055389113, 41.174596354904189 ], [ -6.929994466417085, 41.174528697187213 ], [ -6.929993025127708, 41.174483662561308 ], [ -6.93003601716727, 41.174439445981498 ], [ -6.930107973660782, 41.174414264968142 ], [ -6.930189071193695, 41.174417364906176 ], [ -6.930294030721062, 41.174438449376751 ], [ -6.930354048850537, 41.174453660142852 ], [ -6.930423731301111, 41.174475005448286 ], [ -6.930546422492521, 41.174523554567415 ], [ -6.930628074517375, 41.174561502229132 ], [ -6.930739906006471, 41.174617232867682 ], [ -6.930795493287587, 41.174633836898366 ], [ -6.930885404991585, 41.174643507712496 ], [ -6.930957438835737, 41.174633904058965 ], [ -6.931019266955955, 41.17461564084374 ], [ -6.931130796182686, 41.174563948204444 ], [ -6.931185774865992, 41.174528777555246 ], [ -6.931273810557466, 41.174458470327373 ], [ -6.931311758504737, 41.174423122785932 ], [ -6.931361091250106, 41.174370781751648 ], [ -6.931399916157885, 41.174326437435901 ], [ -6.931459436539329, 41.174264567381158 ], [ -6.93150532659631, 41.174218404987442 ], [ -6.93156342074262, 41.174156252574456 ], [ -6.931608521536584, 41.174113950062939 ], [ -6.931660410991348, 41.174071724658795 ], [ -6.931742769588463, 41.17400559426396 ], [ -6.931832722686982, 41.173934497132024 ], [ -6.931890243213671, 41.173884404054093 ], [ -6.931957213740583, 41.173825494554272 ], [ -6.932137088958735, 41.173678800206339 ], [ -6.932183521744975, 41.173641824671449 ], [ -6.932231491567159, 41.173605770956954 ], [ -6.932307860229774, 41.173547768715267 ], [ -6.932419972145569, 41.173483654330752 ], [ -6.932476003789024, 41.173456056572533 ], [ -6.932529953645286, 41.17343158671742 ], [ -6.932596791854309, 41.173406168897159 ], [ -6.932707360388177, 41.173367883500248 ], [ -6.932913052498571, 41.173314919541212 ], [ -6.933041639295157, 41.173288343240962 ], [ -6.93310962603976, 41.173278066673809 ], [ -6.933228591503024, 41.173250041097148 ], [ -6.933329761641379, 41.173217327959449 ], [ -6.933387457578564, 41.173196317382732 ], [ -6.933463932447117, 41.173165329564803 ], [ -6.933526322629332, 41.173135543801237 ], [ -6.93362885216328, 41.173087085587177 ], [ -6.933713953077701, 41.173040161951512 ], [ -6.933953046453481, 41.172913169231379 ], [ -6.93411099997934, 41.17282458914908 ], [ -6.934173495057198, 41.172788951459275 ], [ -6.934254474753522, 41.172739464267735 ], [ -6.934318475483821, 41.172699340122605 ], [ -6.934442694288198, 41.172631388868929 ], [ -6.934512629613771, 41.172592678798544 ], [ -6.934595788402879, 41.172541225937792 ], [ -6.934702096021365, 41.172468319428482 ], [ -6.934833708615141, 41.172373792553309 ], [ -6.934889260895013, 41.172333222718457 ], [ -6.934978206129763, 41.172271475967328 ], [ -6.935058319009881, 41.17221063311824 ], [ -6.935143178778168, 41.172150468076282 ], [ -6.935203600409117, 41.172104364395835 ], [ -6.935275117070965, 41.172044598909494 ], [ -6.935339988606764, 41.171996110332294 ], [ -6.935392370670664, 41.171959195357857 ], [ -6.935450939966205, 41.171916765762667 ], [ -6.935592248496737, 41.171825670353584 ], [ -6.935642260629677, 41.171794944350154 ], [ -6.935726179680772, 41.17174737843186 ], [ -6.935772928562703, 41.17171922963184 ], [ -6.935912702865577, 41.171607765003316 ], [ -6.935980089461248, 41.171545441291059 ], [ -6.936022705760545, 41.171495549546833 ], [ -6.93608150566157, 41.171433403040403 ], [ -6.936170671071424, 41.17134653529655 ], [ -6.936217392769249, 41.171293536511044 ], [ -6.936272271776761, 41.171224325055348 ], [ -6.936287700312486, 41.17121440259897 ], [ -6.936301877763351, 41.171175470330319 ], [ -6.936361376223434, 41.171035626436975 ], [ -6.936388231073894, 41.170974044614269 ], [ -6.93641574889106, 41.17091544823036 ], [ -6.936459764346927, 41.170847562650962 ], [ -6.936516302323043, 41.170765402402104 ], [ -6.936566148665396, 41.170711172657533 ], [ -6.936612652185705, 41.170670055951646 ], [ -6.936673855903507, 41.170619999601413 ], [ -6.936688936996684, 41.170609710614762 ], [ -6.936961676335458, 41.170354574327746 ], [ -6.937018926634447, 41.170299163407044 ], [ -6.93708466439516, 41.17022889198865 ], [ -6.937133312763127, 41.170155112445791 ], [ -6.937181634303845, 41.17007295837206 ], [ -6.937214917985433, 41.170005142930307 ], [ -6.937231848349582, 41.169958677476515 ], [ -6.937245615544692, 41.16987634103959 ], [ -6.937260486712179, 41.169772676336159 ], [ -6.937265000877896, 41.169707718079039 ], [ -6.937275681343667, 41.169591855215387 ], [ -6.937274167682792, 41.169531066295001 ], [ -6.937270649818077, 41.16944242667666 ], [ -6.937272252256977, 41.16935411124728 ], [ -6.937269278298467, 41.169308164834931 ], [ -6.93724898672611, 41.169198285937675 ], [ -6.937217220227391, 41.169123401189246 ], [ -6.937174077768616, 41.169058215476028 ], [ -6.937139512010739, 41.169012836002167 ], [ -6.937091806716138, 41.1689557984106 ], [ -6.937008663317004, 41.168816452691829 ], [ -6.936977532400635, 41.168766067442981 ], [ -6.936943640913171, 41.168702959525206 ], [ -6.936918163310128, 41.168649211416493 ], [ -6.936899369345639, 41.168601747356789 ], [ -6.936863839619493, 41.168524031244843 ], [ -6.936848292458449, 41.168481102953535 ], [ -6.936657773927068, 41.168310032145357 ], [ -6.936601547554009, 41.168250109147635 ], [ -6.936550810402482, 41.168189619169162 ], [ -6.936513768699891, 41.168142774923176 ], [ -6.936468677944433, 41.168080089846221 ], [ -6.93641761918588, 41.168017970324911 ], [ -6.936384956580969, 41.167972701336971 ], [ -6.936350301265395, 41.167912463915151 ], [ -6.936317251900712, 41.167849363657801 ], [ -6.936288432245729, 41.167776135406257 ], [ -6.936198421939505, 41.167601870029806 ], [ -6.936173689547595, 41.167552995314075 ], [ -6.936144728267434, 41.167487956588189 ], [ -6.93610748246531, 41.16742598048571 ], [ -6.936064343381377, 41.167360794380443 ], [ -6.936026047879361, 41.167297906929562 ], [ -6.935980635843948, 41.167193622941838 ], [ -6.93596535153883, 41.167149524922138 ], [ -6.935940304685146, 41.167078669659112 ], [ -6.935914920373607, 41.167000434716961 ], [ -6.935888229248879, 41.16690876826204 ], [ -6.935868333979545, 41.166836254852804 ], [ -6.935839702141599, 41.166628599798514 ], [ -6.935830825411901, 41.166566018105314 ], [ -6.935827269566098, 41.16651249673528 ], [ -6.935831135231487, 41.166463913836203 ], [ -6.935831922593863, 41.166439971993263 ], [ -6.93583893049895, 41.166402047508157 ], [ -6.935899187604964, 41.166325059397309 ], [ -6.935939461664073, 41.166279283370706 ], [ -6.936002107473499, 41.166215195009435 ], [ -6.936039665859352, 41.166174527562916 ], [ -6.936105815624413, 41.166120920330314 ], [ -6.936171551027848, 41.166070368348763 ], [ -6.936255999502984, 41.166012990295783 ], [ -6.936324849159332, 41.165974626136645 ], [ -6.936383991041485, 41.165939490781945 ], [ -6.936432052537148, 41.165910727725723 ], [ -6.936502111876924, 41.165871746641358 ], [ -6.936582977350633, 41.165847287059556 ], [ -6.936772275147182, 41.165796662374319 ], [ -6.936865398335699, 41.165773405912859 ], [ -6.936981235499879, 41.165732649886422 ], [ -6.937114946278479, 41.16566569551221 ], [ -6.937185640428958, 41.165630951631897 ], [ -6.937262630831535, 41.165590421313055 ], [ -6.937336022573938, 41.165551474318065 ], [ -6.937396267892703, 41.165514644516058 ], [ -6.937447170853589, 41.165480416223993 ], [ -6.937584789827639, 41.165401344521584 ], [ -6.937669168006936, 41.165347652772986 ], [ -6.937745901514901, 41.165288574593269 ], [ -6.937802590856239, 41.165237389329633 ], [ -6.93785605774999, 41.165206426242875 ], [ -6.937943447819266, 41.165170687331361 ], [ -6.9380145544817, 41.165152334699712 ], [ -6.938078115434641, 41.165136334837776 ], [ -6.938181673254737, 41.165115525745513 ], [ -6.938279881559931, 41.165101055781221 ], [ -6.938341462104196, 41.165095485399554 ], [ -6.938483514625617, 41.165080926244968 ], [ -6.938614035512167, 41.165071559739459 ], [ -6.938784363511211, 41.165061529907547 ], [ -6.938916266975749, 41.165054432026281 ], [ -6.939093343197635, 41.165046720035967 ], [ -6.939312980365146, 41.165037738168181 ], [ -6.939390150165313, 41.165033494848039 ], [ -6.939464627724723, 41.165033093540544 ], [ -6.939580471063837, 41.165031231813337 ], [ -6.939941870689851, 41.1649972447862 ], [ -6.940080539259902, 41.164991921036076 ], [ -6.940170352873565, 41.164986907756656 ], [ -6.940254896366302, 41.164983278679777 ], [ -6.940384275402057, 41.164977326204884 ], [ -6.940496775402035, 41.164949764507917 ], [ -6.940552527496176, 41.164917475910734 ], [ -6.940624534829581, 41.164869239134994 ], [ -6.940699936817072, 41.164817706838704 ], [ -6.940753326808156, 41.164783859385913 ], [ -6.94083530995198, 41.164743922200259 ], [ -6.940924278752143, 41.16466047015598 ], [ -6.940947249016594, 41.164602725042258 ], [ -6.940946384330465, 41.164531581793185 ], [ -6.940938311166816, 41.164464510319839 ], [ -6.940931030994476, 41.164412391181656 ], [ -6.940892920994339, 41.164233538743076 ], [ -6.94095115292713, 41.164287890692826 ], [ -6.941029463059414, 41.164365237147919 ], [ -6.941093569468455, 41.164417672526163 ], [ -6.941133954370213, 41.164451312084516 ], [ -6.941207217626605, 41.164517618463933 ], [ -6.9412541897137, 41.164555834510942 ], [ -6.941305900697587, 41.164601926854097 ], [ -6.941368920288451, 41.164655251243111 ], [ -6.941427169198894, 41.164708708117551 ], [ -6.941470712560924, 41.164771642707116 ], [ -6.941519176729241, 41.164852278055726 ], [ -6.941544793705748, 41.164898464074803 ], [ -6.941583081067167, 41.164961887189023 ], [ -6.941620581829452, 41.165029534985919 ], [ -6.941660505344119, 41.165088744867973 ], [ -6.941691823675481, 41.165128956178378 ], [ -6.941743660660723, 41.165181355206805 ], [ -6.941800965385466, 41.165227778014263 ], [ -6.941864041915498, 41.165277947677723 ], [ -6.941919503443384, 41.165321020739619 ], [ -6.942001195573517, 41.165376429671696 ], [ -6.942055602996022, 41.165411924709638 ], [ -6.942207206489838, 41.165514695984854 ], [ -6.94228821313944, 41.165561991222155 ], [ -6.942381429019639, 41.165598973265439 ], [ -6.942512415573019, 41.165643091586865 ], [ -6.94263555935746, 41.165672814853096 ], [ -6.94274281835322, 41.165691389689655 ], [ -6.942833762678565, 41.165702682566 ], [ -6.942905563780751, 41.165711886674785 ], [ -6.942984561877781, 41.165724766755879 ], [ -6.943095807586601, 41.165753828132715 ], [ -6.943169987131295, 41.165789436001894 ], [ -6.943234717139137, 41.165834048452936 ], [ -6.943290644559865, 41.165890895657647 ], [ -6.943320788648964, 41.165930556847293 ], [ -6.943355810652106, 41.165990253048157 ], [ -6.943383292371155, 41.166038707146008 ], [ -6.943420856294145, 41.166102932541648 ], [ -6.943455784175825, 41.166168303030688 ], [ -6.943485155134503, 41.166230824834365 ], [ -6.943506226899854, 41.166284797040824 ], [ -6.943532108358964, 41.166355926735399 ], [ -6.943549610735989, 41.166416071300461 ], [ -6.94357441961452, 41.16650717813372 ], [ -6.943599803067703, 41.166585955261837 ], [ -6.943635775392377, 41.166698878189315 ], [ -6.943649395605229, 41.16674961926531 ], [ -6.943656830457712, 41.166832713959963 ], [ -6.943660366767832, 41.166900910705309 ], [ -6.943662748333308, 41.166953699393943 ], [ -6.943679797502013, 41.167019152579407 ], [ -6.943726925785984, 41.167095093749381 ], [ -6.94378016896274, 41.167115899245204 ], [ -6.943837194354862, 41.167131882453532 ], [ -6.943853924013909, 41.167135748695408 ], [ -6.943918012424217, 41.167149913934566 ], [ -6.943992862939202, 41.167168425791452 ], [ -6.944220474264104, 41.167206514776886 ], [ -6.944346689778389, 41.167224383400374 ], [ -6.944469299154296, 41.167237801752286 ], [ -6.944923644032064, 41.167270304699549 ], [ -6.944919794934036, 41.167298356014975 ], [ -6.944908090804107, 41.167392508307373 ], [ -6.944903324202397, 41.167451885362574 ], [ -6.944939208135181, 41.167484310211456 ], [ -6.945017341175759, 41.167465934811673 ], [ -6.94512869699274, 41.167442412255568 ], [ -6.945261113150552, 41.167434140074242 ], [ -6.94532917828572, 41.167439073111296 ], [ -6.945453439983476, 41.167459802588596 ], [ -6.945565603569849, 41.167477253944632 ], [ -6.945649960870028, 41.167471098746155 ], [ -6.945708224873432, 41.167457922280136 ], [ -6.945793664685611, 41.167424673060374 ], [ -6.945877464103585, 41.167382950204889 ], [ -6.945941944066798, 41.167342195075328 ], [ -6.946003696841529, 41.167300958891673 ], [ -6.946060830393088, 41.167271116588694 ], [ -6.946158145031674, 41.167226825291699 ], [ -6.946304388061228, 41.167165029902492 ], [ -6.946380548078422, 41.167137094285792 ], [ -6.94644793615722, 41.167113832311102 ], [ -6.94650449888953, 41.16709559650792 ], [ -6.946582753455079, 41.16707083197565 ], [ -6.946647505621808, 41.167054839659535 ], [ -6.946713646399906, 41.167040933457784 ], [ -6.946775713541923, 41.167028333171714 ], [ -6.946874388844763, 41.167007648757014 ], [ -6.946941676841364, 41.166989522307226 ], [ -6.947089003694921, 41.16695358338329 ], [ -6.947157793607553, 41.166938259946889 ], [ -6.947228844514804, 41.166922965152999 ], [ -6.947299098174706, 41.166912432485432 ], [ -6.947371767660882, 41.166906426703932 ], [ -6.947451193064401, 41.166902739656145 ], [ -6.947554626813589, 41.16690209187523 ], [ -6.94768758901728, 41.166902913971867 ], [ -6.947809960423085, 41.166909575934014 ], [ -6.94790620060368, 41.166924611900278 ], [ -6.9480456424376, 41.166956116951503 ], [ -6.948104051341479, 41.166974457857229 ], [ -6.948211393607717, 41.167015267722704 ], [ -6.94828579104782, 41.16703908005568 ], [ -6.94836134168855, 41.167058674071363 ], [ -6.948419618447957, 41.167071065340735 ], [ -6.948517214209579, 41.167090708639854 ], [ -6.948610885417792, 41.167096440656373 ], [ -6.948703913205471, 41.167097938548565 ], [ -6.948817298891959, 41.167094055956554 ], [ -6.94894101082916, 41.167085786375694 ], [ -6.949402810611085, 41.167074765691474 ], [ -6.949496001646939, 41.167067258706993 ], [ -6.94957717741219, 41.167072052048567 ], [ -6.949693035645942, 41.167083322714753 ], [ -6.94980142810273, 41.167104968532271 ], [ -6.949865532488683, 41.167125071543133 ], [ -6.950001057077209, 41.167188679569705 ], [ -6.950059176003847, 41.167223579573452 ], [ -6.950133133877435, 41.167271879189215 ], [ -6.95021100231615, 41.167334896528558 ], [ -6.950262198627685, 41.167383772644619 ], [ -6.950342702746089, 41.16748589481665 ], [ -6.950399429842394, 41.16753825013506 ], [ -6.950454722184095, 41.167571137305224 ], [ -6.950588996196765, 41.167625188338029 ], [ -6.950647078584111, 41.167642079442963 ], [ -6.950708312245563, 41.167655945075062 ], [ -6.950782209728439, 41.167667957076979 ], [ -6.950853033224843, 41.167678765140124 ], [ -6.950938142645715, 41.167690083567912 ], [ -6.951029545456156, 41.167702818045385 ], [ -6.95110392904648, 41.167707811622023 ], [ -6.951228969197134, 41.167711612427205 ], [ -6.951309011931514, 41.167713333324969 ], [ -6.951434492773094, 41.167712636372407 ], [ -6.951549484879298, 41.167712374623271 ], [ -6.951645298978341, 41.16771164499783 ], [ -6.951713135987679, 41.167702523704492 ], [ -6.951798443289069, 41.167683134996906 ], [ -6.951858207280081, 41.167672763877462 ], [ -6.951996711847458, 41.167650232555474 ], [ -6.952088556645445, 41.16763829765263 ], [ -6.952218913561548, 41.16761820276195 ], [ -6.952326773918928, 41.167603547867003 ], [ -6.952387161738933, 41.167598043289033 ], [ -6.952475618492902, 41.167589046500609 ], [ -6.952595870567222, 41.167587751731205 ], [ -6.952694346623134, 41.167597764314344 ], [ -6.952843624341427, 41.167619009643509 ], [ -6.952989642335393, 41.167635990343975 ], [ -6.953210917664898, 41.16765563185789 ], [ -6.953273695385441, 41.167663296405969 ], [ -6.953402396850962, 41.167689105099299 ], [ -6.953490044570208, 41.167705216221606 ], [ -6.953601766977773, 41.167721035396923 ], [ -6.953721922012592, 41.167731808473732 ], [ -6.953818591582551, 41.167736399128103 ], [ -6.953903576706742, 41.167735012888699 ], [ -6.952669842609207, 41.169571018384076 ], [ -6.951656539259206, 41.170134924363467 ], [ -6.950627001519298, 41.170712698337233 ], [ -6.949626614805857, 41.17123872331991 ], [ -6.94884023850022, 41.171678241858743 ], [ -6.947808373995869, 41.172362666839852 ], [ -6.947263790386885, 41.172720653567318 ], [ -6.946848617642083, 41.173005595051876 ], [ -6.946565263592752, 41.173216435228483 ], [ -6.945834269579481, 41.17372781782732 ], [ -6.945322197359305, 41.174059298163137 ], [ -6.944861119181788, 41.174311438673612 ], [ -6.942395983843348, 41.174907838368114 ], [ -6.941738356514045, 41.175115708319453 ], [ -6.940914920220641, 41.175095137657486 ], [ -6.939561448522072, 41.175152005838918 ], [ -6.93816300095948, 41.175467886789185 ], [ -6.937754329906468, 41.1756805615396 ], [ -6.937133538868814, 41.175557974269914 ], [ -6.937012167619914, 41.175535014796061 ], [ -6.93680652978732, 41.175499389014774 ], [ -6.936708934506773, 41.175479559311448 ], [ -6.936622040431565, 41.175460922997807 ], [ -6.936439700033657, 41.175435348568961 ], [ -6.936428524829385, 41.175479710876481 ], [ -6.936424436263392, 41.175495154535014 ], [ -6.936402035857414, 41.175599913117559 ], [ -6.936378558862637, 41.175704563262038 ], [ -6.936348072357582, 41.175788975888047 ], [ -6.936278675491194, 41.175935383413098 ], [ -6.936252998505872, 41.175997602277768 ], [ -6.936227584704167, 41.176064868865183 ], [ -6.936204877809058, 41.17612090936192 ], [ -6.936179658217554, 41.176177372142199 ], [ -6.936159123494668, 41.176225243279944 ], [ -6.936139065644451, 41.17629967694495 ], [ -6.93612391613035, 41.176359398509668 ], [ -6.936105690824848, 41.176418004909614 ], [ -6.936071691282505, 41.176524886667508 ], [ -6.936052958881704, 41.176611403177056 ], [ -6.936033634721973, 41.176697822589702 ], [ -6.936016828183512, 41.176756712041175 ], [ -6.935998049754566, 41.176845748305176 ], [ -6.935980671420787, 41.176923272979465 ], [ -6.9359665353622, 41.177006052827501 ], [ -6.935956402775552, 41.177071854754033 ], [ -6.935936148565421, 41.177183023928201 ], [ -6.935917725597403, 41.177292053852547 ], [ -6.935906545201945, 41.17739575570824 ], [ -6.935903029604441, 41.177464598664542 ], [ -6.935901278689623, 41.17754111254294 ], [ -6.935895935489436, 41.177612282063848 ], [ -6.93589089541294, 41.177686241501213 ], [ -6.93588385575269, 41.177765492563886 ], [ -6.935877079253153, 41.177830161533493 ], [ -6.935867208913073, 41.17790092021982 ], [ -6.935850952812992, 41.17801528145857 ], [ -6.935830371078004, 41.178163906009381 ], [ -6.93582619497055, 41.178210050877794 ], [ -6.935824628935192, 41.178257037751543 ], [ -6.935820728319711, 41.178327316446307 ], [ -6.935810128826899, 41.178477754642351 ], [ -6.935805951356465, 41.178543798533099 ], [ -6.935788047835948, 41.17875494109294 ], [ -6.935780722086224, 41.17880375533597 ], [ -6.93576974166894, 41.178857124566839 ], [ -6.935760150389124, 41.178912938442949 ], [ -6.935753192443406, 41.178967794649481 ], [ -6.935746755168757, 41.17901382415706 ], [ -6.9357359714295, 41.179095649250854 ], [ -6.935725111529267, 41.179161894675104 ], [ -6.935717503295711, 41.179213322561765 ], [ -6.9357088485925, 41.179276532222403 ], [ -6.93570095018296, 41.17938314495273 ], [ -6.935694886787585, 41.17947420148743 ], [ -6.935689386734851, 41.179547350243212 ], [ -6.935674261833254, 41.179605718654081 ], [ -6.935679391930704, 41.179670777014181 ], [ -6.935718630318723, 41.180154252536624 ], [ -6.935732589944958, 41.180225616414482 ], [ -6.935724903639138, 41.180340337714775 ], [ -6.935726201998702, 41.180413195183363 ], [ -6.93573861380053, 41.180510389197082 ], [ -6.935759030269582, 41.180593614655642 ], [ -6.935806714589394, 41.180697926653302 ], [ -6.935846435720243, 41.180787570120877 ], [ -6.935884763561386, 41.180928066777327 ], [ -6.935894991464482, 41.180981661884772 ], [ -6.935897096450241, 41.181069198988766 ], [ -6.935886769089017, 41.181191455360093 ], [ -6.935868580645998, 41.181306967878861 ], [ -6.935851393177829, 41.181413127449794 ], [ -6.935801609905937, 41.181594852570662 ], [ -6.935761871127851, 41.181709241497977 ], [ -6.935688593309147, 41.181885137945521 ], [ -6.935629923906253, 41.182064067551828 ], [ -6.935583194644527, 41.182215214025192 ], [ -6.935541382699036, 41.182364785473432 ], [ -6.935503246339096, 41.182496030396109 ], [ -6.935466600314659, 41.182584065795751 ], [ -6.935407619175274, 41.182681596904118 ], [ -6.935341689233587, 41.182761680525914 ], [ -6.935273181208953, 41.182845426265537 ], [ -6.935181246947999, 41.182966024201683 ], [ -6.935019317119202, 41.183206281160281 ], [ -6.93496542833873, 41.183318539861659 ], [ -6.934897521215722, 41.18347432608023 ], [ -6.93481330057838, 41.183616342738034 ], [ -6.934729250138382, 41.183735407894744 ], [ -6.934633999781916, 41.183893877144662 ], [ -6.934557642469272, 41.184055336012321 ], [ -6.934523445637264, 41.184172665239515 ], [ -6.934493016654359, 41.184312447530246 ], [ -6.934482016549445, 41.184445141431119 ], [ -6.934476833449551, 41.18458609228901 ], [ -6.934484419045291, 41.184784798559591 ], [ -6.934486055397247, 41.184937075489849 ], [ -6.93449029183267, 41.185077489591421 ], [ -6.934494450063506, 41.185176575950138 ], [ -6.934487304244786, 41.185300580493561 ], [ -6.934452189747057, 41.185448509489305 ], [ -6.93440920361057, 41.185603382416431 ], [ -6.934357470002273, 41.185741594959481 ], [ -6.934299633271539, 41.185972486851703 ], [ -6.934294922158529, 41.18606733989521 ], [ -6.934282415115131, 41.186204520987999 ], [ -6.934246398086271, 41.186605006682377 ], [ -6.934233540949204, 41.186800437791312 ], [ -6.934220645851873, 41.186978670709941 ], [ -6.93419154466083, 41.187084168343354 ], [ -6.934144942219203, 41.187208567894579 ], [ -6.934110056403839, 41.187304726574993 ], [ -6.934073497912503, 41.187407892807151 ], [ -6.934013189690201, 41.187551601094988 ], [ -6.933943306472732, 41.187723661619252 ], [ -6.9338722079101, 41.187884183321451 ], [ -6.933691059186066, 41.188177450296998 ], [ -6.933628712431021, 41.188289353644123 ], [ -6.933567126671639, 41.188398472718163 ], [ -6.933496827160083, 41.188495345483567 ], [ -6.933408041683019, 41.188605802752868 ], [ -6.933265793550238, 41.188785029791191 ], [ -6.933212551452085, 41.188848584943479 ], [ -6.933133029967041, 41.188941221312682 ], [ -6.933031720385756, 41.189058746529547 ], [ -6.932953482475419, 41.18916598184444 ], [ -6.932893634612409, 41.189258283732954 ], [ -6.93276375292499, 41.189419540824666 ], [ -6.932696256044284, 41.189506088507827 ], [ -6.932597684048116, 41.189617341714033 ], [ -6.932500656450737, 41.189708894717704 ], [ -6.932488213472253, 41.189718038281541 ], [ -6.932527342304413, 41.189820823432839 ], [ -6.93253487444893, 41.189878616260813 ], [ -6.932550901213477, 41.189941001485387 ], [ -6.932576659917918, 41.190018611404525 ], [ -6.93260109969776, 41.190064158474648 ], [ -6.932630091638793, 41.190108398782471 ], [ -6.932659767863957, 41.190154266949037 ], [ -6.932693326347817, 41.190196481206947 ], [ -6.932757334261262, 41.190261885897648 ], [ -6.932817982009925, 41.190321947628817 ], [ -6.932854861068115, 41.190365098657942 ], [ -6.932888296378489, 41.190414069129936 ], [ -6.932918634121035, 41.190462827226781 ], [ -6.932971925787818, 41.190547209639348 ], [ -6.933026582843026, 41.190674643013743 ], [ -6.933039005941382, 41.190725464497845 ], [ -6.933083677721899, 41.19081173431946 ], [ -6.933137029854715, 41.190866854052679 ], [ -6.933228968141466, 41.190949745494947 ], [ -6.933284826484188, 41.190991654388831 ], [ -6.933325718331225, 41.191036833372287 ], [ -6.933350652955292, 41.191081570565764 ], [ -6.933374268221245, 41.191132959721358 ], [ -6.933418913805848, 41.191201312837308 ], [ -6.933460731788408, 41.191254601482051 ], [ -6.933501779465933, 41.191311304533926 ], [ -6.933546159389977, 41.191387759395354 ], [ -6.933565380202494, 41.191458011280275 ], [ -6.933569068703883, 41.191504146939025 ], [ -6.933603154866257, 41.191556636465094 ], [ -6.933540007741406, 41.19156155940302 ], [ -6.933504673235204, 41.191564522824827 ], [ -6.933445992206394, 41.191592637196955 ], [ -6.933399241141915, 41.191620065461933 ], [ -6.933340312848387, 41.191648986669435 ], [ -6.933291073170913, 41.191675482251995 ], [ -6.933232763356029, 41.19170297099754 ], [ -6.933135614938426, 41.191742206894482 ], [ -6.93307635037092, 41.19176329092106 ], [ -6.932945550969043, 41.191804338751815 ], [ -6.932841730743119, 41.19182405877617 ], [ -6.932777886614952, 41.191828164564072 ], [ -6.932710157000742, 41.191829442153768 ], [ -6.932625865425002, 41.191830547947966 ], [ -6.932514211095127, 41.191828750919605 ], [ -6.932446799496631, 41.191825801558323 ], [ -6.932352852208941, 41.19181356779459 ], [ -6.932286737473071, 41.191798293586757 ], [ -6.932201894034263, 41.191777420686535 ], [ -6.932090199198441, 41.191751499123413 ], [ -6.932019291699206, 41.191737523585189 ], [ -6.931835248995974, 41.191698510675479 ], [ -6.931758467607987, 41.191679704246255 ], [ -6.931679283350497, 41.191655740377158 ], [ -6.931586500595265, 41.191631992030054 ], [ -6.931461789572395, 41.191607644820323 ], [ -6.931254858304063, 41.191601256990161 ], [ -6.931136944043254, 41.191609302270884 ], [ -6.931051568962796, 41.191624170027943 ], [ -6.930873304007831, 41.191673275684309 ], [ -6.930764592999985, 41.191712388860353 ], [ -6.930711620702985, 41.191734618753841 ], [ -6.930561662305077, 41.191806795276243 ], [ -6.930430293937414, 41.191866204401265 ], [ -6.93031605451895, 41.191901571345504 ], [ -6.930210429109423, 41.19192856073191 ], [ -6.930105044742065, 41.191948890429408 ], [ -6.930042616236483, 41.191960037162858 ], [ -6.929941265361636, 41.1919812192154 ], [ -6.929869434479166, 41.191998477721278 ], [ -6.929793778108427, 41.192022719380276 ], [ -6.929706821294177, 41.192052248038543 ], [ -6.929649437856725, 41.192074159419299 ], [ -6.929554884042419, 41.192108649044016 ], [ -6.929454458611853, 41.19214442602695 ], [ -6.929377183800055, 41.192172343061699 ], [ -6.929314548871057, 41.192194738723153 ], [ -6.929232878159776, 41.19222224864378 ], [ -6.929095369810681, 41.192265023661264 ], [ -6.92899208512901, 41.192294380156895 ], [ -6.928802440601512, 41.192352903407269 ], [ -6.928719695833347, 41.192380134308294 ], [ -6.928657065373624, 41.192402263136238 ], [ -6.928596367603486, 41.192423324454573 ], [ -6.92854119734679, 41.192441836883809 ], [ -6.928469162979217, 41.192470081846082 ], [ -6.928412211365042, 41.192488032633022 ], [ -6.92835385908468, 41.192504619928691 ], [ -6.92829025538061, 41.192521696096691 ], [ -6.928191736519778, 41.19255074067032 ], [ -6.928012787955941, 41.192636930572014 ], [ -6.927956018831677, 41.19268423539544 ], [ -6.927906854217814, 41.192726493764432 ], [ -6.927837159743373, 41.192789603148171 ], [ -6.927797731198877, 41.192827188516304 ], [ -6.927744335467031, 41.19287246120836 ], [ -6.927703910867519, 41.192905532283973 ], [ -6.927660449749728, 41.192942265026041 ], [ -6.927510420953496, 41.192978966188683 ], [ -6.927436839465339, 41.192948034893291 ], [ -6.927398414621547, 41.192911613615209 ], [ -6.927385059746633, 41.192866186037428 ], [ -6.927386494829851, 41.192807404517744 ], [ -6.927385424071109, 41.192761562614145 ], [ -6.927381698384801, 41.192704890734518 ], [ -6.927374892663876, 41.192588127686733 ], [ -6.927349694050046, 41.192538611601229 ], [ -6.927320663395323, 41.192496618799701 ], [ -6.927290662577854, 41.192449035111878 ], [ -6.927220725878556, 41.192401663502743 ], [ -6.927144528057958, 41.192370703721672 ], [ -6.927086711386684, 41.192358033670523 ], [ -6.92702783231841, 41.192338239251328 ], [ -6.926957297127796, 41.192304007150007 ], [ -6.926897778573145, 41.192260613513035 ], [ -6.926863412646873, 41.192223701529663 ], [ -6.92683050585659, 41.192171850868114 ], [ -6.926774554388618, 41.192109410415434 ], [ -6.926628950214868, 41.192067642235422 ], [ -6.926546473321169, 41.192034362554992 ], [ -6.926498211930594, 41.192007745082861 ], [ -6.926434351962448, 41.191954136523648 ], [ -6.92638532910622, 41.191903562910305 ], [ -6.926276217625373, 41.191763127460518 ], [ -6.926232946802759, 41.191724406688856 ], [ -6.926144589802613, 41.1916674771416 ], [ -6.926056428776531, 41.191626037475359 ], [ -6.925956358995498, 41.19158393446142 ], [ -6.925845161031618, 41.19155071606059 ], [ -6.925714269445675, 41.191518911799527 ], [ -6.925579752271779, 41.191483199423864 ], [ -6.925304029645369, 41.191406030589626 ], [ -6.925188240532108, 41.191357005384241 ], [ -6.925125335934378, 41.191316100052845 ], [ -6.925079621329298, 41.191287169445779 ], [ -6.925023721726075, 41.191247777294372 ], [ -6.924958313272079, 41.191200632797909 ], [ -6.924849748032624, 41.191173654764654 ], [ -6.924732109990001, 41.191127401862275 ], [ -6.9246284725725, 41.191091740485533 ], [ -6.924496480201449, 41.191074242457248 ], [ -6.924422885168953, 41.191070678755956 ], [ -6.924348363435888, 41.19107187473427 ], [ -6.924276001634309, 41.191072289274956 ], [ -6.924129963645585, 41.191073551922599 ], [ -6.923990677246977, 41.191077133591556 ], [ -6.92388634193077, 41.191079098515985 ], [ -6.923570312451337, 41.191087942210281 ], [ -6.923481528540942, 41.19109322513642 ], [ -6.923355195600921, 41.191118284440378 ], [ -6.923302949981166, 41.191139975609083 ], [ -6.923237936433328, 41.191175036006626 ], [ -6.923178443389538, 41.191208449901225 ], [ -6.92311018263991, 41.1912516725085 ], [ -6.922885649091197, 41.191411930914448 ], [ -6.92283200033065, 41.191451342428067 ], [ -6.92277270514364, 41.191499615797341 ], [ -6.922722574919935, 41.191548607649011 ], [ -6.922682644509482, 41.191593843047556 ], [ -6.922594728131732, 41.191714202752571 ], [ -6.922534776549385, 41.191798210730255 ], [ -6.922498330441076, 41.19185500519238 ], [ -6.922471780437569, 41.191898846887938 ], [ -6.922435241362908, 41.191960680826604 ], [ -6.922380331198292, 41.192048973631763 ], [ -6.922330524028644, 41.192126064083467 ], [ -6.922253651774224, 41.192196658021246 ], [ -6.922197711021618, 41.19223748938218 ], [ -6.922119212753956, 41.192292941103446 ], [ -6.922044659836534, 41.192341410193059 ], [ -6.921986593113821, 41.192374566537488 ], [ -6.921910576322866, 41.192418245288046 ], [ -6.921835769624074, 41.192454018543117 ], [ -6.921779115277788, 41.192475662636184 ], [ -6.921641032779259, 41.192530216212091 ], [ -6.921567953482528, 41.19255646135683 ], [ -6.921482056753907, 41.192586442440273 ], [ -6.921380916934073, 41.192622028364056 ], [ -6.921234652170883, 41.19268063721853 ], [ -6.921125264381984, 41.192730450773638 ], [ -6.920989611973369, 41.192795112788154 ], [ -6.920872285787307, 41.192855287252641 ], [ -6.92078596606686, 41.19289516962921 ], [ -6.920574773323031, 41.192990553668871 ], [ -6.920515820726694, 41.193020097410411 ], [ -6.920434639232631, 41.193059404243428 ], [ -6.920362035015187, 41.193092401263641 ], [ -6.920296747175263, 41.193122693039534 ], [ -6.92023701951046, 41.193149073450599 ], [ -6.920139835736599, 41.193190013239644 ], [ -6.920063205976638, 41.1932212568951 ], [ -6.920004602178484, 41.193244862266525 ], [ -6.91994462844437, 41.193271516357022 ], [ -6.919824720616961, 41.193329318788017 ], [ -6.919725334920768, 41.19338599393177 ], [ -6.919618444771329, 41.193461672213047 ], [ -6.919572392772167, 41.193496302745046 ], [ -6.919487514722547, 41.19355510605768 ], [ -6.919435735453868, 41.193596160897798 ], [ -6.919379604356716, 41.193647071610826 ], [ -6.919339020949716, 41.193688872894477 ], [ -6.919293744717974, 41.193739630558248 ], [ -6.919255193314433, 41.193787576891623 ], [ -6.919185764182592, 41.193880847393558 ], [ -6.919127662852841, 41.193961271426836 ], [ -6.919090681974478, 41.194007880048844 ], [ -6.919034109843302, 41.194083011360661 ], [ -6.918999055918908, 41.194128739861959 ], [ -6.918914242880882, 41.194241746963691 ], [ -6.918869589295382, 41.194297281369479 ], [ -6.918834466808313, 41.194346707062415 ], [ -6.918802679601383, 41.19438968229133 ], [ -6.918769473170288, 41.194432370622124 ], [ -6.918539525179693, 41.194684582975704 ], [ -6.918493611009622, 41.194730830653882 ], [ -6.918408997022119, 41.19481376771261 ], [ -6.918327874779329, 41.194888363266692 ], [ -6.918280071251675, 41.194933690520031 ], [ -6.918237477630808, 41.194980783488901 ], [ -6.918193878867304, 41.19502453433536 ], [ -6.918106325168209, 41.195143726501996 ], [ -6.918071775077222, 41.195201077059934 ], [ -6.918041371582285, 41.195272247568603 ], [ -6.918025643728609, 41.195317102797723 ], [ -6.917981252788371, 41.195403793653391 ], [ -6.917936936507261, 41.195505518451675 ], [ -6.917907756837175, 41.195568510844645 ], [ -6.917837589926696, 41.195721113042602 ], [ -6.917794207916168, 41.195765670979988 ], [ -6.917736029865364, 41.195811523290757 ], [ -6.91761913448523, 41.195886552020134 ], [ -6.917500994572662, 41.195970844370088 ], [ -6.917454224766957, 41.196005199032825 ], [ -6.917291000811796, 41.196110083796889 ], [ -6.915814598389397, 41.197130783298753 ], [ -6.915405474013577, 41.197394873859395 ], [ -6.915241083499827, 41.197543414791014 ], [ -6.915197701175522, 41.19767180575554 ], [ -6.915167897529338, 41.197832750407201 ], [ -6.915143020049845, 41.198030571922729 ], [ -6.915101604824477, 41.198194096745553 ], [ -6.91499351748539, 41.198333687631262 ], [ -6.914776047423483, 41.198432149476467 ], [ -6.914503235100405, 41.19848049756876 ], [ -6.914223800256141, 41.198564436356314 ], [ -6.913956012778977, 41.198721155963241 ], [ -6.913683180852302, 41.198905645834557 ], [ -6.913375343461553, 41.19909390522097 ], [ -6.913084539910904, 41.199205901670901 ], [ -6.91284587840053, 41.199340773686032 ], [ -6.912731490707621, 41.199421413656751 ], [ -6.911531680639608, 41.200529434475953 ], [ -6.91020394433255, 41.201224969151525 ], [ -6.910129810384674, 41.20128820237376 ], [ -6.909905862558604, 41.201432773261104 ], [ -6.909779181000115, 41.20151354707091 ], [ -6.909568064186151, 41.201666626465233 ], [ -6.909421699386717, 41.201780145525987 ], [ -6.909267423978198, 41.201883493090655 ], [ -6.909042750088364, 41.202028237336776 ], [ -6.908897917413232, 41.202123488396246 ], [ -6.908753310409732, 41.202225861166752 ], [ -6.908612339981867, 41.202331512078381 ], [ -6.908456697134007, 41.202430884919707 ], [ -6.908300003870475, 41.202522949498643 ], [ -6.908071177418954, 41.202653599542884 ], [ -6.907918565143002, 41.202744001646685 ], [ -6.907765403306826, 41.20284447592087 ], [ -6.907682550069613, 41.202895641176198 ], [ -6.907508081375958, 41.202981573726092 ], [ -6.907338310110104, 41.203052076266545 ], [ -6.9070963923652, 41.203143233730536 ], [ -6.906932687182994, 41.203208124107782 ], [ -6.906853340642328, 41.203250138378287 ], [ -6.906722063354039, 41.203353369033685 ], [ -6.906604022690262, 41.203475558970837 ], [ -6.906491046262466, 41.203594737754855 ], [ -6.906381397630329, 41.203701619944418 ], [ -6.906268153644003, 41.203803422358355 ], [ -6.906058438793992, 41.203963262272303 ], [ -6.905903136649282, 41.204076143097929 ], [ -6.905756939849048, 41.204186867953275 ], [ -6.905622503634739, 41.20428024835379 ], [ -6.905493858246962, 41.204370087816343 ], [ -6.905297346759492, 41.204518721091667 ], [ -6.905162461573687, 41.204617232061011 ], [ -6.904997310658693, 41.204759265232482 ], [ -6.904905041390444, 41.204835358352568 ], [ -6.904723422040809, 41.205023046010211 ], [ -6.904556309568719, 41.205014513716662 ], [ -6.904454929908776, 41.205016855347175 ], [ -6.9042468541465, 41.205024994077554 ], [ -6.904060050977241, 41.205036780124431 ], [ -6.903901294305713, 41.20505993843404 ], [ -6.903740384520868, 41.205057865836629 ], [ -6.903561611840153, 41.205041641516857 ], [ -6.903409147195705, 41.205002290983174 ], [ -6.903347152636969, 41.204970384898637 ], [ -6.903224815336861, 41.204901012272025 ], [ -6.903155683004068, 41.204868220383112 ], [ -6.903081382775039, 41.204837893478121 ], [ -6.902927078513003, 41.204782226250579 ], [ -6.902754524973688, 41.204726632144151 ], [ -6.902584384937358, 41.204676375052472 ], [ -6.902403933814682, 41.20462916251887 ], [ -6.902134795944505, 41.204555430176299 ], [ -6.901953534269661, 41.204507035947152 ], [ -6.90178875253104, 41.204450712227477 ], [ -6.901655753470826, 41.204390495381041 ], [ -6.901547688623134, 41.204329644664014 ], [ -6.90145945665185, 41.204266304773967 ], [ -6.901338956089778, 41.204175519284718 ], [ -6.901188575664838, 41.204069468199684 ], [ -6.901110606228596, 41.204037753765206 ], [ -6.901021659057017, 41.204012582102024 ], [ -6.900924522039928, 41.204004792363691 ], [ -6.900827853124284, 41.204016725492544 ], [ -6.900733150294827, 41.204037862799055 ], [ -6.9006394910986, 41.204067295811583 ], [ -6.900540780465796, 41.204105048429604 ], [ -6.900437686962829, 41.20416085125548 ], [ -6.900339448510489, 41.204230663122345 ], [ -6.900246508974334, 41.204304490712964 ], [ -6.900115170309745, 41.204410325187524 ], [ -6.900023768598732, 41.20447822729836 ], [ -6.8998924841923, 41.204587483627861 ], [ -6.899827734130876, 41.204657924722675 ], [ -6.899774294206341, 41.204729653845284 ], [ -6.899670649211915, 41.204909703944814 ], [ -6.89955155429746, 41.205062037887387 ], [ -6.899470589384931, 41.205209198615627 ], [ -6.899408062289845, 41.205364658658532 ], [ -6.899390205822519, 41.205439379100945 ], [ -6.899387381992044, 41.205513541182754 ], [ -6.899397198285128, 41.205588019674629 ], [ -6.899417486142753, 41.205656844175351 ], [ -6.89948398580152, 41.205804410621113 ], [ -6.899563863819037, 41.205957251744877 ], [ -6.899629603950316, 41.206107330193355 ], [ -6.899691722620335, 41.206329761331261 ], [ -6.899695404739872, 41.206413088973939 ], [ -6.899687787307981, 41.206501334234311 ], [ -6.899670136036741, 41.206590647037807 ], [ -6.899643867264509, 41.206675632929176 ], [ -6.899608112724171, 41.206757639508986 ], [ -6.899520555725247, 41.206919038813702 ], [ -6.899440474500993, 41.207094934495814 ], [ -6.899381718543576, 41.207265648084032 ], [ -6.89933927289047, 41.207424476401002 ], [ -6.899268545144233, 41.207680328010881 ], [ -6.899206898916049, 41.207845794484818 ], [ -6.899119264528388, 41.2080748191838 ], [ -6.899024705833368, 41.208310699094483 ], [ -6.898943765650239, 41.208455877833813 ], [ -6.898821252742791, 41.208669219782713 ], [ -6.898698418793416, 41.208899216501976 ], [ -6.898628593718437, 41.209049555514717 ], [ -6.898604807953254, 41.209122773370943 ], [ -6.89857460038198, 41.209264802281098 ], [ -6.898561522603691, 41.209402516428966 ], [ -6.898566976007699, 41.20947406507517 ], [ -6.898595897682969, 41.209616454207222 ], [ -6.898646467394111, 41.209742783532526 ], [ -6.898721574959947, 41.209851364234595 ], [ -6.898815247811123, 41.20994240326484 ], [ -6.898921855051475, 41.210018098433608 ], [ -6.898979911043943, 41.210043750090456 ], [ -6.89910891568982, 41.210075831029179 ], [ -6.899246015263905, 41.210095848533662 ], [ -6.899510143564116, 41.210138652846901 ], [ -6.899638795356647, 41.210170372852964 ], [ -6.899672205693164, 41.210175499284396 ], [ -6.899737850378395, 41.210228874212234 ], [ -6.899850833033525, 41.210346230012831 ], [ -6.899887987254187, 41.21043135583821 ], [ -6.899959133964972, 41.210592208501765 ], [ -6.8999911274537, 41.210730127252809 ], [ -6.899997945600649, 41.210805026428048 ], [ -6.899996564250992, 41.210961502504858 ], [ -6.899989353870085, 41.211123675127212 ], [ -6.899977573334906, 41.211275174050932 ], [ -6.899948563845172, 41.211435852639248 ], [ -6.899906020288328, 41.211593778699353 ], [ -6.899869152352819, 41.21174140729763 ], [ -6.899803829745879, 41.211982107338166 ], [ -6.899748122439089, 41.212155108225154 ], [ -6.899707671290296, 41.212321877844708 ], [ -6.899673498643273, 41.212497357663302 ], [ -6.899621804674304, 41.21276800417175 ], [ -6.899583745538445, 41.212928318257745 ], [ -6.899539644188217, 41.213080014673103 ], [ -6.899494235803054, 41.213212607636464 ], [ -6.899444529922418, 41.213383147905041 ], [ -6.89939625363217, 41.213528675885534 ], [ -6.899345016471362, 41.213679214367588 ], [ -6.899310392523366, 41.21379625490102 ], [ -6.89929307354568, 41.213886648872204 ], [ -6.899285490245509, 41.213934919205627 ], [ -6.899281336455519, 41.213959638453979 ], [ -6.899239267302235, 41.214015368236154 ], [ -6.899130300445118, 41.214103433940402 ], [ -6.89920617652708, 41.214107847785172 ], [ -6.899221061525711, 41.214108907698588 ], [ -6.899428602953916, 41.214149934391138 ], [ -6.899612973384745, 41.214192962591277 ], [ -6.899764854295732, 41.214219707174827 ], [ -6.899997344840992, 41.214284863438678 ], [ -6.90016263250588, 41.214334262028729 ], [ -6.900317671543349, 41.214390212728574 ], [ -6.900461459277741, 41.214467380498853 ], [ -6.900611060621949, 41.214552534757999 ], [ -6.900748169092826, 41.214635934389221 ], [ -6.900895846598629, 41.214709274221455 ], [ -6.900978380084935, 41.214739961645954 ], [ -6.901005724844965, 41.214750607980797 ], [ -6.90103532532191, 41.214761906926981 ], [ -6.900987380661752, 41.214794079382152 ], [ -6.90096889842135, 41.214806847394023 ], [ -6.90089504211027, 41.214911223988913 ], [ -6.900851784387275, 41.214973522672764 ], [ -6.900813923776627, 41.215046856802793 ], [ -6.900783939346351, 41.215170610387659 ], [ -6.900775054484964, 41.215250472791865 ], [ -6.900777969149945, 41.215330366939646 ], [ -6.900823614351654, 41.215484193910001 ], [ -6.900882217317121, 41.215653103502071 ], [ -6.90092646378468, 41.21579907745739 ], [ -6.90095099210173, 41.215902884359551 ], [ -6.90102892992757, 41.216115310102211 ], [ -6.901071735050309, 41.216217330760635 ], [ -6.901129653884732, 41.216352738842829 ], [ -6.901163013354886, 41.216437193304245 ], [ -6.901177813774874, 41.216544589513859 ], [ -6.901181164031961, 41.216607652584038 ], [ -6.901291012934866, 41.21718588540989 ], [ -6.901290618938541, 41.217244949346977 ], [ -6.901291972860125, 41.217331668912578 ], [ -6.901282669159052, 41.217453121802791 ], [ -6.90127120618429, 41.217530074448476 ], [ -6.901243224682725, 41.21762980790546 ], [ -6.901190546637619, 41.217736754957308 ], [ -6.901109573318639, 41.21787688966505 ], [ -6.901029509165985, 41.217994169242708 ], [ -6.900970437554173, 41.218092036550892 ], [ -6.900893392253293, 41.21822627588201 ], [ -6.900812333850551, 41.218358488622584 ], [ -6.900748848930117, 41.218443614714943 ], [ -6.900695424278121, 41.218533084840907 ], [ -6.900666096700871, 41.21864054718133 ], [ -6.900653640130026, 41.21880924181928 ], [ -6.900646912743847, 41.219008964381494 ], [ -6.900646448191029, 41.219173820201902 ], [ -6.900649061857083, 41.219295400562423 ], [ -6.9006626060027, 41.219406113923974 ], [ -6.900699493548971, 41.219505821225859 ], [ -6.900753636796956, 41.2196009437803 ], [ -6.900863445957619, 41.219767336367731 ], [ -6.900927346345616, 41.21985752101299 ], [ -6.901001414056138, 41.219958702075196 ], [ -6.901062926936394, 41.220055075664327 ], [ -6.901163619601096, 41.220250004066493 ], [ -6.901220555615088, 41.220355238067746 ], [ -6.90126505807482, 41.220468893728892 ], [ -6.901296519260621, 41.220641653547389 ], [ -6.901312359193772, 41.220751219051287 ], [ -6.901350520895744, 41.220916759983922 ], [ -6.901376997227024, 41.221037246777094 ], [ -6.90139269869625, 41.221173013355006 ], [ -6.901408797633006, 41.221351279509577 ], [ -6.901423677195493, 41.221467683163333 ], [ -6.90144144416981, 41.221595004449604 ], [ -6.901450475230559, 41.221730433133899 ], [ -6.901451818856354, 41.221798516923975 ], [ -6.901501542475886, 41.222047283969701 ], [ -6.901518477972536, 41.222117244398483 ], [ -6.901541056626013, 41.222248853511914 ], [ -6.901554731693563, 41.222391083955102 ], [ -6.901573634684853, 41.222515086771274 ], [ -6.901593421919033, 41.222636584220183 ], [ -6.901603818768996, 41.222699178744477 ], [ -6.901621944685863, 41.222820114573672 ], [ -6.901637984727082, 41.222944364073292 ], [ -6.901663404424873, 41.223057991014272 ], [ -6.901692714857194, 41.223161038431655 ], [ -6.901759278402651, 41.223389638163454 ], [ -6.90188837239363, 41.225535925190336 ] ] ] } },
{ "type": "Feature", "properties": { "dtmnfr": "040906", "freguesia": "Castedo", "municipio": "Torre de Moncorvo", "distrito_i": "Bragança", "nuts3_cod": "11D", "nuts3": "Douro", "nuts2": "Norte", "nuts1": "Continente", "area_ha": 1793.62, "perimetro_": 20, "designacao": "Castedo" }, "geometry": { "type": "Polygon", "coordinates": [ [ [ -7.186540531209909, 41.201441756525554 ], [ -7.186562582032493, 41.201458862887847 ], [ -7.186657721704315, 41.201499888934286 ], [ -7.186782061096444, 41.201557995332728 ], [ -7.186906875588244, 41.201608542910982 ], [ -7.187040944467899, 41.201670149651839 ], [ -7.187198213215921, 41.201743201098999 ], [ -7.187340439063693, 41.201801448412489 ], [ -7.187528587484795, 41.201891049635776 ], [ -7.187655207010673, 41.201948634465161 ], [ -7.187810388534547, 41.202009332247847 ], [ -7.187917144270409, 41.202047031929254 ], [ -7.188096090397351, 41.202121969962967 ], [ -7.188190143577408, 41.202164069026963 ], [ -7.188425568553396, 41.202290703612981 ], [ -7.188690366634699, 41.202431264930311 ], [ -7.188895536893309, 41.202539640316033 ], [ -7.189048622025169, 41.202622200235588 ], [ -7.189167938038208, 41.202690434867456 ], [ -7.189286128467943, 41.202762264512977 ], [ -7.189359568404893, 41.202812117327689 ], [ -7.189514335752865, 41.202901981077027 ], [ -7.189664427895269, 41.202985687992793 ], [ -7.18980888973828, 41.20307096393725 ], [ -7.189949764790875, 41.203148919660244 ], [ -7.190077497755993, 41.203228749402498 ], [ -7.190202648210303, 41.203306038494773 ], [ -7.190289452877167, 41.203363289908694 ], [ -7.190379227649736, 41.203438307355583 ], [ -7.190431003420692, 41.203494196794161 ], [ -7.190811313085669, 41.203811000617364 ], [ -7.190900744677422, 41.203835141383585 ], [ -7.191007293433561, 41.203887518677952 ], [ -7.191143693939426, 41.203961380859901 ], [ -7.19125730891707, 41.204020028589319 ], [ -7.191632301285444, 41.204242246201609 ], [ -7.191790793292437, 41.204331054137562 ], [ -7.191964848956264, 41.204431523374538 ], [ -7.192153981940515, 41.204545073424249 ], [ -7.192327734950599, 41.204642112658476 ], [ -7.192504407948423, 41.204734761645852 ], [ -7.192672008507341, 41.204820498517272 ], [ -7.192986427480385, 41.20496883497438 ], [ -7.193184722587476, 41.205066972787883 ], [ -7.19331826600684, 41.20513270983632 ], [ -7.193754612950095, 41.205367846962645 ], [ -7.193930526626911, 41.205464181069011 ], [ -7.194209506517098, 41.20563131484559 ], [ -7.194589754192853, 41.205854466076374 ], [ -7.194757336838562, 41.205958202663219 ], [ -7.195226254433674, 41.206209086747407 ], [ -7.195472506922201, 41.206339398553652 ], [ -7.195579583662965, 41.20640527403485 ], [ -7.195856970688925, 41.206551591257572 ], [ -7.196055904675739, 41.206630821507034 ], [ -7.196192313070102, 41.206680103639151 ], [ -7.196381923610442, 41.206760967355756 ], [ -7.196509262989766, 41.206819354170413 ], [ -7.196759766193966, 41.206944384445976 ], [ -7.196863351897, 41.206996454896334 ], [ -7.196904184766116, 41.207000660461709 ], [ -7.197112392963973, 41.207031340074501 ], [ -7.197350753199003, 41.207071542211636 ], [ -7.197530970532771, 41.207100554743235 ], [ -7.197950338369275, 41.207164822927091 ], [ -7.198128462941198, 41.207190124927031 ], [ -7.198237499748847, 41.207202263577045 ], [ -7.198453325884758, 41.207234174953001 ], [ -7.198744727109761, 41.20728380345431 ], [ -7.198954790359555, 41.207318641201297 ], [ -7.199203534860946, 41.207358113371654 ], [ -7.199418013503468, 41.207392708755506 ], [ -7.199553635926416, 41.20741352832156 ], [ -7.199787733118978, 41.207460437666946 ], [ -7.19996207402326, 41.207492009971396 ], [ -7.200108050785365, 41.207522724613497 ], [ -7.20020938202891, 41.207548847240503 ], [ -7.200339197454753, 41.207592663159346 ], [ -7.200489915197696, 41.207658891172464 ], [ -7.200682728754966, 41.207749948443514 ], [ -7.200803718752185, 41.207810532838906 ], [ -7.200926453420691, 41.207874552807475 ], [ -7.201048099941393, 41.207939736177913 ], [ -7.201159398079395, 41.208003033939079 ], [ -7.201242607655376, 41.208046206021237 ], [ -7.201369351445372, 41.208096209685941 ], [ -7.201501322264624, 41.208139504187145 ], [ -7.20163198415528, 41.208174053023484 ], [ -7.201758366187265, 41.208199832170763 ], [ -7.201852354909686, 41.208213737464206 ], [ -7.201946967040884, 41.20821765041439 ], [ -7.201940828930527, 41.208415692975088 ], [ -7.201938658005251, 41.208493289388606 ], [ -7.201934408825835, 41.208608057032684 ], [ -7.20192257323198, 41.208728438642119 ], [ -7.201884245091003, 41.208909646935723 ], [ -7.201851783434383, 41.209046341122324 ], [ -7.201832590437333, 41.209139015074129 ], [ -7.201796426434163, 41.209326908398424 ], [ -7.201764335734434, 41.209724272025845 ], [ -7.201762260289121, 41.209820505974726 ], [ -7.201755736443593, 41.209961367214902 ], [ -7.201752191953748, 41.210085684918013 ], [ -7.201749389440771, 41.210174079372358 ], [ -7.201747615428812, 41.210324887183361 ], [ -7.201750729504355, 41.210425036679183 ], [ -7.201756677034342, 41.210526920778506 ], [ -7.201772727291631, 41.210631497788377 ], [ -7.201790929293296, 41.210718622352864 ], [ -7.201823923663499, 41.211698619444206 ], [ -7.20184736077626, 41.211862233310306 ], [ -7.201873515736932, 41.212011278831703 ], [ -7.201892428934489, 41.212149015102725 ], [ -7.201906295423936, 41.212256275649906 ], [ -7.20193549092311, 41.212485305231318 ], [ -7.20195059029218, 41.212597707198348 ], [ -7.201976146820017, 41.212738284845969 ], [ -7.202013084443481, 41.212891920477198 ], [ -7.202035852774825, 41.213001596753401 ], [ -7.202057324711218, 41.213110624147511 ], [ -7.20207600393851, 41.213214955805938 ], [ -7.202070160660512, 41.213231477083141 ], [ -7.201994598550869, 41.213439937786696 ], [ -7.201939240672103, 41.213560149248707 ], [ -7.201870999483588, 41.213697539942331 ], [ -7.201783868382517, 41.213846752420828 ], [ -7.201688793767287, 41.213984735441024 ], [ -7.20156787799066, 41.214153398936986 ], [ -7.201479844730815, 41.214265506813476 ], [ -7.201328317360069, 41.214440222574844 ], [ -7.201271000094558, 41.214488382913508 ], [ -7.201112875041273, 41.214632614599878 ], [ -7.201021335308695, 41.214730647274628 ], [ -7.200931373252268, 41.21484427520987 ], [ -7.200846549067243, 41.214964871552986 ], [ -7.200756619686379, 41.215076154031934 ], [ -7.200631217649209, 41.21522488103048 ], [ -7.200554670905255, 41.215316552652915 ], [ -7.200480937504391, 41.215420857304458 ], [ -7.200415437268982, 41.215540800350716 ], [ -7.200381421396138, 41.21565280552398 ], [ -7.20037665663446, 41.215753430489634 ], [ -7.200391577053129, 41.215836569497696 ], [ -7.200619190308779, 41.216048384044498 ], [ -7.200716196411364, 41.216145061832236 ], [ -7.200862504901448, 41.216288324521557 ], [ -7.200919305275883, 41.216327681335642 ], [ -7.201050581911678, 41.216395644750875 ], [ -7.201192609438035, 41.216445499465024 ], [ -7.201408336183894, 41.216529087372834 ], [ -7.20144178535548, 41.216558354036607 ], [ -7.201460378378222, 41.216592535606559 ], [ -7.201449425544801, 41.216675737055816 ], [ -7.201425699485984, 41.216725970054682 ], [ -7.201350802198614, 41.216827740160433 ], [ -7.201256352267864, 41.216921250963544 ], [ -7.201169938888758, 41.217019324296018 ], [ -7.201108975344439, 41.217113916358514 ], [ -7.20107339665919, 41.217209612472502 ], [ -7.201030681401705, 41.217329382790517 ], [ -7.200969146261138, 41.217515178436486 ], [ -7.200900594190243, 41.217623211549721 ], [ -7.20081914695702, 41.217715926829015 ], [ -7.200725215469495, 41.21779755771756 ], [ -7.200568233646668, 41.217936122503012 ], [ -7.200465072326996, 41.218038025068012 ], [ -7.20035791136749, 41.21812773865755 ], [ -7.200273148448004, 41.218218801434368 ], [ -7.20025164650492, 41.21826338228928 ], [ -7.200242942679433, 41.218355602347891 ], [ -7.200263045105022, 41.21846012131477 ], [ -7.200302103232516, 41.218649249908069 ], [ -7.200319323139604, 41.218771843817017 ], [ -7.200359493132405, 41.218966838577231 ], [ -7.20040737752292, 41.219054742122943 ], [ -7.200451440374301, 41.219151354105826 ], [ -7.200483667981042, 41.219250385067063 ], [ -7.200477087486044, 41.219344248472424 ], [ -7.200434876519403, 41.219428092514946 ], [ -7.200372212734722, 41.219507992733 ], [ -7.200292702312789, 41.219598293076196 ], [ -7.200199909164027, 41.219708923326607 ], [ -7.200004275735135, 41.219940365986488 ], [ -7.199941162013177, 41.220027014512318 ], [ -7.199918305880439, 41.220091297959357 ], [ -7.199924304800514, 41.220139159412817 ], [ -7.19994829374983, 41.220364724517822 ], [ -7.199966712573711, 41.220461933810121 ], [ -7.199974208240635, 41.220589404800918 ], [ -7.199944679155628, 41.220678392826585 ], [ -7.19989860577666, 41.220774276284843 ], [ -7.199835546394833, 41.220889915775494 ], [ -7.199743451232642, 41.221026755102564 ], [ -7.199656615221071, 41.221154086306008 ], [ -7.19953388884526, 41.221323633149602 ], [ -7.199395530804132, 41.221509889020815 ], [ -7.199285741162831, 41.221658468126869 ], [ -7.199155748853191, 41.22184361830282 ], [ -7.199104599502042, 41.221951882342928 ], [ -7.199079436545388, 41.222069810588366 ], [ -7.19901357919109, 41.222348942755403 ], [ -7.19898449339399, 41.222406966204346 ], [ -7.198915539998109, 41.222509416712541 ], [ -7.198809217597879, 41.222673686140787 ], [ -7.198674761072489, 41.222879151537263 ], [ -7.198577443746747, 41.22301360191824 ], [ -7.198448291412042, 41.223189847575505 ], [ -7.198371635210304, 41.223314201679429 ], [ -7.198300305461537, 41.223449225640834 ], [ -7.198181494941469, 41.223686328283598 ], [ -7.198174852917985, 41.223734088957954 ], [ -7.198150295806098, 41.223750458051242 ], [ -7.198113110504388, 41.223824168212197 ], [ -7.198087304227291, 41.223911479650781 ], [ -7.197869965210203, 41.224359647054996 ], [ -7.197867347099264, 41.224443453282156 ], [ -7.197855697417627, 41.22452466589602 ], [ -7.197823793968051, 41.224620930062301 ], [ -7.197782998976438, 41.224713972349477 ], [ -7.197735540972229, 41.224881062626004 ], [ -7.197707852030561, 41.225016978229952 ], [ -7.197654633181996, 41.225220308277592 ], [ -7.197621928146886, 41.225348082091642 ], [ -7.197593514636179, 41.225484262793579 ], [ -7.197554792683467, 41.225640978267251 ], [ -7.197452246028202, 41.225933230979905 ], [ -7.19737338169481, 41.226153459393956 ], [ -7.197317782808421, 41.226314542374865 ], [ -7.197262439280722, 41.226457613755919 ], [ -7.197214335437362, 41.226594535610268 ], [ -7.197155001148978, 41.226808170396502 ], [ -7.197136035937465, 41.226884010105465 ], [ -7.197062509190183, 41.227072770837005 ], [ -7.196986746422172, 41.227242423702521 ], [ -7.196941803772667, 41.227358480666162 ], [ -7.196885713326452, 41.227477959474662 ], [ -7.196828750550867, 41.22757563939183 ], [ -7.196782246747587, 41.227650445628818 ], [ -7.196749248138436, 41.22771482685436 ], [ -7.196727706607983, 41.227870872224521 ], [ -7.19670547396191, 41.228067071231727 ], [ -7.19669240345757, 41.228256317027018 ], [ -7.196680860571576, 41.228438465587359 ], [ -7.196662757842004, 41.228973251140268 ], [ -7.196656777374064, 41.229108260644288 ], [ -7.196643242516208, 41.229246271904579 ], [ -7.196621164654078, 41.22938142240136 ], [ -7.196604102656806, 41.229666624951712 ], [ -7.196560548405229, 41.229794038190533 ], [ -7.196506650020634, 41.229910650569963 ], [ -7.196436625628542, 41.230020113931282 ], [ -7.196285300536243, 41.230177536209531 ], [ -7.196162140351919, 41.230291608461449 ], [ -7.196040705151562, 41.230418656939484 ], [ -7.195850394439854, 41.230599715887372 ], [ -7.195719668012279, 41.230717414148778 ], [ -7.195599502574484, 41.230838536073662 ], [ -7.195308646669517, 41.23118669939916 ], [ -7.195226248906359, 41.231294345029141 ], [ -7.195148628814051, 41.231401497374378 ], [ -7.195072965012788, 41.231504694788903 ], [ -7.195010459876477, 41.23160575463578 ], [ -7.19488305011898, 41.231808480454617 ], [ -7.194793476270313, 41.231741569406807 ], [ -7.194611542070107, 41.231610974873121 ], [ -7.194520198349813, 41.231559268835902 ], [ -7.194426889085965, 41.23152024159927 ], [ -7.194283618915229, 41.231471805521011 ], [ -7.194116835360914, 41.231408049703603 ], [ -7.193948050091312, 41.231350672938142 ], [ -7.193919807668345, 41.231349002814724 ], [ -7.193870603698954, 41.2313198792381 ], [ -7.193740638596527, 41.231392294355508 ], [ -7.19360809348267, 41.231461534132571 ], [ -7.193545562661869, 41.231505506903147 ], [ -7.193430015352209, 41.231612344979801 ], [ -7.193381831584483, 41.231670476658245 ], [ -7.193337233728663, 41.231845156182253 ], [ -7.193317256384467, 41.232016064928111 ], [ -7.193287147319709, 41.232195002769778 ], [ -7.193271907722437, 41.2323184147698 ], [ -7.1932464125094, 41.232433274686109 ], [ -7.193199661299098, 41.232600011137365 ], [ -7.19316755154743, 41.232710410423223 ], [ -7.193116609498727, 41.232828127564467 ], [ -7.19308051999311, 41.232883028117882 ], [ -7.193031640536982, 41.232931519557603 ], [ -7.192968434088391, 41.232972156763502 ], [ -7.192813675681351, 41.233035001384394 ], [ -7.192736184175081, 41.233057690064157 ], [ -7.192581487312753, 41.233082094532662 ], [ -7.192433940916223, 41.233082869202114 ], [ -7.192275509094016, 41.233059877531815 ], [ -7.192101897056902, 41.23302325721901 ], [ -7.191926414049149, 41.232966994194769 ], [ -7.191767292023303, 41.232909420406429 ], [ -7.191617713490142, 41.232868220971369 ], [ -7.191540360417386, 41.232856062276703 ], [ -7.191384460667537, 41.232864970034754 ], [ -7.191322702421032, 41.232888324888854 ], [ -7.19127816291604, 41.232924875614827 ], [ -7.191244320571021, 41.232972684325105 ], [ -7.191205313224862, 41.233073029362906 ], [ -7.191187013776099, 41.23325151936745 ], [ -7.191182364637243, 41.233392753085916 ], [ -7.191193274887258, 41.233597145541168 ], [ -7.191197707511407, 41.233728819151352 ], [ -7.191190226382652, 41.233859855950705 ], [ -7.191177024362218, 41.233923948132173 ], [ -7.191116687735282, 41.2340559922675 ], [ -7.191032193947449, 41.234176050538913 ], [ -7.190938836991887, 41.234289998966098 ], [ -7.190814312932415, 41.234397932322203 ], [ -7.190615326225019, 41.234549915502107 ], [ -7.190534195169563, 41.234593458818786 ], [ -7.190237130266509, 41.234647851458035 ], [ -7.190052333525641, 41.234666869176358 ], [ -7.189867803698351, 41.234692369939353 ], [ -7.189771005076294, 41.234713823350063 ], [ -7.189475478605129, 41.234810449574013 ], [ -7.189293067954097, 41.234871175532781 ], [ -7.189108470444565, 41.234925942363169 ], [ -7.188929887119806, 41.234986065233997 ], [ -7.188741527834697, 41.235045575502006 ], [ -7.188559700829972, 41.235090275073098 ], [ -7.188383395768922, 41.235116117348326 ], [ -7.188296134243362, 41.23512071104696 ], [ -7.188120762444547, 41.235106671496034 ], [ -7.187852857482188, 41.235049011610329 ], [ -7.187769275241465, 41.235030047964436 ], [ -7.187610323941835, 41.235010199745872 ], [ -7.187532066466666, 41.235011179624102 ], [ -7.187386227146868, 41.23504167627528 ], [ -7.187317616666116, 41.235068489683627 ], [ -7.187207068649615, 41.235141233319311 ], [ -7.187075826980543, 41.235268468032238 ], [ -7.186994263583626, 41.235341272225909 ], [ -7.18681412870936, 41.235533650228255 ], [ -7.186562924975187, 41.235666381298451 ], [ -7.186516686464667, 41.235696612413847 ], [ -7.186423122318346, 41.235725107388419 ], [ -7.18615916593435, 41.235798669404858 ], [ -7.186014852284487, 41.235830978577177 ], [ -7.185858902246251, 41.235842664283368 ], [ -7.185776287044968, 41.235831541617031 ], [ -7.185623378043784, 41.23578949663456 ], [ -7.185423325971078, 41.235749857405374 ], [ -7.185363779652461, 41.235751622802212 ], [ -7.185248527269977, 41.235778227515596 ], [ -7.185127405770088, 41.235831526873909 ], [ -7.184992221115648, 41.235900824941623 ], [ -7.184866226133169, 41.235977675538557 ], [ -7.184759407733777, 41.236064585757788 ], [ -7.184656576822834, 41.236164765652241 ], [ -7.184550616073046, 41.23625006650223 ], [ -7.184396310916206, 41.236379624754697 ], [ -7.184292154599741, 41.236496900285445 ], [ -7.184253154546205, 41.236563029154389 ], [ -7.18419356688952, 41.236691387653522 ], [ -7.18413109934253, 41.236804502751724 ], [ -7.184057556890136, 41.236965973986315 ], [ -7.184027160293859, 41.237088987756231 ], [ -7.18400320299429, 41.237219798121529 ], [ -7.183988684561097, 41.237349694935567 ], [ -7.183993346368017, 41.237464534728446 ], [ -7.18399450977606, 41.237565840432659 ], [ -7.184005633350108, 41.237704416067587 ], [ -7.18398299923796, 41.237999918679648 ], [ -7.183981661777778, 41.238125426583728 ], [ -7.183974648260826, 41.23832228568839 ], [ -7.183952272046266, 41.238451037205159 ], [ -7.183913776980076, 41.238564353367664 ], [ -7.183880725538817, 41.238713725380236 ], [ -7.183888818173618, 41.23876448786627 ], [ -7.183941243576498, 41.238884489969394 ], [ -7.184021656001602, 41.239015710449763 ], [ -7.184105694356472, 41.239135434614241 ], [ -7.184194729106669, 41.239239711947981 ], [ -7.18428890481959, 41.239326297109386 ], [ -7.184433522546343, 41.239455518931756 ], [ -7.184615803079811, 41.239612069433761 ], [ -7.1847077808557, 41.239702323320451 ], [ -7.184770505492478, 41.23974524836926 ], [ -7.18490198689588, 41.239826015707223 ], [ -7.184969571273716, 41.239870776086299 ], [ -7.184944643937263, 41.239895603095533 ], [ -7.184900584283219, 41.239956558141166 ], [ -7.184843333020699, 41.240022180295739 ], [ -7.184720028763426, 41.240168379850957 ], [ -7.184630423328541, 41.240227430719862 ], [ -7.184570840561692, 41.240248098591813 ], [ -7.184447572878052, 41.240267885158339 ], [ -7.184318424845548, 41.240281771373922 ], [ -7.184068358582929, 41.240300786293233 ], [ -7.183903141028523, 41.240309239689012 ], [ -7.183748729547729, 41.240313010680218 ], [ -7.183607665938193, 41.240325716454912 ], [ -7.183277381134512, 41.240349112176894 ], [ -7.183106597877593, 41.240354729045187 ], [ -7.182871560943631, 41.240366031808563 ], [ -7.182723974143819, 41.240367965989407 ], [ -7.182474250190482, 41.240363388641988 ], [ -7.182322823264546, 41.240350523887678 ], [ -7.182198540140225, 41.240332664345459 ], [ -7.182090648319068, 41.24032024887547 ], [ -7.18199489359285, 41.240342508387563 ], [ -7.181909157603122, 41.240398349421206 ], [ -7.181862916047471, 41.240469458990709 ], [ -7.181846235775184, 41.240542432618334 ], [ -7.18184630421973, 41.240620137611074 ], [ -7.181830911831414, 41.240702761657467 ], [ -7.181784552283588, 41.240790705169339 ], [ -7.181720706947016, 41.240874550476754 ], [ -7.181669118924104, 41.240960830898622 ], [ -7.181616493454603, 41.241069527415277 ], [ -7.181619838352429, 41.24114329587583 ], [ -7.181663721431778, 41.241226946376692 ], [ -7.181702699620779, 41.241270034311505 ], [ -7.181796786365284, 41.241354909968322 ], [ -7.181901932068374, 41.241433746927122 ], [ -7.182048097274864, 41.241538503258553 ], [ -7.182156288616372, 41.241580178241549 ], [ -7.182288688418316, 41.241605761941557 ], [ -7.182502066011977, 41.241641013694725 ], [ -7.18283927189792, 41.241675574556794 ], [ -7.18299609373046, 41.241703607330187 ], [ -7.183081316405426, 41.241741496567997 ], [ -7.183152439699766, 41.241797456778585 ], [ -7.183208721734225, 41.241873376327881 ], [ -7.183249088158121, 41.241969058188062 ], [ -7.183276266577307, 41.242077868151718 ], [ -7.183286931546938, 41.242189970636773 ], [ -7.18328837322777, 41.242296859295976 ], [ -7.18328947798776, 41.242451647839758 ], [ -7.183297012758652, 41.242582535841017 ], [ -7.183317925958858, 41.242703722445569 ], [ -7.183354122465182, 41.242807566281627 ], [ -7.183399812010631, 41.242947773994558 ], [ -7.18340401009904, 41.24304523198132 ], [ -7.183423570141399, 41.243210793959172 ], [ -7.183452935511206, 41.243316835133385 ], [ -7.183500739184612, 41.243418254407146 ], [ -7.183557160841255, 41.243509207249126 ], [ -7.1835985170784, 41.243594547826774 ], [ -7.183629522706854, 41.243686283273902 ], [ -7.183634923078626, 41.243783121770036 ], [ -7.183621142773488, 41.24382856791911 ], [ -7.183572155567788, 41.243916490435062 ], [ -7.183506681525043, 41.243989423804763 ], [ -7.183406749071174, 41.244044877797265 ], [ -7.183341649313943, 41.244067391261083 ], [ -7.183193088154243, 41.244102997777347 ], [ -7.183039377726108, 41.244115236518901 ], [ -7.182963324228004, 41.244111551123694 ], [ -7.182823526066957, 41.244085907133339 ], [ -7.182683986817179, 41.244041991312905 ], [ -7.182536356576013, 41.24398873161033 ], [ -7.182409364358608, 41.243927177391164 ], [ -7.182299363438029, 41.243853698773236 ], [ -7.182124175173748, 41.243750692070691 ], [ -7.182001491474976, 41.243696463599328 ], [ -7.181876690725784, 41.243665005054538 ], [ -7.181807373400437, 41.243665335449052 ], [ -7.181657536031563, 41.243690569336849 ], [ -7.181587188076668, 41.243712766515323 ], [ -7.181464808605065, 41.243769654043085 ], [ -7.181370224336351, 41.243842346479632 ], [ -7.181295489863347, 41.243928979191828 ], [ -7.18123075621535, 41.24402470132587 ], [ -7.181182726718102, 41.244120464288009 ], [ -7.181148429559557, 41.244223188380531 ], [ -7.181092710385078, 41.244413523381958 ], [ -7.181068052453296, 41.244526410826211 ], [ -7.181040082819254, 41.244678167633424 ], [ -7.181007813948321, 41.244765059451645 ], [ -7.18094286523841, 41.244850691449827 ], [ -7.180847844646755, 41.244928965965329 ], [ -7.180792173126155, 41.24495947865497 ], [ -7.180735652128908, 41.244974137098417 ], [ -7.180618103173307, 41.244960562567108 ], [ -7.180482516905834, 41.244923967394911 ], [ -7.180268656948505, 41.244863943962415 ], [ -7.18012544529703, 41.244818011953853 ], [ -7.179995942209056, 41.244748601644559 ], [ -7.179896947567102, 41.244665038139622 ], [ -7.179825089291094, 41.244577466414292 ], [ -7.179757168380767, 41.244481823567966 ], [ -7.17969056403054, 41.244368991975811 ], [ -7.179632266784139, 41.244251460574091 ], [ -7.179546724214958, 41.244103626239898 ], [ -7.179472003883729, 41.244016303408287 ], [ -7.179365618498315, 41.243924028897467 ], [ -7.179236546297884, 41.243825001452215 ], [ -7.179110762056428, 41.243754447720157 ], [ -7.178978674850735, 41.243715364928846 ], [ -7.178903539870169, 41.243705827305526 ], [ -7.178780666959451, 41.243697425547104 ], [ -7.178763502395274, 41.243696472903864 ], [ -7.178618831988919, 41.243694466877514 ], [ -7.178388526843452, 41.243698956569538 ], [ -7.178262321713535, 41.243714838563285 ], [ -7.178224385225489, 41.243731363381812 ], [ -7.178204685517267, 41.243757132669877 ], [ -7.17821763557812, 41.243834853507551 ], [ -7.17825764532558, 41.243930358533085 ], [ -7.178280029465602, 41.244031835649544 ], [ -7.178282893668269, 41.244121901173472 ], [ -7.178291347690428, 41.244279271780321 ], [ -7.17828840470811, 41.244408090450811 ], [ -7.17827162256298, 41.244536799749667 ], [ -7.178245748659009, 41.244650848822197 ], [ -7.178210316285834, 41.244749598103752 ], [ -7.178159839894722, 41.24484093198619 ], [ -7.178089125991339, 41.244912920176759 ], [ -7.177996659456739, 41.244963026224731 ], [ -7.177948752869264, 41.244975595580513 ], [ -7.177838452892467, 41.244972429446769 ], [ -7.177703051401125, 41.244947988053092 ], [ -7.177550021558717, 41.244913226477884 ], [ -7.177414088730091, 41.244875815352067 ], [ -7.177243215145753, 41.244837756523054 ], [ -7.177141792475988, 41.244831059087971 ], [ -7.177039579323043, 41.2448375081674 ], [ -7.176945636280593, 41.244866264128049 ], [ -7.176879259275914, 41.244918653280394 ], [ -7.176829102704132, 41.245184941299776 ], [ -7.176804460165904, 41.245320875679901 ], [ -7.17680675233453, 41.245417144780781 ], [ -7.176820373561364, 41.245661717005717 ], [ -7.176846521061363, 41.24578348661484 ], [ -7.176886006948735, 41.245890151896006 ], [ -7.176947584374712, 41.245987184378741 ], [ -7.177036265522339, 41.246090926642658 ], [ -7.177137950214665, 41.246202876882172 ], [ -7.177278568640784, 41.2463529701147 ], [ -7.177351633675507, 41.246455948598694 ], [ -7.177454190948319, 41.246606174051053 ], [ -7.177505739783045, 41.246728788222285 ], [ -7.177522644906984, 41.246796726574971 ], [ -7.177535216823763, 41.246932969045368 ], [ -7.177524790851622, 41.247059572650983 ], [ -7.177506167951086, 41.247232743960559 ], [ -7.177472187943352, 41.247444595385574 ], [ -7.177432581135483, 41.247575908101275 ], [ -7.177382848245632, 41.247689754363961 ], [ -7.177305590696803, 41.24777636256001 ], [ -7.177249465613381, 41.247812994321727 ], [ -7.177124802018167, 41.247878144659033 ], [ -7.176992323175711, 41.247931068146613 ], [ -7.176844065425914, 41.24797792043325 ], [ -7.176684619219086, 41.248023058849398 ], [ -7.176547045535945, 41.248073690278339 ], [ -7.176420722608037, 41.248146025723308 ], [ -7.17630425729926, 41.2482300609147 ], [ -7.176180412116017, 41.24831258949326 ], [ -7.175813112112476, 41.248523658475847 ], [ -7.175671474044573, 41.248598748851819 ], [ -7.175480425262646, 41.248683778268649 ], [ -7.175437807105083, 41.248693779367805 ], [ -7.175412313737171, 41.248699781024769 ], [ -7.17525699414868, 41.248723256449139 ], [ -7.175089017936111, 41.248739597763539 ], [ -7.174945425041979, 41.24874425637725 ], [ -7.174714898977805, 41.24875504148698 ], [ -7.174622648301241, 41.248789746893046 ], [ -7.174549227389043, 41.248841992272496 ], [ -7.174502718895961, 41.248906076946298 ], [ -7.17446340509344, 41.248976068755745 ], [ -7.174459837288956, 41.249016018956212 ], [ -7.1744965787692, 41.249098169249173 ], [ -7.174566678727315, 41.249175283958508 ], [ -7.174670600148641, 41.249313729632718 ], [ -7.174665212579869, 41.249348079459068 ], [ -7.174614224780197, 41.249416268758118 ], [ -7.174522153762836, 41.249471507570853 ], [ -7.17439258689529, 41.249512659643592 ], [ -7.174255810351862, 41.249532590142877 ], [ -7.174191705659057, 41.249527015756215 ], [ -7.174069717049616, 41.249506555354941 ], [ -7.173971228388171, 41.249510869030431 ], [ -7.173879517622821, 41.249541351816859 ], [ -7.173799688936361, 41.249591288699705 ], [ -7.173736069121234, 41.249658829403693 ], [ -7.173711366258098, 41.249740830776901 ], [ -7.173702962661606, 41.249834671467973 ], [ -7.173671146539228, 41.249921655836502 ], [ -7.173629918935139, 41.250008024218275 ], [ -7.173571714762148, 41.250113334336014 ], [ -7.173537033458745, 41.250217136006974 ], [ -7.173541996543706, 41.250310005793501 ], [ -7.17356957886354, 41.250414953078682 ], [ -7.173622759640375, 41.25052317147717 ], [ -7.173661606138242, 41.250575267746854 ], [ -7.173755149531342, 41.250672838367429 ], [ -7.173856166067924, 41.250757234285523 ], [ -7.173966813605976, 41.250835496637507 ], [ -7.174096792934249, 41.250897355116969 ], [ -7.174473724452276, 41.251025461817072 ], [ -7.174702840834811, 41.25111200223315 ], [ -7.174844012793338, 41.251175392793513 ], [ -7.17513448987729, 41.251300439354054 ], [ -7.175309619397883, 41.251359069610061 ], [ -7.175465270764369, 41.251419424837962 ], [ -7.175616071680244, 41.251485148264031 ], [ -7.175777787771493, 41.251546996860469 ], [ -7.175955934631902, 41.251602768118836 ], [ -7.176125832093351, 41.251651718375889 ], [ -7.176336560540836, 41.251723512493889 ], [ -7.176447100004171, 41.251785208567092 ], [ -7.176546018817795, 41.251857790253688 ], [ -7.176580506535692, 41.251898594226098 ], [ -7.176599806210961, 41.251982581603464 ], [ -7.176593183594254, 41.252027547854148 ], [ -7.176565996114975, 41.252124654215095 ], [ -7.1765013530396, 41.252213615813169 ], [ -7.176447426488842, 41.25225422990669 ], [ -7.176320514983578, 41.252326107374145 ], [ -7.176184973564089, 41.252383508254191 ], [ -7.176035828605825, 41.252441611657197 ], [ -7.175878498721812, 41.252512788258556 ], [ -7.175747595942833, 41.252595887895176 ], [ -7.175695028966371, 41.252641553417256 ], [ -7.175595876396736, 41.252748779501488 ], [ -7.17550933595027, 41.252874383265649 ], [ -7.175345692398188, 41.253108302043557 ], [ -7.175278887167436, 41.253214086162927 ], [ -7.17521461796534, 41.253326099648802 ], [ -7.175136993126366, 41.253453764494573 ], [ -7.175040413483903, 41.253564071072503 ], [ -7.174930540159186, 41.253653199202859 ], [ -7.174804278231326, 41.253720577440653 ], [ -7.174733079275319, 41.253743039700836 ], [ -7.174595718390676, 41.253778185284474 ], [ -7.17444797498658, 41.253788751376952 ], [ -7.174364552803993, 41.253782206758757 ], [ -7.174281307181099, 41.253763508054931 ], [ -7.174131419403714, 41.253708507146868 ], [ -7.173998846388825, 41.253652211439231 ], [ -7.173816172264284, 41.253571096198577 ], [ -7.173625116964497, 41.253483698010811 ], [ -7.17351933973338, 41.2534228547064 ], [ -7.173446025964558, 41.253361467040897 ], [ -7.173500801575564, 41.253107561296176 ], [ -7.173502085628305, 41.253068493427598 ], [ -7.173457433983945, 41.252988797175433 ], [ -7.173416965069586, 41.252949563153514 ], [ -7.173310513835363, 41.252886012814486 ], [ -7.173242213571889, 41.252865182433787 ], [ -7.173095061212662, 41.252835506223896 ], [ -7.172873283575893, 41.252801339290137 ], [ -7.172696092583922, 41.252785998626379 ], [ -7.172521831822822, 41.25276626924299 ], [ -7.172189749805975, 41.252736219290526 ], [ -7.172105478750176, 41.252738938345779 ], [ -7.171927731832802, 41.25275348807844 ], [ -7.171742779421096, 41.252779770901356 ], [ -7.171582013096375, 41.252807960795224 ], [ -7.171438662182988, 41.252828199474507 ], [ -7.171289853196061, 41.252838480695452 ], [ -7.171126534516089, 41.252837390800217 ], [ -7.170977630664063, 41.252821201556799 ], [ -7.170919668909582, 41.252803340201709 ], [ -7.170882007220544, 41.252776017728259 ], [ -7.170862849437297, 41.252739838624123 ], [ -7.170863232869769, 41.252664929756634 ], [ -7.170900545489337, 41.252585378195086 ], [ -7.170954832868082, 41.252495789378862 ], [ -7.171017619530799, 41.252404021443098 ], [ -7.171095492203957, 41.25230895978298 ], [ -7.171209907524175, 41.252154323603243 ], [ -7.171272608351662, 41.252051929998757 ], [ -7.1713145258993, 41.251951525514563 ], [ -7.171322115594188, 41.251897568084466 ], [ -7.171315029914369, 41.251794501398471 ], [ -7.171287830726841, 41.251688207995905 ], [ -7.171233257928688, 41.251593752248944 ], [ -7.171186944465882, 41.251554558650511 ], [ -7.171125621816111, 41.25152172165555 ], [ -7.170985182875184, 41.251465895192439 ], [ -7.170841867347696, 41.251418869407544 ], [ -7.170681412971193, 41.251376746956979 ], [ -7.170355451390105, 41.251288489236401 ], [ -7.170187407785987, 41.251251611435826 ], [ -7.170057077651611, 41.251238458555363 ], [ -7.170010162205556, 41.251240316221121 ], [ -7.169968239739937, 41.251251763556667 ], [ -7.169899957573606, 41.2513032331522 ], [ -7.169848815059918, 41.251381592708917 ], [ -7.169712015504931, 41.251581871874379 ], [ -7.169629602733564, 41.251685896884631 ], [ -7.169539916935223, 41.251781130614262 ], [ -7.169438682322377, 41.251866906071783 ], [ -7.169332161575212, 41.251938588133754 ], [ -7.169219640146376, 41.252004369911546 ], [ -7.169100258520277, 41.252066395263562 ], [ -7.168918729998324, 41.252159694315367 ], [ -7.168797639370774, 41.25223242258388 ], [ -7.168727573416336, 41.252308102883468 ], [ -7.168713484483884, 41.252349040729918 ], [ -7.168723844104281, 41.252431872219184 ], [ -7.168760118456032, 41.252505019900141 ], [ -7.168789877043848, 41.252582973390851 ], [ -7.168784715649834, 41.252682516080995 ], [ -7.168767062982366, 41.252739183005566 ], [ -7.168699838223493, 41.252848379518937 ], [ -7.168655586249957, 41.252896361580696 ], [ -7.16852353907179, 41.253024463734249 ], [ -7.16842201112629, 41.253080972586723 ], [ -7.168303624942457, 41.253123650286973 ], [ -7.168187611065465, 41.253175533699377 ], [ -7.16805540911946, 41.25324060642339 ], [ -7.167907773302117, 41.253316985671582 ], [ -7.16776064438839, 41.253407778190734 ], [ -7.167562320440005, 41.253531631810219 ], [ -7.167441270987029, 41.253601207545884 ], [ -7.167120297738328, 41.253773200100866 ], [ -7.167009346250387, 41.253861951429414 ], [ -7.166962894598065, 41.253913334113761 ], [ -7.16687938683543, 41.254017891751836 ], [ -7.166768921824159, 41.254146444004554 ], [ -7.166671296600298, 41.254270242634604 ], [ -7.166598896598806, 41.254349590073431 ], [ -7.166508835153474, 41.254437705011235 ], [ -7.166395909461159, 41.254538592847894 ], [ -7.166259159618614, 41.254637395946936 ], [ -7.166118440419224, 41.254721754532838 ], [ -7.165926877843519, 41.254839720295607 ], [ -7.165803222493057, 41.254907561618097 ], [ -7.165672605126808, 41.254970128248395 ], [ -7.165526697232169, 41.255025986951694 ], [ -7.165378809739153, 41.255094530864518 ], [ -7.165247573233949, 41.255166898132046 ], [ -7.165055592241814, 41.25526460246526 ], [ -7.164862976674239, 41.255356357554902 ], [ -7.164727954267002, 41.255410152113605 ], [ -7.164658484508104, 41.255420281695507 ], [ -7.16459063020375, 41.255417734496369 ], [ -7.164477757349836, 41.255385270666707 ], [ -7.164434989073613, 41.255356730805062 ], [ -7.164372631554945, 41.255281114017684 ], [ -7.16432375990119, 41.255188412913704 ], [ -7.164244122351356, 41.255046740886996 ], [ -7.164202280855455, 41.254955266718255 ], [ -7.164091900630271, 41.254729512500944 ], [ -7.16401158664894, 41.25463375624846 ], [ -7.163911544237811, 41.254540263155796 ], [ -7.163806501828647, 41.254462576836161 ], [ -7.163704335989096, 41.254408235173031 ], [ -7.163594517120902, 41.254371026738525 ], [ -7.163380085061629, 41.25430034507017 ], [ -7.16322104014587, 41.254235708538431 ], [ -7.163138262192791, 41.254185495093182 ], [ -7.163081576350194, 41.254137747947475 ], [ -7.16299075370845, 41.25407476727905 ], [ -7.162906490019045, 41.254004279296531 ], [ -7.162794866447986, 41.253887457141616 ], [ -7.162659129698589, 41.253682555532912 ], [ -7.162596536009255, 41.253526167498158 ], [ -7.16253176403556, 41.253371387196893 ], [ -7.162433262157259, 41.253222620822605 ], [ -7.162309615765752, 41.25316080711616 ], [ -7.162179429569137, 41.25314584481432 ], [ -7.161988852154751, 41.253172964918342 ], [ -7.161530398005699, 41.253346391503158 ], [ -7.161467469141563, 41.253366123178736 ], [ -7.161194474672559, 41.253423430317241 ], [ -7.160981913213536, 41.253420020354646 ], [ -7.160848098221356, 41.253400251049641 ], [ -7.160724160641439, 41.253358151191534 ], [ -7.16059626866127, 41.253285038404606 ], [ -7.160503694599942, 41.253187464462094 ], [ -7.160381431216595, 41.252983575293875 ], [ -7.16023435628739, 41.252691417449149 ], [ -7.160147153394693, 41.252585425678156 ], [ -7.160022437072455, 41.252499378632017 ], [ -7.159560712258861, 41.252306128614322 ], [ -7.159372888825438, 41.252203247141118 ], [ -7.159268509620765, 41.252097745114071 ], [ -7.159126019019505, 41.251906824030691 ], [ -7.158926296717461, 41.251697508516102 ], [ -7.158794399178904, 41.251492362879546 ], [ -7.158791292256501, 41.25139617673171 ], [ -7.158814442139189, 41.251291116874413 ], [ -7.158809209485826, 41.251241639352202 ], [ -7.158774119368626, 41.251194611273419 ], [ -7.158709098524752, 41.251154083822144 ], [ -7.158507308214935, 41.251084310436688 ], [ -7.158091808474948, 41.250993012617414 ], [ -7.157807476763583, 41.250962514314487 ], [ -7.157566610447205, 41.25096119753924 ], [ -7.15758234300035, 41.250954578694696 ], [ -7.157589244670802, 41.250891161186644 ], [ -7.157607070624151, 41.250799559859999 ], [ -7.157751543533412, 41.250510400841918 ], [ -7.157746274813189, 41.250415278628928 ], [ -7.157694048173285, 41.250316871879164 ], [ -7.157575370419281, 41.250170185893566 ], [ -7.157480626546538, 41.250026669445219 ], [ -7.157461194970903, 41.249929173475294 ], [ -7.157476654490607, 41.249634964102185 ], [ -7.157494203800713, 41.249433154195636 ], [ -7.15751736905604, 41.249279113448232 ], [ -7.157670982439891, 41.249033340590032 ], [ -7.157761119536503, 41.248932806618747 ], [ -7.158168602626847, 41.248711151621087 ], [ -7.158230036849325, 41.248663319962603 ], [ -7.158292672976311, 41.248590647205496 ], [ -7.158247253002322, 41.248411353491491 ], [ -7.158234450592746, 41.248220988114142 ], [ -7.158209012946227, 41.248125962523353 ], [ -7.158129897688712, 41.247878223483546 ], [ -7.15812166064809, 41.247628925453398 ], [ -7.158121532683468, 41.247388606516267 ], [ -7.158015726777478, 41.247178462957258 ], [ -7.157985971952489, 41.247125266086933 ], [ -7.157839026043536, 41.246873894508518 ], [ -7.157706390267345, 41.246622910491865 ], [ -7.157524395908518, 41.246418245539175 ], [ -7.157297742153419, 41.246216527896266 ], [ -7.157167794268593, 41.246130434265204 ], [ -7.157027267667855, 41.246057302211312 ], [ -7.156875135385979, 41.245906549180667 ], [ -7.156803538645545, 41.245811402870629 ], [ -7.156747577749329, 41.245659571586252 ], [ -7.156726805095306, 41.245556388783847 ], [ -7.15672602203432, 41.245360007718496 ], [ -7.156760956536505, 41.245160501690734 ], [ -7.156863502676961, 41.244657689421004 ], [ -7.156960450181722, 41.244459609522018 ], [ -7.157061077625892, 41.244310813043484 ], [ -7.157111036007428, 41.244159790643145 ], [ -7.157172064890491, 41.244010120827234 ], [ -7.157271159779393, 41.243868515324301 ], [ -7.157319553734573, 41.243718109846071 ], [ -7.157320304127039, 41.24366750967328 ], [ -7.157304286204551, 41.243517097615445 ], [ -7.157340902499347, 41.243413323476481 ], [ -7.157439997672887, 41.243319169319292 ], [ -7.157636328173454, 41.243200352889566 ], [ -7.157758480937172, 41.243111887195674 ], [ -7.157826954470563, 41.243015672468601 ], [ -7.157902161314991, 41.242722596363294 ], [ -7.157974097472096, 41.242368628495768 ], [ -7.158000866957455, 41.24227656427162 ], [ -7.158025527295196, 41.242166202988571 ], [ -7.154216509997998, 41.240135336669304 ], [ -7.154032754713845, 41.240010604645917 ], [ -7.153967168902811, 41.240009418421813 ], [ -7.149374511772574, 41.234092639093312 ], [ -7.146235574407969, 41.232292588091859 ], [ -7.149151759577097, 41.220749671861668 ], [ -7.149852225150732, 41.219753766859668 ], [ -7.157477127614476, 41.210604650322161 ], [ -7.157527827434318, 41.210498377320071 ], [ -7.157742398448829, 41.210195766230079 ], [ -7.157879587490013, 41.210046108977821 ], [ -7.157964221315607, 41.2099432782042 ], [ -7.158022983338544, 41.20979943867124 ], [ -7.162277317419617, 41.205594576278948 ], [ -7.162402749939066, 41.205456607974348 ], [ -7.162697165429921, 41.205121164918019 ], [ -7.162754814663534, 41.205027914008532 ], [ -7.162811122306734, 41.204912237755075 ], [ -7.162831463523768, 41.204721341268694 ], [ -7.162874575051622, 41.204627702175266 ], [ -7.163039026462583, 41.204486730361815 ], [ -7.163235958850225, 41.204294530886656 ], [ -7.163487702742456, 41.204128088839397 ], [ -7.166048687234526, 41.20268452478858 ], [ -7.166197927437809, 41.20264552946017 ], [ -7.166385452905068, 41.202564710540472 ], [ -7.16657863001024, 41.202496457213449 ], [ -7.166844907575985, 41.202451774838252 ], [ -7.167042611509546, 41.202384191705129 ], [ -7.167105242120313, 41.202356801554764 ], [ -7.16726297342257, 41.202218288403309 ], [ -7.167509920903031, 41.202036672959906 ], [ -7.167636629077567, 41.201956697130889 ], [ -7.167901293818663, 41.201826368433409 ], [ -7.168033598368867, 41.201746801036379 ], [ -7.168116554283838, 41.201650700734568 ], [ -7.1681603586145, 41.201557694783901 ], [ -7.168219282186673, 41.201400884244229 ], [ -7.168289641760301, 41.201301800539255 ], [ -7.168306122816748, 41.201275553765157 ], [ -7.169574202452223, 41.200438057543323 ], [ -7.176287701553783, 41.201002634345699 ], [ -7.176589926992668, 41.201050969935167 ], [ -7.176743370101207, 41.201156688032249 ], [ -7.176890429089121, 41.201218052485643 ], [ -7.176993952998181, 41.201272665952146 ], [ -7.177146719081906, 41.201342901531518 ], [ -7.177257233283876, 41.201384068363588 ], [ -7.177370578901195, 41.201418771998092 ], [ -7.177484629153452, 41.201437991526227 ], [ -7.177659441618537, 41.201459971540984 ], [ -7.177716277024909, 41.201470253112774 ], [ -7.177733268834951, 41.201458061097142 ], [ -7.177818206185799, 41.201379977604894 ], [ -7.177865156151777, 41.201324090222791 ], [ -7.177918265834905, 41.201237551555927 ], [ -7.177954867952809, 41.201147364324243 ], [ -7.177997066528, 41.201065505516141 ], [ -7.178059841394671, 41.200978594033259 ], [ -7.178129360890275, 41.200886878005335 ], [ -7.178203817054969, 41.200808440775361 ], [ -7.178257445759092, 41.200760442220592 ], [ -7.178317643646056, 41.200719877911062 ], [ -7.178392813184699, 41.200698800225418 ], [ -7.178465124142419, 41.200694356476589 ], [ -7.178557644973007, 41.20071844238921 ], [ -7.178646445193464, 41.200760328314445 ], [ -7.178713593472829, 41.200799419019717 ], [ -7.17877820161417, 41.200816251077939 ], [ -7.178846786237589, 41.200813758022782 ], [ -7.17887675950614, 41.200802117312818 ], [ -7.178955214994904, 41.200735868340146 ], [ -7.179007859710341, 41.200681374688507 ], [ -7.179098624656551, 41.200554991615107 ], [ -7.179190975570512, 41.200434468001312 ], [ -7.179271097817685, 41.200351573128302 ], [ -7.179365598255999, 41.200288153510968 ], [ -7.179427845318108, 41.200254091278666 ], [ -7.179510204956251, 41.200230556643938 ], [ -7.179618028070628, 41.200218748201628 ], [ -7.179726738495521, 41.200219645563202 ], [ -7.179830522610189, 41.200231491612399 ], [ -7.17990240996579, 41.200264497133169 ], [ -7.180009841089505, 41.200304191543857 ], [ -7.180151235297301, 41.200345067329501 ], [ -7.180347075542302, 41.20040485193568 ], [ -7.180446405732137, 41.20043637427586 ], [ -7.180635605473196, 41.200518160933157 ], [ -7.180775844725102, 41.200581445843348 ], [ -7.180898938684428, 41.20062613389824 ], [ -7.180997471846863, 41.200663500972659 ], [ -7.181053005878976, 41.200689532810792 ], [ -7.181160085933717, 41.200778475969436 ], [ -7.181235329625892, 41.200859589685457 ], [ -7.181294978156047, 41.200931034551608 ], [ -7.181369214002125, 41.20099944939426 ], [ -7.181509199778217, 41.201088663278313 ], [ -7.181583094422279, 41.201130867673065 ], [ -7.181621689405522, 41.201166123589452 ], [ -7.181696373280425, 41.201203564031815 ], [ -7.1818056048548, 41.201226709402242 ], [ -7.181924720039184, 41.201233360561048 ], [ -7.182122108523893, 41.201236069504226 ], [ -7.182311275470276, 41.201237894451296 ], [ -7.182431171871426, 41.201240325887078 ], [ -7.182543514538805, 41.201254217461248 ], [ -7.182684860309385, 41.201289957370456 ], [ -7.182799836900477, 41.201327728739777 ], [ -7.1829289211473, 41.201362828714444 ], [ -7.183077940239782, 41.201395929308951 ], [ -7.183227102759318, 41.201435693067253 ], [ -7.183370215461743, 41.201481619603612 ], [ -7.183458132721137, 41.201510976965984 ], [ -7.183548655935303, 41.201533422551194 ], [ -7.183627624201265, 41.201538574859889 ], [ -7.183814786742184, 41.201497342757463 ], [ -7.183951683986597, 41.201461915226815 ], [ -7.184048050971908, 41.20144271755192 ], [ -7.184138427569588, 41.201433645125412 ], [ -7.184229160990987, 41.201441052269793 ], [ -7.184371058197405, 41.201472381718951 ], [ -7.184557678145886, 41.201527132722319 ], [ -7.184707475308488, 41.201572484168778 ], [ -7.184921620342801, 41.201628266241201 ], [ -7.185032355776806, 41.201654477846205 ], [ -7.185149745280789, 41.201673721781077 ], [ -7.185265200903983, 41.201678357546591 ], [ -7.185373291900632, 41.201673031617808 ], [ -7.185468863508777, 41.201658963978545 ], [ -7.185549771586844, 41.201628921087575 ], [ -7.18561187728881, 41.201587831110984 ], [ -7.185674617132852, 41.201444825590968 ], [ -7.185699853124286, 41.201372997275065 ], [ -7.185734111808623, 41.201328257446697 ], [ -7.185998615603724, 41.201322776041465 ], [ -7.186112482250065, 41.201329923552997 ], [ -7.18621653092307, 41.201348513740108 ], [ -7.186337928997679, 41.201379043718326 ], [ -7.186471366044588, 41.201426598545517 ], [ -7.186540531209909, 41.201441756525554 ] ] ] } },
{ "type": "Feature", "properties": { "dtmnfr": "040909", "freguesia": "Horta da Vilariça", "municipio": "Torre de Moncorvo", "distrito_i": "Bragança", "nuts3_cod": "11D", "nuts3": "Douro", "nuts2": "Norte", "nuts1": "Continente", "area_ha": 1642.15, "perimetro_": 19, "designacao": "Horta da Vilariça" }, "geometry": { "type": "Polygon", "coordinates": [ [ [ -7.097196803850604, 41.234370008698704 ], [ -7.097216541833838, 41.234154093945051 ], [ -7.096561189295089, 41.233120943657596 ], [ -7.095972647471792, 41.231989251975996 ], [ -7.095704953225801, 41.23128156278252 ], [ -7.095568732147528, 41.230587035826289 ], [ -7.095773921902428, 41.230032073363752 ], [ -7.096159502521143, 41.229495839365931 ], [ -7.09671171810164, 41.228745903817597 ], [ -7.097038014389103, 41.227808279450571 ], [ -7.096781835765004, 41.226370109941485 ], [ -7.096474274783718, 41.225105166681097 ], [ -7.096415913849839, 41.224646610561258 ], [ -7.096788734109283, 41.22385787529209 ], [ -7.097045717409494, 41.223154722980759 ], [ -7.097149271877565, 41.22282655614756 ], [ -7.096852130502012, 41.221908000667199 ], [ -7.096654033846141, 41.220977997573158 ], [ -7.096518824223882, 41.220197034970283 ], [ -7.096007433236372, 41.219375418347141 ], [ -7.095475690665125, 41.218801494225183 ], [ -7.095348525181852, 41.218577500440361 ], [ -7.095306894209426, 41.218094510186454 ], [ -7.095220436657648, 41.217338839138279 ], [ -7.095277565144614, 41.216831706625214 ], [ -7.095446032082537, 41.216553648561558 ], [ -7.095846999518072, 41.21604996399742 ], [ -7.095999902036593, 41.215692257761226 ], [ -7.096257835546814, 41.214927254756269 ], [ -7.096371402066326, 41.213962953813052 ], [ -7.096282796325188, 41.213343131104217 ], [ -7.096475650410071, 41.212552872716856 ], [ -7.096665495646167, 41.21192339564341 ], [ -7.096992820223138, 41.210899157353744 ], [ -7.097345094391825, 41.210297341432749 ], [ -7.097477976277203, 41.210088920957745 ], [ -7.097544269076153, 41.210088973312395 ], [ -7.102679493696173, 41.210080648803398 ], [ -7.102932677006547, 41.210237060940749 ], [ -7.103016693215944, 41.210270761296009 ], [ -7.103429488750179, 41.210468033571772 ], [ -7.103695902653023, 41.210563782788306 ], [ -7.103954828363508, 41.210673598216083 ], [ -7.104079416421288, 41.210758270707544 ], [ -7.10425553333201, 41.210955944060231 ], [ -7.104380228858009, 41.211156047179102 ], [ -7.104420329165047, 41.211260222813706 ], [ -7.104494070905943, 41.211409446678019 ], [ -7.104592621148129, 41.21151216075512 ], [ -7.104912464530337, 41.211645837872112 ], [ -7.105103366818403, 41.211737036876691 ], [ -7.105429227897631, 41.21176839045517 ], [ -7.105556120593156, 41.211804639801727 ], [ -7.105754540885724, 41.211865203502732 ], [ -7.106024474602399, 41.211881111382169 ], [ -7.106225930944154, 41.211861565674461 ], [ -7.106900424183627, 41.211832628374644 ], [ -7.107166719466945, 41.211814467414158 ], [ -7.107563772512747, 41.21183006264873 ], [ -7.108222187622404, 41.211944861894843 ], [ -7.108895659912902, 41.21197388939148 ], [ -7.109559861932897, 41.211962313848765 ], [ -7.109690179075768, 41.211970583597434 ], [ -7.110147634619613, 41.212004445750807 ], [ -7.110489274343403, 41.21185665332969 ], [ -7.110750784446209, 41.211694016526948 ], [ -7.110784218773893, 41.211705930475325 ], [ -7.110832980881258, 41.211752465340425 ], [ -7.110894163562437, 41.211774435578505 ], [ -7.111148554086263, 41.211801176678641 ], [ -7.111412930522043, 41.211814682435971 ], [ -7.111795629836293, 41.211886773384428 ], [ -7.111994185636499, 41.21193885918094 ], [ -7.112118489518553, 41.21199623530871 ], [ -7.112422331568258, 41.212224928582572 ], [ -7.112490297931411, 41.212240115879403 ], [ -7.112757702555728, 41.212173596137433 ], [ -7.113083618178226, 41.212232753052966 ], [ -7.113542153148842, 41.212358901634872 ], [ -7.113669960595031, 41.212428911066645 ], [ -7.113725824923939, 41.212478656322986 ], [ -7.113938935740515, 41.212723107205065 ], [ -7.113893459007581, 41.212772229100565 ], [ -7.113932903160883, 41.212796799285051 ], [ -7.114011690394018, 41.212906620126333 ], [ -7.114072356211349, 41.212954425901778 ], [ -7.114100370112172, 41.213001138629551 ], [ -7.114361052689823, 41.213130034943561 ], [ -7.114493439719737, 41.213220435967173 ], [ -7.114571152254507, 41.213322685262497 ], [ -7.114623302943979, 41.213373479525082 ], [ -7.114755060965434, 41.213435144366329 ], [ -7.114953853886903, 41.213441402539679 ], [ -7.115222162735281, 41.213393706381659 ], [ -7.115357078228329, 41.213421099987045 ], [ -7.115732403408084, 41.21363177329588 ], [ -7.115877288140191, 41.213677170753378 ], [ -7.116212591791916, 41.213777548743366 ], [ -7.116545410263184, 41.213922291382566 ], [ -7.11673978318469, 41.214053123445765 ], [ -7.117080708009845, 41.214414843305384 ], [ -7.11714662983472, 41.214516449272999 ], [ -7.117187738643522, 41.214672402091431 ], [ -7.117406977131966, 41.214930404943587 ], [ -7.117541883716244, 41.2151437307718 ], [ -7.11761404727097, 41.215296891415186 ], [ -7.117775260997963, 41.215451646729484 ], [ -7.117910245656785, 41.215544315044852 ], [ -7.118430477371746, 41.215808570886857 ], [ -7.118472115214988, 41.215861248060591 ], [ -7.1184784639302, 41.215913705212785 ], [ -7.118391935324381, 41.216057552306147 ], [ -7.118377407740122, 41.216157006116568 ], [ -7.11841869813692, 41.216255244632656 ], [ -7.118458637607847, 41.216302327896592 ], [ -7.118614355158186, 41.216450281410154 ], [ -7.119066607433052, 41.216623083971406 ], [ -7.119161653453444, 41.21672296163554 ], [ -7.119215226974428, 41.216875602787958 ], [ -7.119346243021193, 41.217025048580808 ], [ -7.119468123347693, 41.217124889412034 ], [ -7.119591386780209, 41.217189000485568 ], [ -7.119913672588252, 41.217292046190607 ], [ -7.12010501937975, 41.217379802683318 ], [ -7.12029058841811, 41.217471473446231 ], [ -7.120414727996992, 41.217571877894478 ], [ -7.12050032727173, 41.21772029533917 ], [ -7.120537148979025, 41.217822543829556 ], [ -7.120569559095102, 41.217870641536777 ], [ -7.120631816045077, 41.217916475128298 ], [ -7.12069603653273, 41.217935590057991 ], [ -7.120964015296743, 41.217910387955513 ], [ -7.121159676244416, 41.217958293326163 ], [ -7.121489489097723, 41.218099577283184 ], [ -7.121738917890124, 41.218233763167611 ], [ -7.121803775613989, 41.218257379727632 ], [ -7.121924757443719, 41.218269156208194 ], [ -7.122192821287434, 41.21826133262239 ], [ -7.122393276867394, 41.218307837335715 ], [ -7.122455150296564, 41.218355377356097 ], [ -7.122479291347098, 41.218406551583101 ], [ -7.122531846887919, 41.218455096574623 ], [ -7.122593306836922, 41.218483186723574 ], [ -7.12272079306229, 41.218505731635567 ], [ -7.122968883068052, 41.218509881117171 ], [ -7.123033813556797, 41.218505951361557 ], [ -7.123502495520593, 41.218488080916515 ], [ -7.123697827323395, 41.218510860336707 ], [ -7.123827978653636, 41.218554227772934 ], [ -7.123888691432593, 41.218599779549152 ], [ -7.123925933263337, 41.218651878667139 ], [ -7.123937884336407, 41.218798029111234 ], [ -7.123934785367777, 41.218945396463489 ], [ -7.123832787415497, 41.219088296243186 ], [ -7.123846917685561, 41.219138843988212 ], [ -7.123962221421364, 41.219225028912362 ], [ -7.124229398990746, 41.219275269308071 ], [ -7.124358909161098, 41.219313764707223 ], [ -7.124426025233944, 41.219354058971291 ], [ -7.124521120883667, 41.219451956230735 ], [ -7.124565860510018, 41.219598392891669 ], [ -7.124654736315263, 41.219704692214634 ], [ -7.124847021454121, 41.219848996622702 ], [ -7.125228702555008, 41.220202139511386 ], [ -7.125353928799674, 41.220271035568885 ], [ -7.125486992423899, 41.220319196091403 ], [ -7.125618169307028, 41.220319439917745 ], [ -7.125755458605789, 41.220286063519893 ], [ -7.125887356446536, 41.220238771674801 ], [ -7.126159315907401, 41.220171994265343 ], [ -7.126358941615679, 41.220156538383975 ], [ -7.12657285516913, 41.220181187080073 ], [ -7.126969489446576, 41.220243442254294 ], [ -7.127220008618441, 41.220260569728701 ], [ -7.127422583991829, 41.220270532048445 ], [ -7.12762457826434, 41.220341715051241 ], [ -7.127751299041962, 41.22043825965757 ], [ -7.127933436497998, 41.220638474945424 ], [ -7.127995160450749, 41.220673050173019 ], [ -7.128117723723814, 41.220705900863557 ], [ -7.128259156096393, 41.220713612757507 ], [ -7.128462903401394, 41.220693777189112 ], [ -7.128845035860802, 41.220635967402259 ], [ -7.129019241096677, 41.220629648566742 ], [ -7.129232080285437, 41.220724873340707 ], [ -7.129423710032737, 41.220811268905997 ], [ -7.129693150537391, 41.220862863375281 ], [ -7.13011858620339, 41.220983612551628 ], [ -7.130326212951479, 41.221006487837833 ], [ -7.130454618768086, 41.220992746561329 ], [ -7.130773743071977, 41.22093780415868 ], [ -7.131315640728837, 41.220858410041025 ], [ -7.131449137598061, 41.220854708305048 ], [ -7.13177480078823, 41.220879235317078 ], [ -7.132022561299033, 41.220960437590975 ], [ -7.132094306636994, 41.2209948258282 ], [ -7.132292349154187, 41.221083520700979 ], [ -7.132503401334077, 41.221124430047233 ], [ -7.132709141624068, 41.221145660304479 ], [ -7.13277129319563, 41.221176004761787 ], [ -7.13289835671521, 41.221250580274862 ], [ -7.13315732667064, 41.221300365811253 ], [ -7.133440420496292, 41.221309299684968 ], [ -7.133569739295876, 41.221282509608479 ], [ -7.133634503754098, 41.221242553315271 ], [ -7.133771398420905, 41.221085894117799 ], [ -7.133872285349351, 41.220897416911278 ], [ -7.133985820979223, 41.220708772036673 ], [ -7.134216400721713, 41.220397880739981 ], [ -7.134317371842535, 41.220298001563442 ], [ -7.134381410660987, 41.220251013540441 ], [ -7.134668334365661, 41.220085478893004 ], [ -7.134793464705459, 41.220035779774804 ], [ -7.134859465781948, 41.220016632089767 ], [ -7.1351340916094, 41.219977680159509 ], [ -7.135401886434595, 41.219964775796853 ], [ -7.135535188470906, 41.219973761620423 ], [ -7.135869468737165, 41.219995830548825 ], [ -7.1361963126596, 41.219926892626326 ], [ -7.136589931817683, 41.219747420086044 ], [ -7.136850950469901, 41.219606691694651 ], [ -7.137020070964275, 41.219542060157657 ], [ -7.137218079931511, 41.219483533601739 ], [ -7.13769285885335, 41.219259466703676 ], [ -7.138033503528206, 41.219089621225862 ], [ -7.138155462583979, 41.219052404040134 ], [ -7.138366904316426, 41.21901965058067 ], [ -7.138507740131884, 41.218995742996789 ], [ -7.138703590150452, 41.218961145259385 ], [ -7.13903187621302, 41.218882666448266 ], [ -7.139184267593229, 41.218859490784325 ], [ -7.139605078648382, 41.218829348867324 ], [ -7.139753439211166, 41.218820271424434 ], [ -7.14022052421326, 41.218789353211527 ], [ -7.140441787593491, 41.21874596843243 ], [ -7.14070956605421, 41.218654627545227 ], [ -7.140911302225071, 41.218522205672002 ], [ -7.14104124359258, 41.218382318173013 ], [ -7.143371332502507, 41.218811196292776 ], [ -7.14349701466147, 41.21877958978969 ], [ -7.143637021171958, 41.218786732986842 ], [ -7.143705859794468, 41.218816585174487 ], [ -7.143956859374416, 41.219000260050642 ], [ -7.144022058158671, 41.219049708847358 ], [ -7.144216383362815, 41.219164287679099 ], [ -7.144407446759826, 41.219217964969765 ], [ -7.144669874736866, 41.219268298167002 ], [ -7.144868928709208, 41.219329966904411 ], [ -7.145134350794676, 41.219442809682306 ], [ -7.145317103425584, 41.219581957729488 ], [ -7.145468851281552, 41.219728577686944 ], [ -7.145658372443142, 41.219837710410175 ], [ -7.145856822352167, 41.219899916108609 ], [ -7.145922891616133, 41.219915423986464 ], [ -7.146184304602222, 41.219978167107378 ], [ -7.146380938459687, 41.219986872810615 ], [ -7.146443091385566, 41.219969397180535 ], [ -7.146568497033395, 41.219908789019108 ], [ -7.146695454805555, 41.219840184858072 ], [ -7.146889395902306, 41.219757747703007 ], [ -7.147015793077895, 41.219726500950991 ], [ -7.147081519477051, 41.219716889155379 ], [ -7.147151931584341, 41.219713525780406 ], [ -7.147351640708994, 41.219692183318983 ], [ -7.147687542681196, 41.219637698658282 ], [ -7.148179209327719, 41.219526460853714 ], [ -7.148394807724636, 41.219438893071775 ], [ -7.148463759473377, 41.219389600825359 ], [ -7.148556024078522, 41.219320063133111 ], [ -7.148566065863237, 41.21932636273371 ], [ -7.148681937231722, 41.219400825189147 ], [ -7.148727825124412, 41.21945010623029 ], [ -7.148811934932287, 41.219606777406312 ], [ -7.148863332967894, 41.219654751275577 ], [ -7.148938332721268, 41.219695280558064 ], [ -7.149135673904429, 41.219736404211261 ], [ -7.149269069420846, 41.219739252137067 ], [ -7.149478441066318, 41.219693223628283 ], [ -7.149724770169661, 41.219743946234367 ], [ -7.149788263008585, 41.219748718598645 ], [ -7.149852225150732, 41.219753766859668 ], [ -7.149151759577097, 41.220749671861668 ], [ -7.146235574407969, 41.232292588091859 ], [ -7.149374511772574, 41.234092639093312 ], [ -7.153967168902811, 41.240009418421813 ], [ -7.154032754713845, 41.240010604645917 ], [ -7.154216509997998, 41.240135336669304 ], [ -7.158025527295196, 41.242166202988571 ], [ -7.158000866957455, 41.24227656427162 ], [ -7.157974097472096, 41.242368628495768 ], [ -7.157902161314991, 41.242722596363294 ], [ -7.157826954470563, 41.243015672468601 ], [ -7.157758480937172, 41.243111887195674 ], [ -7.157636328173454, 41.243200352889566 ], [ -7.157439997672887, 41.243319169319292 ], [ -7.157340902499347, 41.243413323476481 ], [ -7.157304286204551, 41.243517097615445 ], [ -7.157320304127039, 41.24366750967328 ], [ -7.157319553734573, 41.243718109846071 ], [ -7.157271159779393, 41.243868515324301 ], [ -7.157172064890491, 41.244010120827234 ], [ -7.157111036007428, 41.244159790643145 ], [ -7.157061077625892, 41.244310813043484 ], [ -7.156960450181722, 41.244459609522018 ], [ -7.156863502676961, 41.244657689421004 ], [ -7.156760956536505, 41.245160501690734 ], [ -7.15672602203432, 41.245360007718496 ], [ -7.156726805095306, 41.245556388783847 ], [ -7.156747577749329, 41.245659571586252 ], [ -7.156803538645545, 41.245811402870629 ], [ -7.156875135385979, 41.245906549180667 ], [ -7.157027267667855, 41.246057302211312 ], [ -7.157167794268593, 41.246130434265204 ], [ -7.157297742153419, 41.246216527896266 ], [ -7.157524395908518, 41.246418245539175 ], [ -7.157706390267345, 41.246622910491865 ], [ -7.157839026043536, 41.246873894508518 ], [ -7.157985971952489, 41.247125266086933 ], [ -7.158015726777478, 41.247178462957258 ], [ -7.158121532683468, 41.247388606516267 ], [ -7.15812166064809, 41.247628925453398 ], [ -7.158129897688712, 41.247878223483546 ], [ -7.158209012946227, 41.248125962523353 ], [ -7.158234450592746, 41.248220988114142 ], [ -7.158247253002322, 41.248411353491491 ], [ -7.158292672976311, 41.248590647205496 ], [ -7.158230036849325, 41.248663319962603 ], [ -7.158168602626847, 41.248711151621087 ], [ -7.157761119536503, 41.248932806618747 ], [ -7.157670982439891, 41.249033340590032 ], [ -7.15751736905604, 41.249279113448232 ], [ -7.157494203800713, 41.249433154195636 ], [ -7.157476654490607, 41.249634964102185 ], [ -7.157461194970903, 41.249929173475294 ], [ -7.157480626546538, 41.250026669445219 ], [ -7.157575370419281, 41.250170185893566 ], [ -7.157694048173285, 41.250316871879164 ], [ -7.157746274813189, 41.250415278628928 ], [ -7.157751543533412, 41.250510400841918 ], [ -7.157607070624151, 41.250799559859999 ], [ -7.157589244670802, 41.250891161186644 ], [ -7.15758234300035, 41.250954578694696 ], [ -7.157566610447205, 41.25096119753924 ], [ -7.157408554743706, 41.250959860864199 ], [ -7.157136206669236, 41.250949729721157 ], [ -7.156933771378474, 41.250971604133809 ], [ -7.156801119630822, 41.251018923909974 ], [ -7.156737121157831, 41.251062230097176 ], [ -7.156680437829821, 41.251111274453834 ], [ -7.156433000089868, 41.251351747949741 ], [ -7.156163319030884, 41.251515500277876 ], [ -7.155829723191202, 41.251692753086935 ], [ -7.155632925234576, 41.251832899159538 ], [ -7.155559132570715, 41.251933566574124 ], [ -7.155497980704868, 41.252082157374879 ], [ -7.155494906236542, 41.252417527344804 ], [ -7.155533799856364, 41.252906592897695 ], [ -7.155594142340565, 41.253012899425471 ], [ -7.15587242736801, 41.253306175143265 ], [ -7.155942454343318, 41.253410946557068 ], [ -7.155991669687338, 41.253511487667055 ], [ -7.156017786903971, 41.253656582025165 ], [ -7.156016285807461, 41.253709514085394 ], [ -7.155986456705564, 41.253757612749204 ], [ -7.155915002936434, 41.253804906104435 ], [ -7.155773455177226, 41.253840265584543 ], [ -7.155369726874319, 41.2538866363724 ], [ -7.155105334424473, 41.253966512257144 ], [ -7.155040801350811, 41.253989557386106 ], [ -7.154909504275901, 41.254049218412824 ], [ -7.154717298931611, 41.254184898930099 ], [ -7.154635380447927, 41.254373831907408 ], [ -7.154588152746907, 41.25457295514024 ], [ -7.154548675184784, 41.254868584931224 ], [ -7.154484493985551, 41.255020022554241 ], [ -7.154389894572311, 41.255114846929402 ], [ -7.154181106009264, 41.255210497545669 ], [ -7.154052742370851, 41.255217242237407 ], [ -7.153981267506923, 41.255209341097483 ], [ -7.153379599723753, 41.255078987732198 ], [ -7.152702619221251, 41.254918548421621 ], [ -7.152494054032649, 41.254854830493656 ], [ -7.152369327148956, 41.254777775572983 ], [ -7.152317114526269, 41.254727003476184 ], [ -7.152179958826381, 41.254523245357298 ], [ -7.151885499100892, 41.254171298344062 ], [ -7.151725155963959, 41.254018490522697 ], [ -7.151584041450345, 41.253928687564745 ], [ -7.15125317819355, 41.253769472957671 ], [ -7.151054172344954, 41.253705295503373 ], [ -7.150869086625144, 41.253691563776513 ], [ -7.15088804373812, 41.253796170836701 ], [ -7.150924002758039, 41.253888768356333 ], [ -7.150940186055963, 41.253955536479914 ], [ -7.150971745918607, 41.254087258720929 ], [ -7.151032111838471, 41.25428748286982 ], [ -7.151032445029889, 41.254337008952454 ], [ -7.150992120379866, 41.254440568234862 ], [ -7.15077156237042, 41.254780215068756 ], [ -7.150673195273309, 41.254927399762117 ], [ -7.150549791093733, 41.255296682740195 ], [ -7.150514499001019, 41.255390926865765 ], [ -7.15042932352481, 41.255748644289383 ], [ -7.150374008273258, 41.255936990852547 ], [ -7.15050714268865, 41.257606286513933 ], [ -7.148912403270196, 41.257999586500119 ], [ -7.141404145643828, 41.25626506293559 ], [ -7.140784548434203, 41.255837896658313 ], [ -7.136320614608299, 41.253759485648878 ], [ -7.134545970804494, 41.252966464353023 ], [ -7.128074998899803, 41.250700079345471 ], [ -7.12042733346161, 41.247967762181943 ], [ -7.116628316967781, 41.244981686263287 ], [ -7.114986895569778, 41.242642206299323 ], [ -7.114970436559523, 41.242619012142121 ], [ -7.114840306407807, 41.24267188571045 ], [ -7.114699961892667, 41.242682983555014 ], [ -7.114574242537293, 41.242666659069343 ], [ -7.114512323747326, 41.242644231403133 ], [ -7.114321075999274, 41.242522610495364 ], [ -7.114159362414382, 41.242373245306887 ], [ -7.114028851530263, 41.242281693864669 ], [ -7.1139237171638, 41.242183971326149 ], [ -7.113623232492849, 41.241944964134746 ], [ -7.113282972902279, 41.24175557461826 ], [ -7.112633836924922, 41.241407054275548 ], [ -7.112371845676588, 41.241301819862905 ], [ -7.111976097628482, 41.2411983753775 ], [ -7.111316685796557, 41.240951681616451 ], [ -7.11112997745879, 41.240876282953472 ], [ -7.110931687138365, 41.240832388140987 ], [ -7.110663536605507, 41.240816508253808 ], [ -7.110594605510374, 41.240815354948602 ], [ -7.109986360952997, 41.240807352009263 ], [ -7.10931383321174, 41.240737190938326 ], [ -7.109118228030954, 41.240705020368509 ], [ -7.108641789801456, 41.240682245323214 ], [ -7.107958895972669, 41.240641870402392 ], [ -7.107759249774979, 41.240608585558171 ], [ -7.107506089566441, 41.240442554841174 ], [ -7.107369115428406, 41.240284037160194 ], [ -7.107113461835257, 41.240040906744966 ], [ -7.106783664316268, 41.239847898694656 ], [ -7.106120653152789, 41.239573863491259 ], [ -7.105920408781323, 41.239479784565766 ], [ -7.105717042747153, 41.239425572660423 ], [ -7.105449163246067, 41.239392842751521 ], [ -7.104978765125192, 41.239319954723889 ], [ -7.104770847610967, 41.23931251625482 ], [ -7.104572022070965, 41.239295800704717 ], [ -7.104125830142659, 41.239223662976705 ], [ -7.103847945954676, 41.239190211446477 ], [ -7.103444954190339, 41.239116830231303 ], [ -7.103149273006781, 41.23907709508827 ], [ -7.102875935022564, 41.238966606164482 ], [ -7.102544401558434, 41.238786450767208 ], [ -7.10224877674966, 41.238530254228465 ], [ -7.101988266714065, 41.23824097351941 ], [ -7.101692905710819, 41.237968214020142 ], [ -7.10114596926199, 41.237566605548793 ], [ -7.100462189548431, 41.23705365284529 ], [ -7.100097259032245, 41.236814033207203 ], [ -7.09972561748707, 41.236629274301727 ], [ -7.099049042038695, 41.236395322133973 ], [ -7.098212928682965, 41.236067015506151 ], [ -7.097732705837476, 41.235809513503014 ], [ -7.097437909421339, 41.235502717244124 ], [ -7.097422886953167, 41.23498764198758 ], [ -7.097440165832678, 41.234624848682586 ], [ -7.097409452375529, 41.234371379697265 ], [ -7.097352791493464, 41.234303340355858 ], [ -7.097196803850604, 41.234370008698704 ] ] ] } },
{ "type": "Feature", "properties": { "dtmnfr": "040910", "freguesia": "Larinho", "municipio": "Torre de Moncorvo", "distrito_i": "Bragança", "nuts3_cod": "11D", "nuts3": "Douro", "nuts2": "Norte", "nuts1": "Continente", "area_ha": 2948.61, "perimetro_": 29, "designacao": "Larinho" }, "geometry": { "type": "Polygon", "coordinates": [ [ [ -7.021135605342599, 41.167567093879022 ], [ -7.01809027911362, 41.172072239596865 ], [ -7.017938894974735, 41.178003092309083 ], [ -7.018189470185657, 41.178935360981981 ], [ -7.016928422656453, 41.183503073888751 ], [ -7.017054134816934, 41.183644932973131 ], [ -7.017169984239582, 41.183841799743767 ], [ -7.017226529994133, 41.183937158322223 ], [ -7.017354262893354, 41.184135940871279 ], [ -7.017430395449373, 41.184327744921781 ], [ -7.01746296961688, 41.184424043476255 ], [ -7.017552076932472, 41.184616509779055 ], [ -7.017553146309842, 41.184708272981837 ], [ -7.01755077636744, 41.184806121163518 ], [ -7.017559270182624, 41.184853206727993 ], [ -7.017578162040985, 41.184898948754572 ], [ -7.017585448389967, 41.185088103062384 ], [ -7.017559264336258, 41.185184644564828 ], [ -7.019311096731188, 41.189622722114756 ], [ -7.019867600901804, 41.189771798883584 ], [ -7.02021441040231, 41.189816653622202 ], [ -7.020790929854548, 41.18982554349148 ], [ -7.027621349085846, 41.1901978646125 ], [ -7.033351799535885, 41.190826628732985 ], [ -7.033691952115768, 41.190599996250846 ], [ -7.034100011459323, 41.190347266811919 ], [ -7.034326998734796, 41.190137657853512 ], [ -7.034367631006736, 41.190088793029602 ], [ -7.034448352048733, 41.18998691535851 ], [ -7.034661341734085, 41.189609329161577 ], [ -7.034759007322205, 41.189448997892463 ], [ -7.034927827365627, 41.18908936547561 ], [ -7.035034396220197, 41.188924343974378 ], [ -7.03513789891626, 41.188685909579434 ], [ -7.035236399055766, 41.188518562618206 ], [ -7.035501508223509, 41.188230973449002 ], [ -7.035636026746477, 41.188026872451992 ], [ -7.035650637797138, 41.187979740972686 ], [ -7.035653182406076, 41.18791979509156 ], [ -7.035778709890358, 41.187961779037245 ], [ -7.036141843618724, 41.187999898230686 ], [ -7.036413725827476, 41.188157173107669 ], [ -7.036501429014523, 41.188258759877527 ], [ -7.036564551580459, 41.18836182511027 ], [ -7.036679176731919, 41.188457457948857 ], [ -7.037086660183485, 41.18861718734113 ], [ -7.037221076591381, 41.188705084375862 ], [ -7.037324509628244, 41.188799796091118 ], [ -7.037448207531782, 41.18888705242275 ], [ -7.037653523399378, 41.188997952800094 ], [ -7.037664194743174, 41.189051446928381 ], [ -7.037614255673803, 41.189251941978739 ], [ -7.037583320734664, 41.189298646485945 ], [ -7.037508587868128, 41.189398877074012 ], [ -7.03738047247317, 41.189648692018103 ], [ -7.03736031490984, 41.189742501395543 ], [ -7.037372288964897, 41.189939534454531 ], [ -7.037435442098619, 41.189969667940098 ], [ -7.037564896517727, 41.189983318932633 ], [ -7.037758797199235, 41.190035494619288 ], [ -7.037960422990421, 41.190138971463959 ], [ -7.038387887616556, 41.19048860478734 ], [ -7.038437679455477, 41.190540578048612 ], [ -7.038530409455396, 41.190648606657788 ], [ -7.038667569157934, 41.190736618107692 ], [ -7.038886615019861, 41.19080370127449 ], [ -7.039028135064241, 41.19080162252957 ], [ -7.039157731074396, 41.190806815514264 ], [ -7.039223141312976, 41.190837507907162 ], [ -7.039415361128669, 41.191084148333402 ], [ -7.03955002839904, 41.19115745835235 ], [ -7.039624314631677, 41.191170318415779 ], [ -7.0400206677582, 41.191168941751904 ], [ -7.04023867627467, 41.19111896170223 ], [ -7.040497218242158, 41.191032540790012 ], [ -7.040645297610065, 41.190994506729169 ], [ -7.040906183441739, 41.19098968081974 ], [ -7.041386995954044, 41.190984057254312 ], [ -7.041454941041159, 41.190998565903698 ], [ -7.041589824675921, 41.191058906065813 ], [ -7.041724427826881, 41.191143468986475 ], [ -7.041806152790821, 41.19124688680769 ], [ -7.041894093309215, 41.191399169377149 ], [ -7.041934871031934, 41.191571170615667 ], [ -7.041912935989363, 41.191773014220139 ], [ -7.041944175290383, 41.191930605818065 ], [ -7.042031180795421, 41.192031734235712 ], [ -7.042105908572048, 41.192082774331155 ], [ -7.042569327682579, 41.192372224192724 ], [ -7.042769136153976, 41.192521598193494 ], [ -7.042859812391107, 41.192624828981259 ], [ -7.042944029346879, 41.192779503882925 ], [ -7.042929624181745, 41.193044446827734 ], [ -7.042898716316889, 41.193154724739451 ], [ -7.042746381649459, 41.19335587411711 ], [ -7.042610458417003, 41.193559433325362 ], [ -7.042575885260176, 41.193667783764951 ], [ -7.042568930962111, 41.19383591293014 ], [ -7.042592578332902, 41.193940854696123 ], [ -7.042777293224695, 41.194102151233118 ], [ -7.042853762221875, 41.194206690845483 ], [ -7.042929523515066, 41.194447364075536 ], [ -7.042951211772598, 41.194599014049224 ], [ -7.043021796493984, 41.19485737809935 ], [ -7.043140675216492, 41.195100169196749 ], [ -7.043180555417183, 41.195146376684001 ], [ -7.043249921148099, 41.195298657915131 ], [ -7.043464243909407, 41.195630228439626 ], [ -7.043496894422345, 41.195724542995087 ], [ -7.043507328827851, 41.195908321964659 ], [ -7.043629353391808, 41.196141054087114 ], [ -7.04374201842225, 41.196291766442855 ], [ -7.044047132595436, 41.196532712044096 ], [ -7.044169231122181, 41.196610130604974 ], [ -7.044288569923525, 41.196710298835725 ], [ -7.044656301147763, 41.197000185120523 ], [ -7.044771156641744, 41.197104820630109 ], [ -7.044871306601315, 41.197248475021787 ], [ -7.044967173443377, 41.197398483569074 ], [ -7.045086849088984, 41.197478399408908 ], [ -7.045352188769717, 41.197630906450939 ], [ -7.045617404782673, 41.197704540231172 ], [ -7.045742557926178, 41.197727148249037 ], [ -7.046025838218886, 41.197739361763631 ], [ -7.046290361590255, 41.197689271012578 ], [ -7.046424748428842, 41.197679553347349 ], [ -7.046681809580654, 41.197720237326116 ], [ -7.046959685964302, 41.197828653278158 ], [ -7.047090585924064, 41.197907499671246 ], [ -7.04741036135547, 41.198128318078119 ], [ -7.047739320060242, 41.198262510791736 ], [ -7.04793053980273, 41.198341470038812 ], [ -7.048130125441864, 41.198462922541552 ], [ -7.048357701228047, 41.198672693136409 ], [ -7.048602118337291, 41.198873081136341 ], [ -7.048851170816222, 41.199016692742759 ], [ -7.048988312216137, 41.199057060865876 ], [ -7.04931056501287, 41.199106547351697 ], [ -7.049440075289356, 41.199110828487285 ], [ -7.049650979967891, 41.199088043629104 ], [ -7.049852935555959, 41.199109119647154 ], [ -7.050047963946516, 41.199167498105318 ], [ -7.050299464276213, 41.199343457052869 ], [ -7.050488206243087, 41.199486770823782 ], [ -7.050598233970812, 41.199639157931259 ], [ -7.050603526771585, 41.199788855941122 ], [ -7.050624363899811, 41.199841181093994 ], [ -7.050768262872386, 41.199992898677756 ], [ -7.050912817736362, 41.200191535437909 ], [ -7.050964728481911, 41.200348150872365 ], [ -7.050986915843667, 41.200492151342509 ], [ -7.051053376422867, 41.200641074387327 ], [ -7.051119158661939, 41.200693464305672 ], [ -7.05132767615559, 41.200750614023804 ], [ -7.0516535238246, 41.200777799356345 ], [ -7.051987071849448, 41.200771379806682 ], [ -7.052431028977822, 41.200771574439685 ], [ -7.052637697362274, 41.200752710680995 ], [ -7.052969172657779, 41.200713046386348 ], [ -7.053297130288734, 41.200749338305805 ], [ -7.053493439239783, 41.200824291397836 ], [ -7.053561750604737, 41.200860673626323 ], [ -7.053676341114963, 41.200960793906333 ], [ -7.053762184351158, 41.201062350001386 ], [ -7.053815811466322, 41.201158201621944 ], [ -7.053875508625977, 41.201356040183875 ], [ -7.053861156134878, 41.201664561899356 ], [ -7.053809573677898, 41.201807604776789 ], [ -7.053671028326343, 41.202011960796206 ], [ -7.053623773315101, 41.202167377066857 ], [ -7.053642545849306, 41.202382301829651 ], [ -7.053709563050675, 41.202591998130998 ], [ -7.053761978751045, 41.202689015236359 ], [ -7.053987545676389, 41.20304480237229 ], [ -7.054149341470693, 41.203196501522207 ], [ -7.054269670655771, 41.203238235628213 ], [ -7.054527147104828, 41.203284219339942 ], [ -7.05480359059186, 41.203307335887679 ], [ -7.055015760277954, 41.203317509014319 ], [ -7.055217667063625, 41.203298505131961 ], [ -7.055489818783691, 41.203307532557645 ], [ -7.055612868608869, 41.203328399401741 ], [ -7.055667300436531, 41.203346105651768 ], [ -7.055728494629016, 41.203365766007515 ], [ -7.055677651887027, 41.203398246223216 ], [ -7.055651485962234, 41.203445810483494 ], [ -7.055667414359927, 41.203543024652909 ], [ -7.055752481024695, 41.203692386459693 ], [ -7.055784136919772, 41.203790642761824 ], [ -7.055779983788665, 41.203840399295288 ], [ -7.055712724777876, 41.204030833472132 ], [ -7.055608787163004, 41.204167892939459 ], [ -7.055419337945836, 41.204408425849707 ], [ -7.055400166002249, 41.204458037301315 ], [ -7.055407262364578, 41.204505106926739 ], [ -7.055454747588036, 41.204655737939511 ], [ -7.055559479636383, 41.205016871268874 ], [ -7.055580060882929, 41.20517211627314 ], [ -7.05560304112745, 41.205268853464368 ], [ -7.055601771155915, 41.205368427830521 ], [ -7.055552103229049, 41.205510945469484 ], [ -7.055588263162782, 41.205559906879806 ], [ -7.055648076850478, 41.205591166046133 ], [ -7.055907357503403, 41.205680565126265 ], [ -7.05603190077997, 41.205698029342628 ], [ -7.056354731419805, 41.20566331233394 ], [ -7.056606055782558, 41.205699422113966 ], [ -7.056865002992452, 41.205765767227923 ], [ -7.056924846917473, 41.205795229696726 ], [ -7.056978926583949, 41.205841923436296 ], [ -7.057004521279715, 41.205938954899516 ], [ -7.056972949927396, 41.206134498125088 ], [ -7.056988431998778, 41.206281225949006 ], [ -7.057024624431019, 41.206328294548165 ], [ -7.057147121473968, 41.206398050454588 ], [ -7.057466568622393, 41.206461265127118 ], [ -7.057663285638412, 41.206461659168212 ], [ -7.057925103798454, 41.206439696697444 ], [ -7.057992434109636, 41.20644896838828 ], [ -7.058114172041426, 41.206499622086966 ], [ -7.058144378667283, 41.206547805887453 ], [ -7.058117326901, 41.206605450607881 ], [ -7.059137672255172, 41.208022099664831 ], [ -7.059085657827766, 41.208330814331752 ], [ -7.058331950028678, 41.208451562633918 ], [ -7.057074795845686, 41.209049593595346 ], [ -7.05613205357407, 41.209872228979179 ], [ -7.055212883139585, 41.210732173976027 ], [ -7.055103638483201, 41.211738163444387 ], [ -7.054719735171044, 41.212769223250682 ], [ -7.054310826473104, 41.213855604310226 ], [ -7.054267670624141, 41.214982410700344 ], [ -7.053963541006539, 41.215626324204898 ], [ -7.053147415645634, 41.216173065713932 ], [ -7.05196339038871, 41.216771728978777 ], [ -7.050634758514439, 41.217258092123224 ], [ -7.048601088222472, 41.217479217840427 ], [ -7.047300585495595, 41.217725583865899 ], [ -7.046440749031478, 41.217939438261226 ], [ -7.045388663564498, 41.217966440095267 ], [ -7.043577567027528, 41.218023362219363 ], [ -7.042649226672892, 41.217959131638011 ], [ -7.041969405854664, 41.217657010228294 ], [ -7.041197908818213, 41.216965948782907 ], [ -7.040416796366027, 41.216588848605923 ], [ -7.037209472591535, 41.215302105066165 ], [ -7.034749173137012, 41.214687237240163 ], [ -7.032631178645927, 41.214112678493798 ], [ -7.031632007327347, 41.213881466070276 ], [ -7.030970841225664, 41.213930619048753 ], [ -7.030211791978259, 41.213978740679131 ], [ -7.029179129973752, 41.214301469052721 ], [ -7.028712671410227, 41.214407845243606 ], [ -7.028002069223865, 41.214475052672029 ], [ -7.027270362239203, 41.214357205664562 ], [ -7.026724052688989, 41.214850878897735 ], [ -7.025451134226876, 41.216353761638871 ], [ -7.023925200482656, 41.218375265361779 ], [ -7.023572185167504, 41.21900016802114 ], [ -7.023243100508481, 41.219662215051322 ], [ -7.022992754242349, 41.220010966534005 ], [ -7.022855528070316, 41.220878164661471 ], [ -7.022529353169998, 41.221373849576516 ], [ -7.021247705521631, 41.222229848477653 ], [ -7.020329083947672, 41.223034049791401 ], [ -7.019686390712622, 41.223415917036384 ], [ -7.01838860241878, 41.223495947828454 ], [ -7.016886876826399, 41.224053991571914 ], [ -7.014984907693288, 41.225144410113074 ], [ -7.014435906056802, 41.225785662115527 ], [ -7.013830094430864, 41.226870077001543 ], [ -7.012851949364254, 41.228281497735331 ], [ -7.011981011115282, 41.229159929069269 ], [ -7.011433706009227, 41.229690523832751 ], [ -7.010617694066068, 41.230200047279702 ], [ -7.009776900889985, 41.230727595890727 ], [ -7.009324390626037, 41.231425501723422 ], [ -7.008993516838691, 41.232179868218267 ], [ -7.008983411442765, 41.232770968548579 ], [ -7.009265445792356, 41.233457476900185 ], [ -7.009339629637947, 41.234825629846313 ], [ -7.009112525386704, 41.235272173263297 ], [ -7.009011828634484, 41.235643688039382 ], [ -7.008999846899497, 41.235688320213633 ], [ -7.008945382454497, 41.23588812822792 ], [ -7.008710260194172, 41.236754443376491 ], [ -7.008690865005846, 41.237169788309203 ], [ -7.008466053218662, 41.237439969029921 ], [ -7.008067002718062, 41.237889065007202 ], [ -7.007470143753351, 41.23843779214328 ], [ -7.007208896949946, 41.238675560648836 ], [ -7.00668005413886, 41.238818062897963 ], [ -7.006140309183668, 41.238886801229818 ], [ -7.005737867755909, 41.23880885893378 ], [ -7.005397991739088, 41.238657872407124 ], [ -7.004651719607028, 41.238632029147958 ], [ -7.003868077565929, 41.23864290572471 ], [ -7.00312176719385, 41.238626324521555 ], [ -7.002202089975762, 41.238737426277908 ], [ -7.001575002099173, 41.238897577402462 ], [ -7.001143540489141, 41.239078105989023 ], [ -7.000470215594057, 41.239090047584412 ], [ -7.000057036572381, 41.239206188564182 ], [ -6.999402266478515, 41.239560184877398 ], [ -6.998561214467371, 41.240069642203537 ], [ -6.9984124895533, 41.240179019665355 ], [ -6.998356722465229, 41.240576083236427 ], [ -6.998083152550866, 41.240813618418628 ], [ -6.99740413559401, 41.241167451486675 ], [ -6.997007827950283, 41.241431683032651 ], [ -6.996796155647458, 41.241641917014292 ], [ -6.996669070641645, 41.241899527361127 ], [ -6.996316621904406, 41.242124210637662 ], [ -6.995800444484773, 41.24224859869539 ], [ -6.995113046050491, 41.2423619333616 ], [ -6.994610109700788, 41.242430981282411 ], [ -6.994156279744312, 41.242481967229331 ], [ -6.993521056794182, 41.242392676044147 ], [ -6.992656787132566, 41.24212527232001 ], [ -6.991851822785535, 41.241960010841012 ], [ -6.991267152484584, 41.241797198000732 ], [ -6.99064967795061, 41.241421386246024 ], [ -6.989705746180016, 41.240811290843133 ], [ -6.988713260922429, 41.24015433347703 ], [ -6.988064708035975, 41.239722735054706 ], [ -6.987940898822105, 41.239660455479232 ], [ -6.987729876928922, 41.239469010779999 ], [ -6.987584355964836, 41.239393555333606 ], [ -6.987170732760062, 41.239259970353203 ], [ -6.986529155257304, 41.239175074913788 ], [ -6.985508066118323, 41.239114050418095 ], [ -6.984478324853653, 41.239187090451992 ], [ -6.983930390545529, 41.239238175044839 ], [ -6.98368386058304, 41.239284070150404 ], [ -6.983621864899066, 41.239295879444349 ], [ -6.983414230508185, 41.239334598924998 ], [ -6.983107989906267, 41.23935009230928 ], [ -6.982753748413036, 41.23931423887452 ], [ -6.982632601111439, 41.239229742072212 ], [ -6.982388131376672, 41.238987529067792 ], [ -6.982368456375284, 41.238919264730981 ], [ -6.982360127642933, 41.23884291653755 ], [ -6.982337869688039, 41.23879236069488 ], [ -6.982284587208208, 41.238708545429532 ], [ -6.982199078688543, 41.238564440323472 ], [ -6.982131991999013, 41.238437987115638 ], [ -6.982054559725054, 41.238282253807455 ], [ -6.981983913002662, 41.238168103126533 ], [ -6.981899735909522, 41.238057232336416 ], [ -6.981773334093969, 41.237891646794317 ], [ -6.981716003361186, 41.237780240270752 ], [ -6.981683125215691, 41.237654932949461 ], [ -6.981678299594432, 41.237528562770621 ], [ -6.981693365036643, 41.237410848994188 ], [ -6.981713537560586, 41.237301116129331 ], [ -6.981747846107079, 41.2371948489088 ], [ -6.981784361976507, 41.237071412369346 ], [ -6.981844436242918, 41.236876171104868 ], [ -6.981910315468761, 41.236642459630616 ], [ -6.981931928018279, 41.23651860209263 ], [ -6.981977473697335, 41.236253979932343 ], [ -6.981998347133836, 41.236083923440837 ], [ -6.981988951681333, 41.235966507973174 ], [ -6.981959792114312, 41.235840161891964 ], [ -6.981911225577298, 41.235718935031002 ], [ -6.981850495987897, 41.2356311715372 ], [ -6.98176783547365, 41.235522297564785 ], [ -6.981708204155929, 41.235413026258335 ], [ -6.981698925285312, 41.235329644434302 ], [ -6.981710487958074, 41.235241435085513 ], [ -6.981727192396516, 41.235200274563113 ], [ -6.981804450366965, 41.235134324618762 ], [ -6.981907472793611, 41.235081869055605 ], [ -6.982041877331947, 41.235007846468235 ], [ -6.982119629935974, 41.23495432860981 ], [ -6.982194749667249, 41.234894299679709 ], [ -6.982260834847216, 41.234825722011195 ], [ -6.982305153684567, 41.234747106952994 ], [ -6.982301382382607, 41.234662975256121 ], [ -6.982278960012722, 41.234621871955255 ], [ -6.982196790528782, 41.234546231640806 ], [ -6.982141086822321, 41.234512177119427 ], [ -6.981915860745869, 41.234370999547956 ], [ -6.981806246619031, 41.234289232823023 ], [ -6.981651611749911, 41.234155958417801 ], [ -6.98161604229474, 41.234103020968142 ], [ -6.981569602434321, 41.233982987527462 ], [ -6.981560612010631, 41.233924373234046 ], [ -6.981565376003322, 41.233822496197511 ], [ -6.981592338326038, 41.233726872074783 ], [ -6.981636568784412, 41.233632769448789 ], [ -6.981704637414892, 41.233471380395642 ], [ -6.981743307243512, 41.233347421483607 ], [ -6.981784983512994, 41.23324230923712 ], [ -6.981868241912529, 41.233044428273658 ], [ -6.98193748061585, 41.23287746376316 ], [ -6.981978872741825, 41.232747856736594 ], [ -6.982029689345799, 41.232570269602611 ], [ -6.982050378960845, 41.232458197104059 ], [ -6.982055639588891, 41.232348490578659 ], [ -6.982050970640298, 41.232226891303114 ], [ -6.982018897552607, 41.232103665644487 ], [ -6.981989280716917, 41.232051059728548 ], [ -6.981921906736033, 41.231961966532737 ], [ -6.981849480495729, 41.231881646727942 ], [ -6.981769535221417, 41.231808549454463 ], [ -6.981690019064141, 41.231724738018947 ], [ -6.981630001825807, 41.231623924741854 ], [ -6.981597851152046, 41.231518977263242 ], [ -6.981596585134299, 41.231420732428404 ], [ -6.981625075221494, 41.231326477742357 ], [ -6.981674116616137, 41.231188937305369 ], [ -6.981733275835737, 41.231086792925872 ], [ -6.981830067647659, 41.230905965821165 ], [ -6.981882778920469, 41.230790615499131 ], [ -6.981918495551821, 41.230685172542827 ], [ -6.981932904402805, 41.230584291370057 ], [ -6.981935175023632, 41.230475190605347 ], [ -6.981920275127272, 41.230352044747619 ], [ -6.981890989978761, 41.230232992349968 ], [ -6.981847981561118, 41.230073643836782 ], [ -6.981784985204583, 41.229857189944589 ], [ -6.98175559594553, 41.229730297551633 ], [ -6.98173563080048, 41.229610709820825 ], [ -6.981689372391584, 41.229378126840309 ], [ -6.981654894565174, 41.229262982410759 ], [ -6.981609447005653, 41.229133681066273 ], [ -6.98153914701274, 41.228939393030473 ], [ -6.981468339064029, 41.228766800489801 ], [ -6.98140628585925, 41.22864624875541 ], [ -6.98127604339763, 41.228401572222566 ], [ -6.981199290091112, 41.228296450291744 ], [ -6.981040058485637, 41.228086058948641 ], [ -6.980953008179514, 41.227990198014865 ], [ -6.980864029952899, 41.227902061191429 ], [ -6.980772928300621, 41.227826328616011 ], [ -6.980689766202176, 41.22776724106096 ], [ -6.980620535793991, 41.227715949029587 ], [ -6.980579591065741, 41.227670247078592 ], [ -6.980565499038227, 41.227623646991901 ], [ -6.980565714462773, 41.227570703615932 ], [ -6.980585910387416, 41.227480060455989 ], [ -6.980610220649702, 41.227433300027528 ], [ -6.980370774791552, 41.22723426204012 ], [ -6.980269826366372, 41.227162301313598 ], [ -6.980171139786171, 41.227077216353628 ], [ -6.98007024366767, 41.226981669000871 ], [ -6.979960821649369, 41.226889723322579 ], [ -6.979860508757127, 41.226788778303458 ], [ -6.979816503135234, 41.226727292856047 ], [ -6.979734989581295, 41.226594480757413 ], [ -6.97961643408002, 41.226404841292421 ], [ -6.979535131521433, 41.226280493155862 ], [ -6.979472917933688, 41.226149313075389 ], [ -6.979449673272519, 41.226073629937133 ], [ -6.97939866575836, 41.225922033788358 ], [ -6.979323602469646, 41.225714192339886 ], [ -6.97927126556113, 41.225577259388395 ], [ -6.979190989494097, 41.225353516696075 ], [ -6.979157203030585, 41.225219828268571 ], [ -6.979131498784453, 41.225087301317366 ], [ -6.979119238095186, 41.224956982727889 ], [ -6.979128921400176, 41.224813016948467 ], [ -6.979159178324412, 41.224678801641836 ], [ -6.979198463238796, 41.224547015150719 ], [ -6.979256008868305, 41.224346442493705 ], [ -6.979311504593094, 41.22413342638341 ], [ -6.979338019051085, 41.224001689238648 ], [ -6.979342189159881, 41.2239342061211 ], [ -6.97933311024256, 41.223812828910553 ], [ -6.979308587331016, 41.223680948590975 ], [ -6.97928428470671, 41.223543394323286 ], [ -6.979253092193574, 41.223364082288498 ], [ -6.979228416528835, 41.223261462648189 ], [ -6.979196735015941, 41.223157057519934 ], [ -6.979164567861168, 41.223032934064157 ], [ -6.979138402722889, 41.22291336917106 ], [ -6.979096889297557, 41.222751150458521 ], [ -6.979067375506887, 41.222652351320818 ], [ -6.97903969343102, 41.222551321323834 ], [ -6.9790176763747, 41.22244647456197 ], [ -6.978996274308034, 41.222348027729744 ], [ -6.978968309450182, 41.222262753753398 ], [ -6.978922279652866, 41.222208628254009 ], [ -6.97885912979407, 41.222178100887945 ], [ -6.978815617331127, 41.222170375006506 ], [ -6.97897993486574, 41.221831577491599 ], [ -6.981215634897437, 41.22052755172141 ], [ -6.980837669837587, 41.220197111156487 ], [ -6.980633854580179, 41.220000678430054 ], [ -6.980311467710403, 41.219704562086143 ], [ -6.980186290435761, 41.219600576162335 ], [ -6.980097569881691, 41.219498393125299 ], [ -6.98006046510788, 41.219336218814377 ], [ -6.980053406442035, 41.219167597745241 ], [ -6.980048440940568, 41.218831609663305 ], [ -6.98004703266573, 41.218612797166628 ], [ -6.980040887516338, 41.218500727954499 ], [ -6.98003161680229, 41.218219890646751 ], [ -6.979990873351468, 41.218054801247625 ], [ -6.979962820630933, 41.217784131375517 ], [ -6.980020121713045, 41.217535746826236 ], [ -6.980092068432521, 41.217342880209479 ], [ -6.980097697505767, 41.217150970202326 ], [ -6.980072930533645, 41.217053662115731 ], [ -6.980055545125131, 41.216895916211854 ], [ -6.980021528219977, 41.216605201181984 ], [ -6.980020301146345, 41.216593390883865 ], [ -6.980018008680062, 41.21657482227964 ], [ -6.979981870860449, 41.216547985760783 ], [ -6.979942471313772, 41.216503115662654 ], [ -6.979898433994819, 41.216443878156262 ], [ -6.979836508517012, 41.216384734289917 ], [ -6.979756999763317, 41.216329102325922 ], [ -6.979697521451548, 41.216293575315468 ], [ -6.97954813117337, 41.21623130319832 ], [ -6.979321956508287, 41.216148006885234 ], [ -6.979184739482756, 41.216085045012214 ], [ -6.979104977527966, 41.216043462685576 ], [ -6.979035874328114, 41.216012965777274 ], [ -6.978987944867618, 41.21598574423912 ], [ -6.978949710762788, 41.215956100530178 ], [ -6.978861559486988, 41.215903173474594 ], [ -6.978802449781018, 41.215874401836139 ], [ -6.978722743426668, 41.215809137342035 ], [ -6.978668536633316, 41.215752319442778 ], [ -6.978612404044221, 41.215662078072057 ], [ -6.978558573714553, 41.215542773964614 ], [ -6.978476427805179, 41.215385733532486 ], [ -6.978390522855053, 41.215246305087497 ], [ -6.978333172901461, 41.215137053714102 ], [ -6.97825849892136, 41.21501673095247 ], [ -6.978173856166806, 41.214893520495998 ], [ -6.978129705032537, 41.214840767684258 ], [ -6.978027273910001, 41.214752760117861 ], [ -6.977913756736044, 41.214664645740761 ], [ -6.977787720549721, 41.214562450256416 ], [ -6.977661793288262, 41.214454494032083 ], [ -6.977534523828552, 41.214334544304478 ], [ -6.977425725363659, 41.214229008934126 ], [ -6.977328248624024, 41.214137452448234 ], [ -6.97717083881138, 41.213995771923997 ], [ -6.977055417933856, 41.213886839118601 ], [ -6.976938564343772, 41.213751420788711 ], [ -6.976835503302729, 41.213617847111308 ], [ -6.976714527454564, 41.213458795629272 ], [ -6.976637101401922, 41.213352491385585 ], [ -6.976606459853935, 41.213291410755119 ], [ -6.97656565730869, 41.213150360279734 ], [ -6.97654320004864, 41.213010303520818 ], [ -6.976498341547494, 41.212788081225085 ], [ -6.976474050018477, 41.212664035942389 ], [ -6.97645623324859, 41.212531049834624 ], [ -6.976441468822197, 41.212414657346052 ], [ -6.976415796116648, 41.212287806011645 ], [ -6.976392526211018, 41.212173944649621 ], [ -6.97638317711085, 41.212088312184903 ], [ -6.97637993388547, 41.212015078416563 ], [ -6.976381441373095, 41.211949811440725 ], [ -6.976382727443214, 41.211923983614817 ], [ -6.975742952424407, 41.211413163696363 ], [ -6.9757073356457, 41.211384353772438 ], [ -6.975656648348404, 41.211344409198645 ], [ -6.975623961195193, 41.21131823987443 ], [ -6.975610668956919, 41.211308023511243 ], [ -6.975597153052481, 41.211296899990245 ], [ -6.97566618566376, 41.211269949663013 ], [ -6.975783324414224, 41.211192610784799 ], [ -6.975890281154775, 41.211110756567585 ], [ -6.975973773617315, 41.211061713149853 ], [ -6.976066718078833, 41.210970082707931 ], [ -6.976100590592131, 41.210888310551624 ], [ -6.976143494412137, 41.210672106679269 ], [ -6.976148301982962, 41.210588865631898 ], [ -6.976134520654218, 41.210525070258278 ], [ -6.976072317773807, 41.210482308037307 ], [ -6.975977862054727, 41.210469743633901 ], [ -6.975877698994964, 41.210449922147809 ], [ -6.975843054973002, 41.210406264439783 ], [ -6.97586275193981, 41.210343972423303 ], [ -6.975871520209379, 41.210292831045983 ], [ -6.975872977322752, 41.210230446653249 ], [ -6.975857793480802, 41.21013800333629 ], [ -6.975787400752416, 41.210052570345098 ], [ -6.975648028975501, 41.209950146600768 ], [ -6.975579622617488, 41.20987373840935 ], [ -6.975551455359655, 41.209800884323023 ], [ -6.975493599465131, 41.20957889283514 ], [ -6.975451600961632, 41.209526160608227 ], [ -6.975367941174175, 41.209496868452575 ], [ -6.975277724526643, 41.20945400691523 ], [ -6.975244765889078, 41.209362015061707 ], [ -6.975242706621306, 41.209289330680072 ], [ -6.975230600161924, 41.209191333895056 ], [ -6.97523157746615, 41.209115350343872 ], [ -6.975188239112705, 41.208956265676321 ], [ -6.975143614619573, 41.208883517909264 ], [ -6.974936089338301, 41.208737909624254 ], [ -6.974795186191455, 41.208634931892284 ], [ -6.974689814594581, 41.208565981241257 ], [ -6.974562874591414, 41.208516088483108 ], [ -6.974513029379779, 41.208469395219893 ], [ -6.974459643121778, 41.208372965680823 ], [ -6.974358138395996, 41.208293975388074 ], [ -6.974209744215485, 41.208237375312891 ], [ -6.974083831643012, 41.208196947533317 ], [ -6.973955887675959, 41.208157121347604 ], [ -6.973866120464266, 41.20813623494044 ], [ -6.974419615902018, 41.206752751685741 ], [ -6.974727783131496, 41.205941796467293 ], [ -6.975135146401811, 41.205048726731157 ], [ -6.975824543505801, 41.204130486685784 ], [ -6.976448156457121, 41.203304682734242 ], [ -6.976587629365491, 41.203339574267844 ], [ -6.976685678690978, 41.203316065218687 ], [ -6.976796430195937, 41.203268823750996 ], [ -6.976962925293453, 41.203183786330371 ], [ -6.977068630886756, 41.203124967824074 ], [ -6.977244852912682, 41.203042543381024 ], [ -6.977368720875718, 41.202988414344446 ], [ -6.977428536447118, 41.202956324501947 ], [ -6.977520350388026, 41.202880803164888 ], [ -6.977547223765128, 41.202837223018051 ], [ -6.977570767756129, 41.20274570689017 ], [ -6.977575788623187, 41.202588728055275 ], [ -6.977571042776731, 41.202437864917918 ], [ -6.977571074481975, 41.202327568046982 ], [ -6.977578550764895, 41.202220761124913 ], [ -6.977568462217254, 41.202136747328858 ], [ -6.97754588877486, 41.20210500474542 ], [ -6.9774875126426, 41.202055258475951 ], [ -6.977414373679269, 41.202024901050841 ], [ -6.977324122235319, 41.202025169352218 ], [ -6.977159829308454, 41.202046033990371 ], [ -6.977106152332753, 41.202047745256465 ], [ -6.977015008774194, 41.202024054425763 ], [ -6.976949761343668, 41.201978646391403 ], [ -6.976933904315023, 41.201951479462693 ], [ -6.976935889333903, 41.201919982436294 ], [ -6.97703395458167, 41.201814360591868 ], [ -6.977125926640595, 41.201729381459273 ], [ -6.977294684110713, 41.201603668722299 ], [ -6.977493008692913, 41.201470592696047 ], [ -6.977628072572662, 41.201382719494532 ], [ -6.977748445055433, 41.20129640410002 ], [ -6.977857752895653, 41.201202149429967 ], [ -6.977972694996536, 41.201085974027883 ], [ -6.978191116727657, 41.20084676565456 ], [ -6.978291054085926, 41.200736029162393 ], [ -6.978372833603332, 41.200620874078233 ], [ -6.978432765615621, 41.200493435299428 ], [ -6.978462896249416, 41.200352557118016 ], [ -6.981367890964473, 41.196967005985577 ], [ -6.98138877387266, 41.196924714679966 ], [ -6.981424434357471, 41.196869337865564 ], [ -6.981484181225995, 41.196793129669061 ], [ -6.981543549878531, 41.19672475301082 ], [ -6.981617695958159, 41.196636351342285 ], [ -6.981677476676646, 41.19656464812244 ], [ -6.981826543061809, 41.196363814094902 ], [ -6.981906871562336, 41.196262422623121 ], [ -6.982092567861796, 41.196018915799989 ], [ -6.982183967037646, 41.195904482515949 ], [ -6.982293637887679, 41.195767998873066 ], [ -6.982373133190567, 41.195653180847415 ], [ -6.982433305193305, 41.195558969114728 ], [ -6.982595666780281, 41.195327021817235 ], [ -6.982686898818871, 41.195201876085221 ], [ -6.982763134880518, 41.19510278326517 ], [ -6.982815670952318, 41.195036405006157 ], [ -6.982873612457505, 41.194960721867822 ], [ -6.982933085458004, 41.19487973618233 ], [ -6.983132812394882, 41.194603144459919 ], [ -6.983210755803775, 41.194488219385562 ], [ -6.983275667646109, 41.194395494270999 ], [ -6.983324983896975, 41.19432926460027 ], [ -6.983387504079367, 41.194264339069747 ], [ -6.98344052739349, 41.194218135433239 ], [ -6.98352665627525, 41.194145882990362 ], [ -6.983607524394174, 41.194081949968592 ], [ -6.983711567672365, 41.193987365087764 ], [ -6.984824119116715, 41.193014753252861 ], [ -6.984678530468983, 41.193030953931682 ], [ -6.984586023362787, 41.193038224157789 ], [ -6.984508760699334, 41.193046462133786 ], [ -6.984415934136398, 41.193051479815097 ], [ -6.984347041662285, 41.193051065408014 ], [ -6.98420258284322, 41.19302990888302 ], [ -6.984189146501266, 41.19302806495169 ], [ -6.984114210330622, 41.193012188611519 ], [ -6.984037457320941, 41.19299080520053 ], [ -6.983934770283947, 41.192959710444931 ], [ -6.983833429128048, 41.192920165185797 ], [ -6.98366605097542, 41.192839168572668 ], [ -6.983595737575422, 41.192797684486393 ], [ -6.983479974396787, 41.192744124151467 ], [ -6.983387451060375, 41.192690618349374 ], [ -6.983305245399807, 41.192640547005929 ], [ -6.983223707161546, 41.192593008815876 ], [ -6.983100095877163, 41.19250461214434 ], [ -6.983038368163784, 41.192455559981866 ], [ -6.982978133753945, 41.192410206273891 ], [ -6.982910966786542, 41.192352183867868 ], [ -6.98283317828716, 41.192288017183436 ], [ -6.982766354517795, 41.192230627506689 ], [ -6.982713873630012, 41.192164283342436 ], [ -6.982620392857156, 41.192097803269249 ], [ -6.982499837828754, 41.191984320475449 ], [ -6.982435068923978, 41.191918668274077 ], [ -6.982361894711517, 41.19184284566056 ], [ -6.982321014679148, 41.191794624521627 ], [ -6.982280146909008, 41.191746046928529 ], [ -6.982346160187983, 41.191740491096638 ], [ -6.982431131841317, 41.191734677162771 ], [ -6.982509547073635, 41.191728616674872 ], [ -6.982626634111231, 41.191719967542802 ], [ -6.982704927457981, 41.191714535089943 ], [ -6.982784751880993, 41.191709750865648 ], [ -6.982887745065334, 41.191702581416635 ], [ -6.982977625738283, 41.1916953772581 ], [ -6.983099998611602, 41.191684170150552 ], [ -6.983270179867712, 41.191665875952623 ], [ -6.983360817336347, 41.191656425327132 ], [ -6.983560470041839, 41.191635903799508 ], [ -6.983669786655526, 41.191621777183755 ], [ -6.983774028557593, 41.191604536623409 ], [ -6.98386267844861, 41.191585702410087 ], [ -6.983980220860285, 41.191550853637096 ], [ -6.984045440202536, 41.191529264324856 ], [ -6.984110674875192, 41.191507136683754 ], [ -6.984184067541888, 41.191481664341552 ], [ -6.984283768659457, 41.191444388029772 ], [ -6.984501384313449, 41.191357957632164 ], [ -6.984563708477528, 41.191331565177386 ], [ -6.984653853289665, 41.191288885317675 ], [ -6.984821011032605, 41.191204381289069 ], [ -6.984877904976836, 41.191167851732075 ], [ -6.984943507615213, 41.191124560463486 ], [ -6.984995853810273, 41.19108906599525 ], [ -6.985049077134048, 41.191051326522917 ], [ -6.985127200762894, 41.19099394161244 ], [ -6.98517447604344, 41.190955515200507 ], [ -6.985224681601748, 41.190913241715684 ], [ -6.985266081998342, 41.190869806253843 ], [ -6.985346330585637, 41.190792899888088 ], [ -6.985443986830171, 41.190702124167863 ], [ -6.985482981997965, 41.190667125801745 ], [ -6.985597191580403, 41.190570023862193 ], [ -6.985668825037899, 41.19050212825379 ], [ -6.985714377151926, 41.190452784989183 ], [ -6.98575226390866, 41.190412915975969 ], [ -6.985871309238269, 41.190271117891733 ], [ -6.985899197550525, 41.190230158769538 ], [ -6.985933227574849, 41.190185742923148 ], [ -6.985971957401134, 41.190131566623343 ], [ -6.985999202510311, 41.190086545624034 ], [ -6.986040465975253, 41.190010060781098 ], [ -6.986063306009522, 41.189957977194929 ], [ -6.986083021308656, 41.189914052604685 ], [ -6.98611789206986, 41.189842007904929 ], [ -6.990435236473689, 41.189670997468177 ], [ -6.992593024126717, 41.189539911079109 ], [ -6.994528864064468, 41.187251209017305 ], [ -6.994559288723881, 41.187214955866615 ], [ -6.994559463466554, 41.187204869397561 ], [ -6.994955607938856, 41.174212997303869 ], [ -6.995054986222768, 41.17095739448559 ], [ -6.995060751673313, 41.170775118775445 ], [ -6.995061921987685, 41.170728221535839 ], [ -6.995063759281905, 41.170669982083993 ], [ -6.996161374038408, 41.171669537494324 ], [ -6.996345732899236, 41.171862149404312 ], [ -6.996404016208296, 41.171958345799759 ], [ -6.996465257939135, 41.17205547177555 ], [ -6.996588928261756, 41.172201564164276 ], [ -6.996643278376787, 41.172249373965514 ], [ -6.996890527509919, 41.17240208610913 ], [ -6.997015456696537, 41.172475618101565 ], [ -6.997076897904458, 41.172457405563868 ], [ -6.997078926184956, 41.172360631215895 ], [ -6.997057825395108, 41.17226443908627 ], [ -6.997052312082767, 41.172217653285202 ], [ -6.997110458864167, 41.172169602771071 ], [ -6.9971558853304, 41.172216781360412 ], [ -6.997216250674577, 41.172253933512316 ], [ -6.997251664581582, 41.172301280731894 ], [ -6.997379812645481, 41.172443456419707 ], [ -6.99749636700349, 41.17253275346463 ], [ -6.997680199697183, 41.172624876497736 ], [ -6.997741482143375, 41.172657263427865 ], [ -6.997801622701913, 41.172687117013069 ], [ -6.998057008221673, 41.172783002586684 ], [ -6.998328131070907, 41.172823394461737 ], [ -6.99858903798309, 41.172854684536951 ], [ -6.998979793282668, 41.172867259141178 ], [ -6.999239990709316, 41.172870893585952 ], [ -6.999429551194834, 41.172851690081423 ], [ -6.999622439765898, 41.172853851596329 ], [ -6.999749574336569, 41.172854833576736 ], [ -6.999940815298687, 41.172842035095613 ], [ -7.000134455113376, 41.172841953913569 ], [ -7.000256140988198, 41.172827123609657 ], [ -7.000515977188057, 41.172768084694511 ], [ -7.000707894172251, 41.172715940849315 ], [ -7.000905686963663, 41.172668635639432 ], [ -7.001290890498126, 41.17255364757203 ], [ -7.001551787034715, 41.172474632069139 ], [ -7.001618083571071, 41.172451327954299 ], [ -7.002199905189225, 41.172267136678549 ], [ -7.002848430758087, 41.17208422919321 ], [ -7.003178178057799, 41.171985622779971 ], [ -7.003306790343628, 41.171934837980025 ], [ -7.003432461473668, 41.171840355958068 ], [ -7.003471143361149, 41.171794003048305 ], [ -7.003509578606237, 41.171748547218456 ], [ -7.003635865347611, 41.171659742709117 ], [ -7.00383218592547, 41.17156595129466 ], [ -7.004098388114559, 41.171482750970121 ], [ -7.004356593725534, 41.171386228377763 ], [ -7.004743872830571, 41.171295742070903 ], [ -7.004868818841405, 41.171257080571209 ], [ -7.005395084372228, 41.171101229345254 ], [ -7.00559782193441, 41.171028661044069 ], [ -7.006045744891412, 41.170854934666195 ], [ -7.006168906205117, 41.170795091870154 ], [ -7.006426059727356, 41.170697115452718 ], [ -7.006687816793704, 41.170609090730103 ], [ -7.007081237411367, 41.170472016083806 ], [ -7.007339989792174, 41.170406198900906 ], [ -7.007991478581192, 41.170222028874306 ], [ -7.008185690419045, 41.170167373762602 ], [ -7.008444557517347, 41.17011533783581 ], [ -7.008638330696906, 41.170065180641451 ], [ -7.008897940440685, 41.170018729904804 ], [ -7.009150929953729, 41.169961852915158 ], [ -7.009274916000016, 41.169923352821598 ], [ -7.009726972079711, 41.169806472964815 ], [ -7.009919907217356, 41.169735505877789 ], [ -7.010172151405247, 41.169617489388749 ], [ -7.010487358327479, 41.16943372020944 ], [ -7.01173567851174, 41.168641255658294 ], [ -7.01228762832342, 41.16834633330302 ], [ -7.012537501389785, 41.168261873037025 ], [ -7.012977021944093, 41.168145395913477 ], [ -7.01316992294337, 41.168118272260998 ], [ -7.014418858684542, 41.168065108824045 ], [ -7.014796744947192, 41.168006281927717 ], [ -7.014863822784682, 41.167999907311 ], [ -7.014989722565339, 41.167995819928457 ], [ -7.015511117375931, 41.167905787048298 ], [ -7.015577931667542, 41.167893735048082 ], [ -7.016019766702026, 41.167795009595039 ], [ -7.019997770658399, 41.167519298883008 ], [ -7.02038890442494, 41.167487051117753 ], [ -7.020579515073416, 41.167489159972064 ], [ -7.020951988994181, 41.167524533940671 ], [ -7.021077806425934, 41.167553570747543 ], [ -7.021135605342599, 41.167567093879022 ] ] ] } },
{ "type": "Feature", "properties": { "dtmnfr": "040911", "freguesia": "Lousa", "municipio": "Torre de Moncorvo", "distrito_i": "Bragança", "nuts3_cod": "11D", "nuts3": "Douro", "nuts2": "Norte", "nuts1": "Continente", "area_ha": 3393.74, "perimetro_": 27, "designacao": "Lousa" }, "geometry": { "type": "Polygon", "coordinates": [ [ [ -7.185734111808623, 41.201328257446697 ], [ -7.18559179412085, 41.201326550785858 ], [ -7.185392301160514, 41.201312758061817 ], [ -7.185261457837806, 41.201292322238643 ], [ -7.185096497031216, 41.201256843992546 ], [ -7.185001180617186, 41.201228238234819 ], [ -7.184842584670966, 41.201172640920859 ], [ -7.184685832384746, 41.20111363789448 ], [ -7.184505672082556, 41.201048856556298 ], [ -7.184403992704067, 41.201023533028412 ], [ -7.184244626577636, 41.200988723641956 ], [ -7.184133179659731, 41.2009704344756 ], [ -7.184000245453841, 41.200938096306658 ], [ -7.183904348042782, 41.20089984860666 ], [ -7.183779042527329, 41.200851276443586 ], [ -7.183647799324431, 41.200808868955768 ], [ -7.183504961985945, 41.20076888687499 ], [ -7.183311314814019, 41.20071380968357 ], [ -7.18310609431914, 41.200651074101799 ], [ -7.18298683980261, 41.200604170843086 ], [ -7.182866659666732, 41.200547176970169 ], [ -7.182745412761167, 41.200481530179118 ], [ -7.182550698851917, 41.200368455246362 ], [ -7.182413053676345, 41.200273948589249 ], [ -7.182206921612015, 41.200125931827458 ], [ -7.182068082886774, 41.200023767671652 ], [ -7.181933742030693, 41.199907314887653 ], [ -7.18179187262684, 41.19980061788403 ], [ -7.181709103775422, 41.199753475355742 ], [ -7.181532014529483, 41.199658285193777 ], [ -7.181364753954234, 41.199559301502596 ], [ -7.181212258364045, 41.199462059464786 ], [ -7.178872571198035, 41.198088349051261 ], [ -7.178747441836101, 41.198052647916384 ], [ -7.178424409604466, 41.197853600495797 ], [ -7.178242253116089, 41.197648331551768 ], [ -7.178058769121028, 41.197353638214608 ], [ -7.177956610453887, 41.197205396461136 ], [ -7.177842598576558, 41.197101716916464 ], [ -7.177714010570948, 41.19703366374047 ], [ -7.177516060966775, 41.196963950774318 ], [ -7.177251391427449, 41.19687514322522 ], [ -7.17685456361622, 41.196775599677103 ], [ -7.176766561530557, 41.196703651399233 ], [ -7.176718651669807, 41.196644994810889 ], [ -7.176591937572198, 41.196374185884608 ], [ -7.176391900858641, 41.195808330759071 ], [ -7.176370582320312, 41.195741165398033 ], [ -7.176323538874924, 41.195492354274009 ], [ -7.176330877492269, 41.19513477178284 ], [ -7.176340612121644, 41.194801250287114 ], [ -7.176363213769555, 41.194656743887634 ], [ -7.176497033003864, 41.194175862778501 ], [ -7.176569621235476, 41.193979278170694 ], [ -7.17681158106558, 41.193529366019639 ], [ -7.176978749518313, 41.193222094035853 ], [ -7.176993617658112, 41.193199978093844 ], [ -7.174339605288454, 41.190725251040064 ], [ -7.174288093555968, 41.190677552996554 ], [ -7.174128275040021, 41.190528558420851 ], [ -7.171021964048594, 41.189902494808138 ], [ -7.1713015042699, 41.187892502541942 ], [ -7.170087595127492, 41.18502619677119 ], [ -7.164888114105607, 41.182443274048254 ], [ -7.164680446487077, 41.182357703582881 ], [ -7.164605969140672, 41.182332856946346 ], [ -7.164349323113116, 41.182408680831699 ], [ -7.164227563885681, 41.182535335761429 ], [ -7.164144035864474, 41.182566509599802 ], [ -7.164083802756534, 41.182529087483864 ], [ -7.163750029831164, 41.182128123818366 ], [ -7.163286954086003, 41.181710946959377 ], [ -7.163196500820398, 41.181678403168746 ], [ -7.163123946627537, 41.181627911667448 ], [ -7.163031516852398, 41.181527009397122 ], [ -7.162863282828499, 41.181418622570632 ], [ -7.162821957384726, 41.181343725223371 ], [ -7.162630546572971, 41.181166266232765 ], [ -7.162592964119102, 41.181112014506311 ], [ -7.162580148179679, 41.181019614585495 ], [ -7.162669572057286, 41.180838843016538 ], [ -7.16259783323228, 41.180554970653475 ], [ -7.162602579111738, 41.18041094559274 ], [ -7.162491576033818, 41.180106667443667 ], [ -7.162413901408351, 41.179967257483611 ], [ -7.162399598044262, 41.179950841162302 ], [ -7.162300506647858, 41.179881936114448 ], [ -7.162008955722065, 41.17982824882332 ], [ -7.160504124008795, 41.178098588957219 ], [ -7.160571809347529, 41.178002098171554 ], [ -7.160625836572866, 41.177854075436684 ], [ -7.160711027430208, 41.177701721865795 ], [ -7.160705866104, 41.177599304338713 ], [ -7.160686073915392, 41.17755150420119 ], [ -7.160599721054067, 41.177451461620564 ], [ -7.160501271228102, 41.177355276854378 ], [ -7.160342682151792, 41.177151621569166 ], [ -7.160103763681621, 41.176947913215315 ], [ -7.159975062405671, 41.176858949484668 ], [ -7.159776385120811, 41.176795689154574 ], [ -7.159713445833384, 41.176772375731481 ], [ -7.159526005598171, 41.176658513691478 ], [ -7.159336441070243, 41.176583440513916 ], [ -7.159196802367208, 41.17652490941628 ], [ -7.15892766211882, 41.176366774338831 ], [ -7.158645537291853, 41.176257425085673 ], [ -7.158261906510868, 41.176185843937844 ], [ -7.157986396387995, 41.176080513603083 ], [ -7.15791724803911, 41.17604219878227 ], [ -7.157598952044417, 41.175864560897409 ], [ -7.157334096897786, 41.17576381684183 ], [ -7.157143686491742, 41.17562516515261 ], [ -7.157073805128224, 41.175588287884274 ], [ -7.156872155191818, 41.17557334531962 ], [ -7.156667066893773, 41.17559718578471 ], [ -7.156342914592904, 41.175702220742195 ], [ -7.156202771326273, 41.175734257519927 ], [ -7.156133523834293, 41.175735109886446 ], [ -7.156011560093277, 41.17569833490434 ], [ -7.155810526139658, 41.175617573325368 ], [ -7.15568187223215, 41.175606311303063 ], [ -7.155462879403094, 41.175603646656683 ], [ -7.150528951626439, 41.173936784747056 ], [ -7.150468710674716, 41.17398075055069 ], [ -7.150316015933919, 41.174055625742092 ], [ -7.1500859092517, 41.174102919304254 ], [ -7.150009946279244, 41.174106775697105 ], [ -7.149724746596603, 41.174084984566193 ], [ -7.149396622339235, 41.173984765233136 ], [ -7.14919166042046, 41.17396869953977 ], [ -7.149066185754728, 41.173968172272971 ], [ -7.149058471481951, 41.173862306302986 ], [ -7.149062377952837, 41.173824075502239 ], [ -7.149064241990194, 41.173779069610127 ], [ -7.149042564388224, 41.173778342336938 ], [ -7.148853843264727, 41.173775656363802 ], [ -7.148647617048272, 41.173772453080431 ], [ -7.14857159271972, 41.17379602626248 ], [ -7.14832051700206, 41.173978739140651 ], [ -7.148099530686999, 41.174062120746846 ], [ -7.147970084294893, 41.174080105132205 ], [ -7.147475515877528, 41.174081825403341 ], [ -7.147284076660277, 41.174133045946114 ], [ -7.146658822156623, 41.174331195751563 ], [ -7.146325406540347, 41.174465391254309 ], [ -7.146311964750502, 41.174416290633275 ], [ -7.146292992406535, 41.174362105683372 ], [ -7.146293352753848, 41.174266396117986 ], [ -7.146442633949181, 41.174117484456424 ], [ -7.146430114094247, 41.173911093178987 ], [ -7.146404662621979, 41.173716748551769 ], [ -7.146491035322695, 41.173423681110123 ], [ -7.146536423149406, 41.173225709558743 ], [ -7.146553706689714, 41.173121767446744 ], [ -7.146564093969876, 41.172921247707116 ], [ -7.146567657087955, 41.172778832934171 ], [ -7.146526721816264, 41.172679439852033 ], [ -7.146435205605782, 41.172576006359037 ], [ -7.146351080505469, 41.172424199006336 ], [ -7.146305604946071, 41.17232611936938 ], [ -7.146227530054002, 41.172223883177132 ], [ -7.146215914274069, 41.17217200957834 ], [ -7.146285976502618, 41.172021338703011 ], [ -7.146292036741597, 41.17191901574126 ], [ -7.146225722848797, 41.171715767808749 ], [ -7.146248089143413, 41.171670399179611 ], [ -7.146247293817058, 41.171620329991192 ], [ -7.146011126591385, 41.171428414133693 ], [ -7.145792403674745, 41.171185950161956 ], [ -7.145664334732408, 41.170937242479035 ], [ -7.145582150208238, 41.170751685469256 ], [ -7.141611398953041, 41.169108703917402 ], [ -7.140662441948597, 41.168054724726517 ], [ -7.140645117868031, 41.168042237903144 ], [ -7.1404208343844, 41.167877965765463 ], [ -7.140305026423074, 41.16778242355597 ], [ -7.140205048246131, 41.167672075245584 ], [ -7.140083428300249, 41.167511205030884 ], [ -7.140036948173661, 41.167385557786012 ], [ -7.139929114900401, 41.166855373338358 ], [ -7.139874754684718, 41.166706603732358 ], [ -7.139758788470841, 41.166518772939526 ], [ -7.13956538374311, 41.166306951373706 ], [ -7.139492280771213, 41.166192329464032 ], [ -7.139367663955186, 41.165843519623358 ], [ -7.139298031694159, 41.165712092390933 ], [ -7.139198028936804, 41.165588232177569 ], [ -7.139069322155205, 41.165479074703853 ], [ -7.138779330832658, 41.165327470170318 ], [ -7.138633347614481, 41.165234192318877 ], [ -7.138393594622023, 41.164982798513691 ], [ -7.138246185431338, 41.164834132064911 ], [ -7.13811511171208, 41.164732067286941 ], [ -7.137946162084114, 41.164581770088603 ], [ -7.137851766140241, 41.16447317782837 ], [ -7.137711768290927, 41.164172856763251 ], [ -7.137622245627044, 41.16393914992549 ], [ -7.1375580353402, 41.163701605418666 ], [ -7.137479737873512, 41.163316276592518 ], [ -7.13741952062077, 41.163185196096855 ], [ -7.137254012184737, 41.162949388647789 ], [ -7.136956913391973, 41.162606921831774 ], [ -7.136739006176401, 41.162290797698674 ], [ -7.136691312794659, 41.162166848421009 ], [ -7.136672913287821, 41.161981206383984 ], [ -7.136618836782329, 41.161696392283893 ], [ -7.136624055492521, 41.161469081442696 ], [ -7.13665324204071, 41.161335713458072 ], [ -7.13678635116814, 41.161002539095577 ], [ -7.136804444106343, 41.160869613547192 ], [ -7.136820283129584, 41.160806993091541 ], [ -7.136905338357624, 41.160697428256938 ], [ -7.137007840586865, 41.160592511845181 ], [ -7.137049554927641, 41.160489052381344 ], [ -7.13698604737863, 41.160284202356358 ], [ -7.136946837790513, 41.160142949312352 ], [ -7.136946080172074, 41.160114222963237 ], [ -7.136714541927828, 41.159328863715494 ], [ -7.136764521546909, 41.159317230446163 ], [ -7.137748294114421, 41.159015438982586 ], [ -7.138051484293702, 41.158937554869915 ], [ -7.138754694654311, 41.158721033288792 ], [ -7.139243851942726, 41.158541467754134 ], [ -7.139779297489329, 41.158388778904303 ], [ -7.140413491069266, 41.158252781581652 ], [ -7.140808173225079, 41.158151455584679 ], [ -7.141847546162396, 41.157889452721101 ], [ -7.142851041849354, 41.157659272503004 ], [ -7.143787852570979, 41.15746633471506 ], [ -7.144677275742143, 41.157342854375237 ], [ -7.145031619396412, 41.15725332515445 ], [ -7.145458433980968, 41.157113994532828 ], [ -7.145935084407226, 41.156987510769312 ], [ -7.146096265288715, 41.156964219672339 ], [ -7.146208312495813, 41.156936181740619 ], [ -7.146478750160743, 41.156832963017408 ], [ -7.147066085336099, 41.156666007774426 ], [ -7.147539445997398, 41.156504374563724 ], [ -7.14781796371486, 41.156377810871419 ], [ -7.147994578255465, 41.156270458870551 ], [ -7.148439965860223, 41.155939486307446 ], [ -7.148859031117085, 41.155583256253585 ], [ -7.149302113705159, 41.155206248172036 ], [ -7.149700894673465, 41.154803920240546 ], [ -7.150138317530156, 41.154430283043581 ], [ -7.150500270067701, 41.154028811207901 ], [ -7.150703653970462, 41.153770858249487 ], [ -7.150970623547142, 41.153363173071682 ], [ -7.151416620600977, 41.152636550464898 ], [ -7.151796338804181, 41.151991753555187 ], [ -7.152012530209736, 41.151625234467751 ], [ -7.152291226305643, 41.151276528110031 ], [ -7.152577476313975, 41.150884760544479 ], [ -7.152838069400782, 41.150455315421574 ], [ -7.153215516202065, 41.149946454337794 ], [ -7.153480907495319, 41.149626271506847 ], [ -7.154068575558941, 41.148781535081923 ], [ -7.154304027176994, 41.14843966122568 ], [ -7.154668855438074, 41.147960494600134 ], [ -7.155306757259611, 41.147115548845242 ], [ -7.155653796612047, 41.146686380587973 ], [ -7.156059956168795, 41.146278508005615 ], [ -7.156588997851936, 41.14569600417947 ], [ -7.156841289173384, 41.145446022557849 ], [ -7.157587269133724, 41.14464303894195 ], [ -7.15820978269389, 41.143843685822162 ], [ -7.158504086580159, 41.143449990085607 ], [ -7.158733578073853, 41.143032961911395 ], [ -7.1591177561465, 41.142166672109177 ], [ -7.159413509450822, 41.141375272631116 ], [ -7.159499741948368, 41.141133429187647 ], [ -7.15972643156078, 41.140647132560147 ], [ -7.159762370310972, 41.140560184282684 ], [ -7.159998811542602, 41.13994539613099 ], [ -7.160054078551068, 41.13983222681118 ], [ -7.160123958876698, 41.139689293127617 ], [ -7.160343442085376, 41.139214462398506 ], [ -7.160428936449784, 41.138949109051097 ], [ -7.16054879024523, 41.138316767219166 ], [ -7.160644825617951, 41.137659370597582 ], [ -7.160642661910178, 41.137046529825589 ], [ -7.160613739110956, 41.136204667914882 ], [ -7.160596094705174, 41.135640230982602 ], [ -7.160606382625115, 41.135620865966629 ], [ -7.160588876183917, 41.135596767772135 ], [ -7.160627608447779, 41.135417013447451 ], [ -7.160656656794557, 41.135369173303147 ], [ -7.160686133563362, 41.135163135755469 ], [ -7.160709223783955, 41.134703580120807 ], [ -7.160689854285184, 41.134603556802418 ], [ -7.160599805125818, 41.133893095258557 ], [ -7.160441318413736, 41.133155756993055 ], [ -7.160372985476729, 41.132871280478355 ], [ -7.160317435617465, 41.132494885721151 ], [ -7.160210635058529, 41.1318713514857 ], [ -7.16017197960736, 41.131609274102424 ], [ -7.16013729463753, 41.131134911757414 ], [ -7.160131417012447, 41.130652868046063 ], [ -7.160157190184476, 41.130342713612848 ], [ -7.160336009418867, 41.129618577253709 ], [ -7.160478114402657, 41.129075021533758 ], [ -7.160539612954505, 41.128861420463487 ], [ -7.160775661862467, 41.12837466119224 ], [ -7.161171153284709, 41.12772689909454 ], [ -7.161319478675794, 41.127560397533628 ], [ -7.161489454291203, 41.127412273293196 ], [ -7.161789350813033, 41.127214453130861 ], [ -7.162165982015077, 41.126973695654755 ], [ -7.162544115208108, 41.126767796972388 ], [ -7.163275926591433, 41.126399374183805 ], [ -7.163542084560481, 41.126268527179782 ], [ -7.163751721514815, 41.126134955587617 ], [ -7.1639552429544, 41.126085700291185 ], [ -7.164172221645305, 41.126052135199686 ], [ -7.164683189954356, 41.126003747993657 ], [ -7.164762958157, 41.125996583050679 ], [ -7.165586159818087, 41.125939826369731 ], [ -7.16641513186684, 41.125944249368814 ], [ -7.166657500202906, 41.125965725910596 ], [ -7.167162620427648, 41.126048468045866 ], [ -7.167916043504786, 41.126162553449902 ], [ -7.168615767474846, 41.126325071184858 ], [ -7.169311171872535, 41.126514386639769 ], [ -7.169941467699963, 41.126726470075212 ], [ -7.170102551032764, 41.126778148834113 ], [ -7.170499617194098, 41.126905264436459 ], [ -7.170573393396082, 41.126925331018178 ], [ -7.171266302710078, 41.12708246321089 ], [ -7.171951128770756, 41.127198198730227 ], [ -7.172680275048035, 41.127287824470329 ], [ -7.173493441035206, 41.127332045513718 ], [ -7.17379182823138, 41.12733452538982 ], [ -7.174218055487987, 41.127299525059144 ], [ -7.174639138388375, 41.127258271906769 ], [ -7.174918544603222, 41.127214669185889 ], [ -7.175405285394899, 41.127161709948687 ], [ -7.175464853703609, 41.127159955902783 ], [ -7.17577724537263, 41.127148769629443 ], [ -7.176260138980509, 41.127106850949623 ], [ -7.176718148400783, 41.127064275236833 ], [ -7.177096706697056, 41.127006902564496 ], [ -7.177870675363199, 41.126921286959096 ], [ -7.178868028858718, 41.126843995373811 ], [ -7.179357351810567, 41.126818231888123 ], [ -7.179747201810116, 41.126778683284904 ], [ -7.180635555836456, 41.126670940251856 ], [ -7.180742857962445, 41.126661923614556 ], [ -7.18171895901998, 41.126555434271623 ], [ -7.182687116180388, 41.126429249004275 ], [ -7.183640898761711, 41.126325623363407 ], [ -7.184402393509044, 41.126211765877287 ], [ -7.184609952311943, 41.126194920859461 ], [ -7.185546349448835, 41.126156958379347 ], [ -7.185974069394669, 41.126150113742085 ], [ -7.186452257723555, 41.126119368935576 ], [ -7.18720575977648, 41.126072421680533 ], [ -7.187283868266328, 41.126072789290966 ], [ -7.188079932160439, 41.126088852783141 ], [ -7.188884678739435, 41.126146943645452 ], [ -7.189254450097816, 41.126161761431042 ], [ -7.189694400639377, 41.126206957829524 ], [ -7.190499946111387, 41.126293220119116 ], [ -7.191272768134414, 41.126402264674951 ], [ -7.191952207098595, 41.126538910001329 ], [ -7.192527758876236, 41.126619862613239 ], [ -7.192667270676798, 41.126648822145384 ], [ -7.192809259789284, 41.126687438101129 ], [ -7.193541549698226, 41.126892571437374 ], [ -7.193616424214835, 41.126911187949403 ], [ -7.194355993531602, 41.12709053322191 ], [ -7.194771994159493, 41.127171262924314 ], [ -7.19507560711817, 41.12724999189966 ], [ -7.195554996347036, 41.127403355539407 ], [ -7.196062029161178, 41.127598180713399 ], [ -7.196391194486895, 41.127714216172642 ], [ -7.197071755561433, 41.128008138761544 ], [ -7.197268175196827, 41.128096981510701 ], [ -7.197883640630913, 41.128439083553793 ], [ -7.197971898229639, 41.128488422208257 ], [ -7.198280023587558, 41.128694682541969 ], [ -7.198689877310065, 41.129033947256069 ], [ -7.198942535377502, 41.129272621450134 ], [ -7.199265294599708, 41.129648633737226 ], [ -7.199463902764754, 41.129894794154083 ], [ -7.199721778342274, 41.13028738825021 ], [ -7.200168777714526, 41.130889691357126 ], [ -7.200549220741848, 41.131331177047258 ], [ -7.200670434921366, 41.131442456048077 ], [ -7.200696201072897, 41.131489668683002 ], [ -7.200771752498896, 41.131596074924488 ], [ -7.201101903223519, 41.132015724244873 ], [ -7.201201258184916, 41.132198589817534 ], [ -7.201325859799859, 41.132466570643615 ], [ -7.201480374027309, 41.132648262260979 ], [ -7.201714980350691, 41.132826276532228 ], [ -7.202549774496823, 41.133378570938454 ], [ -7.203020184548376, 41.133691921383026 ], [ -7.203431397445222, 41.133879104338526 ], [ -7.203907092230537, 41.134113979326436 ], [ -7.20434021587955, 41.134276745134258 ], [ -7.204442114112276, 41.134313851152328 ], [ -7.204732925027538, 41.13442532334313 ], [ -7.204965451404555, 41.13451471496348 ], [ -7.205446397594359, 41.134740890870091 ], [ -7.206266500579175, 41.135045697383731 ], [ -7.206487487734472, 41.135109146349158 ], [ -7.207580866868594, 41.13540155095469 ], [ -7.208195893328079, 41.135604568429834 ], [ -7.208570303898234, 41.135760368330061 ], [ -7.209210195458109, 41.136042639187224 ], [ -7.20931452839901, 41.136059231606254 ], [ -7.21003842290978, 41.136169107777953 ], [ -7.210763637129041, 41.136252881209977 ], [ -7.211191621577162, 41.136307801795127 ], [ -7.211480401659554, 41.136310379168563 ], [ -7.212120234918169, 41.136308096895739 ], [ -7.212198373187618, 41.136307644697546 ], [ -7.212881159655269, 41.136299578684195 ], [ -7.21357197873266, 41.136287883697591 ], [ -7.214400921389583, 41.136260989434632 ], [ -7.21485900988588, 41.136232848845651 ], [ -7.215272591762163, 41.136227764705637 ], [ -7.216151099129303, 41.136234111121404 ], [ -7.216671511882728, 41.13622897008527 ], [ -7.217026654238726, 41.136195772506007 ], [ -7.21792180782025, 41.136092027385942 ], [ -7.218250468323834, 41.136061137724489 ], [ -7.218802217858443, 41.136046418579262 ], [ -7.219653277598113, 41.13603064364748 ], [ -7.220444982486568, 41.136026730718875 ], [ -7.220653367752139, 41.136029187448642 ], [ -7.221209037120619, 41.136075534948397 ], [ -7.221897941749908, 41.136098986040004 ], [ -7.222603164060139, 41.136182255781129 ], [ -7.222891144252293, 41.136242781197737 ], [ -7.223225768643164, 41.136272069363031 ], [ -7.223309341434541, 41.136282902483885 ], [ -7.223674921181579, 41.136356016284587 ], [ -7.223713441674767, 41.136369557569331 ], [ -7.223713982282803, 41.136658776189854 ], [ -7.223684936514802, 41.136848264075411 ], [ -7.223650037423457, 41.137055895252026 ], [ -7.223645943384598, 41.137378572214466 ], [ -7.223640151254641, 41.137583100693256 ], [ -7.223587588008008, 41.137888287731521 ], [ -7.223549396393236, 41.138041059572174 ], [ -7.223446704073639, 41.138146857345617 ], [ -7.223150076138914, 41.138254825728893 ], [ -7.223131706255318, 41.138317166603457 ], [ -7.223125529218004, 41.138489098345211 ], [ -7.223108197053292, 41.138726673980095 ], [ -7.223132833575765, 41.138822854952338 ], [ -7.223139371902729, 41.138970932186531 ], [ -7.223129267435128, 41.139116271208991 ], [ -7.223098342415947, 41.139164738163586 ], [ -7.222972343223541, 41.139207055895831 ], [ -7.222685117209145, 41.139255126245615 ], [ -7.222277243073898, 41.139276758988281 ], [ -7.222144347555639, 41.139309477663652 ], [ -7.222006803911991, 41.139377001412448 ], [ -7.221958099210498, 41.139428124149205 ], [ -7.221937945624825, 41.139481716574309 ], [ -7.221951647169061, 41.139645251403813 ], [ -7.222041825589495, 41.139747261725759 ], [ -7.22223355296935, 41.139879246135706 ], [ -7.222778089248151, 41.140208317423394 ], [ -7.222883070766279, 41.140308461330157 ], [ -7.222941960217296, 41.14041697598735 ], [ -7.222974255717324, 41.140527801684733 ], [ -7.222990995693248, 41.140687486742962 ], [ -7.222966155869905, 41.140735376830776 ], [ -7.222838007464571, 41.140829447408819 ], [ -7.222687202624096, 41.140882643121266 ], [ -7.222541233861296, 41.140886804548792 ], [ -7.22209710448482, 41.140729962021148 ], [ -7.221849489768744, 41.140686590120595 ], [ -7.221634784119607, 41.140683274224337 ], [ -7.221574663780139, 41.140698286713381 ], [ -7.221510123181218, 41.140731543737132 ], [ -7.221459100695139, 41.140786517035217 ], [ -7.221442759694911, 41.140840139533381 ], [ -7.221443049294475, 41.141146825096698 ], [ -7.221565597687811, 41.141380548733942 ], [ -7.221860725975819, 41.14195122363077 ], [ -7.221923723414124, 41.142107313756988 ], [ -7.221891261333364, 41.142267511035215 ], [ -7.221830615007262, 41.142372472020917 ], [ -7.221704689626904, 41.142469173722816 ], [ -7.221581129656082, 41.142549773681665 ], [ -7.221309883917217, 41.142810466548774 ], [ -7.221104482282087, 41.14291797114646 ], [ -7.22050281908894, 41.143118335446609 ], [ -7.220440693411799, 41.143166463502617 ], [ -7.220412572454655, 41.143262226953205 ], [ -7.220465202193147, 41.143418507616119 ], [ -7.220486183240704, 41.143597854024186 ], [ -7.220520362696349, 41.14371040697872 ], [ -7.220554909806264, 41.143821880522516 ], [ -7.22055222018686, 41.14387867426035 ], [ -7.220524644972851, 41.143934461359237 ], [ -7.220467394052818, 41.143983262841701 ], [ -7.220390542178221, 41.144019484913258 ], [ -7.220265535534262, 41.144049470757707 ], [ -7.22012467086814, 41.144054570877103 ], [ -7.219915074798786, 41.144008430197665 ], [ -7.21939720004456, 41.143851803018393 ], [ -7.21909404788329, 41.143783582204506 ], [ -7.218952551428988, 41.143783005899515 ], [ -7.218824341964518, 41.143829260660908 ], [ -7.21869070964459, 41.143931206760385 ], [ -7.218538440516237, 41.144123325497603 ], [ -7.218423128582362, 41.144330583715416 ], [ -7.218297921705435, 41.144426121293002 ], [ -7.217881848173136, 41.144607136761017 ], [ -7.217608370610598, 41.144726794637918 ], [ -7.217408276518359, 41.144828483799181 ], [ -7.217245040967974, 41.144978280059746 ], [ -7.217160599693657, 41.145131854158635 ], [ -7.217132769062085, 41.145179985680635 ], [ -7.217028018245726, 41.145320699475008 ], [ -7.216917218803965, 41.14542534625442 ], [ -7.216784375842384, 41.145496327157019 ], [ -7.216573492657441, 41.145568036705107 ], [ -7.216447638512055, 41.145650414579407 ], [ -7.216142876039525, 41.145937751931136 ], [ -7.215937249099258, 41.146085588056849 ], [ -7.215605902088077, 41.146280144089189 ], [ -7.215382048546928, 41.14647960845685 ], [ -7.215336277294488, 41.14653300003819 ], [ -7.215107906310139, 41.146782848955667 ], [ -7.21500922654702, 41.146923610143212 ], [ -7.214979881184044, 41.147029177953748 ], [ -7.214932528997299, 41.147376003393376 ], [ -7.214970040967478, 41.147488040612018 ], [ -7.215021920305762, 41.147534913342405 ], [ -7.215387786673996, 41.14775392272864 ], [ -7.215456267698522, 41.147857742529204 ], [ -7.215513521538358, 41.148023607553661 ], [ -7.215563427566294, 41.148186616395215 ], [ -7.215689766948164, 41.148549769899475 ], [ -7.215707117612032, 41.148663900041711 ], [ -7.215663254933384, 41.148768538386655 ], [ -7.215597378642042, 41.14882059935757 ], [ -7.215286029047403, 41.148997668012456 ], [ -7.215015858579513, 41.149117617866203 ], [ -7.21461716656293, 41.149254009644622 ], [ -7.214475267943926, 41.14931537110207 ], [ -7.21435410426595, 41.149410568245116 ], [ -7.214307172036103, 41.149513204237763 ], [ -7.214300722765042, 41.149710975126695 ], [ -7.214302911827793, 41.149981563797866 ], [ -7.214278725906585, 41.150118419048482 ], [ -7.214225816239912, 41.15022235524669 ], [ -7.214046974787405, 41.150498981204571 ], [ -7.214027409457747, 41.150731762130533 ], [ -7.214034945457408, 41.151233890664813 ], [ -7.214131298887303, 41.151534588913776 ], [ -7.214240152527139, 41.151707883144155 ], [ -7.214275600734639, 41.151754086650911 ], [ -7.214413876836367, 41.151953275699803 ], [ -7.214446501809779, 41.152099583783674 ], [ -7.214427091086872, 41.152159308964571 ], [ -7.214356292440735, 41.152272738839301 ], [ -7.21429364896796, 41.15243404263154 ], [ -7.214286344424309, 41.152718965831028 ], [ -7.214267056007254, 41.152821010975508 ], [ -7.214103982797022, 41.153033741633983 ], [ -7.213946822869044, 41.153283434814611 ], [ -7.213929022147196, 41.153329758231855 ], [ -7.21390258056261, 41.153440657712885 ], [ -7.213901986353036, 41.153637121832659 ], [ -7.213903701498514, 41.1538388304348 ], [ -7.21391025459786, 41.154112428746863 ], [ -7.213979249216446, 41.154265144626549 ], [ -7.214104057094413, 41.154422092976112 ], [ -7.21416067245004, 41.154522669986889 ], [ -7.214165226202815, 41.15462346101809 ], [ -7.214168634115593, 41.155028677011956 ], [ -7.214167043217375, 41.155270963786208 ], [ -7.214130849486557, 41.155414741876754 ], [ -7.213993062551101, 41.155787225441884 ], [ -7.213991740539725, 41.155882117718932 ], [ -7.214051583090582, 41.156101760085669 ], [ -7.214195561932716, 41.156327917432314 ], [ -7.214233141465722, 41.156435457654922 ], [ -7.214269893211639, 41.156679398186441 ], [ -7.214239846026368, 41.156783788570344 ], [ -7.214219782419067, 41.156830089448533 ], [ -7.214108548083097, 41.157041073377911 ], [ -7.214057528478945, 41.157197160746932 ], [ -7.214004887976561, 41.157341079441466 ], [ -7.21394802483682, 41.157634070881208 ], [ -7.213935401942559, 41.157839082931247 ], [ -7.213862988092679, 41.158119614405685 ], [ -7.21385765594915, 41.158373670329944 ], [ -7.213857205626958, 41.158671076450425 ], [ -7.213877229186862, 41.15891803768632 ], [ -7.213879771799261, 41.158975412217828 ], [ -7.213886390523352, 41.159329326737243 ], [ -7.213863942571259, 41.159495457484915 ], [ -7.213833750170936, 41.159550412435344 ], [ -7.213646979424769, 41.15983786639476 ], [ -7.213562752331907, 41.160110740621391 ], [ -7.213559724067802, 41.160276754395667 ], [ -7.213528598377431, 41.160398600511499 ], [ -7.213315614832601, 41.16069404114517 ], [ -7.213026339552493, 41.161197950067979 ], [ -7.212991096369493, 41.161264568122633 ], [ -7.21288240115654, 41.161557236583995 ], [ -7.212849341270912, 41.161817461064125 ], [ -7.212858472881588, 41.162443593221987 ], [ -7.212824069356508, 41.162561186324872 ], [ -7.21271597618245, 41.162785153544952 ], [ -7.212697608002777, 41.162905666950543 ], [ -7.212715672630518, 41.163020070392804 ], [ -7.21282396573592, 41.163422518639507 ], [ -7.212826711013661, 41.163601182537384 ], [ -7.212744074451655, 41.163870647074837 ], [ -7.212717926904554, 41.164164511490057 ], [ -7.212718321948699, 41.164375212512148 ], [ -7.212719808092212, 41.164430962314157 ], [ -7.212714069501764, 41.164466660510278 ], [ -7.212714109893218, 41.165078041967519 ], [ -7.212706803069787, 41.165175140905667 ], [ -7.212610123308504, 41.165460161286319 ], [ -7.21258041251017, 41.165642526685481 ], [ -7.212570513833131, 41.165847831092691 ], [ -7.212563133365695, 41.166162917034768 ], [ -7.212551966605418, 41.166476261895596 ], [ -7.21249758987224, 41.166718399977285 ], [ -7.212415418061639, 41.166954102026047 ], [ -7.21224018907601, 41.167291799020418 ], [ -7.212114647656818, 41.167638268782412 ], [ -7.212086248192806, 41.167862872434711 ], [ -7.212086201813029, 41.168258514558481 ], [ -7.212080296641321, 41.168416581339542 ], [ -7.21206613657654, 41.168765287749096 ], [ -7.21199713938852, 41.168987047290294 ], [ -7.211885510041984, 41.169326875694388 ], [ -7.211863971751626, 41.169537758558448 ], [ -7.211863121756235, 41.169547568151906 ], [ -7.212024153182414, 41.17011556948777 ], [ -7.212052577656133, 41.170349637976557 ], [ -7.211902149132548, 41.171095149566014 ], [ -7.211908743192926, 41.171339482920011 ], [ -7.21210009679179, 41.171980747947096 ], [ -7.212118174713693, 41.172102452929558 ], [ -7.212097994785687, 41.172241854086451 ], [ -7.211842100801667, 41.172671741123679 ], [ -7.211786975479647, 41.17275350407332 ], [ -7.211738409649657, 41.172894661699004 ], [ -7.211690280962761, 41.17349044339101 ], [ -7.211705092898701, 41.173607074519118 ], [ -7.211776694051818, 41.173702458013686 ], [ -7.212140995297879, 41.174068324054545 ], [ -7.212220515620394, 41.174185199702428 ], [ -7.212220776960181, 41.174277493996584 ], [ -7.212219878445257, 41.174845192924259 ], [ -7.21221405845872, 41.174997137357096 ], [ -7.212173716019855, 41.175138359963498 ], [ -7.212165672614, 41.175185027464444 ], [ -7.211750755230225, 41.175796790530576 ], [ -7.211586582226708, 41.175980873569344 ], [ -7.211385491100496, 41.17609550953884 ], [ -7.211263418758229, 41.176191873340166 ], [ -7.211208193866376, 41.176331804102531 ], [ -7.210837701691442, 41.177744651133629 ], [ -7.210811458012095, 41.177891118480325 ], [ -7.210767605973809, 41.17798441276927 ], [ -7.210535271964266, 41.178304180952907 ], [ -7.210469162167525, 41.178395673362829 ], [ -7.210468377831316, 41.17853630995544 ], [ -7.210662742783925, 41.178937199462688 ], [ -7.210698596265894, 41.178981606294002 ], [ -7.21072075660126, 41.179075513873023 ], [ -7.210720831225333, 41.179121074809167 ], [ -7.210562699030244, 41.179511760013277 ], [ -7.210151008370266, 41.180451651886401 ], [ -7.209985154925531, 41.180482737717341 ], [ -7.209813739085105, 41.180519007451551 ], [ -7.209800453041409, 41.180514754505523 ], [ -7.209639871807079, 41.180543549118603 ], [ -7.209172872154448, 41.180836586306491 ], [ -7.209111862090155, 41.18087832650636 ], [ -7.209014924696141, 41.180890154603325 ], [ -7.208815898853031, 41.180949069253764 ], [ -7.208599520770925, 41.180928519117941 ], [ -7.208240352070383, 41.180832178099877 ], [ -7.20806300986748, 41.180832200769217 ], [ -7.207174062721889, 41.180882427389996 ], [ -7.207112724604755, 41.180896345433936 ], [ -7.206952845994072, 41.181036606650942 ], [ -7.206953510470442, 41.181175545792946 ], [ -7.206981616931858, 41.181270040313322 ], [ -7.206981023657526, 41.181363499063146 ], [ -7.206958805960498, 41.181409423662757 ], [ -7.20687074454138, 41.181501909751965 ], [ -7.206814977730804, 41.181517758819851 ], [ -7.206104603260635, 41.182072563007438 ], [ -7.206044254317334, 41.182117910364241 ], [ -7.205921266190497, 41.182176615361854 ], [ -7.20585972766367, 41.182213761030496 ], [ -7.205793237439489, 41.182305875198082 ], [ -7.205739668121325, 41.182352087358403 ], [ -7.205616115138387, 41.182400347118509 ], [ -7.204617584148526, 41.182562049944288 ], [ -7.204495164809075, 41.18263138473948 ], [ -7.204408205165769, 41.182645272120922 ], [ -7.203658116339973, 41.182878117437205 ], [ -7.203416016764777, 41.183041299246248 ], [ -7.203355735968926, 41.183065034776142 ], [ -7.203295279620318, 41.183066801337546 ], [ -7.20304584274844, 41.183066140531146 ], [ -7.202797779077833, 41.183035150663393 ], [ -7.202669661397231, 41.183034747755556 ], [ -7.202421100476522, 41.183072989866943 ], [ -7.202365925232789, 41.183072815895748 ], [ -7.202301204171054, 41.183072833071336 ], [ -7.202178173262963, 41.183049873817779 ], [ -7.20198518287079, 41.183026707196653 ], [ -7.201923694830915, 41.183034583943076 ], [ -7.201739659142491, 41.183120077123384 ], [ -7.201554819934558, 41.183127592641632 ], [ -7.201494396362313, 41.183127375800076 ], [ -7.201310632299273, 41.183151191801102 ], [ -7.201096420215386, 41.183204662211274 ], [ -7.199518741987284, 41.183569178892384 ], [ -7.199419667789614, 41.183571532576046 ], [ -7.199175360253044, 41.183620429792249 ], [ -7.198709035526658, 41.183726683770161 ], [ -7.198453184059148, 41.183782599094634 ], [ -7.198181895807148, 41.1838431634526 ], [ -7.197785783588758, 41.183906315150068 ], [ -7.197624183296837, 41.18393039349813 ], [ -7.197278655862867, 41.184006380108841 ], [ -7.197085694180815, 41.184081893180398 ], [ -7.196821701488388, 41.184207786756488 ], [ -7.196421033119274, 41.184331136500354 ], [ -7.196330891130738, 41.184383889060463 ], [ -7.195640069435441, 41.184628050985879 ], [ -7.19550154679669, 41.184722010182632 ], [ -7.195233510469381, 41.184955650843328 ], [ -7.195030824245843, 41.18511130581981 ], [ -7.19462459760522, 41.185498512977418 ], [ -7.194456271835199, 41.185651654723316 ], [ -7.194381127700596, 41.185747295137432 ], [ -7.19430314219113, 41.185841744495647 ], [ -7.194170351789125, 41.18601003238301 ], [ -7.193891200185363, 41.186311917348533 ], [ -7.193728487134833, 41.186538757968307 ], [ -7.193694237279946, 41.18659223534813 ], [ -7.193635570290103, 41.186735821855763 ], [ -7.193627320857882, 41.186762768899612 ], [ -7.193571962788833, 41.186858297342852 ], [ -7.193476986236226, 41.186965846344279 ], [ -7.192927204365352, 41.187538982801549 ], [ -7.192763189237607, 41.187731502744349 ], [ -7.192614316578881, 41.187906953531218 ], [ -7.192369934539308, 41.188118535693292 ], [ -7.192208915190255, 41.188276507753891 ], [ -7.191895259364846, 41.188622588240044 ], [ -7.191504172527521, 41.188881958453386 ], [ -7.191253433818249, 41.189078811213228 ], [ -7.191051620883382, 41.189229696650479 ], [ -7.190968785760022, 41.189287817175618 ], [ -7.189559832506005, 41.190424505037939 ], [ -7.189495582798261, 41.190458017983303 ], [ -7.188868548821432, 41.190935781260464 ], [ -7.188743311059177, 41.190999671715282 ], [ -7.188494387229243, 41.191160340970505 ], [ -7.188043037554579, 41.19162170601733 ], [ -7.187489054168227, 41.192249074696463 ], [ -7.187165356022099, 41.192710133667106 ], [ -7.187156140539204, 41.1928870790193 ], [ -7.187100093737548, 41.192979993651484 ], [ -7.187116890540399, 41.193080346219283 ], [ -7.18711582013534, 41.19312985674803 ], [ -7.187113260777437, 41.193175400414788 ], [ -7.187099308395561, 41.193267033767853 ], [ -7.186969433026842, 41.19351241267124 ], [ -7.186906234954481, 41.193662984253329 ], [ -7.186874396447047, 41.193804804802539 ], [ -7.186871484336942, 41.193957852607319 ], [ -7.186949560707085, 41.194148750344787 ], [ -7.187070530265233, 41.194390867633473 ], [ -7.187168572807345, 41.194644238957586 ], [ -7.187246014526393, 41.194796861759599 ], [ -7.187340200780283, 41.195036239391563 ], [ -7.187328515347449, 41.195127805821436 ], [ -7.187326225327777, 41.195179651003365 ], [ -7.187354266796992, 41.195227150462301 ], [ -7.187409460277717, 41.195301796244188 ], [ -7.187572342522905, 41.195522923584171 ], [ -7.18763168096049, 41.195624434798809 ], [ -7.187655891509622, 41.195673342495091 ], [ -7.187712161244994, 41.195772490091045 ], [ -7.187901968002202, 41.195969972449298 ], [ -7.188066667339842, 41.196122681444322 ], [ -7.188124487222764, 41.196479626247189 ], [ -7.188110493224162, 41.196598811169892 ], [ -7.188078888289945, 41.196724881118719 ], [ -7.188025605823263, 41.196832494705419 ], [ -7.188019241849111, 41.196885654376409 ], [ -7.188032912266205, 41.196921243866669 ], [ -7.188098284740496, 41.197009571824459 ], [ -7.188162105524114, 41.197081223008816 ], [ -7.188258109409666, 41.19716142474703 ], [ -7.188355638261038, 41.19725190366006 ], [ -7.188543461294413, 41.197421459352896 ], [ -7.18873995916874, 41.197593330613628 ], [ -7.18882240305188, 41.197663247775381 ], [ -7.188878624864934, 41.197716200334348 ], [ -7.188920316133632, 41.197776782711301 ], [ -7.188969640146592, 41.197895047079577 ], [ -7.189000199552942, 41.197967331810069 ], [ -7.189006838674023, 41.198052925769673 ], [ -7.18899974915375, 41.198131649553382 ], [ -7.188948601795803, 41.198240362446576 ], [ -7.188909576837795, 41.198342779953919 ], [ -7.188869234281291, 41.198429699486475 ], [ -7.188777062808263, 41.198588768432863 ], [ -7.188690620678267, 41.198722847320134 ], [ -7.188576494454035, 41.198883628715564 ], [ -7.188469765488594, 41.199027453711395 ], [ -7.188362841112365, 41.199184419470974 ], [ -7.188289256692646, 41.199302849846127 ], [ -7.188124928582583, 41.199539208571466 ], [ -7.188000226884019, 41.199714040912326 ], [ -7.187882608088659, 41.199885323282835 ], [ -7.187828347142814, 41.19996114490575 ], [ -7.187680171356752, 41.200135241240645 ], [ -7.187617673682522, 41.2002033371012 ], [ -7.187529195566269, 41.200321017089166 ], [ -7.187490359609209, 41.200377513522064 ], [ -7.187460341259045, 41.200392487647555 ], [ -7.187359540984088, 41.200488184410418 ], [ -7.187200576449538, 41.200666060587039 ], [ -7.187066254510777, 41.200812717181108 ], [ -7.186968944464534, 41.200922761574297 ], [ -7.186889536081373, 41.201006297075544 ], [ -7.186712821469448, 41.201216171541063 ], [ -7.186592773758053, 41.201357274956621 ], [ -7.186544591101355, 41.201416486420875 ], [ -7.186540531209909, 41.201441756525554 ], [ -7.186471366044588, 41.201426598545517 ], [ -7.186337928997679, 41.201379043718326 ], [ -7.18621653092307, 41.201348513740108 ], [ -7.186112482250065, 41.201329923552997 ], [ -7.185998615603724, 41.201322776041465 ], [ -7.185734111808623, 41.201328257446697 ] ] ] } },
{ "type": "Feature", "properties": { "dtmnfr": "040913", "freguesia": "Mós", "municipio": "Torre de Moncorvo", "distrito_i": "Bragança", "nuts3_cod": "11D", "nuts3": "Douro", "nuts2": "Norte", "nuts1": "Continente", "area_ha": 5912.59, "perimetro_": 38, "designacao": "Mós" }, "geometry": { "type": "Polygon", "coordinates": [ [ [ -6.842817019765906, 41.13431801089893 ], [ -6.844145582049063, 41.133826743070848 ], [ -6.845041305864866, 41.133788665054063 ], [ -6.845854979814542, 41.13355490590321 ], [ -6.846483906966325, 41.13298710377056 ], [ -6.846833844332672, 41.132636694681999 ], [ -6.847161826916536, 41.132269832876105 ], [ -6.847150965364985, 41.131910454476362 ], [ -6.84736961102711, 41.130811064742829 ], [ -6.847804394741567, 41.130126738988309 ], [ -6.848319113910469, 41.129574670574044 ], [ -6.848787657801798, 41.129284105841535 ], [ -6.849471818494238, 41.128952355054345 ], [ -6.849983375687534, 41.128727360950201 ], [ -6.850500280110581, 41.128386182630493 ], [ -6.850847768140269, 41.12807967738042 ], [ -6.851462831038187, 41.127454334768402 ], [ -6.85177644329213, 41.126923246904234 ], [ -6.851972949750265, 41.126633878962046 ], [ -6.852393514111612, 41.126641068851534 ], [ -6.852850539171651, 41.126641370912409 ], [ -6.853411243043347, 41.126643625316404 ], [ -6.854492064287156, 41.126634541091697 ], [ -6.855087310496144, 41.126661125349379 ], [ -6.855655128488386, 41.126701445191905 ], [ -6.856223197098699, 41.126711064528955 ], [ -6.857022449153677, 41.126600963620788 ], [ -6.857669605165792, 41.126436411621476 ], [ -6.858263807777614, 41.126424427512568 ], [ -6.858744580393769, 41.126483585002504 ], [ -6.859351311578648, 41.126531883299435 ], [ -6.859754468600915, 41.126620518594855 ], [ -6.860193784367643, 41.126760967471199 ], [ -6.860940394150148, 41.126910477948442 ], [ -6.86154775856004, 41.127024950259901 ], [ -6.862163107184463, 41.127120599689029 ], [ -6.862787982721138, 41.127135943987064 ], [ -6.863393227517792, 41.127169347798116 ], [ -6.864113740025658, 41.127221122622352 ], [ -6.864721582426539, 41.127292544619536 ], [ -6.864679911060858, 41.126245367641516 ], [ -6.864865609230004, 41.125969991331246 ], [ -6.865529186900214, 41.124999263437097 ], [ -6.866743395613812, 41.123933277157192 ], [ -6.867478918144136, 41.123548499519323 ], [ -6.867928819722763, 41.123372543278073 ], [ -6.868914758490576, 41.123434312628859 ], [ -6.869157235670521, 41.123463082851885 ], [ -6.869841852088342, 41.122962477495946 ], [ -6.870502143257863, 41.121921630906982 ], [ -6.871411737569789, 41.121423119801186 ], [ -6.871957085516394, 41.121017778746648 ], [ -6.872068114391936, 41.120852684075537 ], [ -6.872414645482879, 41.119248707157709 ], [ -6.872573379387402, 41.118537137268447 ], [ -6.87269261821017, 41.118235180402976 ], [ -6.87302997934749, 41.116099591556036 ], [ -6.873547347313202, 41.114237793994235 ], [ -6.873785965563458, 41.114267411724363 ], [ -6.874183131657664, 41.114255714712051 ], [ -6.87560802810857, 41.114279714160226 ], [ -6.876049850698847, 41.114285971656109 ], [ -6.876066834210152, 41.114294529054476 ], [ -6.876124034150778, 41.114316581323742 ], [ -6.876198002006303, 41.114339897923585 ], [ -6.876288011508356, 41.114358613692318 ], [ -6.876390903518408, 41.114369821800906 ], [ -6.876465251937363, 41.114372881222103 ], [ -6.876573167571461, 41.114370454046266 ], [ -6.876712226805639, 41.114357834283517 ], [ -6.877002599175314, 41.114345866743101 ], [ -6.877136256712289, 41.114341922501588 ], [ -6.877227107278308, 41.114341200423823 ], [ -6.877299585334379, 41.114342883789099 ], [ -6.877382817941293, 41.114348565136616 ], [ -6.877442962016532, 41.114353722826529 ], [ -6.877581463898464, 41.114370716021995 ], [ -6.87763960782958, 41.114380622213154 ], [ -6.877704821553426, 41.114394835577002 ], [ -6.877809096536669, 41.114414521401336 ], [ -6.877902401526717, 41.114416708669452 ], [ -6.878012631803687, 41.114411150308307 ], [ -6.878086832054701, 41.114403493919042 ], [ -6.878201658135762, 41.114388174514353 ], [ -6.878299425438109, 41.114374294426462 ], [ -6.878359849403773, 41.114365135370754 ], [ -6.878438436738107, 41.114364550685856 ], [ -6.878503135690401, 41.114368041239921 ], [ -6.878569227606057, 41.114373534146068 ], [ -6.878628938912834, 41.114382918459064 ], [ -6.878699685434484, 41.114400074644927 ], [ -6.878786970310046, 41.114424615999283 ], [ -6.878862155132111, 41.114446227949315 ], [ -6.878994880552474, 41.114485129404024 ], [ -6.87909182523013, 41.114514907163823 ], [ -6.879188117411636, 41.114541251656625 ], [ -6.879301008859373, 41.114571474749795 ], [ -6.879383846359876, 41.114597944559634 ], [ -6.879467823684296, 41.11462082865205 ], [ -6.879543397007705, 41.1146410055213 ], [ -6.879696313873721, 41.114676432387505 ], [ -6.879781981876094, 41.114691501928178 ], [ -6.879905088311428, 41.114716697796005 ], [ -6.879980659993209, 41.1147310270592 ], [ -6.880075146549768, 41.114752309739892 ], [ -6.880131400177371, 41.11476786943507 ], [ -6.880282924569324, 41.114801297661465 ], [ -6.880352142179022, 41.114824020586099 ], [ -6.880359739647141, 41.114831393878191 ], [ -6.880424572653101, 41.114846774805969 ], [ -6.880534813283275, 41.114878587713818 ], [ -6.880636298917969, 41.114907241210467 ], [ -6.880707343523805, 41.11492800197064 ], [ -6.880768055753586, 41.114953420762738 ], [ -6.880833914547508, 41.114977546647971 ], [ -6.880899745625753, 41.114996806346063 ], [ -6.880956001640749, 41.115012637590766 ], [ -6.881177974094131, 41.115060067401345 ], [ -6.881251554954657, 41.115079139197405 ], [ -6.881341010956863, 41.115095596668567 ], [ -6.881417246160069, 41.115112453365747 ], [ -6.881489528677335, 41.115130434905126 ], [ -6.881554745734665, 41.115144556086861 ], [ -6.881661431784186, 41.115169124169284 ], [ -6.88203844801153, 41.115259294656923 ], [ -6.882121372483146, 41.115281350506628 ], [ -6.882239336612181, 41.115320265304767 ], [ -6.882316501862122, 41.115350997914078 ], [ -6.88238701889181, 41.115380662428656 ], [ -6.882522903592577, 41.115472806013635 ], [ -6.882632215635956, 41.11553477077365 ], [ -6.882759784012349, 41.115594949974437 ], [ -6.882853944237327, 41.115633604866723 ], [ -6.882939655570913, 41.115665506711075 ], [ -6.883021436827392, 41.115710332733833 ], [ -6.883135505012227, 41.115797651221072 ], [ -6.883274713190089, 41.115871731620189 ], [ -6.883373684332876, 41.115895314898189 ], [ -6.883475788252279, 41.115904073410725 ], [ -6.883594617047161, 41.115897435151957 ], [ -6.883673854627296, 41.115856693597372 ], [ -6.883758911824642, 41.11578468422816 ], [ -6.883862749770548, 41.115664248796691 ], [ -6.883940555423386, 41.115566948097218 ], [ -6.883972531099753, 41.115525337248613 ], [ -6.884017934571256, 41.115466760486065 ], [ -6.884052630635493, 41.115426345151207 ], [ -6.884128934484874, 41.115345053641001 ], [ -6.884199679070973, 41.115262262941357 ], [ -6.88430735900379, 41.11511485986302 ], [ -6.8843338427104, 41.11507409068841 ], [ -6.884380252032989, 41.115000037521803 ], [ -6.884409373896005, 41.114958394709774 ], [ -6.884485305094622, 41.114878181214529 ], [ -6.884592691589759, 41.114802804373106 ], [ -6.884729806518904, 41.114735679570778 ], [ -6.884783973580364, 41.114704390937945 ], [ -6.884845619355096, 41.114668228329052 ], [ -6.884909649256888, 41.114631466631245 ], [ -6.885039537914988, 41.114549943834469 ], [ -6.885142607645408, 41.114488568898061 ], [ -6.88525350573963, 41.114428993062418 ], [ -6.885434611118394, 41.114314976630517 ], [ -6.885519030343473, 41.114257902329491 ], [ -6.885601577190162, 41.114192435617007 ], [ -6.885694043192061, 41.114125365465299 ], [ -6.88575972196915, 41.114077360535724 ], [ -6.885897491634602, 41.113969088782923 ], [ -6.88604926332741, 41.113857099354036 ], [ -6.88611676524097, 41.113806593687784 ], [ -6.88616303151232, 41.113777564454708 ], [ -6.886250297108221, 41.113727544567823 ], [ -6.886334650161507, 41.113673889624287 ], [ -6.886434996984069, 41.113605459893684 ], [ -6.886487800343447, 41.113564162866638 ], [ -6.886539627537273, 41.113518263127169 ], [ -6.886593371318049, 41.113471301802299 ], [ -6.886630121739065, 41.113435684608085 ], [ -6.886692686611706, 41.113356672012827 ], [ -6.886741683838516, 41.113239696891164 ], [ -6.886776788902795, 41.113139679358625 ], [ -6.886792870185944, 41.11305116411117 ], [ -6.886770811583734, 41.112920365945051 ], [ -6.886767241534688, 41.112775452083532 ], [ -6.886773881381457, 41.112720057355993 ], [ -6.88678468673881, 41.112658317438012 ], [ -6.886803044296792, 41.112574959184101 ], [ -6.886827510023546, 41.11247752776589 ], [ -6.886886065836813, 41.112276737136327 ], [ -6.886905776620904, 41.112216175843869 ], [ -6.886927165744399, 41.112149146101231 ], [ -6.886947765763601, 41.112079583949196 ], [ -6.886965139308575, 41.11202935125295 ], [ -6.887039997389969, 41.111829007902791 ], [ -6.887069758893516, 41.111766028724745 ], [ -6.887101902116231, 41.111703075299758 ], [ -6.887128805283311, 41.111652674625148 ], [ -6.887192336214276, 41.111541712780586 ], [ -6.887223454469788, 41.111488565477963 ], [ -6.887250735116685, 41.111443565953714 ], [ -6.887292680858791, 41.11137198444186 ], [ -6.887336055578275, 41.111300694794998 ], [ -6.887386689449034, 41.111216778747945 ], [ -6.887416698164568, 41.111165691250065 ], [ -6.887446281365947, 41.11111846913446 ], [ -6.887485761860349, 41.111051633999516 ], [ -6.887857896250185, 41.109985873617227 ], [ -6.88783809915854, 41.109552384285728 ], [ -6.887802902310509, 41.108938013803929 ], [ -6.887770058719222, 41.10866582637712 ], [ -6.887881062188551, 41.108637761856151 ], [ -6.890349364984365, 41.107785479312312 ], [ -6.891422771368287, 41.107166479119513 ], [ -6.892313269749978, 41.10653703582679 ], [ -6.893775686454187, 41.106633876891024 ], [ -6.895447994759468, 41.106565111281121 ], [ -6.896622454888298, 41.1064393119293 ], [ -6.897941313079337, 41.106777852105459 ], [ -6.900104447749874, 41.107473766050951 ], [ -6.900396600549695, 41.107523891792766 ], [ -6.900771678628125, 41.107602181181093 ], [ -6.901091422419233, 41.107590107696765 ], [ -6.901588901105607, 41.107386341817012 ], [ -6.902878294220322, 41.106452951606357 ], [ -6.90409725837581, 41.105438480706781 ], [ -6.904842420668076, 41.104896265974595 ], [ -6.905287294426178, 41.10463285556461 ], [ -6.905955170633523, 41.104264578339837 ], [ -6.90778233448001, 41.103364854465639 ], [ -6.908176288700419, 41.103162752634653 ], [ -6.908679260154216, 41.103019612398839 ], [ -6.909368238337278, 41.103020077414229 ], [ -6.91004509466653, 41.103103247278149 ], [ -6.910672802600969, 41.103372186578454 ], [ -6.911431376698259, 41.10377387878934 ], [ -6.912047099888581, 41.104170362044123 ], [ -6.912795667844733, 41.104547450516399 ], [ -6.913315101230871, 41.104641002747051 ], [ -6.91432458294718, 41.104768719114233 ], [ -6.915059879573462, 41.104853825752095 ], [ -6.915547467005642, 41.104937757790033 ], [ -6.916382516406745, 41.105184365837474 ], [ -6.916882631105636, 41.105357651578217 ], [ -6.917505687631294, 41.105707451371799 ], [ -6.918258758475726, 41.106004416414052 ], [ -6.918695566168571, 41.106060696120586 ], [ -6.91938323738245, 41.106049652223454 ], [ -6.920223031018633, 41.106052629024859 ], [ -6.920721227574616, 41.106072178172411 ], [ -6.921475428864674, 41.106062091161618 ], [ -6.922463707390062, 41.106069403636717 ], [ -6.923307454633806, 41.105947689614034 ], [ -6.924229922415972, 41.10564806403665 ], [ -6.924853766167237, 41.105326038493388 ], [ -6.926839533212413, 41.105050302613023 ], [ -6.928938157062877, 41.105250049669849 ], [ -6.931580483212757, 41.104447502320575 ], [ -6.934923150865531, 41.102910852498852 ], [ -6.935554014225098, 41.102722642264546 ], [ -6.936655357732021, 41.102156808125514 ], [ -6.937715408059816, 41.101714166228724 ], [ -6.938691608089886, 41.101951624349596 ], [ -6.939563492075863, 41.102573555417415 ], [ -6.940377859191944, 41.102973566423877 ], [ -6.94215259244569, 41.10379839429401 ], [ -6.943029745734964, 41.103906752824926 ], [ -6.943896510800093, 41.104584965448105 ], [ -6.944391357900301, 41.105259788264959 ], [ -6.945910838639375, 41.106548972148687 ], [ -6.946252369635829, 41.106999811069848 ], [ -6.946683472424832, 41.107255821025625 ], [ -6.947527141166719, 41.106825265490905 ], [ -6.948855034129298, 41.106230581744072 ], [ -6.94981830240135, 41.106371832459644 ], [ -6.950293258979684, 41.106433244719504 ], [ -6.950816861808979, 41.106649668243314 ], [ -6.951996849480561, 41.107294016936315 ], [ -6.95292998731661, 41.107663728686987 ], [ -6.95327653772286, 41.107982959529906 ], [ -6.953353432191304, 41.108616549848946 ], [ -6.95366849780638, 41.108599513831919 ], [ -6.95482683104564, 41.107879220113304 ], [ -6.956957265540212, 41.106958126982079 ], [ -6.958377311854804, 41.106518420638132 ], [ -6.959862339533743, 41.106413954026387 ], [ -6.961761320332355, 41.106393891107246 ], [ -6.963443070558908, 41.106419682071781 ], [ -6.965253217030563, 41.106650691961853 ], [ -6.967239598680327, 41.10733113571132 ], [ -6.968698671774489, 41.107733040535749 ], [ -6.968824887645043, 41.107751782583968 ], [ -6.969274610484463, 41.107834834582604 ], [ -6.970008249196872, 41.1079792763528 ], [ -6.970364798828149, 41.10809397860244 ], [ -6.970354432682095, 41.108155282695698 ], [ -6.970349912284305, 41.108222765052652 ], [ -6.970352082438253, 41.108309136441292 ], [ -6.970358175060456, 41.108361780727748 ], [ -6.970361696944821, 41.108418636448 ], [ -6.970368009295525, 41.10847947498182 ], [ -6.97039422001546, 41.108579955494648 ], [ -6.970424922425744, 41.108715866980553 ], [ -6.970435573864039, 41.108766399861615 ], [ -6.970447286317822, 41.108817929410705 ], [ -6.970459029994846, 41.108908447503772 ], [ -6.97046813200886, 41.108966169911866 ], [ -6.970491824164368, 41.10918250375633 ], [ -6.970516008433958, 41.109269188239402 ], [ -6.970554868301284, 41.109381232604804 ], [ -6.970614085589262, 41.10948681476934 ], [ -6.970648359540441, 41.10952794969549 ], [ -6.970687053139972, 41.109568586253964 ], [ -6.970723029632567, 41.109614241342136 ], [ -6.97089542867375, 41.109755540591578 ], [ -6.970977175042576, 41.109805349074584 ], [ -6.971028071624775, 41.109828910581285 ], [ -6.9710774664038, 41.109856422370335 ], [ -6.971245671958822, 41.109958597825731 ], [ -6.971302243654729, 41.109997975615002 ], [ -6.971344262389978, 41.110065930039987 ], [ -6.971352039030839, 41.110131286278438 ], [ -6.971324239805525, 41.110229512870625 ], [ -6.971301400517155, 41.110302938761265 ], [ -6.971281897256109, 41.110376215505958 ], [ -6.971273376186482, 41.110434384094248 ], [ -6.971272961276054, 41.110566023234369 ], [ -6.97127103396987, 41.110655146356514 ], [ -6.971274816336379, 41.110710916948754 ], [ -6.971282667608088, 41.110752052618572 ], [ -6.971283597948696, 41.110807256894688 ], [ -6.97129056552064, 41.110871438024226 ], [ -6.971298053706315, 41.110932831298015 ], [ -6.971329023189344, 41.111080901772809 ], [ -6.971341434978898, 41.111153599955301 ], [ -6.97135066622894, 41.111204118412218 ], [ -6.971401805629164, 41.111572628865133 ], [ -6.971430128297865, 41.111613703534161 ], [ -6.971464751078631, 41.111675998909625 ], [ -6.971542759960464, 41.11178933719242 ], [ -6.971581990642592, 41.111840066268719 ], [ -6.971627629811622, 41.111891756763669 ], [ -6.971666397527177, 41.111927894328844 ], [ -6.971715769292076, 41.111977282227691 ], [ -6.971748521578342, 41.112017320069555 ], [ -6.971831721923449, 41.112113241430002 ], [ -6.971883801416863, 41.112198223165265 ], [ -6.971878807215099, 41.112265433339822 ], [ -6.971852548215604, 41.112323338509448 ], [ -6.971779870279864, 41.112394369375394 ], [ -6.97170634579961, 41.112452155477435 ], [ -6.97164488922576, 41.112494037519937 ], [ -6.971535246307475, 41.112595399869278 ], [ -6.971486511923936, 41.112638220484506 ], [ -6.971430492194775, 41.112689158737368 ], [ -6.971376186817872, 41.112751102082107 ], [ -6.971286490951005, 41.112862118859574 ], [ -6.971226245406578, 41.112923193644008 ], [ -6.971192731651916, 41.112966976222474 ], [ -6.971143562152641, 41.11305489886125 ], [ -6.971115419074692, 41.113111702542582 ], [ -6.971090173731161, 41.113152509763843 ], [ -6.971064078118009, 41.113194204320486 ], [ -6.971013726566638, 41.113288509761162 ], [ -6.970937280278552, 41.113464942188394 ], [ -6.970910934254171, 41.113527705818214 ], [ -6.970885416787357, 41.113577511747593 ], [ -6.970860816686786, 41.1136222854728 ], [ -6.970833879056724, 41.113678285459592 ], [ -6.970811925481258, 41.113721375076615 ], [ -6.9707860904409, 41.113768657501261 ], [ -6.970751753925871, 41.113838993139737 ], [ -6.970732232409479, 41.1138928240821 ], [ -6.970708692503725, 41.113958675602639 ], [ -6.970697982033268, 41.114019074869759 ], [ -6.970694060042444, 41.11409332086626 ], [ -6.969498208667272, 41.120923949358072 ], [ -6.969097897284309, 41.12115338546208 ], [ -6.969013106409783, 41.121207907109998 ], [ -6.96893930141515, 41.121260918966364 ], [ -6.968889415352396, 41.121301200179531 ], [ -6.968833619662155, 41.121345930039709 ], [ -6.96873472247944, 41.121444338496012 ], [ -6.968693467928762, 41.121487770995294 ], [ -6.968655731460584, 41.121534394110888 ], [ -6.968604212616667, 41.121586457783216 ], [ -6.968546651689927, 41.121643049784403 ], [ -6.968497622882977, 41.121702161849228 ], [ -6.968422634778064, 41.121802165078215 ], [ -6.968387129759312, 41.121850516057272 ], [ -6.968343720297548, 41.121908246901768 ], [ -6.968305016729196, 41.121969265021463 ], [ -6.968272765444723, 41.122028813158906 ], [ -6.968244933972715, 41.122087963875344 ], [ -6.968218712693267, 41.122136589662937 ], [ -6.968188493889628, 41.122202463061406 ], [ -6.968179331989091, 41.122263149586281 ], [ -6.968177160150538, 41.122359022236488 ], [ -6.968209492660982, 41.122429758362983 ], [ -6.968234695986075, 41.122499165402168 ], [ -6.968298083510697, 41.122638828357239 ], [ -6.968337724635189, 41.122706759709615 ], [ -6.968375641155156, 41.122751082636192 ], [ -6.968404023666406, 41.122809265644868 ], [ -6.968444990084539, 41.12287640088249 ], [ -6.968482380059301, 41.122923777172296 ], [ -6.9685864503079, 41.12303845675595 ], [ -6.968614402832107, 41.123080701552794 ], [ -6.968657731082373, 41.123135432108192 ], [ -6.968710566227308, 41.123198185132551 ], [ -6.968767442563235, 41.123261158163302 ], [ -6.968849743813462, 41.123361122525445 ], [ -6.968879288160196, 41.123401038654904 ], [ -6.968927310214663, 41.123459776588483 ], [ -6.969031611450838, 41.123601835331407 ], [ -6.969071147442563, 41.12366265115373 ], [ -6.96913587776226, 41.123766312250616 ], [ -6.969212241773676, 41.12388602556711 ], [ -6.969243118619667, 41.123931086550932 ], [ -6.969307839493872, 41.124015296608043 ], [ -6.969360200238921, 41.124064267229976 ], [ -6.969418748499225, 41.124120504585491 ], [ -6.969506257519372, 41.124202152539326 ], [ -6.969553621016216, 41.124237568113926 ], [ -6.969609391652627, 41.124282608521789 ], [ -6.969651206965497, 41.124315355901778 ], [ -6.969703334277769, 41.124357210701611 ], [ -6.969773996631875, 41.124401862080063 ], [ -6.96983235334416, 41.124448552851959 ], [ -6.969930291134718, 41.124526344856136 ], [ -6.970065911033957, 41.124601181192624 ], [ -6.970141603350156, 41.124637154472339 ], [ -6.970215060379548, 41.124671659964562 ], [ -6.970345014951766, 41.124730051159972 ], [ -6.970460727573482, 41.124772279115383 ], [ -6.970468816559222, 41.124800002710309 ], [ -6.970535160411883, 41.124852982126818 ], [ -6.970646059967383, 41.124938472356327 ], [ -6.970704677591159, 41.124970845961215 ], [ -6.970791661641777, 41.125014851040227 ], [ -6.970886953994541, 41.125060470591976 ], [ -6.970957083136069, 41.125087918769289 ], [ -6.971013404153383, 41.125108204337941 ], [ -6.971090614479608, 41.125139326446401 ], [ -6.97115958925869, 41.125171536875136 ], [ -6.971239559467608, 41.125214837872214 ], [ -6.971304093097068, 41.125248987041232 ], [ -6.971377633178175, 41.125292494114824 ], [ -6.971428132506254, 41.125319206482835 ], [ -6.97148710092073, 41.125351311300896 ], [ -6.971542341241258, 41.125386172494345 ], [ -6.971608466215648, 41.125431320845614 ], [ -6.971668830945398, 41.125472174610671 ], [ -6.971742473842814, 41.125537026009923 ], [ -6.971763426896095, 41.125591531597948 ], [ -6.971764397230352, 41.125644485992517 ], [ -6.971757315316775, 41.125708520792919 ], [ -6.971747377919576, 41.125786125824341 ], [ -6.97172720889926, 41.125897037726197 ], [ -6.97171514190192, 41.125946707406705 ], [ -6.971694450631619, 41.126005925509894 ], [ -6.971667646783019, 41.126067245682869 ], [ -6.971636044034432, 41.126130856748716 ], [ -6.971606335899768, 41.126188182178815 ], [ -6.971567944215344, 41.126258749834143 ], [ -6.97151260545597, 41.126358317437159 ], [ -6.971491890093231, 41.126412131844901 ], [ -6.971469113179122, 41.126501673870919 ], [ -6.971455559059332, 41.126575011326423 ], [ -6.971435760843294, 41.126685111120644 ], [ -6.971419338353393, 41.126779220207411 ], [ -6.971387280441211, 41.126929628736043 ], [ -6.971371066033253, 41.126984660853758 ], [ -6.971348453899088, 41.127064840157445 ], [ -6.971323378269023, 41.127156879230519 ], [ -6.971293078601209, 41.127247693262063 ], [ -6.971249995461282, 41.127347748097712 ], [ -6.971213611240255, 41.127425896678233 ], [ -6.9711769207656, 41.127480631282033 ], [ -6.971138597791305, 41.127547234026231 ], [ -6.971102465079577, 41.127610709188488 ], [ -6.971073792033055, 41.12765688602196 ], [ -6.971031615611686, 41.127725699099088 ], [ -6.971001082384494, 41.127768974007978 ], [ -6.970933316390759, 41.127877780275561 ], [ -6.970885002581269, 41.127956890685091 ], [ -6.970815805048588, 41.128065683335556 ], [ -6.97069505078941, 41.128261658205957 ], [ -6.970645250520349, 41.128364431802659 ], [ -6.970604393682365, 41.128425967343858 ], [ -6.97056769142062, 41.128522120853802 ], [ -6.970553912883029, 41.128567275524659 ], [ -6.970540877014724, 41.128651510430316 ], [ -6.970515418545399, 41.128724728497382 ], [ -6.970495658331903, 41.128805293855088 ], [ -6.970476908946762, 41.128862192018374 ], [ -6.970445011309496, 41.128935616100513 ], [ -6.970424812577499, 41.128987185357779 ], [ -6.970395688452704, 41.129051631438507 ], [ -6.970373119300968, 41.129109301401705 ], [ -6.970344803097825, 41.129175465516909 ], [ -6.970318003784888, 41.129236785380918 ], [ -6.970277372844602, 41.129325875863984 ], [ -6.970243192606981, 41.129386849271931 ], [ -6.970201351526675, 41.129436491004455 ], [ -6.970058197993688, 41.129450714761639 ], [ -6.969961361162588, 41.129478730427465 ], [ -6.970003667533021, 41.129530930746988 ], [ -6.970081248274387, 41.129582137484071 ], [ -6.970150439404121, 41.129649465188095 ], [ -6.970079968638538, 41.129762748391599 ], [ -6.969991498360469, 41.12975509926374 ], [ -6.96991764421148, 41.129742832652916 ], [ -6.969832584902667, 41.129731257809617 ], [ -6.969756109068912, 41.129718960117181 ], [ -6.969671278537572, 41.129701179984679 ], [ -6.969558704009016, 41.129689960919478 ], [ -6.969501927653273, 41.129722073462865 ], [ -6.969500806997358, 41.129785629841457 ], [ -6.969518619684358, 41.129829118976872 ], [ -6.969594934294428, 41.129917676987255 ], [ -6.969671415465356, 41.129990482918593 ], [ -6.969713889526075, 41.130026388372166 ], [ -6.969771616325558, 41.130406491187777 ], [ -6.969779088445047, 41.130448794443581 ], [ -6.969826998139606, 41.130514288452247 ], [ -6.969848337871213, 41.130546831657256 ], [ -6.970043141524273, 41.130710323804962 ], [ -6.970301018150304, 41.130876166745985 ], [ -6.970397076970165, 41.130939534451514 ], [ -6.970492749527295, 41.130997674855102 ], [ -6.970726147888552, 41.131079890197981 ], [ -6.970958268985425, 41.131173442847498 ], [ -6.971081470164969, 41.13123744038792 ], [ -6.97121208159504, 41.131300073676165 ], [ -6.971263565738393, 41.131331565550276 ], [ -6.971302186885798, 41.131363471515989 ], [ -6.971384127066866, 41.131484678390436 ], [ -6.971421363799799, 41.131547542920138 ], [ -6.971433708138652, 41.131604210041097 ], [ -6.971440419885344, 41.131689816505151 ], [ -6.971430479177891, 41.131746803631358 ], [ -6.971423412505551, 41.131789862367597 ], [ -6.971420395609591, 41.131853132200824 ], [ -6.971423917825626, 41.131950500165054 ], [ -6.971418941885386, 41.132003306295609 ], [ -6.971406833709597, 41.132054957292645 ], [ -6.971361775165642, 41.132118433403612 ], [ -6.971327441775244, 41.132167606487151 ], [ -6.971296404868736, 41.132219339380818 ], [ -6.971250842572945, 41.132270653827682 ], [ -6.971175470021628, 41.132364440988624 ], [ -6.9711251894631, 41.132426601040329 ], [ -6.971035696319592, 41.13252447672199 ], [ -6.970997917736727, 41.132573615845914 ], [ -6.970943116631902, 41.132648701621726 ], [ -6.970858418603417, 41.132805689322836 ], [ -6.970844911621961, 41.132876234904096 ], [ -6.970828567718779, 41.132938555357512 ], [ -6.97081165401641, 41.132985926730832 ], [ -6.970788210816878, 41.133032331796734 ], [ -6.970729605196562, 41.133127726705148 ], [ -6.970660199200986, 41.133200773177812 ], [ -6.970615820645199, 41.133245614501448 ], [ -6.970551560280845, 41.133303492182108 ], [ -6.970534579501699, 41.133314310391455 ], [ -6.970473995234345, 41.133352773414316 ], [ -6.970395875738995, 41.133393048425098 ], [ -6.970318652334219, 41.133422971325956 ], [ -6.970158817304139, 41.133477637395401 ], [ -6.970091395089708, 41.133498930451751 ], [ -6.96999346505921, 41.1335282883961 ], [ -6.969860844315235, 41.13357260122087 ], [ -6.969717234146779, 41.13361896209954 ], [ -6.969633811377787, 41.133642614447524 ], [ -6.969500822310814, 41.133728161344699 ], [ -6.969471809365939, 41.133792879279852 ], [ -6.969429038786764, 41.133834405738561 ], [ -6.96934014533478, 41.133870877669615 ], [ -6.969244538363928, 41.133889903645027 ], [ -6.969161959062964, 41.13389249170708 ], [ -6.969074597410026, 41.133902866811802 ], [ -6.968984936870556, 41.133922489312127 ], [ -6.968880273919093, 41.133948175689042 ], [ -6.968792338848734, 41.133977905553706 ], [ -6.968679868786205, 41.134047717912949 ], [ -6.968615998445059, 41.134144140796678 ], [ -6.96858701388144, 41.134247932389535 ], [ -6.968574334399579, 41.134311734717116 ], [ -6.968562732910045, 41.134375188674738 ], [ -6.96855518664212, 41.134424903646163 ], [ -6.968547857603689, 41.134503073092588 ], [ -6.968544701883834, 41.134553286261784 ], [ -6.968539234486263, 41.134613466186131 ], [ -6.968527807614617, 41.134667379282156 ], [ -6.968507846889266, 41.134725165228282 ], [ -6.968485708497105, 41.134778606250137 ], [ -6.968437849798601, 41.134871853963872 ], [ -6.968378643075515, 41.135001007190418 ], [ -6.968381593737871, 41.135090173807825 ], [ -6.968423095055257, 41.135141017701542 ], [ -6.968470925798952, 41.135190752333344 ], [ -6.968520864829403, 41.135229163907411 ], [ -6.968627151873058, 41.135280117972975 ], [ -6.968693020043347, 41.135306623119881 ], [ -6.968770229971629, 41.135338375252864 ], [ -6.968891087426639, 41.13538011832329 ], [ -6.968977346107974, 41.13541196177566 ], [ -6.969063458338815, 41.13544542443406 ], [ -6.969113714623101, 41.135465921559913 ], [ -6.968977394044929, 41.135868287261879 ], [ -6.968905355587271, 41.136009104713004 ], [ -6.96887949143773, 41.136064309875863 ], [ -6.96884387525665, 41.136118516945253 ], [ -6.968815529031795, 41.136165773335925 ], [ -6.968779977698661, 41.13621664409493 ], [ -6.968741679654885, 41.13628099693107 ], [ -6.968714321754157, 41.136333037295699 ], [ -6.968589575865131, 41.1364843067946 ], [ -6.96854279263185, 41.136536956597944 ], [ -6.968492216739818, 41.136602357554651 ], [ -6.968397716167718, 41.136686314039949 ], [ -6.968306421710584, 41.136750670180788 ], [ -6.968238308681644, 41.136797252350185 ], [ -6.968160261773398, 41.13683311449585 ], [ -6.968101790716772, 41.136853052622932 ], [ -6.968048580976304, 41.136871604170473 ], [ -6.967973030623057, 41.136894252613182 ], [ -6.967890326385332, 41.136917277044709 ], [ -6.967814885891749, 41.136933712718893 ], [ -6.967754668322673, 41.136951111833035 ], [ -6.967636668038936, 41.136976662111962 ], [ -6.967517495155116, 41.137001033463662 ], [ -6.967442086373026, 41.137015667479936 ], [ -6.967352095839686, 41.137026552202876 ], [ -6.967253248775119, 41.137039601856792 ], [ -6.967128693300522, 41.137058604965866 ], [ -6.967016565993044, 41.1370684549656 ], [ -6.966933490741186, 41.137072118695052 ], [ -6.966851395553541, 41.137080562695083 ], [ -6.966752334619173, 41.137085775227803 ], [ -6.966504956294558, 41.13709957116437 ], [ -6.966440985505595, 41.137100363010411 ], [ -6.96634781486003, 41.137102570737724 ], [ -6.966271281052192, 41.137099819951985 ], [ -6.966203504872105, 41.13710021655195 ], [ -6.966136963779406, 41.137098461923962 ], [ -6.965981482664039, 41.137088155254645 ], [ -6.965908646439801, 41.137085164365899 ], [ -6.965785271310652, 41.137070955310243 ], [ -6.965707008824478, 41.137058364886506 ], [ -6.965555556331838, 41.137035941948412 ], [ -6.965466189895526, 41.137017931751949 ], [ -6.965448110213116, 41.137009823908421 ], [ -6.965311818994611, 41.136951901448249 ], [ -6.965226929844753, 41.13690998177632 ], [ -6.965177729778775, 41.136890308546008 ], [ -6.965098551546481, 41.136862222159223 ], [ -6.965014736271341, 41.136846787268937 ], [ -6.964920032750583, 41.136814583284085 ], [ -6.963717728029587, 41.136660052772712 ], [ -6.963174087191248, 41.136610602772947 ], [ -6.96305834958364, 41.136609428968775 ], [ -6.962984646451586, 41.136608143620165 ], [ -6.96281047834567, 41.136610880761232 ], [ -6.962709334666961, 41.136625880495153 ], [ -6.962653293148826, 41.136636296123058 ], [ -6.962590229589295, 41.136646372941662 ], [ -6.962509579227696, 41.13666076947716 ], [ -6.96243081573027, 41.136669787136199 ], [ -6.96232621305307, 41.136739044690771 ], [ -6.962283782532025, 41.136780842936318 ], [ -6.962226118636868, 41.136902894406155 ], [ -6.962196638348235, 41.136993538589877 ], [ -6.962155459108259, 41.137072445761909 ], [ -6.962119053870853, 41.137157615225007 ], [ -6.962073932074324, 41.137223607230155 ], [ -6.962020540871722, 41.13729275574002 ], [ -6.961990045252832, 41.137333326390113 ], [ -6.961945738202035, 41.137380418782726 ], [ -6.961890241549074, 41.137440634401216 ], [ -6.961738837282799, 41.137603153353041 ], [ -6.961675023504289, 41.137675345359476 ], [ -6.961638210674689, 41.137716300073215 ], [ -6.961611298484814, 41.137769782116209 ], [ -6.955008567796742, 41.148760282057395 ], [ -6.955014311069637, 41.148792396453629 ], [ -6.955024281310376, 41.148840849783234 ], [ -6.955045400151007, 41.148905804682869 ], [ -6.955060847530671, 41.148981147276857 ], [ -6.955063526324269, 41.149037989018417 ], [ -6.955056999999293, 41.149176311443597 ], [ -6.955052605048777, 41.149235697436431 ], [ -6.955051782353525, 41.14928178663142 ], [ -6.955033374574093, 41.149392169225109 ], [ -6.954996194094429, 41.149512805501878 ], [ -6.954978272635779, 41.149562413295087 ], [ -6.954941112285494, 41.149641992668428 ], [ -6.954892287005076, 41.149728110364798 ], [ -6.954866096395671, 41.149773764468605 ], [ -6.954840097355029, 41.149815370462711 ], [ -6.95478058653989, 41.149872478201054 ], [ -6.954697446607073, 41.149925379631419 ], [ -6.954576933680277, 41.149996721753482 ], [ -6.954508869282135, 41.15003933699986 ], [ -6.954380406365456, 41.150121943680304 ], [ -6.954283009982928, 41.15017911633732 ], [ -6.954210367771404, 41.150224563175286 ], [ -6.954096449444902, 41.150286608880094 ], [ -6.954041150285105, 41.15031476780829 ], [ -6.953911898287897, 41.150381516792471 ], [ -6.953823063688153, 41.150419682530931 ], [ -6.953761391741526, 41.150451198546975 ], [ -6.953683575392098, 41.150499298712802 ], [ -6.953614116366461, 41.150546486751537 ], [ -6.953547784867051, 41.150592178774922 ], [ -6.95347890664803, 41.150639916528966 ], [ -6.953405432381812, 41.150685268791051 ], [ -6.953359855133977, 41.150715776198524 ], [ -6.953323641398726, 41.150762409570611 ], [ -6.953303910304162, 41.150806685208359 ], [ -6.953283953252385, 41.150863295999876 ], [ -6.953256919933794, 41.150956392906899 ], [ -6.953242508526209, 41.15100919141917 ], [ -6.953222873401041, 41.151108033107988 ], [ -6.953193593412188, 41.151226495051127 ], [ -6.953155676834452, 41.151294991878629 ], [ -6.953121644948574, 41.151346146001309 ], [ -6.953040510284939, 41.151446341185263 ], [ -6.952956924684769, 41.151497532284445 ], [ -6.952892049374571, 41.15152810828473 ], [ -6.952810278842897, 41.151564101781602 ], [ -6.952705751651552, 41.151600486885059 ], [ -6.952642851146172, 41.151620642684435 ], [ -6.952549561150513, 41.151654627060303 ], [ -6.952482697384982, 41.15168320513768 ], [ -6.952402412208647, 41.151722901663227 ], [ -6.952382934575323, 41.151766012795171 ], [ -6.952412756393341, 41.151850412652855 ], [ -6.952462450663681, 41.151922417621599 ], [ -6.952514514701393, 41.151968781465357 ], [ -6.952581620874024, 41.152026372752424 ], [ -6.952622671315114, 41.152062536324927 ], [ -6.952670584316455, 41.152127674398706 ], [ -6.952762306866885, 41.152247379894725 ], [ -6.952820000489679, 41.152305413027506 ], [ -6.952916382118542, 41.152371681568674 ], [ -6.952986976131299, 41.15240076614284 ], [ -6.953052163871362, 41.152419439624985 ], [ -6.953174564656082, 41.152442658327502 ], [ -6.953248911054606, 41.152455484594974 ], [ -6.953322233905563, 41.152465601790063 ], [ -6.953403496328017, 41.152477597486438 ], [ -6.953466362645231, 41.15248616052245 ], [ -6.953611085237887, 41.152507089823715 ], [ -6.953670883023566, 41.152514182462809 ], [ -6.953733781621188, 41.152520948457713 ], [ -6.953795355241647, 41.152528062817936 ], [ -6.953853813267812, 41.152550089412493 ], [ -6.953900942676913, 41.152579205103081 ], [ -6.954012162272936, 41.152668128683366 ], [ -6.954071432288261, 41.152764718636455 ], [ -6.954091320139455, 41.152818405896859 ], [ -6.954116687893732, 41.152878810508717 ], [ -6.954138974812298, 41.152944678803188 ], [ -6.954168265644304, 41.153012060347173 ], [ -6.954193293181744, 41.153091461087094 ], [ -6.954227065544891, 41.153201475351473 ], [ -6.95424883035456, 41.15327688176199 ], [ -6.954266781676476, 41.1533786303551 ], [ -6.954288793239567, 41.153433420710229 ], [ -6.954312392886966, 41.153492995904955 ], [ -6.954330775499391, 41.153544147455356 ], [ -6.954365653690681, 41.153632292039219 ], [ -6.954380502246591, 41.153681157278555 ], [ -6.954409050826131, 41.153770319366295 ], [ -6.954412617162777, 41.153817358352818 ], [ -6.954407814259906, 41.153919145073736 ], [ -6.954411936960359, 41.153981943388324 ], [ -6.954417321207081, 41.154033772268747 ], [ -6.954437550041491, 41.15408854434633 ], [ -6.954461718676345, 41.154136061587565 ], [ -6.954494268315496, 41.154187895631445 ], [ -6.95453236496652, 41.154242311187346 ], [ -6.954555058265141, 41.154285938831904 ], [ -6.954588252128161, 41.154341653919801 ], [ -6.954622341946489, 41.154393775610927 ], [ -6.954657404562473, 41.154451848173331 ], [ -6.954681361003268, 41.154511162213595 ], [ -6.95471273424353, 41.154568568521512 ], [ -6.954741943903353, 41.154620731187102 ], [ -6.954775417867121, 41.154700669306237 ], [ -6.954797372690338, 41.154745370742084 ], [ -6.954829414363181, 41.154805576937598 ], [ -6.954865579371161, 41.154868703927356 ], [ -6.95491732087428, 41.154953059921269 ], [ -6.955009737852336, 41.155087984084837 ], [ -6.955044108672755, 41.155144611488623 ], [ -6.955090185585063, 41.155212880302948 ], [ -6.955136061525383, 41.155272417535137 ], [ -6.95526998184145, 41.155404611813225 ], [ -6.955328024349881, 41.155463462116664 ], [ -6.955402591416598, 41.15554390579706 ], [ -6.955439924503132, 41.155621362918744 ], [ -6.955458906627459, 41.155686023904444 ], [ -6.955481448743583, 41.155757926393775 ], [ -6.955523325320638, 41.155847857446709 ], [ -6.955561963131771, 41.155938832264582 ], [ -6.955741852578526, 41.156245903316801 ], [ -6.955789932632097, 41.156328873558486 ], [ -6.955818651709296, 41.156388501654767 ], [ -6.955835657302718, 41.156436754847299 ], [ -6.955860184025388, 41.156497785242749 ], [ -6.95588023653663, 41.156562185167772 ], [ -6.955914613096225, 41.156665181840843 ], [ -6.955938949820407, 41.156716664995372 ], [ -6.955966050327075, 41.156767094095201 ], [ -6.956016555128074, 41.156833968021679 ], [ -6.956187565694257, 41.157058024953621 ], [ -6.956221002443783, 41.157120494234157 ], [ -6.956245256456426, 41.15716323706615 ], [ -6.956284566919152, 41.157230358452772 ], [ -6.956316337963829, 41.157285787462087 ], [ -6.956359105369908, 41.157352406597077 ], [ -6.956424645744098, 41.157458331807177 ], [ -6.956467172653938, 41.157532148146913 ], [ -6.956507049475153, 41.157594139284626 ], [ -6.956533037731732, 41.157640054818081 ], [ -6.956553895212667, 41.157699335887919 ], [ -6.956568841580708, 41.157763055033278 ], [ -6.956632354539164, 41.157956209434197 ], [ -6.956717598705749, 41.15810618855496 ], [ -6.956747308132873, 41.158150430360365 ], [ -6.956784616546003, 41.158209246419972 ], [ -6.95682681146251, 41.158268563480661 ], [ -6.956857663104517, 41.158308766864778 ], [ -6.95689415520873, 41.1583533453245 ], [ -6.956931331713364, 41.158393164875761 ], [ -6.95698244429656, 41.158453021353068 ], [ -6.957033816499377, 41.158538545829991 ], [ -6.957046390784813, 41.158601702237362 ], [ -6.957040926448628, 41.158660981852897 ], [ -6.957026418935723, 41.158739348820333 ], [ -6.957013693928175, 41.158785049897844 ], [ -6.956986834990484, 41.158834838582635 ], [ -6.956942232043025, 41.158930635438992 ], [ -6.956915716629664, 41.158981328026655 ], [ -6.956894308778317, 41.159032615718168 ], [ -6.956869522629879, 41.159106194640785 ], [ -6.956851584002599, 41.159170211774203 ], [ -6.956838495533074, 41.159235894680286 ], [ -6.956827811437992, 41.159313762215973 ], [ -6.956834780616462, 41.159404141199779 ], [ -6.956827861195999, 41.159497807107861 ], [ -6.95683082296944, 41.15954565017806 ], [ -6.956840261974499, 41.159637494142949 ], [ -6.95685354443772, 41.159707952936991 ], [ -6.956880803483454, 41.159809255843406 ], [ -6.956899778499607, 41.159874455829424 ], [ -6.956914204117432, 41.15992043326068 ], [ -6.95693194046318, 41.159968156184704 ], [ -6.95696113001694, 41.160021670468204 ], [ -6.957005781992568, 41.160083171730967 ], [ -6.95681863302684, 41.160622587686348 ], [ -6.956798976735376, 41.160702612795014 ], [ -6.956786987683243, 41.160746968927668 ], [ -6.956767834008012, 41.160798817147992 ], [ -6.956751249903758, 41.160853214566117 ], [ -6.956737616743129, 41.160929608588276 ], [ -6.956715368754714, 41.161048147566198 ], [ -6.956710311676005, 41.16109761500217 ], [ -6.956700783199524, 41.161197642652454 ], [ -6.9566991216779, 41.16127056089887 ], [ -6.956691745869423, 41.161350348550265 ], [ -6.956689429994203, 41.161413353772161 ], [ -6.95669000765677, 41.161487643705811 ], [ -6.95667753068324, 41.161706226455706 ], [ -6.956672668295224, 41.161751464834794 ], [ -6.956668071329666, 41.161815437205092 ], [ -6.956657563688325, 41.161883400154053 ], [ -6.956650718285108, 41.16193312483901 ], [ -6.956640025857869, 41.161991632467171 ], [ -6.956601305145997, 41.162138631744071 ], [ -6.956582387578813, 41.16219696440055 ], [ -6.956553907224253, 41.162270690958358 ], [ -6.956525386658511, 41.162346661825282 ], [ -6.956480606199428, 41.162452271118212 ], [ -6.956420471847417, 41.162590680416258 ], [ -6.956384213362342, 41.162679452583923 ], [ -6.956355523993019, 41.162764970550263 ], [ -6.956342011000777, 41.162814351556463 ], [ -6.956332587180389, 41.162861530514924 ], [ -6.956323971480258, 41.162910423110226 ], [ -6.956313391828621, 41.162955874970933 ], [ -6.956303644427181, 41.16300142537532 ], [ -6.95626339275486, 41.163293645360305 ], [ -6.956261564860807, 41.163396006252988 ], [ -6.956263896639888, 41.163479042682638 ], [ -6.956262274944266, 41.163569878602331 ], [ -6.956261553464506, 41.163630378928616 ], [ -6.956266452976895, 41.163709481580156 ], [ -6.956274920038933, 41.163942597463588 ], [ -6.956272922720685, 41.164121217017716 ], [ -6.956266875598437, 41.164186160478124 ], [ -6.956256807331695, 41.164249630292389 ], [ -6.956252507706735, 41.164303608380671 ], [ -6.956218617246697, 41.16442670856307 ], [ -6.956104061463529, 41.164776694981391 ], [ -6.956045599613956, 41.164860828071681 ], [ -6.955947877218692, 41.164928801742079 ], [ -6.955876933122796, 41.164984892589288 ], [ -6.955816803109775, 41.165036052529913 ], [ -6.955757965514211, 41.165101272076633 ], [ -6.955723496744325, 41.165150173139004 ], [ -6.955678581047772, 41.165229940656879 ], [ -6.955634447869413, 41.165319169580634 ], [ -6.955608666913648, 41.165368430452567 ], [ -6.955564033024635, 41.165432441794493 ], [ -6.955516794749889, 41.165489046713105 ], [ -6.955465625353812, 41.165538677343001 ], [ -6.955407554588371, 41.165581123223625 ], [ -6.955310454949268, 41.165640638836258 ], [ -6.955199901734388, 41.165719379224306 ], [ -6.955138682222496, 41.165771428069498 ], [ -6.955084568713294, 41.165819226689187 ], [ -6.955038740899043, 41.165863237366608 ], [ -6.954979226678505, 41.165919715586078 ], [ -6.954943555980852, 41.165955638180392 ], [ -6.954872282078267, 41.166030094319005 ], [ -6.954827424935755, 41.166079964815374 ], [ -6.954788065201484, 41.166135301212648 ], [ -6.954736037451823, 41.166232911971129 ], [ -6.954705084006895, 41.166298144333759 ], [ -6.954665886295148, 41.166371489677815 ], [ -6.954641758158735, 41.166428057866469 ], [ -6.954611701697737, 41.166502934684978 ], [ -6.954591378312307, 41.166560085643248 ], [ -6.954552047303474, 41.166653951762719 ], [ -6.954531413550813, 41.166701554268791 ], [ -6.9545097099471, 41.166749146722601 ], [ -6.954480062764818, 41.166827896758925 ], [ -6.954462539253758, 41.166914967308429 ], [ -6.954445111604958, 41.166969893240669 ], [ -6.954427753686604, 41.167027974025075 ], [ -6.954414154600618, 41.1670753765775 ], [ -6.954381832961822, 41.167177148847223 ], [ -6.954361633416363, 41.167227366955316 ], [ -6.954323976261578, 41.167313960384149 ], [ -6.954298227855366, 41.167361238567544 ], [ -6.954251684732242, 41.167445129823918 ], [ -6.954224421286103, 41.167490772641301 ], [ -6.954153014541478, 41.167572432040622 ], [ -6.954114315397302, 41.167610843613893 ], [ -6.954073431756636, 41.16764482079379 ], [ -6.953977525670025, 41.167703985501703 ], [ -6.953903576706742, 41.167735012888699 ], [ -6.953818591582551, 41.167736399128103 ], [ -6.953721922012592, 41.167731808473732 ], [ -6.953601766977773, 41.167721035396923 ], [ -6.953490044570208, 41.167705216221606 ], [ -6.953402396850962, 41.167689105099299 ], [ -6.953273695385441, 41.167663296405969 ], [ -6.953210917664898, 41.16765563185789 ], [ -6.952989642335393, 41.167635990343975 ], [ -6.952843624341427, 41.167619009643509 ], [ -6.952694346623134, 41.167597764314344 ], [ -6.952595870567222, 41.167587751731205 ], [ -6.952475618492902, 41.167589046500609 ], [ -6.952387161738933, 41.167598043289033 ], [ -6.952326773918928, 41.167603547867003 ], [ -6.952218913561548, 41.16761820276195 ], [ -6.952088556645445, 41.16763829765263 ], [ -6.951996711847458, 41.167650232555474 ], [ -6.951858207280081, 41.167672763877462 ], [ -6.951798443289069, 41.167683134996906 ], [ -6.951713135987679, 41.167702523704492 ], [ -6.951645298978341, 41.16771164499783 ], [ -6.951549484879298, 41.167712374623271 ], [ -6.951434492773094, 41.167712636372407 ], [ -6.951309011931514, 41.167713333324969 ], [ -6.951228969197134, 41.167711612427205 ], [ -6.95110392904648, 41.167707811622023 ], [ -6.951029545456156, 41.167702818045385 ], [ -6.950938142645715, 41.167690083567912 ], [ -6.950853033224843, 41.167678765140124 ], [ -6.950782209728439, 41.167667957076979 ], [ -6.950708312245563, 41.167655945075062 ], [ -6.950647078584111, 41.167642079442963 ], [ -6.950588996196765, 41.167625188338029 ], [ -6.950454722184095, 41.167571137305224 ], [ -6.950399429842394, 41.16753825013506 ], [ -6.950342702746089, 41.16748589481665 ], [ -6.950262198627685, 41.167383772644619 ], [ -6.95021100231615, 41.167334896528558 ], [ -6.950133133877435, 41.167271879189215 ], [ -6.950059176003847, 41.167223579573452 ], [ -6.950001057077209, 41.167188679569705 ], [ -6.949865532488683, 41.167125071543133 ], [ -6.94980142810273, 41.167104968532271 ], [ -6.949693035645942, 41.167083322714753 ], [ -6.94957717741219, 41.167072052048567 ], [ -6.949496001646939, 41.167067258706993 ], [ -6.949402810611085, 41.167074765691474 ], [ -6.94894101082916, 41.167085786375694 ], [ -6.948817298891959, 41.167094055956554 ], [ -6.948703913205471, 41.167097938548565 ], [ -6.948610885417792, 41.167096440656373 ], [ -6.948517214209579, 41.167090708639854 ], [ -6.948419618447957, 41.167071065340735 ], [ -6.94836134168855, 41.167058674071363 ], [ -6.94828579104782, 41.16703908005568 ], [ -6.948211393607717, 41.167015267722704 ], [ -6.948104051341479, 41.166974457857229 ], [ -6.9480456424376, 41.166956116951503 ], [ -6.94790620060368, 41.166924611900278 ], [ -6.947809960423085, 41.166909575934014 ], [ -6.94768758901728, 41.166902913971867 ], [ -6.947554626813589, 41.16690209187523 ], [ -6.947451193064401, 41.166902739656145 ], [ -6.947371767660882, 41.166906426703932 ], [ -6.947299098174706, 41.166912432485432 ], [ -6.947228844514804, 41.166922965152999 ], [ -6.947157793607553, 41.166938259946889 ], [ -6.947089003694921, 41.16695358338329 ], [ -6.946941676841364, 41.166989522307226 ], [ -6.946874388844763, 41.167007648757014 ], [ -6.946775713541923, 41.167028333171714 ], [ -6.946713646399906, 41.167040933457784 ], [ -6.946647505621808, 41.167054839659535 ], [ -6.946582753455079, 41.16707083197565 ], [ -6.94650449888953, 41.16709559650792 ], [ -6.94644793615722, 41.167113832311102 ], [ -6.946380548078422, 41.167137094285792 ], [ -6.946304388061228, 41.167165029902492 ], [ -6.946158145031674, 41.167226825291699 ], [ -6.946060830393088, 41.167271116588694 ], [ -6.946003696841529, 41.167300958891673 ], [ -6.945941944066798, 41.167342195075328 ], [ -6.945877464103585, 41.167382950204889 ], [ -6.945793664685611, 41.167424673060374 ], [ -6.945708224873432, 41.167457922280136 ], [ -6.945649960870028, 41.167471098746155 ], [ -6.945565603569849, 41.167477253944632 ], [ -6.945453439983476, 41.167459802588596 ], [ -6.94532917828572, 41.167439073111296 ], [ -6.945261113150552, 41.167434140074242 ], [ -6.94512869699274, 41.167442412255568 ], [ -6.945017341175759, 41.167465934811673 ], [ -6.944939208135181, 41.167484310211456 ], [ -6.944903324202397, 41.167451885362574 ], [ -6.944908090804107, 41.167392508307373 ], [ -6.944919794934036, 41.167298356014975 ], [ -6.944923644032064, 41.167270304699549 ], [ -6.944469299154296, 41.167237801752286 ], [ -6.944346689778389, 41.167224383400374 ], [ -6.944220474264104, 41.167206514776886 ], [ -6.943992862939202, 41.167168425791452 ], [ -6.943918012424217, 41.167149913934566 ], [ -6.943853924013909, 41.167135748695408 ], [ -6.943837194354862, 41.167131882453532 ], [ -6.94378016896274, 41.167115899245204 ], [ -6.943726925785984, 41.167095093749381 ], [ -6.943679797502013, 41.167019152579407 ], [ -6.943662748333308, 41.166953699393943 ], [ -6.943660366767832, 41.166900910705309 ], [ -6.943656830457712, 41.166832713959963 ], [ -6.943649395605229, 41.16674961926531 ], [ -6.943635775392377, 41.166698878189315 ], [ -6.943599803067703, 41.166585955261837 ], [ -6.94357441961452, 41.16650717813372 ], [ -6.943549610735989, 41.166416071300461 ], [ -6.943532108358964, 41.166355926735399 ], [ -6.943506226899854, 41.166284797040824 ], [ -6.943485155134503, 41.166230824834365 ], [ -6.943455784175825, 41.166168303030688 ], [ -6.943420856294145, 41.166102932541648 ], [ -6.943383292371155, 41.166038707146008 ], [ -6.943355810652106, 41.165990253048157 ], [ -6.943320788648964, 41.165930556847293 ], [ -6.943290644559865, 41.165890895657647 ], [ -6.943234717139137, 41.165834048452936 ], [ -6.943169987131295, 41.165789436001894 ], [ -6.943095807586601, 41.165753828132715 ], [ -6.942984561877781, 41.165724766755879 ], [ -6.942905563780751, 41.165711886674785 ], [ -6.942833762678565, 41.165702682566 ], [ -6.94274281835322, 41.165691389689655 ], [ -6.94263555935746, 41.165672814853096 ], [ -6.942512415573019, 41.165643091586865 ], [ -6.942381429019639, 41.165598973265439 ], [ -6.94228821313944, 41.165561991222155 ], [ -6.942207206489838, 41.165514695984854 ], [ -6.942055602996022, 41.165411924709638 ], [ -6.942001195573517, 41.165376429671696 ], [ -6.941919503443384, 41.165321020739619 ], [ -6.941864041915498, 41.165277947677723 ], [ -6.941800965385466, 41.165227778014263 ], [ -6.941743660660723, 41.165181355206805 ], [ -6.941691823675481, 41.165128956178378 ], [ -6.941660505344119, 41.165088744867973 ], [ -6.941620581829452, 41.165029534985919 ], [ -6.941583081067167, 41.164961887189023 ], [ -6.941544793705748, 41.164898464074803 ], [ -6.941519176729241, 41.164852278055726 ], [ -6.941470712560924, 41.164771642707116 ], [ -6.941427169198894, 41.164708708117551 ], [ -6.941368920288451, 41.164655251243111 ], [ -6.941305900697587, 41.164601926854097 ], [ -6.9412541897137, 41.164555834510942 ], [ -6.941207217626605, 41.164517618463933 ], [ -6.941133954370213, 41.164451312084516 ], [ -6.941093569468455, 41.164417672526163 ], [ -6.941029463059414, 41.164365237147919 ], [ -6.94095115292713, 41.164287890692826 ], [ -6.940892920994339, 41.164233538743076 ], [ -6.940931030994476, 41.164412391181656 ], [ -6.940938311166816, 41.164464510319839 ], [ -6.940946384330465, 41.164531581793185 ], [ -6.940947249016594, 41.164602725042258 ], [ -6.940924278752143, 41.16466047015598 ], [ -6.94083530995198, 41.164743922200259 ], [ -6.940753326808156, 41.164783859385913 ], [ -6.940699936817072, 41.164817706838704 ], [ -6.940624534829581, 41.164869239134994 ], [ -6.940552527496176, 41.164917475910734 ], [ -6.940496775402035, 41.164949764507917 ], [ -6.940384275402057, 41.164977326204884 ], [ -6.940254896366302, 41.164983278679777 ], [ -6.940170352873565, 41.164986907756656 ], [ -6.940080539259902, 41.164991921036076 ], [ -6.939941870689851, 41.1649972447862 ], [ -6.939580471063837, 41.165031231813337 ], [ -6.939464627724723, 41.165033093540544 ], [ -6.939390150165313, 41.165033494848039 ], [ -6.939312980365146, 41.165037738168181 ], [ -6.939093343197635, 41.165046720035967 ], [ -6.938916266975749, 41.165054432026281 ], [ -6.938784363511211, 41.165061529907547 ], [ -6.938614035512167, 41.165071559739459 ], [ -6.938483514625617, 41.165080926244968 ], [ -6.938341462104196, 41.165095485399554 ], [ -6.938279881559931, 41.165101055781221 ], [ -6.938181673254737, 41.165115525745513 ], [ -6.938078115434641, 41.165136334837776 ], [ -6.9380145544817, 41.165152334699712 ], [ -6.937943447819266, 41.165170687331361 ], [ -6.93785605774999, 41.165206426242875 ], [ -6.937802590856239, 41.165237389329633 ], [ -6.937745901514901, 41.165288574593269 ], [ -6.937669168006936, 41.165347652772986 ], [ -6.937584789827639, 41.165401344521584 ], [ -6.937447170853589, 41.165480416223993 ], [ -6.937396267892703, 41.165514644516058 ], [ -6.937336022573938, 41.165551474318065 ], [ -6.937262630831535, 41.165590421313055 ], [ -6.937185640428958, 41.165630951631897 ], [ -6.937114946278479, 41.16566569551221 ], [ -6.936981235499879, 41.165732649886422 ], [ -6.936865398335699, 41.165773405912859 ], [ -6.936772275147182, 41.165796662374319 ], [ -6.936582977350633, 41.165847287059556 ], [ -6.936502111876924, 41.165871746641358 ], [ -6.936432052537148, 41.165910727725723 ], [ -6.936383991041485, 41.165939490781945 ], [ -6.936324849159332, 41.165974626136645 ], [ -6.936255999502984, 41.166012990295783 ], [ -6.936171551027848, 41.166070368348763 ], [ -6.936105815624413, 41.166120920330314 ], [ -6.936039665859352, 41.166174527562916 ], [ -6.936002107473499, 41.166215195009435 ], [ -6.935939461664073, 41.166279283370706 ], [ -6.935899187604964, 41.166325059397309 ], [ -6.93583893049895, 41.166402047508157 ], [ -6.935831922593863, 41.166439971993263 ], [ -6.935831135231487, 41.166463913836203 ], [ -6.935827269566098, 41.16651249673528 ], [ -6.935830825411901, 41.166566018105314 ], [ -6.935839702141599, 41.166628599798514 ], [ -6.935868333979545, 41.166836254852804 ], [ -6.935888229248879, 41.16690876826204 ], [ -6.935914920373607, 41.167000434716961 ], [ -6.935940304685146, 41.167078669659112 ], [ -6.93596535153883, 41.167149524922138 ], [ -6.935980635843948, 41.167193622941838 ], [ -6.936026047879361, 41.167297906929562 ], [ -6.936064343381377, 41.167360794380443 ], [ -6.93610748246531, 41.16742598048571 ], [ -6.936144728267434, 41.167487956588189 ], [ -6.936173689547595, 41.167552995314075 ], [ -6.936198421939505, 41.167601870029806 ], [ -6.936288432245729, 41.167776135406257 ], [ -6.936317251900712, 41.167849363657801 ], [ -6.936350301265395, 41.167912463915151 ], [ -6.936384956580969, 41.167972701336971 ], [ -6.93641761918588, 41.168017970324911 ], [ -6.936468677944433, 41.168080089846221 ], [ -6.936513768699891, 41.168142774923176 ], [ -6.936550810402482, 41.168189619169162 ], [ -6.936601547554009, 41.168250109147635 ], [ -6.936657773927068, 41.168310032145357 ], [ -6.936848292458449, 41.168481102953535 ], [ -6.936863839619493, 41.168524031244843 ], [ -6.936899369345639, 41.168601747356789 ], [ -6.936918163310128, 41.168649211416493 ], [ -6.936943640913171, 41.168702959525206 ], [ -6.936977532400635, 41.168766067442981 ], [ -6.937008663317004, 41.168816452691829 ], [ -6.937091806716138, 41.1689557984106 ], [ -6.937139512010739, 41.169012836002167 ], [ -6.937174077768616, 41.169058215476028 ], [ -6.937217220227391, 41.169123401189246 ], [ -6.93724898672611, 41.169198285937675 ], [ -6.937269278298467, 41.169308164834931 ], [ -6.937272252256977, 41.16935411124728 ], [ -6.937270649818077, 41.16944242667666 ], [ -6.937274167682792, 41.169531066295001 ], [ -6.937275681343667, 41.169591855215387 ], [ -6.937265000877896, 41.169707718079039 ], [ -6.937260486712179, 41.169772676336159 ], [ -6.937245615544692, 41.16987634103959 ], [ -6.937231848349582, 41.169958677476515 ], [ -6.937214917985433, 41.170005142930307 ], [ -6.937181634303845, 41.17007295837206 ], [ -6.937133312763127, 41.170155112445791 ], [ -6.93708466439516, 41.17022889198865 ], [ -6.937018926634447, 41.170299163407044 ], [ -6.936961676335458, 41.170354574327746 ], [ -6.936688936996684, 41.170609710614762 ], [ -6.936673855903507, 41.170619999601413 ], [ -6.936612652185705, 41.170670055951646 ], [ -6.936566148665396, 41.170711172657533 ], [ -6.936516302323043, 41.170765402402104 ], [ -6.936459764346927, 41.170847562650962 ], [ -6.93641574889106, 41.17091544823036 ], [ -6.936388231073894, 41.170974044614269 ], [ -6.936361376223434, 41.171035626436975 ], [ -6.936301877763351, 41.171175470330319 ], [ -6.936287700312486, 41.17121440259897 ], [ -6.936272271776761, 41.171224325055348 ], [ -6.936217392769249, 41.171293536511044 ], [ -6.936170671071424, 41.17134653529655 ], [ -6.93608150566157, 41.171433403040403 ], [ -6.936022705760545, 41.171495549546833 ], [ -6.935980089461248, 41.171545441291059 ], [ -6.935912702865577, 41.171607765003316 ], [ -6.935772928562703, 41.17171922963184 ], [ -6.935726179680772, 41.17174737843186 ], [ -6.935642260629677, 41.171794944350154 ], [ -6.935592248496737, 41.171825670353584 ], [ -6.935450939966205, 41.171916765762667 ], [ -6.935392370670664, 41.171959195357857 ], [ -6.935339988606764, 41.171996110332294 ], [ -6.935275117070965, 41.172044598909494 ], [ -6.935203600409117, 41.172104364395835 ], [ -6.935143178778168, 41.172150468076282 ], [ -6.935058319009881, 41.17221063311824 ], [ -6.934978206129763, 41.172271475967328 ], [ -6.934889260895013, 41.172333222718457 ], [ -6.934833708615141, 41.172373792553309 ], [ -6.934702096021365, 41.172468319428482 ], [ -6.934595788402879, 41.172541225937792 ], [ -6.934512629613771, 41.172592678798544 ], [ -6.934442694288198, 41.172631388868929 ], [ -6.934318475483821, 41.172699340122605 ], [ -6.934254474753522, 41.172739464267735 ], [ -6.934173495057198, 41.172788951459275 ], [ -6.93411099997934, 41.17282458914908 ], [ -6.933953046453481, 41.172913169231379 ], [ -6.933713953077701, 41.173040161951512 ], [ -6.93362885216328, 41.173087085587177 ], [ -6.933526322629332, 41.173135543801237 ], [ -6.933463932447117, 41.173165329564803 ], [ -6.933387457578564, 41.173196317382732 ], [ -6.933329761641379, 41.173217327959449 ], [ -6.933228591503024, 41.173250041097148 ], [ -6.93310962603976, 41.173278066673809 ], [ -6.933041639295157, 41.173288343240962 ], [ -6.932913052498571, 41.173314919541212 ], [ -6.932707360388177, 41.173367883500248 ], [ -6.932596791854309, 41.173406168897159 ], [ -6.932529953645286, 41.17343158671742 ], [ -6.932476003789024, 41.173456056572533 ], [ -6.932419972145569, 41.173483654330752 ], [ -6.932307860229774, 41.173547768715267 ], [ -6.932231491567159, 41.173605770956954 ], [ -6.932183521744975, 41.173641824671449 ], [ -6.932137088958735, 41.173678800206339 ], [ -6.931957213740583, 41.173825494554272 ], [ -6.931890243213671, 41.173884404054093 ], [ -6.931832722686982, 41.173934497132024 ], [ -6.931742769588463, 41.17400559426396 ], [ -6.931660410991348, 41.174071724658795 ], [ -6.931608521536584, 41.174113950062939 ], [ -6.93156342074262, 41.174156252574456 ], [ -6.93150532659631, 41.174218404987442 ], [ -6.931459436539329, 41.174264567381158 ], [ -6.931399916157885, 41.174326437435901 ], [ -6.931361091250106, 41.174370781751648 ], [ -6.931311758504737, 41.174423122785932 ], [ -6.931273810557466, 41.174458470327373 ], [ -6.931185774865992, 41.174528777555246 ], [ -6.931130796182686, 41.174563948204444 ], [ -6.931019266955955, 41.17461564084374 ], [ -6.930957438835737, 41.174633904058965 ], [ -6.930885404991585, 41.174643507712496 ], [ -6.930795493287587, 41.174633836898366 ], [ -6.930739906006471, 41.174617232867682 ], [ -6.930628074517375, 41.174561502229132 ], [ -6.930546422492521, 41.174523554567415 ], [ -6.930423731301111, 41.174475005448286 ], [ -6.930354048850537, 41.174453660142852 ], [ -6.930294030721062, 41.174438449376751 ], [ -6.930189071193695, 41.174417364906176 ], [ -6.930107973660782, 41.174414264968142 ], [ -6.93003601716727, 41.174439445981498 ], [ -6.929993025127708, 41.174483662561308 ], [ -6.929994466417085, 41.174528697187213 ], [ -6.930007055389113, 41.174596354904189 ], [ -6.930022713859593, 41.17467197369016 ], [ -6.930006092237481, 41.174746804146707 ], [ -6.929967621572079, 41.174797903855904 ], [ -6.929897751965854, 41.174826170674756 ], [ -6.929769590919953, 41.174816099431034 ], [ -6.929666606335297, 41.174810794084038 ], [ -6.929582881491526, 41.174808301108442 ], [ -6.929505808497741, 41.174806596118735 ], [ -6.929417121717441, 41.174808192146656 ], [ -6.929338288706113, 41.174805115333932 ], [ -6.929190385576469, 41.174805826582137 ], [ -6.929128840112001, 41.17480887755142 ], [ -6.929055792030034, 41.174815404461754 ], [ -6.928945923857661, 41.17483478595593 ], [ -6.928868859429755, 41.174852261147883 ], [ -6.928740349141909, 41.17489404868099 ], [ -6.928688530188822, 41.174919081978238 ], [ -6.928622700251093, 41.174954409859119 ], [ -6.928525942965766, 41.175012733913171 ], [ -6.928482503700677, 41.175048567834757 ], [ -6.928437421287509, 41.17508978700679 ], [ -6.928365705208352, 41.175179617964922 ], [ -6.928332154418691, 41.175267865445306 ], [ -6.928325253431495, 41.17531930025828 ], [ -6.928315560751923, 41.175380334840632 ], [ -6.928287818091115, 41.175450634883383 ], [ -6.928250361856014, 41.175504808712191 ], [ -6.928210611615438, 41.175560669304467 ], [ -6.928172932475087, 41.175600794391954 ], [ -6.928108045578842, 41.17564963617442 ], [ -6.928060207805514, 41.175678669938492 ], [ -6.927970106215375, 41.175718246407435 ], [ -6.927907595082509, 41.175734790950855 ], [ -6.927842542633947, 41.17574707694078 ], [ -6.927756634427662, 41.175759417433817 ], [ -6.927693551002984, 41.175768302393429 ], [ -6.927622486928263, 41.175770353413341 ], [ -6.927144805744042, 41.175760047926751 ], [ -6.927073492804335, 41.175749939578878 ], [ -6.927003772419204, 41.175737144837711 ], [ -6.926899526697821, 41.17571633226639 ], [ -6.926733975182463, 41.175685071963727 ], [ -6.926645703996648, 41.175663888055809 ], [ -6.926539225165837, 41.175621717472147 ], [ -6.926429602097826, 41.175569065498152 ], [ -6.926379504363177, 41.175539007147187 ], [ -6.926328021546055, 41.175500204794389 ], [ -6.926254318102396, 41.175438116386253 ], [ -6.926136799718265, 41.175347927978251 ], [ -6.926073833001357, 41.175311519996463 ], [ -6.925993277878844, 41.175278893926382 ], [ -6.925923333101387, 41.175252592745061 ], [ -6.925862918996431, 41.175115732052582 ], [ -6.925805016698216, 41.175062809485468 ], [ -6.925686452226315, 41.174990977995819 ], [ -6.925576974072892, 41.174950124790136 ], [ -6.925511074717239, 41.174930617944156 ], [ -6.925435372155232, 41.174912628094859 ], [ -6.92521102172562, 41.174858234262551 ], [ -6.925081487702827, 41.174819152929174 ], [ -6.925002661678753, 41.174789960456636 ], [ -6.924917898602577, 41.174759545017004 ], [ -6.92484454545381, 41.174730323413264 ], [ -6.924760173899366, 41.174698194885245 ], [ -6.924692462064703, 41.174673265199004 ], [ -6.924638167837769, 41.174651358480887 ], [ -6.924501097131114, 41.174587971001316 ], [ -6.924294425434714, 41.174492704962127 ], [ -6.924214970970604, 41.174458650348626 ], [ -6.924133535325966, 41.174428262958067 ], [ -6.924020027857746, 41.174386555606667 ], [ -6.923948950342078, 41.174363300024936 ], [ -6.923881204957671, 41.174340618732032 ], [ -6.923731201093181, 41.174293758409419 ], [ -6.923642589068101, 41.174271758255685 ], [ -6.923555407303232, 41.174255901240308 ], [ -6.92348554576771, 41.174244813667514 ], [ -6.923406176308188, 41.174231826262087 ], [ -6.923291478112864, 41.17420928079887 ], [ -6.923218472236168, 41.174187357824067 ], [ -6.923145677929132, 41.17416048117402 ], [ -6.923081973705165, 41.174138656739977 ], [ -6.923004415108043, 41.17412460579294 ], [ -6.922891514281289, 41.174127114693725 ], [ -6.922772495366215, 41.174138559674375 ], [ -6.922709177203918, 41.174140954694558 ], [ -6.922590552595171, 41.174130980197248 ], [ -6.922522031517883, 41.174111439583541 ], [ -6.922425237495635, 41.174074137372962 ], [ -6.9223245623025, 41.17403418308988 ], [ -6.922249095713081, 41.174010342771382 ], [ -6.922156820176903, 41.173986596681644 ], [ -6.922047429510343, 41.173960418614136 ], [ -6.92194918092925, 41.173937414511514 ], [ -6.921881636853612, 41.173923467229102 ], [ -6.921821599213625, 41.173909061315221 ], [ -6.92171862861738, 41.173877368825337 ], [ -6.921658018362708, 41.173855304226052 ], [ -6.921604447234223, 41.173833308242862 ], [ -6.921522456584382, 41.173794540265718 ], [ -6.921429414130605, 41.173747647712581 ], [ -6.921300666919642, 41.173705234394887 ], [ -6.921205062368748, 41.173681180590656 ], [ -6.921145571827979, 41.173669567748725 ], [ -6.921081030526994, 41.173660698390989 ], [ -6.921002864531475, 41.173653663796621 ], [ -6.920782474866002, 41.173630548132074 ], [ -6.920667862374466, 41.173609988164124 ], [ -6.920560788655878, 41.173580949068622 ], [ -6.920380205485332, 41.173518814726705 ], [ -6.920316718189998, 41.173504371702961 ], [ -6.920218304325685, 41.173490462118586 ], [ -6.920122884352246, 41.173475949195428 ], [ -6.920056574059482, 41.173459765517478 ], [ -6.919975569478881, 41.173425691655765 ], [ -6.919913699077508, 41.173388212268215 ], [ -6.919863550691141, 41.173361214644586 ], [ -6.919785903743922, 41.173319880006886 ], [ -6.91972683473129, 41.173291978871696 ], [ -6.91965624848033, 41.17324225109121 ], [ -6.919603755732001, 41.173200371001819 ], [ -6.91949832919078, 41.173121019008384 ], [ -6.919419871108178, 41.173071751075348 ], [ -6.919348461903658, 41.173027961635256 ], [ -6.919203394642032, 41.172940086994373 ], [ -6.919144920451304, 41.17289949246009 ], [ -6.919047461633218, 41.172833728377938 ], [ -6.919000817611137, 41.172797494007554 ], [ -6.918952811476427, 41.17275791014228 ], [ -6.918854688945888, 41.172683132106563 ], [ -6.918774710233037, 41.172619534796532 ], [ -6.918687628605155, 41.172553340484122 ], [ -6.918640804284557, 41.172514308295732 ], [ -6.918578336156806, 41.172463858695892 ], [ -6.918497551919833, 41.172405385030025 ], [ -6.918395215156155, 41.172320117408709 ], [ -6.918416886520969, 41.172211219093661 ], [ -6.918410587972025, 41.17211327817828 ], [ -6.91838413798025, 41.17204835161332 ], [ -6.918332800647072, 41.171969568150864 ], [ -6.918264197488474, 41.171870879069168 ], [ -6.918213032966156, 41.171795785451138 ], [ -6.918170890268064, 41.171722502265816 ], [ -6.918135632240278, 41.171657120755434 ], [ -6.918099197861699, 41.171590916454747 ], [ -6.918078487007295, 41.171544509655121 ], [ -6.918051101752237, 41.171472187984897 ], [ -6.918015492617688, 41.171341796780432 ], [ -6.91799217236048, 41.171275458884153 ], [ -6.917949431992518, 41.171189475336384 ], [ -6.917910818867496, 41.171124867819934 ], [ -6.917813780445255, 41.170997880186583 ], [ -6.917739427573103, 41.170926954558091 ], [ -6.917698774918462, 41.170889157644673 ], [ -6.917616542084706, 41.170825263809185 ], [ -6.917458207742726, 41.170752648437769 ], [ -6.917372958198259, 41.170710150527377 ], [ -6.917309370853141, 41.170681837588369 ], [ -6.917202196659784, 41.170639108092104 ], [ -6.917112313370335, 41.170609170399437 ], [ -6.916996769170908, 41.170574453319148 ], [ -6.916920450354819, 41.170552039368232 ], [ -6.916840075627499, 41.17052922506975 ], [ -6.916718386300027, 41.170485442319269 ], [ -6.916653687255212, 41.170459729364481 ], [ -6.916536108079524, 41.170412658320856 ], [ -6.916435540784, 41.170373872366497 ], [ -6.916227725205067, 41.170296496122475 ], [ -6.916131762360561, 41.170266222403576 ], [ -6.916018420519777, 41.170235220194677 ], [ -6.915953163885425, 41.170220217626785 ], [ -6.91582703774329, 41.170197187401669 ], [ -6.915750189553726, 41.170184039496846 ], [ -6.915482859975802, 41.170142054582186 ], [ -6.91521711923091, 41.170110616137364 ], [ -6.915075633847777, 41.170093635488342 ], [ -6.914886703766444, 41.170077502520527 ], [ -6.914759616167187, 41.170068326361132 ], [ -6.91455964392064, 41.170050189683039 ], [ -6.914464538323677, 41.170038468478381 ], [ -6.914356088504516, 41.170026339458637 ], [ -6.914273931150968, 41.170016465899494 ], [ -6.914138003722954, 41.169995311897118 ], [ -6.914004899500565, 41.169969774713685 ], [ -6.913932500978377, 41.169954333436017 ], [ -6.913851977427577, 41.16993970560285 ], [ -6.913755054638731, 41.16992292408279 ], [ -6.913666831132105, 41.169906238196056 ], [ -6.913568348536264, 41.169889976646871 ], [ -6.9134848333242, 41.169876491011117 ], [ -6.913400903777182, 41.169846607173888 ], [ -6.913331084173782, 41.169813819433386 ], [ -6.913196189974544, 41.169743689394373 ], [ -6.913121640726834, 41.169702383077613 ], [ -6.913062354284564, 41.169667453029945 ], [ -6.912999385295812, 41.169631849149091 ], [ -6.912932688476901, 41.169591526310377 ], [ -6.912160334539858, 41.16955769523581 ], [ -6.912013241794532, 41.169554156620237 ], [ -6.911936726457272, 41.169548576742514 ], [ -6.911829974477141, 41.169541594782132 ], [ -6.911675602191452, 41.169532036738246 ], [ -6.91160457482676, 41.169525971897507 ], [ -6.911539873137462, 41.169519611244723 ], [ -6.911425224082577, 41.169501561952025 ], [ -6.911299427905993, 41.169473759905472 ], [ -6.911210454372212, 41.169433377114601 ], [ -6.911161000892042, 41.169407555409812 ], [ -6.911086914265403, 41.169348240899438 ], [ -6.911047463935787, 41.169310187879859 ], [ -6.910986964138812, 41.169257144763058 ], [ -6.910931249804612, 41.169209552153831 ], [ -6.910689531897217, 41.169052573726034 ], [ -6.910578123378048, 41.168994487071416 ], [ -6.910503476970295, 41.16896533445744 ], [ -6.910401323810136, 41.168928775628594 ], [ -6.910315210826405, 41.168894636241369 ], [ -6.910227298867556, 41.168861382599019 ], [ -6.910156965790352, 41.168837316953137 ], [ -6.910066155858132, 41.168812404420429 ], [ -6.909994918212181, 41.168798411853196 ], [ -6.90991920605706, 41.168788337120759 ], [ -6.909843992585443, 41.168783035302909 ], [ -6.909768894068785, 41.168778280305091 ], [ -6.909637276603176, 41.16876931690296 ], [ -6.909566876257149, 41.168768032339401 ], [ -6.90944574295665, 41.168765308288719 ], [ -6.909215504045931, 41.168767098158263 ], [ -6.909122114615461, 41.168765563609249 ], [ -6.908996314514268, 41.168763961819927 ], [ -6.908870385350796, 41.168762892463938 ], [ -6.908757165300138, 41.168763945286607 ], [ -6.908665252205964, 41.168766572446927 ], [ -6.90856568013907, 41.16877064699267 ], [ -6.908488218492076, 41.168770902022132 ], [ -6.908410752190841, 41.168771790838107 ], [ -6.908318710822155, 41.168774778322103 ], [ -6.908227866613506, 41.168777145477456 ], [ -6.908144436215642, 41.168778240804215 ], [ -6.907937278516432, 41.168781984394947 ], [ -6.90787327868607, 41.168782652342955 ], [ -6.907776726080701, 41.168784419966741 ], [ -6.907714224058527, 41.168781506627589 ], [ -6.907608505074757, 41.168763815978409 ], [ -6.907530045071856, 41.168753704132946 ], [ -6.907465483791239, 41.168746265798042 ], [ -6.90740605170672, 41.168738344472203 ], [ -6.907335798951827, 41.168729402134836 ], [ -6.907189287904606, 41.168701103200291 ], [ -6.90711366989827, 41.168679233166166 ], [ -6.90702005781913, 41.168651496235505 ], [ -6.906954382730285, 41.168633058062767 ], [ -6.906888855227933, 41.168613544534558 ], [ -6.90668031755631, 41.168537583155 ], [ -6.906647649003548, 41.168513015149486 ], [ -6.90659258608676, 41.168487941216853 ], [ -6.906500242477747, 41.168449591644055 ], [ -6.906394564803882, 41.168403990336977 ], [ -6.906335798680419, 41.168379683603064 ], [ -6.906268938223708, 41.168348355660775 ], [ -6.906211051860759, 41.168321542491739 ], [ -6.906101351719784, 41.168274544748428 ], [ -6.905945563653023, 41.168219676064147 ], [ -6.905851287867211, 41.168201833813498 ], [ -6.90578708116302, 41.168194398317617 ], [ -6.905721286164884, 41.168189195081027 ], [ -6.905643019270856, 41.16818800526449 ], [ -6.90542650033442, 41.168201817392728 ], [ -6.905327669302944, 41.168210848390196 ], [ -6.905191732094929, 41.168229118958344 ], [ -6.905091998538968, 41.168248319256413 ], [ -6.904999279920583, 41.168268398339038 ], [ -6.904889247056985, 41.16829649452378 ], [ -6.904770531423305, 41.168330701814185 ], [ -6.904623878075513, 41.168392984666042 ], [ -6.904521114048607, 41.168446812491133 ], [ -6.904461425178249, 41.168478498606696 ], [ -6.904345158062926, 41.168547311789808 ], [ -6.904259832126255, 41.168592596866482 ], [ -6.904164191684357, 41.168647582670744 ], [ -6.904108467014237, 41.168677600125847 ], [ -6.904056996037123, 41.168702717001921 ], [ -6.90391543068656, 41.168767023336294 ], [ -6.903819034703457, 41.168805347720891 ], [ -6.903720220697999, 41.168832656719594 ], [ -6.90361194378469, 41.168850052851674 ], [ -6.903533611807109, 41.168852367997125 ], [ -6.903432070052408, 41.168847053718231 ], [ -6.903358934277925, 41.168839250504973 ], [ -6.90328981921345, 41.168871379201391 ], [ -6.903225543079587, 41.1688996841715 ], [ -6.903139726926145, 41.168933079578039 ], [ -6.903047849592483, 41.168965049664394 ], [ -6.902971782485901, 41.168993234857616 ], [ -6.902902064214985, 41.169012747548734 ], [ -6.902786934164701, 41.169039881453756 ], [ -6.902692787154299, 41.169053287587424 ], [ -6.902609621846822, 41.16905942492437 ], [ -6.902522064058497, 41.169064432974636 ], [ -6.902412076071853, 41.169071093924892 ], [ -6.902315668351446, 41.169071776223305 ], [ -6.902197071745081, 41.169060965273026 ], [ -6.902135403550094, 41.169051573972368 ], [ -6.902031688653042, 41.1690414603612 ], [ -6.901961766004756, 41.169040176252942 ], [ -6.901750963026792, 41.169079254909285 ], [ -6.90167640061732, 41.169103218007649 ], [ -6.901594458345231, 41.169126564597889 ], [ -6.901523825553384, 41.169144361298301 ], [ -6.901460182064935, 41.16915772885752 ], [ -6.901234583963296, 41.169197815267161 ], [ -6.901075034015029, 41.169223126198432 ], [ -6.900998481425171, 41.169238876545585 ], [ -6.90092740488077, 41.16925477637227 ], [ -6.900852973563936, 41.169271717148483 ], [ -6.900794292507331, 41.169287386656769 ], [ -6.900617519844771, 41.16933528940406 ], [ -6.900531798185664, 41.169363097732777 ], [ -6.900407438507607, 41.169399408282125 ], [ -6.900297850014889, 41.169429211091447 ], [ -6.90018257777413, 41.169456969347287 ], [ -6.900119012730302, 41.169472859047275 ], [ -6.900039317407667, 41.1694906433464 ], [ -6.899919359763278, 41.16951439207407 ], [ -6.899843226745795, 41.169526544507875 ], [ -6.89963853258733, 41.169557492781514 ], [ -6.89954634479493, 41.169574242529769 ], [ -6.89945895715484, 41.169589695711174 ], [ -6.899395837844725, 41.169600547496231 ], [ -6.899315136934272, 41.169614814328547 ], [ -6.899233757964094, 41.169627176678269 ], [ -6.899142591516447, 41.16964060553267 ], [ -6.899061600358221, 41.169651538465054 ], [ -6.898978707266759, 41.169661907112157 ], [ -6.898893682313362, 41.169671709005755 ], [ -6.898833629267147, 41.169678091299062 ], [ -6.898765001245113, 41.169684108831049 ], [ -6.898671818860838, 41.169690406978525 ], [ -6.898538443984017, 41.169692401538377 ], [ -6.898358992395655, 41.169685977444388 ], [ -6.898298785722051, 41.169681373725922 ], [ -6.89822075889153, 41.169673786729774 ], [ -6.898132311042545, 41.16966293289979 ], [ -6.898031022162557, 41.169644113137934 ], [ -6.897908871876177, 41.169625693524999 ], [ -6.897840142683792, 41.16961793857044 ], [ -6.897770569537967, 41.169610708464461 ], [ -6.897693187088915, 41.169613481822317 ], [ -6.897626742803091, 41.169617364722129 ], [ -6.897556995179706, 41.16962589066717 ], [ -6.897473677776107, 41.169640122733661 ], [ -6.897405216193581, 41.169656048436806 ], [ -6.897267331952148, 41.169682667037165 ], [ -6.897132797858372, 41.169708233732607 ], [ -6.897055002192959, 41.169726580195672 ], [ -6.896971952587148, 41.16974531681528 ], [ -6.896810457301412, 41.16977906298353 ], [ -6.896735654382072, 41.169796540948383 ], [ -6.896634738534557, 41.169821391078727 ], [ -6.896566605904848, 41.169838939648187 ], [ -6.896488104330786, 41.169856915282665 ], [ -6.896425289974628, 41.169870647316749 ], [ -6.8962301821246, 41.169904751147627 ], [ -6.896167854020967, 41.169911378637323 ], [ -6.8960881370542, 41.169917813914097 ], [ -6.896013613153243, 41.169920442166479 ], [ -6.895928990036115, 41.169921512221201 ], [ -6.895853854187409, 41.169918728643793 ], [ -6.89579279996167, 41.169914647551153 ], [ -6.895652297096539, 41.169903057856452 ], [ -6.89552374228645, 41.169889256224813 ], [ -6.895355943820464, 41.169884120504449 ], [ -6.895292166549991, 41.169885690557543 ], [ -6.895200123385072, 41.169888662123682 ], [ -6.895116977596588, 41.169893354497795 ], [ -6.895052172710064, 41.169898872467456 ], [ -6.894976373395699, 41.169905888434407 ], [ -6.894908952534619, 41.16991111167836 ], [ -6.89482950711986, 41.169915839127064 ], [ -6.894718463559879, 41.169921490019128 ], [ -6.894648530089797, 41.169920739794399 ], [ -6.894544535335362, 41.169925474969723 ], [ -6.89447605918492, 41.169929785301804 ], [ -6.894381702845606, 41.169934981455185 ], [ -6.894299680899856, 41.169937255124303 ], [ -6.894188314638996, 41.169941372239499 ], [ -6.894118686308263, 41.169943146119124 ], [ -6.894053134570881, 41.169944152548446 ], [ -6.893962490633483, 41.169948492393011 ], [ -6.893790339194521, 41.169959609448426 ], [ -6.893659007249154, 41.169966660823476 ], [ -6.893593875917697, 41.169970459180185 ], [ -6.893484936687863, 41.169978566234718 ], [ -6.893397341475705, 41.169985459593534 ], [ -6.893337308097514, 41.169990756037009 ], [ -6.893234588634557, 41.170003428251221 ], [ -6.893098675089119, 41.170026455129218 ], [ -6.893009337680068, 41.170043773270542 ], [ -6.892938317823059, 41.170056520035608 ], [ -6.892867336637603, 41.170067278171103 ], [ -6.892744223920737, 41.170080903557647 ], [ -6.892657169167236, 41.170078527967277 ], [ -6.892556660608167, 41.170056104762288 ], [ -6.892429560283771, 41.17002232627911 ], [ -6.892317222062452, 41.169995276983457 ], [ -6.892253420298774, 41.169985317160446 ], [ -6.892175306770284, 41.169976281779654 ], [ -6.892078967783829, 41.169972996245306 ], [ -6.892004132557258, 41.169973357621181 ], [ -6.891935933070862, 41.169975688524772 ], [ -6.891782093632698, 41.169982134121675 ], [ -6.891718362624626, 41.169981181549588 ], [ -6.89163496811018, 41.169980284394057 ], [ -6.891549798298319, 41.169978557671755 ], [ -6.891447762215383, 41.169974395321141 ], [ -6.891357048701421, 41.169969725579044 ], [ -6.89125725961792, 41.169966403057487 ], [ -6.891048743867256, 41.16996559775523 ], [ -6.890988052638613, 41.169967736249937 ], [ -6.890855682548843, 41.169973335276893 ], [ -6.890776390799078, 41.169975902405717 ], [ -6.890619055807947, 41.16998483438536 ], [ -6.890534462752698, 41.16999067476312 ], [ -6.890434165477363, 41.16999526513569 ], [ -6.890372334409333, 41.16999459974074 ], [ -6.890290576060519, 41.169989220827333 ], [ -6.890101310681224, 41.169953416487218 ], [ -6.889938353926648, 41.169906367905163 ], [ -6.889918124845646, 41.169892283250249 ], [ -6.889661798510788, 41.169710343725576 ], [ -6.889445361595005, 41.169636786148786 ], [ -6.889280121207025, 41.16959115623078 ], [ -6.889071369483244, 41.169546139258571 ], [ -6.888933744353523, 41.169539880362464 ], [ -6.888723653183434, 41.169559495802197 ], [ -6.888638920859302, 41.169572715731171 ], [ -6.888523313177391, 41.169599291740695 ], [ -6.888361922673057, 41.169645992155033 ], [ -6.888226549933631, 41.169697114561671 ], [ -6.888161237055706, 41.169723151566636 ], [ -6.887972521974846, 41.169803504137668 ], [ -6.887919456448752, 41.1698308412481 ], [ -6.887789820679842, 41.169893279367884 ], [ -6.887689348210982, 41.169944867660433 ], [ -6.887640783864061, 41.169973611133017 ], [ -6.887510746309127, 41.170076291932666 ], [ -6.887425548091304, 41.170152176130529 ], [ -6.887256135605083, 41.170251099221602 ], [ -6.887075624944484, 41.170325953830229 ], [ -6.886888379549128, 41.170303132844232 ], [ -6.886738651765949, 41.17024353254147 ], [ -6.886668978687931, 41.170210362895375 ], [ -6.886487540769165, 41.170075956214532 ], [ -6.886347715593836, 41.16994667916876 ], [ -6.886230192270584, 41.169822140051508 ], [ -6.886147707976335, 41.169754533038628 ], [ -6.885991948603714, 41.169736552652033 ], [ -6.885821520078059, 41.169732184024362 ], [ -6.885609074234308, 41.169762842391172 ], [ -6.885542127919321, 41.169799486828445 ], [ -6.885423000463271, 41.169873382152147 ], [ -6.885361177682182, 41.169916562227094 ], [ -6.885302309189796, 41.169954194449225 ], [ -6.885156106284886, 41.170048596454755 ], [ -6.885064734468826, 41.170110273791742 ], [ -6.884865344277264, 41.170219224073321 ], [ -6.884739816333306, 41.170278373557039 ], [ -6.884656713629748, 41.170312679559302 ], [ -6.884376297283124, 41.170427509950777 ], [ -6.884140908921342, 41.170511938599766 ], [ -6.884038466076793, 41.170554139877815 ], [ -6.88385614900421, 41.170623299058327 ], [ -6.88372823128689, 41.170670350638524 ], [ -6.883534544874479, 41.170792599166198 ], [ -6.883400216189075, 41.170907655249451 ], [ -6.883253605898157, 41.171035458216622 ], [ -6.883210407335052, 41.171076409042172 ], [ -6.883098772244085, 41.171188556931007 ], [ -6.883025609977287, 41.171257544394926 ], [ -6.882983859109189, 41.171297608638788 ], [ -6.882865223665208, 41.171426616072957 ], [ -6.882731298338695, 41.17157678983272 ], [ -6.882650071871125, 41.171662615357832 ], [ -6.882613280825141, 41.171698503201746 ], [ -6.882549769934348, 41.171767599653663 ], [ -6.882491735991256, 41.171937232031837 ], [ -6.882559018953162, 41.172083649517603 ], [ -6.882642762450774, 41.172204490435242 ], [ -6.882650475252956, 41.172344315635023 ], [ -6.882632369689853, 41.172513484800113 ], [ -6.881754307400661, 41.172749319976667 ], [ -6.881724739287341, 41.172794019961962 ], [ -6.881690053606648, 41.172838125885917 ], [ -6.881657099629866, 41.172885847744588 ], [ -6.881586716444136, 41.172965038165962 ], [ -6.881545708582742, 41.173003400971538 ], [ -6.881505222440098, 41.173039519314088 ], [ -6.88145845027339, 41.173073949489826 ], [ -6.881397271135081, 41.173114070303214 ], [ -6.881330599534293, 41.173154946251579 ], [ -6.881253742236578, 41.173204802853249 ], [ -6.88115705273725, 41.173257508793327 ], [ -6.881042847044354, 41.173310024214857 ], [ -6.880984513203791, 41.173338563186711 ], [ -6.880786336718352, 41.173420330786094 ], [ -6.88071460441255, 41.173451335101028 ], [ -6.880616007468669, 41.173491592417037 ], [ -6.880536094726151, 41.173520259333706 ], [ -6.880437532724374, 41.173552416811908 ], [ -6.880173414026764, 41.173636524735699 ], [ -6.880092338949612, 41.173669949054116 ], [ -6.880030392711983, 41.173694035338194 ], [ -6.87995722442589, 41.173731509186013 ], [ -6.879847202411563, 41.173796134392632 ], [ -6.879815649196427, 41.173750770649882 ], [ -6.879744139058912, 41.173657431437505 ], [ -6.879697879136357, 41.173602097665373 ], [ -6.879535075369494, 41.173447259099724 ], [ -6.879489843710082, 41.173400574042773 ], [ -6.879441160369204, 41.173353676713916 ], [ -6.879304494692368, 41.173315547716577 ], [ -6.879183179372779, 41.173290637099882 ], [ -6.879070841820555, 41.173207570468584 ], [ -6.8790289792041, 41.173159211142739 ], [ -6.878975236272707, 41.173084344093553 ], [ -6.878930739265587, 41.173018045141241 ], [ -6.878854878461575, 41.172933931286117 ], [ -6.878805829016892, 41.172887839166542 ], [ -6.878666929968801, 41.17279151787718 ], [ -6.878618331738575, 41.172759200521355 ], [ -6.878553539082281, 41.172720141859436 ], [ -6.878441846081913, 41.172659592717274 ], [ -6.878399376556773, 41.172624283355304 ], [ -6.878359145065565, 41.172584410786527 ], [ -6.878291106755514, 41.172521809680248 ], [ -6.878187463879819, 41.172407500944914 ], [ -6.878145718913254, 41.172372204786733 ], [ -6.878098648510201, 41.172340720529697 ], [ -6.878019467866753, 41.172312572578377 ], [ -6.877929325864866, 41.172278098596578 ], [ -6.877865173664405, 41.17224255271374 ], [ -6.87781510190724, 41.172212746401087 ], [ -6.877746223928089, 41.172156535915008 ], [ -6.87767162722963, 41.172062889837754 ], [ -6.877578296574607, 41.171938883029242 ], [ -6.877543370149546, 41.171896003023534 ], [ -6.877453709864049, 41.171811199347751 ], [ -6.877385843520326, 41.171758149299883 ], [ -6.877322227297038, 41.171719725853805 ], [ -6.877152032011553, 41.171621623514461 ], [ -6.877095028966353, 41.171561396666618 ], [ -6.87703185760462, 41.171518480376783 ], [ -6.876913197001392, 41.171473340763974 ], [ -6.87685126271263, 41.171459428286624 ], [ -6.876680626627299, 41.171421821518138 ], [ -6.876593752805426, 41.171390712754487 ], [ -6.876510577344442, 41.171315795338629 ], [ -6.876514976251547, 41.171241559723718 ], [ -6.87653576277207, 41.171188931713097 ], [ -6.876622376032308, 41.17103959782429 ], [ -6.876663980811393, 41.170888697744715 ], [ -6.876671267557217, 41.170800264484349 ], [ -6.876606521950022, 41.170740133901099 ], [ -6.876500262277051, 41.170651190175732 ], [ -6.876443083934934, 41.17059996066078 ], [ -6.876354924917726, 41.170499057009387 ], [ -6.8763763292145, 41.170395207074698 ], [ -6.876384001965492, 41.170342707001744 ], [ -6.876399983713024, 41.17022330547362 ], [ -6.876414003706107, 41.17013197885246 ], [ -6.876418585962031, 41.170072964817251 ], [ -6.876408777451392, 41.170018559604991 ], [ -6.876375228822125, 41.169959668817242 ], [ -6.876257951267219, 41.169842151748206 ], [ -6.876201313480624, 41.169769233587019 ], [ -6.876175885390611, 41.169696650627756 ], [ -6.876177229070424, 41.16958888829712 ], [ -6.876207389738003, 41.169507009350859 ], [ -6.876233499765545, 41.169443728228877 ], [ -6.876275077668041, 41.169338113962006 ], [ -6.876329846577125, 41.169196630021823 ], [ -6.876351153829473, 41.16913518191096 ], [ -6.876373342959757, 41.169084013469629 ], [ -6.876392301768741, 41.169027042661682 ], [ -6.876407693157913, 41.168963640026689 ], [ -6.876427390878993, 41.168867875101746 ], [ -6.876427036518634, 41.168805110110817 ], [ -6.87642096754111, 41.168736164490383 ], [ -6.876400784852313, 41.168663644209083 ], [ -6.87638160266858, 41.168613282172593 ], [ -6.876358132225367, 41.168557113427966 ], [ -6.876277680368077, 41.168439453469603 ], [ -6.876214454022281, 41.168356018668199 ], [ -6.876174273529264, 41.168313618432755 ], [ -6.876082552299374, 41.168224832074486 ], [ -6.875965265208055, 41.168126760690576 ], [ -6.875852160243524, 41.168040623828439 ], [ -6.875799457156691, 41.167998897119759 ], [ -6.875744201773865, 41.167947513559362 ], [ -6.875694374939781, 41.167904743117838 ], [ -6.875647947528545, 41.16785867736229 ], [ -6.875596540814991, 41.167798958357785 ], [ -6.875545947544135, 41.167740510584387 ], [ -6.875506019971444, 41.167684614860832 ], [ -6.875452232151158, 41.167593714774881 ], [ -6.875419062102127, 41.16753987011063 ], [ -6.875386784217352, 41.167476760977969 ], [ -6.875355697177661, 41.167426089570576 ], [ -6.875325896837396, 41.167370570004195 ], [ -6.875239217136802, 41.167248701215115 ], [ -6.875168198327876, 41.167180394913558 ], [ -6.87508570175152, 41.167113947689991 ], [ -6.875000827534044, 41.167053328885949 ], [ -6.874925521268685, 41.167022430768384 ], [ -6.874839178015427, 41.166982681659881 ], [ -6.87473513032713, 41.166909155622008 ], [ -6.87470375314421, 41.166836511811198 ], [ -6.874702287169767, 41.166719713773425 ], [ -6.874706989372721, 41.166610905822274 ], [ -6.874684926999429, 41.166518373824736 ], [ -6.87466650463056, 41.166428403639628 ], [ -6.874659068988043, 41.166368715374816 ], [ -6.87464113231375, 41.166234811476507 ], [ -6.8745968443722, 41.166139245323457 ], [ -6.874570132706068, 41.166096726083133 ], [ -6.874452781806553, 41.165977584697778 ], [ -6.874406900637732, 41.165946921383473 ], [ -6.874257861543795, 41.165858675823841 ], [ -6.874116370696409, 41.165799144666479 ], [ -6.873990499318878, 41.165764277005913 ], [ -6.873917888381951, 41.165741875135275 ], [ -6.873767391112787, 41.16569269071158 ], [ -6.873662217540156, 41.165659396930451 ], [ -6.873543409720787, 41.165622986193277 ], [ -6.87347043015238, 41.165582209882487 ], [ -6.873400405686804, 41.165505723247037 ], [ -6.873371341685546, 41.16541176649276 ], [ -6.873389594172687, 41.165310941247199 ], [ -6.873416924058017, 41.165246228911421 ], [ -6.873504775782397, 41.165113298194157 ], [ -6.873569487497638, 41.165019102911991 ], [ -6.873599023373091, 41.164969901676464 ], [ -6.873628063571656, 41.16491565902875 ], [ -6.873650896048665, 41.164867823322126 ], [ -6.873684487053268, 41.164768875633065 ], [ -6.873708285209254, 41.164689271463992 ], [ -6.873720937169487, 41.164632052908892 ], [ -6.873738289097719, 41.164522215462334 ], [ -6.873739031987944, 41.16440849931427 ], [ -6.873736676065549, 41.164357243919738 ], [ -6.873736322448826, 41.164294569831817 ], [ -6.873739467644267, 41.164248415977902 ], [ -6.87378866026835, 41.164130821216055 ], [ -6.873834859279513, 41.164070189548212 ], [ -6.873884589388465, 41.163999059890301 ], [ -6.87395612523284, 41.163921864858516 ], [ -6.873997338351661, 41.163885217714508 ], [ -6.874048804685813, 41.163841569421237 ], [ -6.87410059082601, 41.163800443943281 ], [ -6.874163357028989, 41.163751876839072 ], [ -6.874259845972881, 41.163684050308362 ], [ -6.87433671526275, 41.163639601759726 ], [ -6.874440414890294, 41.163587515591857 ], [ -6.874516330439383, 41.163548999194411 ], [ -6.874721245361617, 41.163425177589751 ], [ -6.8747832299276, 41.163379932212365 ], [ -6.87485617007809, 41.163322474499545 ], [ -6.874916077908041, 41.163267752070404 ], [ -6.874971558010553, 41.163207305964235 ], [ -6.875014341313561, 41.163150868413787 ], [ -6.875050848357258, 41.163054477788599 ], [ -6.875060596752195, 41.163005961311583 ], [ -6.875072643163408, 41.162923884694521 ], [ -6.875070916765187, 41.16287722557059 ], [ -6.875064759193898, 41.162831507591548 ], [ -6.87504081359156, 41.162756425664121 ], [ -6.875022868616219, 41.162704184217262 ], [ -6.875008603187578, 41.162608947030705 ], [ -6.875009076362448, 41.162546461137566 ], [ -6.875010380678309, 41.16249695741125 ], [ -6.875029827351121, 41.162395872066938 ], [ -6.875058481819901, 41.162298943640565 ], [ -6.875085086201675, 41.162215943744222 ], [ -6.875097872318831, 41.162170433588258 ], [ -6.875111598536361, 41.162112959163551 ], [ -6.875134801507652, 41.162045952976115 ], [ -6.875154707731225, 41.161982869871167 ], [ -6.875187633651946, 41.161812151839555 ], [ -6.875193095133771, 41.161744685334881 ], [ -6.875186758832316, 41.161664391504587 ], [ -6.875155018668785, 41.161592010316852 ], [ -6.875106625980073, 41.161537189780105 ], [ -6.875001829402636, 41.161465994126821 ], [ -6.874940537489578, 41.161456320471125 ], [ -6.874860135017112, 41.161455176465267 ], [ -6.874733258000022, 41.161454602406941 ], [ -6.874655652336783, 41.161450692147298 ], [ -6.874593752404912, 41.16144776743063 ], [ -6.874531286862224, 41.161443394044774 ], [ -6.874372837196058, 41.161430409979758 ], [ -6.874310880715429, 41.161424153880922 ], [ -6.874251847020909, 41.161414775564239 ], [ -6.874159967163449, 41.161390990893786 ], [ -6.874100047816159, 41.16136557734233 ], [ -6.874045869831202, 41.161339054193775 ], [ -6.873984772301905, 41.161306604513577 ], [ -6.87392481359269, 41.161270744798216 ], [ -6.873877251485999, 41.161209447182458 ], [ -6.873869008438183, 41.161129760915699 ], [ -6.873898732397876, 41.161058055902565 ], [ -6.873932140062261, 41.161005838185773 ], [ -6.873964666603699, 41.160955768205 ], [ -6.874002522301283, 41.160901343572405 ], [ -6.87403711315963, 41.160861747184043 ], [ -6.874157913847373, 41.160756189218326 ], [ -6.874221968472705, 41.160696109096911 ], [ -6.874270732515432, 41.160638382054053 ], [ -6.87430446126041, 41.160587787569014 ], [ -6.874328162879524, 41.160538255812092 ], [ -6.874358294056991, 41.160439003508145 ], [ -6.87437254942851, 41.160378918350979 ], [ -6.87438828903024, 41.160315795225657 ], [ -6.87440426836916, 41.160258883037436 ], [ -6.874422197675832, 41.160212075837677 ], [ -6.874460572396197, 41.160136771730734 ], [ -6.874499569762237, 41.160078673126648 ], [ -6.874539017644703, 41.160021745461449 ], [ -6.874575994973314, 41.159975689335631 ], [ -6.874654796374036, 41.159867060679559 ], [ -6.874687038358467, 41.159819599458771 ], [ -6.874746583775917, 41.159739750802288 ], [ -6.874789410225731, 41.159680883563254 ], [ -6.87482043813386, 41.159634223908547 ], [ -6.874858785893363, 41.159578723862523 ], [ -6.874908009006154, 41.159515421714424 ], [ -6.874940449868691, 41.159470126274492 ], [ -6.875019200188901, 41.159345291234025 ], [ -6.875043169350572, 41.15930053080573 ], [ -6.875070651515022, 41.159246446291121 ], [ -6.875082179374894, 41.159166709521116 ], [ -6.875066933101816, 41.159110267409254 ], [ -6.875021693509979, 41.159058810075614 ], [ -6.874947880043877, 41.159005960986853 ], [ -6.874864270474575, 41.158960929329609 ], [ -6.874805471376989, 41.158939397438772 ], [ -6.874734707268312, 41.158920352276418 ], [ -6.874633104337465, 41.158900420847942 ], [ -6.874564828963692, 41.158888421465484 ], [ -6.874388767537433, 41.158862279989805 ], [ -6.874261241826589, 41.158833608273291 ], [ -6.874197996172379, 41.158814100212602 ], [ -6.874136938261802, 41.158792272267142 ], [ -6.874063484342773, 41.15875797677284 ], [ -6.874021703071218, 41.158725198924849 ], [ -6.87398519644429, 41.158690225003504 ], [ -6.873976066420682, 41.158681657739635 ], [ -6.87356749823029, 41.158771204666209 ], [ -6.873441848571193, 41.158800443466568 ], [ -6.873390616744528, 41.158813121828437 ], [ -6.873291435307888, 41.158841029229457 ], [ -6.873176530636441, 41.158868769940725 ], [ -6.87311801079888, 41.158876232518317 ], [ -6.87301750436718, 41.158873785901442 ], [ -6.872887950503352, 41.158851571620389 ], [ -6.872797004446437, 41.158822663751863 ], [ -6.872715566313171, 41.158795032196501 ], [ -6.872568097276886, 41.158737779265429 ], [ -6.872492652890702, 41.158695803006403 ], [ -6.872425020525332, 41.158668684322322 ], [ -6.872249163366512, 41.158594728289401 ], [ -6.872162668238482, 41.158563620326632 ], [ -6.872094592148741, 41.158541266958224 ], [ -6.872030520950971, 41.158521119284103 ], [ -6.871969529102205, 41.158502174024839 ], [ -6.871796323257282, 41.158463722453199 ], [ -6.871714523441779, 41.15844257187694 ], [ -6.871639482161027, 41.158429323426112 ], [ -6.871432389348797, 41.158381228625437 ], [ -6.871260502392612, 41.158336038529306 ], [ -6.871105060822039, 41.158303364886372 ], [ -6.870985704112239, 41.158277572129386 ], [ -6.870858893052979, 41.158249171002993 ], [ -6.870783378536945, 41.158229437464584 ], [ -6.870707437850099, 41.158207267200424 ], [ -6.870581018985096, 41.158158071517377 ], [ -6.870508477840765, 41.158120362211427 ], [ -6.870338020248452, 41.15805663618189 ], [ -6.870221362336037, 41.158008089172576 ], [ -6.870093797487237, 41.157956630267002 ], [ -6.870005793549963, 41.157911189436398 ], [ -6.869917933644996, 41.157870787006985 ], [ -6.869815798893248, 41.157816547116859 ], [ -6.869791751199912, 41.157790980942359 ], [ -6.867211447046843, 41.154090502179621 ], [ -6.867218385955863, 41.154076531157251 ], [ -6.867247860714178, 41.154011849147444 ], [ -6.867242447060396, 41.15396505838919 ], [ -6.867235588027208, 41.153919152153698 ], [ -6.867222890143698, 41.153860754288722 ], [ -6.867202212619294, 41.153814696168574 ], [ -6.867174223656858, 41.153758384852772 ], [ -6.867126944034782, 41.153683316652469 ], [ -6.867085681214627, 41.153617315065631 ], [ -6.867058357754742, 41.15357001243094 ], [ -6.867022404341827, 41.153500374803812 ], [ -6.866992894186712, 41.153449088113291 ], [ -6.866953346787523, 41.153399136228671 ], [ -6.866891354585319, 41.153327321439534 ], [ -6.866838544488838, 41.153267044572843 ], [ -6.866780315696513, 41.153197525725609 ], [ -6.86668917062553, 41.153099102827532 ], [ -6.866646013250543, 41.153057301268049 ], [ -6.86659200933484, 41.153003491408271 ], [ -6.866524639766472, 41.152944769571249 ], [ -6.866447458552415, 41.152869730612679 ], [ -6.866385033275605, 41.152807903532306 ], [ -6.86626354100245, 41.152620906367773 ], [ -6.866232414490755, 41.152554748540162 ], [ -6.866184568648076, 41.152447255363562 ], [ -6.866146484717909, 41.152358235209363 ], [ -6.866095310712383, 41.152250434358564 ], [ -6.866045484468512, 41.152152826543116 ], [ -6.865968971840143, 41.152006030151988 ], [ -6.865943100249844, 41.15195739440454 ], [ -6.865907053128629, 41.151899284233998 ], [ -6.865849357583935, 41.15180212819287 ], [ -6.865811790057591, 41.151742375122403 ], [ -6.865795501782588, 41.15171572654824 ], [ -6.865768811479007, 41.151672933515087 ], [ -6.865722348051458, 41.151704205804542 ], [ -6.865670680926605, 41.151739386215731 ], [ -6.865594218404424, 41.151788070898597 ], [ -6.865548189087618, 41.151821597117802 ], [ -6.865441844868166, 41.151887960124036 ], [ -6.865207327358612, 41.15202827369518 ], [ -6.865149656205016, 41.15205996711623 ], [ -6.865090680137672, 41.15209137331729 ], [ -6.864965229716997, 41.152147710157614 ], [ -6.864850538820775, 41.152189759685612 ], [ -6.864680973046754, 41.152235708615798 ], [ -6.864584902207589, 41.152256890653028 ], [ -6.864443951721004, 41.15227082788828 ], [ -6.864263442129406, 41.152266322750656 ], [ -6.864147595655473, 41.152250462501833 ], [ -6.864055421844734, 41.152224055360762 ], [ -6.863796252642528, 41.152128912801878 ], [ -6.863728267731345, 41.152102324474932 ], [ -6.863675153747987, 41.152076708582321 ], [ -6.863610727122199, 41.152044755146058 ], [ -6.863459169560837, 41.151984562384982 ], [ -6.863398538864458, 41.151965615674676 ], [ -6.863322979864689, 41.151942811769821 ], [ -6.863257711570919, 41.151929671921678 ], [ -6.863168267431203, 41.151922291911745 ], [ -6.863026664067491, 41.151932798658443 ], [ -6.862885415138243, 41.151955735693669 ], [ -6.862819365139814, 41.151983461073002 ], [ -6.862717384550609, 41.152039424926237 ], [ -6.862639889974108, 41.152104658386968 ], [ -6.862576174592896, 41.152165637194592 ], [ -6.862489035381413, 41.152242829645708 ], [ -6.862401038313758, 41.152308853788369 ], [ -6.862342990128559, 41.15234765037038 ], [ -6.862255559703003, 41.152384321897053 ], [ -6.862051264295014, 41.152414759545358 ], [ -6.861938939645559, 41.152414061022029 ], [ -6.861877816465933, 41.152396190369103 ], [ -6.86178402542048, 41.152354996845546 ], [ -6.861681777567121, 41.152313623450297 ], [ -6.861553768923531, 41.152267735435977 ], [ -6.86142847961056, 41.152223045136054 ], [ -6.861345246034189, 41.152196462617567 ], [ -6.861217648649514, 41.152153727503666 ], [ -6.861045237612244, 41.152093839726092 ], [ -6.860921800630727, 41.152051961504348 ], [ -6.860772920149345, 41.152007281830521 ], [ -6.86056660745459, 41.151975742783662 ], [ -6.860507535592345, 41.151968878165576 ], [ -6.860376308204618, 41.151960140194085 ], [ -6.860239277141098, 41.151962049204698 ], [ -6.860159556286082, 41.151963419148899 ], [ -6.860044463546523, 41.151964403465982 ], [ -6.859969661815484, 41.151963844049433 ], [ -6.859888978756429, 41.151959532390784 ], [ -6.859802361587565, 41.15195407367932 ], [ -6.85970934654648, 41.151952780592829 ], [ -6.859600242349487, 41.151989030386098 ], [ -6.859483302031903, 41.152073277089549 ], [ -6.859435244656381, 41.152112998453553 ], [ -6.859317753116623, 41.152237757315731 ], [ -6.859245355485888, 41.152347256752257 ], [ -6.85920312973255, 41.152411800173866 ], [ -6.859168709443093, 41.152479218483762 ], [ -6.859133077146383, 41.152547703867249 ], [ -6.859102246655755, 41.152620565220012 ], [ -6.859072422791153, 41.152739811482839 ], [ -6.859058971629622, 41.152819259775399 ], [ -6.859049964008637, 41.152878585349455 ], [ -6.859045215449027, 41.152933099427734 ], [ -6.859050878313087, 41.153009965186804 ], [ -6.859041323312966, 41.153116197829476 ], [ -6.859013413559385, 41.153191884529683 ], [ -6.858980788271345, 41.153301731907234 ], [ -6.858926345257942, 41.153363614409351 ], [ -6.858850492462208, 41.153417613736636 ], [ -6.858774267745661, 41.153453597111209 ], [ -6.858689114820987, 41.153483091437849 ], [ -6.858583837888141, 41.153518214766791 ], [ -6.858474861203717, 41.153553926439358 ], [ -6.858399175461106, 41.153580641313461 ], [ -6.858339705801436, 41.153600517833638 ], [ -6.85815379062285, 41.153665723187771 ], [ -6.858090750594747, 41.153691496452574 ], [ -6.858032173122154, 41.153714441379769 ], [ -6.85792915926548, 41.153749854781317 ], [ -6.857818376030328, 41.153780147873725 ], [ -6.857714632088391, 41.153791695757171 ], [ -6.857581534793221, 41.153780679260002 ], [ -6.857470148231249, 41.153749913092646 ], [ -6.857370640914567, 41.153696683534186 ], [ -6.857251758510362, 41.153628466246126 ], [ -6.857195138915663, 41.153587050479892 ], [ -6.857086220323633, 41.153521379008758 ], [ -6.856918226087384, 41.153430022379688 ], [ -6.856815235720569, 41.153384134401129 ], [ -6.856708136109358, 41.153341349521028 ], [ -6.856642477085483, 41.153311627763493 ], [ -6.85658809294782, 41.153290231861 ], [ -6.856469087294373, 41.153246680909717 ], [ -6.856389525762079, 41.153221584276551 ], [ -6.856284206390964, 41.153184942419962 ], [ -6.856001142430262, 41.153093750274948 ], [ -6.855930196150375, 41.15306622320783 ], [ -6.855862676962054, 41.153034231156518 ], [ -6.85574734500985, 41.152973619629911 ], [ -6.855670506894015, 41.152942962965369 ], [ -6.855540373047326, 41.152933058374344 ], [ -6.855474565947709, 41.152929538017332 ], [ -6.855322618790211, 41.152932629015652 ], [ -6.855205451159835, 41.152948166695033 ], [ -6.855132022310503, 41.152969053604394 ], [ -6.855074699113414, 41.152988674929894 ], [ -6.854859767123071, 41.15311289353648 ], [ -6.854737491309001, 41.153201308982744 ], [ -6.854686347227275, 41.153246301094256 ], [ -6.854634585819354, 41.153286335880708 ], [ -6.854540968349834, 41.15332833709985 ], [ -6.854479873959315, 41.153315237714864 ], [ -6.854422233988962, 41.153289834742459 ], [ -6.854310371948256, 41.153222236214681 ], [ -6.854254349558765, 41.153156337212167 ], [ -6.854205430989274, 41.153068002335011 ], [ -6.854192561132714, 41.153019422818119 ], [ -6.854200267509239, 41.152972232411614 ], [ -6.854215712980006, 41.152900375693278 ], [ -6.854223000261578, 41.152831842734983 ], [ -6.854232936472888, 41.152743536490675 ], [ -6.8542281244442, 41.152684415317644 ], [ -6.854216845008597, 41.152578222772014 ], [ -6.854193371279294, 41.152516917075488 ], [ -6.854145418121695, 41.152440658368668 ], [ -6.854065516597062, 41.152371436306801 ], [ -6.854027127994557, 41.152336072303811 ], [ -6.853960437422173, 41.152285809134035 ], [ -6.85391016328162, 41.152249237998802 ], [ -6.853865237540839, 41.15220092548379 ], [ -6.853824839346707, 41.152115754566452 ], [ -6.85381587655048, 41.152000672754184 ], [ -6.853822696772762, 41.151919169631512 ], [ -6.853839443435487, 41.151860292397544 ], [ -6.853857230077344, 41.151772430831954 ], [ -6.85387261406002, 41.151704168797011 ], [ -6.853896046524215, 41.151632394515055 ], [ -6.853937462917997, 41.151529941329045 ], [ -6.853967492852428, 41.151480388572608 ], [ -6.854010188493257, 41.151428550768372 ], [ -6.854056416771555, 41.15136693591635 ], [ -6.854101703375623, 41.151316745786339 ], [ -6.854140390791994, 41.151281427350909 ], [ -6.854213228313093, 41.151204891898843 ], [ -6.854264493462275, 41.151061663056197 ], [ -6.854269473735296, 41.150995359982765 ], [ -6.854282213838783, 41.150915813408083 ], [ -6.854276341338631, 41.150794739478975 ], [ -6.854214401512494, 41.150665475049159 ], [ -6.854169089317575, 41.150606443479305 ], [ -6.854121505984961, 41.150541810435023 ], [ -6.854089694193042, 41.150493016038759 ], [ -6.85406379467883, 41.150446360033676 ], [ -6.854022126293963, 41.150352972327426 ], [ -6.854019275836626, 41.150248047466754 ], [ -6.854035284977407, 41.150172230694693 ], [ -6.854076363685449, 41.150050317630559 ], [ -6.854098383999927, 41.149971417968999 ], [ -6.854128782945213, 41.149859565412797 ], [ -6.854150993083305, 41.14978940181912 ], [ -6.854188336220581, 41.149731018842807 ], [ -6.854255196418412, 41.14963721553999 ], [ -6.854302433870187, 41.149584889591871 ], [ -6.854342297002333, 41.149544179870119 ], [ -6.854389465998063, 41.149495001857453 ], [ -6.854462937972673, 41.14941027863258 ], [ -6.854496925370789, 41.149365361739875 ], [ -6.854549983667173, 41.149276813796334 ], [ -6.854569469458287, 41.149175104630359 ], [ -6.854565517758387, 41.149090151228236 ], [ -6.854572141906935, 41.149018733131079 ], [ -6.854617799646923, 41.148906415018438 ], [ -6.854689451604252, 41.148805017455778 ], [ -6.854745783247385, 41.148719563536154 ], [ -6.854782136042096, 41.148669361289038 ], [ -6.854818480603712, 41.148582785984615 ], [ -6.854819620079867, 41.148524002771893 ], [ -6.854813295626141, 41.148407691473452 ], [ -6.854809745166687, 41.148357319159025 ], [ -6.854739843334769, 41.148258039384281 ], [ -6.854674443310792, 41.148197078754961 ], [ -6.854615213485535, 41.14811853674604 ], [ -6.854558765344974, 41.148056236564315 ], [ -6.854482225231356, 41.14795526400296 ], [ -6.854445830629504, 41.147891022702943 ], [ -6.854436562113361, 41.147834553246128 ], [ -6.854449833273407, 41.147739889219515 ], [ -6.854471963606377, 41.147673775593816 ], [ -6.854493759728244, 41.147624493217073 ], [ -6.854508837497919, 41.147541369980907 ], [ -6.854484616931444, 41.147463397522777 ], [ -6.854437225129687, 41.147395073226853 ], [ -6.854354978081742, 41.147355083209739 ], [ -6.854183187986203, 41.147325626824596 ], [ -6.854044683764132, 41.147330215169092 ], [ -6.853911022162666, 41.147348995368091 ], [ -6.853842614524498, 41.147363179685932 ], [ -6.853749601717747, 41.14736241937598 ], [ -6.853678453394774, 41.14736415199814 ], [ -6.853602842646585, 41.147368716314503 ], [ -6.853468123159951, 41.147380998593732 ], [ -6.853385492954708, 41.147385123714436 ], [ -6.853237181094902, 41.147391941378586 ], [ -6.85306423857272, 41.147403259987598 ], [ -6.852965569399243, 41.147405224749598 ], [ -6.852871529667668, 41.147402203092298 ], [ -6.852714271224452, 41.14739118076141 ], [ -6.852637318267549, 41.147385013744376 ], [ -6.852478295689591, 41.147354529828867 ], [ -6.852422791780884, 41.147335906277469 ], [ -6.852228446904361, 41.14724118658944 ], [ -6.852178721031958, 41.147213349355006 ], [ -6.852118155444789, 41.147172969485638 ], [ -6.852064486854508, 41.147078371580406 ], [ -6.852068822713688, 41.147008367015864 ], [ -6.852132609202171, 41.146944337886886 ], [ -6.852292420234542, 41.146897222013912 ], [ -6.852439455616079, 41.146882737884887 ], [ -6.852533496449933, 41.146886030928371 ], [ -6.852660624650241, 41.146896538458435 ], [ -6.852759158294594, 41.146901501102931 ], [ -6.852904275269797, 41.146899780875451 ], [ -6.852981439428569, 41.146894694935611 ], [ -6.853078154372041, 41.146858309176295 ], [ -6.853125383770402, 41.146824529338105 ], [ -6.853187484280618, 41.146767322196922 ], [ -6.853232517190359, 41.146711546100249 ], [ -6.853266276273432, 41.146660146760951 ], [ -6.853316776503675, 41.14651304066571 ], [ -6.853310494923002, 41.146431663841227 ], [ -6.853278328109877, 41.146364319505963 ], [ -6.853239051848814, 41.146319672032021 ], [ -6.853161063569712, 41.146250737983728 ], [ -6.853079651634104, 41.146204547108375 ], [ -6.852967682205865, 41.146161705526083 ], [ -6.85285788506329, 41.146123299990563 ], [ -6.852792902282122, 41.146102317527642 ], [ -6.852645893260384, 41.146041890093009 ], [ -6.852586131190372, 41.14601565673626 ], [ -6.852529022563476, 41.145987918551796 ], [ -6.852408591421224, 41.145920494793636 ], [ -6.852318954719642, 41.145837926300452 ], [ -6.852288555779954, 41.14579652775376 ], [ -6.852306156802294, 41.145730273218909 ], [ -6.852372980301339, 41.145662944392278 ], [ -6.852500680795385, 41.145588639823032 ], [ -6.852629358347507, 41.145537752134324 ], [ -6.852701407296656, 41.145508116550332 ], [ -6.852788202576711, 41.145467214136488 ], [ -6.852874052621872, 41.145425666360779 ], [ -6.853009987904227, 41.145344428652464 ], [ -6.853122497512859, 41.145261309711586 ], [ -6.853180833563975, 41.145213786950038 ], [ -6.85321882433445, 41.14517143603566 ], [ -6.853257837959125, 41.14511874805941 ], [ -6.853293450186804, 41.145069890436481 ], [ -6.853322374717487, 41.145015917995622 ], [ -6.853350402552121, 41.144970936084484 ], [ -6.85338882228903, 41.144912207813299 ], [ -6.85346024208729, 41.144797927090927 ], [ -6.853502327586976, 41.144722490974814 ], [ -6.853521918636507, 41.144670573069156 ], [ -6.853515851617177, 41.144578214508918 ], [ -6.853495264414233, 41.144509644644629 ], [ -6.853470244657828, 41.144436256056316 ], [ -6.853453866570654, 41.144377815742182 ], [ -6.853379301558002, 41.14430433136895 ], [ -6.853297729547634, 41.144254174355368 ], [ -6.853204658316782, 41.144213523891423 ], [ -6.853118934520521, 41.144181055997862 ], [ -6.852992976315375, 41.144134910242407 ], [ -6.8529293390744, 41.144111965509786 ], [ -6.852833276090066, 41.144078300192199 ], [ -6.852766414246012, 41.144055863374014 ], [ -6.852686868734429, 41.144030216015693 ], [ -6.852612164345143, 41.144006877051631 ], [ -6.852515536447531, 41.143977713543713 ], [ -6.852326925321961, 41.143913130559369 ], [ -6.852227133161698, 41.143881321333495 ], [ -6.852071675619425, 41.143833225770784 ], [ -6.851997417673767, 41.143805025556418 ], [ -6.851892650782163, 41.143759742792426 ], [ -6.851818396989286, 41.143725157699059 ], [ -6.851713800968018, 41.143671049950505 ], [ -6.851621881741902, 41.143614025357792 ], [ -6.851563103349699, 41.143574292655735 ], [ -6.851483663956762, 41.143506241721745 ], [ -6.851426919462094, 41.143435288241626 ], [ -6.851368582806825, 41.143354414301413 ], [ -6.851329783416395, 41.14328537485131 ], [ -6.851256107375682, 41.143166061801793 ], [ -6.851203289831219, 41.143089209204504 ], [ -6.851170601441181, 41.143048957204094 ], [ -6.851092202051531, 41.142964439161339 ], [ -6.85105171035701, 41.142921585423899 ], [ -6.851009413879991, 41.142872939050896 ], [ -6.850947649110577, 41.142796892551786 ], [ -6.85088917856215, 41.142741048284933 ], [ -6.850826509769764, 41.142693077259864 ], [ -6.850768101939524, 41.142652181343941 ], [ -6.850660909170957, 41.142590754904425 ], [ -6.850461690003185, 41.142465905134962 ], [ -6.850402737193185, 41.142434904778895 ], [ -6.850329615936282, 41.142403929378759 ], [ -6.850206749735481, 41.142364294370694 ], [ -6.850023528294611, 41.142310756261558 ], [ -6.849945183207018, 41.142284853863835 ], [ -6.849878259660391, 41.142259616208314 ], [ -6.849772561457228, 41.142201087808139 ], [ -6.849734615285537, 41.142124938676695 ], [ -6.849714715187633, 41.142003163319849 ], [ -6.849716696705058, 41.141956454092487 ], [ -6.849722723497752, 41.1418546857143 ], [ -6.849727485622373, 41.141787479008173 ], [ -6.849685891793427, 41.141703188218536 ], [ -6.849622736177532, 41.141643689458171 ], [ -6.849568973342163, 41.141609058427008 ], [ -6.849511731082755, 41.141588432298697 ], [ -6.849407777716054, 41.14155630233595 ], [ -6.84929660710594, 41.14152805184051 ], [ -6.849164197598665, 41.141508032843575 ], [ -6.849055138222792, 41.141505646533133 ], [ -6.848976768325055, 41.141499461292163 ], [ -6.848889128021247, 41.141486148532685 ], [ -6.848602635994897, 41.141445233860985 ], [ -6.848521120311474, 41.141459813611803 ], [ -6.848422099884949, 41.141480592777178 ], [ -6.848345037174477, 41.141498913753708 ], [ -6.848271031310399, 41.141519156938884 ], [ -6.848126864852481, 41.141564553684454 ], [ -6.848035079573464, 41.141592793898397 ], [ -6.847886182729613, 41.141630214851077 ], [ -6.847783803560189, 41.141651941936281 ], [ -6.84770932662327, 41.141659755637946 ], [ -6.847613037524047, 41.141656162562079 ], [ -6.847437535807043, 41.141622694716212 ], [ -6.847363148753082, 41.141601333196682 ], [ -6.847297025785866, 41.141577819163025 ], [ -6.847188391824159, 41.141535547649298 ], [ -6.847120823559967, 41.141506885038872 ], [ -6.847020225033657, 41.141455701679469 ], [ -6.846897817146589, 41.141398961365937 ], [ -6.846769383442156, 41.141358088189683 ], [ -6.846638117810657, 41.141334386482534 ], [ -6.846553380146749, 41.141330920642559 ], [ -6.846439028884748, 41.141331355858952 ], [ -6.84628034779868, 41.141339131071355 ], [ -6.846189667848511, 41.141353334859154 ], [ -6.846107435576719, 41.141368175916774 ], [ -6.846026444349315, 41.141379972089389 ], [ -6.845827029196229, 41.141394043659524 ], [ -6.845749185287553, 41.141397405551778 ], [ -6.84560080324133, 41.141390075301466 ], [ -6.845428800959377, 41.141372401598652 ], [ -6.845257230131557, 41.141351126319641 ], [ -6.845124120058179, 41.141329922513734 ], [ -6.844870624670291, 41.141252809980479 ], [ -6.844800115460314, 41.141222215953086 ], [ -6.8447357088072, 41.141184042959225 ], [ -6.844678306040624, 41.141134960568863 ], [ -6.844645182186104, 41.141092990168708 ], [ -6.844629570887546, 41.140995755788346 ], [ -6.844647225011833, 41.140915183761003 ], [ -6.844667537332751, 41.140863099838334 ], [ -6.844745547084364, 41.140741516635543 ], [ -6.844805388374998, 41.140647368260595 ], [ -6.844744679581509, 41.140535853175216 ], [ -6.8446881717976, 41.14049614416642 ], [ -6.844610647048023, 41.140440355494057 ], [ -6.844544329927189, 41.140390362940089 ], [ -6.844447856663124, 41.140317250769606 ], [ -6.844402701839827, 41.140287484015133 ], [ -6.844326502062775, 41.140219100626773 ], [ -6.844246120667743, 41.140145364276158 ], [ -6.844144818059438, 41.140051040864002 ], [ -6.844109625127894, 41.140005355467238 ], [ -6.844084876935809, 41.139961230309453 ], [ -6.844057922455366, 41.139871697060158 ], [ -6.844048802496814, 41.139826574463704 ], [ -6.844048718003839, 41.139617770101594 ], [ -6.844057049480453, 41.139556818206088 ], [ -6.844068924100974, 41.139497882363848 ], [ -6.844093361836514, 41.139429818290886 ], [ -6.84413475772577, 41.139328712534628 ], [ -6.844185538730198, 41.13922888862249 ], [ -6.844207434855224, 41.139175105406274 ], [ -6.844235682459494, 41.139119144933318 ], [ -6.844268556801296, 41.13905225301513 ], [ -6.844307397552792, 41.1389721891086 ], [ -6.844370485955683, 41.138846028042039 ], [ -6.84439329567105, 41.138788028480036 ], [ -6.844414893056345, 41.138724970347212 ], [ -6.844428541204207, 41.138636253405785 ], [ -6.844407993743727, 41.138486828145673 ], [ -6.844397885909783, 41.13840090500355 ], [ -6.844374604565283, 41.138312046792436 ], [ -6.844311867997813, 41.138115780997737 ], [ -6.844297576306094, 41.138066907054423 ], [ -6.84427140886009, 41.137955506252801 ], [ -6.844261492441912, 41.137890113701623 ], [ -6.844233902546784, 41.137820835301106 ], [ -6.844172230472083, 41.137734607039881 ], [ -6.844116224615025, 41.137668976026532 ], [ -6.844029733251912, 41.13752394592386 ], [ -6.843991325698863, 41.137435457681605 ], [ -6.843975170908521, 41.1373661253146 ], [ -6.843960738250251, 41.137300324722503 ], [ -6.843929835275765, 41.137132594244314 ], [ -6.84391305314107, 41.137058934672091 ], [ -6.84387616125314, 41.137002602620626 ], [ -6.843798127345331, 41.136936991406102 ], [ -6.843721579621007, 41.136892741018315 ], [ -6.843647415426119, 41.136860395485343 ], [ -6.843526693498458, 41.136833748688822 ], [ -6.843422230898432, 41.136803947799933 ], [ -6.843332762683923, 41.136738474761536 ], [ -6.843254365622751, 41.136691138356056 ], [ -6.843201327120494, 41.136644714374981 ], [ -6.843160729421695, 41.13658906632358 ], [ -6.843133869772877, 41.136519256482579 ], [ -6.843144967143314, 41.136463286059865 ], [ -6.843162005453419, 41.136389731411853 ], [ -6.843175913179561, 41.13630605889751 ], [ -6.843181457896606, 41.136253990794124 ], [ -6.843181300157164, 41.13620113489749 ], [ -6.843175118251884, 41.136139475746909 ], [ -6.84312148167739, 41.136007687857393 ], [ -6.843085076999604, 41.135969283686812 ], [ -6.842976496326274, 41.135906484827807 ], [ -6.842872108739392, 41.135854712449486 ], [ -6.842808663905217, 41.135828613748771 ], [ -6.842708169664882, 41.135797145887267 ], [ -6.842627261530691, 41.135768689554489 ], [ -6.842550168136944, 41.135728385978531 ], [ -6.842494503009043, 41.135681932238853 ], [ -6.842461132471784, 41.135622132983862 ], [ -6.842475385831746, 41.135484170527221 ], [ -6.842555113882253, 41.135384036831503 ], [ -6.842603020653733, 41.135327758545806 ], [ -6.842653740710381, 41.135267818271593 ], [ -6.842712564963817, 41.135207158396241 ], [ -6.842758469047241, 41.135162021805684 ], [ -6.842833805875383, 41.135097586841852 ], [ -6.842905234706337, 41.135037969372839 ], [ -6.842976273372356, 41.134943860836913 ], [ -6.843025056087627, 41.134830506105772 ], [ -6.843032064079425, 41.134758277969944 ], [ -6.843025330846046, 41.134700759916967 ], [ -6.843007019751015, 41.134632213607574 ], [ -6.842977934887073, 41.134554454267501 ], [ -6.84295439743449, 41.134503319189704 ], [ -6.842913927148357, 41.134441548766695 ], [ -6.842863240308303, 41.134372278712746 ], [ -6.842817019765906, 41.13431801089893 ] ] ] } },
{ "type": "Feature", "properties": { "dtmnfr": "040916", "freguesia": "Torre de Moncorvo", "municipio": "Torre de Moncorvo", "distrito_i": "Bragança", "nuts3_cod": "11D", "nuts3": "Douro", "nuts2": "Norte", "nuts1": "Continente", "area_ha": 3608.36, "perimetro_": 27, "designacao": "Torre de Moncorvo" }, "geometry": { "type": "Polygon", "coordinates": [ [ [ -7.112854512962283, 41.176105393367372 ], [ -7.111211908364143, 41.176793986995897 ], [ -7.110242416731916, 41.177379399617472 ], [ -7.109969120529271, 41.17810279398627 ], [ -7.109695541520717, 41.17892847416207 ], [ -7.109681155334201, 41.178972286626859 ], [ -7.109511119038772, 41.179484551083718 ], [ -7.10861088103302, 41.181192292290348 ], [ -7.108090960218949, 41.182536210327648 ], [ -7.107504373263134, 41.183828219103169 ], [ -7.105691126981392, 41.186134419880815 ], [ -7.104471696625505, 41.187302729190023 ], [ -7.102477712774519, 41.188881808136706 ], [ -7.101041247303752, 41.190102707302295 ], [ -7.100313698210945, 41.190998314003089 ], [ -7.098950304145186, 41.19370856753261 ], [ -7.098276297030451, 41.19821643314355 ], [ -7.098230819583645, 41.198455534248602 ], [ -7.098137380960302, 41.198855915695667 ], [ -7.098103998036253, 41.198916661836414 ], [ -7.09800960067227, 41.199089685747353 ], [ -7.097553631052778, 41.199611698232857 ], [ -7.096269966123169, 41.200586923846494 ], [ -7.095440695564726, 41.201124576400744 ], [ -7.094613104286844, 41.201539689249643 ], [ -7.09429997631374, 41.201687329205377 ], [ -7.092748389843766, 41.202274638578992 ], [ -7.09224315844129, 41.202379032688754 ], [ -7.091595300825952, 41.202448551111267 ], [ -7.091135158553315, 41.202453670757166 ], [ -7.090228210782081, 41.202389201993434 ], [ -7.089534934547475, 41.202195022465652 ], [ -7.089063349741361, 41.202124934891891 ], [ -7.088429176691849, 41.202128474745408 ], [ -7.08768040870455, 41.20229078849097 ], [ -7.086866734240045, 41.20262187508964 ], [ -7.086271541054878, 41.203037594656429 ], [ -7.085760397909097, 41.203617675848108 ], [ -7.085157089616184, 41.204586884116878 ], [ -7.084898955015958, 41.205493858144798 ], [ -7.08475995305565, 41.206129358071692 ], [ -7.084543164049751, 41.207134757685409 ], [ -7.084332797784388, 41.207728732886615 ], [ -7.084052589948208, 41.208224107593018 ], [ -7.083894253245797, 41.208598044394613 ], [ -7.083672791904913, 41.209543164557914 ], [ -7.08364533403053, 41.210173740064853 ], [ -7.083698110522011, 41.210527896842656 ], [ -7.083870070012615, 41.210765542447213 ], [ -7.084328682174506, 41.211264301370896 ], [ -7.084526355434678, 41.211624549526327 ], [ -7.084544690199875, 41.21188052122011 ], [ -7.084356342638649, 41.212356559948276 ], [ -7.083851095796105, 41.212897882035136 ], [ -7.083404291176901, 41.213138278277874 ], [ -7.083073484030443, 41.213245566834452 ], [ -7.082781103927839, 41.21326118396702 ], [ -7.081795385842252, 41.213252207370807 ], [ -7.080955384338568, 41.213235459760995 ], [ -7.080054433561814, 41.213227240981212 ], [ -7.079483092790306, 41.213194469178255 ], [ -7.078329870731586, 41.212990888548369 ], [ -7.077468919036625, 41.21277142054759 ], [ -7.07679373566905, 41.212656382669778 ], [ -7.076283119541946, 41.212614882326086 ], [ -7.075809245132268, 41.212564619350793 ], [ -7.075106488614313, 41.212355589354438 ], [ -7.074346088082661, 41.211935060860604 ], [ -7.073504817388097, 41.211265001767266 ], [ -7.072726296472205, 41.210690330228893 ], [ -7.07223135688071, 41.210446633307896 ], [ -7.071673328974882, 41.210322197293088 ], [ -7.071223233208209, 41.210299506224672 ], [ -7.070393624728372, 41.210402166438413 ], [ -7.069514065508705, 41.210577923675714 ], [ -7.068400872098966, 41.210926470951151 ], [ -7.067563644208697, 41.211130604677258 ], [ -7.067030735358664, 41.211199964884678 ], [ -7.065963009343585, 41.211169838814918 ], [ -7.065507634767316, 41.211148696306296 ], [ -7.064510752145782, 41.211021879306365 ], [ -7.063649687515482, 41.210799514866068 ], [ -7.062705930854684, 41.210588175198851 ], [ -7.061958308392571, 41.210392419734845 ], [ -7.061195896248243, 41.210007170125259 ], [ -7.060808868133223, 41.20961190110949 ], [ -7.060407181999209, 41.209040914349984 ], [ -7.060038966667476, 41.208618803872618 ], [ -7.059691603096709, 41.208417215943967 ], [ -7.059246683161387, 41.208305027414205 ], [ -7.059085657827766, 41.208330814331752 ], [ -7.059137672255172, 41.208022099664831 ], [ -7.058117326901, 41.206605450607881 ], [ -7.058144378667283, 41.206547805887453 ], [ -7.058114172041426, 41.206499622086966 ], [ -7.057992434109636, 41.20644896838828 ], [ -7.057925103798454, 41.206439696697444 ], [ -7.057663285638412, 41.206461659168212 ], [ -7.057466568622393, 41.206461265127118 ], [ -7.057147121473968, 41.206398050454588 ], [ -7.057024624431019, 41.206328294548165 ], [ -7.056988431998778, 41.206281225949006 ], [ -7.056972949927396, 41.206134498125088 ], [ -7.057004521279715, 41.205938954899516 ], [ -7.056978926583949, 41.205841923436296 ], [ -7.056924846917473, 41.205795229696726 ], [ -7.056865002992452, 41.205765767227923 ], [ -7.056606055782558, 41.205699422113966 ], [ -7.056354731419805, 41.20566331233394 ], [ -7.05603190077997, 41.205698029342628 ], [ -7.055907357503403, 41.205680565126265 ], [ -7.055648076850478, 41.205591166046133 ], [ -7.055588263162782, 41.205559906879806 ], [ -7.055552103229049, 41.205510945469484 ], [ -7.055601771155915, 41.205368427830521 ], [ -7.05560304112745, 41.205268853464368 ], [ -7.055580060882929, 41.20517211627314 ], [ -7.055559479636383, 41.205016871268874 ], [ -7.055454747588036, 41.204655737939511 ], [ -7.055407262364578, 41.204505106926739 ], [ -7.055400166002249, 41.204458037301315 ], [ -7.055419337945836, 41.204408425849707 ], [ -7.055608787163004, 41.204167892939459 ], [ -7.055712724777876, 41.204030833472132 ], [ -7.055779983788665, 41.203840399295288 ], [ -7.055784136919772, 41.203790642761824 ], [ -7.055752481024695, 41.203692386459693 ], [ -7.055667414359927, 41.203543024652909 ], [ -7.055651485962234, 41.203445810483494 ], [ -7.055677651887027, 41.203398246223216 ], [ -7.055728494629016, 41.203365766007515 ], [ -7.055667300436531, 41.203346105651768 ], [ -7.055612868608869, 41.203328399401741 ], [ -7.055489818783691, 41.203307532557645 ], [ -7.055217667063625, 41.203298505131961 ], [ -7.055015760277954, 41.203317509014319 ], [ -7.05480359059186, 41.203307335887679 ], [ -7.054527147104828, 41.203284219339942 ], [ -7.054269670655771, 41.203238235628213 ], [ -7.054149341470693, 41.203196501522207 ], [ -7.053987545676389, 41.20304480237229 ], [ -7.053761978751045, 41.202689015236359 ], [ -7.053709563050675, 41.202591998130998 ], [ -7.053642545849306, 41.202382301829651 ], [ -7.053623773315101, 41.202167377066857 ], [ -7.053671028326343, 41.202011960796206 ], [ -7.053809573677898, 41.201807604776789 ], [ -7.053861156134878, 41.201664561899356 ], [ -7.053875508625977, 41.201356040183875 ], [ -7.053815811466322, 41.201158201621944 ], [ -7.053762184351158, 41.201062350001386 ], [ -7.053676341114963, 41.200960793906333 ], [ -7.053561750604737, 41.200860673626323 ], [ -7.053493439239783, 41.200824291397836 ], [ -7.053297130288734, 41.200749338305805 ], [ -7.052969172657779, 41.200713046386348 ], [ -7.052637697362274, 41.200752710680995 ], [ -7.052431028977822, 41.200771574439685 ], [ -7.051987071849448, 41.200771379806682 ], [ -7.0516535238246, 41.200777799356345 ], [ -7.05132767615559, 41.200750614023804 ], [ -7.051119158661939, 41.200693464305672 ], [ -7.051053376422867, 41.200641074387327 ], [ -7.050986915843667, 41.200492151342509 ], [ -7.050964728481911, 41.200348150872365 ], [ -7.050912817736362, 41.200191535437909 ], [ -7.050768262872386, 41.199992898677756 ], [ -7.050624363899811, 41.199841181093994 ], [ -7.050603526771585, 41.199788855941122 ], [ -7.050598233970812, 41.199639157931259 ], [ -7.050488206243087, 41.199486770823782 ], [ -7.050299464276213, 41.199343457052869 ], [ -7.050047963946516, 41.199167498105318 ], [ -7.049852935555959, 41.199109119647154 ], [ -7.049650979967891, 41.199088043629104 ], [ -7.049440075289356, 41.199110828487285 ], [ -7.04931056501287, 41.199106547351697 ], [ -7.048988312216137, 41.199057060865876 ], [ -7.048851170816222, 41.199016692742759 ], [ -7.048602118337291, 41.198873081136341 ], [ -7.048357701228047, 41.198672693136409 ], [ -7.048130125441864, 41.198462922541552 ], [ -7.04793053980273, 41.198341470038812 ], [ -7.047739320060242, 41.198262510791736 ], [ -7.04741036135547, 41.198128318078119 ], [ -7.047090585924064, 41.197907499671246 ], [ -7.046959685964302, 41.197828653278158 ], [ -7.046681809580654, 41.197720237326116 ], [ -7.046424748428842, 41.197679553347349 ], [ -7.046290361590255, 41.197689271012578 ], [ -7.046025838218886, 41.197739361763631 ], [ -7.045742557926178, 41.197727148249037 ], [ -7.045617404782673, 41.197704540231172 ], [ -7.045352188769717, 41.197630906450939 ], [ -7.045086849088984, 41.197478399408908 ], [ -7.044967173443377, 41.197398483569074 ], [ -7.044871306601315, 41.197248475021787 ], [ -7.044771156641744, 41.197104820630109 ], [ -7.044656301147763, 41.197000185120523 ], [ -7.044288569923525, 41.196710298835725 ], [ -7.044169231122181, 41.196610130604974 ], [ -7.044047132595436, 41.196532712044096 ], [ -7.04374201842225, 41.196291766442855 ], [ -7.043629353391808, 41.196141054087114 ], [ -7.043507328827851, 41.195908321964659 ], [ -7.043496894422345, 41.195724542995087 ], [ -7.043464243909407, 41.195630228439626 ], [ -7.043249921148099, 41.195298657915131 ], [ -7.043180555417183, 41.195146376684001 ], [ -7.043140675216492, 41.195100169196749 ], [ -7.043021796493984, 41.19485737809935 ], [ -7.042951211772598, 41.194599014049224 ], [ -7.042929523515066, 41.194447364075536 ], [ -7.042853762221875, 41.194206690845483 ], [ -7.042777293224695, 41.194102151233118 ], [ -7.042592578332902, 41.193940854696123 ], [ -7.042568930962111, 41.19383591293014 ], [ -7.042575885260176, 41.193667783764951 ], [ -7.042610458417003, 41.193559433325362 ], [ -7.042746381649459, 41.19335587411711 ], [ -7.042898716316889, 41.193154724739451 ], [ -7.042929624181745, 41.193044446827734 ], [ -7.042944029346879, 41.192779503882925 ], [ -7.042859812391107, 41.192624828981259 ], [ -7.042769136153976, 41.192521598193494 ], [ -7.042569327682579, 41.192372224192724 ], [ -7.042105908572048, 41.192082774331155 ], [ -7.042031180795421, 41.192031734235712 ], [ -7.041944175290383, 41.191930605818065 ], [ -7.041912935989363, 41.191773014220139 ], [ -7.041934871031934, 41.191571170615667 ], [ -7.041894093309215, 41.191399169377149 ], [ -7.041806152790821, 41.19124688680769 ], [ -7.041724427826881, 41.191143468986475 ], [ -7.041589824675921, 41.191058906065813 ], [ -7.041454941041159, 41.190998565903698 ], [ -7.041386995954044, 41.190984057254312 ], [ -7.040906183441739, 41.19098968081974 ], [ -7.040645297610065, 41.190994506729169 ], [ -7.040497218242158, 41.191032540790012 ], [ -7.04023867627467, 41.19111896170223 ], [ -7.0400206677582, 41.191168941751904 ], [ -7.039624314631677, 41.191170318415779 ], [ -7.03955002839904, 41.19115745835235 ], [ -7.039415361128669, 41.191084148333402 ], [ -7.039223141312976, 41.190837507907162 ], [ -7.039157731074396, 41.190806815514264 ], [ -7.039028135064241, 41.19080162252957 ], [ -7.038886615019861, 41.19080370127449 ], [ -7.038667569157934, 41.190736618107692 ], [ -7.038530409455396, 41.190648606657788 ], [ -7.038437679455477, 41.190540578048612 ], [ -7.038387887616556, 41.19048860478734 ], [ -7.037960422990421, 41.190138971463959 ], [ -7.037758797199235, 41.190035494619288 ], [ -7.037564896517727, 41.189983318932633 ], [ -7.037435442098619, 41.189969667940098 ], [ -7.037372288964897, 41.189939534454531 ], [ -7.03736031490984, 41.189742501395543 ], [ -7.03738047247317, 41.189648692018103 ], [ -7.037508587868128, 41.189398877074012 ], [ -7.037583320734664, 41.189298646485945 ], [ -7.037614255673803, 41.189251941978739 ], [ -7.037664194743174, 41.189051446928381 ], [ -7.037653523399378, 41.188997952800094 ], [ -7.037448207531782, 41.18888705242275 ], [ -7.037324509628244, 41.188799796091118 ], [ -7.037221076591381, 41.188705084375862 ], [ -7.037086660183485, 41.18861718734113 ], [ -7.036679176731919, 41.188457457948857 ], [ -7.036564551580459, 41.18836182511027 ], [ -7.036501429014523, 41.188258759877527 ], [ -7.036413725827476, 41.188157173107669 ], [ -7.036141843618724, 41.187999898230686 ], [ -7.035778709890358, 41.187961779037245 ], [ -7.035653182406076, 41.18791979509156 ], [ -7.035650637797138, 41.187979740972686 ], [ -7.035636026746477, 41.188026872451992 ], [ -7.035501508223509, 41.188230973449002 ], [ -7.035236399055766, 41.188518562618206 ], [ -7.03513789891626, 41.188685909579434 ], [ -7.035034396220197, 41.188924343974378 ], [ -7.034927827365627, 41.18908936547561 ], [ -7.034759007322205, 41.189448997892463 ], [ -7.034661341734085, 41.189609329161577 ], [ -7.034448352048733, 41.18998691535851 ], [ -7.034367631006736, 41.190088793029602 ], [ -7.034326998734796, 41.190137657853512 ], [ -7.034100011459323, 41.190347266811919 ], [ -7.033691952115768, 41.190599996250846 ], [ -7.033351799535885, 41.190826628732985 ], [ -7.027621349085846, 41.1901978646125 ], [ -7.020790929854548, 41.18982554349148 ], [ -7.02021441040231, 41.189816653622202 ], [ -7.019867600901804, 41.189771798883584 ], [ -7.019311096731188, 41.189622722114756 ], [ -7.017559264336258, 41.185184644564828 ], [ -7.017585448389967, 41.185088103062384 ], [ -7.017578162040985, 41.184898948754572 ], [ -7.017559270182624, 41.184853206727993 ], [ -7.01755077636744, 41.184806121163518 ], [ -7.017553146309842, 41.184708272981837 ], [ -7.017552076932472, 41.184616509779055 ], [ -7.01746296961688, 41.184424043476255 ], [ -7.017430395449373, 41.184327744921781 ], [ -7.017354262893354, 41.184135940871279 ], [ -7.017226529994133, 41.183937158322223 ], [ -7.017169984239582, 41.183841799743767 ], [ -7.017054134816934, 41.183644932973131 ], [ -7.016928422656453, 41.183503073888751 ], [ -7.018189470185657, 41.178935360981981 ], [ -7.017938894974735, 41.178003092309083 ], [ -7.01809027911362, 41.172072239596865 ], [ -7.021135605342599, 41.167567093879022 ], [ -7.021198692483321, 41.167578145976215 ], [ -7.021645031468641, 41.167628278175336 ], [ -7.021831216031103, 41.167631510081577 ], [ -7.022212848718163, 41.167632663460196 ], [ -7.022464029463408, 41.167597355933118 ], [ -7.023099829335547, 41.167541255174882 ], [ -7.023227589301507, 41.16753969066523 ], [ -7.023288903052245, 41.167528753515569 ], [ -7.023544886415357, 41.167469902649465 ], [ -7.023670931891165, 41.167463729016013 ], [ -7.023733479364251, 41.1674640577939 ], [ -7.023925344145966, 41.167455819323564 ], [ -7.024183574133838, 41.167397521716317 ], [ -7.024373387879625, 41.167376568706317 ], [ -7.02468368510406, 41.167325793542183 ], [ -7.026323895582587, 41.166903939980038 ], [ -7.026702948386347, 41.166817532463647 ], [ -7.026956358443085, 41.166804926981243 ], [ -7.027079523572009, 41.166807184944339 ], [ -7.02958393604225, 41.166669360783395 ], [ -7.029803416544425, 41.166662186580645 ], [ -7.029992393438471, 41.166626534111515 ], [ -7.030057045531835, 41.166615358802041 ], [ -7.030377462798822, 41.166578803501217 ], [ -7.030631978582877, 41.166521537230956 ], [ -7.030952377778001, 41.166421952010772 ], [ -7.031079320151596, 41.166362022268814 ], [ -7.032548235434267, 41.165955102769168 ], [ -7.032799203221157, 41.165889153800428 ], [ -7.033442143156182, 41.165760762519056 ], [ -7.033715660904146, 41.16574986393487 ], [ -7.034111571095859, 41.165722752853554 ], [ -7.034360906413294, 41.165697031650637 ], [ -7.034556664756375, 41.165704837276017 ], [ -7.0350242926334, 41.165728648470534 ], [ -7.035288668926388, 41.165730082018747 ], [ -7.035669289084421, 41.165705521978531 ], [ -7.035991687271936, 41.165642766917387 ], [ -7.036131283996082, 41.165595378754148 ], [ -7.036324352739443, 41.165499881726561 ], [ -7.036662216672222, 41.165287802218536 ], [ -7.036989210582433, 41.165127488480756 ], [ -7.03747663757894, 41.164920521590759 ], [ -7.037684414892525, 41.164828757540555 ], [ -7.037817622175853, 41.164771496519812 ], [ -7.038011815654719, 41.164693742814684 ], [ -7.038341130844628, 41.164522373064059 ], [ -7.038506981177281, 41.164443806147361 ], [ -7.038599189392626, 41.164294135683491 ], [ -7.038727856528518, 41.164151291873907 ], [ -7.03874318233136, 41.164103622731567 ], [ -7.038667487141936, 41.163905175789658 ], [ -7.038674639617891, 41.163854552158242 ], [ -7.038798889029809, 41.163662140713903 ], [ -7.038901607046485, 41.163510588026028 ], [ -7.03899522435015, 41.163362097540862 ], [ -7.039073406690468, 41.163267483500952 ], [ -7.039144163272605, 41.163174961671487 ], [ -7.039252123436839, 41.163023549387987 ], [ -7.039311692833395, 41.16293037824871 ], [ -7.039386984523065, 41.162837361784192 ], [ -7.039566079284057, 41.162699763556887 ], [ -7.039594907719245, 41.162649974151861 ], [ -7.039582344595086, 41.162552522618633 ], [ -7.039541246270348, 41.162401588268523 ], [ -7.039514908773098, 41.162193702287539 ], [ -7.039445145259098, 41.161845576545062 ], [ -7.039413233041076, 41.161700846788513 ], [ -7.039307888915334, 41.161342924186812 ], [ -7.039303935059641, 41.161200805488626 ], [ -7.039320169151462, 41.161055450626165 ], [ -7.039275499811805, 41.160961296688768 ], [ -7.039183352002667, 41.160856604430471 ], [ -7.038995450994831, 41.160721204146526 ], [ -7.03878936558481, 41.160626147703496 ], [ -7.038651534557433, 41.160581983626621 ], [ -7.038309183339808, 41.160484820088691 ], [ -7.0382419883804, 41.160470406776291 ], [ -7.038112035638698, 41.160446935575116 ], [ -7.037978509978368, 41.160394976204984 ], [ -7.03792170664651, 41.160342930476709 ], [ -7.037846339291086, 41.160196530960796 ], [ -7.037783282766566, 41.160155414376526 ], [ -7.03740032890486, 41.159971065481024 ], [ -7.037164436735377, 41.159784242080789 ], [ -7.036650051217968, 41.159279093072819 ], [ -7.036466367483364, 41.159019647841497 ], [ -7.036388184111905, 41.158770664925605 ], [ -7.036386034011103, 41.158677809730214 ], [ -7.036446592488812, 41.158482280190398 ], [ -7.036593655840793, 41.158286124532886 ], [ -7.036708511988295, 41.158185379955974 ], [ -7.036971875689395, 41.158037693653789 ], [ -7.037250007647515, 41.15792670506675 ], [ -7.037582353780722, 41.157800109531614 ], [ -7.037643610766187, 41.157784666565213 ], [ -7.037767015118092, 41.157757113339699 ], [ -7.037892967821239, 41.157727335873929 ], [ -7.038219823981379, 41.157637335937835 ], [ -7.038538008492665, 41.157603256768958 ], [ -7.038736536152533, 41.157564349926176 ], [ -7.038865645072732, 41.157501917160872 ], [ -7.039183569178692, 41.157347090563327 ], [ -7.03943536286802, 41.157271861370141 ], [ -7.039560995796416, 41.157217857827703 ], [ -7.039827875996846, 41.15708757186605 ], [ -7.040077591245388, 41.156979366279153 ], [ -7.04020116788587, 41.156955776603432 ], [ -7.040295961511712, 41.156943708258943 ], [ -7.040357833204436, 41.156941235675511 ], [ -7.040553877761534, 41.156929853979037 ], [ -7.040760203458556, 41.156902271913509 ], [ -7.041022625689631, 41.156882789393585 ], [ -7.041219170151405, 41.156862948286111 ], [ -7.041404036149002, 41.156872077809957 ], [ -7.041954425638483, 41.156865760847921 ], [ -7.041967744712921, 41.156867506878783 ], [ -7.042352218940523, 41.156873118723148 ], [ -7.043032398069143, 41.156921507742865 ], [ -7.043574325293181, 41.15697290430802 ], [ -7.043701891148983, 41.156996261227206 ], [ -7.043901682519634, 41.157025156102293 ], [ -7.044371221054386, 41.157023734692388 ], [ -7.044630873396745, 41.157013218331677 ], [ -7.044823883329808, 41.1569835267236 ], [ -7.045019715088015, 41.156956377214435 ], [ -7.045349145616581, 41.156918964757828 ], [ -7.045686438185829, 41.156852900483997 ], [ -7.046327584027895, 41.15673234435004 ], [ -7.04671314069757, 41.156607667803641 ], [ -7.046925704589344, 41.156562393502242 ], [ -7.046995977336232, 41.156549012388595 ], [ -7.047656355043479, 41.156418179046511 ], [ -7.047844485523615, 41.156359173721661 ], [ -7.048309372403961, 41.156191026992218 ], [ -7.048571782377998, 41.156114167858128 ], [ -7.048970894380299, 41.156026164692847 ], [ -7.049178590369048, 41.1559800354242 ], [ -7.049312629905559, 41.155936001301278 ], [ -7.049639486751568, 41.155822557105218 ], [ -7.049966614450676, 41.155714518827672 ], [ -7.050216161540174, 41.155506702523155 ], [ -7.05152607123982, 41.155155491563406 ], [ -7.056069502419074, 41.157061470524454 ], [ -7.060797444873615, 41.158765846116559 ], [ -7.060822751316343, 41.158740778195437 ], [ -7.060865995292335, 41.15871191722615 ], [ -7.061046245519817, 41.158646331270226 ], [ -7.061170578995045, 41.158597967352449 ], [ -7.061313328518001, 41.158523298804099 ], [ -7.061381869507514, 41.158469907063804 ], [ -7.061581355926822, 41.158320131950333 ], [ -7.062095900903657, 41.158020301191002 ], [ -7.06259094137051, 41.157820587025903 ], [ -7.062772121386947, 41.157712240757888 ], [ -7.06308477086846, 41.157468066710884 ], [ -7.063391079181064, 41.157217710064188 ], [ -7.063572853746121, 41.157050841791808 ], [ -7.063797312601223, 41.156793239142758 ], [ -7.063883575374838, 41.15673380293584 ], [ -7.064004447807735, 41.156670726086503 ], [ -7.064199491409893, 41.156537197277956 ], [ -7.064326855812547, 41.156463282578855 ], [ -7.064610249709444, 41.156391623002136 ], [ -7.064751051931261, 41.156340886789152 ], [ -7.065012935322614, 41.156214459567124 ], [ -7.065271417213898, 41.156025516610079 ], [ -7.065331945052996, 41.155988436692958 ], [ -7.065541352405558, 41.155842887603868 ], [ -7.065812101504964, 41.15569826763651 ], [ -7.06594023936891, 41.155642632282223 ], [ -7.066350790037608, 41.15549443861206 ], [ -7.066616776483986, 41.15543044647719 ], [ -7.066813403442973, 41.155404710588627 ], [ -7.067012440837903, 41.155325785570099 ], [ -7.067128232957641, 41.15523033157708 ], [ -7.067205358170627, 41.155139109963891 ], [ -7.067341708960909, 41.154994865063408 ], [ -7.067644812420975, 41.154757071314549 ], [ -7.067773643426303, 41.154665701815397 ], [ -7.067841292199324, 41.15462247264157 ], [ -7.068103395010905, 41.154459396926477 ], [ -7.068430140766576, 41.154298986427406 ], [ -7.068560603561481, 41.154268406651212 ], [ -7.068838007801319, 41.154286451144209 ], [ -7.074225156637929, 41.154520855772773 ], [ -7.075520639428438, 41.154971142438868 ], [ -7.079957077325125, 41.155853865497129 ], [ -7.086365814449559, 41.156285834403505 ], [ -7.088467172992685, 41.156184309511552 ], [ -7.093820090689355, 41.155294492985625 ], [ -7.097030523818872, 41.154760961881678 ], [ -7.106060298179927, 41.153005993437439 ], [ -7.114103724112844, 41.153709644234752 ], [ -7.11417438924951, 41.153715938437941 ], [ -7.114126362713308, 41.153979338454569 ], [ -7.114121325224447, 41.154135690552017 ], [ -7.114119539078624, 41.15418186900029 ], [ -7.114079182842708, 41.154650267022319 ], [ -7.114059675038051, 41.155164770865483 ], [ -7.114010013813569, 41.155680356696152 ], [ -7.114022814168909, 41.156201268252865 ], [ -7.114047478701335, 41.156725073333789 ], [ -7.114068906537451, 41.157072818596284 ], [ -7.114097992605402, 41.157210660947804 ], [ -7.114190959596629, 41.157724717159198 ], [ -7.114334699656568, 41.158229583376624 ], [ -7.114347717475072, 41.158281471739365 ], [ -7.114438755012112, 41.158535020173453 ], [ -7.114474707962795, 41.158737298616373 ], [ -7.11449504059493, 41.158886408700887 ], [ -7.114503748159814, 41.159749079283522 ], [ -7.114470995686261, 41.160273005564768 ], [ -7.114322783785316, 41.160781784780859 ], [ -7.114228707849959, 41.161087092367197 ], [ -7.114119129112264, 41.161292947390855 ], [ -7.11406779118372, 41.161338687374268 ], [ -7.113930185986394, 41.161577160424756 ], [ -7.113836777552537, 41.161785139167797 ], [ -7.113747885695862, 41.162093737286497 ], [ -7.113636416709182, 41.162298498176433 ], [ -7.113371514739838, 41.162809661011551 ], [ -7.113177217894342, 41.163315777611388 ], [ -7.112966428035979, 41.163825253978267 ], [ -7.112953329092254, 41.164017288170172 ], [ -7.112921679172527, 41.16416863560179 ], [ -7.112921609717441, 41.164311618740008 ], [ -7.11287703853279, 41.164812576011364 ], [ -7.112863569101653, 41.165082307579567 ], [ -7.112839699211511, 41.165200230116156 ], [ -7.112841137388114, 41.1653538524208 ], [ -7.112900346331842, 41.165685548953228 ], [ -7.112895448201766, 41.165909526022595 ], [ -7.112899717270567, 41.166111253915744 ], [ -7.11297785168427, 41.166474719985466 ], [ -7.113049355399928, 41.166743496915522 ], [ -7.113080829172778, 41.167019749307947 ], [ -7.113082230134644, 41.16733706363042 ], [ -7.113129059865828, 41.167606789789744 ], [ -7.113218223190986, 41.167935419771553 ], [ -7.113287383834129, 41.168302047568339 ], [ -7.113351377554036, 41.168732825742907 ], [ -7.113413848363967, 41.16900773165645 ], [ -7.113482352669017, 41.169370483469535 ], [ -7.113511125070948, 41.169721086214849 ], [ -7.113506606724596, 41.170444887433121 ], [ -7.113507706886942, 41.171120562367683 ], [ -7.113503828156025, 41.17120210224877 ], [ -7.113490431737665, 41.171567462178615 ], [ -7.113402620128636, 41.171943776825842 ], [ -7.113240907799387, 41.172699230277459 ], [ -7.113124302935793, 41.173426900738676 ], [ -7.113003946624237, 41.174173445613206 ], [ -7.112935494821057, 41.17484643758101 ], [ -7.112805302453044, 41.17545855634755 ], [ -7.112774073753834, 41.17588966483811 ], [ -7.112785670426168, 41.175979809248396 ], [ -7.112854512962283, 41.176105393367372 ] ] ] } },
{ "type": "Feature", "properties": { "dtmnfr": "040918", "freguesia": "União das freguesias de Adeganha e Cardanha", "municipio": "Torre de Moncorvo", "distrito_i": "Bragança", "nuts3_cod": "11D", "nuts3": "Douro", "nuts2": "Norte", "nuts1": "Continente", "area_ha": 6445.79, "perimetro_": 41, "designacao": "Adeganha e Cardanha" }, "geometry": { "type": "Polygon", "coordinates": [ [ [ -7.089510881272716, 41.273870053260637 ], [ -7.08909766241076, 41.274592838126694 ], [ -7.088865999505028, 41.274878598635894 ], [ -7.088823113706826, 41.274971038219583 ], [ -7.088804224133593, 41.275078105489364 ], [ -7.088793587663065, 41.275394227928594 ], [ -7.088816844103291, 41.275597925857213 ], [ -7.088819453198453, 41.275644047338631 ], [ -7.088843262839026, 41.275910690976914 ], [ -7.088893293203894, 41.27611174866599 ], [ -7.088976232702436, 41.276622576094411 ], [ -7.089106439416791, 41.277133914945573 ], [ -7.089221646447427, 41.277679695666528 ], [ -7.089271352446733, 41.277909201046484 ], [ -7.089289474755505, 41.278173001685218 ], [ -7.089217316528297, 41.278394924502301 ], [ -7.089077729855538, 41.278593727535934 ], [ -7.088978270425804, 41.278678636284774 ], [ -7.088730860529084, 41.278962538189298 ], [ -7.088661786877108, 41.279065457510526 ], [ -7.088436730357735, 41.279354880233406 ], [ -7.088396064170491, 41.279420325918984 ], [ -7.088322873974894, 41.279474227704327 ], [ -7.088276285282603, 41.27952161969494 ], [ -7.088017334009357, 41.279690615151786 ], [ -7.087829627442689, 41.279770220574044 ], [ -7.087450596511609, 41.27993173776963 ], [ -7.087326257350031, 41.280011916157065 ], [ -7.085579107234254, 41.280862690420882 ], [ -7.084807077269558, 41.281229338124461 ], [ -7.084548405990669, 41.281379783603199 ], [ -7.084421826502616, 41.281435180120496 ], [ -7.084299005068035, 41.281465036687855 ], [ -7.084238073701781, 41.281476004830495 ], [ -7.083920153133112, 41.281599168041183 ], [ -7.083656973373555, 41.281658362632342 ], [ -7.083005993519177, 41.281686651960804 ], [ -7.082544533404314, 41.281739359264812 ], [ -7.082417795410488, 41.281804562874058 ], [ -7.082383472273999, 41.28182369551142 ], [ -7.082356070213168, 41.281835511640502 ], [ -7.082238499584529, 41.281962205972846 ], [ -7.082150138773379, 41.282292024152419 ], [ -7.082144116519989, 41.282429818514998 ], [ -7.082108422458532, 41.282892026865255 ], [ -7.082121484186552, 41.283358997739654 ], [ -7.082154905122185, 41.283828583732316 ], [ -7.082131424257641, 41.28415449031835 ], [ -7.082096705357744, 41.284294904805115 ], [ -7.081977287077268, 41.284767873604757 ], [ -7.081865052805101, 41.285045343894637 ], [ -7.081748293265056, 41.285232551855138 ], [ -7.081399955700505, 41.285688213068717 ], [ -7.081391416281215, 41.285714876893685 ], [ -7.080957265298275, 41.286384857000442 ], [ -7.080893041863978, 41.286459907949634 ], [ -7.080852683603649, 41.28650491642334 ], [ -7.080811785320725, 41.28654668121159 ], [ -7.080751064690854, 41.286611136694319 ], [ -7.08070877010367, 41.286665945360781 ], [ -7.080667622814418, 41.286723192875883 ], [ -7.080617741697774, 41.286781805659153 ], [ -7.080472286146373, 41.286919498965624 ], [ -7.080396195002611, 41.286989484406945 ], [ -7.080342033235745, 41.287062099635222 ], [ -7.080283807974755, 41.287134412053398 ], [ -7.080231971617141, 41.28720344690192 ], [ -7.08014910126064, 41.287368724175089 ], [ -7.080123678957276, 41.287442773602308 ], [ -7.080098907616025, 41.287543299793974 ], [ -7.080087641727691, 41.287620543667884 ], [ -7.080070351858272, 41.28770114854337 ], [ -7.080047265895365, 41.287785936765296 ], [ -7.080034811122505, 41.287847950318877 ], [ -7.080032226055221, 41.287890153556873 ], [ -7.080022927578931, 41.287956245975558 ], [ -7.07999670261609, 41.288057840215522 ], [ -7.079942697119366, 41.288217076797622 ], [ -7.079919448672638, 41.288289974638488 ], [ -7.079914118437689, 41.288302081247842 ], [ -7.079833872155962, 41.288765050359054 ], [ -7.07954416824589, 41.289581487820385 ], [ -7.079140820260047, 41.29104427187788 ], [ -7.079137294659003, 41.291100509065636 ], [ -7.079126085803972, 41.291292909709156 ], [ -7.079122023809023, 41.291359773881013 ], [ -7.079143342414625, 41.29148944540097 ], [ -7.079187980495083, 41.291593934707436 ], [ -7.079221367631796, 41.291700758362502 ], [ -7.079376989319958, 41.291971485773992 ], [ -7.079476615564932, 41.292183178170916 ], [ -7.079505820023589, 41.292267538141623 ], [ -7.079521787867436, 41.292366187814807 ], [ -7.079529839788371, 41.292466746805189 ], [ -7.079543587679087, 41.292584730202293 ], [ -7.079550168296752, 41.292688068754714 ], [ -7.079543150350615, 41.292797763001225 ], [ -7.079487794190237, 41.292973911641461 ], [ -7.079427099493904, 41.293125614205714 ], [ -7.079366745639713, 41.293241210307094 ], [ -7.079288033908901, 41.293355019390845 ], [ -7.079163215801893, 41.29346309842083 ], [ -7.07907909496804, 41.293541925103781 ], [ -7.078990046478017, 41.293608098330338 ], [ -7.078972722511514, 41.293616403416983 ], [ -7.078307776625812, 41.293993801168369 ], [ -7.077633254339637, 41.294342383643652 ], [ -7.077190316713511, 41.294625370609289 ], [ -7.076651724263282, 41.295109981796642 ], [ -7.076156389537226, 41.29577677690483 ], [ -7.076097084594865, 41.295885900690763 ], [ -7.0760261002047, 41.295986630830008 ], [ -7.075966154749795, 41.296121051619586 ], [ -7.075918562053924, 41.296221996518014 ], [ -7.075893210908116, 41.296365196923411 ], [ -7.075879045878592, 41.296525514865863 ], [ -7.075933283023638, 41.296745437962116 ], [ -7.076032943745918, 41.296999542171932 ], [ -7.076028617601276, 41.297149233948375 ], [ -7.0760038240744, 41.297391571372209 ], [ -7.075928415615975, 41.297625524925962 ], [ -7.075902527851529, 41.297661302128468 ], [ -7.075869904014845, 41.297692786489137 ], [ -7.075829222437894, 41.297720864458306 ], [ -7.075792711975534, 41.297786077976575 ], [ -7.075767650916974, 41.297881469009077 ], [ -7.075757752958607, 41.297984383478273 ], [ -7.075760638091015, 41.298086873332416 ], [ -7.075797638574647, 41.298221009469678 ], [ -7.075847636372449, 41.298356256313916 ], [ -7.075886403487538, 41.298499234332944 ], [ -7.075923501840818, 41.298627339563325 ], [ -7.075947738813857, 41.298745781550664 ], [ -7.075954572431429, 41.298995704382875 ], [ -7.07592861196938, 41.299147361957921 ], [ -7.075897640067239, 41.299261334215188 ], [ -7.075868642381368, 41.299415846942466 ], [ -7.075849339699318, 41.299546765579947 ], [ -7.075815022702859, 41.299876172864799 ], [ -7.07580777459139, 41.300044387686356 ], [ -7.075800060049687, 41.300174875208796 ], [ -7.075794018610732, 41.300341928788917 ], [ -7.07578408619744, 41.300499136803118 ], [ -7.075773763299427, 41.300606007267113 ], [ -7.075746852441586, 41.300742441129188 ], [ -7.075696851856154, 41.3008816323727 ], [ -7.075618135090851, 41.301165346193471 ], [ -7.075520920549889, 41.301196236993313 ], [ -7.075152507954614, 41.301274701864045 ], [ -7.074686437698676, 41.301463200898482 ], [ -7.074240852048934, 41.301655126104635 ], [ -7.074121688045251, 41.30191405971037 ], [ -7.074034190011925, 41.30203112010976 ], [ -7.073969549112788, 41.302152349808999 ], [ -7.073885972815236, 41.302285198605084 ], [ -7.073802983897945, 41.302411390712166 ], [ -7.07371814527146, 41.30253351665035 ], [ -7.073619454608668, 41.302663162981439 ], [ -7.073520845466867, 41.302788044178612 ], [ -7.073395643120761, 41.302932665641301 ], [ -7.073004220673658, 41.30353988979823 ], [ -7.072778405028528, 41.303682237759006 ], [ -7.072658440774397, 41.303760996771459 ], [ -7.072527411001349, 41.303830476862288 ], [ -7.072341411541739, 41.303917090769687 ], [ -7.072126594604838, 41.303999213185236 ], [ -7.071942213524447, 41.304052081023073 ], [ -7.071783947341804, 41.304100143550606 ], [ -7.071013736661371, 41.30463463776784 ], [ -7.07102196262413, 41.304790030108713 ], [ -7.071058364838827, 41.305469616274358 ], [ -7.071157115487953, 41.305572630466784 ], [ -7.071246020272945, 41.305679242660403 ], [ -7.071310672507257, 41.305764292585629 ], [ -7.071400044375134, 41.305893961790773 ], [ -7.071470183171041, 41.305942687159821 ], [ -7.071513211141569, 41.305976581436006 ], [ -7.071579092818634, 41.306059931796142 ], [ -7.071592361098791, 41.306162426418524 ], [ -7.071559728927748, 41.3062603576954 ], [ -7.071486006936134, 41.306395912061902 ], [ -7.071418153530366, 41.306478841080981 ], [ -7.071337657763883, 41.30661279859013 ], [ -7.071246454706387, 41.306714421306616 ], [ -7.071117970684321, 41.306840103385738 ], [ -7.071019710654089, 41.306934908739905 ], [ -7.070929551213141, 41.307045817599061 ], [ -7.07088253389062, 41.307132541952335 ], [ -7.070805434535298, 41.30728489397351 ], [ -7.07075555692257, 41.307400678236711 ], [ -7.070720064846959, 41.307520192336526 ], [ -7.070665635443054, 41.307651686953683 ], [ -7.070614299351625, 41.307761509674243 ], [ -7.07051901796437, 41.3078865962515 ], [ -7.070421895242553, 41.307984747535002 ], [ -7.070315480470319, 41.308074612136011 ], [ -7.070200753852, 41.308161346639409 ], [ -7.070110919041453, 41.308266854553196 ], [ -7.07001296448886, 41.308394526252982 ], [ -7.06993980871658, 41.308487307930427 ], [ -7.069857287153719, 41.308650060069823 ], [ -7.069799868464809, 41.308737317240428 ], [ -7.069709604170312, 41.308876586568012 ], [ -7.069644023560568, 41.30898123590832 ], [ -7.069548519453157, 41.309119285274228 ], [ -7.069420221813275, 41.309166814636356 ], [ -7.069376701174131, 41.309177125326656 ], [ -7.069270133606633, 41.30918766904027 ], [ -7.069170237755601, 41.309184764802978 ], [ -7.069117702857464, 41.309176989575157 ], [ -7.069066118278919, 41.309162104587259 ], [ -7.069019025046287, 41.309142581747217 ], [ -7.068976179855841, 41.309119137326121 ], [ -7.068938876956741, 41.309092590949156 ], [ -7.06879687362586, 41.308968919677937 ], [ -7.068579799618806, 41.308798633798567 ], [ -7.068301685361851, 41.30866659074357 ], [ -7.068030770525203, 41.308554422324868 ], [ -7.067755965016129, 41.308446359073201 ], [ -7.067474368716682, 41.308323015620125 ], [ -7.067210519979525, 41.308188043363195 ], [ -7.067086806488708, 41.30810730541026 ], [ -7.06683261795325, 41.307972958392362 ], [ -7.066595912586719, 41.307820857656324 ], [ -7.066368635632555, 41.307639757457231 ], [ -7.066345792934857, 41.307597676482303 ], [ -7.066333096028585, 41.307556141535969 ], [ -7.066315648323772, 41.307476117490822 ], [ -7.066297701784671, 41.307434533883594 ], [ -7.06628503667782, 41.307412807014998 ], [ -7.066266740539063, 41.307392377643673 ], [ -7.0662408783206, 41.307374674765519 ], [ -7.066181287138678, 41.307345937327355 ], [ -7.066046693381378, 41.307310389965302 ], [ -7.065978507682338, 41.307303006646471 ], [ -7.065908385533867, 41.307304607481562 ], [ -7.065577955765426, 41.307343237846652 ], [ -7.065348727353646, 41.307333463595221 ], [ -7.065055403066931, 41.307263488886313 ], [ -7.064747305676343, 41.307184100437226 ], [ -7.064447935129213, 41.307082285017763 ], [ -7.064206941171193, 41.306937701967968 ], [ -7.063973703685196, 41.306778513122801 ], [ -7.063722930611791, 41.306640318364089 ], [ -7.063457896881423, 41.30651261699316 ], [ -7.063188579246767, 41.306391450775315 ], [ -7.062895195872841, 41.306303729534434 ], [ -7.062600763099883, 41.306214292438064 ], [ -7.062289406799271, 41.306152335669459 ], [ -7.061973949245103, 41.306122126537829 ], [ -7.061934405668572, 41.30611617428233 ], [ -7.060022709516867, 41.30567036084431 ], [ -7.059908623226622, 41.305666507726421 ], [ -7.059859457182863, 41.305664701396033 ], [ -7.059524111674794, 41.305653384880401 ], [ -7.059407599098127, 41.305637085885209 ], [ -7.059291988432334, 41.305609268329853 ], [ -7.059164738040138, 41.305563335054607 ], [ -7.059027168968217, 41.305491192992726 ], [ -7.058734543264197, 41.305313971665072 ], [ -7.058224490329517, 41.305063324286841 ], [ -7.058084914977414, 41.304997285948794 ], [ -7.057937587822727, 41.304923341593884 ], [ -7.057812847709328, 41.304862843873934 ], [ -7.057670820370936, 41.304786065624697 ], [ -7.057544316460934, 41.304716818201982 ], [ -7.057251168749296, 41.304571733226311 ], [ -7.057105841315455, 41.3044924032273 ], [ -7.056969018861547, 41.304418554033077 ], [ -7.056804712574706, 41.304331756609137 ], [ -7.056700933591308, 41.304267489250009 ], [ -7.056264692069441, 41.303929373855524 ], [ -7.056153651843472, 41.30384901373543 ], [ -7.056058227999464, 41.303755561128959 ], [ -7.056096682438965, 41.30311538521913 ], [ -7.055996505908321, 41.302926184168946 ], [ -7.055958164824096, 41.302869007724901 ], [ -7.055899152706763, 41.302783190724618 ], [ -7.055800659766525, 41.302666305195061 ], [ -7.055444829038279, 41.302318577483497 ], [ -7.055340380586763, 41.30222954354894 ], [ -7.0552492507169, 41.302165937151109 ], [ -7.055089708581358, 41.30208737097697 ], [ -7.054557489860215, 41.301894758897589 ], [ -7.054436696602231, 41.301841494957344 ], [ -7.054319466082668, 41.301775212150794 ], [ -7.054229422765953, 41.30171800523474 ], [ -7.054161856444316, 41.301651824913641 ], [ -7.054090414717056, 41.301574625199564 ], [ -7.053775604354699, 41.301165693394495 ], [ -7.053657429766798, 41.301047806597936 ], [ -7.053546633064536, 41.300974741233794 ], [ -7.053436433896223, 41.300916352411612 ], [ -7.053333977558443, 41.300881362665429 ], [ -7.05320552212722, 41.300843783373715 ], [ -7.053075438738027, 41.300833021348751 ], [ -7.05294798047399, 41.300829306896681 ], [ -7.052784330492906, 41.300841277859398 ], [ -7.051337449378314, 41.301175806691205 ], [ -7.051239362245831, 41.301215676299293 ], [ -7.051128081390882, 41.301266671339427 ], [ -7.05101871426325, 41.301338759815515 ], [ -7.050924617945492, 41.301412154173356 ], [ -7.05058982925893, 41.301715775177243 ], [ -7.05049119856991, 41.301788503454183 ], [ -7.050398502102844, 41.301841654348294 ], [ -7.05026064558828, 41.301896634909696 ], [ -7.050153979917818, 41.301920573220976 ], [ -7.04994902678165, 41.301946291329415 ], [ -7.049635050448661, 41.301936589570438 ], [ -7.049456696541505, 41.301934643131482 ], [ -7.04930323595693, 41.301943826498572 ], [ -7.049165103140623, 41.301957743322106 ], [ -7.04897605418638, 41.301989193719947 ], [ -7.048601253432694, 41.302090295998703 ], [ -7.048121081493565, 41.302246227424995 ], [ -7.047842708191197, 41.302321493509631 ], [ -7.047797650253205, 41.302288205139561 ], [ -7.047440633663643, 41.301971329651451 ], [ -7.047412209780436, 41.301949991400477 ], [ -7.047384320467189, 41.301925507702514 ], [ -7.047230996020755, 41.301717247775386 ], [ -7.04712981411341, 41.301475170057458 ], [ -7.047063274001764, 41.301253679804127 ], [ -7.046993633063519, 41.301003435837636 ], [ -7.046898543224005, 41.300775553384312 ], [ -7.046826414090613, 41.300689698894395 ], [ -7.046594257036259, 41.300512745444841 ], [ -7.046399983861885, 41.300326064775703 ], [ -7.046295763957254, 41.300108993992346 ], [ -7.046266178670476, 41.300006519770214 ], [ -7.04624706419394, 41.29998553924932 ], [ -7.046209713361977, 41.299876601578156 ], [ -7.046193328040069, 41.299849167574145 ], [ -7.046172491145538, 41.299824208135675 ], [ -7.046145293105243, 41.299801173994126 ], [ -7.046110197086132, 41.299779143033099 ], [ -7.046073267335538, 41.299759977809408 ], [ -7.046034716409085, 41.299744395242683 ], [ -7.045913229435408, 41.299712277807025 ], [ -7.045784356098619, 41.299671717691126 ], [ -7.044255058778126, 41.298051450669625 ], [ -7.040809243407438, 41.29394497717665 ], [ -7.040528415621218, 41.293610074758611 ], [ -7.040509848549943, 41.29357811633767 ], [ -7.040462925566828, 41.293506720616513 ], [ -7.040405819404818, 41.293444324908378 ], [ -7.040358726166182, 41.293376347231913 ], [ -7.040286941898708, 41.293277974550875 ], [ -7.040161229468837, 41.293141995259617 ], [ -7.038744372776606, 41.291525329182477 ], [ -7.037504948298896, 41.290461013261691 ], [ -7.035135674126297, 41.286713760761629 ], [ -7.035121492766396, 41.286691115568132 ], [ -7.034808351764893, 41.286300426272895 ], [ -7.03472805445642, 41.286241047855846 ], [ -7.034646897397479, 41.286183189151835 ], [ -7.034514570467683, 41.286087209947866 ], [ -7.034371952294989, 41.286007065785078 ], [ -7.034218609441531, 41.285940056699232 ], [ -7.034085038507523, 41.285904118902934 ], [ -7.033922737157433, 41.285866285891885 ], [ -7.033797767209123, 41.285822595539543 ], [ -7.033603394594405, 41.285775184400705 ], [ -7.033474274207421, 41.28573712925531 ], [ -7.033121858205772, 41.285618426645748 ], [ -7.033005071172457, 41.285578415217444 ], [ -7.032768090564688, 41.285494848794421 ], [ -7.032552457135407, 41.28540554876767 ], [ -7.032224816547437, 41.285304009552831 ], [ -7.032059741926466, 41.285267768109343 ], [ -7.031885613782712, 41.285223334443103 ], [ -7.031718729342002, 41.285180951596956 ], [ -7.03154874804114, 41.285174020817799 ], [ -7.031373177131098, 41.285165858569236 ], [ -7.031196677573146, 41.285148685894548 ], [ -7.031016616346479, 41.285123555355497 ], [ -7.030849417067629, 41.285085672021651 ], [ -7.0306645717501, 41.28504671814683 ], [ -7.030501829193727, 41.285013923717202 ], [ -7.030192251608756, 41.28491785958343 ], [ -7.03001354111309, 41.284854833705822 ], [ -7.029890827775188, 41.284812514938409 ], [ -7.029746864554498, 41.284763324915737 ], [ -7.029584038479688, 41.284706935287119 ], [ -7.02943071163636, 41.284646672960392 ], [ -7.029284572934398, 41.284591610721719 ], [ -7.029144791519006, 41.284542102589732 ], [ -7.028975721695813, 41.284481150235308 ], [ -7.028855012348972, 41.284425968507406 ], [ -7.028564379888258, 41.28426111673101 ], [ -7.028439767672329, 41.28410460695369 ], [ -7.028351480360028, 41.283924762525821 ], [ -7.027304362639391, 41.281801426448112 ], [ -7.027008078478464, 41.281321380040701 ], [ -7.026893327507094, 41.281161269864242 ], [ -7.026731733925949, 41.280982976031673 ], [ -7.026410383630543, 41.280645129102943 ], [ -7.022730303690336, 41.27610592372325 ], [ -7.02267213160916, 41.276080333321488 ], [ -7.021125925548631, 41.273607195494215 ], [ -7.016102695220261, 41.271980727338246 ], [ -7.009200018530065, 41.268315180346377 ], [ -7.009220620241807, 41.266978931325617 ], [ -7.002092982779351, 41.262411812585626 ], [ -7.00202952392285, 41.262375805218085 ], [ -6.999192159379446, 41.261256763612515 ], [ -6.998504341447916, 41.26020842542934 ], [ -6.986672518264954, 41.254855661163219 ], [ -6.986340574237209, 41.25475413048143 ], [ -6.986180002581651, 41.254554451044399 ], [ -6.986143171137609, 41.254484304921171 ], [ -6.986117482690045, 41.254458746853217 ], [ -6.986026473261308, 41.254422994609932 ], [ -6.985690675129946, 41.254412540510408 ], [ -6.985581277651932, 41.25441883789555 ], [ -6.985482256516846, 41.254431900672678 ], [ -6.985281347351338, 41.25445160184757 ], [ -6.985185947033959, 41.254448936271388 ], [ -6.985027450158572, 41.254451594841953 ], [ -6.984825377129503, 41.254449312959593 ], [ -6.984553413981848, 41.254547628439958 ], [ -6.984432309322687, 41.254602334973981 ], [ -6.984157845052198, 41.254720887151834 ], [ -6.984000265661539, 41.254773611180902 ], [ -6.983859498915423, 41.254827130408863 ], [ -6.983764049660766, 41.254874530785933 ], [ -6.983700658938117, 41.254917565483986 ], [ -6.9834838105384, 41.25499608144704 ], [ -6.983374602436781, 41.255011651836838 ], [ -6.983236806189724, 41.255024591943183 ], [ -6.98307831410601, 41.25504750416173 ], [ -6.982926570695102, 41.255066791048137 ], [ -6.982704874706958, 41.255101494986562 ], [ -6.982551210169695, 41.255128052714817 ], [ -6.982291714234594, 41.255168235171482 ], [ -6.9821337492949, 41.255181607121322 ], [ -6.981983043166249, 41.255182352200961 ], [ -6.981776776996059, 41.255187583686578 ], [ -6.981622648617813, 41.255199554464767 ], [ -6.981454568895242, 41.255211380070541 ], [ -6.98120044702916, 41.255224063400412 ], [ -6.981032752600356, 41.255220677294815 ], [ -6.980858975402015, 41.255203449450093 ], [ -6.980676888304922, 41.25517039107212 ], [ -6.980497596050567, 41.255141047524042 ], [ -6.980337845152501, 41.255113339111631 ], [ -6.98018286954548, 41.255078563344512 ], [ -6.980026242135819, 41.255042603906809 ], [ -6.9797839800355, 41.254991558274973 ], [ -6.979609024680881, 41.254952984478628 ], [ -6.979536830484565, 41.254947131518556 ], [ -6.979498074485045, 41.254945933706402 ], [ -6.979427074392593, 41.254939552403542 ], [ -6.979318899600756, 41.254923613516496 ], [ -6.9791800645943, 41.254907276272291 ], [ -6.978945704789989, 41.254875130935737 ], [ -6.978710552662046, 41.254847204552746 ], [ -6.978594347960602, 41.254839826499079 ], [ -6.978439850645756, 41.254832247947931 ], [ -6.978353187812487, 41.254814183775181 ], [ -6.978254552608568, 41.254785105505448 ], [ -6.978101962499564, 41.254730095484803 ], [ -6.978011261957767, 41.254690651979928 ], [ -6.977869307378276, 41.254621247430116 ], [ -6.977773299777782, 41.254564825674748 ], [ -6.977692618547413, 41.25451223939357 ], [ -6.977611926595464, 41.254459930271146 ], [ -6.977488391931389, 41.254381080358783 ], [ -6.977296825815424, 41.254249684308483 ], [ -6.977174791328824, 41.254146627474647 ], [ -6.976990389269242, 41.253994231697135 ], [ -6.976858225095449, 41.253877296687477 ], [ -6.976704011992267, 41.253758702111021 ], [ -6.97655941062841, 41.253650014641288 ], [ -6.976427036291379, 41.253545142376439 ], [ -6.976313207692922, 41.253443878730849 ], [ -6.976207321695583, 41.253338642090377 ], [ -6.9760914753026, 41.253230062009415 ], [ -6.975916921355424, 41.25306083776757 ], [ -6.975882070763944, 41.253007634901437 ], [ -6.975871622245821, 41.25299096612224 ], [ -6.975820243851863, 41.252941199596243 ], [ -6.975776861842487, 41.252884125655406 ], [ -6.975706095002889, 41.252776812314018 ], [ -6.975669458976589, 41.252695948263629 ], [ -6.975665272790159, 41.252594883139743 ], [ -6.975678469277375, 41.252543604795896 ], [ -6.975718301727315, 41.252442708491856 ], [ -6.975769846842329, 41.25245610149657 ], [ -6.975913491142846, 41.252496977553136 ], [ -6.976099810017866, 41.252546659638547 ], [ -6.976225946891966, 41.25257889829831 ], [ -6.976343118888475, 41.25259213744863 ], [ -6.976465987205724, 41.25258661805838 ], [ -6.976599255222115, 41.252572740153219 ], [ -6.9767294283139, 41.252552163546717 ], [ -6.977027830613764, 41.252517429236285 ], [ -6.977224356849957, 41.252495806707302 ], [ -6.977361227201547, 41.252474307087724 ], [ -6.977488901953298, 41.252446056544166 ], [ -6.977613334659822, 41.252405704360385 ], [ -6.977786146291006, 41.252334863801273 ], [ -6.977917917144367, 41.252277659212254 ], [ -6.977981987883899, 41.252243362982703 ], [ -6.978022113743658, 41.252207479474549 ], [ -6.978070019113125, 41.252156458147354 ], [ -6.978186374560237, 41.252046154175517 ], [ -6.978324961894476, 41.251926889908106 ], [ -6.97841989945886, 41.251847072689806 ], [ -6.978519526602589, 41.251772077243793 ], [ -6.978626720503661, 41.251700850129957 ], [ -6.978766494044129, 41.251575111634068 ], [ -6.97881161195315, 41.251533068740578 ], [ -6.978911007960445, 41.25145752769027 ], [ -6.979083719233988, 41.251365254634528 ], [ -6.979218295495486, 41.25130411760081 ], [ -6.979371019885566, 41.251248916738838 ], [ -6.979518004850221, 41.25120167802514 ], [ -6.979660685955157, 41.251161506461131 ], [ -6.979814992408265, 41.251124780858589 ], [ -6.979891561157002, 41.25111258031513 ], [ -6.980044587655682, 41.251108530605791 ], [ -6.980203306098801, 41.251112905111675 ], [ -6.98034698606876, 41.251103901041141 ], [ -6.980483012425879, 41.251082749400915 ], [ -6.980599471559414, 41.251054379495862 ], [ -6.980694328468259, 41.251006346394043 ], [ -6.980945620268026, 41.250793662339028 ], [ -6.981113372110035, 41.250623090906331 ], [ -6.981206515441133, 41.250522997099296 ], [ -6.981338199692478, 41.250367916890113 ], [ -6.981418136039874, 41.250272733017489 ], [ -6.981493029957075, 41.250192446191676 ], [ -6.981571016698619, 41.250126594854407 ], [ -6.981662197135027, 41.250070329624791 ], [ -6.98182520042083, 41.250000466222104 ], [ -6.981932594730963, 41.24995849920105 ], [ -6.982050472817976, 41.249930771382658 ], [ -6.982163945965081, 41.24992316927316 ], [ -6.982339592051455, 41.249921233474545 ], [ -6.982463933120141, 41.249913195859477 ], [ -6.982598875691319, 41.249912564502011 ], [ -6.9827344203672, 41.2499184155823 ], [ -6.982845518070053, 41.249917001826645 ], [ -6.982939565668269, 41.249887509717318 ], [ -6.983034079510229, 41.249831905175746 ], [ -6.983170657238813, 41.249724142738636 ], [ -6.983289527018949, 41.2496195293593 ], [ -6.983365782290549, 41.249543213953842 ], [ -6.983468613370476, 41.249420976041542 ], [ -6.983535416934332, 41.249332683551067 ], [ -6.983612485078418, 41.249251068232624 ], [ -6.983714869726326, 41.249113067725119 ], [ -6.983766859745434, 41.249032818141814 ], [ -6.983797730728853, 41.248952900645605 ], [ -6.983807129602472, 41.248824509119601 ], [ -6.983813111528315, 41.248694011657413 ], [ -6.983813116813046, 41.248604876556264 ], [ -6.983794507885391, 41.2484754806 ], [ -6.983762334453126, 41.248398085116847 ], [ -6.983679699674372, 41.248307226362819 ], [ -6.983609131422615, 41.24824916626865 ], [ -6.983513629806754, 41.24814350239307 ], [ -6.983453852992008, 41.248069161767781 ], [ -6.983398609122037, 41.247987576735348 ], [ -6.983362255711448, 41.247910677832628 ], [ -6.983341557734989, 41.247838981113681 ], [ -6.983344777157144, 41.247634806892925 ], [ -6.983349632203012, 41.247548144990922 ], [ -6.983359290416015, 41.247486924156711 ], [ -6.983387966882129, 41.24742301556757 ], [ -6.983434193647156, 41.247358557408077 ], [ -6.983495985563977, 41.247297493398264 ], [ -6.983618997086544, 41.247235153376536 ], [ -6.983687882314694, 41.247198115247095 ], [ -6.983732007874623, 41.247151552160865 ], [ -6.983741661403819, 41.247111131401255 ], [ -6.983713114267924, 41.247078792131653 ], [ -6.983653671548366, 41.247046689134734 ], [ -6.983580163758259, 41.247006605881147 ], [ -6.983499181824729, 41.246950876416186 ], [ -6.983426617949886, 41.246877853222621 ], [ -6.983304149052953, 41.246697723223818 ], [ -6.983197767282055, 41.24653207284728 ], [ -6.983155685695058, 41.246462139776774 ], [ -6.983093148122166, 41.246395605761393 ], [ -6.983011123716375, 41.246330951568886 ], [ -6.982860406257289, 41.246251744850348 ], [ -6.982754324772187, 41.246198914588675 ], [ -6.982657640948071, 41.246127088739073 ], [ -6.982573682719504, 41.246043505590571 ], [ -6.982504882821116, 41.245966917822585 ], [ -6.982466705538775, 41.245891896634006 ], [ -6.982453022402098, 41.24582170868576 ], [ -6.982452095078187, 41.245745168038923 ], [ -6.982470412256261, 41.245550683521365 ], [ -6.982489741845706, 41.245427885534106 ], [ -6.982524004237365, 41.245242565266309 ], [ -6.982538882809282, 41.245155732519578 ], [ -6.982549001805727, 41.24500726837335 ], [ -6.982557679264195, 41.24482502927755 ], [ -6.982565423964422, 41.2447233631516 ], [ -6.982577035367668, 41.244639288984771 ], [ -6.982578143045507, 41.244555472709663 ], [ -6.982537905517775, 41.244380393671747 ], [ -6.982511433612852, 41.24427766616428 ], [ -6.982477347988143, 41.244180266763848 ], [ -6.982432089233787, 41.244101301244427 ], [ -6.982399109489988, 41.244029477962833 ], [ -6.982390863179196, 41.243962135571095 ], [ -6.982409475398944, 41.243900738657601 ], [ -6.982449149690666, 41.243849089296845 ], [ -6.982515435579608, 41.243810315097896 ], [ -6.982641612330458, 41.243778165739869 ], [ -6.982803041278748, 41.243756636643639 ], [ -6.982925159133097, 41.243744979170039 ], [ -6.98298332496005, 41.243727189365373 ], [ -6.983082433823104, 41.24366740501987 ], [ -6.983152260227848, 41.243596967189724 ], [ -6.983195991009904, 41.243524831635568 ], [ -6.983215662998127, 41.243382319009918 ], [ -6.983220354453873, 41.243284491341079 ], [ -6.98323533143896, 41.243171822437503 ], [ -6.983262429689433, 41.243047925030709 ], [ -6.983294098318344, 41.24294244595027 ], [ -6.983348258396401, 41.242764886539341 ], [ -6.983375870328143, 41.242659639739408 ], [ -6.983404434526984, 41.242540349874531 ], [ -6.983443648134312, 41.242365162270694 ], [ -6.983463484937007, 41.242274514345368 ], [ -6.983480247200317, 41.242127464275903 ], [ -6.98348757581386, 41.242008868133546 ], [ -6.983479676728875, 41.241819434808669 ], [ -6.983472475860869, 41.241719686648089 ], [ -6.983452062083733, 41.241583888625662 ], [ -6.983435999616088, 41.241417966091412 ], [ -6.983427655012853, 41.241294796957924 ], [ -6.9833939658937, 41.241072695207436 ], [ -6.983375509377146, 41.240975451195105 ], [ -6.983372152738885, 41.240867097548062 ], [ -6.983378813334737, 41.240697799397552 ], [ -6.983380831023453, 41.240582480783381 ], [ -6.983390093880696, 41.240482359467663 ], [ -6.983422681677523, 41.240344835177183 ], [ -6.983451905979349, 41.240249409789627 ], [ -6.983499796214638, 41.240089529128817 ], [ -6.983526076014684, 41.239978055266761 ], [ -6.983555258909408, 41.239884974079175 ], [ -6.983588285360537, 41.239804268564889 ], [ -6.983613008578303, 41.239693317575615 ], [ -6.983654979312302, 41.239448734546862 ], [ -6.983675622192441, 41.239332162108006 ], [ -6.98368386058304, 41.239284070150404 ], [ -6.983930390545529, 41.239238175044839 ], [ -6.984478324853653, 41.239187090451992 ], [ -6.985508066118323, 41.239114050418095 ], [ -6.986529155257304, 41.239175074913788 ], [ -6.987170732760062, 41.239259970353203 ], [ -6.987584355964836, 41.239393555333606 ], [ -6.987729876928922, 41.239469010779999 ], [ -6.987940898822105, 41.239660455479232 ], [ -6.988064708035975, 41.239722735054706 ], [ -6.988713260922429, 41.24015433347703 ], [ -6.989705746180016, 41.240811290843133 ], [ -6.99064967795061, 41.241421386246024 ], [ -6.991267152484584, 41.241797198000732 ], [ -6.991851822785535, 41.241960010841012 ], [ -6.992656787132566, 41.24212527232001 ], [ -6.993521056794182, 41.242392676044147 ], [ -6.994156279744312, 41.242481967229331 ], [ -6.994610109700788, 41.242430981282411 ], [ -6.995113046050491, 41.2423619333616 ], [ -6.995800444484773, 41.24224859869539 ], [ -6.996316621904406, 41.242124210637662 ], [ -6.996669070641645, 41.241899527361127 ], [ -6.996796155647458, 41.241641917014292 ], [ -6.997007827950283, 41.241431683032651 ], [ -6.99740413559401, 41.241167451486675 ], [ -6.998083152550866, 41.240813618418628 ], [ -6.998356722465229, 41.240576083236427 ], [ -6.9984124895533, 41.240179019665355 ], [ -6.998561214467371, 41.240069642203537 ], [ -6.999402266478515, 41.239560184877398 ], [ -7.000057036572381, 41.239206188564182 ], [ -7.000470215594057, 41.239090047584412 ], [ -7.001143540489141, 41.239078105989023 ], [ -7.001575002099173, 41.238897577402462 ], [ -7.002202089975762, 41.238737426277908 ], [ -7.00312176719385, 41.238626324521555 ], [ -7.003868077565929, 41.23864290572471 ], [ -7.004651719607028, 41.238632029147958 ], [ -7.005397991739088, 41.238657872407124 ], [ -7.005737867755909, 41.23880885893378 ], [ -7.006140309183668, 41.238886801229818 ], [ -7.00668005413886, 41.238818062897963 ], [ -7.007208896949946, 41.238675560648836 ], [ -7.007470143753351, 41.23843779214328 ], [ -7.008067002718062, 41.237889065007202 ], [ -7.008466053218662, 41.237439969029921 ], [ -7.008690865005846, 41.237169788309203 ], [ -7.008710260194172, 41.236754443376491 ], [ -7.008945382454497, 41.23588812822792 ], [ -7.008999846899497, 41.235688320213633 ], [ -7.009011828634484, 41.235643688039382 ], [ -7.009112525386704, 41.235272173263297 ], [ -7.009339629637947, 41.234825629846313 ], [ -7.009265445792356, 41.233457476900185 ], [ -7.008983411442765, 41.232770968548579 ], [ -7.008993516838691, 41.232179868218267 ], [ -7.009324390626037, 41.231425501723422 ], [ -7.009776900889985, 41.230727595890727 ], [ -7.010617694066068, 41.230200047279702 ], [ -7.011433706009227, 41.229690523832751 ], [ -7.011981011115282, 41.229159929069269 ], [ -7.012851949364254, 41.228281497735331 ], [ -7.013830094430864, 41.226870077001543 ], [ -7.014435906056802, 41.225785662115527 ], [ -7.014984907693288, 41.225144410113074 ], [ -7.016886876826399, 41.224053991571914 ], [ -7.01838860241878, 41.223495947828454 ], [ -7.019686390712622, 41.223415917036384 ], [ -7.020329083947672, 41.223034049791401 ], [ -7.021247705521631, 41.222229848477653 ], [ -7.022529353169998, 41.221373849576516 ], [ -7.022855528070316, 41.220878164661471 ], [ -7.022992754242349, 41.220010966534005 ], [ -7.023243100508481, 41.219662215051322 ], [ -7.023572185167504, 41.21900016802114 ], [ -7.023925200482656, 41.218375265361779 ], [ -7.025451134226876, 41.216353761638871 ], [ -7.026724052688989, 41.214850878897735 ], [ -7.027270362239203, 41.214357205664562 ], [ -7.028002069223865, 41.214475052672029 ], [ -7.028712671410227, 41.214407845243606 ], [ -7.029179129973752, 41.214301469052721 ], [ -7.030211791978259, 41.213978740679131 ], [ -7.030970841225664, 41.213930619048753 ], [ -7.031632007327347, 41.213881466070276 ], [ -7.032631178645927, 41.214112678493798 ], [ -7.034749173137012, 41.214687237240163 ], [ -7.037209472591535, 41.215302105066165 ], [ -7.040416796366027, 41.216588848605923 ], [ -7.041197908818213, 41.216965948782907 ], [ -7.041969405854664, 41.217657010228294 ], [ -7.042649226672892, 41.217959131638011 ], [ -7.043577567027528, 41.218023362219363 ], [ -7.045388663564498, 41.217966440095267 ], [ -7.046440749031478, 41.217939438261226 ], [ -7.047300585495595, 41.217725583865899 ], [ -7.048601088222472, 41.217479217840427 ], [ -7.050634758514439, 41.217258092123224 ], [ -7.05196339038871, 41.216771728978777 ], [ -7.053147415645634, 41.216173065713932 ], [ -7.053963541006539, 41.215626324204898 ], [ -7.054267670624141, 41.214982410700344 ], [ -7.054310826473104, 41.213855604310226 ], [ -7.054719735171044, 41.212769223250682 ], [ -7.055103638483201, 41.211738163444387 ], [ -7.055212883139585, 41.210732173976027 ], [ -7.05613205357407, 41.209872228979179 ], [ -7.057074795845686, 41.209049593595346 ], [ -7.058331950028678, 41.208451562633918 ], [ -7.059085657827766, 41.208330814331752 ], [ -7.059246683161387, 41.208305027414205 ], [ -7.059691603096709, 41.208417215943967 ], [ -7.060038966667476, 41.208618803872618 ], [ -7.060407181999209, 41.209040914349984 ], [ -7.060808868133223, 41.20961190110949 ], [ -7.061195896248243, 41.210007170125259 ], [ -7.061958308392571, 41.210392419734845 ], [ -7.062705930854684, 41.210588175198851 ], [ -7.063649687515482, 41.210799514866068 ], [ -7.064510752145782, 41.211021879306365 ], [ -7.065507634767316, 41.211148696306296 ], [ -7.065963009343585, 41.211169838814918 ], [ -7.067030735358664, 41.211199964884678 ], [ -7.067563644208697, 41.211130604677258 ], [ -7.068400872098966, 41.210926470951151 ], [ -7.069514065508705, 41.210577923675714 ], [ -7.070393624728372, 41.210402166438413 ], [ -7.071223233208209, 41.210299506224672 ], [ -7.071673328974882, 41.210322197293088 ], [ -7.07223135688071, 41.210446633307896 ], [ -7.072726296472205, 41.210690330228893 ], [ -7.073504817388097, 41.211265001767266 ], [ -7.074346088082661, 41.211935060860604 ], [ -7.075106488614313, 41.212355589354438 ], [ -7.075809245132268, 41.212564619350793 ], [ -7.076283119541946, 41.212614882326086 ], [ -7.07679373566905, 41.212656382669778 ], [ -7.077468919036625, 41.21277142054759 ], [ -7.078329870731586, 41.212990888548369 ], [ -7.079483092790306, 41.213194469178255 ], [ -7.080054433561814, 41.213227240981212 ], [ -7.080955384338568, 41.213235459760995 ], [ -7.081795385842252, 41.213252207370807 ], [ -7.082781103927839, 41.21326118396702 ], [ -7.083073484030443, 41.213245566834452 ], [ -7.083404291176901, 41.213138278277874 ], [ -7.083851095796105, 41.212897882035136 ], [ -7.084356342638649, 41.212356559948276 ], [ -7.084544690199875, 41.21188052122011 ], [ -7.084526355434678, 41.211624549526327 ], [ -7.084328682174506, 41.211264301370896 ], [ -7.083870070012615, 41.210765542447213 ], [ -7.083698110522011, 41.210527896842656 ], [ -7.08364533403053, 41.210173740064853 ], [ -7.083672791904913, 41.209543164557914 ], [ -7.083894253245797, 41.208598044394613 ], [ -7.084052589948208, 41.208224107593018 ], [ -7.084332797784388, 41.207728732886615 ], [ -7.084543164049751, 41.207134757685409 ], [ -7.08475995305565, 41.206129358071692 ], [ -7.084898955015958, 41.205493858144798 ], [ -7.085157089616184, 41.204586884116878 ], [ -7.085760397909097, 41.203617675848108 ], [ -7.086271541054878, 41.203037594656429 ], [ -7.086866734240045, 41.20262187508964 ], [ -7.08768040870455, 41.20229078849097 ], [ -7.088429176691849, 41.202128474745408 ], [ -7.089063349741361, 41.202124934891891 ], [ -7.089534934547475, 41.202195022465652 ], [ -7.090228210782081, 41.202389201993434 ], [ -7.091135158553315, 41.202453670757166 ], [ -7.091595300825952, 41.202448551111267 ], [ -7.09224315844129, 41.202379032688754 ], [ -7.092748389843766, 41.202274638578992 ], [ -7.09429997631374, 41.201687329205377 ], [ -7.094613104286844, 41.201539689249643 ], [ -7.095440695564726, 41.201124576400744 ], [ -7.096269966123169, 41.200586923846494 ], [ -7.097553631052778, 41.199611698232857 ], [ -7.09800960067227, 41.199089685747353 ], [ -7.098103998036253, 41.198916661836414 ], [ -7.098137380960302, 41.198855915695667 ], [ -7.098168479997682, 41.198917511497818 ], [ -7.098538702447553, 41.199656638286349 ], [ -7.098532235712616, 41.200068158753282 ], [ -7.098392046490089, 41.201000799736114 ], [ -7.098721407643168, 41.201351849128713 ], [ -7.099154415093401, 41.20179881453091 ], [ -7.100211268300782, 41.202536257107276 ], [ -7.100956531528366, 41.203096942392961 ], [ -7.100990917477442, 41.203587881544507 ], [ -7.100585690956478, 41.204058948699746 ], [ -7.099502100061604, 41.20501492827033 ], [ -7.098822619160464, 41.205578348472407 ], [ -7.098287855540589, 41.206301617750611 ], [ -7.097832794894273, 41.207262948568555 ], [ -7.097678572936528, 41.207736528900419 ], [ -7.097772291686343, 41.208433739729053 ], [ -7.097967686217649, 41.209321756656742 ], [ -7.097506588244533, 41.210043885812595 ], [ -7.097477976277203, 41.210088920957745 ], [ -7.097345094391825, 41.210297341432749 ], [ -7.096992820223138, 41.210899157353744 ], [ -7.096665495646167, 41.21192339564341 ], [ -7.096475650410071, 41.212552872716856 ], [ -7.096282796325188, 41.213343131104217 ], [ -7.096371402066326, 41.213962953813052 ], [ -7.096257835546814, 41.214927254756269 ], [ -7.095999902036593, 41.215692257761226 ], [ -7.095846999518072, 41.21604996399742 ], [ -7.095446032082537, 41.216553648561558 ], [ -7.095277565144614, 41.216831706625214 ], [ -7.095220436657648, 41.217338839138279 ], [ -7.095306894209426, 41.218094510186454 ], [ -7.095348525181852, 41.218577500440361 ], [ -7.095475690665125, 41.218801494225183 ], [ -7.096007433236372, 41.219375418347141 ], [ -7.096518824223882, 41.220197034970283 ], [ -7.096654033846141, 41.220977997573158 ], [ -7.096852130502012, 41.221908000667199 ], [ -7.097149271877565, 41.22282655614756 ], [ -7.097045717409494, 41.223154722980759 ], [ -7.096788734109283, 41.22385787529209 ], [ -7.096415913849839, 41.224646610561258 ], [ -7.096474274783718, 41.225105166681097 ], [ -7.096781835765004, 41.226370109941485 ], [ -7.097038014389103, 41.227808279450571 ], [ -7.09671171810164, 41.228745903817597 ], [ -7.096159502521143, 41.229495839365931 ], [ -7.095773921902428, 41.230032073363752 ], [ -7.095568732147528, 41.230587035826289 ], [ -7.095704953225801, 41.23128156278252 ], [ -7.095972647471792, 41.231989251975996 ], [ -7.096561189295089, 41.233120943657596 ], [ -7.097216541833838, 41.234154093945051 ], [ -7.097196803850604, 41.234370008698704 ], [ -7.097062786388021, 41.23442733561216 ], [ -7.096852174277192, 41.234644866788727 ], [ -7.096461209955021, 41.234968831748603 ], [ -7.095771963197936, 41.235517013602092 ], [ -7.095423092269424, 41.235803084201017 ], [ -7.095226458884805, 41.236048923747653 ], [ -7.095047473697577, 41.236408012261165 ], [ -7.095001636730433, 41.236568860051094 ], [ -7.094912804917451, 41.237073095438859 ], [ -7.09492195755361, 41.237581274769653 ], [ -7.094944281122834, 41.238078403274784 ], [ -7.094895815374698, 41.238601909221195 ], [ -7.094863040174451, 41.238811768545681 ], [ -7.094762764754769, 41.239118982439308 ], [ -7.094602549185602, 41.23965579494832 ], [ -7.094467427133837, 41.239971157132238 ], [ -7.094290737930957, 41.240161623317334 ], [ -7.09422874455586, 41.240219590360226 ], [ -7.093933444566686, 41.240435277533258 ], [ -7.093589075119239, 41.240615315928061 ], [ -7.093192336277164, 41.240795784288444 ], [ -7.092873820723114, 41.240947420223954 ], [ -7.092373590216413, 41.241229867953628 ], [ -7.092093251268167, 41.241463692796032 ], [ -7.091818133435225, 41.241932833921531 ], [ -7.091491233079138, 41.242425105508175 ], [ -7.091338469338571, 41.242678357192126 ], [ -7.091249862814337, 41.242932637650959 ], [ -7.091171388827073, 41.243247340508901 ], [ -7.091170520096458, 41.243467388184854 ], [ -7.091225587209962, 41.24404242722526 ], [ -7.091240481396135, 41.244585681204931 ], [ -7.091276236167865, 41.245152354363064 ], [ -7.091285812511685, 41.245489008037751 ], [ -7.091291639645252, 41.245708487740259 ], [ -7.091292470197657, 41.246288173453529 ], [ -7.091310264287231, 41.246858823977533 ], [ -7.091317610284583, 41.24719320365795 ], [ -7.091255664511041, 41.247413244144823 ], [ -7.090972080632247, 41.248015840634309 ], [ -7.090815687548083, 41.24838395015432 ], [ -7.090735644598873, 41.248638940458044 ], [ -7.090677398235267, 41.248881518782305 ], [ -7.090621531803573, 41.249251886048548 ], [ -7.090487059650854, 41.249854477911938 ], [ -7.090394637725943, 41.250484101478165 ], [ -7.090380985278053, 41.250547362705092 ], [ -7.090278226555597, 41.251106031548879 ], [ -7.090149750767311, 41.251683641382954 ], [ -7.090002575044229, 41.252236685130214 ], [ -7.089833221247714, 41.252833920283543 ], [ -7.089634122172187, 41.253418186222731 ], [ -7.089521121135456, 41.253959830060424 ], [ -7.089518154481545, 41.25445475251076 ], [ -7.089513807549713, 41.25465334130309 ], [ -7.089501572328595, 41.254694915490361 ], [ -7.089449673078971, 41.255708740875058 ], [ -7.089438370038722, 41.255887366740211 ], [ -7.089405456103934, 41.256103703675052 ], [ -7.089406901924312, 41.256268311466648 ], [ -7.089324687073327, 41.256869393142317 ], [ -7.08928951030996, 41.257205908852505 ], [ -7.089255853604882, 41.257394329153321 ], [ -7.089212702957283, 41.257557090094075 ], [ -7.089008419781202, 41.257842829118573 ], [ -7.088975225776952, 41.257889526422126 ], [ -7.088744964697897, 41.258323323066691 ], [ -7.088623977610721, 41.258570644915856 ], [ -7.08853068516359, 41.258832356045922 ], [ -7.088474585478805, 41.259028498669203 ], [ -7.088298290790455, 41.259309985587713 ], [ -7.088157894647392, 41.25955461051899 ], [ -7.087956047344086, 41.259821817755466 ], [ -7.087563565985009, 41.260273232067249 ], [ -7.087223108820376, 41.260627330285345 ], [ -7.087144651121243, 41.260781398530114 ], [ -7.087074487063824, 41.260946253266397 ], [ -7.087030342341003, 41.261163031106378 ], [ -7.087084311636417, 41.2614083347015 ], [ -7.087253575648827, 41.261666755634579 ], [ -7.087398711213363, 41.261874350911825 ], [ -7.08753820480303, 41.262031743231475 ], [ -7.087787268989772, 41.262247303207815 ], [ -7.087983585792002, 41.262373426714646 ], [ -7.088117458614181, 41.262449189019492 ], [ -7.088385399722288, 41.262528689928779 ], [ -7.088671441178882, 41.262572698485897 ], [ -7.089386611607511, 41.262600508814344 ], [ -7.090125487371859, 41.262615116168924 ], [ -7.090333902196122, 41.262641129560485 ], [ -7.090529617286157, 41.262715290047964 ], [ -7.090786577081148, 41.262877703951354 ], [ -7.091076043384968, 41.263165021841921 ], [ -7.091336972041375, 41.263431015837028 ], [ -7.09145575562986, 41.263563542257721 ], [ -7.091785408605344, 41.263980969967058 ], [ -7.091836923824773, 41.264095968934306 ], [ -7.092012911118436, 41.264526595184392 ], [ -7.092001959221906, 41.264675690126062 ], [ -7.091938846382353, 41.264840521469452 ], [ -7.091784735234695, 41.265016957942038 ], [ -7.091608570847403, 41.265146735726923 ], [ -7.091407225115787, 41.265261427841814 ], [ -7.091191656207331, 41.265310081423621 ], [ -7.091124389205859, 41.265322984033212 ], [ -7.090695755210513, 41.265375114907584 ], [ -7.090483087154126, 41.265383814664446 ], [ -7.090063099418496, 41.265364622288679 ], [ -7.089781778411939, 41.26537558719459 ], [ -7.089441120842333, 41.265410769151757 ], [ -7.089077062729944, 41.265491573757302 ], [ -7.088602464177042, 41.265694906789818 ], [ -7.088542744091922, 41.265743079383967 ], [ -7.088469268097828, 41.265838577414293 ], [ -7.088440861858077, 41.26588423655113 ], [ -7.088361906476394, 41.266136442090044 ], [ -7.08834238593789, 41.266358303183516 ], [ -7.088330247454693, 41.266701426271482 ], [ -7.088349466795807, 41.266895814701734 ], [ -7.088364582482016, 41.267093407328062 ], [ -7.08843247088805, 41.267402135545588 ], [ -7.088489874385531, 41.26767952552342 ], [ -7.088583069609092, 41.267964895434993 ], [ -7.088676271254562, 41.268130329999714 ], [ -7.088964770497571, 41.268494091020663 ], [ -7.089151565915513, 41.268657579210327 ], [ -7.08959006135317, 41.268947693524616 ], [ -7.089776352979546, 41.269052379898604 ], [ -7.090218413374838, 41.269253656279588 ], [ -7.090863807239906, 41.26959173235408 ], [ -7.091052177598352, 41.269731645688367 ], [ -7.091136346682862, 41.269834778720416 ], [ -7.091286384497624, 41.270088786647882 ], [ -7.091471002652252, 41.270390190171597 ], [ -7.091566834553565, 41.270600671635755 ], [ -7.091763875669139, 41.271134488846506 ], [ -7.091795329067393, 41.271288651071778 ], [ -7.09177923624223, 41.271437971236097 ], [ -7.091702361594663, 41.271626898552668 ], [ -7.091528278489931, 41.271857718979099 ], [ -7.091201315052309, 41.27205825446061 ], [ -7.090917299713572, 41.272289791472566 ], [ -7.090639022146954, 41.272573061856988 ], [ -7.090115022162837, 41.273088570847619 ], [ -7.090067230078684, 41.273137033208464 ], [ -7.089941505964782, 41.27328310776489 ], [ -7.089745055117962, 41.273508948779906 ], [ -7.089534946907079, 41.273827861641294 ], [ -7.089510881272716, 41.273870053260637 ] ] ] } },
{ "type": "Feature", "properties": { "dtmnfr": "040919", "freguesia": "União das freguesias de Felgar e Souto da Velha", "municipio": "Torre de Moncorvo", "distrito_i": "Bragança", "nuts3_cod": "11D", "nuts3": "Douro", "nuts2": "Norte", "nuts1": "Continente", "area_ha": 4693.19, "perimetro_": 34, "designacao": "Felgar e Souto da Velha" }, "geometry": { "type": "Polygon", "coordinates": [ [ [ -6.98368386058304, 41.239284070150404 ], [ -6.983675622192441, 41.239332162108006 ], [ -6.983654979312302, 41.239448734546862 ], [ -6.983613008578303, 41.239693317575615 ], [ -6.983588285360537, 41.239804268564889 ], [ -6.983555258909408, 41.239884974079175 ], [ -6.983526076014684, 41.239978055266761 ], [ -6.983499796214638, 41.240089529128817 ], [ -6.983451905979349, 41.240249409789627 ], [ -6.983422681677523, 41.240344835177183 ], [ -6.983390093880696, 41.240482359467663 ], [ -6.983380831023453, 41.240582480783381 ], [ -6.983378813334737, 41.240697799397552 ], [ -6.983372152738885, 41.240867097548062 ], [ -6.983375509377146, 41.240975451195105 ], [ -6.9833939658937, 41.241072695207436 ], [ -6.983427655012853, 41.241294796957924 ], [ -6.983435999616088, 41.241417966091412 ], [ -6.983452062083733, 41.241583888625662 ], [ -6.983472475860869, 41.241719686648089 ], [ -6.983479676728875, 41.241819434808669 ], [ -6.98348757581386, 41.242008868133546 ], [ -6.983480247200317, 41.242127464275903 ], [ -6.983463484937007, 41.242274514345368 ], [ -6.983443648134312, 41.242365162270694 ], [ -6.983404434526984, 41.242540349874531 ], [ -6.983375870328143, 41.242659639739408 ], [ -6.983348258396401, 41.242764886539341 ], [ -6.983294098318344, 41.24294244595027 ], [ -6.983262429689433, 41.243047925030709 ], [ -6.98323533143896, 41.243171822437503 ], [ -6.983220354453873, 41.243284491341079 ], [ -6.983215662998127, 41.243382319009918 ], [ -6.983195991009904, 41.243524831635568 ], [ -6.983152260227848, 41.243596967189724 ], [ -6.983082433823104, 41.24366740501987 ], [ -6.98298332496005, 41.243727189365373 ], [ -6.982925159133097, 41.243744979170039 ], [ -6.982803041278748, 41.243756636643639 ], [ -6.982641612330458, 41.243778165739869 ], [ -6.982515435579608, 41.243810315097896 ], [ -6.982449149690666, 41.243849089296845 ], [ -6.982409475398944, 41.243900738657601 ], [ -6.982390863179196, 41.243962135571095 ], [ -6.982399109489988, 41.244029477962833 ], [ -6.982432089233787, 41.244101301244427 ], [ -6.982477347988143, 41.244180266763848 ], [ -6.982511433612852, 41.24427766616428 ], [ -6.982537905517775, 41.244380393671747 ], [ -6.982578143045507, 41.244555472709663 ], [ -6.982577035367668, 41.244639288984771 ], [ -6.982565423964422, 41.2447233631516 ], [ -6.982557679264195, 41.24482502927755 ], [ -6.982549001805727, 41.24500726837335 ], [ -6.982538882809282, 41.245155732519578 ], [ -6.982524004237365, 41.245242565266309 ], [ -6.982489741845706, 41.245427885534106 ], [ -6.982470412256261, 41.245550683521365 ], [ -6.982452095078187, 41.245745168038923 ], [ -6.982453022402098, 41.24582170868576 ], [ -6.982466705538775, 41.245891896634006 ], [ -6.982504882821116, 41.245966917822585 ], [ -6.982573682719504, 41.246043505590571 ], [ -6.982657640948071, 41.246127088739073 ], [ -6.982754324772187, 41.246198914588675 ], [ -6.982860406257289, 41.246251744850348 ], [ -6.983011123716375, 41.246330951568886 ], [ -6.983093148122166, 41.246395605761393 ], [ -6.983155685695058, 41.246462139776774 ], [ -6.983197767282055, 41.24653207284728 ], [ -6.983304149052953, 41.246697723223818 ], [ -6.983426617949886, 41.246877853222621 ], [ -6.983499181824729, 41.246950876416186 ], [ -6.983580163758259, 41.247006605881147 ], [ -6.983653671548366, 41.247046689134734 ], [ -6.983713114267924, 41.247078792131653 ], [ -6.983741661403819, 41.247111131401255 ], [ -6.983732007874623, 41.247151552160865 ], [ -6.983687882314694, 41.247198115247095 ], [ -6.983618997086544, 41.247235153376536 ], [ -6.983495985563977, 41.247297493398264 ], [ -6.983434193647156, 41.247358557408077 ], [ -6.983387966882129, 41.24742301556757 ], [ -6.983359290416015, 41.247486924156711 ], [ -6.983349632203012, 41.247548144990922 ], [ -6.983344777157144, 41.247634806892925 ], [ -6.983341557734989, 41.247838981113681 ], [ -6.983362255711448, 41.247910677832628 ], [ -6.983398609122037, 41.247987576735348 ], [ -6.983453852992008, 41.248069161767781 ], [ -6.983513629806754, 41.24814350239307 ], [ -6.983609131422615, 41.24824916626865 ], [ -6.983679699674372, 41.248307226362819 ], [ -6.983762334453126, 41.248398085116847 ], [ -6.983794507885391, 41.2484754806 ], [ -6.983813116813046, 41.248604876556264 ], [ -6.983813111528315, 41.248694011657413 ], [ -6.983807129602472, 41.248824509119601 ], [ -6.983797730728853, 41.248952900645605 ], [ -6.983766859745434, 41.249032818141814 ], [ -6.983714869726326, 41.249113067725119 ], [ -6.983612485078418, 41.249251068232624 ], [ -6.983535416934332, 41.249332683551067 ], [ -6.983468613370476, 41.249420976041542 ], [ -6.983365782290549, 41.249543213953842 ], [ -6.983289527018949, 41.2496195293593 ], [ -6.983170657238813, 41.249724142738636 ], [ -6.983034079510229, 41.249831905175746 ], [ -6.982939565668269, 41.249887509717318 ], [ -6.982845518070053, 41.249917001826645 ], [ -6.9827344203672, 41.2499184155823 ], [ -6.982598875691319, 41.249912564502011 ], [ -6.982463933120141, 41.249913195859477 ], [ -6.982339592051455, 41.249921233474545 ], [ -6.982163945965081, 41.24992316927316 ], [ -6.982050472817976, 41.249930771382658 ], [ -6.981932594730963, 41.24995849920105 ], [ -6.98182520042083, 41.250000466222104 ], [ -6.981662197135027, 41.250070329624791 ], [ -6.981571016698619, 41.250126594854407 ], [ -6.981493029957075, 41.250192446191676 ], [ -6.981418136039874, 41.250272733017489 ], [ -6.981338199692478, 41.250367916890113 ], [ -6.981206515441133, 41.250522997099296 ], [ -6.981113372110035, 41.250623090906331 ], [ -6.980945620268026, 41.250793662339028 ], [ -6.980694328468259, 41.251006346394043 ], [ -6.980599471559414, 41.251054379495862 ], [ -6.980483012425879, 41.251082749400915 ], [ -6.98034698606876, 41.251103901041141 ], [ -6.980203306098801, 41.251112905111675 ], [ -6.980044587655682, 41.251108530605791 ], [ -6.979891561157002, 41.25111258031513 ], [ -6.979814992408265, 41.251124780858589 ], [ -6.979660685955157, 41.251161506461131 ], [ -6.979518004850221, 41.25120167802514 ], [ -6.979371019885566, 41.251248916738838 ], [ -6.979218295495486, 41.25130411760081 ], [ -6.979083719233988, 41.251365254634528 ], [ -6.978911007960445, 41.25145752769027 ], [ -6.97881161195315, 41.251533068740578 ], [ -6.978766494044129, 41.251575111634068 ], [ -6.978626720503661, 41.251700850129957 ], [ -6.978519526602589, 41.251772077243793 ], [ -6.97841989945886, 41.251847072689806 ], [ -6.978324961894476, 41.251926889908106 ], [ -6.978186374560237, 41.252046154175517 ], [ -6.978070019113125, 41.252156458147354 ], [ -6.978022113743658, 41.252207479474549 ], [ -6.977981987883899, 41.252243362982703 ], [ -6.977917917144367, 41.252277659212254 ], [ -6.977786146291006, 41.252334863801273 ], [ -6.977613334659822, 41.252405704360385 ], [ -6.977488901953298, 41.252446056544166 ], [ -6.977361227201547, 41.252474307087724 ], [ -6.977224356849957, 41.252495806707302 ], [ -6.977027830613764, 41.252517429236285 ], [ -6.9767294283139, 41.252552163546717 ], [ -6.976599255222115, 41.252572740153219 ], [ -6.976465987205724, 41.25258661805838 ], [ -6.976343118888475, 41.25259213744863 ], [ -6.976225946891966, 41.25257889829831 ], [ -6.976099810017866, 41.252546659638547 ], [ -6.975913491142846, 41.252496977553136 ], [ -6.975769846842329, 41.25245610149657 ], [ -6.975718301727315, 41.252442708491856 ], [ -6.97575634345037, 41.252335580511605 ], [ -6.975781024711685, 41.252228052589231 ], [ -6.975823517084256, 41.252118453606869 ], [ -6.975880210292812, 41.251995488655986 ], [ -6.975918071484452, 41.25187773768257 ], [ -6.975941237709709, 41.251768483728178 ], [ -6.975975048701556, 41.251562271860728 ], [ -6.97595891837303, 41.251441725377738 ], [ -6.975933930921549, 41.251377008294696 ], [ -6.975854838179187, 41.251254662896272 ], [ -6.975803629552384, 41.251195353820776 ], [ -6.975693457904657, 41.251083140520841 ], [ -6.975523592718875, 41.250925847158697 ], [ -6.975399362298894, 41.250819344812783 ], [ -6.975257969587666, 41.250718612366711 ], [ -6.975118163188589, 41.250636441239259 ], [ -6.974989133625006, 41.250551862635852 ], [ -6.974959619682473, 41.250534097975098 ], [ -6.974875747962181, 41.25049354837109 ], [ -6.974775180851722, 41.250445897647793 ], [ -6.974637509581211, 41.250391303257992 ], [ -6.97445494503928, 41.250338597935503 ], [ -6.974260398681377, 41.250289012255671 ], [ -6.974066453272298, 41.250252760017133 ], [ -6.97386624778767, 41.250213017495412 ], [ -6.973633736864201, 41.25016485107362 ], [ -6.973408495344432, 41.250123779628929 ], [ -6.973190147344945, 41.250091421036998 ], [ -6.972964787876602, 41.250063857136745 ], [ -6.972631535971716, 41.250025386422038 ], [ -6.972348706537092, 41.249996070580679 ], [ -6.97214743643516, 41.249989541795415 ], [ -6.971802447796451, 41.249980666221759 ], [ -6.97148987686377, 41.250007414187813 ], [ -6.971361956664144, 41.250028903519173 ], [ -6.971216676635711, 41.250040677771437 ], [ -6.97106756114621, 41.250039713887318 ], [ -6.970853782157386, 41.250032161581153 ], [ -6.970715487576181, 41.250006637329136 ], [ -6.970570506577445, 41.249960693655161 ], [ -6.970424283800671, 41.249904388962783 ], [ -6.970356694586706, 41.24986768854972 ], [ -6.970242298000399, 41.249779019647086 ], [ -6.970130757119453, 41.24967741011892 ], [ -6.969968482140425, 41.249516763727705 ], [ -6.969869526794354, 41.249398716441533 ], [ -6.96978400084738, 41.249283144910187 ], [ -6.969692768398484, 41.249166795326786 ], [ -6.969587224618786, 41.249063626051743 ], [ -6.969474301666114, 41.24895921337567 ], [ -6.969338922621274, 41.248856551768682 ], [ -6.969124294858343, 41.248701862332723 ], [ -6.968971849710415, 41.248613165825084 ], [ -6.968821018019671, 41.248520701951961 ], [ -6.968694776551603, 41.248427676234208 ], [ -6.968605004254236, 41.248343485729208 ], [ -6.968535222612228, 41.248262104930916 ], [ -6.968270123297697, 41.248074576277652 ], [ -6.968154708710061, 41.2479831037517 ], [ -6.967951480458741, 41.247818171972355 ], [ -6.967816709934974, 41.247701738607908 ], [ -6.967754768601059, 41.247635831730456 ], [ -6.967633865275111, 41.24749757145792 ], [ -6.967489057117739, 41.247361591052297 ], [ -6.967334632499673, 41.247236767188319 ], [ -6.967106441759796, 41.247053841455092 ], [ -6.966951658783268, 41.246935766446732 ], [ -6.966789435517392, 41.246833463797181 ], [ -6.966701755621433, 41.24679313618028 ], [ -6.966608797507737, 41.24676068574086 ], [ -6.966425488101268, 41.246710746891516 ], [ -6.966255383280958, 41.246676614849001 ], [ -6.966092736616818, 41.246658672617933 ], [ -6.96600257965839, 41.246656951026949 ], [ -6.965811837612711, 41.246669606401767 ], [ -6.965713154441787, 41.246684366397226 ], [ -6.965523539030109, 41.246720709638524 ], [ -6.965346132372288, 41.246761413686031 ], [ -6.965065265360194, 41.246830870172907 ], [ -6.964885442339509, 41.2468800109516 ], [ -6.964725374267485, 41.246931873055374 ], [ -6.964574053428733, 41.246988597640318 ], [ -6.96440414409322, 41.24705035204515 ], [ -6.964223905385688, 41.247116327745864 ], [ -6.964054896701352, 41.24718808701634 ], [ -6.963920959568292, 41.247259840254749 ], [ -6.963819190923227, 41.247340386520186 ], [ -6.963737055318652, 41.247431032910129 ], [ -6.963708605817611, 41.247481073591466 ], [ -6.963682167379229, 41.247585521546995 ], [ -6.963677007104711, 41.247687841894127 ], [ -6.963654712875093, 41.247807819712882 ], [ -6.963633274373388, 41.247879272865838 ], [ -6.963614400096152, 41.24799478341383 ], [ -6.963610882363275, 41.24807182190289 ], [ -6.963573627263179, 41.248301582028759 ], [ -6.963569617659718, 41.248399506590651 ], [ -6.963556626144871, 41.248646981837155 ], [ -6.963537838450917, 41.248777348930787 ], [ -6.963504830029319, 41.248855794963404 ], [ -6.963476805058328, 41.24896211936705 ], [ -6.96346952342927, 41.249036328360155 ], [ -6.963445257723341, 41.2492665823317 ], [ -6.963422061883493, 41.249356654042337 ], [ -6.963382070637455, 41.24948536772412 ], [ -6.96333342971712, 41.249583916554244 ], [ -6.963275086520712, 41.249678134896108 ], [ -6.963150535407634, 41.249865682101415 ], [ -6.963075518902668, 41.249910751861862 ], [ -6.963043761455541, 41.249918891958465 ], [ -6.962962895799841, 41.249964535178272 ], [ -6.962715044214171, 41.250101851368363 ], [ -6.962602693715474, 41.250153294260649 ], [ -6.962423495296361, 41.250227377645587 ], [ -6.962262918231728, 41.250287064563189 ], [ -6.962054283714529, 41.25035895805695 ], [ -6.961947304894643, 41.250383531202523 ], [ -6.961833216805113, 41.25039894058699 ], [ -6.961714686035958, 41.250402511223307 ], [ -6.961596898917122, 41.250397712889573 ], [ -6.961241458354118, 41.250386178179362 ], [ -6.960958760498573, 41.25036953042936 ], [ -6.960749569819119, 41.25035218991718 ], [ -6.960555553471186, 41.250340401470709 ], [ -6.960309618558548, 41.250329704525932 ], [ -6.960190206676123, 41.250335514714173 ], [ -6.960014363079665, 41.250348402263171 ], [ -6.959843637221883, 41.25034837684975 ], [ -6.95972977175633, 41.25033785401655 ], [ -6.959620940766391, 41.25031234571977 ], [ -6.959518420742874, 41.250274659825678 ], [ -6.959431172849674, 41.250229923641754 ], [ -6.959361677027958, 41.250179693165279 ], [ -6.959270991693939, 41.250100528361131 ], [ -6.959193332784725, 41.250019870192943 ], [ -6.95910730280865, 41.249953718479091 ], [ -6.959013136831262, 41.249922325579348 ], [ -6.958906483279863, 41.24990179461242 ], [ -6.958798553131595, 41.249893127692616 ], [ -6.958679934520533, 41.249894984451693 ], [ -6.958446618151328, 41.249892608590649 ], [ -6.958359893677097, 41.249865341081154 ], [ -6.958297262588601, 41.249818244069431 ], [ -6.958273689835523, 41.249762272400389 ], [ -6.958281059079741, 41.249703550625668 ], [ -6.958304362841143, 41.249614648897946 ], [ -6.958348655866497, 41.249472928721438 ], [ -6.958365893582091, 41.249363074912324 ], [ -6.958369267405704, 41.249274240819396 ], [ -6.958244633262219, 41.249051834497813 ], [ -6.95817630614765, 41.248956870779679 ], [ -6.958088786874404, 41.248827224039658 ], [ -6.958012926328739, 41.248732988290307 ], [ -6.957938916930702, 41.248655431477474 ], [ -6.957864828994127, 41.248588856887686 ], [ -6.957703006614794, 41.248384621259895 ], [ -6.957645677671118, 41.248295078263766 ], [ -6.957587912903029, 41.248189591915761 ], [ -6.957536133992087, 41.248122886541324 ], [ -6.957470533459519, 41.248062340097235 ], [ -6.957280496234584, 41.247894913102591 ], [ -6.95721529789124, 41.247851749231799 ], [ -6.957137678987765, 41.24781611545167 ], [ -6.957016906526528, 41.247771574329192 ], [ -6.956878540482068, 41.247730184809079 ], [ -6.956768127882883, 41.247693854667347 ], [ -6.956663389434108, 41.247713314434129 ], [ -6.956529731413024, 41.247722123959946 ], [ -6.956293561216595, 41.247733223285969 ], [ -6.956159442311425, 41.247727890497238 ], [ -6.956024026499332, 41.247715253757399 ], [ -6.955891300942787, 41.247712188602314 ], [ -6.955601352040804, 41.247708151914281 ], [ -6.955517899807787, 41.247725035310154 ], [ -6.955379470796532, 41.247733976579298 ], [ -6.955261348622271, 41.247728001430261 ], [ -6.95512782130591, 41.247709797779379 ], [ -6.95498850667318, 41.247681904978229 ], [ -6.954785670055302, 41.247643547523197 ], [ -6.954775258115626, 41.247638666137867 ], [ -6.954749173348842, 41.24762291318374 ], [ -6.954726780903457, 41.247620706710137 ], [ -6.954704495106727, 41.247619669141962 ], [ -6.954639328309212, 41.247594510327936 ], [ -6.954586964290303, 41.247561020582033 ], [ -6.954513170542005, 41.247498049346817 ], [ -6.954447727718594, 41.247421749408829 ], [ -6.954388429585331, 41.247342629266171 ], [ -6.954329347333766, 41.247251174928856 ], [ -6.954260090470966, 41.247141519246874 ], [ -6.954150605314505, 41.246966803783046 ], [ -6.954054771626881, 41.246822573288483 ], [ -6.953905983823969, 41.24659793759205 ], [ -6.953818266906635, 41.246453517210533 ], [ -6.953711675116556, 41.246290715329039 ], [ -6.953629302566993, 41.246187410473489 ], [ -6.953501127260767, 41.246037534903699 ], [ -6.953402561942882, 41.245939467268201 ], [ -6.953290263490588, 41.24584179274926 ], [ -6.953158083296409, 41.245748693674201 ], [ -6.953011568418923, 41.245663634847119 ], [ -6.952818787691602, 41.245543803498805 ], [ -6.952712448116204, 41.245486711994431 ], [ -6.952616968210421, 41.245449176777235 ], [ -6.952481276857288, 41.245405559305098 ], [ -6.952145481136816, 41.245318029623334 ], [ -6.952001423341728, 41.245302144514156 ], [ -6.951840444771585, 41.245297974488331 ], [ -6.951687200362566, 41.245301808922505 ], [ -6.951411602051759, 41.245316630984718 ], [ -6.951222445157306, 41.24534062439276 ], [ -6.951054905243454, 41.245369879877373 ], [ -6.949600173685742, 41.245378826583398 ], [ -6.94611523946851, 41.245323388540307 ], [ -6.94593991535718, 41.245327617050513 ], [ -6.945759807242601, 41.245332515373796 ], [ -6.945673968815852, 41.245336133859624 ], [ -6.945504199028543, 41.245343659531038 ], [ -6.945342328431702, 41.245349372907768 ], [ -6.94517990918787, 41.245359227635326 ], [ -6.945013174002881, 41.245370385491746 ], [ -6.94487170654681, 41.24537577122269 ], [ -6.944746493450099, 41.245373309205135 ], [ -6.944416120660666, 41.245401959098267 ], [ -6.944342486196755, 41.245429924239382 ], [ -6.944121082923364, 41.245508404616174 ], [ -6.943978301619413, 41.245553663369513 ], [ -6.943820906443846, 41.245595622285165 ], [ -6.943587273043665, 41.245651466206724 ], [ -6.943396645231591, 41.245703792318025 ], [ -6.943275042906422, 41.245745309097622 ], [ -6.942966940250662, 41.245855220011798 ], [ -6.942781524680917, 41.245929300403347 ], [ -6.942450384733186, 41.245848807421972 ], [ -6.942233061912328, 41.245952090029256 ], [ -6.942035255369052, 41.246064576324912 ], [ -6.941076155342026, 41.246272384257317 ], [ -6.940712919433579, 41.246297619166477 ], [ -6.940333724246354, 41.246406249117335 ], [ -6.938294627061714, 41.246600158921169 ], [ -6.937751484246355, 41.246762994404222 ], [ -6.937517744129079, 41.246889685345863 ], [ -6.937228299543396, 41.24708783179522 ], [ -6.937076493002965, 41.247169547090095 ], [ -6.937051915798572, 41.247274547475918 ], [ -6.936880124816153, 41.247287712818419 ], [ -6.936718091256481, 41.247302057981344 ], [ -6.936574699524504, 41.247315156028179 ], [ -6.936434469027766, 41.247317933070335 ], [ -6.936202560044181, 41.247317509450845 ], [ -6.935889311091328, 41.247322448672996 ], [ -6.935743003741802, 41.247331284389233 ], [ -6.935606289650543, 41.247344541619178 ], [ -6.935372095800709, 41.247371105420719 ], [ -6.935072582651257, 41.247401126364188 ], [ -6.934953949642829, 41.247403858030296 ], [ -6.934809894024093, 41.247413888312686 ], [ -6.934657631739776, 41.247422480585627 ], [ -6.934548114496215, 41.247415938079058 ], [ -6.934435118492507, 41.247397385746964 ], [ -6.93433120749341, 41.24737118447576 ], [ -6.933972972561831, 41.24733090743635 ], [ -6.933919536511945, 41.247291002522033 ], [ -6.933653914996549, 41.247117975442109 ], [ -6.933423267854692, 41.247035443014155 ], [ -6.933152174639712, 41.247057654226104 ], [ -6.932938560118547, 41.247055073676762 ], [ -6.93277763402064, 41.2469434599683 ], [ -6.932642933795859, 41.24678727875088 ], [ -6.932666050167788, 41.246710450167647 ], [ -6.932593922357271, 41.246551227888965 ], [ -6.932519029351515, 41.246288794633585 ], [ -6.932428048799173, 41.246064461388549 ], [ -6.932266803272118, 41.245846420993189 ], [ -6.932030618137011, 41.245695125783278 ], [ -6.931781631910145, 41.24552001872479 ], [ -6.93151276242652, 41.245316341941894 ], [ -6.931309503604121, 41.245158635909831 ], [ -6.931086591828948, 41.244934275791039 ], [ -6.931093565195197, 41.244735721504945 ], [ -6.931155885723442, 41.244569889301225 ], [ -6.931156785382471, 41.244559725086354 ], [ -6.931197186114287, 41.24447091643497 ], [ -6.931218478981021, 41.244310779473402 ], [ -6.93115924367632, 41.244145029691886 ], [ -6.93118786503072, 41.243943279862386 ], [ -6.931365490898757, 41.24372147319351 ], [ -6.931516025187675, 41.243546295180181 ], [ -6.931625605323092, 41.243359793840305 ], [ -6.931757469074664, 41.243083131143777 ], [ -6.931846902602987, 41.242921722363477 ], [ -6.931923226706704, 41.24274018696903 ], [ -6.931992435770659, 41.242628357329636 ], [ -6.93204354098429, 41.242540564923871 ], [ -6.932220901741903, 41.242463892160188 ], [ -6.93228956787018, 41.242361605405826 ], [ -6.932466853789542, 41.242249552086953 ], [ -6.932591053722508, 41.242241838766454 ], [ -6.932642999091125, 41.242238958002595 ], [ -6.93265672542165, 41.242199484457565 ], [ -6.932682376670243, 41.242101248231521 ], [ -6.932683230003089, 41.242034807655664 ], [ -6.932692034468774, 41.241918479618285 ], [ -6.932708141557428, 41.241833648957495 ], [ -6.932712878416045, 41.241737448350598 ], [ -6.932716464459885, 41.241541108623878 ], [ -6.932699318227123, 41.241460977077338 ], [ -6.932642131539638, 41.241404826152042 ], [ -6.932556267549071, 41.241370981587693 ], [ -6.932457253689025, 41.241364547545444 ], [ -6.93236764393679, 41.241372616089194 ], [ -6.932282256421375, 41.241390815777208 ], [ -6.932146412959733, 41.241402639189928 ], [ -6.932055801401511, 41.241380267140727 ], [ -6.931966341631766, 41.241340795845858 ], [ -6.931883379151075, 41.241291580619702 ], [ -6.931815044537819, 41.241238558009456 ], [ -6.931770528671021, 41.24118767113935 ], [ -6.931759120040457, 41.241133083328116 ], [ -6.931727511409414, 41.24106747183172 ], [ -6.931677970079881, 41.241004472533191 ], [ -6.929607553296631, 41.239424670744754 ], [ -6.929455598649922, 41.239417409684926 ], [ -6.929141290343676, 41.239404046880111 ], [ -6.928868457363673, 41.239399216143447 ], [ -6.921592994508518, 41.241116965751253 ], [ -6.921444874565172, 41.241166910697714 ], [ -6.921321005831149, 41.241214594095311 ], [ -6.921207463768479, 41.241265440215784 ], [ -6.921119199626753, 41.241303591089398 ], [ -6.920933064480749, 41.241383841477443 ], [ -6.920381290575586, 41.240773159682391 ], [ -6.920228905662997, 41.240601650020473 ], [ -6.920175669167408, 41.24052608862587 ], [ -6.919887182376998, 41.240115361749837 ], [ -6.919699125647182, 41.23974386238104 ], [ -6.919218150517707, 41.238788978134117 ], [ -6.919167783237026, 41.238680852957359 ], [ -6.919058600149594, 41.238392294215778 ], [ -6.918838662594561, 41.237816704001375 ], [ -6.91879166143954, 41.237719864639651 ], [ -6.918186645354851, 41.23658539468785 ], [ -6.918130473933352, 41.2364814396581 ], [ -6.917804377570014, 41.23586780970831 ], [ -6.917628443078957, 41.235551719270255 ], [ -6.917556102911753, 41.235406623261724 ], [ -6.91743525645572, 41.235156208511661 ], [ -6.917377333287576, 41.235030986967544 ], [ -6.916991447138415, 41.234310653449931 ], [ -6.916853938218254, 41.23403882072116 ], [ -6.916743240977698, 41.233839565094044 ], [ -6.916457214631846, 41.233298652985681 ], [ -6.916186044963051, 41.232760691105781 ], [ -6.916046253187398, 41.232619027481483 ], [ -6.915766077939933, 41.232368459922476 ], [ -6.915469145373888, 41.232107636277235 ], [ -6.915061609006526, 41.231746686916942 ], [ -6.914984585308938, 41.231655294472652 ], [ -6.914754251372717, 41.23133448389752 ], [ -6.91467342592303, 41.231248631691685 ], [ -6.914584696634133, 41.231184037964383 ], [ -6.914475469901618, 41.231112113153671 ], [ -6.914332753149402, 41.231025696544712 ], [ -6.914185154055141, 41.230893940639483 ], [ -6.913894017896583, 41.230726631318404 ], [ -6.913703159192788, 41.230413168815595 ], [ -6.91368508120532, 41.230371921795907 ], [ -6.913349071633802, 41.229899637537507 ], [ -6.913339181454811, 41.229754977984314 ], [ -6.913342111882637, 41.229672721440487 ], [ -6.913372445080825, 41.229586365751317 ], [ -6.913412984713667, 41.229489315172223 ], [ -6.913459375541199, 41.229392966744733 ], [ -6.91349309897996, 41.229301168896072 ], [ -6.913527160375852, 41.229191245952968 ], [ -6.913563021180498, 41.229058744706592 ], [ -6.91358204518192, 41.228961466155489 ], [ -6.913597550498004, 41.228821909840555 ], [ -6.913611607987376, 41.228760321874631 ], [ -6.913618677878514, 41.228681586500301 ], [ -6.913618627023747, 41.228614176574879 ], [ -6.913619834466018, 41.228549202954213 ], [ -6.913621561057901, 41.228418748698189 ], [ -6.913619804830654, 41.228297871127211 ], [ -6.913605539300661, 41.22820405495645 ], [ -6.91356935083192, 41.228105473955758 ], [ -6.913495486434588, 41.227988364286844 ], [ -6.913403391109633, 41.227883148417028 ], [ -6.913156263151691, 41.227612931994877 ], [ -6.912895609110069, 41.227375750553072 ], [ -6.912572744927419, 41.227090261650943 ], [ -6.912453510289904, 41.226986081801904 ], [ -6.912288457206529, 41.226902380042944 ], [ -6.912143098959134, 41.226845569379378 ], [ -6.912002470463091, 41.226805960428969 ], [ -6.911704418177225, 41.226742510842108 ], [ -6.911248305574785, 41.226672027626215 ], [ -6.910697225048429, 41.226626220993502 ], [ -6.910074492339846, 41.226571087811259 ], [ -6.909742100202197, 41.22655614031823 ], [ -6.909492006652767, 41.226587732148239 ], [ -6.909105315240425, 41.226646411353748 ], [ -6.908798474670316, 41.226680251756825 ], [ -6.908280851989336, 41.226701119142355 ], [ -6.907844999069813, 41.226724336470284 ], [ -6.907361102045018, 41.226724894423675 ], [ -6.907043933633521, 41.226704392670648 ], [ -6.906775901247413, 41.226684413410126 ], [ -6.906549443898945, 41.226664877337775 ], [ -6.906357324291188, 41.226628581068951 ], [ -6.906097281071763, 41.226571899489208 ], [ -6.905714884111034, 41.226434413989907 ], [ -6.90544695266779, 41.226250501293848 ], [ -6.905228877951774, 41.226100472321633 ], [ -6.905010535613723, 41.225964733940025 ], [ -6.90482898200406, 41.225886563949445 ], [ -6.90458442266912, 41.225802955589174 ], [ -6.904409001664682, 41.22573437931193 ], [ -6.904138758634929, 41.225674318713473 ], [ -6.903780359431888, 41.22560378822169 ], [ -6.903446574992471, 41.225566871241178 ], [ -6.903099636481004, 41.225558401386301 ], [ -6.902632904891837, 41.225543884488182 ], [ -6.902165994848279, 41.225538893628958 ], [ -6.90188837239363, 41.225535925190336 ], [ -6.901759278402651, 41.223389638163454 ], [ -6.901692714857194, 41.223161038431655 ], [ -6.901663404424873, 41.223057991014272 ], [ -6.901637984727082, 41.222944364073292 ], [ -6.901621944685863, 41.222820114573672 ], [ -6.901603818768996, 41.222699178744477 ], [ -6.901593421919033, 41.222636584220183 ], [ -6.901573634684853, 41.222515086771274 ], [ -6.901554731693563, 41.222391083955102 ], [ -6.901541056626013, 41.222248853511914 ], [ -6.901518477972536, 41.222117244398483 ], [ -6.901501542475886, 41.222047283969701 ], [ -6.901451818856354, 41.221798516923975 ], [ -6.901450475230559, 41.221730433133899 ], [ -6.90144144416981, 41.221595004449604 ], [ -6.901423677195493, 41.221467683163333 ], [ -6.901408797633006, 41.221351279509577 ], [ -6.90139269869625, 41.221173013355006 ], [ -6.901376997227024, 41.221037246777094 ], [ -6.901350520895744, 41.220916759983922 ], [ -6.901312359193772, 41.220751219051287 ], [ -6.901296519260621, 41.220641653547389 ], [ -6.90126505807482, 41.220468893728892 ], [ -6.901220555615088, 41.220355238067746 ], [ -6.901163619601096, 41.220250004066493 ], [ -6.901062926936394, 41.220055075664327 ], [ -6.901001414056138, 41.219958702075196 ], [ -6.900927346345616, 41.21985752101299 ], [ -6.900863445957619, 41.219767336367731 ], [ -6.900753636796956, 41.2196009437803 ], [ -6.900699493548971, 41.219505821225859 ], [ -6.9006626060027, 41.219406113923974 ], [ -6.900649061857083, 41.219295400562423 ], [ -6.900646448191029, 41.219173820201902 ], [ -6.900646912743847, 41.219008964381494 ], [ -6.900653640130026, 41.21880924181928 ], [ -6.900666096700871, 41.21864054718133 ], [ -6.900695424278121, 41.218533084840907 ], [ -6.900748848930117, 41.218443614714943 ], [ -6.900812333850551, 41.218358488622584 ], [ -6.900893392253293, 41.21822627588201 ], [ -6.900970437554173, 41.218092036550892 ], [ -6.901029509165985, 41.217994169242708 ], [ -6.901109573318639, 41.21787688966505 ], [ -6.901190546637619, 41.217736754957308 ], [ -6.901243224682725, 41.21762980790546 ], [ -6.90127120618429, 41.217530074448476 ], [ -6.901282669159052, 41.217453121802791 ], [ -6.901291972860125, 41.217331668912578 ], [ -6.901290618938541, 41.217244949346977 ], [ -6.901291012934866, 41.21718588540989 ], [ -6.901181164031961, 41.216607652584038 ], [ -6.901177813774874, 41.216544589513859 ], [ -6.901163013354886, 41.216437193304245 ], [ -6.901129653884732, 41.216352738842829 ], [ -6.901071735050309, 41.216217330760635 ], [ -6.90102892992757, 41.216115310102211 ], [ -6.90095099210173, 41.215902884359551 ], [ -6.90092646378468, 41.21579907745739 ], [ -6.900882217317121, 41.215653103502071 ], [ -6.900823614351654, 41.215484193910001 ], [ -6.900777969149945, 41.215330366939646 ], [ -6.900775054484964, 41.215250472791865 ], [ -6.900783939346351, 41.215170610387659 ], [ -6.900813923776627, 41.215046856802793 ], [ -6.900851784387275, 41.214973522672764 ], [ -6.90089504211027, 41.214911223988913 ], [ -6.90096889842135, 41.214806847394023 ], [ -6.900987380661752, 41.214794079382152 ], [ -6.90103532532191, 41.214761906926981 ], [ -6.901005724844965, 41.214750607980797 ], [ -6.900978380084935, 41.214739961645954 ], [ -6.900895846598629, 41.214709274221455 ], [ -6.900748169092826, 41.214635934389221 ], [ -6.900611060621949, 41.214552534757999 ], [ -6.900461459277741, 41.214467380498853 ], [ -6.900317671543349, 41.214390212728574 ], [ -6.90016263250588, 41.214334262028729 ], [ -6.899997344840992, 41.214284863438678 ], [ -6.899764854295732, 41.214219707174827 ], [ -6.899612973384745, 41.214192962591277 ], [ -6.899428602953916, 41.214149934391138 ], [ -6.899221061525711, 41.214108907698588 ], [ -6.89920617652708, 41.214107847785172 ], [ -6.899130300445118, 41.214103433940402 ], [ -6.899239267302235, 41.214015368236154 ], [ -6.899281336455519, 41.213959638453979 ], [ -6.899285490245509, 41.213934919205627 ], [ -6.89929307354568, 41.213886648872204 ], [ -6.899310392523366, 41.21379625490102 ], [ -6.899345016471362, 41.213679214367588 ], [ -6.89939625363217, 41.213528675885534 ], [ -6.899444529922418, 41.213383147905041 ], [ -6.899494235803054, 41.213212607636464 ], [ -6.899539644188217, 41.213080014673103 ], [ -6.899583745538445, 41.212928318257745 ], [ -6.899621804674304, 41.21276800417175 ], [ -6.899673498643273, 41.212497357663302 ], [ -6.899707671290296, 41.212321877844708 ], [ -6.899748122439089, 41.212155108225154 ], [ -6.899803829745879, 41.211982107338166 ], [ -6.899869152352819, 41.21174140729763 ], [ -6.899906020288328, 41.211593778699353 ], [ -6.899948563845172, 41.211435852639248 ], [ -6.899977573334906, 41.211275174050932 ], [ -6.899989353870085, 41.211123675127212 ], [ -6.899996564250992, 41.210961502504858 ], [ -6.899997945600649, 41.210805026428048 ], [ -6.8999911274537, 41.210730127252809 ], [ -6.899959133964972, 41.210592208501765 ], [ -6.899887987254187, 41.21043135583821 ], [ -6.899850833033525, 41.210346230012831 ], [ -6.899737850378395, 41.210228874212234 ], [ -6.899672205693164, 41.210175499284396 ], [ -6.899638795356647, 41.210170372852964 ], [ -6.899510143564116, 41.210138652846901 ], [ -6.899246015263905, 41.210095848533662 ], [ -6.89910891568982, 41.210075831029179 ], [ -6.898979911043943, 41.210043750090456 ], [ -6.898921855051475, 41.210018098433608 ], [ -6.898815247811123, 41.20994240326484 ], [ -6.898721574959947, 41.209851364234595 ], [ -6.898646467394111, 41.209742783532526 ], [ -6.898595897682969, 41.209616454207222 ], [ -6.898566976007699, 41.20947406507517 ], [ -6.898561522603691, 41.209402516428966 ], [ -6.89857460038198, 41.209264802281098 ], [ -6.898604807953254, 41.209122773370943 ], [ -6.898628593718437, 41.209049555514717 ], [ -6.898698418793416, 41.208899216501976 ], [ -6.898821252742791, 41.208669219782713 ], [ -6.898943765650239, 41.208455877833813 ], [ -6.899024705833368, 41.208310699094483 ], [ -6.899119264528388, 41.2080748191838 ], [ -6.899206898916049, 41.207845794484818 ], [ -6.899268545144233, 41.207680328010881 ], [ -6.89933927289047, 41.207424476401002 ], [ -6.899381718543576, 41.207265648084032 ], [ -6.899440474500993, 41.207094934495814 ], [ -6.899520555725247, 41.206919038813702 ], [ -6.899608112724171, 41.206757639508986 ], [ -6.899643867264509, 41.206675632929176 ], [ -6.899670136036741, 41.206590647037807 ], [ -6.899687787307981, 41.206501334234311 ], [ -6.899695404739872, 41.206413088973939 ], [ -6.899691722620335, 41.206329761331261 ], [ -6.899629603950316, 41.206107330193355 ], [ -6.899563863819037, 41.205957251744877 ], [ -6.89948398580152, 41.205804410621113 ], [ -6.899417486142753, 41.205656844175351 ], [ -6.899397198285128, 41.205588019674629 ], [ -6.899387381992044, 41.205513541182754 ], [ -6.899390205822519, 41.205439379100945 ], [ -6.899408062289845, 41.205364658658532 ], [ -6.899470589384931, 41.205209198615627 ], [ -6.89955155429746, 41.205062037887387 ], [ -6.899670649211915, 41.204909703944814 ], [ -6.899774294206341, 41.204729653845284 ], [ -6.899827734130876, 41.204657924722675 ], [ -6.8998924841923, 41.204587483627861 ], [ -6.900023768598732, 41.20447822729836 ], [ -6.900115170309745, 41.204410325187524 ], [ -6.900246508974334, 41.204304490712964 ], [ -6.900339448510489, 41.204230663122345 ], [ -6.900437686962829, 41.20416085125548 ], [ -6.900540780465796, 41.204105048429604 ], [ -6.9006394910986, 41.204067295811583 ], [ -6.900733150294827, 41.204037862799055 ], [ -6.900827853124284, 41.204016725492544 ], [ -6.900924522039928, 41.204004792363691 ], [ -6.901021659057017, 41.204012582102024 ], [ -6.901110606228596, 41.204037753765206 ], [ -6.901188575664838, 41.204069468199684 ], [ -6.901338956089778, 41.204175519284718 ], [ -6.90145945665185, 41.204266304773967 ], [ -6.901547688623134, 41.204329644664014 ], [ -6.901655753470826, 41.204390495381041 ], [ -6.90178875253104, 41.204450712227477 ], [ -6.901953534269661, 41.204507035947152 ], [ -6.902134795944505, 41.204555430176299 ], [ -6.902403933814682, 41.20462916251887 ], [ -6.902584384937358, 41.204676375052472 ], [ -6.902754524973688, 41.204726632144151 ], [ -6.902927078513003, 41.204782226250579 ], [ -6.903081382775039, 41.204837893478121 ], [ -6.903155683004068, 41.204868220383112 ], [ -6.903224815336861, 41.204901012272025 ], [ -6.903347152636969, 41.204970384898637 ], [ -6.903409147195705, 41.205002290983174 ], [ -6.903561611840153, 41.205041641516857 ], [ -6.903740384520868, 41.205057865836629 ], [ -6.903901294305713, 41.20505993843404 ], [ -6.904060050977241, 41.205036780124431 ], [ -6.9042468541465, 41.205024994077554 ], [ -6.904454929908776, 41.205016855347175 ], [ -6.904556309568719, 41.205014513716662 ], [ -6.904723422040809, 41.205023046010211 ], [ -6.904905041390444, 41.204835358352568 ], [ -6.904997310658693, 41.204759265232482 ], [ -6.905162461573687, 41.204617232061011 ], [ -6.905297346759492, 41.204518721091667 ], [ -6.905493858246962, 41.204370087816343 ], [ -6.905622503634739, 41.20428024835379 ], [ -6.905756939849048, 41.204186867953275 ], [ -6.905903136649282, 41.204076143097929 ], [ -6.906058438793992, 41.203963262272303 ], [ -6.906268153644003, 41.203803422358355 ], [ -6.906381397630329, 41.203701619944418 ], [ -6.906491046262466, 41.203594737754855 ], [ -6.906604022690262, 41.203475558970837 ], [ -6.906722063354039, 41.203353369033685 ], [ -6.906853340642328, 41.203250138378287 ], [ -6.906932687182994, 41.203208124107782 ], [ -6.9070963923652, 41.203143233730536 ], [ -6.907338310110104, 41.203052076266545 ], [ -6.907508081375958, 41.202981573726092 ], [ -6.907682550069613, 41.202895641176198 ], [ -6.907765403306826, 41.20284447592087 ], [ -6.907918565143002, 41.202744001646685 ], [ -6.908071177418954, 41.202653599542884 ], [ -6.908300003870475, 41.202522949498643 ], [ -6.908456697134007, 41.202430884919707 ], [ -6.908612339981867, 41.202331512078381 ], [ -6.908753310409732, 41.202225861166752 ], [ -6.908897917413232, 41.202123488396246 ], [ -6.909042750088364, 41.202028237336776 ], [ -6.909267423978198, 41.201883493090655 ], [ -6.909421699386717, 41.201780145525987 ], [ -6.909568064186151, 41.201666626465233 ], [ -6.909779181000115, 41.20151354707091 ], [ -6.909905862558604, 41.201432773261104 ], [ -6.910129810384674, 41.20128820237376 ], [ -6.91020394433255, 41.201224969151525 ], [ -6.911531680639608, 41.200529434475953 ], [ -6.912731490707621, 41.199421413656751 ], [ -6.91284587840053, 41.199340773686032 ], [ -6.913084539910904, 41.199205901670901 ], [ -6.913375343461553, 41.19909390522097 ], [ -6.913683180852302, 41.198905645834557 ], [ -6.913956012778977, 41.198721155963241 ], [ -6.914223800256141, 41.198564436356314 ], [ -6.914503235100405, 41.19848049756876 ], [ -6.914776047423483, 41.198432149476467 ], [ -6.91499351748539, 41.198333687631262 ], [ -6.915101604824477, 41.198194096745553 ], [ -6.915143020049845, 41.198030571922729 ], [ -6.915167897529338, 41.197832750407201 ], [ -6.915197701175522, 41.19767180575554 ], [ -6.915241083499827, 41.197543414791014 ], [ -6.915405474013577, 41.197394873859395 ], [ -6.915814598389397, 41.197130783298753 ], [ -6.917291000811796, 41.196110083796889 ], [ -6.917454224766957, 41.196005199032825 ], [ -6.917500994572662, 41.195970844370088 ], [ -6.91761913448523, 41.195886552020134 ], [ -6.917736029865364, 41.195811523290757 ], [ -6.917794207916168, 41.195765670979988 ], [ -6.917837589926696, 41.195721113042602 ], [ -6.917907756837175, 41.195568510844645 ], [ -6.917936936507261, 41.195505518451675 ], [ -6.917981252788371, 41.195403793653391 ], [ -6.918025643728609, 41.195317102797723 ], [ -6.918041371582285, 41.195272247568603 ], [ -6.918071775077222, 41.195201077059934 ], [ -6.918106325168209, 41.195143726501996 ], [ -6.918193878867304, 41.19502453433536 ], [ -6.918237477630808, 41.194980783488901 ], [ -6.918280071251675, 41.194933690520031 ], [ -6.918327874779329, 41.194888363266692 ], [ -6.918408997022119, 41.19481376771261 ], [ -6.918493611009622, 41.194730830653882 ], [ -6.918539525179693, 41.194684582975704 ], [ -6.918769473170288, 41.194432370622124 ], [ -6.918802679601383, 41.19438968229133 ], [ -6.918834466808313, 41.194346707062415 ], [ -6.918869589295382, 41.194297281369479 ], [ -6.918914242880882, 41.194241746963691 ], [ -6.918999055918908, 41.194128739861959 ], [ -6.919034109843302, 41.194083011360661 ], [ -6.919090681974478, 41.194007880048844 ], [ -6.919127662852841, 41.193961271426836 ], [ -6.919185764182592, 41.193880847393558 ], [ -6.919255193314433, 41.193787576891623 ], [ -6.919293744717974, 41.193739630558248 ], [ -6.919339020949716, 41.193688872894477 ], [ -6.919379604356716, 41.193647071610826 ], [ -6.919435735453868, 41.193596160897798 ], [ -6.919487514722547, 41.19355510605768 ], [ -6.919572392772167, 41.193496302745046 ], [ -6.919618444771329, 41.193461672213047 ], [ -6.919725334920768, 41.19338599393177 ], [ -6.919824720616961, 41.193329318788017 ], [ -6.91994462844437, 41.193271516357022 ], [ -6.920004602178484, 41.193244862266525 ], [ -6.920063205976638, 41.1932212568951 ], [ -6.920139835736599, 41.193190013239644 ], [ -6.92023701951046, 41.193149073450599 ], [ -6.920296747175263, 41.193122693039534 ], [ -6.920362035015187, 41.193092401263641 ], [ -6.920434639232631, 41.193059404243428 ], [ -6.920515820726694, 41.193020097410411 ], [ -6.920574773323031, 41.192990553668871 ], [ -6.92078596606686, 41.19289516962921 ], [ -6.920872285787307, 41.192855287252641 ], [ -6.920989611973369, 41.192795112788154 ], [ -6.921125264381984, 41.192730450773638 ], [ -6.921234652170883, 41.19268063721853 ], [ -6.921380916934073, 41.192622028364056 ], [ -6.921482056753907, 41.192586442440273 ], [ -6.921567953482528, 41.19255646135683 ], [ -6.921641032779259, 41.192530216212091 ], [ -6.921779115277788, 41.192475662636184 ], [ -6.921835769624074, 41.192454018543117 ], [ -6.921910576322866, 41.192418245288046 ], [ -6.921986593113821, 41.192374566537488 ], [ -6.922044659836534, 41.192341410193059 ], [ -6.922119212753956, 41.192292941103446 ], [ -6.922197711021618, 41.19223748938218 ], [ -6.922253651774224, 41.192196658021246 ], [ -6.922330524028644, 41.192126064083467 ], [ -6.922380331198292, 41.192048973631763 ], [ -6.922435241362908, 41.191960680826604 ], [ -6.922471780437569, 41.191898846887938 ], [ -6.922498330441076, 41.19185500519238 ], [ -6.922534776549385, 41.191798210730255 ], [ -6.922594728131732, 41.191714202752571 ], [ -6.922682644509482, 41.191593843047556 ], [ -6.922722574919935, 41.191548607649011 ], [ -6.92277270514364, 41.191499615797341 ], [ -6.92283200033065, 41.191451342428067 ], [ -6.922885649091197, 41.191411930914448 ], [ -6.92311018263991, 41.1912516725085 ], [ -6.923178443389538, 41.191208449901225 ], [ -6.923237936433328, 41.191175036006626 ], [ -6.923302949981166, 41.191139975609083 ], [ -6.923355195600921, 41.191118284440378 ], [ -6.923481528540942, 41.19109322513642 ], [ -6.923570312451337, 41.191087942210281 ], [ -6.92388634193077, 41.191079098515985 ], [ -6.923990677246977, 41.191077133591556 ], [ -6.924129963645585, 41.191073551922599 ], [ -6.924276001634309, 41.191072289274956 ], [ -6.924348363435888, 41.19107187473427 ], [ -6.924422885168953, 41.191070678755956 ], [ -6.924496480201449, 41.191074242457248 ], [ -6.9246284725725, 41.191091740485533 ], [ -6.924732109990001, 41.191127401862275 ], [ -6.924849748032624, 41.191173654764654 ], [ -6.924958313272079, 41.191200632797909 ], [ -6.925023721726075, 41.191247777294372 ], [ -6.925079621329298, 41.191287169445779 ], [ -6.925125335934378, 41.191316100052845 ], [ -6.925188240532108, 41.191357005384241 ], [ -6.925304029645369, 41.191406030589626 ], [ -6.925579752271779, 41.191483199423864 ], [ -6.925714269445675, 41.191518911799527 ], [ -6.925845161031618, 41.19155071606059 ], [ -6.925956358995498, 41.19158393446142 ], [ -6.926056428776531, 41.191626037475359 ], [ -6.926144589802613, 41.1916674771416 ], [ -6.926232946802759, 41.191724406688856 ], [ -6.926276217625373, 41.191763127460518 ], [ -6.92638532910622, 41.191903562910305 ], [ -6.926434351962448, 41.191954136523648 ], [ -6.926498211930594, 41.192007745082861 ], [ -6.926546473321169, 41.192034362554992 ], [ -6.926628950214868, 41.192067642235422 ], [ -6.926774554388618, 41.192109410415434 ], [ -6.92683050585659, 41.192171850868114 ], [ -6.926863412646873, 41.192223701529663 ], [ -6.926897778573145, 41.192260613513035 ], [ -6.926957297127796, 41.192304007150007 ], [ -6.92702783231841, 41.192338239251328 ], [ -6.927086711386684, 41.192358033670523 ], [ -6.927144528057958, 41.192370703721672 ], [ -6.927220725878556, 41.192401663502743 ], [ -6.927290662577854, 41.192449035111878 ], [ -6.927320663395323, 41.192496618799701 ], [ -6.927349694050046, 41.192538611601229 ], [ -6.927374892663876, 41.192588127686733 ], [ -6.927381698384801, 41.192704890734518 ], [ -6.927385424071109, 41.192761562614145 ], [ -6.927386494829851, 41.192807404517744 ], [ -6.927385059746633, 41.192866186037428 ], [ -6.927398414621547, 41.192911613615209 ], [ -6.927436839465339, 41.192948034893291 ], [ -6.927510420953496, 41.192978966188683 ], [ -6.927660449749728, 41.192942265026041 ], [ -6.927703910867519, 41.192905532283973 ], [ -6.927744335467031, 41.19287246120836 ], [ -6.927797731198877, 41.192827188516304 ], [ -6.927837159743373, 41.192789603148171 ], [ -6.927906854217814, 41.192726493764432 ], [ -6.927956018831677, 41.19268423539544 ], [ -6.928012787955941, 41.192636930572014 ], [ -6.928191736519778, 41.19255074067032 ], [ -6.92829025538061, 41.192521696096691 ], [ -6.92835385908468, 41.192504619928691 ], [ -6.928412211365042, 41.192488032633022 ], [ -6.928469162979217, 41.192470081846082 ], [ -6.92854119734679, 41.192441836883809 ], [ -6.928596367603486, 41.192423324454573 ], [ -6.928657065373624, 41.192402263136238 ], [ -6.928719695833347, 41.192380134308294 ], [ -6.928802440601512, 41.192352903407269 ], [ -6.92899208512901, 41.192294380156895 ], [ -6.929095369810681, 41.192265023661264 ], [ -6.929232878159776, 41.19222224864378 ], [ -6.929314548871057, 41.192194738723153 ], [ -6.929377183800055, 41.192172343061699 ], [ -6.929454458611853, 41.19214442602695 ], [ -6.929554884042419, 41.192108649044016 ], [ -6.929649437856725, 41.192074159419299 ], [ -6.929706821294177, 41.192052248038543 ], [ -6.929793778108427, 41.192022719380276 ], [ -6.929869434479166, 41.191998477721278 ], [ -6.929941265361636, 41.1919812192154 ], [ -6.930042616236483, 41.191960037162858 ], [ -6.930105044742065, 41.191948890429408 ], [ -6.930210429109423, 41.19192856073191 ], [ -6.93031605451895, 41.191901571345504 ], [ -6.930430293937414, 41.191866204401265 ], [ -6.930561662305077, 41.191806795276243 ], [ -6.930711620702985, 41.191734618753841 ], [ -6.930764592999985, 41.191712388860353 ], [ -6.930873304007831, 41.191673275684309 ], [ -6.931051568962796, 41.191624170027943 ], [ -6.931136944043254, 41.191609302270884 ], [ -6.931254858304063, 41.191601256990161 ], [ -6.931461789572395, 41.191607644820323 ], [ -6.931586500595265, 41.191631992030054 ], [ -6.931679283350497, 41.191655740377158 ], [ -6.931758467607987, 41.191679704246255 ], [ -6.931835248995974, 41.191698510675479 ], [ -6.932019291699206, 41.191737523585189 ], [ -6.932090199198441, 41.191751499123413 ], [ -6.932201894034263, 41.191777420686535 ], [ -6.932286737473071, 41.191798293586757 ], [ -6.932352852208941, 41.19181356779459 ], [ -6.932446799496631, 41.191825801558323 ], [ -6.932514211095127, 41.191828750919605 ], [ -6.932625865425002, 41.191830547947966 ], [ -6.932710157000742, 41.191829442153768 ], [ -6.932777886614952, 41.191828164564072 ], [ -6.932841730743119, 41.19182405877617 ], [ -6.932945550969043, 41.191804338751815 ], [ -6.93307635037092, 41.19176329092106 ], [ -6.933135614938426, 41.191742206894482 ], [ -6.933232763356029, 41.19170297099754 ], [ -6.933291073170913, 41.191675482251995 ], [ -6.933340312848387, 41.191648986669435 ], [ -6.933399241141915, 41.191620065461933 ], [ -6.933445992206394, 41.191592637196955 ], [ -6.933504673235204, 41.191564522824827 ], [ -6.933540007741406, 41.19156155940302 ], [ -6.933603154866257, 41.191556636465094 ], [ -6.933569068703883, 41.191504146939025 ], [ -6.933565380202494, 41.191458011280275 ], [ -6.933546159389977, 41.191387759395354 ], [ -6.933501779465933, 41.191311304533926 ], [ -6.933460731788408, 41.191254601482051 ], [ -6.933418913805848, 41.191201312837308 ], [ -6.933374268221245, 41.191132959721358 ], [ -6.933350652955292, 41.191081570565764 ], [ -6.933325718331225, 41.191036833372287 ], [ -6.933284826484188, 41.190991654388831 ], [ -6.933228968141466, 41.190949745494947 ], [ -6.933137029854715, 41.190866854052679 ], [ -6.933083677721899, 41.19081173431946 ], [ -6.933039005941382, 41.190725464497845 ], [ -6.933026582843026, 41.190674643013743 ], [ -6.932971925787818, 41.190547209639348 ], [ -6.932918634121035, 41.190462827226781 ], [ -6.932888296378489, 41.190414069129936 ], [ -6.932854861068115, 41.190365098657942 ], [ -6.932817982009925, 41.190321947628817 ], [ -6.932757334261262, 41.190261885897648 ], [ -6.932693326347817, 41.190196481206947 ], [ -6.932659767863957, 41.190154266949037 ], [ -6.932630091638793, 41.190108398782471 ], [ -6.93260109969776, 41.190064158474648 ], [ -6.932576659917918, 41.190018611404525 ], [ -6.932550901213477, 41.189941001485387 ], [ -6.93253487444893, 41.189878616260813 ], [ -6.932527342304413, 41.189820823432839 ], [ -6.932488213472253, 41.189718038281541 ], [ -6.932500656450737, 41.189708894717704 ], [ -6.932597684048116, 41.189617341714033 ], [ -6.932696256044284, 41.189506088507827 ], [ -6.93276375292499, 41.189419540824666 ], [ -6.932893634612409, 41.189258283732954 ], [ -6.932953482475419, 41.18916598184444 ], [ -6.933031720385756, 41.189058746529547 ], [ -6.933133029967041, 41.188941221312682 ], [ -6.933212551452085, 41.188848584943479 ], [ -6.933265793550238, 41.188785029791191 ], [ -6.933408041683019, 41.188605802752868 ], [ -6.933496827160083, 41.188495345483567 ], [ -6.933567126671639, 41.188398472718163 ], [ -6.933628712431021, 41.188289353644123 ], [ -6.933691059186066, 41.188177450296998 ], [ -6.9338722079101, 41.187884183321451 ], [ -6.933943306472732, 41.187723661619252 ], [ -6.934013189690201, 41.187551601094988 ], [ -6.934073497912503, 41.187407892807151 ], [ -6.934110056403839, 41.187304726574993 ], [ -6.934144942219203, 41.187208567894579 ], [ -6.93419154466083, 41.187084168343354 ], [ -6.934220645851873, 41.186978670709941 ], [ -6.934233540949204, 41.186800437791312 ], [ -6.934246398086271, 41.186605006682377 ], [ -6.934282415115131, 41.186204520987999 ], [ -6.934294922158529, 41.18606733989521 ], [ -6.934299633271539, 41.185972486851703 ], [ -6.934357470002273, 41.185741594959481 ], [ -6.93440920361057, 41.185603382416431 ], [ -6.934452189747057, 41.185448509489305 ], [ -6.934487304244786, 41.185300580493561 ], [ -6.934494450063506, 41.185176575950138 ], [ -6.93449029183267, 41.185077489591421 ], [ -6.934486055397247, 41.184937075489849 ], [ -6.934484419045291, 41.184784798559591 ], [ -6.934476833449551, 41.18458609228901 ], [ -6.934482016549445, 41.184445141431119 ], [ -6.934493016654359, 41.184312447530246 ], [ -6.934523445637264, 41.184172665239515 ], [ -6.934557642469272, 41.184055336012321 ], [ -6.934633999781916, 41.183893877144662 ], [ -6.934729250138382, 41.183735407894744 ], [ -6.93481330057838, 41.183616342738034 ], [ -6.934897521215722, 41.18347432608023 ], [ -6.93496542833873, 41.183318539861659 ], [ -6.935019317119202, 41.183206281160281 ], [ -6.935181246947999, 41.182966024201683 ], [ -6.935273181208953, 41.182845426265537 ], [ -6.935341689233587, 41.182761680525914 ], [ -6.935407619175274, 41.182681596904118 ], [ -6.935466600314659, 41.182584065795751 ], [ -6.935503246339096, 41.182496030396109 ], [ -6.935541382699036, 41.182364785473432 ], [ -6.935583194644527, 41.182215214025192 ], [ -6.935629923906253, 41.182064067551828 ], [ -6.935688593309147, 41.181885137945521 ], [ -6.935761871127851, 41.181709241497977 ], [ -6.935801609905937, 41.181594852570662 ], [ -6.935851393177829, 41.181413127449794 ], [ -6.935868580645998, 41.181306967878861 ], [ -6.935886769089017, 41.181191455360093 ], [ -6.935897096450241, 41.181069198988766 ], [ -6.935894991464482, 41.180981661884772 ], [ -6.935884763561386, 41.180928066777327 ], [ -6.935846435720243, 41.180787570120877 ], [ -6.935806714589394, 41.180697926653302 ], [ -6.935759030269582, 41.180593614655642 ], [ -6.93573861380053, 41.180510389197082 ], [ -6.935726201998702, 41.180413195183363 ], [ -6.935724903639138, 41.180340337714775 ], [ -6.935732589944958, 41.180225616414482 ], [ -6.935718630318723, 41.180154252536624 ], [ -6.935679391930704, 41.179670777014181 ], [ -6.935674261833254, 41.179605718654081 ], [ -6.935689386734851, 41.179547350243212 ], [ -6.935694886787585, 41.17947420148743 ], [ -6.93570095018296, 41.17938314495273 ], [ -6.9357088485925, 41.179276532222403 ], [ -6.935717503295711, 41.179213322561765 ], [ -6.935725111529267, 41.179161894675104 ], [ -6.9357359714295, 41.179095649250854 ], [ -6.935746755168757, 41.17901382415706 ], [ -6.935753192443406, 41.178967794649481 ], [ -6.935760150389124, 41.178912938442949 ], [ -6.93576974166894, 41.178857124566839 ], [ -6.935780722086224, 41.17880375533597 ], [ -6.935788047835948, 41.17875494109294 ], [ -6.935805951356465, 41.178543798533099 ], [ -6.935810128826899, 41.178477754642351 ], [ -6.935820728319711, 41.178327316446307 ], [ -6.935824628935192, 41.178257037751543 ], [ -6.93582619497055, 41.178210050877794 ], [ -6.935830371078004, 41.178163906009381 ], [ -6.935850952812992, 41.17801528145857 ], [ -6.935867208913073, 41.17790092021982 ], [ -6.935877079253153, 41.177830161533493 ], [ -6.93588385575269, 41.177765492563886 ], [ -6.93589089541294, 41.177686241501213 ], [ -6.935895935489436, 41.177612282063848 ], [ -6.935901278689623, 41.17754111254294 ], [ -6.935903029604441, 41.177464598664542 ], [ -6.935906545201945, 41.17739575570824 ], [ -6.935917725597403, 41.177292053852547 ], [ -6.935936148565421, 41.177183023928201 ], [ -6.935956402775552, 41.177071854754033 ], [ -6.9359665353622, 41.177006052827501 ], [ -6.935980671420787, 41.176923272979465 ], [ -6.935998049754566, 41.176845748305176 ], [ -6.936016828183512, 41.176756712041175 ], [ -6.936033634721973, 41.176697822589702 ], [ -6.936052958881704, 41.176611403177056 ], [ -6.936071691282505, 41.176524886667508 ], [ -6.936105690824848, 41.176418004909614 ], [ -6.93612391613035, 41.176359398509668 ], [ -6.936139065644451, 41.17629967694495 ], [ -6.936159123494668, 41.176225243279944 ], [ -6.936179658217554, 41.176177372142199 ], [ -6.936204877809058, 41.17612090936192 ], [ -6.936227584704167, 41.176064868865183 ], [ -6.936252998505872, 41.175997602277768 ], [ -6.936278675491194, 41.175935383413098 ], [ -6.936348072357582, 41.175788975888047 ], [ -6.936378558862637, 41.175704563262038 ], [ -6.936402035857414, 41.175599913117559 ], [ -6.936424436263392, 41.175495154535014 ], [ -6.936428524829385, 41.175479710876481 ], [ -6.936439700033657, 41.175435348568961 ], [ -6.936622040431565, 41.175460922997807 ], [ -6.936708934506773, 41.175479559311448 ], [ -6.93680652978732, 41.175499389014774 ], [ -6.937012167619914, 41.175535014796061 ], [ -6.937133538868814, 41.175557974269914 ], [ -6.937754329906468, 41.1756805615396 ], [ -6.93816300095948, 41.175467886789185 ], [ -6.939561448522072, 41.175152005838918 ], [ -6.940914920220641, 41.175095137657486 ], [ -6.941738356514045, 41.175115708319453 ], [ -6.942395983843348, 41.174907838368114 ], [ -6.944861119181788, 41.174311438673612 ], [ -6.945322197359305, 41.174059298163137 ], [ -6.945834269579481, 41.17372781782732 ], [ -6.946565263592752, 41.173216435228483 ], [ -6.946848617642083, 41.173005595051876 ], [ -6.947263790386885, 41.172720653567318 ], [ -6.947808373995869, 41.172362666839852 ], [ -6.94884023850022, 41.171678241858743 ], [ -6.949626614805857, 41.17123872331991 ], [ -6.950627001519298, 41.170712698337233 ], [ -6.951656539259206, 41.170134924363467 ], [ -6.952669842609207, 41.169571018384076 ], [ -6.953903576706742, 41.167735012888699 ], [ -6.971239969144179, 41.171398597314813 ], [ -6.971427220865165, 41.171375723142695 ], [ -6.971591725487584, 41.171385842641754 ], [ -6.971717697629576, 41.171438884036732 ], [ -6.971809310299796, 41.171501123194716 ], [ -6.971894274270586, 41.171561585360017 ], [ -6.972010702878308, 41.171655948243597 ], [ -6.972067004551429, 41.17171360105521 ], [ -6.972129987844391, 41.171770778247442 ], [ -6.972173217647742, 41.171812631167363 ], [ -6.972294301082339, 41.171913436309445 ], [ -6.97235422446633, 41.171961308296424 ], [ -6.972443802402675, 41.172010560513051 ], [ -6.972553942384657, 41.172062903887792 ], [ -6.972643475752684, 41.172094239109704 ], [ -6.972725657727056, 41.172123699368676 ], [ -6.97280038868811, 41.172149838516127 ], [ -6.972909778564503, 41.172177052509539 ], [ -6.972990660535973, 41.172192270278522 ], [ -6.973169349494001, 41.172215676422425 ], [ -6.973304735261927, 41.172221269161213 ], [ -6.973477528154087, 41.172221028266726 ], [ -6.973589008313758, 41.172217645065857 ], [ -6.973733461957853, 41.172215766040111 ], [ -6.973815127469076, 41.172213794156356 ], [ -6.973920827589113, 41.172213417451964 ], [ -6.974005778684826, 41.172214270679888 ], [ -6.974106229178508, 41.172221221644236 ], [ -6.974191630864234, 41.172230180273402 ], [ -6.974345602002876, 41.17224298202207 ], [ -6.97445839764751, 41.172245824956228 ], [ -6.974517900357184, 41.17225038718923 ], [ -6.974656651537774, 41.172261592046397 ], [ -6.974746271077382, 41.172260780905454 ], [ -6.974825925389471, 41.172257712083884 ], [ -6.974982288703526, 41.172243160023321 ], [ -6.975057573216991, 41.172237792467229 ], [ -6.975121673213645, 41.17223843520285 ], [ -6.975267531843325, 41.172244945809759 ], [ -6.975344007495568, 41.172253276299521 ], [ -6.975422451991385, 41.172264774369268 ], [ -6.975541756494315, 41.172277226935513 ], [ -6.975603486965803, 41.172283521781758 ], [ -6.975741072340671, 41.172293273857228 ], [ -6.975818915799523, 41.172291534066751 ], [ -6.975892298010712, 41.1722860559073 ], [ -6.975993376371005, 41.172277525353536 ], [ -6.976105455079096, 41.172260102908254 ], [ -6.976179873983046, 41.172243380733896 ], [ -6.976269157952684, 41.172227978365974 ], [ -6.976333370447851, 41.172215385504217 ], [ -6.976426029900879, 41.172197767690292 ], [ -6.97648478709701, 41.172183680194678 ], [ -6.976569623847027, 41.172163731770922 ], [ -6.976733231682119, 41.172136646117536 ], [ -6.976800006189554, 41.172127499384018 ], [ -6.977017728132252, 41.172092499067212 ], [ -6.97708310172951, 41.172081627323806 ], [ -6.97720340147429, 41.172057529638117 ], [ -6.977298435751275, 41.172033994038571 ], [ -6.977424018329043, 41.172007427986777 ], [ -6.977507723776372, 41.171990798140449 ], [ -6.977721007881517, 41.171930534125373 ], [ -6.977836670691975, 41.171899370546058 ], [ -6.977917090174965, 41.171879914360886 ], [ -6.978018677339184, 41.1718626522336 ], [ -6.978117718828578, 41.171841404474826 ], [ -6.97819615629512, 41.171825893630661 ], [ -6.9782905739721, 41.171816936798074 ], [ -6.97838716760142, 41.171826365605952 ], [ -6.978466673693188, 41.171838416995662 ], [ -6.978580674982809, 41.171854142967085 ], [ -6.978665639963349, 41.171854183424301 ], [ -6.97873306794849, 41.171848372741628 ], [ -6.978805563035287, 41.171838743736458 ], [ -6.978914385039328, 41.171830468309928 ], [ -6.978999359444176, 41.171829970168872 ], [ -6.979108834506612, 41.171831874857268 ], [ -6.979183175730949, 41.171832885372005 ], [ -6.979267037224719, 41.171834624211073 ], [ -6.979401082029724, 41.171835063997371 ], [ -6.979490130150632, 41.171833166544602 ], [ -6.979575393402542, 41.171829788653092 ], [ -6.979651381369627, 41.171824962681882 ], [ -6.979819630873378, 41.171804944137179 ], [ -6.979945206186767, 41.171779185627742 ], [ -6.980015812949837, 41.171768635639445 ], [ -6.980105411034837, 41.171755755489421 ], [ -6.980199371984392, 41.171745438297989 ], [ -6.98040901822578, 41.171722773696217 ], [ -6.980501548175215, 41.171712442835421 ], [ -6.98057875843397, 41.1717059240043 ], [ -6.980643305399996, 41.171701435788805 ], [ -6.980759676684316, 41.171690532925119 ], [ -6.980857483523845, 41.171678543794918 ], [ -6.981027158148873, 41.1716588952047 ], [ -6.98110193687568, 41.17164811976167 ], [ -6.981210521223287, 41.171633174034973 ], [ -6.98127931362864, 41.171617473674921 ], [ -6.981390767206356, 41.171587703276671 ], [ -6.981484366485605, 41.171557392269968 ], [ -6.981544779626485, 41.171536838478282 ], [ -6.981601989539296, 41.171522822934023 ], [ -6.981677076893932, 41.171508086588219 ], [ -6.981770133275001, 41.171488214700496 ], [ -6.981941554504589, 41.171456969605707 ], [ -6.982022178044157, 41.171446246583315 ], [ -6.98210362603146, 41.171436075593014 ], [ -6.982171470231937, 41.171426936429178 ], [ -6.982397202424051, 41.171403890509872 ], [ -6.982507263612933, 41.171392830986086 ], [ -6.982599788143422, 41.171382764903726 ], [ -6.982663516832741, 41.171377548850558 ], [ -6.982922415302541, 41.171372749606206 ], [ -6.983021454181311, 41.171371754166437 ], [ -6.983082226967804, 41.171371820794754 ], [ -6.983287586616195, 41.171362612520127 ], [ -6.98347546934421, 41.171350708266402 ], [ -6.983566405544862, 41.171343146705475 ], [ -6.983678678551738, 41.171334992158336 ], [ -6.983760590511196, 41.171332205303933 ], [ -6.98386018568222, 41.171326717135138 ], [ -6.984032639599506, 41.171318261456726 ], [ -6.984168537145143, 41.171301335318375 ], [ -6.984300961478945, 41.171265286534684 ], [ -6.984407639640776, 41.171215656503094 ], [ -6.984529887016466, 41.171161678684825 ], [ -6.984677499237715, 41.171129382584539 ], [ -6.984762215582514, 41.171116178198908 ], [ -6.984842412604932, 41.171088613936845 ], [ -6.984967831304416, 41.171071225810103 ], [ -6.985152714086925, 41.171061000591472 ], [ -6.985232840138709, 41.171058103945143 ], [ -6.985309934944572, 41.171058061053259 ], [ -6.985429753550563, 41.171061320690903 ], [ -6.985562829223618, 41.171056163785515 ], [ -6.985633280651187, 41.171047591505797 ], [ -6.985739137019044, 41.171017937598698 ], [ -6.985847392060042, 41.170918889298015 ], [ -6.985887714426346, 41.17087507892149 ], [ -6.985955650742835, 41.170819749987523 ], [ -6.986073243712167, 41.170738535306739 ], [ -6.986124737960528, 41.170710050381501 ], [ -6.986197505828216, 41.170678090102079 ], [ -6.986328761072949, 41.17062681216327 ], [ -6.986432489520434, 41.170596059531491 ], [ -6.986490715233837, 41.170584844743217 ], [ -6.986606756515158, 41.170572130046942 ], [ -6.98672794304997, 41.170565229089242 ], [ -6.986863288139706, 41.170552797224474 ], [ -6.986945731681764, 41.170546863748086 ], [ -6.98701509954999, 41.170538819183186 ], [ -6.987161419747346, 41.170519110102461 ], [ -6.98725705020059, 41.170501514012479 ], [ -6.987348353358295, 41.170479639252015 ], [ -6.987432741836851, 41.170464451427556 ], [ -6.987535726763471, 41.170448905572542 ], [ -6.987614179788042, 41.170432759062635 ], [ -6.987687778941948, 41.170421151825941 ], [ -6.987812465302644, 41.170405193068149 ], [ -6.987890167735397, 41.170390743386264 ], [ -6.987974401491653, 41.17036376182277 ], [ -6.988068073323177, 41.170328942300415 ], [ -6.988139837341056, 41.170313358314786 ], [ -6.988209779057457, 41.170299913557024 ], [ -6.988275551561782, 41.1702865236566 ], [ -6.988336729090077, 41.170277042656352 ], [ -6.988419310099307, 41.170263184958444 ], [ -6.988548653213257, 41.170232413077969 ], [ -6.988626769414894, 41.170214913710439 ], [ -6.988704497667444, 41.170199025774927 ], [ -6.988774407790125, 41.170187382985233 ], [ -6.988959895619919, 41.170162480027813 ], [ -6.989050050443747, 41.170158332434312 ], [ -6.989161754239454, 41.170155208285948 ], [ -6.989195000085985, 41.170155266582697 ], [ -6.989333834446496, 41.170154665473028 ], [ -6.989460659048299, 41.170145477456231 ], [ -6.989518652689554, 41.170133714078744 ], [ -6.989778829447465, 41.170103336770651 ], [ -6.989892129325237, 41.170097707503295 ], [ -6.989974890357609, 41.170093752312468 ], [ -6.990096718553626, 41.170091272498325 ], [ -6.99016062293891, 41.170096135952718 ], [ -6.99026587644076, 41.170107890867584 ], [ -6.990349083180067, 41.170119703355226 ], [ -6.990444544953938, 41.170132442343309 ], [ -6.99053963251437, 41.17014607795246 ], [ -6.990684372446748, 41.170155078176855 ], [ -6.990825562611382, 41.170169979432231 ], [ -6.990899159500675, 41.170179171450819 ], [ -6.990966248247363, 41.170192801843974 ], [ -6.991149307380284, 41.170225229360064 ], [ -6.991274478389023, 41.170243121768927 ], [ -6.991346851190386, 41.1702541931325 ], [ -6.99145751049551, 41.170277260212167 ], [ -6.991573087083556, 41.170291641021919 ], [ -6.991659992707536, 41.170302854435256 ], [ -6.991823421953042, 41.170326977207402 ], [ -6.992044978608998, 41.170365817560466 ], [ -6.992196640753694, 41.170360837130666 ], [ -6.992460076495226, 41.170355244697241 ], [ -6.992580885379826, 41.170363190645013 ], [ -6.992697814895381, 41.17038911170912 ], [ -6.992795009754733, 41.170411766849973 ], [ -6.992872462905051, 41.170432522874172 ], [ -6.992983847118766, 41.170468741691586 ], [ -6.993124870467707, 41.170520554500158 ], [ -6.993143041211244, 41.170524064987603 ], [ -6.993177590464033, 41.170531158255649 ], [ -6.993258573700404, 41.170540692901696 ], [ -6.99373644912362, 41.170600250414772 ], [ -6.993843220629287, 41.170627502378814 ], [ -6.99396652104963, 41.170643129531506 ], [ -6.994090664462723, 41.170699730968053 ], [ -6.994277560783598, 41.170765413995426 ], [ -6.994461203820792, 41.170826380608077 ], [ -6.994523729560751, 41.170828617716289 ], [ -6.99464745707439, 41.170798683876697 ], [ -6.994774866219569, 41.170790039636117 ], [ -6.995061921987685, 41.170728221535839 ], [ -6.995060751673313, 41.170775118775445 ], [ -6.995054986222768, 41.17095739448559 ], [ -6.994955607938856, 41.174212997303869 ], [ -6.994559463466554, 41.187204869397561 ], [ -6.994559288723881, 41.187214955866615 ], [ -6.994528864064468, 41.187251209017305 ], [ -6.992593024126717, 41.189539911079109 ], [ -6.990435236473689, 41.189670997468177 ], [ -6.98611789206986, 41.189842007904929 ], [ -6.986083021308656, 41.189914052604685 ], [ -6.986063306009522, 41.189957977194929 ], [ -6.986040465975253, 41.190010060781098 ], [ -6.985999202510311, 41.190086545624034 ], [ -6.985971957401134, 41.190131566623343 ], [ -6.985933227574849, 41.190185742923148 ], [ -6.985899197550525, 41.190230158769538 ], [ -6.985871309238269, 41.190271117891733 ], [ -6.98575226390866, 41.190412915975969 ], [ -6.985714377151926, 41.190452784989183 ], [ -6.985668825037899, 41.19050212825379 ], [ -6.985597191580403, 41.190570023862193 ], [ -6.985482981997965, 41.190667125801745 ], [ -6.985443986830171, 41.190702124167863 ], [ -6.985346330585637, 41.190792899888088 ], [ -6.985266081998342, 41.190869806253843 ], [ -6.985224681601748, 41.190913241715684 ], [ -6.98517447604344, 41.190955515200507 ], [ -6.985127200762894, 41.19099394161244 ], [ -6.985049077134048, 41.191051326522917 ], [ -6.984995853810273, 41.19108906599525 ], [ -6.984943507615213, 41.191124560463486 ], [ -6.984877904976836, 41.191167851732075 ], [ -6.984821011032605, 41.191204381289069 ], [ -6.984653853289665, 41.191288885317675 ], [ -6.984563708477528, 41.191331565177386 ], [ -6.984501384313449, 41.191357957632164 ], [ -6.984283768659457, 41.191444388029772 ], [ -6.984184067541888, 41.191481664341552 ], [ -6.984110674875192, 41.191507136683754 ], [ -6.984045440202536, 41.191529264324856 ], [ -6.983980220860285, 41.191550853637096 ], [ -6.98386267844861, 41.191585702410087 ], [ -6.983774028557593, 41.191604536623409 ], [ -6.983669786655526, 41.191621777183755 ], [ -6.983560470041839, 41.191635903799508 ], [ -6.983360817336347, 41.191656425327132 ], [ -6.983270179867712, 41.191665875952623 ], [ -6.983099998611602, 41.191684170150552 ], [ -6.982977625738283, 41.1916953772581 ], [ -6.982887745065334, 41.191702581416635 ], [ -6.982784751880993, 41.191709750865648 ], [ -6.982704927457981, 41.191714535089943 ], [ -6.982626634111231, 41.191719967542802 ], [ -6.982509547073635, 41.191728616674872 ], [ -6.982431131841317, 41.191734677162771 ], [ -6.982346160187983, 41.191740491096638 ], [ -6.982280146909008, 41.191746046928529 ], [ -6.982321014679148, 41.191794624521627 ], [ -6.982361894711517, 41.19184284566056 ], [ -6.982435068923978, 41.191918668274077 ], [ -6.982499837828754, 41.191984320475449 ], [ -6.982620392857156, 41.192097803269249 ], [ -6.982713873630012, 41.192164283342436 ], [ -6.982766354517795, 41.192230627506689 ], [ -6.98283317828716, 41.192288017183436 ], [ -6.982910966786542, 41.192352183867868 ], [ -6.982978133753945, 41.192410206273891 ], [ -6.983038368163784, 41.192455559981866 ], [ -6.983100095877163, 41.19250461214434 ], [ -6.983223707161546, 41.192593008815876 ], [ -6.983305245399807, 41.192640547005929 ], [ -6.983387451060375, 41.192690618349374 ], [ -6.983479974396787, 41.192744124151467 ], [ -6.983595737575422, 41.192797684486393 ], [ -6.98366605097542, 41.192839168572668 ], [ -6.983833429128048, 41.192920165185797 ], [ -6.983934770283947, 41.192959710444931 ], [ -6.984037457320941, 41.19299080520053 ], [ -6.984114210330622, 41.193012188611519 ], [ -6.984189146501266, 41.19302806495169 ], [ -6.98420258284322, 41.19302990888302 ], [ -6.984347041662285, 41.193051065408014 ], [ -6.984415934136398, 41.193051479815097 ], [ -6.984508760699334, 41.193046462133786 ], [ -6.984586023362787, 41.193038224157789 ], [ -6.984678530468983, 41.193030953931682 ], [ -6.984824119116715, 41.193014753252861 ], [ -6.983711567672365, 41.193987365087764 ], [ -6.983607524394174, 41.194081949968592 ], [ -6.98352665627525, 41.194145882990362 ], [ -6.98344052739349, 41.194218135433239 ], [ -6.983387504079367, 41.194264339069747 ], [ -6.983324983896975, 41.19432926460027 ], [ -6.983275667646109, 41.194395494270999 ], [ -6.983210755803775, 41.194488219385562 ], [ -6.983132812394882, 41.194603144459919 ], [ -6.982933085458004, 41.19487973618233 ], [ -6.982873612457505, 41.194960721867822 ], [ -6.982815670952318, 41.195036405006157 ], [ -6.982763134880518, 41.19510278326517 ], [ -6.982686898818871, 41.195201876085221 ], [ -6.982595666780281, 41.195327021817235 ], [ -6.982433305193305, 41.195558969114728 ], [ -6.982373133190567, 41.195653180847415 ], [ -6.982293637887679, 41.195767998873066 ], [ -6.982183967037646, 41.195904482515949 ], [ -6.982092567861796, 41.196018915799989 ], [ -6.981906871562336, 41.196262422623121 ], [ -6.981826543061809, 41.196363814094902 ], [ -6.981677476676646, 41.19656464812244 ], [ -6.981617695958159, 41.196636351342285 ], [ -6.981543549878531, 41.19672475301082 ], [ -6.981484181225995, 41.196793129669061 ], [ -6.981424434357471, 41.196869337865564 ], [ -6.98138877387266, 41.196924714679966 ], [ -6.981367890964473, 41.196967005985577 ], [ -6.978462896249416, 41.200352557118016 ], [ -6.978432765615621, 41.200493435299428 ], [ -6.978372833603332, 41.200620874078233 ], [ -6.978291054085926, 41.200736029162393 ], [ -6.978191116727657, 41.20084676565456 ], [ -6.977972694996536, 41.201085974027883 ], [ -6.977857752895653, 41.201202149429967 ], [ -6.977748445055433, 41.20129640410002 ], [ -6.977628072572662, 41.201382719494532 ], [ -6.977493008692913, 41.201470592696047 ], [ -6.977294684110713, 41.201603668722299 ], [ -6.977125926640595, 41.201729381459273 ], [ -6.97703395458167, 41.201814360591868 ], [ -6.976935889333903, 41.201919982436294 ], [ -6.976933904315023, 41.201951479462693 ], [ -6.976949761343668, 41.201978646391403 ], [ -6.977015008774194, 41.202024054425763 ], [ -6.977106152332753, 41.202047745256465 ], [ -6.977159829308454, 41.202046033990371 ], [ -6.977324122235319, 41.202025169352218 ], [ -6.977414373679269, 41.202024901050841 ], [ -6.9774875126426, 41.202055258475951 ], [ -6.97754588877486, 41.20210500474542 ], [ -6.977568462217254, 41.202136747328858 ], [ -6.977578550764895, 41.202220761124913 ], [ -6.977571074481975, 41.202327568046982 ], [ -6.977571042776731, 41.202437864917918 ], [ -6.977575788623187, 41.202588728055275 ], [ -6.977570767756129, 41.20274570689017 ], [ -6.977547223765128, 41.202837223018051 ], [ -6.977520350388026, 41.202880803164888 ], [ -6.977428536447118, 41.202956324501947 ], [ -6.977368720875718, 41.202988414344446 ], [ -6.977244852912682, 41.203042543381024 ], [ -6.977068630886756, 41.203124967824074 ], [ -6.976962925293453, 41.203183786330371 ], [ -6.976796430195937, 41.203268823750996 ], [ -6.976685678690978, 41.203316065218687 ], [ -6.976587629365491, 41.203339574267844 ], [ -6.976448156457121, 41.203304682734242 ], [ -6.975824543505801, 41.204130486685784 ], [ -6.975135146401811, 41.205048726731157 ], [ -6.974727783131496, 41.205941796467293 ], [ -6.974419615902018, 41.206752751685741 ], [ -6.973866120464266, 41.20813623494044 ], [ -6.973955887675959, 41.208157121347604 ], [ -6.974083831643012, 41.208196947533317 ], [ -6.974209744215485, 41.208237375312891 ], [ -6.974358138395996, 41.208293975388074 ], [ -6.974459643121778, 41.208372965680823 ], [ -6.974513029379779, 41.208469395219893 ], [ -6.974562874591414, 41.208516088483108 ], [ -6.974689814594581, 41.208565981241257 ], [ -6.974795186191455, 41.208634931892284 ], [ -6.974936089338301, 41.208737909624254 ], [ -6.975143614619573, 41.208883517909264 ], [ -6.975188239112705, 41.208956265676321 ], [ -6.97523157746615, 41.209115350343872 ], [ -6.975230600161924, 41.209191333895056 ], [ -6.975242706621306, 41.209289330680072 ], [ -6.975244765889078, 41.209362015061707 ], [ -6.975277724526643, 41.20945400691523 ], [ -6.975367941174175, 41.209496868452575 ], [ -6.975451600961632, 41.209526160608227 ], [ -6.975493599465131, 41.20957889283514 ], [ -6.975551455359655, 41.209800884323023 ], [ -6.975579622617488, 41.20987373840935 ], [ -6.975648028975501, 41.209950146600768 ], [ -6.975787400752416, 41.210052570345098 ], [ -6.975857793480802, 41.21013800333629 ], [ -6.975872977322752, 41.210230446653249 ], [ -6.975871520209379, 41.210292831045983 ], [ -6.97586275193981, 41.210343972423303 ], [ -6.975843054973002, 41.210406264439783 ], [ -6.975877698994964, 41.210449922147809 ], [ -6.975977862054727, 41.210469743633901 ], [ -6.976072317773807, 41.210482308037307 ], [ -6.976134520654218, 41.210525070258278 ], [ -6.976148301982962, 41.210588865631898 ], [ -6.976143494412137, 41.210672106679269 ], [ -6.976100590592131, 41.210888310551624 ], [ -6.976066718078833, 41.210970082707931 ], [ -6.975973773617315, 41.211061713149853 ], [ -6.975890281154775, 41.211110756567585 ], [ -6.975783324414224, 41.211192610784799 ], [ -6.97566618566376, 41.211269949663013 ], [ -6.975597153052481, 41.211296899990245 ], [ -6.975610668956919, 41.211308023511243 ], [ -6.975623961195193, 41.21131823987443 ], [ -6.975656648348404, 41.211344409198645 ], [ -6.9757073356457, 41.211384353772438 ], [ -6.975742952424407, 41.211413163696363 ], [ -6.976382727443214, 41.211923983614817 ], [ -6.976381441373095, 41.211949811440725 ], [ -6.97637993388547, 41.212015078416563 ], [ -6.97638317711085, 41.212088312184903 ], [ -6.976392526211018, 41.212173944649621 ], [ -6.976415796116648, 41.212287806011645 ], [ -6.976441468822197, 41.212414657346052 ], [ -6.97645623324859, 41.212531049834624 ], [ -6.976474050018477, 41.212664035942389 ], [ -6.976498341547494, 41.212788081225085 ], [ -6.97654320004864, 41.213010303520818 ], [ -6.97656565730869, 41.213150360279734 ], [ -6.976606459853935, 41.213291410755119 ], [ -6.976637101401922, 41.213352491385585 ], [ -6.976714527454564, 41.213458795629272 ], [ -6.976835503302729, 41.213617847111308 ], [ -6.976938564343772, 41.213751420788711 ], [ -6.977055417933856, 41.213886839118601 ], [ -6.97717083881138, 41.213995771923997 ], [ -6.977328248624024, 41.214137452448234 ], [ -6.977425725363659, 41.214229008934126 ], [ -6.977534523828552, 41.214334544304478 ], [ -6.977661793288262, 41.214454494032083 ], [ -6.977787720549721, 41.214562450256416 ], [ -6.977913756736044, 41.214664645740761 ], [ -6.978027273910001, 41.214752760117861 ], [ -6.978129705032537, 41.214840767684258 ], [ -6.978173856166806, 41.214893520495998 ], [ -6.97825849892136, 41.21501673095247 ], [ -6.978333172901461, 41.215137053714102 ], [ -6.978390522855053, 41.215246305087497 ], [ -6.978476427805179, 41.215385733532486 ], [ -6.978558573714553, 41.215542773964614 ], [ -6.978612404044221, 41.215662078072057 ], [ -6.978668536633316, 41.215752319442778 ], [ -6.978722743426668, 41.215809137342035 ], [ -6.978802449781018, 41.215874401836139 ], [ -6.978861559486988, 41.215903173474594 ], [ -6.978949710762788, 41.215956100530178 ], [ -6.978987944867618, 41.21598574423912 ], [ -6.979035874328114, 41.216012965777274 ], [ -6.979104977527966, 41.216043462685576 ], [ -6.979184739482756, 41.216085045012214 ], [ -6.979321956508287, 41.216148006885234 ], [ -6.97954813117337, 41.21623130319832 ], [ -6.979697521451548, 41.216293575315468 ], [ -6.979756999763317, 41.216329102325922 ], [ -6.979836508517012, 41.216384734289917 ], [ -6.979898433994819, 41.216443878156262 ], [ -6.979942471313772, 41.216503115662654 ], [ -6.979981870860449, 41.216547985760783 ], [ -6.980018008680062, 41.21657482227964 ], [ -6.980020301146345, 41.216593390883865 ], [ -6.980021528219977, 41.216605201181984 ], [ -6.980055545125131, 41.216895916211854 ], [ -6.980072930533645, 41.217053662115731 ], [ -6.980097697505767, 41.217150970202326 ], [ -6.980092068432521, 41.217342880209479 ], [ -6.980020121713045, 41.217535746826236 ], [ -6.979962820630933, 41.217784131375517 ], [ -6.979990873351468, 41.218054801247625 ], [ -6.98003161680229, 41.218219890646751 ], [ -6.980040887516338, 41.218500727954499 ], [ -6.98004703266573, 41.218612797166628 ], [ -6.980048440940568, 41.218831609663305 ], [ -6.980053406442035, 41.219167597745241 ], [ -6.98006046510788, 41.219336218814377 ], [ -6.980097569881691, 41.219498393125299 ], [ -6.980186290435761, 41.219600576162335 ], [ -6.980311467710403, 41.219704562086143 ], [ -6.980633854580179, 41.220000678430054 ], [ -6.980837669837587, 41.220197111156487 ], [ -6.981215634897437, 41.22052755172141 ], [ -6.97897993486574, 41.221831577491599 ], [ -6.978815617331127, 41.222170375006506 ], [ -6.97885912979407, 41.222178100887945 ], [ -6.978922279652866, 41.222208628254009 ], [ -6.978968309450182, 41.222262753753398 ], [ -6.978996274308034, 41.222348027729744 ], [ -6.9790176763747, 41.22244647456197 ], [ -6.97903969343102, 41.222551321323834 ], [ -6.979067375506887, 41.222652351320818 ], [ -6.979096889297557, 41.222751150458521 ], [ -6.979138402722889, 41.22291336917106 ], [ -6.979164567861168, 41.223032934064157 ], [ -6.979196735015941, 41.223157057519934 ], [ -6.979228416528835, 41.223261462648189 ], [ -6.979253092193574, 41.223364082288498 ], [ -6.97928428470671, 41.223543394323286 ], [ -6.979308587331016, 41.223680948590975 ], [ -6.97933311024256, 41.223812828910553 ], [ -6.979342189159881, 41.2239342061211 ], [ -6.979338019051085, 41.224001689238648 ], [ -6.979311504593094, 41.22413342638341 ], [ -6.979256008868305, 41.224346442493705 ], [ -6.979198463238796, 41.224547015150719 ], [ -6.979159178324412, 41.224678801641836 ], [ -6.979128921400176, 41.224813016948467 ], [ -6.979119238095186, 41.224956982727889 ], [ -6.979131498784453, 41.225087301317366 ], [ -6.979157203030585, 41.225219828268571 ], [ -6.979190989494097, 41.225353516696075 ], [ -6.97927126556113, 41.225577259388395 ], [ -6.979323602469646, 41.225714192339886 ], [ -6.97939866575836, 41.225922033788358 ], [ -6.979449673272519, 41.226073629937133 ], [ -6.979472917933688, 41.226149313075389 ], [ -6.979535131521433, 41.226280493155862 ], [ -6.97961643408002, 41.226404841292421 ], [ -6.979734989581295, 41.226594480757413 ], [ -6.979816503135234, 41.226727292856047 ], [ -6.979860508757127, 41.226788778303458 ], [ -6.979960821649369, 41.226889723322579 ], [ -6.98007024366767, 41.226981669000871 ], [ -6.980171139786171, 41.227077216353628 ], [ -6.980269826366372, 41.227162301313598 ], [ -6.980370774791552, 41.22723426204012 ], [ -6.980610220649702, 41.227433300027528 ], [ -6.980585910387416, 41.227480060455989 ], [ -6.980565714462773, 41.227570703615932 ], [ -6.980565499038227, 41.227623646991901 ], [ -6.980579591065741, 41.227670247078592 ], [ -6.980620535793991, 41.227715949029587 ], [ -6.980689766202176, 41.22776724106096 ], [ -6.980772928300621, 41.227826328616011 ], [ -6.980864029952899, 41.227902061191429 ], [ -6.980953008179514, 41.227990198014865 ], [ -6.981040058485637, 41.228086058948641 ], [ -6.981199290091112, 41.228296450291744 ], [ -6.98127604339763, 41.228401572222566 ], [ -6.98140628585925, 41.22864624875541 ], [ -6.981468339064029, 41.228766800489801 ], [ -6.98153914701274, 41.228939393030473 ], [ -6.981609447005653, 41.229133681066273 ], [ -6.981654894565174, 41.229262982410759 ], [ -6.981689372391584, 41.229378126840309 ], [ -6.98173563080048, 41.229610709820825 ], [ -6.98175559594553, 41.229730297551633 ], [ -6.981784985204583, 41.229857189944589 ], [ -6.981847981561118, 41.230073643836782 ], [ -6.981890989978761, 41.230232992349968 ], [ -6.981920275127272, 41.230352044747619 ], [ -6.981935175023632, 41.230475190605347 ], [ -6.981932904402805, 41.230584291370057 ], [ -6.981918495551821, 41.230685172542827 ], [ -6.981882778920469, 41.230790615499131 ], [ -6.981830067647659, 41.230905965821165 ], [ -6.981733275835737, 41.231086792925872 ], [ -6.981674116616137, 41.231188937305369 ], [ -6.981625075221494, 41.231326477742357 ], [ -6.981596585134299, 41.231420732428404 ], [ -6.981597851152046, 41.231518977263242 ], [ -6.981630001825807, 41.231623924741854 ], [ -6.981690019064141, 41.231724738018947 ], [ -6.981769535221417, 41.231808549454463 ], [ -6.981849480495729, 41.231881646727942 ], [ -6.981921906736033, 41.231961966532737 ], [ -6.981989280716917, 41.232051059728548 ], [ -6.982018897552607, 41.232103665644487 ], [ -6.982050970640298, 41.232226891303114 ], [ -6.982055639588891, 41.232348490578659 ], [ -6.982050378960845, 41.232458197104059 ], [ -6.982029689345799, 41.232570269602611 ], [ -6.981978872741825, 41.232747856736594 ], [ -6.98193748061585, 41.23287746376316 ], [ -6.981868241912529, 41.233044428273658 ], [ -6.981784983512994, 41.23324230923712 ], [ -6.981743307243512, 41.233347421483607 ], [ -6.981704637414892, 41.233471380395642 ], [ -6.981636568784412, 41.233632769448789 ], [ -6.981592338326038, 41.233726872074783 ], [ -6.981565376003322, 41.233822496197511 ], [ -6.981560612010631, 41.233924373234046 ], [ -6.981569602434321, 41.233982987527462 ], [ -6.98161604229474, 41.234103020968142 ], [ -6.981651611749911, 41.234155958417801 ], [ -6.981806246619031, 41.234289232823023 ], [ -6.981915860745869, 41.234370999547956 ], [ -6.982141086822321, 41.234512177119427 ], [ -6.982196790528782, 41.234546231640806 ], [ -6.982278960012722, 41.234621871955255 ], [ -6.982301382382607, 41.234662975256121 ], [ -6.982305153684567, 41.234747106952994 ], [ -6.982260834847216, 41.234825722011195 ], [ -6.982194749667249, 41.234894299679709 ], [ -6.982119629935974, 41.23495432860981 ], [ -6.982041877331947, 41.235007846468235 ], [ -6.981907472793611, 41.235081869055605 ], [ -6.981804450366965, 41.235134324618762 ], [ -6.981727192396516, 41.235200274563113 ], [ -6.981710487958074, 41.235241435085513 ], [ -6.981698925285312, 41.235329644434302 ], [ -6.981708204155929, 41.235413026258335 ], [ -6.98176783547365, 41.235522297564785 ], [ -6.981850495987897, 41.2356311715372 ], [ -6.981911225577298, 41.235718935031002 ], [ -6.981959792114312, 41.235840161891964 ], [ -6.981988951681333, 41.235966507973174 ], [ -6.981998347133836, 41.236083923440837 ], [ -6.981977473697335, 41.236253979932343 ], [ -6.981931928018279, 41.23651860209263 ], [ -6.981910315468761, 41.236642459630616 ], [ -6.981844436242918, 41.236876171104868 ], [ -6.981784361976507, 41.237071412369346 ], [ -6.981747846107079, 41.2371948489088 ], [ -6.981713537560586, 41.237301116129331 ], [ -6.981693365036643, 41.237410848994188 ], [ -6.981678299594432, 41.237528562770621 ], [ -6.981683125215691, 41.237654932949461 ], [ -6.981716003361186, 41.237780240270752 ], [ -6.981773334093969, 41.237891646794317 ], [ -6.981899735909522, 41.238057232336416 ], [ -6.981983913002662, 41.238168103126533 ], [ -6.982054559725054, 41.238282253807455 ], [ -6.982131991999013, 41.238437987115638 ], [ -6.982199078688543, 41.238564440323472 ], [ -6.982284587208208, 41.238708545429532 ], [ -6.982337869688039, 41.23879236069488 ], [ -6.982360127642933, 41.23884291653755 ], [ -6.982368456375284, 41.238919264730981 ], [ -6.982388131376672, 41.238987529067792 ], [ -6.982632601111439, 41.239229742072212 ], [ -6.982753748413036, 41.23931423887452 ], [ -6.983107989906267, 41.23935009230928 ], [ -6.983414230508185, 41.239334598924998 ], [ -6.983621864899066, 41.239295879444349 ], [ -6.98368386058304, 41.239284070150404 ] ] ] } },
{ "type": "Feature", "properties": { "dtmnfr": "040920", "freguesia": "União das freguesias de Felgueiras e Maçores", "municipio": "Torre de Moncorvo", "distrito_i": "Bragança", "nuts3_cod": "11D", "nuts3": "Douro", "nuts2": "Norte", "nuts1": "Continente", "area_ha": 3892.99, "perimetro_": 34, "designacao": "Felgueiras e Maçores" }, "geometry": { "type": "Polygon", "coordinates": [ [ [ -7.05152607123982, 41.155155491563406 ], [ -7.050216161540174, 41.155506702523155 ], [ -7.049966614450676, 41.155714518827672 ], [ -7.049639486751568, 41.155822557105218 ], [ -7.049312629905559, 41.155936001301278 ], [ -7.049178590369048, 41.1559800354242 ], [ -7.048970894380299, 41.156026164692847 ], [ -7.048571782377998, 41.156114167858128 ], [ -7.048309372403961, 41.156191026992218 ], [ -7.047844485523615, 41.156359173721661 ], [ -7.047656355043479, 41.156418179046511 ], [ -7.046995977336232, 41.156549012388595 ], [ -7.046925704589344, 41.156562393502242 ], [ -7.04671314069757, 41.156607667803641 ], [ -7.046327584027895, 41.15673234435004 ], [ -7.045686438185829, 41.156852900483997 ], [ -7.045349145616581, 41.156918964757828 ], [ -7.045019715088015, 41.156956377214435 ], [ -7.044823883329808, 41.1569835267236 ], [ -7.044630873396745, 41.157013218331677 ], [ -7.044371221054386, 41.157023734692388 ], [ -7.043901682519634, 41.157025156102293 ], [ -7.043701891148983, 41.156996261227206 ], [ -7.043574325293181, 41.15697290430802 ], [ -7.043032398069143, 41.156921507742865 ], [ -7.042352218940523, 41.156873118723148 ], [ -7.041967744712921, 41.156867506878783 ], [ -7.041954425638483, 41.156865760847921 ], [ -7.041404036149002, 41.156872077809957 ], [ -7.041219170151405, 41.156862948286111 ], [ -7.041022625689631, 41.156882789393585 ], [ -7.040760203458556, 41.156902271913509 ], [ -7.040553877761534, 41.156929853979037 ], [ -7.040357833204436, 41.156941235675511 ], [ -7.040295961511712, 41.156943708258943 ], [ -7.04020116788587, 41.156955776603432 ], [ -7.040077591245388, 41.156979366279153 ], [ -7.039827875996846, 41.15708757186605 ], [ -7.039560995796416, 41.157217857827703 ], [ -7.03943536286802, 41.157271861370141 ], [ -7.039183569178692, 41.157347090563327 ], [ -7.038865645072732, 41.157501917160872 ], [ -7.038736536152533, 41.157564349926176 ], [ -7.038538008492665, 41.157603256768958 ], [ -7.038219823981379, 41.157637335937835 ], [ -7.037892967821239, 41.157727335873929 ], [ -7.037767015118092, 41.157757113339699 ], [ -7.037643610766187, 41.157784666565213 ], [ -7.037582353780722, 41.157800109531614 ], [ -7.037250007647515, 41.15792670506675 ], [ -7.036971875689395, 41.158037693653789 ], [ -7.036708511988295, 41.158185379955974 ], [ -7.036593655840793, 41.158286124532886 ], [ -7.036446592488812, 41.158482280190398 ], [ -7.036386034011103, 41.158677809730214 ], [ -7.036388184111905, 41.158770664925605 ], [ -7.036466367483364, 41.159019647841497 ], [ -7.036650051217968, 41.159279093072819 ], [ -7.037164436735377, 41.159784242080789 ], [ -7.03740032890486, 41.159971065481024 ], [ -7.037783282766566, 41.160155414376526 ], [ -7.037846339291086, 41.160196530960796 ], [ -7.03792170664651, 41.160342930476709 ], [ -7.037978509978368, 41.160394976204984 ], [ -7.038112035638698, 41.160446935575116 ], [ -7.0382419883804, 41.160470406776291 ], [ -7.038309183339808, 41.160484820088691 ], [ -7.038651534557433, 41.160581983626621 ], [ -7.03878936558481, 41.160626147703496 ], [ -7.038995450994831, 41.160721204146526 ], [ -7.039183352002667, 41.160856604430471 ], [ -7.039275499811805, 41.160961296688768 ], [ -7.039320169151462, 41.161055450626165 ], [ -7.039303935059641, 41.161200805488626 ], [ -7.039307888915334, 41.161342924186812 ], [ -7.039413233041076, 41.161700846788513 ], [ -7.039445145259098, 41.161845576545062 ], [ -7.039514908773098, 41.162193702287539 ], [ -7.039541246270348, 41.162401588268523 ], [ -7.039582344595086, 41.162552522618633 ], [ -7.039594907719245, 41.162649974151861 ], [ -7.039566079284057, 41.162699763556887 ], [ -7.039386984523065, 41.162837361784192 ], [ -7.039311692833395, 41.16293037824871 ], [ -7.039252123436839, 41.163023549387987 ], [ -7.039144163272605, 41.163174961671487 ], [ -7.039073406690468, 41.163267483500952 ], [ -7.03899522435015, 41.163362097540862 ], [ -7.038901607046485, 41.163510588026028 ], [ -7.038798889029809, 41.163662140713903 ], [ -7.038674639617891, 41.163854552158242 ], [ -7.038667487141936, 41.163905175789658 ], [ -7.03874318233136, 41.164103622731567 ], [ -7.038727856528518, 41.164151291873907 ], [ -7.038599189392626, 41.164294135683491 ], [ -7.038506981177281, 41.164443806147361 ], [ -7.038341130844628, 41.164522373064059 ], [ -7.038011815654719, 41.164693742814684 ], [ -7.037817622175853, 41.164771496519812 ], [ -7.037684414892525, 41.164828757540555 ], [ -7.03747663757894, 41.164920521590759 ], [ -7.036989210582433, 41.165127488480756 ], [ -7.036662216672222, 41.165287802218536 ], [ -7.036324352739443, 41.165499881726561 ], [ -7.036131283996082, 41.165595378754148 ], [ -7.035991687271936, 41.165642766917387 ], [ -7.035669289084421, 41.165705521978531 ], [ -7.035288668926388, 41.165730082018747 ], [ -7.0350242926334, 41.165728648470534 ], [ -7.034556664756375, 41.165704837276017 ], [ -7.034360906413294, 41.165697031650637 ], [ -7.034111571095859, 41.165722752853554 ], [ -7.033715660904146, 41.16574986393487 ], [ -7.033442143156182, 41.165760762519056 ], [ -7.032799203221157, 41.165889153800428 ], [ -7.032548235434267, 41.165955102769168 ], [ -7.031079320151596, 41.166362022268814 ], [ -7.030952377778001, 41.166421952010772 ], [ -7.030631978582877, 41.166521537230956 ], [ -7.030377462798822, 41.166578803501217 ], [ -7.030057045531835, 41.166615358802041 ], [ -7.029992393438471, 41.166626534111515 ], [ -7.029803416544425, 41.166662186580645 ], [ -7.02958393604225, 41.166669360783395 ], [ -7.027079523572009, 41.166807184944339 ], [ -7.026956358443085, 41.166804926981243 ], [ -7.026702948386347, 41.166817532463647 ], [ -7.026323895582587, 41.166903939980038 ], [ -7.02468368510406, 41.167325793542183 ], [ -7.024373387879625, 41.167376568706317 ], [ -7.024183574133838, 41.167397521716317 ], [ -7.023925344145966, 41.167455819323564 ], [ -7.023733479364251, 41.1674640577939 ], [ -7.023670931891165, 41.167463729016013 ], [ -7.023544886415357, 41.167469902649465 ], [ -7.023288903052245, 41.167528753515569 ], [ -7.023227589301507, 41.16753969066523 ], [ -7.023099829335547, 41.167541255174882 ], [ -7.022464029463408, 41.167597355933118 ], [ -7.022212848718163, 41.167632663460196 ], [ -7.021831216031103, 41.167631510081577 ], [ -7.021645031468641, 41.167628278175336 ], [ -7.021198692483321, 41.167578145976215 ], [ -7.021135605342599, 41.167567093879022 ], [ -7.021077806425934, 41.167553570747543 ], [ -7.020951988994181, 41.167524533940671 ], [ -7.020579515073416, 41.167489159972064 ], [ -7.02038890442494, 41.167487051117753 ], [ -7.019997770658399, 41.167519298883008 ], [ -7.016019766702026, 41.167795009595039 ], [ -7.015577931667542, 41.167893735048082 ], [ -7.015511117375931, 41.167905787048298 ], [ -7.014989722565339, 41.167995819928457 ], [ -7.014863822784682, 41.167999907311 ], [ -7.014796744947192, 41.168006281927717 ], [ -7.014418858684542, 41.168065108824045 ], [ -7.01316992294337, 41.168118272260998 ], [ -7.012977021944093, 41.168145395913477 ], [ -7.012537501389785, 41.168261873037025 ], [ -7.01228762832342, 41.16834633330302 ], [ -7.01173567851174, 41.168641255658294 ], [ -7.010487358327479, 41.16943372020944 ], [ -7.010172151405247, 41.169617489388749 ], [ -7.009919907217356, 41.169735505877789 ], [ -7.009726972079711, 41.169806472964815 ], [ -7.009274916000016, 41.169923352821598 ], [ -7.009150929953729, 41.169961852915158 ], [ -7.008897940440685, 41.170018729904804 ], [ -7.008638330696906, 41.170065180641451 ], [ -7.008444557517347, 41.17011533783581 ], [ -7.008185690419045, 41.170167373762602 ], [ -7.007991478581192, 41.170222028874306 ], [ -7.007339989792174, 41.170406198900906 ], [ -7.007081237411367, 41.170472016083806 ], [ -7.006687816793704, 41.170609090730103 ], [ -7.006426059727356, 41.170697115452718 ], [ -7.006168906205117, 41.170795091870154 ], [ -7.006045744891412, 41.170854934666195 ], [ -7.00559782193441, 41.171028661044069 ], [ -7.005395084372228, 41.171101229345254 ], [ -7.004868818841405, 41.171257080571209 ], [ -7.004743872830571, 41.171295742070903 ], [ -7.004356593725534, 41.171386228377763 ], [ -7.004098388114559, 41.171482750970121 ], [ -7.00383218592547, 41.17156595129466 ], [ -7.003635865347611, 41.171659742709117 ], [ -7.003509578606237, 41.171748547218456 ], [ -7.003471143361149, 41.171794003048305 ], [ -7.003432461473668, 41.171840355958068 ], [ -7.003306790343628, 41.171934837980025 ], [ -7.003178178057799, 41.171985622779971 ], [ -7.002848430758087, 41.17208422919321 ], [ -7.002199905189225, 41.172267136678549 ], [ -7.001618083571071, 41.172451327954299 ], [ -7.001551787034715, 41.172474632069139 ], [ -7.001290890498126, 41.17255364757203 ], [ -7.000905686963663, 41.172668635639432 ], [ -7.000707894172251, 41.172715940849315 ], [ -7.000515977188057, 41.172768084694511 ], [ -7.000256140988198, 41.172827123609657 ], [ -7.000134455113376, 41.172841953913569 ], [ -6.999940815298687, 41.172842035095613 ], [ -6.999749574336569, 41.172854833576736 ], [ -6.999622439765898, 41.172853851596329 ], [ -6.999429551194834, 41.172851690081423 ], [ -6.999239990709316, 41.172870893585952 ], [ -6.998979793282668, 41.172867259141178 ], [ -6.99858903798309, 41.172854684536951 ], [ -6.998328131070907, 41.172823394461737 ], [ -6.998057008221673, 41.172783002586684 ], [ -6.997801622701913, 41.172687117013069 ], [ -6.997741482143375, 41.172657263427865 ], [ -6.997680199697183, 41.172624876497736 ], [ -6.99749636700349, 41.17253275346463 ], [ -6.997379812645481, 41.172443456419707 ], [ -6.997251664581582, 41.172301280731894 ], [ -6.997216250674577, 41.172253933512316 ], [ -6.9971558853304, 41.172216781360412 ], [ -6.997110458864167, 41.172169602771071 ], [ -6.997052312082767, 41.172217653285202 ], [ -6.997057825395108, 41.17226443908627 ], [ -6.997078926184956, 41.172360631215895 ], [ -6.997076897904458, 41.172457405563868 ], [ -6.997015456696537, 41.172475618101565 ], [ -6.996890527509919, 41.17240208610913 ], [ -6.996643278376787, 41.172249373965514 ], [ -6.996588928261756, 41.172201564164276 ], [ -6.996465257939135, 41.17205547177555 ], [ -6.996404016208296, 41.171958345799759 ], [ -6.996345732899236, 41.171862149404312 ], [ -6.996161374038408, 41.171669537494324 ], [ -6.995063759281905, 41.170669982083993 ], [ -6.995061921987685, 41.170728221535839 ], [ -6.994774866219569, 41.170790039636117 ], [ -6.99464745707439, 41.170798683876697 ], [ -6.994523729560751, 41.170828617716289 ], [ -6.994461203820792, 41.170826380608077 ], [ -6.994277560783598, 41.170765413995426 ], [ -6.994090664462723, 41.170699730968053 ], [ -6.99396652104963, 41.170643129531506 ], [ -6.993843220629287, 41.170627502378814 ], [ -6.99373644912362, 41.170600250414772 ], [ -6.993258573700404, 41.170540692901696 ], [ -6.993177590464033, 41.170531158255649 ], [ -6.993143041211244, 41.170524064987603 ], [ -6.993124870467707, 41.170520554500158 ], [ -6.992983847118766, 41.170468741691586 ], [ -6.992872462905051, 41.170432522874172 ], [ -6.992795009754733, 41.170411766849973 ], [ -6.992697814895381, 41.17038911170912 ], [ -6.992580885379826, 41.170363190645013 ], [ -6.992460076495226, 41.170355244697241 ], [ -6.992196640753694, 41.170360837130666 ], [ -6.992044978608998, 41.170365817560466 ], [ -6.991823421953042, 41.170326977207402 ], [ -6.991659992707536, 41.170302854435256 ], [ -6.991573087083556, 41.170291641021919 ], [ -6.99145751049551, 41.170277260212167 ], [ -6.991346851190386, 41.1702541931325 ], [ -6.991274478389023, 41.170243121768927 ], [ -6.991149307380284, 41.170225229360064 ], [ -6.990966248247363, 41.170192801843974 ], [ -6.990899159500675, 41.170179171450819 ], [ -6.990825562611382, 41.170169979432231 ], [ -6.990684372446748, 41.170155078176855 ], [ -6.99053963251437, 41.17014607795246 ], [ -6.990444544953938, 41.170132442343309 ], [ -6.990349083180067, 41.170119703355226 ], [ -6.99026587644076, 41.170107890867584 ], [ -6.99016062293891, 41.170096135952718 ], [ -6.990096718553626, 41.170091272498325 ], [ -6.989974890357609, 41.170093752312468 ], [ -6.989892129325237, 41.170097707503295 ], [ -6.989778829447465, 41.170103336770651 ], [ -6.989518652689554, 41.170133714078744 ], [ -6.989460659048299, 41.170145477456231 ], [ -6.989333834446496, 41.170154665473028 ], [ -6.989195000085985, 41.170155266582697 ], [ -6.989161754239454, 41.170155208285948 ], [ -6.989050050443747, 41.170158332434312 ], [ -6.988959895619919, 41.170162480027813 ], [ -6.988774407790125, 41.170187382985233 ], [ -6.988704497667444, 41.170199025774927 ], [ -6.988626769414894, 41.170214913710439 ], [ -6.988548653213257, 41.170232413077969 ], [ -6.988419310099307, 41.170263184958444 ], [ -6.988336729090077, 41.170277042656352 ], [ -6.988275551561782, 41.1702865236566 ], [ -6.988209779057457, 41.170299913557024 ], [ -6.988139837341056, 41.170313358314786 ], [ -6.988068073323177, 41.170328942300415 ], [ -6.987974401491653, 41.17036376182277 ], [ -6.987890167735397, 41.170390743386264 ], [ -6.987812465302644, 41.170405193068149 ], [ -6.987687778941948, 41.170421151825941 ], [ -6.987614179788042, 41.170432759062635 ], [ -6.987535726763471, 41.170448905572542 ], [ -6.987432741836851, 41.170464451427556 ], [ -6.987348353358295, 41.170479639252015 ], [ -6.98725705020059, 41.170501514012479 ], [ -6.987161419747346, 41.170519110102461 ], [ -6.98701509954999, 41.170538819183186 ], [ -6.986945731681764, 41.170546863748086 ], [ -6.986863288139706, 41.170552797224474 ], [ -6.98672794304997, 41.170565229089242 ], [ -6.986606756515158, 41.170572130046942 ], [ -6.986490715233837, 41.170584844743217 ], [ -6.986432489520434, 41.170596059531491 ], [ -6.986328761072949, 41.17062681216327 ], [ -6.986197505828216, 41.170678090102079 ], [ -6.986124737960528, 41.170710050381501 ], [ -6.986073243712167, 41.170738535306739 ], [ -6.985955650742835, 41.170819749987523 ], [ -6.985887714426346, 41.17087507892149 ], [ -6.985847392060042, 41.170918889298015 ], [ -6.985739137019044, 41.171017937598698 ], [ -6.985633280651187, 41.171047591505797 ], [ -6.985562829223618, 41.171056163785515 ], [ -6.985429753550563, 41.171061320690903 ], [ -6.985309934944572, 41.171058061053259 ], [ -6.985232840138709, 41.171058103945143 ], [ -6.985152714086925, 41.171061000591472 ], [ -6.984967831304416, 41.171071225810103 ], [ -6.984842412604932, 41.171088613936845 ], [ -6.984762215582514, 41.171116178198908 ], [ -6.984677499237715, 41.171129382584539 ], [ -6.984529887016466, 41.171161678684825 ], [ -6.984407639640776, 41.171215656503094 ], [ -6.984300961478945, 41.171265286534684 ], [ -6.984168537145143, 41.171301335318375 ], [ -6.984032639599506, 41.171318261456726 ], [ -6.98386018568222, 41.171326717135138 ], [ -6.983760590511196, 41.171332205303933 ], [ -6.983678678551738, 41.171334992158336 ], [ -6.983566405544862, 41.171343146705475 ], [ -6.98347546934421, 41.171350708266402 ], [ -6.983287586616195, 41.171362612520127 ], [ -6.983082226967804, 41.171371820794754 ], [ -6.983021454181311, 41.171371754166437 ], [ -6.982922415302541, 41.171372749606206 ], [ -6.982663516832741, 41.171377548850558 ], [ -6.982599788143422, 41.171382764903726 ], [ -6.982507263612933, 41.171392830986086 ], [ -6.982397202424051, 41.171403890509872 ], [ -6.982171470231937, 41.171426936429178 ], [ -6.98210362603146, 41.171436075593014 ], [ -6.982022178044157, 41.171446246583315 ], [ -6.981941554504589, 41.171456969605707 ], [ -6.981770133275001, 41.171488214700496 ], [ -6.981677076893932, 41.171508086588219 ], [ -6.981601989539296, 41.171522822934023 ], [ -6.981544779626485, 41.171536838478282 ], [ -6.981484366485605, 41.171557392269968 ], [ -6.981390767206356, 41.171587703276671 ], [ -6.98127931362864, 41.171617473674921 ], [ -6.981210521223287, 41.171633174034973 ], [ -6.98110193687568, 41.17164811976167 ], [ -6.981027158148873, 41.1716588952047 ], [ -6.980857483523845, 41.171678543794918 ], [ -6.980759676684316, 41.171690532925119 ], [ -6.980643305399996, 41.171701435788805 ], [ -6.98057875843397, 41.1717059240043 ], [ -6.980501548175215, 41.171712442835421 ], [ -6.98040901822578, 41.171722773696217 ], [ -6.980199371984392, 41.171745438297989 ], [ -6.980105411034837, 41.171755755489421 ], [ -6.980015812949837, 41.171768635639445 ], [ -6.979945206186767, 41.171779185627742 ], [ -6.979819630873378, 41.171804944137179 ], [ -6.979651381369627, 41.171824962681882 ], [ -6.979575393402542, 41.171829788653092 ], [ -6.979490130150632, 41.171833166544602 ], [ -6.979401082029724, 41.171835063997371 ], [ -6.979267037224719, 41.171834624211073 ], [ -6.979183175730949, 41.171832885372005 ], [ -6.979108834506612, 41.171831874857268 ], [ -6.978999359444176, 41.171829970168872 ], [ -6.978914385039328, 41.171830468309928 ], [ -6.978805563035287, 41.171838743736458 ], [ -6.97873306794849, 41.171848372741628 ], [ -6.978665639963349, 41.171854183424301 ], [ -6.978580674982809, 41.171854142967085 ], [ -6.978466673693188, 41.171838416995662 ], [ -6.97838716760142, 41.171826365605952 ], [ -6.9782905739721, 41.171816936798074 ], [ -6.97819615629512, 41.171825893630661 ], [ -6.978117718828578, 41.171841404474826 ], [ -6.978018677339184, 41.1718626522336 ], [ -6.977917090174965, 41.171879914360886 ], [ -6.977836670691975, 41.171899370546058 ], [ -6.977721007881517, 41.171930534125373 ], [ -6.977507723776372, 41.171990798140449 ], [ -6.977424018329043, 41.172007427986777 ], [ -6.977298435751275, 41.172033994038571 ], [ -6.97720340147429, 41.172057529638117 ], [ -6.97708310172951, 41.172081627323806 ], [ -6.977017728132252, 41.172092499067212 ], [ -6.976800006189554, 41.172127499384018 ], [ -6.976733231682119, 41.172136646117536 ], [ -6.976569623847027, 41.172163731770922 ], [ -6.97648478709701, 41.172183680194678 ], [ -6.976426029900879, 41.172197767690292 ], [ -6.976333370447851, 41.172215385504217 ], [ -6.976269157952684, 41.172227978365974 ], [ -6.976179873983046, 41.172243380733896 ], [ -6.976105455079096, 41.172260102908254 ], [ -6.975993376371005, 41.172277525353536 ], [ -6.975892298010712, 41.1722860559073 ], [ -6.975818915799523, 41.172291534066751 ], [ -6.975741072340671, 41.172293273857228 ], [ -6.975603486965803, 41.172283521781758 ], [ -6.975541756494315, 41.172277226935513 ], [ -6.975422451991385, 41.172264774369268 ], [ -6.975344007495568, 41.172253276299521 ], [ -6.975267531843325, 41.172244945809759 ], [ -6.975121673213645, 41.17223843520285 ], [ -6.975057573216991, 41.172237792467229 ], [ -6.974982288703526, 41.172243160023321 ], [ -6.974825925389471, 41.172257712083884 ], [ -6.974746271077382, 41.172260780905454 ], [ -6.974656651537774, 41.172261592046397 ], [ -6.974517900357184, 41.17225038718923 ], [ -6.97445839764751, 41.172245824956228 ], [ -6.974345602002876, 41.17224298202207 ], [ -6.974191630864234, 41.172230180273402 ], [ -6.974106229178508, 41.172221221644236 ], [ -6.974005778684826, 41.172214270679888 ], [ -6.973920827589113, 41.172213417451964 ], [ -6.973815127469076, 41.172213794156356 ], [ -6.973733461957853, 41.172215766040111 ], [ -6.973589008313758, 41.172217645065857 ], [ -6.973477528154087, 41.172221028266726 ], [ -6.973304735261927, 41.172221269161213 ], [ -6.973169349494001, 41.172215676422425 ], [ -6.972990660535973, 41.172192270278522 ], [ -6.972909778564503, 41.172177052509539 ], [ -6.97280038868811, 41.172149838516127 ], [ -6.972725657727056, 41.172123699368676 ], [ -6.972643475752684, 41.172094239109704 ], [ -6.972553942384657, 41.172062903887792 ], [ -6.972443802402675, 41.172010560513051 ], [ -6.97235422446633, 41.171961308296424 ], [ -6.972294301082339, 41.171913436309445 ], [ -6.972173217647742, 41.171812631167363 ], [ -6.972129987844391, 41.171770778247442 ], [ -6.972067004551429, 41.17171360105521 ], [ -6.972010702878308, 41.171655948243597 ], [ -6.971894274270586, 41.171561585360017 ], [ -6.971809310299796, 41.171501123194716 ], [ -6.971717697629576, 41.171438884036732 ], [ -6.971591725487584, 41.171385842641754 ], [ -6.971427220865165, 41.171375723142695 ], [ -6.971239969144179, 41.171398597314813 ], [ -6.953903576706742, 41.167735012888699 ], [ -6.953977525670025, 41.167703985501703 ], [ -6.954073431756636, 41.16764482079379 ], [ -6.954114315397302, 41.167610843613893 ], [ -6.954153014541478, 41.167572432040622 ], [ -6.954224421286103, 41.167490772641301 ], [ -6.954251684732242, 41.167445129823918 ], [ -6.954298227855366, 41.167361238567544 ], [ -6.954323976261578, 41.167313960384149 ], [ -6.954361633416363, 41.167227366955316 ], [ -6.954381832961822, 41.167177148847223 ], [ -6.954414154600618, 41.1670753765775 ], [ -6.954427753686604, 41.167027974025075 ], [ -6.954445111604958, 41.166969893240669 ], [ -6.954462539253758, 41.166914967308429 ], [ -6.954480062764818, 41.166827896758925 ], [ -6.9545097099471, 41.166749146722601 ], [ -6.954531413550813, 41.166701554268791 ], [ -6.954552047303474, 41.166653951762719 ], [ -6.954591378312307, 41.166560085643248 ], [ -6.954611701697737, 41.166502934684978 ], [ -6.954641758158735, 41.166428057866469 ], [ -6.954665886295148, 41.166371489677815 ], [ -6.954705084006895, 41.166298144333759 ], [ -6.954736037451823, 41.166232911971129 ], [ -6.954788065201484, 41.166135301212648 ], [ -6.954827424935755, 41.166079964815374 ], [ -6.954872282078267, 41.166030094319005 ], [ -6.954943555980852, 41.165955638180392 ], [ -6.954979226678505, 41.165919715586078 ], [ -6.955038740899043, 41.165863237366608 ], [ -6.955084568713294, 41.165819226689187 ], [ -6.955138682222496, 41.165771428069498 ], [ -6.955199901734388, 41.165719379224306 ], [ -6.955310454949268, 41.165640638836258 ], [ -6.955407554588371, 41.165581123223625 ], [ -6.955465625353812, 41.165538677343001 ], [ -6.955516794749889, 41.165489046713105 ], [ -6.955564033024635, 41.165432441794493 ], [ -6.955608666913648, 41.165368430452567 ], [ -6.955634447869413, 41.165319169580634 ], [ -6.955678581047772, 41.165229940656879 ], [ -6.955723496744325, 41.165150173139004 ], [ -6.955757965514211, 41.165101272076633 ], [ -6.955816803109775, 41.165036052529913 ], [ -6.955876933122796, 41.164984892589288 ], [ -6.955947877218692, 41.164928801742079 ], [ -6.956045599613956, 41.164860828071681 ], [ -6.956104061463529, 41.164776694981391 ], [ -6.956218617246697, 41.16442670856307 ], [ -6.956252507706735, 41.164303608380671 ], [ -6.956256807331695, 41.164249630292389 ], [ -6.956266875598437, 41.164186160478124 ], [ -6.956272922720685, 41.164121217017716 ], [ -6.956274920038933, 41.163942597463588 ], [ -6.956266452976895, 41.163709481580156 ], [ -6.956261553464506, 41.163630378928616 ], [ -6.956262274944266, 41.163569878602331 ], [ -6.956263896639888, 41.163479042682638 ], [ -6.956261564860807, 41.163396006252988 ], [ -6.95626339275486, 41.163293645360305 ], [ -6.956303644427181, 41.16300142537532 ], [ -6.956313391828621, 41.162955874970933 ], [ -6.956323971480258, 41.162910423110226 ], [ -6.956332587180389, 41.162861530514924 ], [ -6.956342011000777, 41.162814351556463 ], [ -6.956355523993019, 41.162764970550263 ], [ -6.956384213362342, 41.162679452583923 ], [ -6.956420471847417, 41.162590680416258 ], [ -6.956480606199428, 41.162452271118212 ], [ -6.956525386658511, 41.162346661825282 ], [ -6.956553907224253, 41.162270690958358 ], [ -6.956582387578813, 41.16219696440055 ], [ -6.956601305145997, 41.162138631744071 ], [ -6.956640025857869, 41.161991632467171 ], [ -6.956650718285108, 41.16193312483901 ], [ -6.956657563688325, 41.161883400154053 ], [ -6.956668071329666, 41.161815437205092 ], [ -6.956672668295224, 41.161751464834794 ], [ -6.95667753068324, 41.161706226455706 ], [ -6.95669000765677, 41.161487643705811 ], [ -6.956689429994203, 41.161413353772161 ], [ -6.956691745869423, 41.161350348550265 ], [ -6.9566991216779, 41.16127056089887 ], [ -6.956700783199524, 41.161197642652454 ], [ -6.956710311676005, 41.16109761500217 ], [ -6.956715368754714, 41.161048147566198 ], [ -6.956737616743129, 41.160929608588276 ], [ -6.956751249903758, 41.160853214566117 ], [ -6.956767834008012, 41.160798817147992 ], [ -6.956786987683243, 41.160746968927668 ], [ -6.956798976735376, 41.160702612795014 ], [ -6.95681863302684, 41.160622587686348 ], [ -6.957005781992568, 41.160083171730967 ], [ -6.95696113001694, 41.160021670468204 ], [ -6.95693194046318, 41.159968156184704 ], [ -6.956914204117432, 41.15992043326068 ], [ -6.956899778499607, 41.159874455829424 ], [ -6.956880803483454, 41.159809255843406 ], [ -6.95685354443772, 41.159707952936991 ], [ -6.956840261974499, 41.159637494142949 ], [ -6.95683082296944, 41.15954565017806 ], [ -6.956827861195999, 41.159497807107861 ], [ -6.956834780616462, 41.159404141199779 ], [ -6.956827811437992, 41.159313762215973 ], [ -6.956838495533074, 41.159235894680286 ], [ -6.956851584002599, 41.159170211774203 ], [ -6.956869522629879, 41.159106194640785 ], [ -6.956894308778317, 41.159032615718168 ], [ -6.956915716629664, 41.158981328026655 ], [ -6.956942232043025, 41.158930635438992 ], [ -6.956986834990484, 41.158834838582635 ], [ -6.957013693928175, 41.158785049897844 ], [ -6.957026418935723, 41.158739348820333 ], [ -6.957040926448628, 41.158660981852897 ], [ -6.957046390784813, 41.158601702237362 ], [ -6.957033816499377, 41.158538545829991 ], [ -6.95698244429656, 41.158453021353068 ], [ -6.956931331713364, 41.158393164875761 ], [ -6.95689415520873, 41.1583533453245 ], [ -6.956857663104517, 41.158308766864778 ], [ -6.95682681146251, 41.158268563480661 ], [ -6.956784616546003, 41.158209246419972 ], [ -6.956747308132873, 41.158150430360365 ], [ -6.956717598705749, 41.15810618855496 ], [ -6.956632354539164, 41.157956209434197 ], [ -6.956568841580708, 41.157763055033278 ], [ -6.956553895212667, 41.157699335887919 ], [ -6.956533037731732, 41.157640054818081 ], [ -6.956507049475153, 41.157594139284626 ], [ -6.956467172653938, 41.157532148146913 ], [ -6.956424645744098, 41.157458331807177 ], [ -6.956359105369908, 41.157352406597077 ], [ -6.956316337963829, 41.157285787462087 ], [ -6.956284566919152, 41.157230358452772 ], [ -6.956245256456426, 41.15716323706615 ], [ -6.956221002443783, 41.157120494234157 ], [ -6.956187565694257, 41.157058024953621 ], [ -6.956016555128074, 41.156833968021679 ], [ -6.955966050327075, 41.156767094095201 ], [ -6.955938949820407, 41.156716664995372 ], [ -6.955914613096225, 41.156665181840843 ], [ -6.95588023653663, 41.156562185167772 ], [ -6.955860184025388, 41.156497785242749 ], [ -6.955835657302718, 41.156436754847299 ], [ -6.955818651709296, 41.156388501654767 ], [ -6.955789932632097, 41.156328873558486 ], [ -6.955741852578526, 41.156245903316801 ], [ -6.955561963131771, 41.155938832264582 ], [ -6.955523325320638, 41.155847857446709 ], [ -6.955481448743583, 41.155757926393775 ], [ -6.955458906627459, 41.155686023904444 ], [ -6.955439924503132, 41.155621362918744 ], [ -6.955402591416598, 41.15554390579706 ], [ -6.955328024349881, 41.155463462116664 ], [ -6.95526998184145, 41.155404611813225 ], [ -6.955136061525383, 41.155272417535137 ], [ -6.955090185585063, 41.155212880302948 ], [ -6.955044108672755, 41.155144611488623 ], [ -6.955009737852336, 41.155087984084837 ], [ -6.95491732087428, 41.154953059921269 ], [ -6.954865579371161, 41.154868703927356 ], [ -6.954829414363181, 41.154805576937598 ], [ -6.954797372690338, 41.154745370742084 ], [ -6.954775417867121, 41.154700669306237 ], [ -6.954741943903353, 41.154620731187102 ], [ -6.95471273424353, 41.154568568521512 ], [ -6.954681361003268, 41.154511162213595 ], [ -6.954657404562473, 41.154451848173331 ], [ -6.954622341946489, 41.154393775610927 ], [ -6.954588252128161, 41.154341653919801 ], [ -6.954555058265141, 41.154285938831904 ], [ -6.95453236496652, 41.154242311187346 ], [ -6.954494268315496, 41.154187895631445 ], [ -6.954461718676345, 41.154136061587565 ], [ -6.954437550041491, 41.15408854434633 ], [ -6.954417321207081, 41.154033772268747 ], [ -6.954411936960359, 41.153981943388324 ], [ -6.954407814259906, 41.153919145073736 ], [ -6.954412617162777, 41.153817358352818 ], [ -6.954409050826131, 41.153770319366295 ], [ -6.954380502246591, 41.153681157278555 ], [ -6.954365653690681, 41.153632292039219 ], [ -6.954330775499391, 41.153544147455356 ], [ -6.954312392886966, 41.153492995904955 ], [ -6.954288793239567, 41.153433420710229 ], [ -6.954266781676476, 41.1533786303551 ], [ -6.95424883035456, 41.15327688176199 ], [ -6.954227065544891, 41.153201475351473 ], [ -6.954193293181744, 41.153091461087094 ], [ -6.954168265644304, 41.153012060347173 ], [ -6.954138974812298, 41.152944678803188 ], [ -6.954116687893732, 41.152878810508717 ], [ -6.954091320139455, 41.152818405896859 ], [ -6.954071432288261, 41.152764718636455 ], [ -6.954012162272936, 41.152668128683366 ], [ -6.953900942676913, 41.152579205103081 ], [ -6.953853813267812, 41.152550089412493 ], [ -6.953795355241647, 41.152528062817936 ], [ -6.953733781621188, 41.152520948457713 ], [ -6.953670883023566, 41.152514182462809 ], [ -6.953611085237887, 41.152507089823715 ], [ -6.953466362645231, 41.15248616052245 ], [ -6.953403496328017, 41.152477597486438 ], [ -6.953322233905563, 41.152465601790063 ], [ -6.953248911054606, 41.152455484594974 ], [ -6.953174564656082, 41.152442658327502 ], [ -6.953052163871362, 41.152419439624985 ], [ -6.952986976131299, 41.15240076614284 ], [ -6.952916382118542, 41.152371681568674 ], [ -6.952820000489679, 41.152305413027506 ], [ -6.952762306866885, 41.152247379894725 ], [ -6.952670584316455, 41.152127674398706 ], [ -6.952622671315114, 41.152062536324927 ], [ -6.952581620874024, 41.152026372752424 ], [ -6.952514514701393, 41.151968781465357 ], [ -6.952462450663681, 41.151922417621599 ], [ -6.952412756393341, 41.151850412652855 ], [ -6.952382934575323, 41.151766012795171 ], [ -6.952402412208647, 41.151722901663227 ], [ -6.952482697384982, 41.15168320513768 ], [ -6.952549561150513, 41.151654627060303 ], [ -6.952642851146172, 41.151620642684435 ], [ -6.952705751651552, 41.151600486885059 ], [ -6.952810278842897, 41.151564101781602 ], [ -6.952892049374571, 41.15152810828473 ], [ -6.952956924684769, 41.151497532284445 ], [ -6.953040510284939, 41.151446341185263 ], [ -6.953121644948574, 41.151346146001309 ], [ -6.953155676834452, 41.151294991878629 ], [ -6.953193593412188, 41.151226495051127 ], [ -6.953222873401041, 41.151108033107988 ], [ -6.953242508526209, 41.15100919141917 ], [ -6.953256919933794, 41.150956392906899 ], [ -6.953283953252385, 41.150863295999876 ], [ -6.953303910304162, 41.150806685208359 ], [ -6.953323641398726, 41.150762409570611 ], [ -6.953359855133977, 41.150715776198524 ], [ -6.953405432381812, 41.150685268791051 ], [ -6.95347890664803, 41.150639916528966 ], [ -6.953547784867051, 41.150592178774922 ], [ -6.953614116366461, 41.150546486751537 ], [ -6.953683575392098, 41.150499298712802 ], [ -6.953761391741526, 41.150451198546975 ], [ -6.953823063688153, 41.150419682530931 ], [ -6.953911898287897, 41.150381516792471 ], [ -6.954041150285105, 41.15031476780829 ], [ -6.954096449444902, 41.150286608880094 ], [ -6.954210367771404, 41.150224563175286 ], [ -6.954283009982928, 41.15017911633732 ], [ -6.954380406365456, 41.150121943680304 ], [ -6.954508869282135, 41.15003933699986 ], [ -6.954576933680277, 41.149996721753482 ], [ -6.954697446607073, 41.149925379631419 ], [ -6.95478058653989, 41.149872478201054 ], [ -6.954840097355029, 41.149815370462711 ], [ -6.954866096395671, 41.149773764468605 ], [ -6.954892287005076, 41.149728110364798 ], [ -6.954941112285494, 41.149641992668428 ], [ -6.954978272635779, 41.149562413295087 ], [ -6.954996194094429, 41.149512805501878 ], [ -6.955033374574093, 41.149392169225109 ], [ -6.955051782353525, 41.14928178663142 ], [ -6.955052605048777, 41.149235697436431 ], [ -6.955056999999293, 41.149176311443597 ], [ -6.955063526324269, 41.149037989018417 ], [ -6.955060847530671, 41.148981147276857 ], [ -6.955045400151007, 41.148905804682869 ], [ -6.955024281310376, 41.148840849783234 ], [ -6.955014311069637, 41.148792396453629 ], [ -6.955008567796742, 41.148760282057395 ], [ -6.961611298484814, 41.137769782116209 ], [ -6.961638210674689, 41.137716300073215 ], [ -6.961675023504289, 41.137675345359476 ], [ -6.961738837282799, 41.137603153353041 ], [ -6.961890241549074, 41.137440634401216 ], [ -6.961945738202035, 41.137380418782726 ], [ -6.961990045252832, 41.137333326390113 ], [ -6.962020540871722, 41.13729275574002 ], [ -6.962073932074324, 41.137223607230155 ], [ -6.962119053870853, 41.137157615225007 ], [ -6.962155459108259, 41.137072445761909 ], [ -6.962196638348235, 41.136993538589877 ], [ -6.962226118636868, 41.136902894406155 ], [ -6.962283782532025, 41.136780842936318 ], [ -6.96232621305307, 41.136739044690771 ], [ -6.96243081573027, 41.136669787136199 ], [ -6.962509579227696, 41.13666076947716 ], [ -6.962590229589295, 41.136646372941662 ], [ -6.962653293148826, 41.136636296123058 ], [ -6.962709334666961, 41.136625880495153 ], [ -6.96281047834567, 41.136610880761232 ], [ -6.962984646451586, 41.136608143620165 ], [ -6.96305834958364, 41.136609428968775 ], [ -6.963174087191248, 41.136610602772947 ], [ -6.963717728029587, 41.136660052772712 ], [ -6.964920032750583, 41.136814583284085 ], [ -6.965014736271341, 41.136846787268937 ], [ -6.965098551546481, 41.136862222159223 ], [ -6.965177729778775, 41.136890308546008 ], [ -6.965226929844753, 41.13690998177632 ], [ -6.965311818994611, 41.136951901448249 ], [ -6.965448110213116, 41.137009823908421 ], [ -6.965466189895526, 41.137017931751949 ], [ -6.965555556331838, 41.137035941948412 ], [ -6.965707008824478, 41.137058364886506 ], [ -6.965785271310652, 41.137070955310243 ], [ -6.965908646439801, 41.137085164365899 ], [ -6.965981482664039, 41.137088155254645 ], [ -6.966136963779406, 41.137098461923962 ], [ -6.966203504872105, 41.13710021655195 ], [ -6.966271281052192, 41.137099819951985 ], [ -6.96634781486003, 41.137102570737724 ], [ -6.966440985505595, 41.137100363010411 ], [ -6.966504956294558, 41.13709957116437 ], [ -6.966752334619173, 41.137085775227803 ], [ -6.966851395553541, 41.137080562695083 ], [ -6.966933490741186, 41.137072118695052 ], [ -6.967016565993044, 41.1370684549656 ], [ -6.967128693300522, 41.137058604965866 ], [ -6.967253248775119, 41.137039601856792 ], [ -6.967352095839686, 41.137026552202876 ], [ -6.967442086373026, 41.137015667479936 ], [ -6.967517495155116, 41.137001033463662 ], [ -6.967636668038936, 41.136976662111962 ], [ -6.967754668322673, 41.136951111833035 ], [ -6.967814885891749, 41.136933712718893 ], [ -6.967890326385332, 41.136917277044709 ], [ -6.967973030623057, 41.136894252613182 ], [ -6.968048580976304, 41.136871604170473 ], [ -6.968101790716772, 41.136853052622932 ], [ -6.968160261773398, 41.13683311449585 ], [ -6.968238308681644, 41.136797252350185 ], [ -6.968306421710584, 41.136750670180788 ], [ -6.968397716167718, 41.136686314039949 ], [ -6.968492216739818, 41.136602357554651 ], [ -6.96854279263185, 41.136536956597944 ], [ -6.968589575865131, 41.1364843067946 ], [ -6.968714321754157, 41.136333037295699 ], [ -6.968741679654885, 41.13628099693107 ], [ -6.968779977698661, 41.13621664409493 ], [ -6.968815529031795, 41.136165773335925 ], [ -6.96884387525665, 41.136118516945253 ], [ -6.96887949143773, 41.136064309875863 ], [ -6.968905355587271, 41.136009104713004 ], [ -6.968977394044929, 41.135868287261879 ], [ -6.969113714623101, 41.135465921559913 ], [ -6.969063458338815, 41.13544542443406 ], [ -6.968977346107974, 41.13541196177566 ], [ -6.968891087426639, 41.13538011832329 ], [ -6.968770229971629, 41.135338375252864 ], [ -6.968693020043347, 41.135306623119881 ], [ -6.968627151873058, 41.135280117972975 ], [ -6.968520864829403, 41.135229163907411 ], [ -6.968470925798952, 41.135190752333344 ], [ -6.968423095055257, 41.135141017701542 ], [ -6.968381593737871, 41.135090173807825 ], [ -6.968378643075515, 41.135001007190418 ], [ -6.968437849798601, 41.134871853963872 ], [ -6.968485708497105, 41.134778606250137 ], [ -6.968507846889266, 41.134725165228282 ], [ -6.968527807614617, 41.134667379282156 ], [ -6.968539234486263, 41.134613466186131 ], [ -6.968544701883834, 41.134553286261784 ], [ -6.968547857603689, 41.134503073092588 ], [ -6.96855518664212, 41.134424903646163 ], [ -6.968562732910045, 41.134375188674738 ], [ -6.968574334399579, 41.134311734717116 ], [ -6.96858701388144, 41.134247932389535 ], [ -6.968615998445059, 41.134144140796678 ], [ -6.968679868786205, 41.134047717912949 ], [ -6.968792338848734, 41.133977905553706 ], [ -6.968880273919093, 41.133948175689042 ], [ -6.968984936870556, 41.133922489312127 ], [ -6.969074597410026, 41.133902866811802 ], [ -6.969161959062964, 41.13389249170708 ], [ -6.969244538363928, 41.133889903645027 ], [ -6.96934014533478, 41.133870877669615 ], [ -6.969429038786764, 41.133834405738561 ], [ -6.969471809365939, 41.133792879279852 ], [ -6.969500822310814, 41.133728161344699 ], [ -6.969633811377787, 41.133642614447524 ], [ -6.969717234146779, 41.13361896209954 ], [ -6.969860844315235, 41.13357260122087 ], [ -6.96999346505921, 41.1335282883961 ], [ -6.970091395089708, 41.133498930451751 ], [ -6.970158817304139, 41.133477637395401 ], [ -6.970318652334219, 41.133422971325956 ], [ -6.970395875738995, 41.133393048425098 ], [ -6.970473995234345, 41.133352773414316 ], [ -6.970534579501699, 41.133314310391455 ], [ -6.970551560280845, 41.133303492182108 ], [ -6.970615820645199, 41.133245614501448 ], [ -6.970660199200986, 41.133200773177812 ], [ -6.970729605196562, 41.133127726705148 ], [ -6.970788210816878, 41.133032331796734 ], [ -6.97081165401641, 41.132985926730832 ], [ -6.970828567718779, 41.132938555357512 ], [ -6.970844911621961, 41.132876234904096 ], [ -6.970858418603417, 41.132805689322836 ], [ -6.970943116631902, 41.132648701621726 ], [ -6.970997917736727, 41.132573615845914 ], [ -6.971035696319592, 41.13252447672199 ], [ -6.9711251894631, 41.132426601040329 ], [ -6.971175470021628, 41.132364440988624 ], [ -6.971250842572945, 41.132270653827682 ], [ -6.971296404868736, 41.132219339380818 ], [ -6.971327441775244, 41.132167606487151 ], [ -6.971361775165642, 41.132118433403612 ], [ -6.971406833709597, 41.132054957292645 ], [ -6.971418941885386, 41.132003306295609 ], [ -6.971423917825626, 41.131950500165054 ], [ -6.971420395609591, 41.131853132200824 ], [ -6.971423412505551, 41.131789862367597 ], [ -6.971430479177891, 41.131746803631358 ], [ -6.971440419885344, 41.131689816505151 ], [ -6.971433708138652, 41.131604210041097 ], [ -6.971421363799799, 41.131547542920138 ], [ -6.971384127066866, 41.131484678390436 ], [ -6.971302186885798, 41.131363471515989 ], [ -6.971263565738393, 41.131331565550276 ], [ -6.97121208159504, 41.131300073676165 ], [ -6.971081470164969, 41.13123744038792 ], [ -6.970958268985425, 41.131173442847498 ], [ -6.970726147888552, 41.131079890197981 ], [ -6.970492749527295, 41.130997674855102 ], [ -6.970397076970165, 41.130939534451514 ], [ -6.970301018150304, 41.130876166745985 ], [ -6.970043141524273, 41.130710323804962 ], [ -6.969848337871213, 41.130546831657256 ], [ -6.969826998139606, 41.130514288452247 ], [ -6.969779088445047, 41.130448794443581 ], [ -6.969771616325558, 41.130406491187777 ], [ -6.969713889526075, 41.130026388372166 ], [ -6.969671415465356, 41.129990482918593 ], [ -6.969594934294428, 41.129917676987255 ], [ -6.969518619684358, 41.129829118976872 ], [ -6.969500806997358, 41.129785629841457 ], [ -6.969501927653273, 41.129722073462865 ], [ -6.969558704009016, 41.129689960919478 ], [ -6.969671278537572, 41.129701179984679 ], [ -6.969756109068912, 41.129718960117181 ], [ -6.969832584902667, 41.129731257809617 ], [ -6.96991764421148, 41.129742832652916 ], [ -6.969991498360469, 41.12975509926374 ], [ -6.970079968638538, 41.129762748391599 ], [ -6.970150439404121, 41.129649465188095 ], [ -6.970081248274387, 41.129582137484071 ], [ -6.970003667533021, 41.129530930746988 ], [ -6.969961361162588, 41.129478730427465 ], [ -6.970058197993688, 41.129450714761639 ], [ -6.970201351526675, 41.129436491004455 ], [ -6.970243192606981, 41.129386849271931 ], [ -6.970277372844602, 41.129325875863984 ], [ -6.970318003784888, 41.129236785380918 ], [ -6.970344803097825, 41.129175465516909 ], [ -6.970373119300968, 41.129109301401705 ], [ -6.970395688452704, 41.129051631438507 ], [ -6.970424812577499, 41.128987185357779 ], [ -6.970445011309496, 41.128935616100513 ], [ -6.970476908946762, 41.128862192018374 ], [ -6.970495658331903, 41.128805293855088 ], [ -6.970515418545399, 41.128724728497382 ], [ -6.970540877014724, 41.128651510430316 ], [ -6.970553912883029, 41.128567275524659 ], [ -6.97056769142062, 41.128522120853802 ], [ -6.970604393682365, 41.128425967343858 ], [ -6.970645250520349, 41.128364431802659 ], [ -6.97069505078941, 41.128261658205957 ], [ -6.970815805048588, 41.128065683335556 ], [ -6.970885002581269, 41.127956890685091 ], [ -6.970933316390759, 41.127877780275561 ], [ -6.971001082384494, 41.127768974007978 ], [ -6.971031615611686, 41.127725699099088 ], [ -6.971073792033055, 41.12765688602196 ], [ -6.971102465079577, 41.127610709188488 ], [ -6.971138597791305, 41.127547234026231 ], [ -6.9711769207656, 41.127480631282033 ], [ -6.971213611240255, 41.127425896678233 ], [ -6.971249995461282, 41.127347748097712 ], [ -6.971293078601209, 41.127247693262063 ], [ -6.971323378269023, 41.127156879230519 ], [ -6.971348453899088, 41.127064840157445 ], [ -6.971371066033253, 41.126984660853758 ], [ -6.971387280441211, 41.126929628736043 ], [ -6.971419338353393, 41.126779220207411 ], [ -6.971435760843294, 41.126685111120644 ], [ -6.971455559059332, 41.126575011326423 ], [ -6.971469113179122, 41.126501673870919 ], [ -6.971491890093231, 41.126412131844901 ], [ -6.97151260545597, 41.126358317437159 ], [ -6.971567944215344, 41.126258749834143 ], [ -6.971606335899768, 41.126188182178815 ], [ -6.971636044034432, 41.126130856748716 ], [ -6.971667646783019, 41.126067245682869 ], [ -6.971694450631619, 41.126005925509894 ], [ -6.97171514190192, 41.125946707406705 ], [ -6.97172720889926, 41.125897037726197 ], [ -6.971747377919576, 41.125786125824341 ], [ -6.971757315316775, 41.125708520792919 ], [ -6.971764397230352, 41.125644485992517 ], [ -6.971763426896095, 41.125591531597948 ], [ -6.971742473842814, 41.125537026009923 ], [ -6.971668830945398, 41.125472174610671 ], [ -6.971608466215648, 41.125431320845614 ], [ -6.971542341241258, 41.125386172494345 ], [ -6.97148710092073, 41.125351311300896 ], [ -6.971428132506254, 41.125319206482835 ], [ -6.971377633178175, 41.125292494114824 ], [ -6.971304093097068, 41.125248987041232 ], [ -6.971239559467608, 41.125214837872214 ], [ -6.97115958925869, 41.125171536875136 ], [ -6.971090614479608, 41.125139326446401 ], [ -6.971013404153383, 41.125108204337941 ], [ -6.970957083136069, 41.125087918769289 ], [ -6.970886953994541, 41.125060470591976 ], [ -6.970791661641777, 41.125014851040227 ], [ -6.970704677591159, 41.124970845961215 ], [ -6.970646059967383, 41.124938472356327 ], [ -6.970535160411883, 41.124852982126818 ], [ -6.970468816559222, 41.124800002710309 ], [ -6.970460727573482, 41.124772279115383 ], [ -6.970345014951766, 41.124730051159972 ], [ -6.970215060379548, 41.124671659964562 ], [ -6.970141603350156, 41.124637154472339 ], [ -6.970065911033957, 41.124601181192624 ], [ -6.969930291134718, 41.124526344856136 ], [ -6.96983235334416, 41.124448552851959 ], [ -6.969773996631875, 41.124401862080063 ], [ -6.969703334277769, 41.124357210701611 ], [ -6.969651206965497, 41.124315355901778 ], [ -6.969609391652627, 41.124282608521789 ], [ -6.969553621016216, 41.124237568113926 ], [ -6.969506257519372, 41.124202152539326 ], [ -6.969418748499225, 41.124120504585491 ], [ -6.969360200238921, 41.124064267229976 ], [ -6.969307839493872, 41.124015296608043 ], [ -6.969243118619667, 41.123931086550932 ], [ -6.969212241773676, 41.12388602556711 ], [ -6.96913587776226, 41.123766312250616 ], [ -6.969071147442563, 41.12366265115373 ], [ -6.969031611450838, 41.123601835331407 ], [ -6.968927310214663, 41.123459776588483 ], [ -6.968879288160196, 41.123401038654904 ], [ -6.968849743813462, 41.123361122525445 ], [ -6.968767442563235, 41.123261158163302 ], [ -6.968710566227308, 41.123198185132551 ], [ -6.968657731082373, 41.123135432108192 ], [ -6.968614402832107, 41.123080701552794 ], [ -6.9685864503079, 41.12303845675595 ], [ -6.968482380059301, 41.122923777172296 ], [ -6.968444990084539, 41.12287640088249 ], [ -6.968404023666406, 41.122809265644868 ], [ -6.968375641155156, 41.122751082636192 ], [ -6.968337724635189, 41.122706759709615 ], [ -6.968298083510697, 41.122638828357239 ], [ -6.968234695986075, 41.122499165402168 ], [ -6.968209492660982, 41.122429758362983 ], [ -6.968177160150538, 41.122359022236488 ], [ -6.968179331989091, 41.122263149586281 ], [ -6.968188493889628, 41.122202463061406 ], [ -6.968218712693267, 41.122136589662937 ], [ -6.968244933972715, 41.122087963875344 ], [ -6.968272765444723, 41.122028813158906 ], [ -6.968305016729196, 41.121969265021463 ], [ -6.968343720297548, 41.121908246901768 ], [ -6.968387129759312, 41.121850516057272 ], [ -6.968422634778064, 41.121802165078215 ], [ -6.968497622882977, 41.121702161849228 ], [ -6.968546651689927, 41.121643049784403 ], [ -6.968604212616667, 41.121586457783216 ], [ -6.968655731460584, 41.121534394110888 ], [ -6.968693467928762, 41.121487770995294 ], [ -6.96873472247944, 41.121444338496012 ], [ -6.968833619662155, 41.121345930039709 ], [ -6.968889415352396, 41.121301200179531 ], [ -6.96893930141515, 41.121260918966364 ], [ -6.969013106409783, 41.121207907109998 ], [ -6.969097897284309, 41.12115338546208 ], [ -6.969498208667272, 41.120923949358072 ], [ -6.970694060042444, 41.11409332086626 ], [ -6.970697982033268, 41.114019074869759 ], [ -6.970708692503725, 41.113958675602639 ], [ -6.970732232409479, 41.1138928240821 ], [ -6.970751753925871, 41.113838993139737 ], [ -6.9707860904409, 41.113768657501261 ], [ -6.970811925481258, 41.113721375076615 ], [ -6.970833879056724, 41.113678285459592 ], [ -6.970860816686786, 41.1136222854728 ], [ -6.970885416787357, 41.113577511747593 ], [ -6.970910934254171, 41.113527705818214 ], [ -6.970937280278552, 41.113464942188394 ], [ -6.971013726566638, 41.113288509761162 ], [ -6.971064078118009, 41.113194204320486 ], [ -6.971090173731161, 41.113152509763843 ], [ -6.971115419074692, 41.113111702542582 ], [ -6.971143562152641, 41.11305489886125 ], [ -6.971192731651916, 41.112966976222474 ], [ -6.971226245406578, 41.112923193644008 ], [ -6.971286490951005, 41.112862118859574 ], [ -6.971376186817872, 41.112751102082107 ], [ -6.971430492194775, 41.112689158737368 ], [ -6.971486511923936, 41.112638220484506 ], [ -6.971535246307475, 41.112595399869278 ], [ -6.97164488922576, 41.112494037519937 ], [ -6.97170634579961, 41.112452155477435 ], [ -6.971779870279864, 41.112394369375394 ], [ -6.971852548215604, 41.112323338509448 ], [ -6.971878807215099, 41.112265433339822 ], [ -6.971883801416863, 41.112198223165265 ], [ -6.971831721923449, 41.112113241430002 ], [ -6.971748521578342, 41.112017320069555 ], [ -6.971715769292076, 41.111977282227691 ], [ -6.971666397527177, 41.111927894328844 ], [ -6.971627629811622, 41.111891756763669 ], [ -6.971581990642592, 41.111840066268719 ], [ -6.971542759960464, 41.11178933719242 ], [ -6.971464751078631, 41.111675998909625 ], [ -6.971430128297865, 41.111613703534161 ], [ -6.971401805629164, 41.111572628865133 ], [ -6.97135066622894, 41.111204118412218 ], [ -6.971341434978898, 41.111153599955301 ], [ -6.971329023189344, 41.111080901772809 ], [ -6.971298053706315, 41.110932831298015 ], [ -6.97129056552064, 41.110871438024226 ], [ -6.971283597948696, 41.110807256894688 ], [ -6.971282667608088, 41.110752052618572 ], [ -6.971274816336379, 41.110710916948754 ], [ -6.97127103396987, 41.110655146356514 ], [ -6.971272961276054, 41.110566023234369 ], [ -6.971273376186482, 41.110434384094248 ], [ -6.971281897256109, 41.110376215505958 ], [ -6.971301400517155, 41.110302938761265 ], [ -6.971324239805525, 41.110229512870625 ], [ -6.971352039030839, 41.110131286278438 ], [ -6.971344262389978, 41.110065930039987 ], [ -6.971302243654729, 41.109997975615002 ], [ -6.971245671958822, 41.109958597825731 ], [ -6.9710774664038, 41.109856422370335 ], [ -6.971028071624775, 41.109828910581285 ], [ -6.970977175042576, 41.109805349074584 ], [ -6.97089542867375, 41.109755540591578 ], [ -6.970723029632567, 41.109614241342136 ], [ -6.970687053139972, 41.109568586253964 ], [ -6.970648359540441, 41.10952794969549 ], [ -6.970614085589262, 41.10948681476934 ], [ -6.970554868301284, 41.109381232604804 ], [ -6.970516008433958, 41.109269188239402 ], [ -6.970491824164368, 41.10918250375633 ], [ -6.97046813200886, 41.108966169911866 ], [ -6.970459029994846, 41.108908447503772 ], [ -6.970447286317822, 41.108817929410705 ], [ -6.970435573864039, 41.108766399861615 ], [ -6.970424922425744, 41.108715866980553 ], [ -6.97039422001546, 41.108579955494648 ], [ -6.970368009295525, 41.10847947498182 ], [ -6.970361696944821, 41.108418636448 ], [ -6.970358175060456, 41.108361780727748 ], [ -6.970352082438253, 41.108309136441292 ], [ -6.970349912284305, 41.108222765052652 ], [ -6.970354432682095, 41.108155282695698 ], [ -6.970364798828149, 41.10809397860244 ], [ -6.971030302652822, 41.108308404708986 ], [ -6.971783421183187, 41.108679481300484 ], [ -6.97205579214243, 41.108761281004121 ], [ -6.972365797818951, 41.108821842863911 ], [ -6.972783877286647, 41.108890696757058 ], [ -6.973103890715284, 41.108944338650211 ], [ -6.973671028091457, 41.109066817346282 ], [ -6.97421366408645, 41.109201927300411 ], [ -6.974432800083223, 41.109217093130241 ], [ -6.974775009270663, 41.109159209560339 ], [ -6.975242435847917, 41.109082325011791 ], [ -6.97547931854877, 41.109104056608224 ], [ -6.975744764660079, 41.109221521134806 ], [ -6.976075344776656, 41.109378808477381 ], [ -6.976494263949354, 41.109590102183752 ], [ -6.976635814126149, 41.109664903995117 ], [ -6.976710930440914, 41.10971292656172 ], [ -6.976762989249214, 41.109738213409905 ], [ -6.976816830068176, 41.109763512718608 ], [ -6.976894014369694, 41.109795260100377 ], [ -6.976957508547922, 41.109820116877678 ], [ -6.977012277489189, 41.109840293909556 ], [ -6.977215947911991, 41.109916345998172 ], [ -6.977278429468294, 41.109937861780431 ], [ -6.977384495381924, 41.109979351228901 ], [ -6.977438030801792, 41.110001588452981 ], [ -6.977528237763408, 41.110030944872221 ], [ -6.977772733113583, 41.110094171999954 ], [ -6.977909376671239, 41.110109316058541 ], [ -6.978005250910118, 41.110113878211095 ], [ -6.978082279024058, 41.1101135673375 ], [ -6.978142164364668, 41.110113628398281 ], [ -6.978341993129542, 41.110130213986096 ], [ -6.978411169572555, 41.110136847472013 ], [ -6.978537503493575, 41.110142343883155 ], [ -6.978612162816396, 41.110148131778466 ], [ -6.9787038908247, 41.110158593676793 ], [ -6.978786901539327, 41.110177164687691 ], [ -6.978879726849756, 41.110206274359243 ], [ -6.978929524219367, 41.110231532169095 ], [ -6.978981215421543, 41.11025735188479 ], [ -6.979102985571336, 41.11033366420147 ], [ -6.979175894039093, 41.110378333288494 ], [ -6.97924028286134, 41.110420304872797 ], [ -6.979300481582882, 41.110463678729722 ], [ -6.979348324366637, 41.110498462146708 ], [ -6.979427570750915, 41.110562283479183 ], [ -6.979487743348534, 41.110606823922197 ], [ -6.979550062213057, 41.110658319968891 ], [ -6.979588947574993, 41.11069481443171 ], [ -6.979645279144137, 41.11074823230112 ], [ -6.979841295619099, 41.110751630072023 ], [ -6.980062006494983, 41.110704854698056 ], [ -6.980337765020234, 41.110586863490099 ], [ -6.980804389810488, 41.110303392638833 ], [ -6.981303300150214, 41.110005111996799 ], [ -6.985417098898816, 41.107928861427027 ], [ -6.987339833790653, 41.106953815034792 ], [ -6.987875970850094, 41.106310837654917 ], [ -6.98800712177873, 41.106017884289095 ], [ -6.988012544470391, 41.106007044882141 ], [ -6.988092529881326, 41.105877277775846 ], [ -6.98815311180724, 41.105775141715696 ], [ -6.988202602156821, 41.105708099201124 ], [ -6.988229259962922, 41.105667574099606 ], [ -6.988284349401, 41.10560707383398 ], [ -6.988400296131939, 41.105504138079233 ], [ -6.988498394427304, 41.105428482349176 ], [ -6.988651401953274, 41.10532987371036 ], [ -6.988782405671785, 41.105243921439261 ], [ -6.988902002829227, 41.105143269783611 ], [ -6.989012672468026, 41.105049554436285 ], [ -6.9891668716348, 41.104930066234658 ], [ -6.989189534049798, 41.104913994520381 ], [ -6.989351955338158, 41.104814849014652 ], [ -6.989637257651771, 41.104665776326542 ], [ -6.989720689105241, 41.104618703737387 ], [ -6.989839045141177, 41.104520826480048 ], [ -6.989994336150649, 41.104399999153706 ], [ -6.990067891546257, 41.104297452324623 ], [ -6.990117348898814, 41.104239411058586 ], [ -6.990160860059701, 41.104174025458356 ], [ -6.990205902079429, 41.104081998016753 ], [ -6.990299971940454, 41.103956328200304 ], [ -6.990393231710786, 41.103857039854965 ], [ -6.990447118215156, 41.10381786480955 ], [ -6.990533702766743, 41.103781081409416 ], [ -6.990598969777884, 41.103751564542897 ], [ -6.990663955347858, 41.103710878706387 ], [ -6.990725780831495, 41.103667279243538 ], [ -6.990823881640697, 41.103583883284479 ], [ -6.990867365697726, 41.103526864766209 ], [ -6.990918556508848, 41.103464612847034 ], [ -6.99098264405895, 41.103393217109918 ], [ -6.991033056299345, 41.103341398721341 ], [ -6.991096898949017, 41.103263786673054 ], [ -6.991154092728365, 41.103184754445415 ], [ -6.99120956908582, 41.103115522474567 ], [ -6.991228936065678, 41.103069520047434 ], [ -6.991218693874868, 41.102973256973577 ], [ -6.991186421895272, 41.102905405380341 ], [ -6.991159985184672, 41.102864354177456 ], [ -6.991147335091278, 41.102845864660075 ], [ -6.991010729500841, 41.10271881144434 ], [ -6.991217877685608, 41.102676111146884 ], [ -6.991351663733115, 41.102663029477519 ], [ -6.991463601223355, 41.102667558612943 ], [ -6.99153060041853, 41.102689287032959 ], [ -6.99167213086748, 41.102786134222839 ], [ -6.991698068694535, 41.102876428995003 ], [ -6.991722755112003, 41.103059551258994 ], [ -6.991761257820357, 41.103263062703903 ], [ -6.991805450864803, 41.103378573657736 ], [ -6.991854122984067, 41.103427769607059 ], [ -6.991927456820464, 41.10348224589643 ], [ -6.99208624435051, 41.103469410136285 ], [ -6.992158948938586, 41.103415834714703 ], [ -6.992274795595567, 41.103338463305676 ], [ -6.992475495503397, 41.103242031697661 ], [ -6.992604207213698, 41.103219353854023 ], [ -6.992777698442587, 41.103237093392252 ], [ -6.992938991140882, 41.103306486254951 ], [ -6.993104091126989, 41.103465419497304 ], [ -6.993148722769177, 41.103507188750754 ], [ -6.993228486524039, 41.103582623951894 ], [ -6.993391584760094, 41.103657617567606 ], [ -6.993655306106133, 41.103771960648523 ], [ -6.993918981232561, 41.103902874950769 ], [ -6.994140220483502, 41.103995910622857 ], [ -6.99436788722439, 41.104040653098444 ], [ -6.994540373510916, 41.104047395795959 ], [ -6.994727876069603, 41.104026197029455 ], [ -6.994917248681299, 41.103992586996448 ], [ -6.994979630196248, 41.10397861644951 ], [ -6.995111727684628, 41.103932377278298 ], [ -6.995314884827962, 41.103886208592897 ], [ -6.9954655939133, 41.103844654041517 ], [ -6.995580198920702, 41.103818770330349 ], [ -6.995673814127432, 41.103801956325725 ], [ -6.995767528159845, 41.10378631106893 ], [ -6.995966104860845, 41.103785203596303 ], [ -6.996081747014946, 41.103809936090784 ], [ -6.996183876378478, 41.103844436164742 ], [ -6.996276906162603, 41.103882539888396 ], [ -6.996376806315182, 41.103915578917771 ], [ -6.996563237302041, 41.104067065896984 ], [ -6.996743330476333, 41.104323834129396 ], [ -6.99686241850775, 41.104466465182199 ], [ -6.997115970969062, 41.104653544262604 ], [ -6.997187555960759, 41.10468549569692 ], [ -6.997319937278597, 41.104691929730976 ], [ -6.99745290266257, 41.104657489273706 ], [ -6.997519829633646, 41.104614479403757 ], [ -6.9975576708681, 41.104560013956387 ], [ -6.997535954566228, 41.104459318109392 ], [ -6.997458070884405, 41.104356980872815 ], [ -6.997446001170875, 41.104304550023159 ], [ -6.997477741927275, 41.104251645221993 ], [ -6.99760489413986, 41.104167627621116 ], [ -6.997674412524674, 41.10414670175895 ], [ -6.997745967463852, 41.104145966299363 ], [ -6.997818119639375, 41.10416612289103 ], [ -6.997941230677056, 41.104254855350604 ], [ -6.998089924151915, 41.104413258731441 ], [ -6.998218738232734, 41.104558052484371 ], [ -6.998425196517901, 41.104708108480338 ], [ -6.998567535499735, 41.104779294021604 ], [ -6.998709912163684, 41.104827419928654 ], [ -6.999126494946427, 41.10490039999506 ], [ -6.999264798461188, 41.104901758579373 ], [ -6.999406230021203, 41.104880093352996 ], [ -6.999701717156792, 41.104802502128763 ], [ -6.999910863022252, 41.104775293141259 ], [ -7.000126320454101, 41.10478955809694 ], [ -7.000285196688933, 41.104812727929335 ], [ -7.000505173079164, 41.104869186310886 ], [ -7.00084547725448, 41.104982281314541 ], [ -7.001248325657242, 41.105092571818126 ], [ -7.001375600387349, 41.105091571155327 ], [ -7.001507133565499, 41.105057201987982 ], [ -7.001695683920357, 41.104995393099436 ], [ -7.001970013001499, 41.104943244006193 ], [ -7.002167043287881, 41.104949139370511 ], [ -7.002213118029238, 41.104948962278733 ], [ -7.002220889598288, 41.104995765119007 ], [ -7.002252115608048, 41.105041902273641 ], [ -7.002383209164049, 41.105096133011642 ], [ -7.002965965442087, 41.105218353462043 ], [ -7.003237372666878, 41.105316367745331 ], [ -7.003615460889626, 41.105482679072999 ], [ -7.003884454216792, 41.105589758836871 ], [ -7.004017363158077, 41.105621132067213 ], [ -7.004040621578793, 41.105632614405195 ], [ -7.004085366459721, 41.105668263067635 ], [ -7.004116198852388, 41.10569584534533 ], [ -7.004269758232117, 41.105828718240886 ], [ -7.004356753617538, 41.105920507966822 ], [ -7.004374172597878, 41.10596705311864 ], [ -7.004431482123112, 41.106012901384403 ], [ -7.004619406248176, 41.106092445282862 ], [ -7.004746825272679, 41.106103779008414 ], [ -7.00508628462101, 41.106127715857433 ], [ -7.005265271856197, 41.106082188890596 ], [ -7.005535314828334, 41.106085909226003 ], [ -7.005596264687254, 41.106113790388434 ], [ -7.005705830533807, 41.106208863236724 ], [ -7.005731079256909, 41.106256919181767 ], [ -7.005705766879431, 41.106303403421229 ], [ -7.005346462421699, 41.106583793549291 ], [ -7.005321821650135, 41.106632538934079 ], [ -7.005332734962439, 41.106683786188029 ], [ -7.005368443551646, 41.106732848629825 ], [ -7.005750518190058, 41.107077925907539 ], [ -7.005953810837137, 41.107310059604345 ], [ -7.006227481485385, 41.107555303615726 ], [ -7.006359201350247, 41.107642667012854 ], [ -7.006490018619334, 41.107671496654099 ], [ -7.006614915517105, 41.107677219233061 ], [ -7.006888184088375, 41.107667010503576 ], [ -7.007020421984721, 41.107696390983627 ], [ -7.007083666106605, 41.10774347368983 ], [ -7.007081552914347, 41.10788805732944 ], [ -7.007130883181176, 41.108025222765711 ], [ -7.007191959743508, 41.10806687538598 ], [ -7.007324422092912, 41.108090140239526 ], [ -7.007463678817971, 41.108084746043346 ], [ -7.007728632250322, 41.108010609600981 ], [ -7.00786506191526, 41.107954495300291 ], [ -7.007990805194074, 41.107889899835264 ], [ -7.008118414404935, 41.107799389375685 ], [ -7.008285344157208, 41.10765100894659 ], [ -7.008477538983557, 41.107571035127023 ], [ -7.008661240109584, 41.10757732773375 ], [ -7.008856671755445, 41.107635774466061 ], [ -7.009055308318235, 41.107638881534285 ], [ -7.009118556191598, 41.107615814819617 ], [ -7.00917438198701, 41.107567376476815 ], [ -7.00920283357815, 41.107518128993021 ], [ -7.009339069492294, 41.107228536779971 ], [ -7.009448006289452, 41.107144057400092 ], [ -7.009571575557675, 41.107074125589776 ], [ -7.009698034979425, 41.10703024495411 ], [ -7.009887164765444, 41.107025061324578 ], [ -7.009955685087391, 41.107042115275704 ], [ -7.010006071686304, 41.107089247515624 ], [ -7.010008892122294, 41.107140509980923 ], [ -7.010000259658614, 41.10728395324648 ], [ -7.009941880219717, 41.107433665580473 ], [ -7.009950700882027, 41.107531083695676 ], [ -7.009974367578857, 41.107581648973358 ], [ -7.010014484198712, 41.107630749352786 ], [ -7.010126232644227, 41.107723590921069 ], [ -7.010261564466022, 41.107816026546558 ], [ -7.010374883511151, 41.107956963062072 ], [ -7.010436341723287, 41.108102259962401 ], [ -7.010450693282407, 41.108245294227615 ], [ -7.01043648946086, 41.108338529656386 ], [ -7.010337598504615, 41.108574287949111 ], [ -7.010288325613769, 41.108671680071474 ], [ -7.009879720061456, 41.109058487499937 ], [ -7.009705264878827, 41.109208417580561 ], [ -7.009579222899805, 41.109290481987792 ], [ -7.009373034847566, 41.10953500570988 ], [ -7.009343232679843, 41.109628361649634 ], [ -7.009346676754161, 41.109775881763184 ], [ -7.009382320077579, 41.109822060960639 ], [ -7.009637090776097, 41.10998265464319 ], [ -7.009704593527691, 41.110080735048953 ], [ -7.009718254106535, 41.110131470207982 ], [ -7.009691247043137, 41.110228273290616 ], [ -7.009650324047195, 41.11027541831762 ], [ -7.009391847611056, 41.11044433775151 ], [ -7.00933371026355, 41.110495545830283 ], [ -7.009266915408474, 41.110593939798065 ], [ -7.009204764800677, 41.110790255851761 ], [ -7.009197069707642, 41.1109347895149 ], [ -7.009191796256969, 41.110985430945782 ], [ -7.009177097516751, 41.111079828287949 ], [ -7.009143509664505, 41.111129835998717 ], [ -7.008765662331442, 41.11138691656118 ], [ -7.008666537014985, 41.111481935878004 ], [ -7.008641790733958, 41.111578756251063 ], [ -7.008655114442507, 41.11162841042826 ], [ -7.008712693230491, 41.111721801467787 ], [ -7.008740647684155, 41.111869832700336 ], [ -7.008871598118395, 41.111919460698296 ], [ -7.009387405331356, 41.112013716169699 ], [ -7.010049453945831, 41.112112180115069 ], [ -7.010184991521729, 41.112151139017868 ], [ -7.010246559629383, 41.112184961125152 ], [ -7.010287443268528, 41.112231281149917 ], [ -7.010296613337264, 41.112371204299137 ], [ -7.010268944589712, 41.112465118780023 ], [ -7.010251003737025, 41.112511948650209 ], [ -7.010200748669998, 41.112666507895931 ], [ -7.01014149449809, 41.113021595242344 ], [ -7.010034492562614, 41.11351668108933 ], [ -7.009977665947022, 41.113707735976014 ], [ -7.009988227343324, 41.114011099265923 ], [ -7.010050241243724, 41.114102822950265 ], [ -7.010169201897001, 41.114178717647142 ], [ -7.010294110201731, 41.114205683636705 ], [ -7.010489739343342, 41.114204436950821 ], [ -7.010544206774518, 41.114187225814376 ], [ -7.010589264926986, 41.114141922544519 ], [ -7.0106098794939, 41.114000849909424 ], [ -7.010723895927822, 41.113709324581421 ], [ -7.010845574683676, 41.113512957440292 ], [ -7.011054272286969, 41.113317255886869 ], [ -7.011188266825794, 41.113222844264868 ], [ -7.011861015849529, 41.112783403381734 ], [ -7.012038756971985, 41.112636832778698 ], [ -7.012066048640449, 41.112585862539333 ], [ -7.012062675746521, 41.112539188743725 ], [ -7.011989724728383, 41.112390182860587 ], [ -7.011982373817562, 41.112297281384699 ], [ -7.012013892194162, 41.112193948610809 ], [ -7.012101961681674, 41.112048485220022 ], [ -7.012334938425903, 41.11179683027229 ], [ -7.012456478042624, 41.111699503751353 ], [ -7.012729827426415, 41.111572950125598 ], [ -7.012872360103754, 41.111550202220506 ], [ -7.012994346186111, 41.111553096485594 ], [ -7.013134509950206, 41.111578587865864 ], [ -7.013198467145323, 41.111605412834969 ], [ -7.013307722674501, 41.111698763706023 ], [ -7.013376671579831, 41.111795956488891 ], [ -7.013394650665444, 41.111943261167241 ], [ -7.013377210366333, 41.11198900869082 ], [ -7.013268640183985, 41.112136077330334 ], [ -7.013006998176715, 41.112428154535671 ], [ -7.012935731675334, 41.112572968022086 ], [ -7.012946463371814, 41.112621152223603 ], [ -7.013005849467042, 41.112671525714568 ], [ -7.01333582243171, 41.112758374756915 ], [ -7.013530679895184, 41.112788626569177 ], [ -7.013661760084194, 41.112845093599915 ], [ -7.013702981722022, 41.112892497107389 ], [ -7.013708213529119, 41.112984206431001 ], [ -7.013763834461409, 41.113081273959182 ], [ -7.013906805305128, 41.113229513829232 ], [ -7.014287325985149, 41.113389967315605 ], [ -7.014347455102317, 41.113397030717664 ], [ -7.014471803374752, 41.113365552039433 ], [ -7.014986220792982, 41.113093121525985 ], [ -7.015180337332189, 41.113026660703753 ], [ -7.01543815130412, 41.112959913543378 ], [ -7.015639783797577, 41.112871013403172 ], [ -7.016037196792908, 41.112603387695991 ], [ -7.016271994040051, 41.11240504562906 ], [ -7.01657464375598, 41.112108859009624 ], [ -7.01673632117911, 41.111897380525043 ], [ -7.016998135826086, 41.11141765196205 ], [ -7.017025086672588, 41.111365600316141 ], [ -7.017301164909077, 41.110879790876815 ], [ -7.017388665436326, 41.110675795781525 ], [ -7.017481755123415, 41.110387120449147 ], [ -7.01760824488106, 41.110144241601816 ], [ -7.01777458524927, 41.109945234353489 ], [ -7.017840281052666, 41.10991120319666 ], [ -7.017970059763607, 41.109889406894602 ], [ -7.018038259556381, 41.109904385570552 ], [ -7.018163425070304, 41.109979335358823 ], [ -7.0182682253833, 41.110076061851608 ], [ -7.018394963144078, 41.110220184483431 ], [ -7.018522274503329, 41.110365479471703 ], [ -7.01876623755759, 41.11054737761603 ], [ -7.018955808147902, 41.110650681641623 ], [ -7.019077823057955, 41.110714888533344 ], [ -7.019209144964943, 41.110756674716896 ], [ -7.019589910793071, 41.110768900814833 ], [ -7.019725552747197, 41.110759226681772 ], [ -7.019851747552744, 41.110709752446773 ], [ -7.019968806006927, 41.110609043970832 ], [ -7.020041386634815, 41.110512676978033 ], [ -7.020090638738093, 41.110415818924778 ], [ -7.020167064705819, 41.11027473888042 ], [ -7.020264716216481, 41.110174115430674 ], [ -7.020386623448621, 41.110110550782444 ], [ -7.020581241677153, 41.110063173692659 ], [ -7.020853350644204, 41.110058233151278 ], [ -7.021044893832886, 41.11010140724197 ], [ -7.021248758348258, 41.110190350480686 ], [ -7.021566583813652, 41.110426081436053 ], [ -7.021734718436858, 41.110671620082108 ], [ -7.021804507135927, 41.110818878587644 ], [ -7.021822590179942, 41.110911706547377 ], [ -7.02179203009628, 41.110958954974365 ], [ -7.021731175633286, 41.110995194302873 ], [ -7.021537953733526, 41.111066179676371 ], [ -7.021278173665226, 41.111165514186098 ], [ -7.021162235475241, 41.111242012524869 ], [ -7.021146937579545, 41.111288053854437 ], [ -7.021165885088081, 41.111336588548212 ], [ -7.021228647429752, 41.111384735755237 ], [ -7.021298408550825, 41.111399183717971 ], [ -7.021964208411015, 41.111409831394127 ], [ -7.022364837617358, 41.111430341921626 ], [ -7.022626676032248, 41.111484635147505 ], [ -7.022754025645495, 41.11152188049104 ], [ -7.022815265222652, 41.111568838907864 ], [ -7.02283530252135, 41.111665826581586 ], [ -7.022810447984383, 41.111855303426161 ], [ -7.022808574717044, 41.111903099624008 ], [ -7.022813373384266, 41.11224079721584 ], [ -7.022880869409557, 41.112340223199404 ], [ -7.022942381654538, 41.112378184447238 ], [ -7.023620331628202, 41.112615747155225 ], [ -7.024024792433972, 41.112699231981985 ], [ -7.024291692255606, 41.11271476193847 ], [ -7.024612941988599, 41.112662743205455 ], [ -7.024877922109084, 41.112565608639173 ], [ -7.024946569980218, 41.112554202451854 ], [ -7.025139081942504, 41.112568745619235 ], [ -7.025269513913628, 41.112536236863306 ], [ -7.025403189780485, 41.112473856108643 ], [ -7.025588589820729, 41.112358311780831 ], [ -7.025840347618386, 41.112183438618132 ], [ -7.02591633425471, 41.112089440863905 ], [ -7.026016031312123, 41.111894557026879 ], [ -7.026183578949817, 41.111643775807636 ], [ -7.026291361772087, 41.111556209788311 ], [ -7.026421983728481, 41.111533785376551 ], [ -7.026487265021085, 41.111545394051312 ], [ -7.026550258110014, 41.111587417709053 ], [ -7.026631795395811, 41.111687781371494 ], [ -7.026801043307646, 41.111825277974056 ], [ -7.026951604225797, 41.112033816550941 ], [ -7.027034434720602, 41.112178136583552 ], [ -7.027095109802439, 41.112372575686592 ], [ -7.027185534034412, 41.112525075918413 ], [ -7.027282536927775, 41.112668897921495 ], [ -7.027671787486899, 41.112885934943307 ], [ -7.027731647783886, 41.11293009070549 ], [ -7.027826750620571, 41.113023832304556 ], [ -7.028028072434173, 41.113315873649313 ], [ -7.028124697362792, 41.113411344905785 ], [ -7.028311551354635, 41.113557464917868 ], [ -7.0284366945931, 41.113641954122727 ], [ -7.028638498106822, 41.113720146795437 ], [ -7.028765482044765, 41.113737120681691 ], [ -7.029102351080879, 41.113769606085704 ], [ -7.029432253585058, 41.113819764792254 ], [ -7.029755292949238, 41.113881650559158 ], [ -7.030083394296891, 41.113975457956428 ], [ -7.03034596499118, 41.114051079790414 ], [ -7.03067310803555, 41.114188458600836 ], [ -7.030692042443429, 41.114237887522975 ], [ -7.032180124566513, 41.118152148315367 ], [ -7.032526036537421, 41.120078911095575 ], [ -7.032577371924603, 41.120099385509107 ], [ -7.032620902287824, 41.120145093497641 ], [ -7.032720952968689, 41.120285882089327 ], [ -7.032750217541396, 41.120337662165028 ], [ -7.032827883687271, 41.120542887134206 ], [ -7.032858874494366, 41.120733712413006 ], [ -7.032852001335971, 41.120788842628215 ], [ -7.032761971614971, 41.121032713760854 ], [ -7.032634974927194, 41.12117953356735 ], [ -7.03251505840167, 41.121272931316845 ], [ -7.032247956957029, 41.121445965823092 ], [ -7.032059031012138, 41.121572204672376 ], [ -7.031898737514819, 41.121723385777109 ], [ -7.031701765796505, 41.121867554648915 ], [ -7.031433759731584, 41.122030399319719 ], [ -7.031319013218386, 41.122127810701244 ], [ -7.031254240622864, 41.1222202938539 ], [ -7.030588878925013, 41.123274177558699 ], [ -7.030526331805254, 41.123369022673273 ], [ -7.030426803660838, 41.123510425714535 ], [ -7.030205895278581, 41.123704426251294 ], [ -7.02995477462029, 41.123896154301853 ], [ -7.029792679196016, 41.124047858082214 ], [ -7.029693020237363, 41.124196912792982 ], [ -7.029584780351906, 41.124438987862248 ], [ -7.029544237599076, 41.124485066601778 ], [ -7.029354796214272, 41.124683862712487 ], [ -7.029306728656806, 41.124731217194864 ], [ -7.029217981857233, 41.124832834697848 ], [ -7.029148972845086, 41.124979303977625 ], [ -7.029113180087537, 41.125182634398797 ], [ -7.029148874503401, 41.12534117416179 ], [ -7.029239618384969, 41.125589659561577 ], [ -7.029259777079096, 41.125694477155626 ], [ -7.029273680373026, 41.125796179673777 ], [ -7.029337204420997, 41.125942291904252 ], [ -7.029497156929986, 41.1261897231131 ], [ -7.029527890946946, 41.126238731232029 ], [ -7.029640366284425, 41.126434473427537 ], [ -7.02969112331796, 41.126582179353036 ], [ -7.029736985993075, 41.126688322667633 ], [ -7.029920824870069, 41.127202416581781 ], [ -7.029641728479901, 41.127264760932476 ], [ -7.029380968314374, 41.127369502827356 ], [ -7.029317911152771, 41.127401855818277 ], [ -7.029252900190157, 41.12744427296289 ], [ -7.029233047482617, 41.127491896858878 ], [ -7.029244506723042, 41.127540358364044 ], [ -7.029266103081217, 41.127587568178527 ], [ -7.02926046130501, 41.127632802575633 ], [ -7.029199178542958, 41.127672735136166 ], [ -7.02893717437331, 41.127738390335146 ], [ -7.028682062405525, 41.127776199776974 ], [ -7.028368920644715, 41.127759064926629 ], [ -7.028066106415052, 41.127737077785895 ], [ -7.028003427462282, 41.127746832221831 ], [ -7.027816829437397, 41.127817437536585 ], [ -7.027570216266365, 41.127994527481754 ], [ -7.027509007593954, 41.12804436537408 ], [ -7.027407688043554, 41.128142982085798 ], [ -7.027352533176319, 41.128236094586427 ], [ -7.027317088439061, 41.128525057646264 ], [ -7.027274221039316, 41.128667273631521 ], [ -7.027223399813933, 41.128765020707881 ], [ -7.027161334414724, 41.128809085689376 ], [ -7.026971140575846, 41.128831211566478 ], [ -7.026905043771588, 41.12884543738204 ], [ -7.0267790746089, 41.128879705968835 ], [ -7.026656954100985, 41.128947149557199 ], [ -7.026592096874178, 41.129044223073493 ], [ -7.026490037776735, 41.129235928109985 ], [ -7.026422309351863, 41.129433100681318 ], [ -7.026320113640636, 41.129625710962088 ], [ -7.026301354018003, 41.129721782037691 ], [ -7.026306147911325, 41.129769642216672 ], [ -7.026317803608293, 41.12996226135715 ], [ -7.026285368171856, 41.130007510964504 ], [ -7.026247315277438, 41.130018400573938 ], [ -7.024083139410103, 41.133257295596508 ], [ -7.023828444219126, 41.133417736242478 ], [ -7.02370207193854, 41.133475313888987 ], [ -7.023503151682585, 41.133533908765713 ], [ -7.023187029721909, 41.133607674329532 ], [ -7.023059632755765, 41.133634001336794 ], [ -7.022792514669469, 41.133739481701753 ], [ -7.022528849464469, 41.13375324198671 ], [ -7.02226125790903, 41.133795150534539 ], [ -7.021995407151935, 41.133804384621762 ], [ -7.021867889872319, 41.133844846632535 ], [ -7.021741924504471, 41.133877672610545 ], [ -7.021680703236939, 41.13391390816939 ], [ -7.021586473832055, 41.134007274644539 ], [ -7.021462918756002, 41.134243522913572 ], [ -7.021358618918302, 41.134383519270223 ], [ -7.021236131868569, 41.134521097028916 ], [ -7.021077363567962, 41.134663359540831 ], [ -7.020926020432788, 41.134789041167416 ], [ -7.021105138875278, 41.134873514518993 ], [ -7.021292224875833, 41.135008936384878 ], [ -7.021391791237324, 41.135107591068468 ], [ -7.02152204006342, 41.135308014508375 ], [ -7.021544667010144, 41.135357484893035 ], [ -7.021607456131215, 41.1355609525408 ], [ -7.021600460312169, 41.135848925525245 ], [ -7.021589108811153, 41.13609895422227 ], [ -7.021567372622948, 41.136349778613649 ], [ -7.021581192032801, 41.136568798438752 ], [ -7.02158424023695, 41.136613849705469 ], [ -7.021314928013323, 41.136622782255969 ], [ -7.021122933979281, 41.136623181796949 ], [ -7.021057927420106, 41.136636064106625 ], [ -7.020872116649861, 41.136707476841615 ], [ -7.020807909849057, 41.136715592710551 ], [ -7.020469684935915, 41.13677814856689 ], [ -7.020265984806277, 41.136851011871784 ], [ -7.020135738718855, 41.136897836732459 ], [ -7.019938432074659, 41.136965714382235 ], [ -7.019673825562061, 41.13702736307058 ], [ -7.019461465024593, 41.137084111972364 ], [ -7.019189658373303, 41.137177201889806 ], [ -7.018777064878218, 41.137348438933451 ], [ -7.018362246495505, 41.13751019855831 ], [ -7.018098658650899, 41.13765198893546 ], [ -7.017895284960516, 41.137768967194297 ], [ -7.017639153455007, 41.137906596730474 ], [ -7.017609065275778, 41.137946280337253 ], [ -7.015397722696517, 41.14257811504114 ], [ -7.015747921877404, 41.142752584950344 ], [ -7.020486165703338, 41.145114666119909 ], [ -7.028825773023809, 41.146405271129389 ], [ -7.028886566312188, 41.146438178958981 ], [ -7.028974363637884, 41.146530228446252 ], [ -7.029041601887561, 41.146676290454835 ], [ -7.029229085818444, 41.146968195736108 ], [ -7.029417269044539, 41.147161960067308 ], [ -7.029522350598373, 41.147310366220829 ], [ -7.029632491106644, 41.147555066393089 ], [ -7.029641611301356, 41.14760782730314 ], [ -7.029649463743565, 41.147650946099418 ], [ -7.029655185729354, 41.147665043831594 ], [ -7.029678996918979, 41.147644204871483 ], [ -7.02971152550024, 41.147615252013701 ], [ -7.029867081253697, 41.147616105487806 ], [ -7.029988238036642, 41.147651120709462 ], [ -7.030647249070063, 41.147776632157992 ], [ -7.031056003124875, 41.147794674102919 ], [ -7.031309938106957, 41.147860127315596 ], [ -7.031448557724561, 41.147919348300924 ], [ -7.03170015922103, 41.148074815606002 ], [ -7.031975155204544, 41.148192241864621 ], [ -7.032240941395257, 41.148283199004602 ], [ -7.032646324487527, 41.148396192661636 ], [ -7.032970130558165, 41.148508230164367 ], [ -7.033170601829219, 41.148558764630756 ], [ -7.033299591538178, 41.148616899166882 ], [ -7.03349645435252, 41.148662351769886 ], [ -7.033827775650389, 41.148731062979394 ], [ -7.033962979749981, 41.148766654698477 ], [ -7.034369564508161, 41.148893791222989 ], [ -7.034558106470136, 41.148974101546386 ], [ -7.034617917308343, 41.149001951940953 ], [ -7.034873675311661, 41.14913746628843 ], [ -7.035268374097703, 41.14935624067342 ], [ -7.035611595218417, 41.149533375924193 ], [ -7.035806050833329, 41.149659299886245 ], [ -7.035919090933195, 41.149752937879519 ], [ -7.036025526025266, 41.149849572468263 ], [ -7.036260570168563, 41.150042240334869 ], [ -7.036383694622995, 41.150087893402699 ], [ -7.036522094822328, 41.15009649912529 ], [ -7.036658213166095, 41.150105716853574 ], [ -7.036985197693509, 41.150163660038139 ], [ -7.037180697042348, 41.1501770394093 ], [ -7.037689194687839, 41.150272537857475 ], [ -7.037822195746174, 41.150311978596598 ], [ -7.038007689566309, 41.150440158309735 ], [ -7.038111484892214, 41.150552790605552 ], [ -7.040342814423018, 41.150795800728389 ], [ -7.045844706392321, 41.151792656171814 ], [ -7.050256621175142, 41.152201590470035 ], [ -7.05152607123982, 41.155155491563406 ] ] ] } },
{ "type": "Feature", "properties": { "dtmnfr": "040921", "freguesia": "União das freguesias de Urros e Peredo dos Castelhanos", "municipio": "Torre de Moncorvo", "distrito_i": "Bragança", "nuts3_cod": "11D", "nuts3": "Douro", "nuts2": "Norte", "nuts1": "Continente", "area_ha": 7489.47, "perimetro_": 44, "designacao": "Urros e Peredo dos Castelhanos" }, "geometry": { "type": "Polygon", "coordinates": [ [ [ -7.103188072970528, 41.082225748999903 ], [ -7.103371189404727, 41.082533257466004 ], [ -7.103478474172463, 41.082757969633107 ], [ -7.103610236513481, 41.083039086369965 ], [ -7.103765131447765, 41.0833097836341 ], [ -7.103911011985912, 41.083585889182466 ], [ -7.104029168505957, 41.083862116094849 ], [ -7.104238510976182, 41.084434307432076 ], [ -7.104289337079544, 41.084586751216847 ], [ -7.10442994634408, 41.085010932461415 ], [ -7.104672725960193, 41.085568561651613 ], [ -7.104846199743838, 41.086106670852004 ], [ -7.104865123499077, 41.086160324381964 ], [ -7.104976863435847, 41.086505011181394 ], [ -7.105019428575886, 41.086737247218473 ], [ -7.105147227694901, 41.087411452568475 ], [ -7.1052636166156, 41.087985963883099 ], [ -7.105273021972839, 41.088483259681269 ], [ -7.105354107558857, 41.089100500896862 ], [ -7.105391753469536, 41.089358448708971 ], [ -7.105413576782205, 41.089584919515829 ], [ -7.105462370260627, 41.090082833027139 ], [ -7.105495993992061, 41.090362264251958 ], [ -7.105568156191032, 41.090642577626539 ], [ -7.105597144715161, 41.090860377190928 ], [ -7.105602820217944, 41.091192143265374 ], [ -7.105599947791915, 41.09146845758999 ], [ -7.10555764672146, 41.091755313647582 ], [ -7.105407220937467, 41.092313043903168 ], [ -7.105286043621633, 41.092857530201229 ], [ -7.10525198693902, 41.093042084447823 ], [ -7.10519043291464, 41.09328807453543 ], [ -7.105170989895135, 41.093413416356491 ], [ -7.105118406973037, 41.093595284948513 ], [ -7.105054268421554, 41.093984683890447 ], [ -7.105036071929219, 41.094129132189778 ], [ -7.105002390812531, 41.094450192873069 ], [ -7.104911820913993, 41.09499287890052 ], [ -7.104838926743646, 41.09524885140555 ], [ -7.104725547603435, 41.095512924713752 ], [ -7.104486843945548, 41.096029439717711 ], [ -7.10421791987713, 41.096506156382731 ], [ -7.104185317211599, 41.096559078737243 ], [ -7.103886676429336, 41.09710162421554 ], [ -7.103677281608383, 41.097645678568306 ], [ -7.103505834326897, 41.098175671069392 ], [ -7.103395962901526, 41.098489295100997 ], [ -7.103347732591051, 41.098719824721627 ], [ -7.103251340975141, 41.099298924294217 ], [ -7.103226144697262, 41.0995789086355 ], [ -7.103178120923348, 41.099841762644921 ], [ -7.103108479042405, 41.10032349383831 ], [ -7.10309661494201, 41.10037453386861 ], [ -7.102988773268928, 41.100893293864225 ], [ -7.102923031105256, 41.101437461158 ], [ -7.102862224940787, 41.101993465401371 ], [ -7.102792044020709, 41.10253975654657 ], [ -7.102694131792886, 41.103093271314634 ], [ -7.102620685825833, 41.103650336370535 ], [ -7.102579421889582, 41.103960520128091 ], [ -7.102524199044752, 41.104157850001251 ], [ -7.102425701232218, 41.104535414777217 ], [ -7.102401145924671, 41.104628931357254 ], [ -7.102383255673195, 41.104676852305218 ], [ -7.102262836068244, 41.104963280339398 ], [ -7.102112019027221, 41.105184249787534 ], [ -7.101881456432358, 41.105441870254019 ], [ -7.101578982749112, 41.105707674169707 ], [ -7.10128907884311, 41.105976827787593 ], [ -7.100964156992941, 41.106178226760257 ], [ -7.100245904906473, 41.106646503550415 ], [ -7.100033590602678, 41.106779397340233 ], [ -7.099640347370944, 41.106979732336832 ], [ -7.09956825234827, 41.107022126863583 ], [ -7.099324671669055, 41.107137093163878 ], [ -7.098899926613032, 41.107364515890467 ], [ -7.098221868297503, 41.107734995119912 ], [ -7.097518981084494, 41.108124241618377 ], [ -7.096839070011012, 41.108521081152624 ], [ -7.09619410524146, 41.108958382076935 ], [ -7.095913832469705, 41.109134598177782 ], [ -7.095551139562761, 41.109419470388069 ], [ -7.095490888321812, 41.109465571603415 ], [ -7.095113142890427, 41.109738247424545 ], [ -7.094938554237345, 41.109886056703729 ], [ -7.094360459174991, 41.110384819469054 ], [ -7.093805470205155, 41.110920073981852 ], [ -7.093278130851524, 41.111475473827646 ], [ -7.093025066540503, 41.111759978537847 ], [ -7.092802871445181, 41.112049439145977 ], [ -7.092399261153899, 41.112662317797387 ], [ -7.092016190926187, 41.113293387283221 ], [ -7.091978636120657, 41.113357160876852 ], [ -7.09181473318729, 41.113611401189274 ], [ -7.091574488244953, 41.113905200078037 ], [ -7.091437168455167, 41.114096470305114 ], [ -7.091174080139789, 41.114524855418559 ], [ -7.091050770550472, 41.114703824205243 ], [ -7.09068768115454, 41.115100693580608 ], [ -7.09023004108453, 41.115694525631227 ], [ -7.089728937022301, 41.116280762330128 ], [ -7.089521846467889, 41.116509306104525 ], [ -7.089172398920476, 41.116840739584063 ], [ -7.088574350145553, 41.117434647469132 ], [ -7.088378355990465, 41.117616110186425 ], [ -7.087981132181207, 41.118053895213514 ], [ -7.087793310411116, 41.118237860394665 ], [ -7.087337898917601, 41.118635593692481 ], [ -7.086757153095095, 41.119240089362918 ], [ -7.086182469956109, 41.119837260836292 ], [ -7.085632041846988, 41.120420868913193 ], [ -7.085189072289422, 41.121060372311838 ], [ -7.085147919635499, 41.121125282285504 ], [ -7.084788535268257, 41.12170413369315 ], [ -7.08441369350185, 41.122394050021597 ], [ -7.084258063058111, 41.122746232207682 ], [ -7.08414228156515, 41.123101200968492 ], [ -7.084009894189141, 41.123519234393164 ], [ -7.083954245247733, 41.123814150230004 ], [ -7.083877280718513, 41.124535767119738 ], [ -7.083834448129553, 41.125260392437553 ], [ -7.083825220530686, 41.125705743258465 ], [ -7.083855565196605, 41.125999463071864 ], [ -7.083990148307498, 41.126732276328212 ], [ -7.084128635596675, 41.127474124625429 ], [ -7.084247250716781, 41.127900647332218 ], [ -7.08436263914335, 41.128185595844755 ], [ -7.084673555460403, 41.12889857515286 ], [ -7.084862855861896, 41.129253709355098 ], [ -7.085095435943897, 41.129583388562857 ], [ -7.085342765439189, 41.129899340342554 ], [ -7.085552272022114, 41.130129675804135 ], [ -7.084057074330188, 41.130762683734936 ], [ -7.083472730986279, 41.131255395043254 ], [ -7.082480439023394, 41.131474800416989 ], [ -7.081550221239882, 41.131258691206192 ], [ -7.081093949266569, 41.130611012164621 ], [ -7.080331736900374, 41.130188790858952 ], [ -7.079315592321247, 41.130179518374646 ], [ -7.078459952307269, 41.130462356567243 ], [ -7.077462673697807, 41.130993220036785 ], [ -7.07694600721563, 41.130676952329473 ], [ -7.076734754273608, 41.130155928103576 ], [ -7.076796052630488, 41.12974112723149 ], [ -7.077161899194285, 41.129204499084487 ], [ -7.077717388369096, 41.128656185672476 ], [ -7.077848661313918, 41.128564011802474 ], [ -7.077975615429652, 41.12842191661224 ], [ -7.078005637091073, 41.128272269439826 ], [ -7.077897197237605, 41.127792891505159 ], [ -7.077850934751377, 41.127490827918301 ], [ -7.07785815633842, 41.127300096301838 ], [ -7.077966603589384, 41.127011874817761 ], [ -7.077994374119111, 41.126808992903982 ], [ -7.078003086706749, 41.126755588492223 ], [ -7.078030009531166, 41.126509121931768 ], [ -7.078014744491019, 41.126302249527107 ], [ -7.077985173402308, 41.126200319127364 ], [ -7.077901943663093, 41.126095473264094 ], [ -7.077776656610771, 41.125999513699554 ], [ -7.07764748002969, 41.125953311748304 ], [ -7.077514036749844, 41.125943084769439 ], [ -7.077381071868082, 41.125947811742094 ], [ -7.077187202577333, 41.126000338410243 ], [ -7.076855999147422, 41.126136870208924 ], [ -7.076391268881949, 41.12622373618229 ], [ -7.076189338894332, 41.126296353088456 ], [ -7.075930382808608, 41.12645695605913 ], [ -7.075533206786345, 41.126623225498975 ], [ -7.075319323181207, 41.126713290266487 ], [ -7.075273556507907, 41.126760142186342 ], [ -7.075258086187564, 41.126908296135163 ], [ -7.075297638233043, 41.127070737227335 ], [ -7.075343158413449, 41.127269242806868 ], [ -7.075327340976068, 41.12737183578254 ], [ -7.07527884806163, 41.127470435162472 ], [ -7.07523097495232, 41.127515018458531 ], [ -7.075165372767747, 41.1275439516414 ], [ -7.07509548057793, 41.127558168496194 ], [ -7.074774540680518, 41.127543971328471 ], [ -7.074495495619344, 41.127494141382243 ], [ -7.074144587159068, 41.127425911820872 ], [ -7.073806489490079, 41.127389944084193 ], [ -7.073542953235194, 41.127397970633602 ], [ -7.073142366092959, 41.127479198705913 ], [ -7.073001927949749, 41.127511136447247 ], [ -7.072799909201126, 41.127596259726538 ], [ -7.072445203033106, 41.127786319437 ], [ -7.072123309192069, 41.12801684090639 ], [ -7.072056142656156, 41.128120581200328 ], [ -7.071999726854202, 41.128274211139527 ], [ -7.071917000060929, 41.128420307943735 ], [ -7.07183886787584, 41.128509904995973 ], [ -7.071772028888258, 41.128548998710542 ], [ -7.07170496706867, 41.128557654258422 ], [ -7.071515172297198, 41.12854105102906 ], [ -7.07118084177234, 41.128478277711473 ], [ -7.070865465917205, 41.128399380572866 ], [ -7.070457993939804, 41.128308470485457 ], [ -7.070186809108529, 41.128273289456665 ], [ -7.069864108458295, 41.128279863006298 ], [ -7.069672832599723, 41.128326004304448 ], [ -7.069548105011539, 41.128372936220494 ], [ -7.06933427215799, 41.128481265243103 ], [ -7.069133883708408, 41.128560455224367 ], [ -7.068865792052391, 41.128688005941612 ], [ -7.06853154577948, 41.128805040019209 ], [ -7.068244951817589, 41.129038210676022 ], [ -7.067998487022995, 41.129279317908718 ], [ -7.067835336551908, 41.129427191049928 ], [ -7.067767493829451, 41.129520838714924 ], [ -7.067745873573248, 41.129620584698806 ], [ -7.067744204840325, 41.129768417650851 ], [ -7.067787530465136, 41.129917387065547 ], [ -7.067792338203276, 41.130010352369787 ], [ -7.06778276789109, 41.130167838594268 ], [ -7.06772859385189, 41.130322030941343 ], [ -7.067674546986077, 41.130535107520352 ], [ -7.067615648651145, 41.130790100646728 ], [ -7.067559048963619, 41.130887994097925 ], [ -7.067420456835495, 41.131033662627637 ], [ -7.067311879520081, 41.131186541947038 ], [ -7.067270115321505, 41.131287449358567 ], [ -7.067254811087905, 41.131541945200652 ], [ -7.067250309435696, 41.131658416307907 ], [ -7.067267088513563, 41.132027744426381 ], [ -7.067252133193655, 41.132076586278522 ], [ -7.067176424616939, 41.132177724301158 ], [ -7.067146959383843, 41.132276497106162 ], [ -7.067147259535498, 41.132324313168056 ], [ -7.067172600852323, 41.13237001625847 ], [ -7.067299581014209, 41.132434580902753 ], [ -7.067469524263887, 41.13262658424479 ], [ -7.067505984618707, 41.132676984074365 ], [ -7.067531952458374, 41.132978954632406 ], [ -7.06740488694348, 41.133125987595683 ], [ -7.067216342873006, 41.133252825960938 ], [ -7.066765639715036, 41.133403445992123 ], [ -7.066499822707306, 41.133455012020704 ], [ -7.066101617572187, 41.133452503662134 ], [ -7.065972979813209, 41.133424034647156 ], [ -7.065844250132331, 41.133372147379568 ], [ -7.065652518835051, 41.133260975884703 ], [ -7.065456976349814, 41.133179750075428 ], [ -7.065390730336311, 41.133159419519288 ], [ -7.065185366970814, 41.133103225773269 ], [ -7.064801576263345, 41.132953716813638 ], [ -7.064292974076981, 41.132782069633585 ], [ -7.064229290418448, 41.132735920092593 ], [ -7.064203708818437, 41.13269039061575 ], [ -7.064177721268773, 41.132545007838303 ], [ -7.064265680658831, 41.132349620419099 ], [ -7.06440327209733, 41.132199805424499 ], [ -7.06448480009115, 41.132107186286426 ], [ -7.064509824060215, 41.131915182047742 ], [ -7.06446757751803, 41.131722190866334 ], [ -7.064400986587549, 41.131532216223384 ], [ -7.064340452879335, 41.131438734688395 ], [ -7.064090437970791, 41.13127236420565 ], [ -7.063909523925109, 41.13113400380854 ], [ -7.063711269190616, 41.130948393693245 ], [ -7.063598251306687, 41.130801569754446 ], [ -7.06353524837145, 41.130603527711664 ], [ -7.063418514503335, 41.130458108861312 ], [ -7.063334638208556, 41.13030642286413 ], [ -7.06316430154867, 41.130161945707179 ], [ -7.062968857601833, 41.130045874763667 ], [ -7.06291534541943, 41.129997293296114 ], [ -7.062883444138372, 41.129856896691436 ], [ -7.062849569752843, 41.129808677726928 ], [ -7.062714260835198, 41.129751418742231 ], [ -7.06264859056026, 41.129740182617461 ], [ -7.062519637439595, 41.129753844758987 ], [ -7.06239282347939, 41.129819119004054 ], [ -7.062273114653986, 41.129901565370339 ], [ -7.062036170616825, 41.130148691023031 ], [ -7.061906292081586, 41.130350891260754 ], [ -7.061896551119673, 41.130400864117917 ], [ -7.061894258139932, 41.130542116243603 ], [ -7.061809271314287, 41.130686564781598 ], [ -7.061759396456906, 41.130736436290341 ], [ -7.061568519791096, 41.130852255008598 ], [ -7.061437584541722, 41.130899753339946 ], [ -7.061249160543971, 41.130901334453057 ], [ -7.060922323800703, 41.130795023401269 ], [ -7.060793307033815, 41.130760959766882 ], [ -7.060534084227817, 41.130729827415401 ], [ -7.060276142269406, 41.130736974324222 ], [ -7.059967778582029, 41.130790923054889 ], [ -7.059633491944579, 41.130893615910772 ], [ -7.059255210015311, 41.131036412119684 ], [ -7.058996749879429, 41.131162858063284 ], [ -7.058867175914692, 41.131214507193711 ], [ -7.058683234324339, 41.131335521779455 ], [ -7.058558604252598, 41.131398200012391 ], [ -7.058360605961976, 41.131424537808876 ], [ -7.058231609556131, 41.131418562842704 ], [ -7.058104937999606, 41.131379384782427 ], [ -7.057919598298405, 41.131242598972079 ], [ -7.057824703362777, 41.13110296365646 ], [ -7.057667860075256, 41.130774292621581 ], [ -7.057646296145355, 41.130679817174325 ], [ -7.057662689484221, 41.130630988203002 ], [ -7.057992296410508, 41.130340614962137 ], [ -7.058085950976328, 41.130147086233833 ], [ -7.058143983209868, 41.130006173386775 ], [ -7.05815406266042, 41.129665190464287 ], [ -7.058161892208771, 41.129410892625835 ], [ -7.058210665456399, 41.129158154596553 ], [ -7.058230379320082, 41.128752250171019 ], [ -7.058215229250508, 41.128651710878401 ], [ -7.058164382875002, 41.128461250114881 ], [ -7.058040308176073, 41.128175656174811 ], [ -7.057946345337582, 41.127934458415147 ], [ -7.057932075580506, 41.127779814637741 ], [ -7.057893985187756, 41.127676547188997 ], [ -7.057817934077439, 41.127520512721453 ], [ -7.057647658179032, 41.127168939022674 ], [ -7.057438306426126, 41.126774765879709 ], [ -7.05740602622656, 41.126673171470308 ], [ -7.057256949115667, 41.126190060665948 ], [ -7.057199720506381, 41.126048249938151 ], [ -7.057115011166908, 41.12589781396828 ], [ -7.056910720466945, 41.125697186895891 ], [ -7.056849284619433, 41.125653032481779 ], [ -7.056523034639312, 41.125483413853274 ], [ -7.056398076410162, 41.125391394244922 ], [ -7.056299293479083, 41.125293320732645 ], [ -7.056170351686525, 41.125146161402789 ], [ -7.055789827610797, 41.124814770361667 ], [ -7.055553658735785, 41.124627171681482 ], [ -7.055293345341295, 41.124460413788285 ], [ -7.055171331859198, 41.124406600100961 ], [ -7.05451428389297, 41.124150867205657 ], [ -7.054452909778524, 41.124124724135783 ], [ -7.053987530675896, 41.123936957563295 ], [ -7.053866210425677, 41.123848662815107 ], [ -7.053573319028544, 41.123554910892828 ], [ -7.053406084342472, 41.123362010103065 ], [ -7.053273203361802, 41.123223180916703 ], [ -7.053209808024974, 41.123211605079526 ], [ -7.053084337953618, 41.123238345478676 ], [ -7.053017835381833, 41.123278508385248 ], [ -7.05285942323524, 41.123426404831186 ], [ -7.052818146330637, 41.123475004319971 ], [ -7.052778819569242, 41.123534872858976 ], [ -7.052502277484535, 41.123967454899827 ], [ -7.052312428229456, 41.124202306569018 ], [ -7.052206950622431, 41.12444082647805 ], [ -7.052167089195994, 41.124490249383676 ], [ -7.052038241659571, 41.124563054946037 ], [ -7.051853789275407, 41.124577896019382 ], [ -7.051590409966998, 41.12454760499525 ], [ -7.051383582260804, 41.124525137848607 ], [ -7.05093239623947, 41.12442375177455 ], [ -7.050869803937656, 41.124406595974754 ], [ -7.050670300285959, 41.124344488644049 ], [ -7.050485075622182, 41.124246228156736 ], [ -7.05032817854498, 41.124105823762704 ], [ -7.050270975577487, 41.124006780783795 ], [ -7.050246138057421, 41.123909751927272 ], [ -7.050124660182958, 41.12362777276585 ], [ -7.050065931509939, 41.123484328123546 ], [ -7.050004275135596, 41.123388308171329 ], [ -7.049868239199217, 41.123239091458579 ], [ -7.049749489729522, 41.123175757353032 ], [ -7.04961923158096, 41.123131768500166 ], [ -7.049422224566174, 41.123098939910953 ], [ -7.049091231832412, 41.123082327409932 ], [ -7.048894754349155, 41.123061120149657 ], [ -7.048770781261532, 41.123018537425651 ], [ -7.048648430835474, 41.122927888198724 ], [ -7.048621305722603, 41.12287595040106 ], [ -7.048631148635276, 41.122776999321729 ], [ -7.048679414079764, 41.122578548620396 ], [ -7.048815584439136, 41.12229169709655 ], [ -7.048928295394049, 41.12220073028918 ], [ -7.049197216626323, 41.122095476822331 ], [ -7.049464151736017, 41.122060886296303 ], [ -7.049936549174109, 41.122007876835482 ], [ -7.049997115733791, 41.121988545186696 ], [ -7.050125216717449, 41.121910059487178 ], [ -7.050182255920451, 41.121859092452262 ], [ -7.050248602177929, 41.121763191754482 ], [ -7.050406327900427, 41.121402883645075 ], [ -7.050425651673732, 41.121357414742874 ], [ -7.05056936987251, 41.120900181099536 ], [ -7.050640135898836, 41.120694560172382 ], [ -7.05083959245304, 41.120395690375169 ], [ -7.051023587127662, 41.120154304729702 ], [ -7.051099681356783, 41.11991361344802 ], [ -7.051239588547981, 41.119615809722809 ], [ -7.051342603106352, 41.119527366953022 ], [ -7.0514767335155, 41.119451184674389 ], [ -7.051810341963391, 41.119343199904996 ], [ -7.051959413241379, 41.119328838070615 ], [ -7.052152754184865, 41.119337401131197 ], [ -7.05262285278625, 41.119372776019709 ], [ -7.052833645946405, 41.119362598150552 ], [ -7.05297191937151, 41.119302301318122 ], [ -7.053154723447113, 41.119161929385712 ], [ -7.053192701997155, 41.119111049555229 ], [ -7.053262238872044, 41.118914416030684 ], [ -7.053282736042473, 41.118818985044143 ], [ -7.05326936876421, 41.118660746357357 ], [ -7.053151409649247, 41.118411129203665 ], [ -7.05305972621492, 41.118214794097455 ], [ -7.052871527711976, 41.117913641473976 ], [ -7.052627464253322, 41.117548673822299 ], [ -7.052500738338503, 41.117405671190973 ], [ -7.052377619904578, 41.117311416058726 ], [ -7.052236514649421, 41.117247066165525 ], [ -7.052109569603568, 41.117226425859975 ], [ -7.051983689764482, 41.11723541933528 ], [ -7.051914402283096, 41.117264306537827 ], [ -7.051857800619111, 41.117310779177863 ], [ -7.051807770903641, 41.117413858252085 ], [ -7.051804653787499, 41.117560688011572 ], [ -7.051807449708821, 41.117753131979285 ], [ -7.051773130712176, 41.11779873231842 ], [ -7.05170750027622, 41.117829358220568 ], [ -7.051643521526945, 41.1178318226507 ], [ -7.051439348973173, 41.117779308237012 ], [ -7.051109597262591, 41.117630436596748 ], [ -7.050976191270967, 41.117568410338549 ], [ -7.050713071774094, 41.117495261457918 ], [ -7.050445918712674, 41.117471684680787 ], [ -7.049784765539961, 41.117442160707789 ], [ -7.049670268411635, 41.1174393758115 ], [ -7.049596241882641, 41.117437508114477 ], [ -7.049152066084271, 41.117456120087475 ], [ -7.048886939772974, 41.117512156164182 ], [ -7.048482392138252, 41.117633513915159 ], [ -7.048013328344533, 41.117717436150578 ], [ -7.047801259222631, 41.117739936189814 ], [ -7.047467680253833, 41.117752013713393 ], [ -7.047130443800318, 41.117733083943179 ], [ -7.046745963267759, 41.11762564630007 ], [ -7.046622510955616, 41.117559477790586 ], [ -7.046501325206534, 41.117457038981243 ], [ -7.046365285735497, 41.117316462069375 ], [ -7.046248617462566, 41.117170759765635 ], [ -7.046126150313215, 41.116972867232199 ], [ -7.045969097650336, 41.116676589409963 ], [ -7.045908966428004, 41.116467307462578 ], [ -7.045832945176659, 41.116109489375276 ], [ -7.045763670503878, 41.11595657486653 ], [ -7.045669643520703, 41.115860337907357 ], [ -7.045531647769032, 41.115824728161762 ], [ -7.045268821989871, 41.115828107401946 ], [ -7.045131641558267, 41.115865713780636 ], [ -7.044936614332745, 41.115988761290922 ], [ -7.044833763111069, 41.116088546148362 ], [ -7.044804909202594, 41.11614175869385 ], [ -7.04482999290741, 41.116245004062698 ], [ -7.044902381097883, 41.116346622616817 ], [ -7.044924976679288, 41.116398609486552 ], [ -7.044922953523465, 41.116449014966378 ], [ -7.044847059536722, 41.11654608126991 ], [ -7.044730676414221, 41.116629174906599 ], [ -7.044593341291452, 41.116654260590686 ], [ -7.044459340064599, 41.116657500039416 ], [ -7.043780452729112, 41.116628045958343 ], [ -7.043112079713759, 41.116611018655618 ], [ -7.042907751697176, 41.116590272596071 ], [ -7.042637183487109, 41.116528918579775 ], [ -7.04243993485612, 41.116418732162735 ], [ -7.041880962412312, 41.115905800822816 ], [ -7.04163442498749, 41.115723111378855 ], [ -7.041530288087567, 41.115627139037045 ], [ -7.041267901944733, 41.115517954133161 ], [ -7.041141999191873, 41.115484979437284 ], [ -7.041021238267239, 41.115472582093588 ], [ -7.040625561594172, 41.115532676671108 ], [ -7.040112419311195, 41.115654415819542 ], [ -7.039972197506565, 41.115673888687951 ], [ -7.039899144918685, 41.115677970399027 ], [ -7.039640243261008, 41.115674709103267 ], [ -7.039297472556726, 41.115638504917726 ], [ -7.039036798082984, 41.115583988667112 ], [ -7.038974829495386, 41.115551617888499 ], [ -7.038943920600852, 41.115505764717305 ], [ -7.038943345297874, 41.115411213943261 ], [ -7.039016754184727, 41.115313675019159 ], [ -7.039152862878188, 41.115226094075481 ], [ -7.039387836801093, 41.115035093531972 ], [ -7.039406472872387, 41.114987999156632 ], [ -7.03939734060016, 41.114842130361005 ], [ -7.039335364274971, 41.114745564038053 ], [ -7.039166182866734, 41.114601606107982 ], [ -7.038845130802852, 41.114419019750159 ], [ -7.038216731707857, 41.114081885022578 ], [ -7.037899468054571, 41.113901042838329 ], [ -7.037580932435819, 41.113768092896457 ], [ -7.037184235806756, 41.113545705951275 ], [ -7.037065348537318, 41.113449129125293 ], [ -7.03697474280153, 41.113348958465615 ], [ -7.036792061489995, 41.113101049791318 ], [ -7.036764618982332, 41.112961221226264 ], [ -7.036720837119598, 41.112866264612165 ], [ -7.036593151805647, 41.112711979172346 ], [ -7.036464489863206, 41.11261648283223 ], [ -7.036334183846127, 41.112555551451415 ], [ -7.036131955914931, 41.11252382372836 ], [ -7.035945338273062, 41.112534743401824 ], [ -7.035684415910329, 41.112632123123689 ], [ -7.035490428469181, 41.1127566034613 ], [ -7.035436664216429, 41.112854059930847 ], [ -7.035431723717577, 41.112950807447767 ], [ -7.03546255279696, 41.113001163826077 ], [ -7.035691267139095, 41.113187021960776 ], [ -7.03570415226359, 41.113235587472332 ], [ -7.035681978631758, 41.113430406091126 ], [ -7.035546975714615, 41.113630812903232 ], [ -7.035457969194454, 41.113727934490463 ], [ -7.035282255083342, 41.113870328690268 ], [ -7.035150632650381, 41.113952906362265 ], [ -7.034950376498658, 41.114024743098739 ], [ -7.034820276086132, 41.114022966164406 ], [ -7.034753093148179, 41.114010709276833 ], [ -7.034689710813224, 41.113977513235191 ], [ -7.034574846789539, 41.11383289232797 ], [ -7.034541577022082, 41.113685722372317 ], [ -7.03451455164321, 41.113635402028365 ], [ -7.03445620010918, 41.113586132659393 ], [ -7.034394133292078, 41.113559971399788 ], [ -7.034071684390175, 41.113505127566071 ], [ -7.033814272457117, 41.113484397403184 ], [ -7.033752422213592, 41.113487949123794 ], [ -7.033687449801659, 41.113521997155686 ], [ -7.033608194992662, 41.113612633684127 ], [ -7.033548540671637, 41.11371282074024 ], [ -7.033478740233801, 41.113900885839328 ], [ -7.033429857577937, 41.114048173223047 ], [ -7.033316868919153, 41.114241231170773 ], [ -7.033132290038323, 41.114379034413631 ], [ -7.033067669097164, 41.114412995400876 ], [ -7.032679300416875, 41.114541832030042 ], [ -7.032101773101394, 41.114440072991691 ], [ -7.031141291432812, 41.114271083088539 ], [ -7.031098322073053, 41.114263377719581 ], [ -7.0307395846414, 41.114199987167396 ], [ -7.03067310803555, 41.114188458600836 ], [ -7.03034596499118, 41.114051079790414 ], [ -7.030083394296891, 41.113975457956428 ], [ -7.029755292949238, 41.113881650559158 ], [ -7.029432253585058, 41.113819764792254 ], [ -7.029102351080879, 41.113769606085704 ], [ -7.028765482044765, 41.113737120681691 ], [ -7.028638498106822, 41.113720146795437 ], [ -7.0284366945931, 41.113641954122727 ], [ -7.028311551354635, 41.113557464917868 ], [ -7.028124697362792, 41.113411344905785 ], [ -7.028028072434173, 41.113315873649313 ], [ -7.027826750620571, 41.113023832304556 ], [ -7.027731647783886, 41.11293009070549 ], [ -7.027671787486899, 41.112885934943307 ], [ -7.027282536927775, 41.112668897921495 ], [ -7.027185534034412, 41.112525075918413 ], [ -7.027095109802439, 41.112372575686592 ], [ -7.027034434720602, 41.112178136583552 ], [ -7.026951604225797, 41.112033816550941 ], [ -7.026801043307646, 41.111825277974056 ], [ -7.026631795395811, 41.111687781371494 ], [ -7.026550258110014, 41.111587417709053 ], [ -7.026487265021085, 41.111545394051312 ], [ -7.026421983728481, 41.111533785376551 ], [ -7.026291361772087, 41.111556209788311 ], [ -7.026183578949817, 41.111643775807636 ], [ -7.026016031312123, 41.111894557026879 ], [ -7.02591633425471, 41.112089440863905 ], [ -7.025840347618386, 41.112183438618132 ], [ -7.025588589820729, 41.112358311780831 ], [ -7.025403189780485, 41.112473856108643 ], [ -7.025269513913628, 41.112536236863306 ], [ -7.025139081942504, 41.112568745619235 ], [ -7.024946569980218, 41.112554202451854 ], [ -7.024877922109084, 41.112565608639173 ], [ -7.024612941988599, 41.112662743205455 ], [ -7.024291692255606, 41.11271476193847 ], [ -7.024024792433972, 41.112699231981985 ], [ -7.023620331628202, 41.112615747155225 ], [ -7.022942381654538, 41.112378184447238 ], [ -7.022880869409557, 41.112340223199404 ], [ -7.022813373384266, 41.11224079721584 ], [ -7.022808574717044, 41.111903099624008 ], [ -7.022810447984383, 41.111855303426161 ], [ -7.02283530252135, 41.111665826581586 ], [ -7.022815265222652, 41.111568838907864 ], [ -7.022754025645495, 41.11152188049104 ], [ -7.022626676032248, 41.111484635147505 ], [ -7.022364837617358, 41.111430341921626 ], [ -7.021964208411015, 41.111409831394127 ], [ -7.021298408550825, 41.111399183717971 ], [ -7.021228647429752, 41.111384735755237 ], [ -7.021165885088081, 41.111336588548212 ], [ -7.021146937579545, 41.111288053854437 ], [ -7.021162235475241, 41.111242012524869 ], [ -7.021278173665226, 41.111165514186098 ], [ -7.021537953733526, 41.111066179676371 ], [ -7.021731175633286, 41.110995194302873 ], [ -7.02179203009628, 41.110958954974365 ], [ -7.021822590179942, 41.110911706547377 ], [ -7.021804507135927, 41.110818878587644 ], [ -7.021734718436858, 41.110671620082108 ], [ -7.021566583813652, 41.110426081436053 ], [ -7.021248758348258, 41.110190350480686 ], [ -7.021044893832886, 41.11010140724197 ], [ -7.020853350644204, 41.110058233151278 ], [ -7.020581241677153, 41.110063173692659 ], [ -7.020386623448621, 41.110110550782444 ], [ -7.020264716216481, 41.110174115430674 ], [ -7.020167064705819, 41.11027473888042 ], [ -7.020090638738093, 41.110415818924778 ], [ -7.020041386634815, 41.110512676978033 ], [ -7.019968806006927, 41.110609043970832 ], [ -7.019851747552744, 41.110709752446773 ], [ -7.019725552747197, 41.110759226681772 ], [ -7.019589910793071, 41.110768900814833 ], [ -7.019209144964943, 41.110756674716896 ], [ -7.019077823057955, 41.110714888533344 ], [ -7.018955808147902, 41.110650681641623 ], [ -7.01876623755759, 41.11054737761603 ], [ -7.018522274503329, 41.110365479471703 ], [ -7.018394963144078, 41.110220184483431 ], [ -7.0182682253833, 41.110076061851608 ], [ -7.018163425070304, 41.109979335358823 ], [ -7.018038259556381, 41.109904385570552 ], [ -7.017970059763607, 41.109889406894602 ], [ -7.017840281052666, 41.10991120319666 ], [ -7.01777458524927, 41.109945234353489 ], [ -7.01760824488106, 41.110144241601816 ], [ -7.017481755123415, 41.110387120449147 ], [ -7.017388665436326, 41.110675795781525 ], [ -7.017301164909077, 41.110879790876815 ], [ -7.017025086672588, 41.111365600316141 ], [ -7.016998135826086, 41.11141765196205 ], [ -7.01673632117911, 41.111897380525043 ], [ -7.01657464375598, 41.112108859009624 ], [ -7.016271994040051, 41.11240504562906 ], [ -7.016037196792908, 41.112603387695991 ], [ -7.015639783797577, 41.112871013403172 ], [ -7.01543815130412, 41.112959913543378 ], [ -7.015180337332189, 41.113026660703753 ], [ -7.014986220792982, 41.113093121525985 ], [ -7.014471803374752, 41.113365552039433 ], [ -7.014347455102317, 41.113397030717664 ], [ -7.014287325985149, 41.113389967315605 ], [ -7.013906805305128, 41.113229513829232 ], [ -7.013763834461409, 41.113081273959182 ], [ -7.013708213529119, 41.112984206431001 ], [ -7.013702981722022, 41.112892497107389 ], [ -7.013661760084194, 41.112845093599915 ], [ -7.013530679895184, 41.112788626569177 ], [ -7.01333582243171, 41.112758374756915 ], [ -7.013005849467042, 41.112671525714568 ], [ -7.012946463371814, 41.112621152223603 ], [ -7.012935731675334, 41.112572968022086 ], [ -7.013006998176715, 41.112428154535671 ], [ -7.013268640183985, 41.112136077330334 ], [ -7.013377210366333, 41.11198900869082 ], [ -7.013394650665444, 41.111943261167241 ], [ -7.013376671579831, 41.111795956488891 ], [ -7.013307722674501, 41.111698763706023 ], [ -7.013198467145323, 41.111605412834969 ], [ -7.013134509950206, 41.111578587865864 ], [ -7.012994346186111, 41.111553096485594 ], [ -7.012872360103754, 41.111550202220506 ], [ -7.012729827426415, 41.111572950125598 ], [ -7.012456478042624, 41.111699503751353 ], [ -7.012334938425903, 41.11179683027229 ], [ -7.012101961681674, 41.112048485220022 ], [ -7.012013892194162, 41.112193948610809 ], [ -7.011982373817562, 41.112297281384699 ], [ -7.011989724728383, 41.112390182860587 ], [ -7.012062675746521, 41.112539188743725 ], [ -7.012066048640449, 41.112585862539333 ], [ -7.012038756971985, 41.112636832778698 ], [ -7.011861015849529, 41.112783403381734 ], [ -7.011188266825794, 41.113222844264868 ], [ -7.011054272286969, 41.113317255886869 ], [ -7.010845574683676, 41.113512957440292 ], [ -7.010723895927822, 41.113709324581421 ], [ -7.0106098794939, 41.114000849909424 ], [ -7.010589264926986, 41.114141922544519 ], [ -7.010544206774518, 41.114187225814376 ], [ -7.010489739343342, 41.114204436950821 ], [ -7.010294110201731, 41.114205683636705 ], [ -7.010169201897001, 41.114178717647142 ], [ -7.010050241243724, 41.114102822950265 ], [ -7.009988227343324, 41.114011099265923 ], [ -7.009977665947022, 41.113707735976014 ], [ -7.010034492562614, 41.11351668108933 ], [ -7.01014149449809, 41.113021595242344 ], [ -7.010200748669998, 41.112666507895931 ], [ -7.010251003737025, 41.112511948650209 ], [ -7.010268944589712, 41.112465118780023 ], [ -7.010296613337264, 41.112371204299137 ], [ -7.010287443268528, 41.112231281149917 ], [ -7.010246559629383, 41.112184961125152 ], [ -7.010184991521729, 41.112151139017868 ], [ -7.010049453945831, 41.112112180115069 ], [ -7.009387405331356, 41.112013716169699 ], [ -7.008871598118395, 41.111919460698296 ], [ -7.008740647684155, 41.111869832700336 ], [ -7.008712693230491, 41.111721801467787 ], [ -7.008655114442507, 41.11162841042826 ], [ -7.008641790733958, 41.111578756251063 ], [ -7.008666537014985, 41.111481935878004 ], [ -7.008765662331442, 41.11138691656118 ], [ -7.009143509664505, 41.111129835998717 ], [ -7.009177097516751, 41.111079828287949 ], [ -7.009191796256969, 41.110985430945782 ], [ -7.009197069707642, 41.1109347895149 ], [ -7.009204764800677, 41.110790255851761 ], [ -7.009266915408474, 41.110593939798065 ], [ -7.00933371026355, 41.110495545830283 ], [ -7.009391847611056, 41.11044433775151 ], [ -7.009650324047195, 41.11027541831762 ], [ -7.009691247043137, 41.110228273290616 ], [ -7.009718254106535, 41.110131470207982 ], [ -7.009704593527691, 41.110080735048953 ], [ -7.009637090776097, 41.10998265464319 ], [ -7.009382320077579, 41.109822060960639 ], [ -7.009346676754161, 41.109775881763184 ], [ -7.009343232679843, 41.109628361649634 ], [ -7.009373034847566, 41.10953500570988 ], [ -7.009579222899805, 41.109290481987792 ], [ -7.009705264878827, 41.109208417580561 ], [ -7.009879720061456, 41.109058487499937 ], [ -7.010288325613769, 41.108671680071474 ], [ -7.010337598504615, 41.108574287949111 ], [ -7.01043648946086, 41.108338529656386 ], [ -7.010450693282407, 41.108245294227615 ], [ -7.010436341723287, 41.108102259962401 ], [ -7.010374883511151, 41.107956963062072 ], [ -7.010261564466022, 41.107816026546558 ], [ -7.010126232644227, 41.107723590921069 ], [ -7.010014484198712, 41.107630749352786 ], [ -7.009974367578857, 41.107581648973358 ], [ -7.009950700882027, 41.107531083695676 ], [ -7.009941880219717, 41.107433665580473 ], [ -7.010000259658614, 41.10728395324648 ], [ -7.010008892122294, 41.107140509980923 ], [ -7.010006071686304, 41.107089247515624 ], [ -7.009955685087391, 41.107042115275704 ], [ -7.009887164765444, 41.107025061324578 ], [ -7.009698034979425, 41.10703024495411 ], [ -7.009571575557675, 41.107074125589776 ], [ -7.009448006289452, 41.107144057400092 ], [ -7.009339069492294, 41.107228536779971 ], [ -7.00920283357815, 41.107518128993021 ], [ -7.00917438198701, 41.107567376476815 ], [ -7.009118556191598, 41.107615814819617 ], [ -7.009055308318235, 41.107638881534285 ], [ -7.008856671755445, 41.107635774466061 ], [ -7.008661240109584, 41.10757732773375 ], [ -7.008477538983557, 41.107571035127023 ], [ -7.008285344157208, 41.10765100894659 ], [ -7.008118414404935, 41.107799389375685 ], [ -7.007990805194074, 41.107889899835264 ], [ -7.00786506191526, 41.107954495300291 ], [ -7.007728632250322, 41.108010609600981 ], [ -7.007463678817971, 41.108084746043346 ], [ -7.007324422092912, 41.108090140239526 ], [ -7.007191959743508, 41.10806687538598 ], [ -7.007130883181176, 41.108025222765711 ], [ -7.007081552914347, 41.10788805732944 ], [ -7.007083666106605, 41.10774347368983 ], [ -7.007020421984721, 41.107696390983627 ], [ -7.006888184088375, 41.107667010503576 ], [ -7.006614915517105, 41.107677219233061 ], [ -7.006490018619334, 41.107671496654099 ], [ -7.006359201350247, 41.107642667012854 ], [ -7.006227481485385, 41.107555303615726 ], [ -7.005953810837137, 41.107310059604345 ], [ -7.005750518190058, 41.107077925907539 ], [ -7.005368443551646, 41.106732848629825 ], [ -7.005332734962439, 41.106683786188029 ], [ -7.005321821650135, 41.106632538934079 ], [ -7.005346462421699, 41.106583793549291 ], [ -7.005705766879431, 41.106303403421229 ], [ -7.005731079256909, 41.106256919181767 ], [ -7.005705830533807, 41.106208863236724 ], [ -7.005596264687254, 41.106113790388434 ], [ -7.005535314828334, 41.106085909226003 ], [ -7.005265271856197, 41.106082188890596 ], [ -7.00508628462101, 41.106127715857433 ], [ -7.004746825272679, 41.106103779008414 ], [ -7.004619406248176, 41.106092445282862 ], [ -7.004431482123112, 41.106012901384403 ], [ -7.004374172597878, 41.10596705311864 ], [ -7.004356753617538, 41.105920507966822 ], [ -7.004269758232117, 41.105828718240886 ], [ -7.004116198852388, 41.10569584534533 ], [ -7.004085366459721, 41.105668263067635 ], [ -7.004040621578793, 41.105632614405195 ], [ -7.004017363158077, 41.105621132067213 ], [ -7.003884454216792, 41.105589758836871 ], [ -7.003615460889626, 41.105482679072999 ], [ -7.003237372666878, 41.105316367745331 ], [ -7.002965965442087, 41.105218353462043 ], [ -7.002383209164049, 41.105096133011642 ], [ -7.002252115608048, 41.105041902273641 ], [ -7.002220889598288, 41.104995765119007 ], [ -7.002213118029238, 41.104948962278733 ], [ -7.002167043287881, 41.104949139370511 ], [ -7.001970013001499, 41.104943244006193 ], [ -7.001695683920357, 41.104995393099436 ], [ -7.001507133565499, 41.105057201987982 ], [ -7.001375600387349, 41.105091571155327 ], [ -7.001248325657242, 41.105092571818126 ], [ -7.00084547725448, 41.104982281314541 ], [ -7.000505173079164, 41.104869186310886 ], [ -7.000285196688933, 41.104812727929335 ], [ -7.000126320454101, 41.10478955809694 ], [ -6.999910863022252, 41.104775293141259 ], [ -6.999701717156792, 41.104802502128763 ], [ -6.999406230021203, 41.104880093352996 ], [ -6.999264798461188, 41.104901758579373 ], [ -6.999126494946427, 41.10490039999506 ], [ -6.998709912163684, 41.104827419928654 ], [ -6.998567535499735, 41.104779294021604 ], [ -6.998425196517901, 41.104708108480338 ], [ -6.998218738232734, 41.104558052484371 ], [ -6.998089924151915, 41.104413258731441 ], [ -6.997941230677056, 41.104254855350604 ], [ -6.997818119639375, 41.10416612289103 ], [ -6.997745967463852, 41.104145966299363 ], [ -6.997674412524674, 41.10414670175895 ], [ -6.99760489413986, 41.104167627621116 ], [ -6.997477741927275, 41.104251645221993 ], [ -6.997446001170875, 41.104304550023159 ], [ -6.997458070884405, 41.104356980872815 ], [ -6.997535954566228, 41.104459318109392 ], [ -6.9975576708681, 41.104560013956387 ], [ -6.997519829633646, 41.104614479403757 ], [ -6.99745290266257, 41.104657489273706 ], [ -6.997319937278597, 41.104691929730976 ], [ -6.997187555960759, 41.10468549569692 ], [ -6.997115970969062, 41.104653544262604 ], [ -6.99686241850775, 41.104466465182199 ], [ -6.996743330476333, 41.104323834129396 ], [ -6.996563237302041, 41.104067065896984 ], [ -6.996376806315182, 41.103915578917771 ], [ -6.996276906162603, 41.103882539888396 ], [ -6.996183876378478, 41.103844436164742 ], [ -6.996081747014946, 41.103809936090784 ], [ -6.995966104860845, 41.103785203596303 ], [ -6.995767528159845, 41.10378631106893 ], [ -6.995673814127432, 41.103801956325725 ], [ -6.995580198920702, 41.103818770330349 ], [ -6.9954655939133, 41.103844654041517 ], [ -6.995314884827962, 41.103886208592897 ], [ -6.995111727684628, 41.103932377278298 ], [ -6.994979630196248, 41.10397861644951 ], [ -6.994917248681299, 41.103992586996448 ], [ -6.994727876069603, 41.104026197029455 ], [ -6.994540373510916, 41.104047395795959 ], [ -6.99436788722439, 41.104040653098444 ], [ -6.994140220483502, 41.103995910622857 ], [ -6.993918981232561, 41.103902874950769 ], [ -6.993655306106133, 41.103771960648523 ], [ -6.993391584760094, 41.103657617567606 ], [ -6.993228486524039, 41.103582623951894 ], [ -6.993148722769177, 41.103507188750754 ], [ -6.993104091126989, 41.103465419497304 ], [ -6.992938991140882, 41.103306486254951 ], [ -6.992777698442587, 41.103237093392252 ], [ -6.992604207213698, 41.103219353854023 ], [ -6.992475495503397, 41.103242031697661 ], [ -6.992274795595567, 41.103338463305676 ], [ -6.992158948938586, 41.103415834714703 ], [ -6.99208624435051, 41.103469410136285 ], [ -6.991927456820464, 41.10348224589643 ], [ -6.991854122984067, 41.103427769607059 ], [ -6.991805450864803, 41.103378573657736 ], [ -6.991761257820357, 41.103263062703903 ], [ -6.991722755112003, 41.103059551258994 ], [ -6.991698068694535, 41.102876428995003 ], [ -6.99167213086748, 41.102786134222839 ], [ -6.99153060041853, 41.102689287032959 ], [ -6.991463601223355, 41.102667558612943 ], [ -6.991351663733115, 41.102663029477519 ], [ -6.991217877685608, 41.102676111146884 ], [ -6.991010729500841, 41.10271881144434 ], [ -6.990814083680704, 41.102794214412 ], [ -6.990633074386496, 41.102895160431359 ], [ -6.990421701839422, 41.102961677174399 ], [ -6.990359351554816, 41.102959977307776 ], [ -6.990252155241684, 41.102956667382855 ], [ -6.990071728059331, 41.102872400423493 ], [ -6.989885056941983, 41.102784201203164 ], [ -6.989725753185717, 41.102703206556598 ], [ -6.987921896508809, 41.099584390325383 ], [ -6.987529626610391, 41.099272370931367 ], [ -6.987188269253573, 41.09892088683268 ], [ -6.986821694609068, 41.098568963518701 ], [ -6.986540596464516, 41.098394733790229 ], [ -6.986310687389554, 41.098350311925167 ], [ -6.986175409230567, 41.098298814368171 ], [ -6.986086478573663, 41.098306665793395 ], [ -6.985947222066021, 41.098333733512149 ], [ -6.985795986484452, 41.098365096541002 ], [ -6.985728457438879, 41.098381080043929 ], [ -6.985639192942178, 41.098401263597054 ], [ -6.985487202267007, 41.098434686070078 ], [ -6.985278385247466, 41.098485194076247 ], [ -6.98509100749337, 41.098541317884006 ], [ -6.984877658224092, 41.098598803298081 ], [ -6.984750685102605, 41.098631307188256 ], [ -6.984565781410447, 41.098675117200116 ], [ -6.984375010688819, 41.098721304057875 ], [ -6.984132823761626, 41.098766702294235 ], [ -6.983940867686743, 41.098785053533739 ], [ -6.983775562390957, 41.098776649535694 ], [ -6.983604398936734, 41.098755860956857 ], [ -6.983467136026755, 41.098736752953918 ], [ -6.983214031944255, 41.098677955002884 ], [ -6.982858172546417, 41.098566092449168 ], [ -6.982590012765169, 41.098483192452797 ], [ -6.982369217928785, 41.098407875590624 ], [ -6.982133404818229, 41.098319988729351 ], [ -6.98188196945843, 41.09821330021591 ], [ -6.981651332067962, 41.098128880293956 ], [ -6.981402597384286, 41.098058600225158 ], [ -6.981173467644524, 41.098038034419559 ], [ -6.981012009546626, 41.098041464973619 ], [ -6.980787832336172, 41.098050753733759 ], [ -6.980555535036892, 41.098061939051654 ], [ -6.980023677651566, 41.098084178930549 ], [ -6.979825284470103, 41.09808958373744 ], [ -6.979679486848555, 41.098088936303796 ], [ -6.97953308387274, 41.098081797777311 ], [ -6.979461994973137, 41.098083341491602 ], [ -6.979318255994004, 41.098080551399313 ], [ -6.979145809002055, 41.098072619396646 ], [ -6.978906477223277, 41.098056988362252 ], [ -6.978669463768644, 41.098058310715892 ], [ -6.97845804667431, 41.09806627942563 ], [ -6.978252441425953, 41.098062239438143 ], [ -6.978007796696311, 41.098037014197288 ], [ -6.97783542182826, 41.098004401262884 ], [ -6.977689453465955, 41.097952248105052 ], [ -6.977560213236509, 41.09789638713081 ], [ -6.977414653402803, 41.097814165395697 ], [ -6.977223931186983, 41.097680255393882 ], [ -6.977046065806375, 41.0975600695783 ], [ -6.976879458865662, 41.097449177192871 ], [ -6.976713450088842, 41.09733190116841 ], [ -6.976574906436079, 41.097215982032196 ], [ -6.976467483582813, 41.097124052701638 ], [ -6.976323280812328, 41.097011944662945 ], [ -6.976159449730694, 41.096892713275508 ], [ -6.97600476320164, 41.096781128950376 ], [ -6.975900431568355, 41.096710301837668 ], [ -6.975689817311263, 41.096523063617099 ], [ -6.975601344471208, 41.096436907377935 ], [ -6.975513641967537, 41.096347429045878 ], [ -6.975427660424367, 41.09626183705813 ], [ -6.975356568162457, 41.096182070000921 ], [ -6.975168533553917, 41.095963271890106 ], [ -6.975177553041455, 41.095869898617593 ], [ -6.975161538442696, 41.095765107579979 ], [ -6.975127606282151, 41.095643212990922 ], [ -6.975107504091449, 41.09554054547413 ], [ -6.975074249042542, 41.095400915731595 ], [ -6.975053874214807, 41.095286537257508 ], [ -6.975009140434302, 41.095163185213849 ], [ -6.974969013248955, 41.095055542322697 ], [ -6.974930315455073, 41.094954755202046 ], [ -6.97487958928193, 41.094833774004279 ], [ -6.974830527458031, 41.094726669732005 ], [ -6.974776864919012, 41.094623665630245 ], [ -6.974728086018068, 41.094520528720295 ], [ -6.974690683252124, 41.094427499074968 ], [ -6.974643125483864, 41.094315912225959 ], [ -6.974610554833259, 41.094245803696531 ], [ -6.974580750961128, 41.094166988872793 ], [ -6.974582239015946, 41.09410262086039 ], [ -6.97457059916318, 41.093978966614614 ], [ -6.974570554856975, 41.093872631561368 ], [ -6.974556166939251, 41.093763535634935 ], [ -6.974524551610325, 41.093570799902636 ], [ -6.974499308385336, 41.093442777747221 ], [ -6.974459204614364, 41.093286153649039 ], [ -6.974406748987357, 41.093162179823643 ], [ -6.974363102351945, 41.093085474966443 ], [ -6.974288201212114, 41.09296568830549 ], [ -6.974168382195757, 41.092739649978562 ], [ -6.974140752723595, 41.092659417120906 ], [ -6.974114573817119, 41.092577578986237 ], [ -6.974102768430222, 41.092470310710659 ], [ -6.974102678288792, 41.092367029408848 ], [ -6.974125550070622, 41.092250297162479 ], [ -6.974156819027152, 41.092123380048704 ], [ -6.974184773488398, 41.092015610408183 ], [ -6.974193717687493, 41.091926562032199 ], [ -6.974179167965696, 41.091805938074408 ], [ -6.974115933504535, 41.091679245334525 ], [ -6.974056581755179, 41.091602382353834 ], [ -6.973986883533335, 41.091504619959181 ], [ -6.973933463995589, 41.091435742127864 ], [ -6.973889151962933, 41.091363265973115 ], [ -6.973869096409775, 41.091319119891914 ], [ -6.973837390940893, 41.091254152237411 ], [ -6.973777567857844, 41.091149913283253 ], [ -6.973729713289729, 41.091123590458984 ], [ -6.974398579307605, 41.090255194729295 ], [ -6.974460190307287, 41.090182700827533 ], [ -6.974537294612807, 41.09008866247639 ], [ -6.974596482997821, 41.089936993260693 ], [ -6.974661190631668, 41.089789884328027 ], [ -6.974679496845172, 41.089634837083395 ], [ -6.974633834207089, 41.089435746181572 ], [ -6.974590160925369, 41.089299976879325 ], [ -6.974540826133622, 41.088997840477951 ], [ -6.974541102367945, 41.088642988770651 ], [ -6.974539994287815, 41.08836673016274 ], [ -6.974612509180827, 41.087964251140832 ], [ -6.974627565171313, 41.087655112162068 ], [ -6.974628994610623, 41.087363029752559 ], [ -6.974543126154789, 41.08706116069844 ], [ -6.974438236062306, 41.086805827802166 ], [ -6.974322821414821, 41.086580648615808 ], [ -6.974016357022729, 41.086181116103852 ], [ -6.974222052094114, 41.085967890183426 ], [ -6.974339039760198, 41.085804742068156 ], [ -6.974560027356306, 41.085547547618155 ], [ -6.974869472623062, 41.08513844534702 ], [ -6.975105189871909, 41.084719323212397 ], [ -6.975265414736445, 41.084275042201575 ], [ -6.975329526074132, 41.083950908591213 ], [ -6.975336919041642, 41.083678065862699 ], [ -6.975342298284364, 41.083330379362337 ], [ -6.97530867686123, 41.082872178930764 ], [ -6.975234781220982, 41.082627245518594 ], [ -6.975131150552679, 41.082429193679296 ], [ -6.975033335276822, 41.08225911337783 ], [ -6.974890479970341, 41.082052024760401 ], [ -6.974767337175463, 41.081908071173686 ], [ -6.974631883503219, 41.081807938024831 ], [ -6.974463903537321, 41.081717110373617 ], [ -6.974241646933843, 41.081579547442459 ], [ -6.974188684174571, 41.081546059148387 ], [ -6.974088205932284, 41.081446544589951 ], [ -6.97392512023917, 41.081287154778479 ], [ -6.973816301386492, 41.081174952812063 ], [ -6.973566579088783, 41.080934102652037 ], [ -6.973321909324487, 41.080656745535926 ], [ -6.9731041961618, 41.080436750773686 ], [ -6.972750650316255, 41.080159107487681 ], [ -6.972449456330934, 41.079882351577396 ], [ -6.972158062736238, 41.079636850150237 ], [ -6.971973244480491, 41.079488674874852 ], [ -6.971747724273596, 41.079313883054681 ], [ -6.971530029159077, 41.079127469552915 ], [ -6.971479956221594, 41.079078794654158 ], [ -6.971416179313198, 41.079004134845285 ], [ -6.971323555540876, 41.078837525304778 ], [ -6.971263844099761, 41.078700692397817 ], [ -6.971175962568082, 41.078582484309685 ], [ -6.971052201706793, 41.078434108395882 ], [ -6.970944468275009, 41.078321556271675 ], [ -6.970858122680323, 41.078217405567784 ], [ -6.970773579712821, 41.078098958916748 ], [ -6.970732441647176, 41.078009316215827 ], [ -6.970735499865397, 41.077916244853604 ], [ -6.970756781016203, 41.077809037861222 ], [ -6.970813204714362, 41.077706329141598 ], [ -6.970866735346876, 41.07761943600034 ], [ -6.970927185919148, 41.077524331417663 ], [ -6.970965172328405, 41.077461956701079 ], [ -6.971030181640081, 41.077358247652235 ], [ -6.97110982182096, 41.077227592309114 ], [ -6.971189168426953, 41.077113588222751 ], [ -6.971290245395888, 41.076988546979926 ], [ -6.971386244736564, 41.076861471709755 ], [ -6.97149165907951, 41.076740433188291 ], [ -6.971654808669209, 41.076576941626215 ], [ -6.97181247881972, 41.076406909730132 ], [ -6.971939051277695, 41.076273656359461 ], [ -6.972041506557387, 41.076158172837502 ], [ -6.972196403717463, 41.075996847486763 ], [ -6.972325587070777, 41.075863624486082 ], [ -6.97243174448593, 41.075747367519114 ], [ -6.972569149756333, 41.075606660781077 ], [ -6.972704779318263, 41.075465131009132 ], [ -6.972857857783217, 41.075312514253888 ], [ -6.972996571841373, 41.075184971794577 ], [ -6.973145385798338, 41.075079045629451 ], [ -6.973325164886259, 41.074977575628537 ], [ -6.973525500561678, 41.074878022140666 ], [ -6.973705776835883, 41.074796270475723 ], [ -6.973913496329215, 41.074702914406238 ], [ -6.974113480089955, 41.074616590811395 ], [ -6.974376481758983, 41.074484979798257 ], [ -6.974555945977752, 41.074388366090396 ], [ -6.974735576402759, 41.074275003137963 ], [ -6.974848957237643, 41.074194294214145 ], [ -6.974884352715525, 41.074123156168888 ], [ -6.974875054851802, 41.07406291151451 ], [ -6.974849818902189, 41.073975141778789 ], [ -6.974782375298457, 41.073858488840514 ], [ -6.97469502480716, 41.073723719032508 ], [ -6.974597688347601, 41.07359497345066 ], [ -6.974527088065764, 41.073508996764566 ], [ -6.974455883718219, 41.073430665784727 ], [ -6.974404600661207, 41.073369643205055 ], [ -6.974321901757608, 41.073288586209308 ], [ -6.974279808344007, 41.073232429156455 ], [ -6.974213915360596, 41.073129477955902 ], [ -6.974129763023052, 41.073029316257923 ], [ -6.973978195436843, 41.072940005369126 ], [ -6.973800146370896, 41.072874916736346 ], [ -6.973510695974273, 41.072818795992404 ], [ -6.973248381868672, 41.072741604882019 ], [ -6.972992269215847, 41.072636565093269 ], [ -6.972714417177052, 41.072536438229008 ], [ -6.972431144099926, 41.072474248685893 ], [ -6.972111184440783, 41.072400349713327 ], [ -6.971682782811437, 41.072295641822052 ], [ -6.971406839145353, 41.072216058970682 ], [ -6.971190762739162, 41.072134830832212 ], [ -6.970935953601927, 41.072016832580481 ], [ -6.970695677204866, 41.071870977114891 ], [ -6.970517657296021, 41.071764196659657 ], [ -6.970292083880707, 41.071648469311391 ], [ -6.970097402014578, 41.07155538301928 ], [ -6.969832200360735, 41.071433138166164 ], [ -6.969709026734686, 41.071373908851392 ], [ -6.9695927794977, 41.071286120284213 ], [ -6.969493571417599, 41.071217316293811 ], [ -6.969352906107005, 41.071117663577709 ], [ -6.969235535412233, 41.07102616524967 ], [ -6.969159287483571, 41.070944359324436 ], [ -6.969099815138627, 41.070814912868016 ], [ -6.969046663888779, 41.070623579081719 ], [ -6.969031698563984, 41.070439648090691 ], [ -6.968976849291224, 41.070324835182532 ], [ -6.968964206010424, 41.07021863896837 ], [ -6.968260924843534, 41.066835062276326 ], [ -6.968303991402778, 41.066834958295239 ], [ -6.968359133422849, 41.06676428922394 ], [ -6.968338905013551, 41.066669810004164 ], [ -6.96828772153928, 41.066536210333979 ], [ -6.968239433702424, 41.066406877323757 ], [ -6.96819778040139, 41.066279135790296 ], [ -6.968153560551705, 41.066108417905937 ], [ -6.968130025356492, 41.06596546761758 ], [ -6.968121900676248, 41.065859045897973 ], [ -6.968161164409912, 41.065697095813576 ], [ -6.968210228562227, 41.065572433346397 ], [ -6.968244555746596, 41.065501287347388 ], [ -6.968289722132407, 41.065449968474027 ], [ -6.968334742462245, 41.065427011571096 ], [ -6.968234843345305, 41.065296341909686 ], [ -6.968180780809885, 41.065177571913658 ], [ -6.968137107839151, 41.06508375693339 ], [ -6.968100358640725, 41.064975068445719 ], [ -6.968077915565229, 41.064878045565635 ], [ -6.968049663175235, 41.064685523121348 ], [ -6.967984298444684, 41.064404921047597 ], [ -6.96793727152305, 41.0641230663798 ], [ -6.967899228474867, 41.06387839835061 ], [ -6.967880617888677, 41.063604748455568 ], [ -6.967876435766451, 41.063396533573453 ], [ -6.967858876306022, 41.063103448644696 ], [ -6.967817434322837, 41.062802021024098 ], [ -6.967786669679354, 41.062623516120013 ], [ -6.967776582794281, 41.062541023155418 ], [ -6.967748444790903, 41.062409638978586 ], [ -6.967705358078125, 41.062174736275637 ], [ -6.967667828267403, 41.061901168649747 ], [ -6.967633990225266, 41.061708050163624 ], [ -6.967618479474662, 41.061494674623965 ], [ -6.967613240161572, 41.061225033471921 ], [ -6.967639257601104, 41.061031167039339 ], [ -6.967684330680379, 41.060903852180623 ], [ -6.967759292917839, 41.060760899312527 ], [ -6.967875420613269, 41.060584238260901 ], [ -6.967973427135123, 41.060463672413491 ], [ -6.968094066742551, 41.060348103984936 ], [ -6.968241876463919, 41.060209760940573 ], [ -6.96837563243424, 41.060085322324881 ], [ -6.968530663432834, 41.059962266430958 ], [ -6.968680599377043, 41.059865006531091 ], [ -6.96876662382931, 41.059816620593963 ], [ -6.968855452127572, 41.059758179925439 ], [ -6.968938297002381, 41.059674012925178 ], [ -6.969017757301264, 41.059572977261531 ], [ -6.969090594849902, 41.059449272984658 ], [ -6.969148182573574, 41.05929993609093 ], [ -6.969195082426051, 41.059169845914965 ], [ -6.969212038918465, 41.059098524073654 ], [ -6.969234377025772, 41.05899178060578 ], [ -6.969234492801528, 41.058856806644968 ], [ -6.969201852452442, 41.058764728688288 ], [ -6.969156638298062, 41.058697816746303 ], [ -6.969072259174607, 41.058611968420557 ], [ -6.968982187011552, 41.058512015831425 ], [ -6.968848418883022, 41.058359751586913 ], [ -6.968746425558844, 41.05824104218911 ], [ -6.968649561564922, 41.0581077921901 ], [ -6.968549803543862, 41.057922558128951 ], [ -6.96846522777379, 41.057658874512846 ], [ -6.968426679877738, 41.057375393721344 ], [ -6.968365398030849, 41.057119864726403 ], [ -6.968282673039755, 41.056940296097828 ], [ -6.968261274555837, 41.056932789910157 ], [ -6.968361027457354, 41.056861488443865 ], [ -6.968550094572292, 41.05674382337466 ], [ -6.968662657259023, 41.056667523162865 ], [ -6.968708747411789, 41.056644123955643 ], [ -6.96893482654855, 41.05655240083 ], [ -6.969046053017479, 41.05651156543572 ], [ -6.96927982319775, 41.056408754006419 ], [ -6.969572871121721, 41.056290146570525 ], [ -6.969984968614596, 41.056111696459148 ], [ -6.970199303545843, 41.056011389152815 ], [ -6.97037402320015, 41.055931387070494 ], [ -6.970470635603034, 41.055869063556678 ], [ -6.970521709363449, 41.055839681926763 ], [ -6.970588694028499, 41.055791465346502 ], [ -6.970748465191416, 41.055709153548179 ], [ -6.971124955633758, 41.055526109014608 ], [ -6.975571153727302, 41.053458834518317 ], [ -6.975704352358648, 41.053324028424619 ], [ -6.977013651093645, 41.052968242486003 ], [ -6.977025433549909, 41.052933693252605 ], [ -6.977078527353672, 41.052829056626159 ], [ -6.977172176814534, 41.052615873910995 ], [ -6.977265505189955, 41.05244824873779 ], [ -6.977361744570814, 41.052318020518044 ], [ -6.977448559623721, 41.052203276033879 ], [ -6.977526254443089, 41.052092762083497 ], [ -6.977656684686953, 41.051966569143787 ], [ -6.977761291095192, 41.051854523114592 ], [ -6.977885576176596, 41.051739519166233 ], [ -6.978078948896609, 41.051604954235195 ], [ -6.978211512840268, 41.05154721021529 ], [ -6.97841033090374, 41.051488963016006 ], [ -6.978506301873799, 41.051442379266234 ], [ -6.97866625732694, 41.051348355317259 ], [ -6.97884927544581, 41.051234480770162 ], [ -6.978984332747215, 41.051122466695119 ], [ -6.97916495626378, 41.050954901119269 ], [ -6.979299283915121, 41.050795880507295 ], [ -6.979366765175397, 41.050718577121316 ], [ -6.979387801534648, 41.050685291740713 ], [ -6.979515950624049, 41.050518821875045 ], [ -6.979622406941806, 41.050361771119135 ], [ -6.979701247327531, 41.050212640459179 ], [ -6.979751224437456, 41.050054667664426 ], [ -6.979836955573778, 41.049864814577006 ], [ -6.979912413392886, 41.049698447181406 ], [ -6.979951636943957, 41.049617801876188 ], [ -6.979999988185233, 41.049512215030795 ], [ -6.980068976132908, 41.049389094380025 ], [ -6.980138126354406, 41.04922266820661 ], [ -6.980170566878985, 41.049046869495108 ], [ -6.980168534287161, 41.048904130929778 ], [ -6.980182937385001, 41.048698889542706 ], [ -6.980197930128999, 41.048561995822944 ], [ -6.980221731357044, 41.04841087067863 ], [ -6.980228245726783, 41.048296403787589 ], [ -6.98025141233527, 41.048113759911125 ], [ -6.980221053160824, 41.048026744709901 ], [ -6.980124563082595, 41.047884862812822 ], [ -6.980039241685162, 41.047771461559314 ], [ -6.979960671289333, 41.047632189093449 ], [ -6.979951346072061, 41.04746443648483 ], [ -6.979947447617285, 41.047217144604645 ], [ -6.979915531622086, 41.047021522686485 ], [ -6.979859538378565, 41.046781273058343 ], [ -6.979801165312343, 41.046588717907298 ], [ -6.979761146516185, 41.046407691854562 ], [ -6.979753062615123, 41.046277864262898 ], [ -6.979930404172802, 41.04614745224896 ], [ -6.980294760557542, 41.045905095651584 ], [ -6.980445143845802, 41.045745418357384 ], [ -6.98052945648111, 41.045595712327952 ], [ -6.980592704134323, 41.045446964312404 ], [ -6.980694815702051, 41.045163179195164 ], [ -6.980802692706968, 41.044964721548375 ], [ -6.980954972737003, 41.044805067021493 ], [ -6.981192061882401, 41.044631038300501 ], [ -6.981304469947474, 41.044561568098501 ], [ -6.98150576605684, 41.044442019915323 ], [ -6.981696584430179, 41.044370447911014 ], [ -6.981790089722147, 41.044355621914946 ], [ -6.981956730380459, 41.044327209600745 ], [ -6.982193396716138, 41.044265996804583 ], [ -6.982385043774164, 41.04418795152629 ], [ -6.982570437484724, 41.044086522321159 ], [ -6.982740753666367, 41.043928750882479 ], [ -6.982827016256457, 41.043776179386363 ], [ -6.9828601808077, 41.043578776599411 ], [ -6.982917474451564, 41.043361533213741 ], [ -6.983062547704899, 41.043225935460256 ], [ -6.98322985670992, 41.043097310835257 ], [ -6.983399362875367, 41.042985906125288 ], [ -6.983583726090258, 41.042834129948623 ], [ -6.983744424439992, 41.042675004030414 ], [ -6.984017260769359, 41.042331686403905 ], [ -6.984173887934545, 41.042133263150269 ], [ -6.984289393080052, 41.04193964862926 ], [ -6.984331170701533, 41.041739181496091 ], [ -6.984351766921773, 41.0416901322981 ], [ -6.984386921677666, 41.041528135793051 ], [ -6.984420534070908, 41.04128391357397 ], [ -6.984433476218722, 41.040983842210103 ], [ -6.984495413819897, 41.040690382132489 ], [ -6.984589874014011, 41.040304679941556 ], [ -6.984619695072917, 41.040018371449754 ], [ -6.98464773269296, 41.039732227049235 ], [ -6.984717903518738, 41.039395803678978 ], [ -6.984843654635172, 41.039104954782687 ], [ -6.985014968425156, 41.038916221167455 ], [ -6.985092618637206, 41.038848021646437 ], [ -6.985166556550631, 41.038781223082196 ], [ -6.985222757635452, 41.038736221942877 ], [ -6.985288255276203, 41.038682843907665 ], [ -6.985344036894342, 41.038641442059706 ], [ -6.985398914965643, 41.038603717555063 ], [ -6.985484748756165, 41.038543795001651 ], [ -6.985642921699203, 41.038419846224734 ], [ -6.985727887083304, 41.038361624760803 ], [ -6.985837186216102, 41.038278880902908 ], [ -6.985929653701241, 41.038213349529777 ], [ -6.986023346288439, 41.038145398208016 ], [ -6.98610743292839, 41.038076446264085 ], [ -6.986228433409239, 41.037976893066279 ], [ -6.98627900913239, 41.037933545337339 ], [ -6.986361136082397, 41.037867637873184 ], [ -6.986438842818646, 41.037802949673257 ], [ -6.986532762074846, 41.037722215844632 ], [ -6.986713752585464, 41.037571568758594 ], [ -6.986774966300468, 41.037518420074704 ], [ -6.986846237842271, 41.037454119596845 ], [ -6.986888953679442, 41.037411504702384 ], [ -6.986942470050054, 41.037349544269937 ], [ -6.987005799144066, 41.037277327330131 ], [ -6.987092967723301, 41.037181129398547 ], [ -6.987151382923944, 41.03711102634756 ], [ -6.987213088930309, 41.037043024281864 ], [ -6.987261626706511, 41.036986961547335 ], [ -6.987315749159653, 41.036930949816345 ], [ -6.987353645989932, 41.036892160490723 ], [ -6.987491356181553, 41.036768277598078 ], [ -6.987556910786926, 41.03671832135398 ], [ -6.987630411300629, 41.036655753356492 ], [ -6.987682956223601, 41.036608731894844 ], [ -6.987797925286689, 41.036514158580879 ], [ -6.987840552536658, 41.036476583064683 ], [ -6.987878396485667, 41.036440399788759 ], [ -6.987952928813326, 41.036380357643509 ], [ -6.988035809823475, 41.036318693886329 ], [ -6.988132953134946, 41.036243751724186 ], [ -6.988200829781846, 41.03619012460176 ], [ -6.988268210755661, 41.036137851267313 ], [ -6.988371590329017, 41.036066572584403 ], [ -6.988436487109112, 41.036013460481612 ], [ -6.988521594849776, 41.035947041690207 ], [ -6.988562350468266, 41.035914218704804 ], [ -6.988608330609066, 41.035875599280793 ], [ -6.98873239356214, 41.03577021649037 ], [ -6.98879533331894, 41.035720414547612 ], [ -6.988857075368097, 41.035670962651373 ], [ -6.988894072713586, 41.03563567646296 ], [ -6.989008532623463, 41.035528759127786 ], [ -6.98905246792711, 41.035484171862031 ], [ -6.989094426426665, 41.035444068920221 ], [ -6.989154755635998, 41.035393702402153 ], [ -6.989232988475123, 41.035339372473537 ], [ -6.989351146382133, 41.035273010077063 ], [ -6.989422885301662, 41.035250670977923 ], [ -6.989508560516494, 41.03524053053178 ], [ -6.989569133080526, 41.035237980998787 ], [ -6.989651994940066, 41.035239164286828 ], [ -6.990001282839246, 41.035257747784776 ], [ -6.990133214073879, 41.03525455061115 ], [ -6.990204681372182, 41.035247966807667 ], [ -6.990412202862385, 41.035219403702456 ], [ -6.990478200281502, 41.035205924001083 ], [ -6.990575994801897, 41.035182398230681 ], [ -6.990653702839297, 41.035158406720072 ], [ -6.990724644389485, 41.035134077050181 ], [ -6.990803290809455, 41.03510388085207 ], [ -6.990856407124437, 41.03507856491975 ], [ -6.990965645668858, 41.03501913672779 ], [ -6.991075749591912, 41.03494368569681 ], [ -6.991140420176301, 41.034903539646571 ], [ -6.99119026401335, 41.0348750369131 ], [ -6.991249540607084, 41.034844377440095 ], [ -6.991303850427529, 41.034818443722244 ], [ -6.991402381258433, 41.034773314147124 ], [ -6.991481520148636, 41.034735288592756 ], [ -6.991562033948525, 41.034700340776901 ], [ -6.991652208933601, 41.034663500442065 ], [ -6.991749431185602, 41.034624844326302 ], [ -6.9918239717798, 41.034591813617105 ], [ -6.991892332311193, 41.034551069778125 ], [ -6.991951172681119, 41.034497090704797 ], [ -6.991985997613072, 41.034443138528232 ], [ -6.991997972524032, 41.034244889872056 ], [ -6.992001736798937, 41.034171451795949 ], [ -6.992009746926901, 41.034120838522 ], [ -6.992021025800807, 41.034066655880416 ], [ -6.992034895435782, 41.034020688330187 ], [ -6.992042580156711, 41.034002756656726 ], [ -6.992180475073179, 41.033763527079415 ], [ -6.992586842149121, 41.033561073871866 ], [ -6.993142607547468, 41.033438524903481 ], [ -6.993888093994951, 41.033305774975723 ], [ -6.994736220926507, 41.033074987369311 ], [ -6.994797505243921, 41.033203633468844 ], [ -6.99502799697621, 41.033913815403224 ], [ -6.995519128935523, 41.034805486080096 ], [ -6.996238761052527, 41.035444853836538 ], [ -6.996971217188173, 41.035989526093474 ], [ -6.996999495732376, 41.035983861124912 ], [ -6.998003796960791, 41.036646820319362 ], [ -6.999398365808428, 41.037277672721771 ], [ -7.000659517744491, 41.037089341987894 ], [ -7.002463643803428, 41.036504367119825 ], [ -7.003652332773585, 41.036470078852126 ], [ -7.005306709090072, 41.03720353325776 ], [ -7.007625009487219, 41.038925977594531 ], [ -7.009549880606512, 41.040166780078849 ], [ -7.010485405665169, 41.040765839664942 ], [ -7.010853536196405, 41.040923931526549 ], [ -7.011357721943273, 41.041131063331626 ], [ -7.011592417452401, 41.041205107680021 ], [ -7.0123931812416, 41.041350469842882 ], [ -7.012636664745241, 41.041369492832509 ], [ -7.01306003529087, 41.041320653175646 ], [ -7.013146516213014, 41.04130519495213 ], [ -7.013848913870221, 41.041170549462741 ], [ -7.01432569659211, 41.041064865413595 ], [ -7.014645982963817, 41.040937137915229 ], [ -7.015441039864381, 41.040568640824375 ], [ -7.015618990092863, 41.040488782825676 ], [ -7.016225136370736, 41.040158340103751 ], [ -7.016989322053393, 41.039750726136198 ], [ -7.017721811138131, 41.039402764629898 ], [ -7.018440942854337, 41.039112839934354 ], [ -7.018830677241632, 41.038963255286056 ], [ -7.019161758721634, 41.038878388307808 ], [ -7.019846939892403, 41.038732738948973 ], [ -7.020516109123695, 41.038619971431018 ], [ -7.0212018542613, 41.038574802446178 ], [ -7.021862274857139, 41.038529296033332 ], [ -7.022531537460408, 41.038509621651244 ], [ -7.023217851722216, 41.038444728440425 ], [ -7.023918627356885, 41.038382847215225 ], [ -7.024738584515474, 41.038248364322207 ], [ -7.025063761932645, 41.03819556994771 ], [ -7.025513597621128, 41.03816269736469 ], [ -7.02601972285477, 41.038162781228877 ], [ -7.026344128715706, 41.038184709151494 ], [ -7.026784790766239, 41.038195684683089 ], [ -7.027062253163178, 41.038222836245765 ], [ -7.027508344617118, 41.03830706461445 ], [ -7.027797887749474, 41.038387181289082 ], [ -7.028130820107613, 41.038504361852624 ], [ -7.028592465026731, 41.038633127465822 ], [ -7.028904836636388, 41.038734894093949 ], [ -7.029372626397728, 41.038937729347111 ], [ -7.030175951141205, 41.039230118954535 ], [ -7.03049459152506, 41.039377501439319 ], [ -7.030719565895649, 41.039500667622136 ], [ -7.030970261534676, 41.03960012961938 ], [ -7.031432539896811, 41.039784624995306 ], [ -7.031711505413926, 41.039922080221068 ], [ -7.032192092597115, 41.040193097361424 ], [ -7.032216401004284, 41.040225923496486 ], [ -7.032794001562362, 41.040513083102653 ], [ -7.033459129747376, 41.040808188497621 ], [ -7.033642954028084, 41.040881613415131 ], [ -7.034101067509427, 41.041045795892067 ], [ -7.03442034569075, 41.041155810102673 ], [ -7.034810800546566, 41.041305030481958 ], [ -7.035539265977886, 41.041603966370964 ], [ -7.036044191755019, 41.041792814054851 ], [ -7.036410237845956, 41.041908302304499 ], [ -7.036845103550864, 41.042062623396859 ], [ -7.037368866042107, 41.04223480185879 ], [ -7.037455928797171, 41.042277500741022 ], [ -7.037597345942285, 41.042327013926467 ], [ -7.037926939085486, 41.042446564744559 ], [ -7.038229485028124, 41.042533622112693 ], [ -7.038299764538968, 41.042555631905159 ], [ -7.038971891530101, 41.042767746591757 ], [ -7.039684441215524, 41.04298835112634 ], [ -7.040108657939354, 41.043140037659313 ], [ -7.040405961695338, 41.043242254231004 ], [ -7.041113399227537, 41.043477660426056 ], [ -7.041775803072008, 41.04367472303894 ], [ -7.042467750324919, 41.043883583412963 ], [ -7.042674306193305, 41.043935869692568 ], [ -7.043135267926076, 41.044110493682204 ], [ -7.043531301780082, 41.04427711748982 ], [ -7.043850038301086, 41.044443371296751 ], [ -7.044005739311744, 41.044536232467834 ], [ -7.044694723876828, 41.044969890718157 ], [ -7.045343508791295, 41.04534572041419 ], [ -7.045992078169586, 41.04572100146045 ], [ -7.04639854982441, 41.045977490733449 ], [ -7.046805340143904, 41.046214796033276 ], [ -7.047325895988565, 41.046520792652395 ], [ -7.047517865226011, 41.046599948533917 ], [ -7.047924342401324, 41.046856789043922 ], [ -7.048191929770184, 41.046995718027333 ], [ -7.048761879352599, 41.047300462352929 ], [ -7.048974192695504, 41.047409154175931 ], [ -7.049241646641802, 41.047578515924201 ], [ -7.049458798771232, 41.047681852465722 ], [ -7.049796905039774, 41.047945336909521 ], [ -7.049995918766813, 41.048139895928863 ], [ -7.050467617478596, 41.048635048618706 ], [ -7.050813301492642, 41.049127041231564 ], [ -7.050927336330413, 41.049332419652835 ], [ -7.051056570856594, 41.049641212290013 ], [ -7.051283577834671, 41.050168559245009 ], [ -7.051375803106968, 41.050485740042241 ], [ -7.051411129879082, 41.050689479534306 ], [ -7.051439927237231, 41.051220186952428 ], [ -7.051431840396261, 41.051423787221843 ], [ -7.051323931149104, 41.051723610747921 ], [ -7.051132114187147, 41.052244869603889 ], [ -7.050943290561709, 41.052706457493834 ], [ -7.050923165841223, 41.052758852880125 ], [ -7.05080055473752, 41.053070065105693 ], [ -7.0507470387452, 41.053280349277145 ], [ -7.050589495155672, 41.053792388001547 ], [ -7.050573942901046, 41.05399420715937 ], [ -7.0505971101867, 41.054308491221292 ], [ -7.050663542272254, 41.054836130395714 ], [ -7.050767035621869, 41.055351693435078 ], [ -7.050857231862589, 41.055859031165355 ], [ -7.050977848308636, 41.056368268941604 ], [ -7.051012636940351, 41.056626927878661 ], [ -7.051099839192207, 41.056888327348481 ], [ -7.051224542508992, 41.057242099417884 ], [ -7.051303245506499, 41.057383214812354 ], [ -7.05149719910668, 41.057656332155908 ], [ -7.051812155376734, 41.057920673640687 ], [ -7.052152275779345, 41.058173994923152 ], [ -7.052439210734461, 41.058428437193569 ], [ -7.0529730366957, 41.058810981876988 ], [ -7.053032821393705, 41.05886475510593 ], [ -7.056302898485519, 41.061362458246251 ], [ -7.058247218709881, 41.062981530623865 ], [ -7.061351663170358, 41.064506805743264 ], [ -7.064367161211582, 41.065898627862303 ], [ -7.06800416211018, 41.06721803774122 ], [ -7.070595415708773, 41.068268939421337 ], [ -7.073474887525953, 41.069781994993534 ], [ -7.073577432894947, 41.069879466018456 ], [ -7.074064218694108, 41.070196196339957 ], [ -7.0747366498234, 41.070577747500444 ], [ -7.075022138482137, 41.070722993269676 ], [ -7.075431515520547, 41.070977780324526 ], [ -7.076073627249273, 41.071418654800354 ], [ -7.076451977413747, 41.071687474040196 ], [ -7.07673031229631, 41.071856327705532 ], [ -7.077334288059143, 41.072220220615925 ], [ -7.077399835185324, 41.072258280031697 ], [ -7.078081464728573, 41.072669968526981 ], [ -7.078771813396591, 41.073049949356985 ], [ -7.079187971856505, 41.073254364568015 ], [ -7.079496798952375, 41.073377658512783 ], [ -7.080250970621235, 41.07367375364916 ], [ -7.080980519704726, 41.073954495380683 ], [ -7.081708456346536, 41.074218014149892 ], [ -7.082005961023188, 41.074334988685045 ], [ -7.082193474613772, 41.074425295214148 ], [ -7.082442872328071, 41.074545161431068 ], [ -7.082728705911602, 41.074685977336763 ], [ -7.083145040993508, 41.074858053502737 ], [ -7.083784292199409, 41.075109769325067 ], [ -7.084442833585761, 41.075271075627363 ], [ -7.085114465825348, 41.075455007109881 ], [ -7.085829968927942, 41.075610878929574 ], [ -7.086512231908182, 41.075807865103258 ], [ -7.086800275625808, 41.075861977699063 ], [ -7.087248286494454, 41.075913851743451 ], [ -7.088004041965964, 41.076008217638488 ], [ -7.088385877435103, 41.07606119422006 ], [ -7.088757450327182, 41.076146136361224 ], [ -7.089505969881982, 41.076292196201948 ], [ -7.090237688420274, 41.076462598043193 ], [ -7.090592100128387, 41.076549357192199 ], [ -7.090931287370414, 41.076666050138776 ], [ -7.091602086823936, 41.076904865299277 ], [ -7.091922661789026, 41.077017156863135 ], [ -7.092125768884079, 41.077108760515102 ], [ -7.092200672258017, 41.077120146946505 ], [ -7.092733351103958, 41.077274329553205 ], [ -7.093384194985214, 41.077451005413486 ], [ -7.094005621033595, 41.077629659778125 ], [ -7.094330658001613, 41.077746306056767 ], [ -7.094652724398926, 41.07781754563073 ], [ -7.095315475013717, 41.077979370752864 ], [ -7.095990511199821, 41.07813175178196 ], [ -7.096646561614364, 41.078296387623027 ], [ -7.097337379287096, 41.078467186880786 ], [ -7.09801469330264, 41.07864208821254 ], [ -7.098680115011193, 41.07886244420466 ], [ -7.099226162901221, 41.079068847296433 ], [ -7.099888233970776, 41.079275661589527 ], [ -7.100283871713886, 41.0794677454791 ], [ -7.100827959208228, 41.079724101826606 ], [ -7.101268518922477, 41.079920005532216 ], [ -7.101456568877736, 41.080070256938377 ], [ -7.101726849403009, 41.080288955648044 ], [ -7.102035276626709, 41.080587678716029 ], [ -7.102319679857247, 41.080908158336413 ], [ -7.102470830247878, 41.081128217002352 ], [ -7.102855540453688, 41.081694146756028 ], [ -7.103188072970528, 41.082225748999903 ] ] ] } }
]
}
