{
"type": "FeatureCollection",
"name": "CAOP_Vila Flor_freg",
"crs": { "type": "name", "properties": { "name": "urn:ogc:def:crs:OGC:1.3:CRS84" } },
"features": [
{ "type": "Feature", "properties": { "dtmnfr": "041002", "freguesia": "Benlhevai", "municipio": "Vila Flor", "distrito_i": "Bragança", "nuts3_cod": "11E", "nuts3": "Terras de Trás-os-Montes", "nuts2": "Norte", "nuts1": "Continente", "area_ha": 1135.11, "perimetro_": 14, "designacao": "Benlhevai" }, "geometry": { "type": "Polygon", "coordinates": [ [ [ -7.067941684361505, 41.369767906657358 ], [ -7.072223471270584, 41.369628474350542 ], [ -7.077369809992913, 41.367203359816052 ], [ -7.077749634524621, 41.367507922393308 ], [ -7.078252364441388, 41.367439051567985 ], [ -7.078963523357001, 41.367393244521303 ], [ -7.08012031851906, 41.367335474234679 ], [ -7.08070692283584, 41.3668295940587 ], [ -7.081272103758338, 41.367172930666527 ], [ -7.084033810875908, 41.366651383117471 ], [ -7.085567549930182, 41.366571327506129 ], [ -7.086684885202167, 41.366371683849309 ], [ -7.087633907958691, 41.366233167151449 ], [ -7.087937943175555, 41.366159392593346 ], [ -7.088538008623042, 41.366086045811244 ], [ -7.089193943136338, 41.365987003292112 ], [ -7.089989904037227, 41.365868153802332 ], [ -7.09055549381744, 41.365768280886854 ], [ -7.090985361232454, 41.365672588334341 ], [ -7.091425830842411, 41.365571579722165 ], [ -7.091781212813386, 41.365537965959447 ], [ -7.092144995244103, 41.365441666505596 ], [ -7.092717958237746, 41.365320784174138 ], [ -7.093214076743394, 41.365214964039417 ], [ -7.09354180556252, 41.365175963616068 ], [ -7.093880606044483, 41.365102481975697 ], [ -7.094139362326822, 41.365041786957399 ], [ -7.094726059181064, 41.36492110863761 ], [ -7.095256605716462, 41.364836750342292 ], [ -7.095808065778937, 41.364752483580503 ], [ -7.096324538522189, 41.364688787929467 ], [ -7.096768605432228, 41.36457095847247 ], [ -7.097019774666228, 41.36453657268131 ], [ -7.097438613874274, 41.36447199559521 ], [ -7.097892309788262, 41.364402597459424 ], [ -7.098270545269273, 41.364343865621677 ], [ -7.098902887330547, 41.363980923771031 ], [ -7.099456216190956, 41.364133275442832 ], [ -7.100223839131336, 41.364035262254077 ], [ -7.10070524486237, 41.363981858509263 ], [ -7.101088524337967, 41.363959086311752 ], [ -7.101437815805082, 41.363878386909825 ], [ -7.10182533304817, 41.363844218925557 ], [ -7.101959016589374, 41.363809667038844 ], [ -7.102138499243399, 41.364175292991241 ], [ -7.104222349028981, 41.36628053215621 ], [ -7.104842301729338, 41.366971520657934 ], [ -7.105779209373997, 41.367816592911218 ], [ -7.106233488669615, 41.368259570360067 ], [ -7.106786504950859, 41.369029817940252 ], [ -7.108546748022524, 41.371370693576225 ], [ -7.109150186186396, 41.372527546237002 ], [ -7.109570726920118, 41.373052416263405 ], [ -7.109617850061793, 41.373310254151868 ], [ -7.109704400660103, 41.373462648164612 ], [ -7.109791022811965, 41.373564439220573 ], [ -7.109904189499599, 41.373657999019343 ], [ -7.110253705697769, 41.373955704851348 ], [ -7.110355822140366, 41.374060152490429 ], [ -7.110577684850941, 41.374327192651869 ], [ -7.110845267469639, 41.374582842605705 ], [ -7.110974817219973, 41.374821686481596 ], [ -7.111339376891923, 41.375832984236496 ], [ -7.111936775841239, 41.377382149970238 ], [ -7.112996211597397, 41.379507593807297 ], [ -7.114180033795699, 41.382078551020214 ], [ -7.114908166950427, 41.383708357164231 ], [ -7.115777252716025, 41.385978401571343 ], [ -7.116426043966645, 41.387887336147557 ], [ -7.116892932294367, 41.389240215099704 ], [ -7.117818525966316, 41.39127556557316 ], [ -7.116878307203832, 41.390712469094531 ], [ -7.10618408923093, 41.394406142424273 ], [ -7.092631713139996, 41.397720020145734 ], [ -7.070720299710143, 41.387776911261312 ], [ -7.070238052385657, 41.387082599297408 ], [ -7.070180239417615, 41.386888485570694 ], [ -7.070229785116934, 41.386693921188666 ], [ -7.070427385263032, 41.38646731917909 ], [ -7.070664228489512, 41.386238468078403 ], [ -7.070952030731162, 41.386000898497699 ], [ -7.071155257346683, 41.385817561034443 ], [ -7.071232004644288, 41.385714997191059 ], [ -7.07127933679303, 41.385626837188028 ], [ -7.071290547248756, 41.385584442550361 ], [ -7.071291130318417, 41.385453082002748 ], [ -7.071285423881793, 41.385392251664648 ], [ -7.071099901268618, 41.385199215171355 ], [ -7.07089059436609, 41.384998936714943 ], [ -7.0708294339052, 41.384922109600538 ], [ -7.070792026576753, 41.384855317740978 ], [ -7.070746424349521, 41.384468367490314 ], [ -7.070762771286231, 41.384426019421262 ], [ -7.070929556436266, 41.384093878888478 ], [ -7.070884235725256, 41.384050782322937 ], [ -7.070673336378992, 41.383786288693379 ], [ -7.070500945464389, 41.383595083181078 ], [ -7.070118757459539, 41.383204668938269 ], [ -7.069934682450836, 41.382945734909434 ], [ -7.069870698959548, 41.382836832925015 ], [ -7.069850811736901, 41.382795321541515 ], [ -7.069697457644989, 41.382551075341418 ], [ -7.069521813821381, 41.382303020458458 ], [ -7.069436393397392, 41.382226241143151 ], [ -7.069197940541345, 41.382069270482219 ], [ -7.069096866285573, 41.382014044519124 ], [ -7.068965858982292, 41.381961602941402 ], [ -7.068920522108588, 41.381948848378435 ], [ -7.068618976314164, 41.381893392882375 ], [ -7.068289343274661, 41.381807695692217 ], [ -7.067978996907656, 41.381734779669635 ], [ -7.066831743539916, 41.381755601495364 ], [ -7.066538449300189, 41.381824649148136 ], [ -7.066422280787681, 41.381866968953133 ], [ -7.066367324487198, 41.381894012105654 ], [ -7.066287365126992, 41.381944233388474 ], [ -7.066224918265531, 41.38199092902564 ], [ -7.066128197542783, 41.382079439360702 ], [ -7.065927405097772, 41.382252612691239 ], [ -7.065591096267363, 41.382444791580042 ], [ -7.065551936735348, 41.3824632462754 ], [ -7.065474127487459, 41.382491786789046 ], [ -7.065432941366959, 41.382495637325725 ], [ -7.065356036834338, 41.382490427172584 ], [ -7.065318602811658, 41.382476843245144 ], [ -7.06526733880984, 41.382453586889561 ], [ -7.065221880190567, 41.3824261579907 ], [ -7.065151744941606, 41.382350417753074 ], [ -7.065104820062849, 41.382273718813764 ], [ -7.065070141985445, 41.382245218520396 ], [ -7.06502696234404, 41.382217266866668 ], [ -7.064984264333921, 41.382196339058289 ], [ -7.064899127478074, 41.382175832994854 ], [ -7.064571581040498, 41.38218999527593 ], [ -7.064489962005513, 41.382202747533846 ], [ -7.064405665294479, 41.382218261550378 ], [ -7.064110010339168, 41.382255765841379 ], [ -7.064038305411752, 41.382254563002761 ], [ -7.063913439145552, 41.382236209040009 ], [ -7.06383245892101, 41.382209883817964 ], [ -7.063723984839638, 41.382168633064062 ], [ -7.06358535336082, 41.382107651806038 ], [ -7.063548970844198, 41.382088225484623 ], [ -7.063521516121285, 41.382078427109136 ], [ -7.063504738979783, 41.382073682796474 ], [ -7.063558677476314, 41.38188231155106 ], [ -7.063729984221953, 41.381414355532108 ], [ -7.063806126814469, 41.381122439370934 ], [ -7.063882373567564, 41.380845649657971 ], [ -7.063824834523826, 41.380614171918538 ], [ -7.063777449921838, 41.380382693072477 ], [ -7.063679547250426, 41.380112217252154 ], [ -7.063642304995956, 41.379903970664607 ], [ -7.063627160962616, 41.379572674100288 ], [ -7.063703664581459, 41.379273200743071 ], [ -7.063778789655006, 41.379042948636936 ], [ -7.063895296128776, 41.378789674627349 ], [ -7.064064379878332, 41.378413356287432 ], [ -7.064118575856869, 41.378205962903984 ], [ -7.064182894194414, 41.378037106326779 ], [ -7.064227550790008, 41.377798652839942 ], [ -7.064232584190164, 41.377490590803653 ], [ -7.064213183502202, 41.376805047026409 ], [ -7.064141147285861, 41.375587790014656 ], [ -7.064010669771416, 41.37481648781943 ], [ -7.063982467131939, 41.374669913265528 ], [ -7.063994894762883, 41.374523719821113 ], [ -7.064106382699878, 41.374284441152511 ], [ -7.064155915678618, 41.37406944284492 ], [ -7.064286702663068, 41.373878154600405 ], [ -7.064547627429697, 41.373549416429512 ], [ -7.06471869553484, 41.373299162766749 ], [ -7.064995369538657, 41.372913304380162 ], [ -7.065239370529101, 41.372676605098263 ], [ -7.065536086726799, 41.37232938050014 ], [ -7.066274617890645, 41.371473291949108 ], [ -7.06659696967305, 41.37112197853935 ], [ -7.066861961714143, 41.37083576629152 ], [ -7.067339261221831, 41.37038602828148 ], [ -7.067635320061283, 41.370092183049273 ], [ -7.067941684361505, 41.369767906657358 ] ] ] } },
{ "type": "Feature", "properties": { "dtmnfr": "041005", "freguesia": "Freixiel", "municipio": "Vila Flor", "distrito_i": "Bragança", "nuts3_cod": "11E", "nuts3": "Terras de Trás-os-Montes", "nuts2": "Norte", "nuts1": "Continente", "area_ha": 3473.78, "perimetro_": 28, "designacao": "Freixiel" }, "geometry": { "type": "Polygon", "coordinates": [ [ [ -7.295484523989253, 41.335901395064326 ], [ -7.295353475762738, 41.336050985132182 ], [ -7.294992453059909, 41.336369442283967 ], [ -7.294425917305304, 41.336867476332074 ], [ -7.293883748609969, 41.337337318172445 ], [ -7.293401797321136, 41.337684690637452 ], [ -7.292921722986845, 41.337950502295087 ], [ -7.292307321808559, 41.338285026862138 ], [ -7.291530746652987, 41.338669413099659 ], [ -7.290943237556877, 41.338955498271275 ], [ -7.290326378829729, 41.339312414081945 ], [ -7.290084704502317, 41.339497476588662 ], [ -7.289828004433024, 41.339688914046484 ], [ -7.289620617842474, 41.339818227460682 ], [ -7.289325200311263, 41.340001546550887 ], [ -7.289059303447451, 41.340239283513981 ], [ -7.288801520900287, 41.340514808734774 ], [ -7.288529452043131, 41.340851364606813 ], [ -7.288260977434645, 41.341233141642469 ], [ -7.288062154093216, 41.341540609152119 ], [ -7.287851454400394, 41.341898054762623 ], [ -7.28760295287768, 41.342491029970056 ], [ -7.287543387713205, 41.342912694924777 ], [ -7.287624959105108, 41.343248413011985 ], [ -7.287826676102365, 41.343504520740005 ], [ -7.288047226278144, 41.343736543918212 ], [ -7.288219781260374, 41.343965429398246 ], [ -7.288390369272831, 41.344199427035981 ], [ -7.28840579461847, 41.344309478720795 ], [ -7.288128743040651, 41.34483642714769 ], [ -7.287658940990253, 41.345393115433922 ], [ -7.287262735055267, 41.345865796326308 ], [ -7.286405672740345, 41.346229210265264 ], [ -7.285550111196601, 41.346466031281984 ], [ -7.284480577169419, 41.346479241323422 ], [ -7.283788033698968, 41.346389508680339 ], [ -7.283528512994994, 41.346334654317538 ], [ -7.283210450051866, 41.346325831108729 ], [ -7.283008597151406, 41.346320380302799 ], [ -7.282390495438226, 41.346285484819312 ], [ -7.281492847246231, 41.346311813798032 ], [ -7.280983168554952, 41.34631894848215 ], [ -7.280517238993826, 41.346343147898892 ], [ -7.280291526722591, 41.346353274301457 ], [ -7.280120249178694, 41.34637622830612 ], [ -7.279630236139679, 41.346616250700016 ], [ -7.279168279397957, 41.346912748537925 ], [ -7.278977153432383, 41.347138321882447 ], [ -7.278815987895242, 41.347384467158669 ], [ -7.278620569906303, 41.347920458296997 ], [ -7.278457163211392, 41.348246719835274 ], [ -7.278324683023593, 41.348446346840213 ], [ -7.278000814925482, 41.348945638755126 ], [ -7.277628523226756, 41.349373714004592 ], [ -7.277283060570323, 41.349778218881539 ], [ -7.276903934143409, 41.350216505387941 ], [ -7.276550713803838, 41.350646969002646 ], [ -7.276209220943963, 41.351057799252516 ], [ -7.275946375485277, 41.351402136606993 ], [ -7.275615048051037, 41.351720480092254 ], [ -7.275293465135364, 41.351951022952171 ], [ -7.275121916210644, 41.35202096627151 ], [ -7.274773658096618, 41.35213461394752 ], [ -7.274436109570473, 41.352252213974701 ], [ -7.273999055435614, 41.352348544804514 ], [ -7.27331727843772, 41.352481948335878 ], [ -7.272637564956195, 41.352630214365306 ], [ -7.272146642644429, 41.352770251110691 ], [ -7.271474431229932, 41.352911276776041 ], [ -7.271226342223891, 41.352949039997647 ], [ -7.270754240010253, 41.353020966289421 ], [ -7.270138601657296, 41.353102981976583 ], [ -7.269314332901604, 41.353139308320323 ], [ -7.268469750492233, 41.353220773204569 ], [ -7.267860105390145, 41.353211161512931 ], [ -7.267818283980573, 41.353210847965705 ], [ -7.267500627098293, 41.353223049964548 ], [ -7.267100912277899, 41.353205465316996 ], [ -7.266514573694744, 41.353159373107999 ], [ -7.266108800643749, 41.353129940619873 ], [ -7.265648123305184, 41.353096314796836 ], [ -7.265083068356867, 41.353012741923024 ], [ -7.264330320901903, 41.352899839041164 ], [ -7.263574602320188, 41.35275035635884 ], [ -7.263150653562342, 41.352650367932817 ], [ -7.262391069082009, 41.352486262762021 ], [ -7.261801332698669, 41.35240869616117 ], [ -7.260984627793095, 41.352424406473894 ], [ -7.260291665439797, 41.352444559305766 ], [ -7.259517630430864, 41.352495514537033 ], [ -7.258808466559747, 41.352493744990753 ], [ -7.257815519171529, 41.352500348510418 ], [ -7.256445661978955, 41.352553518922811 ], [ -7.255895925777009, 41.352558878504858 ], [ -7.255250485847323, 41.352572248284183 ], [ -7.254527504999723, 41.352549100339317 ], [ -7.253492410393112, 41.352490517257557 ], [ -7.252624638832339, 41.352492094588264 ], [ -7.252135401837926, 41.35255669933462 ], [ -7.251835902328297, 41.352640759430685 ], [ -7.251429038420761, 41.35285293001985 ], [ -7.251002177110204, 41.353103938356611 ], [ -7.250614169795061, 41.353379548296758 ], [ -7.250403767161612, 41.353617081165844 ], [ -7.250273185693159, 41.35382821148341 ], [ -7.249836085432979, 41.353703315012062 ], [ -7.249797763989349, 41.353691500332062 ], [ -7.249697340371724, 41.353668487033147 ], [ -7.249642510759302, 41.353658256324451 ], [ -7.249590111064017, 41.353645156680678 ], [ -7.249286019370916, 41.353572509843929 ], [ -7.249029382700352, 41.353516789531021 ], [ -7.24896582488585, 41.353498295157749 ], [ -7.248910707823948, 41.353482657725557 ], [ -7.248847814676775, 41.353467856409075 ], [ -7.248681385877696, 41.353430567099949 ], [ -7.24864345014213, 41.35342577267329 ], [ -7.248590138836792, 41.353418340753457 ], [ -7.248541717871547, 41.353411218317895 ], [ -7.248226320263336, 41.353353333782806 ], [ -7.248073172965259, 41.353323440713673 ], [ -7.248019532708676, 41.353313751412472 ], [ -7.24766187955512, 41.353252482594037 ], [ -7.247526912213918, 41.353239110450723 ], [ -7.247489258136644, 41.353240174876163 ], [ -7.247449176604937, 41.353244098267709 ], [ -7.247419243793709, 41.353248371672294 ], [ -7.247375041399889, 41.353256223256658 ], [ -7.247234433135523, 41.353297643166556 ], [ -7.24693475053042, 41.353403388564296 ], [ -7.246608718759976, 41.353460217075074 ], [ -7.246206063337379, 41.353492598214537 ], [ -7.245846892298831, 41.353516850409925 ], [ -7.245543834175949, 41.353509744055721 ], [ -7.245406200640607, 41.353490139743442 ], [ -7.245279755280655, 41.353456482692707 ], [ -7.245202118520993, 41.353427433952085 ], [ -7.245043490551282, 41.353334553410669 ], [ -7.245023239397225, 41.353312424812138 ], [ -7.244934839342513, 41.353196135569299 ], [ -7.244922171989905, 41.353169568014067 ], [ -7.244882820098085, 41.353093000898518 ], [ -7.244722384716431, 41.352896204966825 ], [ -7.244654822459233, 41.35283769889535 ], [ -7.244570860983359, 41.352773481020492 ], [ -7.244481210293467, 41.352722463052686 ], [ -7.244130473952138, 41.352513211854422 ], [ -7.244046741490327, 41.352467007752942 ], [ -7.243779429982155, 41.352273612117784 ], [ -7.24371969956435, 41.352167086760801 ], [ -7.243673693718124, 41.352061478701941 ], [ -7.243660500814779, 41.352012125164329 ], [ -7.243657064680327, 41.351966268533374 ], [ -7.243660687837579, 41.351919118572447 ], [ -7.243730929184001, 41.351665569239962 ], [ -7.243827766081913, 41.35139755344327 ], [ -7.243922648648138, 41.351097826763159 ], [ -7.244109364504313, 41.350766661746228 ], [ -7.244223861424555, 41.350579634724852 ], [ -7.244481900539169, 41.350249290961969 ], [ -7.244571485264482, 41.350093221260884 ], [ -7.244573266491609, 41.349961872829681 ], [ -7.244500685562616, 41.349798164494537 ], [ -7.244431155070409, 41.349700474098846 ], [ -7.244353153269664, 41.349637208759347 ], [ -7.238185764049356, 41.344235477182416 ], [ -7.227266920075803, 41.335302704764196 ], [ -7.213055880102526, 41.326892279923449 ], [ -7.208192942823905, 41.31906494574902 ], [ -7.21134641105398, 41.313821644194917 ], [ -7.211342806764843, 41.313788931740689 ], [ -7.211316199472125, 41.313557770764113 ], [ -7.21135613447227, 41.313265463534414 ], [ -7.211422206133641, 41.312940138138309 ], [ -7.211488966016626, 41.31270206599217 ], [ -7.21156934271734, 41.312455101526808 ], [ -7.211661611699499, 41.312186265154416 ], [ -7.211721569460882, 41.311955790878613 ], [ -7.211739140778891, 41.311844014583706 ], [ -7.211736169983901, 41.311766644685669 ], [ -7.211692835895994, 41.311663564007453 ], [ -7.211820434173875, 41.311420940891452 ], [ -7.211850188433199, 41.311275134237903 ], [ -7.211865519112497, 41.311220692728391 ], [ -7.211896272736915, 41.31115673857915 ], [ -7.211941641873586, 41.311089302494679 ], [ -7.21196240065551, 41.311065519799683 ], [ -7.212018382194178, 41.311015905585968 ], [ -7.212110207502129, 41.310931368032762 ], [ -7.212143034996884, 41.310906869713136 ], [ -7.212461496453191, 41.31073833606969 ], [ -7.212512988883833, 41.310710930078486 ], [ -7.212565039646533, 41.310669383250264 ], [ -7.212658265035405, 41.310595844927356 ], [ -7.21275698526162, 41.310504342470189 ], [ -7.21281280401129, 41.310433026027034 ], [ -7.212949724352455, 41.310223698177602 ], [ -7.212962756226372, 41.310196522045992 ], [ -7.212995603479071, 41.31009404991525 ], [ -7.213003902889137, 41.310055576447596 ], [ -7.212986570961752, 41.3100143823671 ], [ -7.212965862110861, 41.309975047625592 ], [ -7.212908167852654, 41.309755433575582 ], [ -7.212930642121137, 41.309668364503132 ], [ -7.213063942822509, 41.309427225233108 ], [ -7.213074450900391, 41.309367883734133 ], [ -7.213055365956848, 41.309051512527176 ], [ -7.213041922463793, 41.308894377113887 ], [ -7.213031443001038, 41.308867009425491 ], [ -7.212973173044009, 41.308636497727264 ], [ -7.212948961280768, 41.30852402519097 ], [ -7.212934991267163, 41.308294042277495 ], [ -7.212931298657455, 41.308268082135605 ], [ -7.212932987345469, 41.308224247052536 ], [ -7.212935600276165, 41.308199775258487 ], [ -7.212938565355349, 41.308175311681843 ], [ -7.212960436245094, 41.308105972935898 ], [ -7.212988519829783, 41.308070455155722 ], [ -7.213114048180255, 41.3079578226574 ], [ -7.213361731114222, 41.307802503979865 ], [ -7.213461091256814, 41.307742246260496 ], [ -7.21349559013424, 41.30772586629314 ], [ -7.213585211548467, 41.307670572898047 ], [ -7.213621447461533, 41.30764078810531 ], [ -7.213667604475992, 41.307593887608874 ], [ -7.213685862190841, 41.307569002325039 ], [ -7.213696868765271, 41.307507772989517 ], [ -7.213694155633165, 41.307488571892662 ], [ -7.213684397608839, 41.307460676082442 ], [ -7.213564159046587, 41.307204453902933 ], [ -7.213541239293972, 41.307075967360859 ], [ -7.213537591604902, 41.306834000660835 ], [ -7.213550919688167, 41.306513300803545 ], [ -7.214331179256799, 41.300702624463668 ], [ -7.214862259445542, 41.297869894371075 ], [ -7.213034362021131, 41.294676137487677 ], [ -7.222953700644359, 41.294600389759935 ], [ -7.235407256951063, 41.293152424301226 ], [ -7.237899840292226, 41.292296782735406 ], [ -7.239506539139376, 41.292600244673849 ], [ -7.240621165283355, 41.292770939502965 ], [ -7.24343924524834, 41.293129449507219 ], [ -7.244689294600586, 41.2931660928421 ], [ -7.246125496474907, 41.293121137251532 ], [ -7.247338344688932, 41.293110555035028 ], [ -7.248277480449191, 41.292884465248427 ], [ -7.248986003321931, 41.29257530111029 ], [ -7.24933884713159, 41.292410887607623 ], [ -7.250005931027418, 41.292075559198359 ], [ -7.250629781299461, 41.291874136657007 ], [ -7.251122159242303, 41.291746537811562 ], [ -7.252925429515117, 41.291469655813366 ], [ -7.253923104447053, 41.291317439457892 ], [ -7.255031053337214, 41.29113166023334 ], [ -7.255066662899445, 41.291120138367212 ], [ -7.255456102397969, 41.291064847608098 ], [ -7.256054697375934, 41.291063184560848 ], [ -7.256303713332485, 41.291055260875943 ], [ -7.258282011301143, 41.290944219058296 ], [ -7.25862377985535, 41.290998853884012 ], [ -7.259476562588185, 41.291228699645821 ], [ -7.259769396316918, 41.291336443682447 ], [ -7.259960422647941, 41.291398396378767 ], [ -7.260306574275236, 41.291527970383406 ], [ -7.26585982481671, 41.29291979784005 ], [ -7.265960645468779, 41.292969264742212 ], [ -7.266361141179269, 41.293180178047102 ], [ -7.266384111317717, 41.293194755667294 ], [ -7.267232035018951, 41.293733432449436 ], [ -7.268171340838687, 41.294287468933248 ], [ -7.268939752800899, 41.294665087240112 ], [ -7.269237638189366, 41.294763839277167 ], [ -7.269433914362383, 41.294872275597335 ], [ -7.26996734416714, 41.295153407527529 ], [ -7.269981114756801, 41.295159362509231 ], [ -7.270825366779214, 41.295445426447777 ], [ -7.271401091148444, 41.295497267361235 ], [ -7.272031401445878, 41.295456413774993 ], [ -7.272765675088816, 41.295280369215419 ], [ -7.273021153699082, 41.295208533518462 ], [ -7.273519588935589, 41.295090780481665 ], [ -7.274564354175761, 41.294670602005056 ], [ -7.274839890197203, 41.294570544616654 ], [ -7.275425913119643, 41.294409682077173 ], [ -7.27607079855941, 41.294193336105558 ], [ -7.27621096342539, 41.29414710657305 ], [ -7.276465356801005, 41.29406625017657 ], [ -7.277240820493809, 41.293842397394407 ], [ -7.277926725018033, 41.293574034258945 ], [ -7.278335025505392, 41.29341778083969 ], [ -7.279355610061818, 41.292961631200093 ], [ -7.279755055984259, 41.29279693057439 ], [ -7.280028525386399, 41.292717107180572 ], [ -7.280391172930612, 41.292573203787136 ], [ -7.28099342400504, 41.292327791345905 ], [ -7.281868439661996, 41.292000831062687 ], [ -7.282381322558892, 41.291778076294477 ], [ -7.282560319136639, 41.291719789519334 ], [ -7.283039426348586, 41.291569983342633 ], [ -7.284174462969948, 41.291176217224063 ], [ -7.284308955180032, 41.291133902227166 ], [ -7.285312772548184, 41.29076815472321 ], [ -7.286150699829514, 41.291749252675174 ], [ -7.286171232159561, 41.291776687813822 ], [ -7.286182235979464, 41.291784693237737 ], [ -7.286522834818872, 41.292395225871132 ], [ -7.287073270781296, 41.292935539422864 ], [ -7.287690535853605, 41.293432219517911 ], [ -7.287852004803554, 41.29361294058706 ], [ -7.28836233563709, 41.294108114160032 ], [ -7.289046190859207, 41.29466406570355 ], [ -7.289359288376122, 41.294919276640691 ], [ -7.28985406908563, 41.295232178626762 ], [ -7.290246852091779, 41.295409183664077 ], [ -7.290887693685077, 41.29568173199155 ], [ -7.293202519153762, 41.296586930525216 ], [ -7.298174884080344, 41.298418305446333 ], [ -7.294284714765626, 41.302554063483711 ], [ -7.292708892560188, 41.305078557610166 ], [ -7.292283128523666, 41.305783884445738 ], [ -7.289830763807513, 41.308467714006127 ], [ -7.289401236804283, 41.309015792735885 ], [ -7.289039147492486, 41.309491434463908 ], [ -7.28855013005114, 41.310058344930169 ], [ -7.288260284882729, 41.310338496621092 ], [ -7.28790406077596, 41.310673263863777 ], [ -7.287177366515741, 41.311380330663496 ], [ -7.286623520935678, 41.311925782265646 ], [ -7.286226896847662, 41.312215227881623 ], [ -7.286160705434599, 41.312227169992603 ], [ -7.285412827473018, 41.312491795800874 ], [ -7.283934703780384, 41.312690985574221 ], [ -7.283626363797636, 41.312672148356249 ], [ -7.282287118291429, 41.31263212008168 ], [ -7.27999091659421, 41.312466607054446 ], [ -7.27894166631804, 41.31248729694223 ], [ -7.277972260765577, 41.312502622438174 ], [ -7.276390502067962, 41.312469824824177 ], [ -7.276218943824061, 41.313974453665288 ], [ -7.276193706092631, 41.314425546842564 ], [ -7.275516397253493, 41.321582856594844 ], [ -7.275348489349718, 41.322065294844407 ], [ -7.274481550168984, 41.323949940313213 ], [ -7.274049379412739, 41.324909779192119 ], [ -7.273416951650686, 41.326202439776914 ], [ -7.272974065904088, 41.327011651918042 ], [ -7.271124484358033, 41.330915621457606 ], [ -7.270545826540095, 41.332797345920106 ], [ -7.270907291518774, 41.332897915971728 ], [ -7.271286715595648, 41.333004929361437 ], [ -7.271849686433187, 41.333170572401862 ], [ -7.27241374353791, 41.333336039833192 ], [ -7.273358720852439, 41.333722239823267 ], [ -7.273805157567413, 41.333921127794376 ], [ -7.274074403606407, 41.333977153543195 ], [ -7.274431046660006, 41.333963244949501 ], [ -7.274848585415907, 41.333924390952454 ], [ -7.275309407255468, 41.333937633640645 ], [ -7.275678026335157, 41.334012763472643 ], [ -7.276076117020435, 41.334173286552108 ], [ -7.276480394111739, 41.33434484275881 ], [ -7.27683697122907, 41.33450109515784 ], [ -7.27731222290445, 41.334671736735231 ], [ -7.277888066802364, 41.334823488903567 ], [ -7.27848597937292, 41.335005745483933 ], [ -7.279011087286599, 41.335137307418009 ], [ -7.279401858839874, 41.335172612051046 ], [ -7.280093197826404, 41.335226347941664 ], [ -7.280710649232514, 41.335257379971374 ], [ -7.281416235389318, 41.33524431565796 ], [ -7.282182416706845, 41.335238170712067 ], [ -7.283042330456713, 41.335254053357211 ], [ -7.283615729332092, 41.335254945739386 ], [ -7.28424552986593, 41.335199617131664 ], [ -7.284923500042335, 41.335225130281053 ], [ -7.285405085799925, 41.335249735159302 ], [ -7.285906168311397, 41.335207856576801 ], [ -7.28626522813656, 41.335183303507307 ], [ -7.286758942862856, 41.335258681686724 ], [ -7.287231731207558, 41.335298706479847 ], [ -7.287596497156045, 41.335266532407068 ], [ -7.28808252058222, 41.335123510821703 ], [ -7.288435949473064, 41.335016341302676 ], [ -7.288898755380666, 41.335024502821007 ], [ -7.289498023330836, 41.335103976736107 ], [ -7.290487062867063, 41.335315771954676 ], [ -7.291210750264874, 41.335418746914819 ], [ -7.294975273401116, 41.335844481264445 ], [ -7.295484523989253, 41.335901395064326 ] ] ] } },
{ "type": "Feature", "properties": { "dtmnfr": "041009", "freguesia": "Roios", "municipio": "Vila Flor", "distrito_i": "Bragança", "nuts3_cod": "11E", "nuts3": "Terras de Trás-os-Montes", "nuts2": "Norte", "nuts1": "Continente", "area_ha": 1530.27, "perimetro_": 18, "designacao": "Roios" }, "geometry": { "type": "Polygon", "coordinates": [ [ [ -7.099752432311152, 41.307347976728046 ], [ -7.100317818297447, 41.307250669063748 ], [ -7.10066191985638, 41.307192160959531 ], [ -7.101107881931036, 41.307118448068692 ], [ -7.101959549724298, 41.30700901604024 ], [ -7.102739875273896, 41.306911001680838 ], [ -7.103631947312023, 41.306798587477942 ], [ -7.103970625100843, 41.306735427126476 ], [ -7.104763489061132, 41.306599066899715 ], [ -7.105786008358733, 41.306467271413069 ], [ -7.106059375635071, 41.306411176228309 ], [ -7.106687940544611, 41.306327001986368 ], [ -7.107909352261232, 41.306083235564138 ], [ -7.108467433420671, 41.305947287529442 ], [ -7.10982070165888, 41.305615978197515 ], [ -7.110466709699336, 41.305438840002651 ], [ -7.11122273740246, 41.305242682575617 ], [ -7.112200981634917, 41.304915680990149 ], [ -7.11383845618273, 41.304403433786028 ], [ -7.114177852656967, 41.304292533120197 ], [ -7.115330244570632, 41.303890778143113 ], [ -7.115909273509119, 41.30368006243733 ], [ -7.116766356485407, 41.303371313169613 ], [ -7.11719402745245, 41.303195362122963 ], [ -7.118040011227763, 41.302924050125831 ], [ -7.118378099890116, 41.302796738234719 ], [ -7.119177285878661, 41.302462160200825 ], [ -7.120405994949357, 41.301946763162903 ], [ -7.12076207646547, 41.30179718261796 ], [ -7.121453877884093, 41.301479653002332 ], [ -7.12230337020338, 41.301125232678089 ], [ -7.122735090937016, 41.30092525672908 ], [ -7.123353647862403, 41.300656415356066 ], [ -7.123840833379624, 41.30047501888356 ], [ -7.124686431705109, 41.299975945433474 ], [ -7.125275358670669, 41.299559619821643 ], [ -7.125657803745171, 41.299239361015999 ], [ -7.126016604583575, 41.298880082365656 ], [ -7.126302611917303, 41.298604000182564 ], [ -7.126573032591105, 41.298339937254568 ], [ -7.126741687776191, 41.298070481987835 ], [ -7.126911487347816, 41.297874147034626 ], [ -7.12703864202383, 41.29814645406848 ], [ -7.127263541349081, 41.298733124920275 ], [ -7.127476917806135, 41.299409739864245 ], [ -7.127651362859049, 41.299907820936966 ], [ -7.127748655145099, 41.300360305182629 ], [ -7.127887146091772, 41.300820710661931 ], [ -7.128031919345367, 41.301206620529854 ], [ -7.128234229297887, 41.301928063460636 ], [ -7.128338539111914, 41.302258693538079 ], [ -7.128476857745302, 41.30272306112964 ], [ -7.128546615211531, 41.302947320716953 ], [ -7.128730126716173, 41.303766925574848 ], [ -7.128856553550493, 41.304353007256189 ], [ -7.128920704759438, 41.304569297750284 ], [ -7.128960324061437, 41.305054505758022 ], [ -7.129015288689319, 41.305192293198417 ], [ -7.129056929391774, 41.305522377552961 ], [ -7.129116363300737, 41.305734935119943 ], [ -7.129221708084545, 41.306333798053593 ], [ -7.129415848069121, 41.306888956443288 ], [ -7.129648738682936, 41.307330733918228 ], [ -7.129994287004276, 41.307707400915838 ], [ -7.130276572012702, 41.307965113446222 ], [ -7.130373979016284, 41.308060770311883 ], [ -7.130630190738472, 41.308313666393538 ], [ -7.13106076312456, 41.308760846931399 ], [ -7.131435222887708, 41.309113629705109 ], [ -7.131786299142232, 41.30929333698176 ], [ -7.132540254117704, 41.309498234009887 ], [ -7.133110612823155, 41.309612937469353 ], [ -7.133888363426665, 41.309800295487946 ], [ -7.13450028020204, 41.309931106188145 ], [ -7.134733399040571, 41.310007949703909 ], [ -7.13600298817383, 41.310488840002535 ], [ -7.136797541885626, 41.310931225454468 ], [ -7.137214494347807, 41.311241317341889 ], [ -7.137899882324445, 41.311670592498395 ], [ -7.138465749793103, 41.312099194529551 ], [ -7.138862894291606, 41.312345993224277 ], [ -7.139594937069178, 41.312771252925671 ], [ -7.140157641557129, 41.313070705102511 ], [ -7.140818451410574, 41.313421870980989 ], [ -7.14150247146446, 41.313810504953352 ], [ -7.142219899583442, 41.314225176522434 ], [ -7.142900444145121, 41.314655014024609 ], [ -7.143147458090519, 41.314825955156095 ], [ -7.143695985323634, 41.315228275250114 ], [ -7.144034072030732, 41.315576739783388 ], [ -7.144581171047811, 41.316225477395065 ], [ -7.144810780532291, 41.316537447624441 ], [ -7.145060120416176, 41.316784578139462 ], [ -7.14556327152988, 41.31725231510385 ], [ -7.146134013902484, 41.317712437675468 ], [ -7.146541009249764, 41.317975414066701 ], [ -7.14683002189788, 41.318142746404085 ], [ -7.147835072684846, 41.318600086825469 ], [ -7.148548459749105, 41.318916267334345 ], [ -7.149288243618783, 41.319232673563342 ], [ -7.149976131966208, 41.319505504583503 ], [ -7.150250459496213, 41.319633623890098 ], [ -7.151142676932962, 41.319964283719337 ], [ -7.151830890487105, 41.320241065473624 ], [ -7.152415378951035, 41.320481576475252 ], [ -7.152912033415109, 41.320686134620438 ], [ -7.15424405628539, 41.321215709337679 ], [ -7.154979216120164, 41.32147711280237 ], [ -7.156027286552474, 41.321876313379541 ], [ -7.156881375221348, 41.322213266169463 ], [ -7.15758969701375, 41.322513867170322 ], [ -7.158101270978091, 41.322777324341018 ], [ -7.158939419923979, 41.323336430086961 ], [ -7.159628979544651, 41.323856550021567 ], [ -7.160086883114804, 41.324236599446003 ], [ -7.160953408977677, 41.324954400033008 ], [ -7.161411144727674, 41.325346773657557 ], [ -7.16221229800934, 41.32599648578443 ], [ -7.162926666608192, 41.326603233117517 ], [ -7.163936449226568, 41.327468344714134 ], [ -7.164327190825947, 41.327805403848011 ], [ -7.16471944989669, 41.328032353353251 ], [ -7.165065162487164, 41.328159327188295 ], [ -7.165027954196149, 41.328252205143748 ], [ -7.165004292966682, 41.328309629620762 ], [ -7.16499424369589, 41.32833520995954 ], [ -7.164755435700902, 41.328781686041374 ], [ -7.164456224505887, 41.329331202273409 ], [ -7.164288917235354, 41.329910002361508 ], [ -7.164052083954455, 41.330537744782433 ], [ -7.164041336477206, 41.330561784874519 ], [ -7.164028416963458, 41.33059544180351 ], [ -7.16395629654199, 41.330827764894416 ], [ -7.163877276934874, 41.331049947205521 ], [ -7.163799614892159, 41.331277453216316 ], [ -7.163769737800721, 41.331431708442729 ], [ -7.163707830134153, 41.331651780146899 ], [ -7.163654365288614, 41.331866524159828 ], [ -7.163621878407734, 41.332035700299031 ], [ -7.163595970420654, 41.332252930088046 ], [ -7.163581220200049, 41.332466646877172 ], [ -7.163562582116088, 41.332693295686731 ], [ -7.163541718451937, 41.332940724850914 ], [ -7.163541147346797, 41.333181034463045 ], [ -7.163558232910468, 41.333415008172118 ], [ -7.163559823147991, 41.333662627368106 ], [ -7.163583074949118, 41.333907906132062 ], [ -7.163583568226711, 41.334148945887939 ], [ -7.163573189431096, 41.334398445090436 ], [ -7.163521900318162, 41.334635446105061 ], [ -7.163401860977248, 41.334852241033644 ], [ -7.163262061137849, 41.33508849880225 ], [ -7.16315608260033, 41.335339709762067 ], [ -7.163149180877348, 41.335378549526489 ], [ -7.163136846484884, 41.335453270133691 ], [ -7.163090661293776, 41.335700215559299 ], [ -7.163069555001203, 41.335939723493354 ], [ -7.163073164584439, 41.33619635994593 ], [ -7.163081503566706, 41.336439804058465 ], [ -7.163049398993606, 41.336696144863978 ], [ -7.162993303640519, 41.336950931030316 ], [ -7.162939690909314, 41.337199076070625 ], [ -7.162825610066879, 41.33740835900867 ], [ -7.162731541019133, 41.337540645002406 ], [ -7.162680820645514, 41.337763331333917 ], [ -7.162693446628857, 41.337991596700547 ], [ -7.162707650424785, 41.338218522069425 ], [ -7.162674794663991, 41.338468642735975 ], [ -7.162615275404928, 41.338704224977882 ], [ -7.162573578128054, 41.33893014048342 ], [ -7.162578100490371, 41.339173281311126 ], [ -7.162580885445942, 41.339412985080841 ], [ -7.162622978144223, 41.339652214468465 ], [ -7.162649901030538, 41.339899236674647 ], [ -7.16264284087439, 41.340150112313097 ], [ -7.162645254646734, 41.340366227105228 ], [ -7.162649783866661, 41.340609004170794 ], [ -7.162638721860898, 41.34085597794261 ], [ -7.162639382214302, 41.341109801703773 ], [ -7.162654948505419, 41.341373567238158 ], [ -7.16259832875114, 41.341614753536007 ], [ -7.162565804212885, 41.341673274931082 ], [ -7.162523567365676, 41.341725860048818 ], [ -7.162310555759807, 41.341886677994538 ], [ -7.162137569468107, 41.341998581734288 ], [ -7.162112664849328, 41.342018627755358 ], [ -7.162091775410036, 41.342041590708021 ], [ -7.162076062108486, 41.342069825014022 ], [ -7.162063660912271, 41.342100693002273 ], [ -7.162055319821263, 41.342131052310314 ], [ -7.16208091542581, 41.342371225758214 ], [ -7.162149868981818, 41.342531352701116 ], [ -7.162228272072991, 41.342626012501213 ], [ -7.162260354691804, 41.342678053958863 ], [ -7.162283294343929, 41.342694272672794 ], [ -7.162297194265257, 41.342715817484518 ], [ -7.162311146610799, 41.342757804361284 ], [ -7.162170754093859, 41.34290383425008 ], [ -7.162057786927637, 41.342996524690264 ], [ -7.161914317975705, 41.343051858720742 ], [ -7.161637123482872, 41.343125250284125 ], [ -7.161504133871336, 41.34318238300758 ], [ -7.161369437859126, 41.343250126705399 ], [ -7.161305350709674, 41.343293530128626 ], [ -7.161221755809692, 41.343435894834933 ], [ -7.161197506037427, 41.343540401238819 ], [ -7.161024061051041, 41.343505990034664 ], [ -7.160790842322196, 41.343417677563764 ], [ -7.160058436247814, 41.342904313009811 ], [ -7.159068611901143, 41.342332045978985 ], [ -7.158251444439036, 41.34192051173806 ], [ -7.157334912277641, 41.341547299041864 ], [ -7.156305941281452, 41.341224266181364 ], [ -7.155361923454103, 41.340941105811829 ], [ -7.154509975700958, 41.340765061573649 ], [ -7.153509210551231, 41.340650502694928 ], [ -7.153161105782072, 41.340584518780879 ], [ -7.15250492922894, 41.340555621065512 ], [ -7.152103913352107, 41.340536453738949 ], [ -7.151661571444196, 41.340509013634374 ], [ -7.150409863355264, 41.340478366859664 ], [ -7.14972227730785, 41.340464673632383 ], [ -7.149017040335936, 41.34059227439981 ], [ -7.143449680310833, 41.340184219123294 ], [ -7.138609581964877, 41.33953338499223 ], [ -7.138099033665659, 41.339529163757369 ], [ -7.136643194798655, 41.34015758134165 ], [ -7.135534612708809, 41.34030844611533 ], [ -7.135022353648973, 41.340432317736386 ], [ -7.134849685199015, 41.340591180010023 ], [ -7.134928511116206, 41.341008562653442 ], [ -7.135434913907591, 41.341269549459568 ], [ -7.136005905499983, 41.342115175460414 ], [ -7.13545036914188, 41.341996472928649 ], [ -7.134604739448921, 41.341769102082658 ], [ -7.133807583732644, 41.341560151995964 ], [ -7.133153090349529, 41.341444455258575 ], [ -7.132597029965027, 41.341353286414574 ], [ -7.131914228623355, 41.341276410852963 ], [ -7.131357388825609, 41.341236462462106 ], [ -7.130587023831067, 41.341198253072619 ], [ -7.130347808876405, 41.341192213538726 ], [ -7.128851092211905, 41.341198908914528 ], [ -7.128553828385835, 41.341231343361194 ], [ -7.1283198778288, 41.34119419199547 ], [ -7.12766872359076, 41.341196350969739 ], [ -7.126991950696994, 41.341194409704045 ], [ -7.126861928740921, 41.34117355792845 ], [ -7.12666447378348, 41.341148247316234 ], [ -7.126493664790736, 41.341060410306326 ], [ -7.126042985091505, 41.340697221759449 ], [ -7.125657200647963, 41.340387453474804 ], [ -7.125102192328957, 41.339895495786472 ], [ -7.12438295010669, 41.339455405516674 ], [ -7.123960147674133, 41.339176455215231 ], [ -7.1236401155833, 41.338989077064447 ], [ -7.123258517348757, 41.338750287438828 ], [ -7.122949908329974, 41.338496015707896 ], [ -7.122516194581517, 41.338344467976988 ], [ -7.122360198816899, 41.338319781466552 ], [ -7.121829857714871, 41.338259933798213 ], [ -7.121434782693532, 41.33821343174624 ], [ -7.121096264806647, 41.33821046174765 ], [ -7.120570629573001, 41.338186222360832 ], [ -7.120180576863746, 41.338155155100118 ], [ -7.119774694765432, 41.338135831417517 ], [ -7.11940435490526, 41.338073781525381 ], [ -7.11872376599241, 41.337949940422128 ], [ -7.118340182694419, 41.337840501581937 ], [ -7.11750645757237, 41.337538556787223 ], [ -7.116688033189816, 41.33722890677786 ], [ -7.116246768224935, 41.337011086310746 ], [ -7.115824622022373, 41.336693130340691 ], [ -7.115439341226995, 41.336332369114565 ], [ -7.115100877351622, 41.336011188695288 ], [ -7.114798499683693, 41.335674477868807 ], [ -7.114548689639975, 41.335344800758165 ], [ -7.114425462104465, 41.335225854095071 ], [ -7.114109745644225, 41.334763960632067 ], [ -7.113911937983365, 41.334432402413711 ], [ -7.111101436922259, 41.329660076727308 ], [ -7.111116772865072, 41.329151766207545 ], [ -7.110974137021666, 41.328608833651614 ], [ -7.110982642548781, 41.328063366186164 ], [ -7.110901758885034, 41.327911564487032 ], [ -7.110667671772836, 41.327579944688679 ], [ -7.110551868562201, 41.327323751510804 ], [ -7.11051758348136, 41.32720162453144 ], [ -7.110543595346224, 41.326537101294278 ], [ -7.110512698504335, 41.32583813200263 ], [ -7.110509825984048, 41.325685039525411 ], [ -7.110424511861982, 41.32548034495413 ], [ -7.109802791106689, 41.324778111931352 ], [ -7.109462875997321, 41.324555404731953 ], [ -7.109273980293825, 41.324322147664361 ], [ -7.109158578941161, 41.324040834653253 ], [ -7.10902303932283, 41.32373323089837 ], [ -7.108360594586853, 41.323154519129652 ], [ -7.107860217547811, 41.322692230387183 ], [ -7.10750309551329, 41.321898245791324 ], [ -7.107249229691893, 41.321162174471233 ], [ -7.106917705702139, 41.320741084840627 ], [ -7.106584426004387, 41.320431989456672 ], [ -7.106417199943733, 41.320120407361742 ], [ -7.10637928254071, 41.319567502350942 ], [ -7.106370833075365, 41.319100578638221 ], [ -7.106239524046573, 41.318859994918057 ], [ -7.105854049748301, 41.318597703289555 ], [ -7.105339758701141, 41.318546123922658 ], [ -7.10499957669566, 41.318343023350231 ], [ -7.104502729947165, 41.318161939223572 ], [ -7.104191996569064, 41.318076694604557 ], [ -7.103179796796868, 41.31795006959009 ], [ -7.102932511146746, 41.317794793868615 ], [ -7.102565202432984, 41.317320523500435 ], [ -7.10196581818029, 41.316726585021051 ], [ -7.101427036460268, 41.316274364057413 ], [ -7.101093198261634, 41.31616333005239 ], [ -7.10067044015626, 41.31625381802376 ], [ -7.100387061284429, 41.316404077204211 ], [ -7.100163975905891, 41.316684530969717 ], [ -7.100006244464262, 41.316788912562373 ], [ -7.09958700799812, 41.316655680927909 ], [ -7.099370577822921, 41.316536150179509 ], [ -7.098425084069467, 41.316127543099896 ], [ -7.09718173904812, 41.315810520950158 ], [ -7.096307047112409, 41.315849663504892 ], [ -7.095685391642802, 41.315679479566761 ], [ -7.095454449136973, 41.315489131456523 ], [ -7.095054594348702, 41.315120880321508 ], [ -7.094513349740364, 41.314798079804895 ], [ -7.093999603017937, 41.314646333520997 ], [ -7.094203106795127, 41.314238850158979 ], [ -7.094488493088812, 41.31368317728392 ], [ -7.094932419771889, 41.313054652980242 ], [ -7.09536442042346, 41.312545051606811 ], [ -7.095812250937014, 41.312121666312642 ], [ -7.096393589262936, 41.311539211452946 ], [ -7.096964779896386, 41.310971157688037 ], [ -7.097576309729442, 41.310366367639858 ], [ -7.097978076362225, 41.309901232873536 ], [ -7.098349329542083, 41.309500197939116 ], [ -7.098893347673028, 41.308798002940485 ], [ -7.099166397673169, 41.308376547831685 ], [ -7.099298844505517, 41.308094925817159 ], [ -7.099520246454296, 41.307821481226966 ], [ -7.099652810093459, 41.307532291990228 ], [ -7.099752432311152, 41.307347976728046 ] ] ] } },
{ "type": "Feature", "properties": { "dtmnfr": "041010", "freguesia": "Samões", "municipio": "Vila Flor", "distrito_i": "Bragança", "nuts3_cod": "11E", "nuts3": "Terras de Trás-os-Montes", "nuts2": "Norte", "nuts1": "Continente", "area_ha": 1347.74, "perimetro_": 15, "designacao": "Samões" }, "geometry": { "type": "Polygon", "coordinates": [ [ [ -7.179792163432247, 41.286371253259503 ], [ -7.180876013665069, 41.285715623677348 ], [ -7.181437011361197, 41.285693782143525 ], [ -7.182251126928161, 41.285651780917242 ], [ -7.182858585258512, 41.285710812201522 ], [ -7.183280750868652, 41.285746700067492 ], [ -7.183623165106339, 41.285825149721425 ], [ -7.183973132869201, 41.285876742205026 ], [ -7.184459132005471, 41.28595637047944 ], [ -7.185044637099216, 41.286047622004681 ], [ -7.18595576851945, 41.286190165719063 ], [ -7.186376841781047, 41.286269252571103 ], [ -7.186698601178552, 41.286298905972991 ], [ -7.18717775539443, 41.286340559553295 ], [ -7.187556209175812, 41.286403358339619 ], [ -7.187977367540829, 41.286476861145857 ], [ -7.188370046210052, 41.286572094001016 ], [ -7.188712316609151, 41.286661243939079 ], [ -7.189351321194916, 41.286785237830024 ], [ -7.1899013133216, 41.286881752402508 ], [ -7.190380087757374, 41.286950313387706 ], [ -7.190837832880623, 41.286970440468245 ], [ -7.191151815849551, 41.287059351603702 ], [ -7.192037398803729, 41.287212622160581 ], [ -7.192830146616396, 41.287337845436603 ], [ -7.193308649460309, 41.287417379643649 ], [ -7.193794670556627, 41.287480762363565 ], [ -7.194345484200853, 41.287512258753971 ], [ -7.194610861083977, 41.2875031622156 ], [ -7.194855187540622, 41.287530718156866 ], [ -7.195232263797389, 41.287565839035054 ], [ -7.195841350742907, 41.287570788255266 ], [ -7.196389230965374, 41.287565964755395 ], [ -7.197065555089777, 41.28754390139315 ], [ -7.197692844578328, 41.28755375826151 ], [ -7.198401540982016, 41.287564005341714 ], [ -7.198869993666723, 41.287595350627868 ], [ -7.199430070109466, 41.287613660144871 ], [ -7.20017256376537, 41.287656580445784 ], [ -7.200677683658045, 41.287669669946993 ], [ -7.201152468091139, 41.287701056334313 ], [ -7.201632664656931, 41.287746262522624 ], [ -7.202591117582054, 41.287712667734723 ], [ -7.20267887762625, 41.287711127008791 ], [ -7.203925418604901, 41.287691456398989 ], [ -7.204559061560955, 41.287682782434466 ], [ -7.205356645218772, 41.287670918966676 ], [ -7.20569454201968, 41.287649142698022 ], [ -7.205986555148503, 41.287655992473837 ], [ -7.206218756515596, 41.287620942279652 ], [ -7.206663017283669, 41.287615504695495 ], [ -7.206846208152585, 41.28759392588502 ], [ -7.207285515156594, 41.287550453529704 ], [ -7.2076394832536, 41.287498186199187 ], [ -7.207978196067196, 41.287443458630229 ], [ -7.208301244686427, 41.28741624209173 ], [ -7.208652086208532, 41.287382229208575 ], [ -7.20890777635837, 41.287365908718868 ], [ -7.209112334260588, 41.287335497413999 ], [ -7.209371955508137, 41.287285803389857 ], [ -7.209441199766094, 41.287395573429635 ], [ -7.209741681970419, 41.287809909543427 ], [ -7.210033223329811, 41.28821516732593 ], [ -7.210012797223626, 41.288615050784848 ], [ -7.210332232056354, 41.288752389646618 ], [ -7.210640053280023, 41.289256732430573 ], [ -7.210801255051365, 41.289627725058175 ], [ -7.210988659314162, 41.289986045281061 ], [ -7.211276200291766, 41.290498777649233 ], [ -7.211446251461913, 41.290843368339914 ], [ -7.2118131922373, 41.291526631984823 ], [ -7.212279816514508, 41.292567160304962 ], [ -7.212702412925281, 41.292841192984149 ], [ -7.212705408924681, 41.29341917622186 ], [ -7.213072749107972, 41.294075434848303 ], [ -7.213034362021131, 41.294676137487677 ], [ -7.214862259445542, 41.297869894371075 ], [ -7.214331179256799, 41.300702624463668 ], [ -7.213550919688167, 41.306513300803545 ], [ -7.213537591604902, 41.306834000660835 ], [ -7.213541239293972, 41.307075967360859 ], [ -7.213564159046587, 41.307204453902933 ], [ -7.213684397608839, 41.307460676082442 ], [ -7.213694155633165, 41.307488571892662 ], [ -7.213696868765271, 41.307507772989517 ], [ -7.213685862190841, 41.307569002325039 ], [ -7.213667604475992, 41.307593887608874 ], [ -7.213621447461533, 41.30764078810531 ], [ -7.213585211548467, 41.307670572898047 ], [ -7.21349559013424, 41.30772586629314 ], [ -7.213461091256814, 41.307742246260496 ], [ -7.213361731114222, 41.307802503979865 ], [ -7.213114048180255, 41.3079578226574 ], [ -7.212988519829783, 41.308070455155722 ], [ -7.212960436245094, 41.308105972935898 ], [ -7.212938565355349, 41.308175311681843 ], [ -7.212935600276165, 41.308199775258487 ], [ -7.212932987345469, 41.308224247052536 ], [ -7.212931298657455, 41.308268082135605 ], [ -7.212934991267163, 41.308294042277495 ], [ -7.212948961280768, 41.30852402519097 ], [ -7.212973173044009, 41.308636497727264 ], [ -7.213031443001038, 41.308867009425491 ], [ -7.213041922463793, 41.308894377113887 ], [ -7.213055365956848, 41.309051512527176 ], [ -7.213074450900391, 41.309367883734133 ], [ -7.213063942822509, 41.309427225233108 ], [ -7.212930642121137, 41.309668364503132 ], [ -7.212908167852654, 41.309755433575582 ], [ -7.212965862110861, 41.309975047625592 ], [ -7.212986570961752, 41.3100143823671 ], [ -7.213003902889137, 41.310055576447596 ], [ -7.212995603479071, 41.31009404991525 ], [ -7.212962756226372, 41.310196522045992 ], [ -7.212949724352455, 41.310223698177602 ], [ -7.21281280401129, 41.310433026027034 ], [ -7.21275698526162, 41.310504342470189 ], [ -7.212658265035405, 41.310595844927356 ], [ -7.212565039646533, 41.310669383250264 ], [ -7.212512988883833, 41.310710930078486 ], [ -7.212461496453191, 41.31073833606969 ], [ -7.212143034996884, 41.310906869713136 ], [ -7.212110207502129, 41.310931368032762 ], [ -7.212018382194178, 41.311015905585968 ], [ -7.21196240065551, 41.311065519799683 ], [ -7.211941641873586, 41.311089302494679 ], [ -7.211896272736915, 41.31115673857915 ], [ -7.211865519112497, 41.311220692728391 ], [ -7.211850188433199, 41.311275134237903 ], [ -7.211820434173875, 41.311420940891452 ], [ -7.211692835895994, 41.311663564007453 ], [ -7.211736169983901, 41.311766644685669 ], [ -7.211739140778891, 41.311844014583706 ], [ -7.211721569460882, 41.311955790878613 ], [ -7.211661611699499, 41.312186265154416 ], [ -7.21156934271734, 41.312455101526808 ], [ -7.211488966016626, 41.31270206599217 ], [ -7.211422206133641, 41.312940138138309 ], [ -7.21135613447227, 41.313265463534414 ], [ -7.211316199472125, 41.313557770764113 ], [ -7.211342806764843, 41.313788931740689 ], [ -7.21134641105398, 41.313821644194917 ], [ -7.208192942823905, 41.31906494574902 ], [ -7.204505237201746, 41.320146941304806 ], [ -7.198648923885063, 41.322420317862914 ], [ -7.194286928211484, 41.323882070532015 ], [ -7.191735574153096, 41.324572313869091 ], [ -7.189566407379148, 41.325368724284402 ], [ -7.188606597393185, 41.325847346759311 ], [ -7.186931477661063, 41.32633901002891 ], [ -7.185016376149961, 41.326978318027905 ], [ -7.183684738258866, 41.327510298508187 ], [ -7.181942311013978, 41.328239305514714 ], [ -7.180874166442923, 41.328866706171517 ], [ -7.179993517481306, 41.329364732141691 ], [ -7.179646311530126, 41.329567869496522 ], [ -7.177502906810608, 41.329632878563153 ], [ -7.175549753667291, 41.329306860084941 ], [ -7.174234398918138, 41.329174383260941 ], [ -7.173089424979117, 41.329169810226247 ], [ -7.172190031180512, 41.329124955178429 ], [ -7.171538969479099, 41.32905623496903 ], [ -7.17066669297008, 41.328978548263635 ], [ -7.170164481586625, 41.328908809452464 ], [ -7.169214039822356, 41.328737183052183 ], [ -7.168514641028902, 41.328576830845073 ], [ -7.167751516898152, 41.328493372103381 ], [ -7.167242702273375, 41.328442383429277 ], [ -7.166178297339957, 41.328353784212311 ], [ -7.165684106483584, 41.328307499025364 ], [ -7.165195681130626, 41.328194458969172 ], [ -7.165216557248639, 41.328115039579686 ], [ -7.165354322363228, 41.327732090270203 ], [ -7.165625211795416, 41.327287950743084 ], [ -7.165997823788679, 41.326773620533238 ], [ -7.166227825981524, 41.326412606199668 ], [ -7.166268727823527, 41.326222967205915 ], [ -7.166321217511015, 41.326057193278444 ], [ -7.166417230197649, 41.325953552944974 ], [ -7.16674816985083, 41.325704851571984 ], [ -7.167054220619975, 41.325451074582872 ], [ -7.167189088119619, 41.325271766303771 ], [ -7.16722901440332, 41.325115430685187 ], [ -7.167249342587509, 41.324903108732101 ], [ -7.167701360908197, 41.324161103133314 ], [ -7.168744094055476, 41.32256830466514 ], [ -7.169756945246132, 41.320924919308446 ], [ -7.171054068532264, 41.318567814301773 ], [ -7.171987525171934, 41.313728172777246 ], [ -7.172052427857277, 41.313650833910813 ], [ -7.172841977167129, 41.312334107095012 ], [ -7.173270399691549, 41.311594939456725 ], [ -7.173484552309432, 41.311265826959577 ], [ -7.173921696140403, 41.310558154243957 ], [ -7.174279961242469, 41.309870625504686 ], [ -7.174103510310659, 41.308078915328892 ], [ -7.175631107039722, 41.302280305520199 ], [ -7.176424284477858, 41.29731735826622 ], [ -7.177486000634222, 41.293408461464473 ], [ -7.179792163432247, 41.286371253259503 ] ] ] } },
{ "type": "Feature", "properties": { "dtmnfr": "041011", "freguesia": "Sampaio", "municipio": "Vila Flor", "distrito_i": "Bragança", "nuts3_cod": "11E", "nuts3": "Terras de Trás-os-Montes", "nuts2": "Norte", "nuts1": "Continente", "area_ha": 862.18, "perimetro_": 14, "designacao": "Sampaio" }, "geometry": { "type": "Polygon", "coordinates": [ [ [ -7.07102196262413, 41.304790030108713 ], [ -7.071013736661371, 41.30463463776784 ], [ -7.071783947341804, 41.304100143550606 ], [ -7.071942213524447, 41.304052081023073 ], [ -7.072126594604838, 41.303999213185236 ], [ -7.072341411541739, 41.303917090769687 ], [ -7.072527411001349, 41.303830476862288 ], [ -7.072658440774397, 41.303760996771459 ], [ -7.072778405028528, 41.303682237759006 ], [ -7.073004220673658, 41.30353988979823 ], [ -7.073395643120761, 41.302932665641301 ], [ -7.073520845466867, 41.302788044178612 ], [ -7.073619454608668, 41.302663162981439 ], [ -7.07371814527146, 41.30253351665035 ], [ -7.073802983897945, 41.302411390712166 ], [ -7.073885972815236, 41.302285198605084 ], [ -7.073969549112788, 41.302152349808999 ], [ -7.074034190011925, 41.30203112010976 ], [ -7.074121688045251, 41.30191405971037 ], [ -7.074240852048934, 41.301655126104635 ], [ -7.074686437698676, 41.301463200898482 ], [ -7.075152507954614, 41.301274701864045 ], [ -7.075520920549889, 41.301196236993313 ], [ -7.075618135090851, 41.301165346193471 ], [ -7.075696851856154, 41.3008816323727 ], [ -7.075746852441586, 41.300742441129188 ], [ -7.075773763299427, 41.300606007267113 ], [ -7.07578408619744, 41.300499136803118 ], [ -7.075794018610732, 41.300341928788917 ], [ -7.075800060049687, 41.300174875208796 ], [ -7.07580777459139, 41.300044387686356 ], [ -7.075815022702859, 41.299876172864799 ], [ -7.075849339699318, 41.299546765579947 ], [ -7.075868642381368, 41.299415846942466 ], [ -7.075897640067239, 41.299261334215188 ], [ -7.07592861196938, 41.299147361957921 ], [ -7.075954572431429, 41.298995704382875 ], [ -7.075947738813857, 41.298745781550664 ], [ -7.075923501840818, 41.298627339563325 ], [ -7.075886403487538, 41.298499234332944 ], [ -7.075847636372449, 41.298356256313916 ], [ -7.075797638574647, 41.298221009469678 ], [ -7.075760638091015, 41.298086873332416 ], [ -7.075757752958607, 41.297984383478273 ], [ -7.075767650916974, 41.297881469009077 ], [ -7.075792711975534, 41.297786077976575 ], [ -7.075829222437894, 41.297720864458306 ], [ -7.075869904014845, 41.297692786489137 ], [ -7.075902527851529, 41.297661302128468 ], [ -7.075928415615975, 41.297625524925962 ], [ -7.0760038240744, 41.297391571372209 ], [ -7.076028617601276, 41.297149233948375 ], [ -7.076032943745918, 41.296999542171932 ], [ -7.075933283023638, 41.296745437962116 ], [ -7.075879045878592, 41.296525514865863 ], [ -7.075893210908116, 41.296365196923411 ], [ -7.075918562053924, 41.296221996518014 ], [ -7.075966154749795, 41.296121051619586 ], [ -7.0760261002047, 41.295986630830008 ], [ -7.076097084594865, 41.295885900690763 ], [ -7.076156389537226, 41.29577677690483 ], [ -7.076651724263282, 41.295109981796642 ], [ -7.077190316713511, 41.294625370609289 ], [ -7.077633254339637, 41.294342383643652 ], [ -7.078307776625812, 41.293993801168369 ], [ -7.078972722511514, 41.293616403416983 ], [ -7.078990046478017, 41.293608098330338 ], [ -7.07907909496804, 41.293541925103781 ], [ -7.079163215801893, 41.29346309842083 ], [ -7.079288033908901, 41.293355019390845 ], [ -7.079366745639713, 41.293241210307094 ], [ -7.079427099493904, 41.293125614205714 ], [ -7.079487794190237, 41.292973911641461 ], [ -7.079543150350615, 41.292797763001225 ], [ -7.079550168296752, 41.292688068754714 ], [ -7.079543587679087, 41.292584730202293 ], [ -7.079529839788371, 41.292466746805189 ], [ -7.079521787867436, 41.292366187814807 ], [ -7.079505820023589, 41.292267538141623 ], [ -7.079476615564932, 41.292183178170916 ], [ -7.079376989319958, 41.291971485773992 ], [ -7.079221367631796, 41.291700758362502 ], [ -7.079187980495083, 41.291593934707436 ], [ -7.079143342414625, 41.29148944540097 ], [ -7.079122023809023, 41.291359773881013 ], [ -7.079126085803972, 41.291292909709156 ], [ -7.079137294659003, 41.291100509065636 ], [ -7.079140820260047, 41.29104427187788 ], [ -7.07954416824589, 41.289581487820385 ], [ -7.079833872155962, 41.288765050359054 ], [ -7.079914118437689, 41.288302081247842 ], [ -7.079919448672638, 41.288289974638488 ], [ -7.079942697119366, 41.288217076797622 ], [ -7.07999670261609, 41.288057840215522 ], [ -7.080022927578931, 41.287956245975558 ], [ -7.080032226055221, 41.287890153556873 ], [ -7.080034811122505, 41.287847950318877 ], [ -7.080047265895365, 41.287785936765296 ], [ -7.080070351858272, 41.28770114854337 ], [ -7.080087641727691, 41.287620543667884 ], [ -7.080098907616025, 41.287543299793974 ], [ -7.080123678957276, 41.287442773602308 ], [ -7.08014910126064, 41.287368724175089 ], [ -7.080231971617141, 41.28720344690192 ], [ -7.080283807974755, 41.287134412053398 ], [ -7.080342033235745, 41.287062099635222 ], [ -7.080396195002611, 41.286989484406945 ], [ -7.080472286146373, 41.286919498965624 ], [ -7.080617741697774, 41.286781805659153 ], [ -7.080667622814418, 41.286723192875883 ], [ -7.08070877010367, 41.286665945360781 ], [ -7.080751064690854, 41.286611136694319 ], [ -7.080811785320725, 41.28654668121159 ], [ -7.080852683603649, 41.28650491642334 ], [ -7.080893041863978, 41.286459907949634 ], [ -7.080957265298275, 41.286384857000442 ], [ -7.081391416281215, 41.285714876893685 ], [ -7.081399955700505, 41.285688213068717 ], [ -7.081748293265056, 41.285232551855138 ], [ -7.081865052805101, 41.285045343894637 ], [ -7.081977287077268, 41.284767873604757 ], [ -7.082096705357744, 41.284294904805115 ], [ -7.082131424257641, 41.28415449031835 ], [ -7.082154905122185, 41.283828583732316 ], [ -7.082121484186552, 41.283358997739654 ], [ -7.082108422458532, 41.282892026865255 ], [ -7.082144116519989, 41.282429818514998 ], [ -7.082150138773379, 41.282292024152419 ], [ -7.082238499584529, 41.281962205972846 ], [ -7.082356070213168, 41.281835511640502 ], [ -7.082383472273999, 41.28182369551142 ], [ -7.082417795410488, 41.281804562874058 ], [ -7.082544533404314, 41.281739359264812 ], [ -7.083005993519177, 41.281686651960804 ], [ -7.083656973373555, 41.281658362632342 ], [ -7.083920153133112, 41.281599168041183 ], [ -7.084238073701781, 41.281476004830495 ], [ -7.084299005068035, 41.281465036687855 ], [ -7.084421826502616, 41.281435180120496 ], [ -7.084548405990669, 41.281379783603199 ], [ -7.084807077269558, 41.281229338124461 ], [ -7.085579107234254, 41.280862690420882 ], [ -7.087326257350031, 41.280011916157065 ], [ -7.087450596511609, 41.27993173776963 ], [ -7.087829627442689, 41.279770220574044 ], [ -7.088017334009357, 41.279690615151786 ], [ -7.088276285282603, 41.27952161969494 ], [ -7.088322873974894, 41.279474227704327 ], [ -7.088396064170491, 41.279420325918984 ], [ -7.088436730357735, 41.279354880233406 ], [ -7.088661786877108, 41.279065457510526 ], [ -7.088730860529084, 41.278962538189298 ], [ -7.088978270425804, 41.278678636284774 ], [ -7.089077729855538, 41.278593727535934 ], [ -7.089217316528297, 41.278394924502301 ], [ -7.089289474755505, 41.278173001685218 ], [ -7.089271352446733, 41.277909201046484 ], [ -7.089221646447427, 41.277679695666528 ], [ -7.089106439416791, 41.277133914945573 ], [ -7.088976232702436, 41.276622576094411 ], [ -7.088893293203894, 41.27611174866599 ], [ -7.088843262839026, 41.275910690976914 ], [ -7.088819453198453, 41.275644047338631 ], [ -7.088816844103291, 41.275597925857213 ], [ -7.088793587663065, 41.275394227928594 ], [ -7.088804224133593, 41.275078105489364 ], [ -7.088823113706826, 41.274971038219583 ], [ -7.088865999505028, 41.274878598635894 ], [ -7.08909766241076, 41.274592838126694 ], [ -7.089510881272716, 41.273870053260637 ], [ -7.090218148197853, 41.274155028910229 ], [ -7.090629281093572, 41.274314599603215 ], [ -7.090996137662755, 41.274488989295008 ], [ -7.091283733731424, 41.274671669032983 ], [ -7.091560784632639, 41.274864691888801 ], [ -7.091466885900695, 41.27502087218452 ], [ -7.091116605253846, 41.275305833058546 ], [ -7.090871795684497, 41.275690792789028 ], [ -7.091012140099859, 41.275872137196586 ], [ -7.091162484674741, 41.276152617819534 ], [ -7.091297118957209, 41.276693977691856 ], [ -7.091696212179929, 41.277117072878553 ], [ -7.091891018804481, 41.27760504414541 ], [ -7.091940546288905, 41.27824476741236 ], [ -7.092210893070574, 41.278508322086012 ], [ -7.093171220358655, 41.279624464295786 ], [ -7.093279481271953, 41.279571419160156 ], [ -7.093365587150058, 41.279410121281224 ], [ -7.093497574349088, 41.279366289738114 ], [ -7.093671666542853, 41.279655988138472 ], [ -7.094000056906776, 41.280777682105843 ], [ -7.094054737290451, 41.28109322115936 ], [ -7.094513705240387, 41.281484253241693 ], [ -7.094995572601147, 41.281929511292311 ], [ -7.095456526729527, 41.282950560070589 ], [ -7.095462906278843, 41.28405719711953 ], [ -7.095380059070972, 41.284767489522913 ], [ -7.095653148427665, 41.284836937224114 ], [ -7.095871750741512, 41.284841961354807 ], [ -7.09639575397888, 41.284888634133075 ], [ -7.096856835421939, 41.284913842538494 ], [ -7.097111175248162, 41.284916126468005 ], [ -7.097421654981927, 41.284885692912127 ], [ -7.09794285416351, 41.284860565270144 ], [ -7.098519920477212, 41.284850527474042 ], [ -7.09907654419755, 41.28484966730835 ], [ -7.099697856955039, 41.284948334634322 ], [ -7.100086768642008, 41.2850086316448 ], [ -7.100683919839494, 41.285133008331613 ], [ -7.101272990285664, 41.285339244957676 ], [ -7.101715083774281, 41.285547137573651 ], [ -7.102054694785536, 41.28570639121758 ], [ -7.102859414141368, 41.286198083338668 ], [ -7.103111378427102, 41.286359337922242 ], [ -7.10367011517652, 41.286742490388811 ], [ -7.104360716280278, 41.287227748971851 ], [ -7.104691026496116, 41.287455794969205 ], [ -7.105469655819546, 41.287923371520655 ], [ -7.105714138306994, 41.288060609278844 ], [ -7.106449849591131, 41.288479537417977 ], [ -7.106998747218909, 41.288715459779866 ], [ -7.107655172064302, 41.288961249635207 ], [ -7.108093920085834, 41.289126951949164 ], [ -7.108584198100922, 41.28928725324549 ], [ -7.109142901185892, 41.289439068025118 ], [ -7.10992758117402, 41.289682925308931 ], [ -7.110564160749612, 41.289916725152416 ], [ -7.111463327163668, 41.290268280845844 ], [ -7.11168070248069, 41.290368980148685 ], [ -7.112162355081961, 41.290586274990019 ], [ -7.112678119961524, 41.290806033883676 ], [ -7.113222769614505, 41.291071960453451 ], [ -7.114034621239538, 41.291428937861482 ], [ -7.114413666730387, 41.291597419003395 ], [ -7.114935204484456, 41.291815055215068 ], [ -7.115711418330229, 41.292177199798722 ], [ -7.116129656163263, 41.29236690554815 ], [ -7.116472950046388, 41.292532000880001 ], [ -7.116872644475988, 41.292670582965002 ], [ -7.117529593985684, 41.292933518791081 ], [ -7.117667937855566, 41.292988758741146 ], [ -7.118164753000851, 41.293262980108835 ], [ -7.118646325184077, 41.29348051903127 ], [ -7.119135550718736, 41.29371270892112 ], [ -7.119632442609324, 41.293889861611547 ], [ -7.120326139727466, 41.294194788996407 ], [ -7.120693345441047, 41.294351079940299 ], [ -7.121310573084766, 41.294699183617084 ], [ -7.121457161753791, 41.294754490585511 ], [ -7.121828908760204, 41.294957548524465 ], [ -7.122156181708794, 41.295125550207388 ], [ -7.12228229796553, 41.295192469744343 ], [ -7.122854237478396, 41.295482545493229 ], [ -7.123298444354173, 41.295709819666904 ], [ -7.12369305973294, 41.295893354364352 ], [ -7.124233169299384, 41.296188994914829 ], [ -7.124685376301782, 41.296455503901846 ], [ -7.124898081530618, 41.296598360629034 ], [ -7.125544134715854, 41.296969475050069 ], [ -7.126147206174165, 41.297301670069992 ], [ -7.126592099211015, 41.297587196924226 ], [ -7.126911487347816, 41.297874147034626 ], [ -7.126741687776191, 41.298070481987835 ], [ -7.126573032591105, 41.298339937254568 ], [ -7.126302611917303, 41.298604000182564 ], [ -7.126016604583575, 41.298880082365656 ], [ -7.125657803745171, 41.299239361015999 ], [ -7.125275358670669, 41.299559619821643 ], [ -7.124686431705109, 41.299975945433474 ], [ -7.123840833379624, 41.30047501888356 ], [ -7.123353647862403, 41.300656415356066 ], [ -7.122735090937016, 41.30092525672908 ], [ -7.12230337020338, 41.301125232678089 ], [ -7.121453877884093, 41.301479653002332 ], [ -7.12076207646547, 41.30179718261796 ], [ -7.120405994949357, 41.301946763162903 ], [ -7.119177285878661, 41.302462160200825 ], [ -7.118378099890116, 41.302796738234719 ], [ -7.118040011227763, 41.302924050125831 ], [ -7.11719402745245, 41.303195362122963 ], [ -7.116766356485407, 41.303371313169613 ], [ -7.115909273509119, 41.30368006243733 ], [ -7.115330244570632, 41.303890778143113 ], [ -7.114177852656967, 41.304292533120197 ], [ -7.11383845618273, 41.304403433786028 ], [ -7.112200981634917, 41.304915680990149 ], [ -7.11122273740246, 41.305242682575617 ], [ -7.110466709699336, 41.305438840002651 ], [ -7.10982070165888, 41.305615978197515 ], [ -7.108467433420671, 41.305947287529442 ], [ -7.107909352261232, 41.306083235564138 ], [ -7.106687940544611, 41.306327001986368 ], [ -7.106059375635071, 41.306411176228309 ], [ -7.105786008358733, 41.306467271413069 ], [ -7.104763489061132, 41.306599066899715 ], [ -7.103970625100843, 41.306735427126476 ], [ -7.103631947312023, 41.306798587477942 ], [ -7.102739875273896, 41.306911001680838 ], [ -7.101959549724298, 41.30700901604024 ], [ -7.101107881931036, 41.307118448068692 ], [ -7.10066191985638, 41.307192160959531 ], [ -7.100317818297447, 41.307250669063748 ], [ -7.099752432311152, 41.307347976728046 ], [ -7.099656646600478, 41.307364587121015 ], [ -7.09893221880125, 41.307468663450564 ], [ -7.098172277745486, 41.307545673227686 ], [ -7.097543112450325, 41.307620789711372 ], [ -7.097022093613152, 41.307676078048104 ], [ -7.096595036903037, 41.307709066443529 ], [ -7.095995115909624, 41.307724563267321 ], [ -7.095363006862563, 41.307751918502156 ], [ -7.094906065276241, 41.307741688590312 ], [ -7.094409413900441, 41.307743335797845 ], [ -7.093406083815524, 41.307761308702275 ], [ -7.093025220151167, 41.307727803480702 ], [ -7.092775234476899, 41.307701600013125 ], [ -7.092006222009322, 41.307679803654253 ], [ -7.091094615785537, 41.307651854586233 ], [ -7.090002620618751, 41.307621184963935 ], [ -7.089808652017661, 41.307571618613188 ], [ -7.089618129359091, 41.307560802899353 ], [ -7.089223413999874, 41.307527426038632 ], [ -7.088835026536123, 41.307479162267597 ], [ -7.088417800881432, 41.307457377198851 ], [ -7.087870550819925, 41.307404340299804 ], [ -7.087465952219377, 41.307361866406161 ], [ -7.08700367213364, 41.307312655025456 ], [ -7.08641268076918, 41.3072323818445 ], [ -7.086071702628366, 41.307184357996974 ], [ -7.085671290016236, 41.307141553918235 ], [ -7.084946679407676, 41.307069152063619 ], [ -7.084347507588036, 41.307015535542675 ], [ -7.083714870091537, 41.306911640632002 ], [ -7.083148278787434, 41.30680743805253 ], [ -7.082962075996671, 41.306757936417817 ], [ -7.082583278061497, 41.306693079935293 ], [ -7.082197853580682, 41.306639235670886 ], [ -7.081722354568286, 41.306551076242229 ], [ -7.081044608323257, 41.306445854213287 ], [ -7.080533244653473, 41.306360426998566 ], [ -7.080212140729691, 41.30630932702644 ], [ -7.07965131973886, 41.306217858312088 ], [ -7.079154998154816, 41.306192252581027 ], [ -7.078627350716338, 41.306124674808451 ], [ -7.078286002695734, 41.306100392267439 ], [ -7.077891265696652, 41.306024838752684 ], [ -7.077427568915783, 41.305945685513429 ], [ -7.077066921853032, 41.305888362411181 ], [ -7.076137449731672, 41.305748391010113 ], [ -7.075634386928408, 41.30565995332784 ], [ -7.075110928372776, 41.305592126011938 ], [ -7.074702539341105, 41.305534358454771 ], [ -7.073991353210236, 41.305394123093187 ], [ -7.073599272181143, 41.305324430081235 ], [ -7.073234605688063, 41.305258325044448 ], [ -7.072834390733925, 41.305182613719516 ], [ -7.072329379840738, 41.305074425896294 ], [ -7.071965011233608, 41.304990040655561 ], [ -7.071331891277624, 41.304822417123177 ], [ -7.07102196262413, 41.304790030108713 ] ] ] } },
{ "type": "Feature", "properties": { "dtmnfr": "041012", "freguesia": "Santa Comba de Vilariça", "municipio": "Vila Flor", "distrito_i": "Bragança", "nuts3_cod": "11E", "nuts3": "Terras de Trás-os-Montes", "nuts2": "Norte", "nuts1": "Continente", "area_ha": 1218.61, "perimetro_": 16, "designacao": "Santa Comba de Vilariça" }, "geometry": { "type": "Polygon", "coordinates": [ [ [ -7.067941684361505, 41.369767906657358 ], [ -7.068385923326245, 41.36932128050681 ], [ -7.068588276668304, 41.3691230860994 ], [ -7.068889038455802, 41.368840801491153 ], [ -7.069091193595704, 41.368654217517921 ], [ -7.069195553682829, 41.368528226269618 ], [ -7.069361992203551, 41.368325825830716 ], [ -7.069584577214341, 41.368146904831455 ], [ -7.069889384734564, 41.367939027710207 ], [ -7.068749348361748, 41.368016028293162 ], [ -7.068068226326204, 41.368117422999603 ], [ -7.067001197433854, 41.368415400052712 ], [ -7.066660865875413, 41.368484823773379 ], [ -7.065404704500532, 41.368477163576394 ], [ -7.06461279473001, 41.368504493874639 ], [ -7.063868906132817, 41.368562244192972 ], [ -7.062826956577096, 41.368625777697943 ], [ -7.0606104682087, 41.368689728666382 ], [ -7.060003361712912, 41.368787894641635 ], [ -7.058574162698613, 41.369047847656184 ], [ -7.05781131931013, 41.369167598384138 ], [ -7.056561237027488, 41.36930566896595 ], [ -7.055031077012588, 41.369510790223885 ], [ -7.054607644270736, 41.369566797819104 ], [ -7.053416426441298, 41.369642267992532 ], [ -7.052665402076326, 41.369725538905286 ], [ -7.052074395675902, 41.369803196215926 ], [ -7.051198509324744, 41.369876643423481 ], [ -7.050073402035371, 41.370044986377977 ], [ -7.032638132006473, 41.370826644317852 ], [ -7.032632375168381, 41.370742491585048 ], [ -7.032694551095625, 41.370599025650947 ], [ -7.032755363801803, 41.370536579415187 ], [ -7.032780174334496, 41.370482706283958 ], [ -7.035623726688456, 41.368412021994665 ], [ -7.03575622351243, 41.368329729049762 ], [ -7.03581986170126, 41.368233905633396 ], [ -7.035932924249526, 41.368155568922596 ], [ -7.036021718396177, 41.368106080442416 ], [ -7.036078495829071, 41.368062954905803 ], [ -7.036291998054689, 41.367889772634044 ], [ -7.03635259980055, 41.367796617521861 ], [ -7.036377241169498, 41.367709876123925 ], [ -7.036405390927647, 41.367656124038987 ], [ -7.03646137674912, 41.367588855950935 ], [ -7.03653929524717, 41.367553848745544 ], [ -7.036644300179255, 41.367507041639811 ], [ -7.036732128966725, 41.367458087235548 ], [ -7.036822849044963, 41.367393669189681 ], [ -7.036880879185629, 41.367339928842334 ], [ -7.03692781170832, 41.367213784547474 ], [ -7.036931718798051, 41.367094520780128 ], [ -7.036935530128856, 41.367002535057416 ], [ -7.03695828333363, 41.366893000298447 ], [ -7.036971670766866, 41.366807047433312 ], [ -7.036983024978111, 41.366793023151679 ], [ -7.03700945918114, 41.366755907184249 ], [ -7.037108021362656, 41.366694090083065 ], [ -7.037176342899583, 41.366646655754586 ], [ -7.037188130359398, 41.366635155755766 ], [ -7.037204035015778, 41.366620178064281 ], [ -7.037234257609578, 41.366599665206216 ], [ -7.037502487787026, 41.36635515560382 ], [ -7.037608135505072, 41.366241089562017 ], [ -7.037785630851176, 41.366104568355702 ], [ -7.037863548230478, 41.366047957289354 ], [ -7.037935581987839, 41.366007218883276 ], [ -7.038074586338507, 41.365892393010675 ], [ -7.038082290200266, 41.365831960447466 ], [ -7.038104839331523, 41.365755910613203 ], [ -7.038130545087695, 41.365555101939698 ], [ -7.038149637603118, 41.365492527677908 ], [ -7.038200308499756, 41.365406934817592 ], [ -7.038256415550964, 41.365361008802346 ], [ -7.038415299162003, 41.365215393892782 ], [ -7.03847129411642, 41.365125795321788 ], [ -7.038497689886401, 41.365048167601351 ], [ -7.038527502805303, 41.364980649490086 ], [ -7.038577613952044, 41.364914139295756 ], [ -7.038737994650921, 41.36478591559986 ], [ -7.038821247648944, 41.364724851783322 ], [ -7.038882723341675, 41.364685995012159 ], [ -7.038981241435595, 41.3646265150525 ], [ -7.03911040924506, 41.364564085920193 ], [ -7.039190028820732, 41.364555296973293 ], [ -7.039423448238036, 41.364490253374434 ], [ -7.039554340714937, 41.364438913071226 ], [ -7.039669991819083, 41.364290818242701 ], [ -7.039700833480278, 41.364233216530046 ], [ -7.039717580308428, 41.364182141931344 ], [ -7.039721679765394, 41.36407269582309 ], [ -7.039748135870767, 41.364048460323467 ], [ -7.039857939912455, 41.363914533124309 ], [ -7.039991487157581, 41.363789746085416 ], [ -7.04013698447213, 41.363665072393623 ], [ -7.040270680466424, 41.363531189840735 ], [ -7.040392398334992, 41.36340638181737 ], [ -7.040502196937796, 41.363272277454897 ], [ -7.040563445562041, 41.363182909585625 ], [ -7.041388874677314, 41.360984893188231 ], [ -7.041463455607785, 41.36080543531304 ], [ -7.041588611716246, 41.360473571587434 ], [ -7.041638843888824, 41.360320891495491 ], [ -7.041677056153107, 41.360186288771168 ], [ -7.041823292933522, 41.360016600549422 ], [ -7.042115795334681, 41.359668132601939 ], [ -7.042249327074481, 41.359543342669532 ], [ -7.042490967843325, 41.359392472025725 ], [ -7.042756833787195, 41.359215094343391 ], [ -7.04332416780398, 41.358860396060557 ], [ -7.044048712617842, 41.358407958525895 ], [ -7.044290072763174, 41.358266178899683 ], [ -7.04457994831322, 41.358088927778724 ], [ -7.044748570861126, 41.358009485249575 ], [ -7.044929324159988, 41.357912151255675 ], [ -7.045085846707677, 41.357841504929517 ], [ -7.04526654178087, 41.357762176680524 ], [ -7.047130640550649, 41.357041527062414 ], [ -7.049561893756067, 41.35238252423791 ], [ -7.049684197391652, 41.352212691279185 ], [ -7.050008404526, 41.351524698384075 ], [ -7.050123876193386, 41.351341473084105 ], [ -7.050196792137241, 41.351224210282112 ], [ -7.050251116896688, 41.351139722181124 ], [ -7.050434082337355, 41.350957492698285 ], [ -7.051265460872957, 41.349787512330238 ], [ -7.051450579995013, 41.349438102960427 ], [ -7.051477296292102, 41.34926737038068 ], [ -7.051503717414438, 41.349114461799189 ], [ -7.051543303708209, 41.34888082388828 ], [ -7.0515594164522, 41.348628869340409 ], [ -7.051562092442716, 41.348466826416917 ], [ -7.051578021984514, 41.348232786952224 ], [ -7.051617458392617, 41.348008153253794 ], [ -7.051643283605721, 41.347891342775164 ], [ -7.051682397442794, 41.347693538481487 ], [ -7.051721474090091, 41.347504825939431 ], [ -7.051736275674482, 41.347324890055766 ], [ -7.051744449417068, 41.34682984597157 ], [ -7.05184370831114, 41.346614773641477 ], [ -7.051977523245085, 41.346462877485756 ], [ -7.052269990953776, 41.346123562642632 ], [ -7.052355284310296, 41.346016226127048 ], [ -7.052538157064108, 41.345801941980206 ], [ -7.052769588111409, 41.345533997334677 ], [ -7.053012813711209, 41.345275072252917 ], [ -7.053158542049073, 41.34513237681341 ], [ -7.053327770305925, 41.344998992909488 ], [ -7.053485417635213, 41.344865414568666 ], [ -7.053618751113341, 41.344749520272693 ], [ -7.053704152359634, 41.34464227827403 ], [ -7.05382509481024, 41.344553461954085 ], [ -7.054005317399045, 41.344492121216369 ], [ -7.054221110598945, 41.344440114866572 ], [ -7.054376855803525, 41.344414564122097 ], [ -7.054616780713097, 41.344362692290808 ], [ -7.054784469431132, 41.344337161083565 ], [ -7.055000523766545, 41.344276426443201 ], [ -7.055240188102633, 41.344233556557299 ], [ -7.055432059921776, 41.344190329563645 ], [ -7.055624228297481, 41.344129099046135 ], [ -7.055804481515865, 41.344058841012668 ], [ -7.055960931065514, 41.343997275548148 ], [ -7.056177137482786, 41.343927176966076 ], [ -7.056333203674101, 41.343874698633158 ], [ -7.056525075144438, 41.343831385169246 ], [ -7.056776500607098, 41.343806719918945 ], [ -7.057136348819471, 41.343720128893601 ], [ -7.057268934909959, 41.343649247292298 ], [ -7.057437356366806, 41.343578876075441 ], [ -7.057558617039899, 41.343462960656758 ], [ -7.057584697247657, 41.343337149912955 ], [ -7.057610951824977, 41.343193330304068 ], [ -7.057637680766062, 41.343013414011224 ], [ -7.057681499880942, 41.342527616887956 ], [ -7.057707903079349, 41.34237480193427 ], [ -7.057734453187023, 41.342212977246078 ], [ -7.057748942899405, 41.34205104435302 ], [ -7.057786994699487, 41.341916436043526 ], [ -7.057802029447607, 41.341844453532566 ], [ -7.058364536373729, 41.341718873459868 ], [ -7.058777143775268, 41.341641770232926 ], [ -7.05923800008876, 41.341616533406814 ], [ -7.060020894855912, 41.341638497281821 ], [ -7.060451043302317, 41.341679323462749 ], [ -7.060859785542078, 41.341845463797092 ], [ -7.061219798705284, 41.341974325587778 ], [ -7.061669410513557, 41.342037565423993 ], [ -7.062591921949754, 41.34214319634976 ], [ -7.063266477047122, 41.342201227254698 ], [ -7.064148411921599, 41.342172576948322 ], [ -7.064530434963297, 41.34216855614843 ], [ -7.06512566140676, 41.342299493205992 ], [ -7.066052489434805, 41.342514888561162 ], [ -7.066559920734559, 41.342630421409062 ], [ -7.067429315239311, 41.342741730378933 ], [ -7.06867678816809, 41.342805023612122 ], [ -7.069598511410126, 41.342747170374885 ], [ -7.070900107278659, 41.34278842721907 ], [ -7.071790408630931, 41.34284110617363 ], [ -7.073179920856129, 41.342883413609762 ], [ -7.073984345136379, 41.342920338139528 ], [ -7.074511987501715, 41.34300621545264 ], [ -7.075127308992259, 41.34310046332314 ], [ -7.076171846847134, 41.343316855736383 ], [ -7.076875098937329, 41.343419280509835 ], [ -7.077899221598014, 41.343665005372984 ], [ -7.078569337341339, 41.343829780398671 ], [ -7.079349774353084, 41.344006639252839 ], [ -7.080042889976341, 41.344160633349702 ], [ -7.080482737972752, 41.344209124968806 ], [ -7.08130402880075, 41.344282975889676 ], [ -7.081715448143817, 41.344286727303491 ], [ -7.082943114491066, 41.344365895613954 ], [ -7.084305057142286, 41.344304546056023 ], [ -7.084963849482405, 41.344155491977041 ], [ -7.085349305626379, 41.343929935568433 ], [ -7.085440178418745, 41.343761127576151 ], [ -7.085540962808546, 41.343577465953722 ], [ -7.085719406692877, 41.343438719325349 ], [ -7.086044195800079, 41.343345686963879 ], [ -7.086783086689817, 41.343416858207711 ], [ -7.087018606190936, 41.343527041656053 ], [ -7.087512015235605, 41.343887709281006 ], [ -7.087983029662444, 41.344154707298046 ], [ -7.088278400862463, 41.34425057256356 ], [ -7.088524797979294, 41.344345903407927 ], [ -7.088933237918758, 41.344416321785459 ], [ -7.089300683562189, 41.344412895952217 ], [ -7.089729678620688, 41.344363566861119 ], [ -7.08996562218371, 41.344342382087255 ], [ -7.090751620518113, 41.344269894218634 ], [ -7.092004644734111, 41.344716457551975 ], [ -7.092345331014074, 41.344885830423628 ], [ -7.092839273841331, 41.345095126252254 ], [ -7.093501452901309, 41.345507075361013 ], [ -7.094108483490468, 41.345818677589321 ], [ -7.094686885848904, 41.346150004252365 ], [ -7.095265753425005, 41.346467828148839 ], [ -7.095825933854584, 41.346765763951133 ], [ -7.095974083163608, 41.346940146989539 ], [ -7.097068736401031, 41.347954448074653 ], [ -7.097353870487983, 41.34838964311006 ], [ -7.098074476488236, 41.349811152251512 ], [ -7.098396098000508, 41.350297723970428 ], [ -7.098530270445226, 41.350744884278832 ], [ -7.098559179075385, 41.35129743593334 ], [ -7.098587475833487, 41.351896355687892 ], [ -7.098739764907052, 41.354169830861956 ], [ -7.098802437977994, 41.354975601303551 ], [ -7.099615280879744, 41.357653593465486 ], [ -7.1000007453207, 41.358830604911439 ], [ -7.100155734291909, 41.359164323327178 ], [ -7.100366064307388, 41.359565613528474 ], [ -7.10070733842924, 41.36001471560008 ], [ -7.101138254926136, 41.360743919204374 ], [ -7.101366127292035, 41.361238376712762 ], [ -7.101469174391651, 41.361858038273674 ], [ -7.101699386909416, 41.36337291121702 ], [ -7.101928677376232, 41.363747717704747 ], [ -7.101959016589374, 41.363809667038844 ], [ -7.10182533304817, 41.363844218925557 ], [ -7.101437815805082, 41.363878386909825 ], [ -7.101088524337967, 41.363959086311752 ], [ -7.10070524486237, 41.363981858509263 ], [ -7.100223839131336, 41.364035262254077 ], [ -7.099456216190956, 41.364133275442832 ], [ -7.098902887330547, 41.363980923771031 ], [ -7.098270545269273, 41.364343865621677 ], [ -7.097892309788262, 41.364402597459424 ], [ -7.097438613874274, 41.36447199559521 ], [ -7.097019774666228, 41.36453657268131 ], [ -7.096768605432228, 41.36457095847247 ], [ -7.096324538522189, 41.364688787929467 ], [ -7.095808065778937, 41.364752483580503 ], [ -7.095256605716462, 41.364836750342292 ], [ -7.094726059181064, 41.36492110863761 ], [ -7.094139362326822, 41.365041786957399 ], [ -7.093880606044483, 41.365102481975697 ], [ -7.09354180556252, 41.365175963616068 ], [ -7.093214076743394, 41.365214964039417 ], [ -7.092717958237746, 41.365320784174138 ], [ -7.092144995244103, 41.365441666505596 ], [ -7.091781212813386, 41.365537965959447 ], [ -7.091425830842411, 41.365571579722165 ], [ -7.090985361232454, 41.365672588334341 ], [ -7.09055549381744, 41.365768280886854 ], [ -7.089989904037227, 41.365868153802332 ], [ -7.089193943136338, 41.365987003292112 ], [ -7.088538008623042, 41.366086045811244 ], [ -7.087937943175555, 41.366159392593346 ], [ -7.087633907958691, 41.366233167151449 ], [ -7.086684885202167, 41.366371683849309 ], [ -7.085567549930182, 41.366571327506129 ], [ -7.084033810875908, 41.366651383117471 ], [ -7.081272103758338, 41.367172930666527 ], [ -7.08070692283584, 41.3668295940587 ], [ -7.08012031851906, 41.367335474234679 ], [ -7.078963523357001, 41.367393244521303 ], [ -7.078252364441388, 41.367439051567985 ], [ -7.077749634524621, 41.367507922393308 ], [ -7.077369809992913, 41.367203359816052 ], [ -7.072223471270584, 41.369628474350542 ], [ -7.067941684361505, 41.369767906657358 ] ] ] } },
{ "type": "Feature", "properties": { "dtmnfr": "041013", "freguesia": "Seixo de Manhoses", "municipio": "Vila Flor", "distrito_i": "Bragança", "nuts3_cod": "11E", "nuts3": "Terras de Trás-os-Montes", "nuts2": "Norte", "nuts1": "Continente", "area_ha": 974.9, "perimetro_": 17, "designacao": "Seixo de Manhoses" }, "geometry": { "type": "Polygon", "coordinates": [ [ [ -7.192003445075537, 41.274514841893662 ], [ -7.191927194064126, 41.274631007278693 ], [ -7.191387439888704, 41.275340973096718 ], [ -7.188842666360299, 41.274955085614252 ], [ -7.188577953723859, 41.275485046629015 ], [ -7.188381701084333, 41.275828469332573 ], [ -7.188289304015632, 41.275924792610105 ], [ -7.187724202659817, 41.27651389409251 ], [ -7.187362113059124, 41.276758335646882 ], [ -7.187175728588291, 41.277040875415182 ], [ -7.186854064579367, 41.277372579710089 ], [ -7.186853132848912, 41.277373540885939 ], [ -7.186815110095615, 41.277440852270338 ], [ -7.185907032394276, 41.279048350915723 ], [ -7.184882256552452, 41.28079275760534 ], [ -7.184264408770452, 41.281442946796382 ], [ -7.183559042026368, 41.282133347507575 ], [ -7.183196505159873, 41.282408849328625 ], [ -7.181841426429619, 41.28451415525484 ], [ -7.180876013665069, 41.285715623677348 ], [ -7.179792163432247, 41.286371253259503 ], [ -7.178097042998093, 41.286168961646382 ], [ -7.177261646350152, 41.286237136737853 ], [ -7.175854023779665, 41.286253562062477 ], [ -7.174409670697352, 41.286250842262788 ], [ -7.172144190994303, 41.286156902785542 ], [ -7.170900008903708, 41.286090257840399 ], [ -7.168762364030314, 41.285794640710407 ], [ -7.168796026776147, 41.285713077069964 ], [ -7.168812830655422, 41.285666215050533 ], [ -7.168830645136965, 41.285615491565906 ], [ -7.168848256072351, 41.28556269995029 ], [ -7.168865873032783, 41.28550909171723 ], [ -7.168882655652582, 41.285455477392567 ], [ -7.168900122819403, 41.285403850583798 ], [ -7.168914682626012, 41.285355349926448 ], [ -7.168934598470077, 41.285267366476873 ], [ -7.168951901860337, 41.285186477018975 ], [ -7.168964211015476, 41.285136789680891 ], [ -7.168977573170137, 41.285088550003039 ], [ -7.168992881032568, 41.285037715453115 ], [ -7.169008215520432, 41.284984989378763 ], [ -7.169022001672491, 41.284932431315148 ], [ -7.169033642841347, 41.284879135863733 ], [ -7.169046003409864, 41.284826028316751 ], [ -7.169059783041321, 41.284773827652096 ], [ -7.169074679968877, 41.284726410274637 ], [ -7.16910683725632, 41.284641957133395 ], [ -7.169137188245217, 41.284558650374471 ], [ -7.169151587167365, 41.284512944981302 ], [ -7.169165397853698, 41.284466328855494 ], [ -7.169177305662054, 41.284419964212809 ], [ -7.169188015414425, 41.284373327519333 ], [ -7.169197656227403, 41.284326405450081 ], [ -7.169214709916287, 41.28422975500709 ], [ -7.169222939064073, 41.28418174423286 ], [ -7.169231354580175, 41.284136885525726 ], [ -7.169252775188666, 41.284051797688832 ], [ -7.16928278110298, 41.283967411111519 ], [ -7.169301336972217, 41.283923354921171 ], [ -7.16932028434824, 41.283876783580048 ], [ -7.169339242452357, 41.283829400162311 ], [ -7.169355573558589, 41.283781995647651 ], [ -7.16937238045144, 41.283734866134687 ], [ -7.169388702393864, 41.283687999978341 ], [ -7.169438405144253, 41.283555070086173 ], [ -7.169467867075024, 41.283475090870056 ], [ -7.169505236795931, 41.283393015074054 ], [ -7.169527598838975, 41.28334953454619 ], [ -7.169552828815897, 41.283306163557796 ], [ -7.169639152861542, 41.283166153198515 ], [ -7.169667806733837, 41.283117141005938 ], [ -7.169694640368095, 41.283069823436037 ], [ -7.169721817150562, 41.283023681955591 ], [ -7.169746720829887, 41.282977968945254 ], [ -7.169769810865917, 41.282933503115771 ], [ -7.169792749767613, 41.282891195181634 ], [ -7.169817595048293, 41.282849446138158 ], [ -7.169842920088348, 41.282807701103543 ], [ -7.169895361403284, 41.282715305716835 ], [ -7.169922572301084, 41.282666824324778 ], [ -7.169949319346747, 41.282617252258909 ], [ -7.169977267695002, 41.282567157198969 ], [ -7.170005319969975, 41.282518677423006 ], [ -7.17003200740044, 41.28247307021045 ], [ -7.170059874787071, 41.28242855424628 ], [ -7.170108112871389, 41.28234621080086 ], [ -7.170148431397014, 41.282266680572405 ], [ -7.17017932930951, 41.282194637608747 ], [ -7.17020508479351, 41.282123090961854 ], [ -7.170218124862142, 41.282048016419026 ], [ -7.17022189595005, 41.281961432830755 ], [ -7.170223437735347, 41.28191363344623 ], [ -7.170222977682911, 41.281863567210515 ], [ -7.170219656166964, 41.281813115977897 ], [ -7.170214394615541, 41.281764720343588 ], [ -7.170210099459605, 41.281675187991262 ], [ -7.170212432689679, 41.281597502755666 ], [ -7.170217378123931, 41.281512635247047 ], [ -7.170224400761128, 41.281465424646825 ], [ -7.170234048422429, 41.281417873140498 ], [ -7.170244766079126, 41.28137069254467 ], [ -7.170256323544875, 41.281322976929395 ], [ -7.170269673136127, 41.281275551825388 ], [ -7.170285640521574, 41.281228682553596 ], [ -7.170302085625964, 41.281181549855098 ], [ -7.170317202685563, 41.28113584579043 ], [ -7.170342707369243, 41.281049081994588 ], [ -7.17036861597715, 41.28096691002245 ], [ -7.170386840050774, 41.280920873571255 ], [ -7.170406854780706, 41.280874576568664 ], [ -7.170431747824324, 41.280829497184811 ], [ -7.17045851643445, 41.280786500804496 ], [ -7.170486394687615, 41.280741175350514 ], [ -7.170510245432821, 41.280693832623705 ], [ -7.170532200219031, 41.280645302613657 ], [ -7.170554152819579, 41.280597406464253 ], [ -7.170574262668049, 41.280552825492279 ], [ -7.170613104905785, 41.280467883913012 ], [ -7.170630922029885, 41.280424989123219 ], [ -7.170687526709432, 41.28029265385279 ], [ -7.170706466842987, 41.280246352309995 ], [ -7.170722184467464, 41.280200113863216 ], [ -7.170737333371572, 41.280151799732558 ], [ -7.170754166209975, 41.280102688413983 ], [ -7.170771602481983, 41.280053042795629 ], [ -7.170790267264228, 41.28000142565709 ], [ -7.170809368788639, 41.279952333294275 ], [ -7.170828324616775, 41.279904950475505 ], [ -7.170868367571054, 41.279819474992642 ], [ -7.170890959283317, 41.279776625469644 ], [ -7.170908502791319, 41.279727791986815 ], [ -7.170780173008967, 41.279501080967968 ], [ -7.17001039480058, 41.278119576481153 ], [ -7.168703054894988, 41.275870724858038 ], [ -7.167941254724004, 41.27456130593341 ], [ -7.167430179011222, 41.273881193936845 ], [ -7.166703042814327, 41.273033774496561 ], [ -7.166382548114746, 41.27284254977819 ], [ -7.165463021112416, 41.272523662687178 ], [ -7.163554523852509, 41.272048983180163 ], [ -7.161749316818328, 41.271709383970204 ], [ -7.15848475847209, 41.269707558064837 ], [ -7.156017222073852, 41.26774489975864 ], [ -7.156038397801393, 41.267404370985517 ], [ -7.156221925476505, 41.267124279296659 ], [ -7.156275599021334, 41.266973647778414 ], [ -7.156305825249675, 41.266826686321842 ], [ -7.156332955525373, 41.266567242565777 ], [ -7.156349015651193, 41.266321753878735 ], [ -7.156403978429861, 41.266156454821036 ], [ -7.156527435253491, 41.265927356056437 ], [ -7.156582510810675, 41.265762603502331 ], [ -7.156588087685604, 41.265435803916617 ], [ -7.156542633098949, 41.265210049746592 ], [ -7.156537906730208, 41.265150674783172 ], [ -7.156543026443058, 41.26483053788516 ], [ -7.156460360142562, 41.264675869195777 ], [ -7.156336868619503, 41.264530221877678 ], [ -7.156280423195477, 41.264434299136411 ], [ -7.156230353018449, 41.264270457101212 ], [ -7.156225659241063, 41.264152552475295 ], [ -7.156236780992728, 41.263934211325129 ], [ -7.156288036343037, 41.26382578638357 ], [ -7.156465800735929, 41.263603366566819 ], [ -7.156500184323837, 41.263546208814191 ], [ -7.156559678212133, 41.26338094983619 ], [ -7.156572025804715, 41.263056374827329 ], [ -7.156524154579646, 41.262889125493828 ], [ -7.156288211255617, 41.262530027612044 ], [ -7.156176854258766, 41.262370979664908 ], [ -7.156080245495348, 41.262271658191104 ], [ -7.155950793062056, 41.262230134900612 ], [ -7.155737100213888, 41.262204914876406 ], [ -7.155599274458523, 41.262164939932447 ], [ -7.155528701008289, 41.262128322671444 ], [ -7.155408165944346, 41.262032761943779 ], [ -7.155212970627875, 41.261766568631081 ], [ -7.155122535319453, 41.26165352348869 ], [ -7.154909537401354, 41.261405010040775 ], [ -7.154819231804682, 41.261234969204729 ], [ -7.154585540902583, 41.260902095009001 ], [ -7.154334679157659, 41.260704670885332 ], [ -7.153963203060101, 41.260433649573031 ], [ -7.153685886747184, 41.260306050566399 ], [ -7.15361138119732, 41.260277327643585 ], [ -7.153347032238886, 41.260144524855328 ], [ -7.153162449665167, 41.259999703842155 ], [ -7.153026589445283, 41.259932191944969 ], [ -7.15284274353781, 41.25983410862974 ], [ -7.152783825225133, 41.259784623083974 ], [ -7.152722679632554, 41.259683888173633 ], [ -7.152720086171016, 41.259481908749812 ], [ -7.15279026047063, 41.259249215763667 ], [ -7.152927395802722, 41.259030952792386 ], [ -7.152959489854516, 41.25892705181699 ], [ -7.152946994602522, 41.25866871091953 ], [ -7.152906004627162, 41.258569315515068 ], [ -7.152797174488422, 41.258409922880688 ], [ -7.152690032773785, 41.258321491981221 ], [ -7.15228247137508, 41.258175137784143 ], [ -7.152144221214373, 41.258092384018404 ], [ -7.151965671049318, 41.257959949816453 ], [ -7.151493591357119, 41.257787203122213 ], [ -7.151300114070666, 41.257711811869413 ], [ -7.151034188483154, 41.257645349303012 ], [ -7.150842222463012, 41.25763615359147 ], [ -7.15063875863762, 41.257629917217763 ], [ -7.15050714268865, 41.257606286513933 ], [ -7.150374008273258, 41.255936990852547 ], [ -7.15042932352481, 41.255748644289383 ], [ -7.150514499001019, 41.255390926865765 ], [ -7.150549791093733, 41.255296682740195 ], [ -7.150673195273309, 41.254927399762117 ], [ -7.15077156237042, 41.254780215068756 ], [ -7.150992120379866, 41.254440568234862 ], [ -7.151032445029889, 41.254337008952454 ], [ -7.151032111838471, 41.25428748286982 ], [ -7.150971745918607, 41.254087258720929 ], [ -7.150940186055963, 41.253955536479914 ], [ -7.150924002758039, 41.253888768356333 ], [ -7.15088804373812, 41.253796170836701 ], [ -7.150869086625144, 41.253691563776513 ], [ -7.151054172344954, 41.253705295503373 ], [ -7.15125317819355, 41.253769472957671 ], [ -7.151584041450345, 41.253928687564745 ], [ -7.151725155963959, 41.254018490522697 ], [ -7.151885499100892, 41.254171298344062 ], [ -7.152179958826381, 41.254523245357298 ], [ -7.152317114526269, 41.254727003476184 ], [ -7.152369327148956, 41.254777775572983 ], [ -7.152494054032649, 41.254854830493656 ], [ -7.152702619221251, 41.254918548421621 ], [ -7.153379599723753, 41.255078987732198 ], [ -7.153981267506923, 41.255209341097483 ], [ -7.154052742370851, 41.255217242237407 ], [ -7.154181106009264, 41.255210497545669 ], [ -7.154389894572311, 41.255114846929402 ], [ -7.154484493985551, 41.255020022554241 ], [ -7.154548675184784, 41.254868584931224 ], [ -7.154588152746907, 41.25457295514024 ], [ -7.154635380447927, 41.254373831907408 ], [ -7.154717298931611, 41.254184898930099 ], [ -7.154909504275901, 41.254049218412824 ], [ -7.155040801350811, 41.253989557386106 ], [ -7.155105334424473, 41.253966512257144 ], [ -7.155369726874319, 41.2538866363724 ], [ -7.155773455177226, 41.253840265584543 ], [ -7.155915002936434, 41.253804906104435 ], [ -7.155986456705564, 41.253757612749204 ], [ -7.156016285807461, 41.253709514085394 ], [ -7.156017786903971, 41.253656582025165 ], [ -7.155991669687338, 41.253511487667055 ], [ -7.155942454343318, 41.253410946557068 ], [ -7.15587242736801, 41.253306175143265 ], [ -7.155594142340565, 41.253012899425471 ], [ -7.155533799856364, 41.252906592897695 ], [ -7.155494906236542, 41.252417527344804 ], [ -7.155497980704868, 41.252082157374879 ], [ -7.155559132570715, 41.251933566574124 ], [ -7.155632925234576, 41.251832899159538 ], [ -7.155829723191202, 41.251692753086935 ], [ -7.156163319030884, 41.251515500277876 ], [ -7.156433000089868, 41.251351747949741 ], [ -7.156680437829821, 41.251111274453834 ], [ -7.156737121157831, 41.251062230097176 ], [ -7.156801119630822, 41.251018923909974 ], [ -7.156933771378474, 41.250971604133809 ], [ -7.157136206669236, 41.250949729721157 ], [ -7.157408554743706, 41.250959860864199 ], [ -7.157566610447205, 41.25096119753924 ], [ -7.157807476763583, 41.250962514314487 ], [ -7.158091808474948, 41.250993012617414 ], [ -7.158507308214935, 41.251084310436688 ], [ -7.158709098524752, 41.251154083822144 ], [ -7.158774119368626, 41.251194611273419 ], [ -7.158809209485826, 41.251241639352202 ], [ -7.158814442139189, 41.251291116874413 ], [ -7.158791292256501, 41.25139617673171 ], [ -7.158794399178904, 41.251492362879546 ], [ -7.158926296717461, 41.251697508516102 ], [ -7.159126019019505, 41.251906824030691 ], [ -7.159268509620765, 41.252097745114071 ], [ -7.159372888825438, 41.252203247141118 ], [ -7.159560712258861, 41.252306128614322 ], [ -7.160022437072455, 41.252499378632017 ], [ -7.160147153394693, 41.252585425678156 ], [ -7.16023435628739, 41.252691417449149 ], [ -7.160381431216595, 41.252983575293875 ], [ -7.160503694599942, 41.253187464462094 ], [ -7.16059626866127, 41.253285038404606 ], [ -7.160724160641439, 41.253358151191534 ], [ -7.160848098221356, 41.253400251049641 ], [ -7.160981913213536, 41.253420020354646 ], [ -7.161194474672559, 41.253423430317241 ], [ -7.161467469141563, 41.253366123178736 ], [ -7.161530398005699, 41.253346391503158 ], [ -7.161988852154751, 41.253172964918342 ], [ -7.162179429569137, 41.25314584481432 ], [ -7.162309615765752, 41.25316080711616 ], [ -7.162433262157259, 41.253222620822605 ], [ -7.16253176403556, 41.253371387196893 ], [ -7.162596536009255, 41.253526167498158 ], [ -7.162659129698589, 41.253682555532912 ], [ -7.162794866447986, 41.253887457141616 ], [ -7.162906490019045, 41.254004279296531 ], [ -7.16299075370845, 41.25407476727905 ], [ -7.163081576350194, 41.254137747947475 ], [ -7.163138262192791, 41.254185495093182 ], [ -7.16322104014587, 41.254235708538431 ], [ -7.163380085061629, 41.25430034507017 ], [ -7.163594517120902, 41.254371026738525 ], [ -7.163704335989096, 41.254408235173031 ], [ -7.163806501828647, 41.254462576836161 ], [ -7.163911544237811, 41.254540263155796 ], [ -7.16401158664894, 41.25463375624846 ], [ -7.164091900630271, 41.254729512500944 ], [ -7.164202280855455, 41.254955266718255 ], [ -7.164244122351356, 41.255046740886996 ], [ -7.16432375990119, 41.255188412913704 ], [ -7.164372631554945, 41.255281114017684 ], [ -7.164434989073613, 41.255356730805062 ], [ -7.164477757349836, 41.255385270666707 ], [ -7.16459063020375, 41.255417734496369 ], [ -7.164658484508104, 41.255420281695507 ], [ -7.164727954267002, 41.255410152113605 ], [ -7.164862976674239, 41.255356357554902 ], [ -7.165055592241814, 41.25526460246526 ], [ -7.165247573233949, 41.255166898132046 ], [ -7.165378809739153, 41.255094530864518 ], [ -7.165526697232169, 41.255025986951694 ], [ -7.165672605126808, 41.254970128248395 ], [ -7.165803222493057, 41.254907561618097 ], [ -7.165926877843519, 41.254839720295607 ], [ -7.166118440419224, 41.254721754532838 ], [ -7.166259159618614, 41.254637395946936 ], [ -7.166395909461159, 41.254538592847894 ], [ -7.166508835153474, 41.254437705011235 ], [ -7.166598896598806, 41.254349590073431 ], [ -7.166671296600298, 41.254270242634604 ], [ -7.166768921824159, 41.254146444004554 ], [ -7.16687938683543, 41.254017891751836 ], [ -7.166962894598065, 41.253913334113761 ], [ -7.167009346250387, 41.253861951429414 ], [ -7.167120297738328, 41.253773200100866 ], [ -7.167441270987029, 41.253601207545884 ], [ -7.167562320440005, 41.253531631810219 ], [ -7.16776064438839, 41.253407778190734 ], [ -7.167907773302117, 41.253316985671582 ], [ -7.16805540911946, 41.25324060642339 ], [ -7.168187611065465, 41.253175533699377 ], [ -7.168303624942457, 41.253123650286973 ], [ -7.16842201112629, 41.253080972586723 ], [ -7.16852353907179, 41.253024463734249 ], [ -7.168655586249957, 41.252896361580696 ], [ -7.168699838223493, 41.252848379518937 ], [ -7.168767062982366, 41.252739183005566 ], [ -7.168784715649834, 41.252682516080995 ], [ -7.168789877043848, 41.252582973390851 ], [ -7.168760118456032, 41.252505019900141 ], [ -7.168723844104281, 41.252431872219184 ], [ -7.168713484483884, 41.252349040729918 ], [ -7.168727573416336, 41.252308102883468 ], [ -7.168797639370774, 41.25223242258388 ], [ -7.168918729998324, 41.252159694315367 ], [ -7.169100258520277, 41.252066395263562 ], [ -7.169219640146376, 41.252004369911546 ], [ -7.169332161575212, 41.251938588133754 ], [ -7.169438682322377, 41.251866906071783 ], [ -7.169539916935223, 41.251781130614262 ], [ -7.169629602733564, 41.251685896884631 ], [ -7.169712015504931, 41.251581871874379 ], [ -7.169848815059918, 41.251381592708917 ], [ -7.169899957573606, 41.2513032331522 ], [ -7.169968239739937, 41.251251763556667 ], [ -7.170010162205556, 41.251240316221121 ], [ -7.170057077651611, 41.251238458555363 ], [ -7.170187407785987, 41.251251611435826 ], [ -7.170355451390105, 41.251288489236401 ], [ -7.170681412971193, 41.251376746956979 ], [ -7.170841867347696, 41.251418869407544 ], [ -7.170985182875184, 41.251465895192439 ], [ -7.171125621816111, 41.25152172165555 ], [ -7.171186944465882, 41.251554558650511 ], [ -7.171233257928688, 41.251593752248944 ], [ -7.171287830726841, 41.251688207995905 ], [ -7.171315029914369, 41.251794501398471 ], [ -7.171322115594188, 41.251897568084466 ], [ -7.1713145258993, 41.251951525514563 ], [ -7.171272608351662, 41.252051929998757 ], [ -7.171209907524175, 41.252154323603243 ], [ -7.171095492203957, 41.25230895978298 ], [ -7.171017619530799, 41.252404021443098 ], [ -7.170954832868082, 41.252495789378862 ], [ -7.170900545489337, 41.252585378195086 ], [ -7.170863232869769, 41.252664929756634 ], [ -7.170862849437297, 41.252739838624123 ], [ -7.170882007220544, 41.252776017728259 ], [ -7.170919668909582, 41.252803340201709 ], [ -7.170977630664063, 41.252821201556799 ], [ -7.171126534516089, 41.252837390800217 ], [ -7.171289853196061, 41.252838480695452 ], [ -7.171438662182988, 41.252828199474507 ], [ -7.171582013096375, 41.252807960795224 ], [ -7.171742779421096, 41.252779770901356 ], [ -7.171927731832802, 41.25275348807844 ], [ -7.172105478750176, 41.252738938345779 ], [ -7.172189749805975, 41.252736219290526 ], [ -7.172521831822822, 41.25276626924299 ], [ -7.172696092583922, 41.252785998626379 ], [ -7.172873283575893, 41.252801339290137 ], [ -7.173095061212662, 41.252835506223896 ], [ -7.173242213571889, 41.252865182433787 ], [ -7.173310513835363, 41.252886012814486 ], [ -7.173416965069586, 41.252949563153514 ], [ -7.173457433983945, 41.252988797175433 ], [ -7.173502085628305, 41.253068493427598 ], [ -7.173500801575564, 41.253107561296176 ], [ -7.173446025964558, 41.253361467040897 ], [ -7.17351933973338, 41.2534228547064 ], [ -7.173625116964497, 41.253483698010811 ], [ -7.173816172264284, 41.253571096198577 ], [ -7.173998846388825, 41.253652211439231 ], [ -7.174131419403714, 41.253708507146868 ], [ -7.174281307181099, 41.253763508054931 ], [ -7.174364552803993, 41.253782206758757 ], [ -7.17444797498658, 41.253788751376952 ], [ -7.174595718390676, 41.253778185284474 ], [ -7.174733079275319, 41.253743039700836 ], [ -7.174804278231326, 41.253720577440653 ], [ -7.174930540159186, 41.253653199202859 ], [ -7.175040413483903, 41.253564071072503 ], [ -7.175136993126366, 41.253453764494573 ], [ -7.17521461796534, 41.253326099648802 ], [ -7.175278887167436, 41.253214086162927 ], [ -7.175345692398188, 41.253108302043557 ], [ -7.17550933595027, 41.252874383265649 ], [ -7.175595876396736, 41.252748779501488 ], [ -7.175695028966371, 41.252641553417256 ], [ -7.175747595942833, 41.252595887895176 ], [ -7.175878498721812, 41.252512788258556 ], [ -7.176035828605825, 41.252441611657197 ], [ -7.176184973564089, 41.252383508254191 ], [ -7.176320514983578, 41.252326107374145 ], [ -7.176447426488842, 41.25225422990669 ], [ -7.1765013530396, 41.252213615813169 ], [ -7.176565996114975, 41.252124654215095 ], [ -7.176593183594254, 41.252027547854148 ], [ -7.176599806210961, 41.251982581603464 ], [ -7.176580506535692, 41.251898594226098 ], [ -7.176546018817795, 41.251857790253688 ], [ -7.176447100004171, 41.251785208567092 ], [ -7.176336560540836, 41.251723512493889 ], [ -7.176125832093351, 41.251651718375889 ], [ -7.175955934631902, 41.251602768118836 ], [ -7.175777787771493, 41.251546996860469 ], [ -7.175616071680244, 41.251485148264031 ], [ -7.175465270764369, 41.251419424837962 ], [ -7.175309619397883, 41.251359069610061 ], [ -7.17513448987729, 41.251300439354054 ], [ -7.174844012793338, 41.251175392793513 ], [ -7.174702840834811, 41.25111200223315 ], [ -7.174473724452276, 41.251025461817072 ], [ -7.174096792934249, 41.250897355116969 ], [ -7.173966813605976, 41.250835496637507 ], [ -7.173856166067924, 41.250757234285523 ], [ -7.173755149531342, 41.250672838367429 ], [ -7.173661606138242, 41.250575267746854 ], [ -7.173622759640375, 41.25052317147717 ], [ -7.17356957886354, 41.250414953078682 ], [ -7.173541996543706, 41.250310005793501 ], [ -7.173537033458745, 41.250217136006974 ], [ -7.173571714762148, 41.250113334336014 ], [ -7.173629918935139, 41.250008024218275 ], [ -7.173671146539228, 41.249921655836502 ], [ -7.173702962661606, 41.249834671467973 ], [ -7.173711366258098, 41.249740830776901 ], [ -7.173736069121234, 41.249658829403693 ], [ -7.173799688936361, 41.249591288699705 ], [ -7.173879517622821, 41.249541351816859 ], [ -7.173971228388171, 41.249510869030431 ], [ -7.174069717049616, 41.249506555354941 ], [ -7.174191705659057, 41.249527015756215 ], [ -7.174255810351862, 41.249532590142877 ], [ -7.17439258689529, 41.249512659643592 ], [ -7.174522153762836, 41.249471507570853 ], [ -7.174614224780197, 41.249416268758118 ], [ -7.174665212579869, 41.249348079459068 ], [ -7.174670600148641, 41.249313729632718 ], [ -7.174566678727315, 41.249175283958508 ], [ -7.1744965787692, 41.249098169249173 ], [ -7.174459837288956, 41.249016018956212 ], [ -7.17446340509344, 41.248976068755745 ], [ -7.174502718895961, 41.248906076946298 ], [ -7.174549227389043, 41.248841992272496 ], [ -7.174622648301241, 41.248789746893046 ], [ -7.174714898977805, 41.24875504148698 ], [ -7.174945425041979, 41.24874425637725 ], [ -7.175089017936111, 41.248739597763539 ], [ -7.17525699414868, 41.248723256449139 ], [ -7.175412313737171, 41.248699781024769 ], [ -7.175437807105083, 41.248693779367805 ], [ -7.178677332732451, 41.249459938661396 ], [ -7.183837587184058, 41.251385327136333 ], [ -7.187886648328612, 41.252804096849289 ], [ -7.18994249904248, 41.253451736867405 ], [ -7.191901268640856, 41.253999505337831 ], [ -7.193339281628771, 41.254320422715232 ], [ -7.1952710924604, 41.254788051276954 ], [ -7.194970883369894, 41.255265341661094 ], [ -7.193268691571722, 41.258055330522488 ], [ -7.192886933217325, 41.258416638753197 ], [ -7.19310882154203, 41.258684393073004 ], [ -7.193312378181497, 41.258789896149082 ], [ -7.193343169584584, 41.25880585509907 ], [ -7.193462117386286, 41.258840964923586 ], [ -7.193722268694069, 41.258828712044803 ], [ -7.19412997556712, 41.258842323388031 ], [ -7.194338391042412, 41.258830652900059 ], [ -7.194525560818802, 41.258755331034649 ], [ -7.194861482062755, 41.258504152585921 ], [ -7.195174739017615, 41.258286182796532 ], [ -7.195448318678395, 41.258127015130341 ], [ -7.195703469999425, 41.257945338747327 ], [ -7.195879318627332, 41.257732934524775 ], [ -7.195974927633062, 41.257553296419388 ], [ -7.196167232019217, 41.257427890678031 ], [ -7.196473703760261, 41.257376922741841 ], [ -7.196934447086237, 41.257380664850871 ], [ -7.197300633430386, 41.257490555420688 ], [ -7.19745212896009, 41.257742374595466 ], [ -7.197516635217788, 41.257879875084619 ], [ -7.197377913622005, 41.257975646795252 ], [ -7.197164189226211, 41.25804740973183 ], [ -7.196989946660569, 41.258149575914068 ], [ -7.196885411829119, 41.258332478272493 ], [ -7.196931949649436, 41.258486548110007 ], [ -7.197102842399925, 41.258621576056029 ], [ -7.197274402122153, 41.258709847425365 ], [ -7.197477578035737, 41.259065643324021 ], [ -7.1975088516053, 41.259238855770811 ], [ -7.197468611021806, 41.259330742126863 ], [ -7.197378097491581, 41.259441069888545 ], [ -7.197339910026174, 41.259585376570087 ], [ -7.197334959720276, 41.259738316378858 ], [ -7.197227156861675, 41.259889073114898 ], [ -7.197016378035311, 41.260052925389431 ], [ -7.196837428854781, 41.260321819180277 ], [ -7.196765464846349, 41.260497271547095 ], [ -7.196655707775788, 41.260590690129973 ], [ -7.196468459631021, 41.260664616459586 ], [ -7.196267179746527, 41.260744707736471 ], [ -7.196238316205362, 41.260819921539472 ], [ -7.196242371676902, 41.260917133642323 ], [ -7.19629448810383, 41.260963669371804 ], [ -7.196369393028278, 41.260974751502843 ], [ -7.196509018374121, 41.260927688728557 ], [ -7.196752114338399, 41.26083954805349 ], [ -7.196953303195707, 41.260763637578478 ], [ -7.197123575547479, 41.260712628263953 ], [ -7.197335365273901, 41.260674526747415 ], [ -7.19759474800549, 41.260611657825507 ], [ -7.197762666491816, 41.260529196131536 ], [ -7.197850082960485, 41.260441887043342 ], [ -7.197941613772699, 41.260354058457864 ], [ -7.198079542339044, 41.260231532188314 ], [ -7.19817812682648, 41.260140119452622 ], [ -7.198273163767957, 41.260101068902657 ], [ -7.198342586980718, 41.260105825799428 ], [ -7.198433603224695, 41.260156858799085 ], [ -7.198813448528933, 41.260417714118958 ], [ -7.198843796334269, 41.26043262802829 ], [ -7.198721444493327, 41.260632826478449 ], [ -7.19846759652033, 41.26089273928671 ], [ -7.198212846664942, 41.261195665630567 ], [ -7.198072676814173, 41.261473264390496 ], [ -7.197933163472036, 41.26170685281636 ], [ -7.197725258965894, 41.2620416889851 ], [ -7.197598040225452, 41.262388548070717 ], [ -7.197520714478945, 41.26254719260843 ], [ -7.197423688794658, 41.262776771275412 ], [ -7.197373037938122, 41.26301142331468 ], [ -7.197310926517344, 41.263071785932148 ], [ -7.196987014233143, 41.263227741122492 ], [ -7.196733762432117, 41.263431276753508 ], [ -7.196263930553065, 41.263777987968368 ], [ -7.195987158668926, 41.264065584240903 ], [ -7.195900643968696, 41.264176103552899 ], [ -7.195715898648841, 41.264279089762695 ], [ -7.195424651034698, 41.264327273030332 ], [ -7.195173508449883, 41.264382527251819 ], [ -7.195034208033127, 41.264435318489184 ], [ -7.194801388301146, 41.264460391915115 ], [ -7.194456622192244, 41.264473074702821 ], [ -7.194483399425092, 41.264561887586929 ], [ -7.194633213000102, 41.264753505222636 ], [ -7.194806816237897, 41.264877876140424 ], [ -7.194993336284734, 41.264956093689449 ], [ -7.195065279968997, 41.264972021037643 ], [ -7.195134341131162, 41.265049282127713 ], [ -7.195161213087859, 41.26513147223303 ], [ -7.195235338011141, 41.265221982573465 ], [ -7.195316787479644, 41.265290084698904 ], [ -7.195423081707403, 41.265337221484884 ], [ -7.195569896461147, 41.265371479212781 ], [ -7.195759435180219, 41.265361112044182 ], [ -7.195885391575817, 41.265384616164248 ], [ -7.195963264295179, 41.265457974997922 ], [ -7.196059065016555, 41.265537745630759 ], [ -7.196286763019433, 41.265590626569271 ], [ -7.196556767771071, 41.26564385123946 ], [ -7.196606056255822, 41.265897674175967 ], [ -7.196618180015581, 41.266040868020525 ], [ -7.196592302710553, 41.26626581212804 ], [ -7.196517148239121, 41.266568463744221 ], [ -7.196503316072452, 41.26674348105491 ], [ -7.196475702439511, 41.267092288814531 ], [ -7.196438900551429, 41.267288470540606 ], [ -7.196281383751757, 41.267599908753375 ], [ -7.196227337601749, 41.267813046066294 ], [ -7.196208148517364, 41.268171451246559 ], [ -7.196141806833665, 41.26844079259412 ], [ -7.196161417477893, 41.268659433814776 ], [ -7.196138401167581, 41.268877728993836 ], [ -7.196063618194736, 41.269120560250414 ], [ -7.195866902044509, 41.269367416773051 ], [ -7.195716774214786, 41.269533267363293 ], [ -7.19568867256123, 41.269710817281613 ], [ -7.195688598482314, 41.269914300188567 ], [ -7.195708399631705, 41.270115037520121 ], [ -7.195769654175918, 41.270400414617491 ], [ -7.195712726460406, 41.270607715099032 ], [ -7.195610981667753, 41.270769679841742 ], [ -7.195534408266799, 41.27095034201615 ], [ -7.195530368122272, 41.271233042638301 ], [ -7.195434673714979, 41.271566407174198 ], [ -7.195404012044678, 41.271724657533028 ], [ -7.195309569117291, 41.271954720555684 ], [ -7.195248672084141, 41.272239104496791 ], [ -7.195067592629623, 41.27276761738694 ], [ -7.194947245877765, 41.273302020118095 ], [ -7.193837550705621, 41.273119631722821 ], [ -7.193515339436965, 41.273056103440481 ], [ -7.193290241240542, 41.272937147638785 ], [ -7.192989181094076, 41.272752585263738 ], [ -7.192729570778846, 41.272628061141255 ], [ -7.192491737772832, 41.272518235201424 ], [ -7.192089859400949, 41.272336539225755 ], [ -7.191739062305734, 41.272169301378788 ], [ -7.191402850696383, 41.272589783276871 ], [ -7.191281378251477, 41.272808708005336 ], [ -7.191213086988542, 41.272965827253486 ], [ -7.19117307147183, 41.273055443973455 ], [ -7.191377812317033, 41.273146680487791 ], [ -7.191599704484097, 41.273225265762726 ], [ -7.191713551161019, 41.273297105478079 ], [ -7.191887869895039, 41.273510670695202 ], [ -7.192093798453707, 41.273879619347845 ], [ -7.192154499762846, 41.274126853396524 ], [ -7.192111533378727, 41.274350172592278 ], [ -7.192003445075537, 41.274514841893662 ] ] ] } },
{ "type": "Feature", "properties": { "dtmnfr": "041014", "freguesia": "Trindade", "municipio": "Vila Flor", "distrito_i": "Bragança", "nuts3_cod": "11E", "nuts3": "Terras de Trás-os-Montes", "nuts2": "Norte", "nuts1": "Continente", "area_ha": 1498.19, "perimetro_": 25, "designacao": "Trindade" }, "geometry": { "type": "Polygon", "coordinates": [ [ [ -7.032638132006473, 41.370826644317852 ], [ -7.050073402035371, 41.370044986377977 ], [ -7.051198509324744, 41.369876643423481 ], [ -7.052074395675902, 41.369803196215926 ], [ -7.052665402076326, 41.369725538905286 ], [ -7.053416426441298, 41.369642267992532 ], [ -7.054607644270736, 41.369566797819104 ], [ -7.055031077012588, 41.369510790223885 ], [ -7.056561237027488, 41.36930566896595 ], [ -7.05781131931013, 41.369167598384138 ], [ -7.058574162698613, 41.369047847656184 ], [ -7.060003361712912, 41.368787894641635 ], [ -7.0606104682087, 41.368689728666382 ], [ -7.062826956577096, 41.368625777697943 ], [ -7.063868906132817, 41.368562244192972 ], [ -7.06461279473001, 41.368504493874639 ], [ -7.065404704500532, 41.368477163576394 ], [ -7.066660865875413, 41.368484823773379 ], [ -7.067001197433854, 41.368415400052712 ], [ -7.068068226326204, 41.368117422999603 ], [ -7.068749348361748, 41.368016028293162 ], [ -7.069889384734564, 41.367939027710207 ], [ -7.069584577214341, 41.368146904831455 ], [ -7.069361992203551, 41.368325825830716 ], [ -7.069195553682829, 41.368528226269618 ], [ -7.069091193595704, 41.368654217517921 ], [ -7.068889038455802, 41.368840801491153 ], [ -7.068588276668304, 41.3691230860994 ], [ -7.068385923326245, 41.36932128050681 ], [ -7.067941684361505, 41.369767906657358 ], [ -7.067635320061283, 41.370092183049273 ], [ -7.067339261221831, 41.37038602828148 ], [ -7.066861961714143, 41.37083576629152 ], [ -7.06659696967305, 41.37112197853935 ], [ -7.066274617890645, 41.371473291949108 ], [ -7.065536086726799, 41.37232938050014 ], [ -7.065239370529101, 41.372676605098263 ], [ -7.064995369538657, 41.372913304380162 ], [ -7.06471869553484, 41.373299162766749 ], [ -7.064547627429697, 41.373549416429512 ], [ -7.064286702663068, 41.373878154600405 ], [ -7.064155915678618, 41.37406944284492 ], [ -7.064106382699878, 41.374284441152511 ], [ -7.063994894762883, 41.374523719821113 ], [ -7.063982467131939, 41.374669913265528 ], [ -7.064010669771416, 41.37481648781943 ], [ -7.064141147285861, 41.375587790014656 ], [ -7.064213183502202, 41.376805047026409 ], [ -7.064232584190164, 41.377490590803653 ], [ -7.064227550790008, 41.377798652839942 ], [ -7.064182894194414, 41.378037106326779 ], [ -7.064118575856869, 41.378205962903984 ], [ -7.064064379878332, 41.378413356287432 ], [ -7.063895296128776, 41.378789674627349 ], [ -7.063778789655006, 41.379042948636936 ], [ -7.063703664581459, 41.379273200743071 ], [ -7.063627160962616, 41.379572674100288 ], [ -7.063642304995956, 41.379903970664607 ], [ -7.063679547250426, 41.380112217252154 ], [ -7.063777449921838, 41.380382693072477 ], [ -7.063824834523826, 41.380614171918538 ], [ -7.063882373567564, 41.380845649657971 ], [ -7.063806126814469, 41.381122439370934 ], [ -7.063729984221953, 41.381414355532108 ], [ -7.063558677476314, 41.38188231155106 ], [ -7.063504738979783, 41.382073682796474 ], [ -7.063521516121285, 41.382078427109136 ], [ -7.063548970844198, 41.382088225484623 ], [ -7.06358535336082, 41.382107651806038 ], [ -7.063723984839638, 41.382168633064062 ], [ -7.06383245892101, 41.382209883817964 ], [ -7.063913439145552, 41.382236209040009 ], [ -7.064038305411752, 41.382254563002761 ], [ -7.064110010339168, 41.382255765841379 ], [ -7.064405665294479, 41.382218261550378 ], [ -7.064489962005513, 41.382202747533846 ], [ -7.064571581040498, 41.38218999527593 ], [ -7.064899127478074, 41.382175832994854 ], [ -7.064984264333921, 41.382196339058289 ], [ -7.06502696234404, 41.382217266866668 ], [ -7.065070141985445, 41.382245218520396 ], [ -7.065104820062849, 41.382273718813764 ], [ -7.065151744941606, 41.382350417753074 ], [ -7.065221880190567, 41.3824261579907 ], [ -7.06526733880984, 41.382453586889561 ], [ -7.065318602811658, 41.382476843245144 ], [ -7.065356036834338, 41.382490427172584 ], [ -7.065432941366959, 41.382495637325725 ], [ -7.065474127487459, 41.382491786789046 ], [ -7.065551936735348, 41.3824632462754 ], [ -7.065591096267363, 41.382444791580042 ], [ -7.065927405097772, 41.382252612691239 ], [ -7.066128197542783, 41.382079439360702 ], [ -7.066224918265531, 41.38199092902564 ], [ -7.066287365126992, 41.381944233388474 ], [ -7.066367324487198, 41.381894012105654 ], [ -7.066422280787681, 41.381866968953133 ], [ -7.066538449300189, 41.381824649148136 ], [ -7.066831743539916, 41.381755601495364 ], [ -7.067978996907656, 41.381734779669635 ], [ -7.068289343274661, 41.381807695692217 ], [ -7.068618976314164, 41.381893392882375 ], [ -7.068920522108588, 41.381948848378435 ], [ -7.068965858982292, 41.381961602941402 ], [ -7.069096866285573, 41.382014044519124 ], [ -7.069197940541345, 41.382069270482219 ], [ -7.069436393397392, 41.382226241143151 ], [ -7.069521813821381, 41.382303020458458 ], [ -7.069697457644989, 41.382551075341418 ], [ -7.069850811736901, 41.382795321541515 ], [ -7.069870698959548, 41.382836832925015 ], [ -7.069934682450836, 41.382945734909434 ], [ -7.070118757459539, 41.383204668938269 ], [ -7.070500945464389, 41.383595083181078 ], [ -7.070673336378992, 41.383786288693379 ], [ -7.070884235725256, 41.384050782322937 ], [ -7.070929556436266, 41.384093878888478 ], [ -7.070762771286231, 41.384426019421262 ], [ -7.070746424349521, 41.384468367490314 ], [ -7.070792026576753, 41.384855317740978 ], [ -7.0708294339052, 41.384922109600538 ], [ -7.07089059436609, 41.384998936714943 ], [ -7.071099901268618, 41.385199215171355 ], [ -7.071285423881793, 41.385392251664648 ], [ -7.071291130318417, 41.385453082002748 ], [ -7.071290547248756, 41.385584442550361 ], [ -7.07127933679303, 41.385626837188028 ], [ -7.071232004644288, 41.385714997191059 ], [ -7.071155257346683, 41.385817561034443 ], [ -7.070952030731162, 41.386000898497699 ], [ -7.070664228489512, 41.386238468078403 ], [ -7.070427385263032, 41.38646731917909 ], [ -7.070229785116934, 41.386693921188666 ], [ -7.070180239417615, 41.386888485570694 ], [ -7.070238052385657, 41.387082599297408 ], [ -7.070720299710143, 41.387776911261312 ], [ -7.092631713139996, 41.397720020145734 ], [ -7.10618408923093, 41.394406142424273 ], [ -7.116878307203832, 41.390712469094531 ], [ -7.117818525966316, 41.39127556557316 ], [ -7.117736743124849, 41.391391352688075 ], [ -7.117539024063975, 41.391804683842238 ], [ -7.117420307709274, 41.392135066382117 ], [ -7.11739228859031, 41.392306967953701 ], [ -7.117308846854701, 41.392698438556806 ], [ -7.11716283809658, 41.392930888165992 ], [ -7.117063909786536, 41.393049045342764 ], [ -7.116991487538714, 41.393162394370492 ], [ -7.11699654240946, 41.393252478295295 ], [ -7.117058681257114, 41.393385558144431 ], [ -7.117274698091368, 41.393719161533824 ], [ -7.117528487783099, 41.394146012119741 ], [ -7.117727980368259, 41.39445839709164 ], [ -7.117918104277117, 41.394804197815326 ], [ -7.118079501035834, 41.395113635798921 ], [ -7.118054176546584, 41.395251082831066 ], [ -7.117964347033141, 41.395530214135718 ], [ -7.117902175168558, 41.395776367949274 ], [ -7.117871181998924, 41.396039998664023 ], [ -7.117898178337869, 41.396372831299708 ], [ -7.117952104905553, 41.396703923382489 ], [ -7.117965631213226, 41.396795434335459 ], [ -7.118203591537113, 41.397041166549144 ], [ -7.118214529933336, 41.397052789743213 ], [ -7.118253106265915, 41.397102108165029 ], [ -7.11829273706348, 41.397168275742665 ], [ -7.118292374880918, 41.397214464010624 ], [ -7.118289715210354, 41.3972704434901 ], [ -7.118248633261558, 41.397506157111792 ], [ -7.118241053596147, 41.39756263702111 ], [ -7.118242612929925, 41.397631884841751 ], [ -7.11828221199318, 41.397700034781757 ], [ -7.118331129133332, 41.397799504786811 ], [ -7.118430164841127, 41.398090205268957 ], [ -7.118515347602334, 41.398310920068454 ], [ -7.118565400252691, 41.398429846453048 ], [ -7.118716420362436, 41.398668966507024 ], [ -7.118807637910384, 41.39878591381234 ], [ -7.118996464666074, 41.398969630369628 ], [ -7.119072846162887, 41.399033328596367 ], [ -7.119302114053292, 41.399208308102516 ], [ -7.119391544808908, 41.399278605658289 ], [ -7.119398160762193, 41.399306481282174 ], [ -7.119405927403128, 41.399361112920346 ], [ -7.119422946658861, 41.399489563841414 ], [ -7.119455540715438, 41.399778330999446 ], [ -7.119492957298431, 41.399940997879384 ], [ -7.119464802502727, 41.400214464426867 ], [ -7.11942432078525, 41.400465403716552 ], [ -7.119355627322796, 41.40060769102098 ], [ -7.11934077263357, 41.400625024858257 ], [ -7.119322674964446, 41.400658357832192 ], [ -7.119218940973029, 41.400885601632581 ], [ -7.119154142359299, 41.400946438490571 ], [ -7.118957122763607, 41.401143600149666 ], [ -7.118793044356733, 41.401360225526275 ], [ -7.118762641330789, 41.401416232303426 ], [ -7.118652519825675, 41.401631083099119 ], [ -7.118553849004369, 41.401871064489178 ], [ -7.118482715818116, 41.402170350126632 ], [ -7.118475225336258, 41.40224474660365 ], [ -7.11849860639088, 41.402471754642782 ], [ -7.118597053701363, 41.402724186931032 ], [ -7.118625542811395, 41.402768828793889 ], [ -7.118800028766979, 41.402983391380886 ], [ -7.118987723138337, 41.403171866295288 ], [ -7.119242134039246, 41.403391905595356 ], [ -7.119459342422227, 41.403581993088679 ], [ -7.119555729874261, 41.40367459031453 ], [ -7.119598945007324, 41.403733221245083 ], [ -7.119630714874797, 41.40378221268957 ], [ -7.119670838325044, 41.403916989601186 ], [ -7.119664158912007, 41.403985360719638 ], [ -7.119670016015569, 41.404209331979928 ], [ -7.119766380874025, 41.404480561956099 ], [ -7.119787070587581, 41.40454215024986 ], [ -7.119835035914524, 41.404803949142647 ], [ -7.119832964140185, 41.404837155898456 ], [ -7.119806432450613, 41.405129544620969 ], [ -7.119814666097239, 41.405176885397715 ], [ -7.119846594945501, 41.405307987617881 ], [ -7.11986254995934, 41.40534351224894 ], [ -7.119908107993036, 41.405413151946895 ], [ -7.120015553116378, 41.405479376714325 ], [ -7.120136435246009, 41.40553445951042 ], [ -7.120180351800355, 41.4055483491966 ], [ -7.120469382774718, 41.405611126365102 ], [ -7.120589837103793, 41.405624787344777 ], [ -7.120940649621218, 41.405636600671393 ], [ -7.121245146686603, 41.405712201940133 ], [ -7.121440097817869, 41.405795936656041 ], [ -7.12152379126628, 41.405843399687861 ], [ -7.121795793060294, 41.406040806488832 ], [ -7.12209819356191, 41.406252525736598 ], [ -7.122338251590513, 41.406388788317038 ], [ -7.122701083622278, 41.406559703941127 ], [ -7.122971336884434, 41.406654002462922 ], [ -7.123301759671075, 41.406700834515533 ], [ -7.123351262916295, 41.40671648275238 ], [ -7.123614972015017, 41.406894094098078 ], [ -7.123965573348493, 41.407175918214158 ], [ -7.124145530207437, 41.40735567851489 ], [ -7.124313780640152, 41.407542808155831 ], [ -7.124351860948878, 41.407617150740023 ], [ -7.123605474266316, 41.407989319036972 ], [ -7.121203039283317, 41.408988109480497 ], [ -7.119950335140437, 41.409539841078832 ], [ -7.117609275276975, 41.410676854706864 ], [ -7.116797849484358, 41.411112241368443 ], [ -7.115919318765382, 41.411700899571791 ], [ -7.11196595125068, 41.41210515601297 ], [ -7.109048082973619, 41.412491827185463 ], [ -7.108282191784401, 41.41258883647594 ], [ -7.107649772472919, 41.412616978112098 ], [ -7.107019082247608, 41.412626490212574 ], [ -7.106931271210586, 41.412627691445088 ], [ -7.106620113704927, 41.412525877367443 ], [ -7.105981853737745, 41.412187418211779 ], [ -7.10544457169878, 41.411817078286106 ], [ -7.105114458835843, 41.411589943315853 ], [ -7.104537836201444, 41.411394556225346 ], [ -7.104311432761644, 41.411364350860296 ], [ -7.104013749292958, 41.411326309835324 ], [ -7.103634925572544, 41.411200478805632 ], [ -7.10327689184151, 41.411098599075878 ], [ -7.102736522778808, 41.410857334347412 ], [ -7.101755848455191, 41.410324730995569 ], [ -7.100738197970579, 41.409514025423967 ], [ -7.100402894347745, 41.409162937939058 ], [ -7.10012512471016, 41.408910146515517 ], [ -7.099867978221632, 41.408646464946777 ], [ -7.099811480020641, 41.408702771562993 ], [ -7.099628783460393, 41.408888768121741 ], [ -7.099422351885651, 41.408965072029147 ], [ -7.099135300218833, 41.409034797664184 ], [ -7.098945922187404, 41.409151588332094 ], [ -7.098757508705506, 41.409268298218244 ], [ -7.098567589879119, 41.409321243699189 ], [ -7.098347807505222, 41.409296404697201 ], [ -7.098134218816043, 41.409288092558604 ], [ -7.097864045583528, 41.409258298304692 ], [ -7.097672856016213, 41.409270719143116 ], [ -7.097353767693347, 41.409338978790593 ], [ -7.097029416100155, 41.409316709998961 ], [ -7.096733947656931, 41.409170261568995 ], [ -7.096280125607907, 41.408918580505933 ], [ -7.095393447224262, 41.408316181052456 ], [ -7.094875528004497, 41.407937230004734 ], [ -7.094618061215452, 41.40769523390891 ], [ -7.09439329037723, 41.407517906958446 ], [ -7.094130185226532, 41.407352661344653 ], [ -7.093888757381852, 41.407237935924471 ], [ -7.093617115225267, 41.407113310138499 ], [ -7.093376112275958, 41.407092586344611 ], [ -7.093136552736629, 41.407183614158676 ], [ -7.092746204705657, 41.407311457779379 ], [ -7.092362610124625, 41.407412977302755 ], [ -7.091858679373904, 41.40743345809976 ], [ -7.09129925145721, 41.407386987859176 ], [ -7.090380760883035, 41.407208246516156 ], [ -7.089988061680986, 41.407138514119787 ], [ -7.08966107317196, 41.407020220081542 ], [ -7.088981107993058, 41.406980571348193 ], [ -7.088529189480849, 41.406986922519792 ], [ -7.088511174867669, 41.406991800188592 ], [ -7.088256888096472, 41.407023799209533 ], [ -7.087442190538723, 41.407190543676059 ], [ -7.086222336053086, 41.407475430463236 ], [ -7.085613101724155, 41.407574340099885 ], [ -7.085046307838866, 41.407704151525913 ], [ -7.084408793194076, 41.407910570877718 ], [ -7.083601073797428, 41.408148036024308 ], [ -7.082394823672178, 41.408536813723387 ], [ -7.082078123026467, 41.408663939442 ], [ -7.081993338616925, 41.408685947181489 ], [ -7.081920940761865, 41.408725531808017 ], [ -7.081542738890814, 41.408817702275186 ], [ -7.081131899362973, 41.408871400551355 ], [ -7.080797989592598, 41.408901217054705 ], [ -7.080454047835477, 41.408930216893324 ], [ -7.080134377725379, 41.408944408704969 ], [ -7.079795585711601, 41.408928439202747 ], [ -7.079409821359393, 41.408888267570909 ], [ -7.079201197776062, 41.408868982020316 ], [ -7.07916197332127, 41.408869166525925 ], [ -7.079090123642462, 41.408874719118757 ], [ -7.078983068103534, 41.40889057988803 ], [ -7.078697660877398, 41.408975482349362 ], [ -7.078437199377474, 41.40909285269182 ], [ -7.078171279858105, 41.409215390994817 ], [ -7.077698943598459, 41.40935197650122 ], [ -7.077348567764414, 41.409386493974367 ], [ -7.077009138808475, 41.409394911612722 ], [ -7.076810411262028, 41.409407133124255 ], [ -7.076755385375622, 41.409415362484765 ], [ -7.076691631205172, 41.409430536436822 ], [ -7.076319724097508, 41.40954670029479 ], [ -7.076039547328946, 41.409677292536806 ], [ -7.075771886785402, 41.409818267951941 ], [ -7.075384857855294, 41.409966700763547 ], [ -7.07506403036179, 41.410074322740201 ], [ -7.074778169179175, 41.410149939145981 ], [ -7.074678286198671, 41.41017288573935 ], [ -7.074298564543087, 41.410247100776196 ], [ -7.073905455510309, 41.410283463595171 ], [ -7.07350376650469, 41.410303091724295 ], [ -7.073194307751118, 41.410328698551005 ], [ -7.073125027798028, 41.410338416432758 ], [ -7.073012237199173, 41.410353765899671 ], [ -7.072666110877575, 41.410405956579275 ], [ -7.07234886384575, 41.410447246883855 ], [ -7.072008902174526, 41.410480675388392 ], [ -7.071903499600975, 41.410483035502679 ], [ -7.071766488980241, 41.410472859671017 ], [ -7.071471937381776, 41.410405139081384 ], [ -7.071169395824495, 41.410277654224572 ], [ -7.070875674703512, 41.410159341144215 ], [ -7.070563339499015, 41.410089744212662 ], [ -7.070142068388595, 41.410078299428505 ], [ -7.070040383612731, 41.410101853807923 ], [ -7.069951627798036, 41.410132274118482 ], [ -7.069875574657338, 41.410168401311033 ], [ -7.069631903827068, 41.410303999033346 ], [ -7.069330566335823, 41.41049200715203 ], [ -7.06905591390355, 41.410649561041218 ], [ -7.068114976746525, 41.411034690481898 ], [ -7.067247193634915, 41.411260497040011 ], [ -7.066415226900232, 41.411489691303849 ], [ -7.065348978599717, 41.41176883912896 ], [ -7.064064725142093, 41.412133654697392 ], [ -7.062533848909058, 41.412541451117782 ], [ -7.062479137253529, 41.412552198517375 ], [ -7.062373164823081, 41.41258867164543 ], [ -7.062346105272839, 41.412597960213986 ], [ -7.062121695878718, 41.412651339206548 ], [ -7.061931352034248, 41.41270584438427 ], [ -7.061909640250801, 41.412315960943701 ], [ -7.06184203995119, 41.411427299406633 ], [ -7.061778462153046, 41.410950414045665 ], [ -7.061661863944082, 41.410103252697752 ], [ -7.061555155864978, 41.4095506036819 ], [ -7.061474499981268, 41.40867847785654 ], [ -7.061487282904622, 41.408672112391436 ], [ -7.061410347105498, 41.408032402712657 ], [ -7.061298297669323, 41.407047437550531 ], [ -7.061266415322509, 41.406803771490956 ], [ -7.06103146541812, 41.405364954311835 ], [ -7.060977140907441, 41.405140528989882 ], [ -7.060949101359361, 41.404889247150876 ], [ -7.060746583447614, 41.404207308940904 ], [ -7.060473111220945, 41.403703349643067 ], [ -7.060353708403079, 41.403575648318878 ], [ -7.06030633687858, 41.403481566167422 ], [ -7.060091720807167, 41.403260962347616 ], [ -7.059955414112402, 41.403208461174373 ], [ -7.059758231886562, 41.403134865958499 ], [ -7.059616415639287, 41.403054222920517 ], [ -7.05941043917852, 41.402948133165069 ], [ -7.059353769781268, 41.402896735508534 ], [ -7.059289037800256, 41.402760445851271 ], [ -7.059205107293614, 41.402708520862944 ], [ -7.059095038639129, 41.40267508512617 ], [ -7.058922998549422, 41.402636381518406 ], [ -7.058706210243593, 41.402591869205516 ], [ -7.05850370399061, 41.402500481028738 ], [ -7.058288728973531, 41.402374497749335 ], [ -7.058054491168172, 41.402256705811475 ], [ -7.057818858460575, 41.402150967256489 ], [ -7.057633538313098, 41.402061719907998 ], [ -7.057405917344279, 41.401992338925155 ], [ -7.057141586414669, 41.4020031099855 ], [ -7.057048716715678, 41.402014936787857 ], [ -7.056902102460414, 41.40202221178356 ], [ -7.056699578003308, 41.401997545645955 ], [ -7.056446489082428, 41.401935576820811 ], [ -7.056238002657354, 41.401866367188781 ], [ -7.056085383793761, 41.401802997827822 ], [ -7.056004564483302, 41.401743719213151 ], [ -7.055905868075797, 41.40168094355711 ], [ -7.055648520554731, 41.401601737642615 ], [ -7.055383610419225, 41.401553341555719 ], [ -7.055045334917254, 41.401472294829865 ], [ -7.054801893761081, 41.401412577306154 ], [ -7.054678917774377, 41.401357402745781 ], [ -7.054511949008201, 41.401257972515921 ], [ -7.054302859020325, 41.401182274584649 ], [ -7.054051793336162, 41.40115714322215 ], [ -7.0537375048505, 41.401151680356023 ], [ -7.053503715631979, 41.401101685607983 ], [ -7.05328621387201, 41.401035721043158 ], [ -7.053058969250143, 41.400994516003628 ], [ -7.052828361939921, 41.400969216573387 ], [ -7.052544414371261, 41.400944136027242 ], [ -7.052413772640515, 41.400911395658582 ], [ -7.051882599995956, 41.400701851271172 ], [ -7.051739336384214, 41.400637215297934 ], [ -7.051643298183856, 41.400594625890214 ], [ -7.051175552432707, 41.400136718356237 ], [ -7.051143771850914, 41.400113281517527 ], [ -7.051060807335066, 41.400024985207587 ], [ -7.050873132578577, 41.399847654832612 ], [ -7.050585475527315, 41.399462294163868 ], [ -7.05050388722285, 41.399377702855837 ], [ -7.050276702953971, 41.399174698128533 ], [ -7.050063962896154, 41.398930412317689 ], [ -7.049923928999648, 41.398721739997555 ], [ -7.049822612637556, 41.39847849999051 ], [ -7.049705079538451, 41.398174959056419 ], [ -7.04968243544168, 41.39789590064612 ], [ -7.049708431701772, 41.397590021417116 ], [ -7.049793561867641, 41.397344925438496 ], [ -7.049847780692007, 41.39711809339763 ], [ -7.049857319376524, 41.397062271361072 ], [ -7.04983118912677, 41.39676291973506 ], [ -7.049808266581235, 41.396703100497845 ], [ -7.049770995758139, 41.396635763931776 ], [ -7.049749381499852, 41.396583789413533 ], [ -7.04973297532627, 41.396448038473302 ], [ -7.049784502429967, 41.396224779002779 ], [ -7.049874339408423, 41.396013225893576 ], [ -7.048558314627925, 41.39578395325362 ], [ -7.046326449733898, 41.39532112482263 ], [ -7.04583234341176, 41.39512963649387 ], [ -7.044987381679542, 41.394617190198431 ], [ -7.044746130752164, 41.394385046473559 ], [ -7.044770590617087, 41.393835239577506 ], [ -7.044849849196551, 41.393117669712893 ], [ -7.045004280014554, 41.392682448108246 ], [ -7.045137888731396, 41.392442049258214 ], [ -7.045285118159698, 41.392266786554124 ], [ -7.045520926169141, 41.391970177439646 ], [ -7.045767844864899, 41.391587870072875 ], [ -7.045778664888797, 41.391569964698029 ], [ -7.045885729505898, 41.391422951038429 ], [ -7.046033713281987, 41.391259488559875 ], [ -7.046144383048073, 41.391104136062928 ], [ -7.046258990634963, 41.390949001628293 ], [ -7.046344359166341, 41.390733177096408 ], [ -7.046400153612727, 41.390526890030188 ], [ -7.046542022736837, 41.390307094356132 ], [ -7.046682905504348, 41.390153374499079 ], [ -7.046851063352928, 41.389898085099318 ], [ -7.046984003486427, 41.389603567400947 ], [ -7.047108921092526, 41.389237931879471 ], [ -7.047213187683574, 41.388855444231382 ], [ -7.047220769356218, 41.388823734104527 ], [ -7.047264169693027, 41.388708534657894 ], [ -7.047340078117332, 41.388550781083694 ], [ -7.047369445418417, 41.388401957655297 ], [ -7.047420487800514, 41.388359668457106 ], [ -7.047500751232904, 41.388205920241354 ], [ -7.047661838803693, 41.387914814969974 ], [ -7.047763114166979, 41.387662315485493 ], [ -7.047865702452683, 41.387337433954485 ], [ -7.047935002446705, 41.386626791016184 ], [ -7.048050730878997, 41.38631671392077 ], [ -7.048629744161625, 41.386661785332016 ], [ -7.048927529007001, 41.38683646207447 ], [ -7.049280779134161, 41.386737413084752 ], [ -7.049236776628514, 41.38645626206975 ], [ -7.049175882336727, 41.386300375162435 ], [ -7.049025278274033, 41.38603136802611 ], [ -7.048829015614128, 41.385790927238453 ], [ -7.048451286768231, 41.38554958322576 ], [ -7.047715619702133, 41.385257962857445 ], [ -7.047493057098635, 41.385161597593125 ], [ -7.047461698188721, 41.385135099678671 ], [ -7.047109560076744, 41.384634958963225 ], [ -7.0470466891303, 41.384410895082077 ], [ -7.047007725673851, 41.384035792552638 ], [ -7.046979911455912, 41.383709416799029 ], [ -7.047000310391215, 41.383424277173411 ], [ -7.047013324482903, 41.382892372839549 ], [ -7.04713627159683, 41.38203231978197 ], [ -7.04716973202231, 41.381774049195876 ], [ -7.047200148380513, 41.3816052470317 ], [ -7.047284491385705, 41.381118755689208 ], [ -7.047352398956134, 41.380780044807778 ], [ -7.047429617997177, 41.380268999239078 ], [ -7.047435947440281, 41.380161284888096 ], [ -7.047431447234452, 41.380115322880357 ], [ -7.047401307111297, 41.379950723943189 ], [ -7.047359398158465, 41.379710017988998 ], [ -7.047374685293079, 41.379595454305544 ], [ -7.04740962768916, 41.379521411454597 ], [ -7.047431635209176, 41.379405201343211 ], [ -7.047489011059192, 41.379261410346466 ], [ -7.047565691018066, 41.37909988471128 ], [ -7.047837329796414, 41.378686560915597 ], [ -7.047930913993473, 41.378471077805493 ], [ -7.048072754093923, 41.378323221884493 ], [ -7.048108279960894, 41.378227937052159 ], [ -7.048059563565246, 41.378101965094928 ], [ -7.047976685475509, 41.377916881302419 ], [ -7.0478790122821, 41.377708875498158 ], [ -7.047828843362841, 41.377439730533226 ], [ -7.047828895510394, 41.377415238788345 ], [ -7.047837840971861, 41.377279459765113 ], [ -7.047834955217206, 41.377208210395082 ], [ -7.047846866700983, 41.377095779280211 ], [ -7.047826699916998, 41.377028598718027 ], [ -7.047770356591045, 41.376894182010787 ], [ -7.047760486674588, 41.376768846431197 ], [ -7.047777399043196, 41.376671404355491 ], [ -7.047795025427284, 41.37655308460797 ], [ -7.047837573050285, 41.376445167947203 ], [ -7.047878355657489, 41.376393514013721 ], [ -7.047892762065654, 41.376382661603195 ], [ -7.047816638051997, 41.376374020242643 ], [ -7.047393025963899, 41.376329877604789 ], [ -7.046709012180273, 41.376223761497222 ], [ -7.0462486373967, 41.376053754036704 ], [ -7.046154290759323, 41.376019915082807 ], [ -7.043941009461892, 41.375666695758063 ], [ -7.043797596220836, 41.375665340856813 ], [ -7.043522853318895, 41.375653834744718 ], [ -7.043164428509515, 41.375650447329278 ], [ -7.042614692358123, 41.375636152870996 ], [ -7.041876705701676, 41.375449097664351 ], [ -7.041627674644474, 41.375329779416745 ], [ -7.041390453153452, 41.37521940274231 ], [ -7.041237152912458, 41.375100989192276 ], [ -7.034050392910145, 41.372430538249255 ], [ -7.033955727684403, 41.372366609834849 ], [ -7.033885197587232, 41.372302911007893 ], [ -7.033506856126023, 41.372056198726668 ], [ -7.033330351805255, 41.371883443415733 ], [ -7.033177530526753, 41.371737926643377 ], [ -7.033048342402076, 41.371601731287029 ], [ -7.032814355864072, 41.371293458955108 ], [ -7.032709368938462, 41.371139305970559 ], [ -7.032663989974917, 41.370994813246099 ], [ -7.032641905358232, 41.370886646885907 ], [ -7.032638132006473, 41.370826644317852 ] ] ] } },
{ "type": "Feature", "properties": { "dtmnfr": "041015", "freguesia": "Vale Frechoso", "municipio": "Vila Flor", "distrito_i": "Bragança", "nuts3_cod": "11E", "nuts3": "Terras de Trás-os-Montes", "nuts2": "Norte", "nuts1": "Continente", "area_ha": 1930.12, "perimetro_": 21, "designacao": "Vale Frechoso" }, "geometry": { "type": "Polygon", "coordinates": [ [ [ -7.101959016589374, 41.363809667038844 ], [ -7.101928677376232, 41.363747717704747 ], [ -7.101699386909416, 41.36337291121702 ], [ -7.101469174391651, 41.361858038273674 ], [ -7.101366127292035, 41.361238376712762 ], [ -7.101138254926136, 41.360743919204374 ], [ -7.10070733842924, 41.36001471560008 ], [ -7.100366064307388, 41.359565613528474 ], [ -7.100155734291909, 41.359164323327178 ], [ -7.1000007453207, 41.358830604911439 ], [ -7.099615280879744, 41.357653593465486 ], [ -7.098802437977994, 41.354975601303551 ], [ -7.098739764907052, 41.354169830861956 ], [ -7.098587475833487, 41.351896355687892 ], [ -7.098559179075385, 41.35129743593334 ], [ -7.098530270445226, 41.350744884278832 ], [ -7.098396098000508, 41.350297723970428 ], [ -7.098074476488236, 41.349811152251512 ], [ -7.097353870487983, 41.34838964311006 ], [ -7.097068736401031, 41.347954448074653 ], [ -7.095974083163608, 41.346940146989539 ], [ -7.095825933854584, 41.346765763951133 ], [ -7.095265753425005, 41.346467828148839 ], [ -7.094686885848904, 41.346150004252365 ], [ -7.094108483490468, 41.345818677589321 ], [ -7.093501452901309, 41.345507075361013 ], [ -7.092839273841331, 41.345095126252254 ], [ -7.092345331014074, 41.344885830423628 ], [ -7.092004644734111, 41.344716457551975 ], [ -7.090751620518113, 41.344269894218634 ], [ -7.08996562218371, 41.344342382087255 ], [ -7.089729678620688, 41.344363566861119 ], [ -7.089300683562189, 41.344412895952217 ], [ -7.088933237918758, 41.344416321785459 ], [ -7.088524797979294, 41.344345903407927 ], [ -7.088278400862463, 41.34425057256356 ], [ -7.087983029662444, 41.344154707298046 ], [ -7.087512015235605, 41.343887709281006 ], [ -7.087018606190936, 41.343527041656053 ], [ -7.086783086689817, 41.343416858207711 ], [ -7.08795429635504, 41.342706003719094 ], [ -7.088541443150041, 41.342080873954735 ], [ -7.089507933194771, 41.341176282557448 ], [ -7.09068283617491, 41.339860553399717 ], [ -7.091038931065002, 41.339254931240596 ], [ -7.091762814561096, 41.339087608225029 ], [ -7.091937055709663, 41.339023900971092 ], [ -7.092631904370098, 41.338856310684193 ], [ -7.093767234599373, 41.33821404166946 ], [ -7.098996137076568, 41.337804460934137 ], [ -7.100743042016594, 41.336798173174223 ], [ -7.103699167240401, 41.335550373207752 ], [ -7.106997997466038, 41.33569285747118 ], [ -7.109986206608705, 41.336510935317378 ], [ -7.112713293170254, 41.334838680843518 ], [ -7.113911937983365, 41.334432402413711 ], [ -7.114109745644225, 41.334763960632067 ], [ -7.114425462104465, 41.335225854095071 ], [ -7.114548689639975, 41.335344800758165 ], [ -7.114798499683693, 41.335674477868807 ], [ -7.115100877351622, 41.336011188695288 ], [ -7.115439341226995, 41.336332369114565 ], [ -7.115824622022373, 41.336693130340691 ], [ -7.116246768224935, 41.337011086310746 ], [ -7.116688033189816, 41.33722890677786 ], [ -7.11750645757237, 41.337538556787223 ], [ -7.118340182694419, 41.337840501581937 ], [ -7.11872376599241, 41.337949940422128 ], [ -7.11940435490526, 41.338073781525381 ], [ -7.119774694765432, 41.338135831417517 ], [ -7.120180576863746, 41.338155155100118 ], [ -7.120570629573001, 41.338186222360832 ], [ -7.121096264806647, 41.33821046174765 ], [ -7.121434782693532, 41.33821343174624 ], [ -7.121829857714871, 41.338259933798213 ], [ -7.122360198816899, 41.338319781466552 ], [ -7.122516194581517, 41.338344467976988 ], [ -7.122949908329974, 41.338496015707896 ], [ -7.123258517348757, 41.338750287438828 ], [ -7.1236401155833, 41.338989077064447 ], [ -7.123960147674133, 41.339176455215231 ], [ -7.12438295010669, 41.339455405516674 ], [ -7.125102192328957, 41.339895495786472 ], [ -7.125657200647963, 41.340387453474804 ], [ -7.126042985091505, 41.340697221759449 ], [ -7.126493664790736, 41.341060410306326 ], [ -7.12666447378348, 41.341148247316234 ], [ -7.126861928740921, 41.34117355792845 ], [ -7.126991950696994, 41.341194409704045 ], [ -7.12766872359076, 41.341196350969739 ], [ -7.1283198778288, 41.34119419199547 ], [ -7.128553828385835, 41.341231343361194 ], [ -7.128851092211905, 41.341198908914528 ], [ -7.130347808876405, 41.341192213538726 ], [ -7.130587023831067, 41.341198253072619 ], [ -7.131357388825609, 41.341236462462106 ], [ -7.131914228623355, 41.341276410852963 ], [ -7.132597029965027, 41.341353286414574 ], [ -7.133153090349529, 41.341444455258575 ], [ -7.133807583732644, 41.341560151995964 ], [ -7.134604739448921, 41.341769102082658 ], [ -7.13545036914188, 41.341996472928649 ], [ -7.136005905499983, 41.342115175460414 ], [ -7.135434913907591, 41.341269549459568 ], [ -7.134928511116206, 41.341008562653442 ], [ -7.134849685199015, 41.340591180010023 ], [ -7.135022353648973, 41.340432317736386 ], [ -7.135534612708809, 41.34030844611533 ], [ -7.136643194798655, 41.34015758134165 ], [ -7.138099033665659, 41.339529163757369 ], [ -7.138609581964877, 41.33953338499223 ], [ -7.143449680310833, 41.340184219123294 ], [ -7.149017040335936, 41.34059227439981 ], [ -7.14972227730785, 41.340464673632383 ], [ -7.150409863355264, 41.340478366859664 ], [ -7.151661571444196, 41.340509013634374 ], [ -7.152103913352107, 41.340536453738949 ], [ -7.15250492922894, 41.340555621065512 ], [ -7.153161105782072, 41.340584518780879 ], [ -7.153509210551231, 41.340650502694928 ], [ -7.154509975700958, 41.340765061573649 ], [ -7.155361923454103, 41.340941105811829 ], [ -7.156305941281452, 41.341224266181364 ], [ -7.157334912277641, 41.341547299041864 ], [ -7.158251444439036, 41.34192051173806 ], [ -7.159068611901143, 41.342332045978985 ], [ -7.160058436247814, 41.342904313009811 ], [ -7.160790842322196, 41.343417677563764 ], [ -7.161024061051041, 41.343505990034664 ], [ -7.161197506037427, 41.343540401238819 ], [ -7.16117123863666, 41.343652190981423 ], [ -7.161166604528563, 41.343706717455419 ], [ -7.161142321048741, 41.343813477241163 ], [ -7.161112441269722, 41.343862386330755 ], [ -7.160881282664167, 41.344069775061463 ], [ -7.160842670587715, 41.344176147209673 ], [ -7.160717279226509, 41.344679300542083 ], [ -7.160719479762387, 41.344876868002764 ], [ -7.160664455693431, 41.345066561500417 ], [ -7.160573034573829, 41.345164293716195 ], [ -7.160445849677242, 41.345256862370803 ], [ -7.160273716623095, 41.345455747452583 ], [ -7.160156355714456, 41.345667248846851 ], [ -7.159978560804714, 41.346222812111442 ], [ -7.159847930213044, 41.346474270213342 ], [ -7.159787475839948, 41.346723614222803 ], [ -7.159688226523365, 41.346865759774566 ], [ -7.159519086075634, 41.347015145589864 ], [ -7.159400389916939, 41.347211414616062 ], [ -7.159207743299891, 41.34756796051164 ], [ -7.159114701029567, 41.347670180655207 ], [ -7.159052382354476, 41.347714945631182 ], [ -7.158783430061511, 41.347875013194361 ], [ -7.158683705837783, 41.347976542532621 ], [ -7.158521536715154, 41.348187391712479 ], [ -7.158266822904062, 41.348498663521276 ], [ -7.158196140551272, 41.348711905166574 ], [ -7.158202509194233, 41.348862233649434 ], [ -7.158318474538603, 41.349018171660248 ], [ -7.158362592586722, 41.349216989048806 ], [ -7.158349457559595, 41.349569826934697 ], [ -7.158320785435984, 41.349713916893585 ], [ -7.158269826572509, 41.349806403875924 ], [ -7.158155945965667, 41.349903314437071 ], [ -7.15800996487711, 41.349949349969968 ], [ -7.157742729264275, 41.349969599605394 ], [ -7.157601633269312, 41.350016218958679 ], [ -7.157476443345666, 41.350102135530982 ], [ -7.15737675578041, 41.350248774524353 ], [ -7.157357717696487, 41.350396004535689 ], [ -7.157305076288234, 41.350496854053922 ], [ -7.157199302210977, 41.350602923643663 ], [ -7.157128857954365, 41.350751430199857 ], [ -7.156884141553147, 41.351008490841771 ], [ -7.156169619484579, 41.351423367559363 ], [ -7.155573311391521, 41.351891018326519 ], [ -7.154866760040332, 41.352299384396829 ], [ -7.153759307401288, 41.352874962738198 ], [ -7.15149439092282, 41.353906636050375 ], [ -7.150050576954817, 41.354501287266778 ], [ -7.149491120012281, 41.354730437241386 ], [ -7.148983111607728, 41.355034842441327 ], [ -7.148634802733486, 41.355303338224857 ], [ -7.148325761554791, 41.355590797161561 ], [ -7.14805578313124, 41.355934603829915 ], [ -7.147905346474225, 41.356251510421323 ], [ -7.147660598255593, 41.356689253756784 ], [ -7.147268594855626, 41.357200472013091 ], [ -7.146718468314398, 41.35767288367019 ], [ -7.146105725271005, 41.358152224330013 ], [ -7.145035630246587, 41.358854005364933 ], [ -7.144467034786662, 41.359209643364075 ], [ -7.143759303379822, 41.3596151362919 ], [ -7.141971080853428, 41.360937929036446 ], [ -7.141527983666518, 41.361345774378826 ], [ -7.140712941253531, 41.362260486916334 ], [ -7.140281523575648, 41.363622737082977 ], [ -7.140132791488884, 41.363902286919668 ], [ -7.140193684821463, 41.364166439082581 ], [ -7.140183031453826, 41.364427188964768 ], [ -7.140129165178326, 41.364582583293874 ], [ -7.139954463525683, 41.364943209367596 ], [ -7.139924118003762, 41.364997783846881 ], [ -7.139770013725379, 41.365260985229376 ], [ -7.139630268057543, 41.365459844317009 ], [ -7.139382768617245, 41.365797337510344 ], [ -7.139280443549857, 41.365948078382274 ], [ -7.13908425848054, 41.366242974587919 ], [ -7.138975313336741, 41.366444261631528 ], [ -7.138844367057221, 41.36670109162224 ], [ -7.138732651876299, 41.366950524371731 ], [ -7.138678149438034, 41.367147324915294 ], [ -7.138617888852366, 41.367424213841367 ], [ -7.138650757842411, 41.367526420983921 ], [ -7.138794925642503, 41.367768515333218 ], [ -7.138986574468703, 41.368016331997147 ], [ -7.139103996368505, 41.368272509251682 ], [ -7.139119029790916, 41.368321351926419 ], [ -7.13921581427999, 41.368779934562141 ], [ -7.139297580069247, 41.369298718790461 ], [ -7.139348000815946, 41.369599070862847 ], [ -7.139403443589094, 41.369804834570459 ], [ -7.139534549871786, 41.370104528202461 ], [ -7.139595797071213, 41.370298005703489 ], [ -7.13966013574482, 41.370492413846407 ], [ -7.139852417550768, 41.370794345968285 ], [ -7.139905836320795, 41.37088934780234 ], [ -7.140068725672623, 41.371103689111166 ], [ -7.140193323294858, 41.371163013118675 ], [ -7.140313620668815, 41.371254088987946 ], [ -7.140428741626231, 41.371347367443249 ], [ -7.140677933746559, 41.371522567883929 ], [ -7.140926893819362, 41.371728465409497 ], [ -7.141060927711015, 41.371827757926113 ], [ -7.141318039234281, 41.371945939756472 ], [ -7.14159562261812, 41.372013873890417 ], [ -7.141799811609497, 41.372074691395589 ], [ -7.141870233846848, 41.372112754196131 ], [ -7.141972109042423, 41.372212941824905 ], [ -7.142031335718046, 41.372422247406433 ], [ -7.142052622335438, 41.37259512423676 ], [ -7.142025389303534, 41.372814941766158 ], [ -7.141923801106907, 41.37298766240734 ], [ -7.14185374142656, 41.373099337253237 ], [ -7.141817742204729, 41.37325830212302 ], [ -7.141816017646883, 41.373522101768359 ], [ -7.141819762987846, 41.373614421971624 ], [ -7.141820643582667, 41.373635229413694 ], [ -7.141783531164683, 41.373741602928391 ], [ -7.141526676691881, 41.373906236130935 ], [ -7.141415198914486, 41.374013323743227 ], [ -7.141397919621114, 41.374120406483925 ], [ -7.141534331189348, 41.374458055105109 ], [ -7.141517629914375, 41.374574148512991 ], [ -7.141347385865021, 41.375112371763976 ], [ -7.141253773773246, 41.375271384551233 ], [ -7.141078222135233, 41.375497126269124 ], [ -7.140923745387266, 41.37565705914362 ], [ -7.140872845174163, 41.375710913591163 ], [ -7.140419322370237, 41.376168724101369 ], [ -7.140093932892771, 41.376414064087626 ], [ -7.139746576890358, 41.376609696711256 ], [ -7.139241219482381, 41.376827285492212 ], [ -7.139173723052346, 41.376864161284914 ], [ -7.139068045978406, 41.376958598493729 ], [ -7.138965677367455, 41.377063870633158 ], [ -7.138835487069253, 41.377293154787083 ], [ -7.138835166679503, 41.377440003339153 ], [ -7.138836731301285, 41.377486475927455 ], [ -7.1388432713598, 41.377520296951474 ], [ -7.138926167401317, 41.377815616228844 ], [ -7.138960216099262, 41.377864261188506 ], [ -7.138959027887561, 41.377918814370737 ], [ -7.138941465955126, 41.378185716493405 ], [ -7.138889719219502, 41.378420808792448 ], [ -7.138865976401102, 41.378511991104233 ], [ -7.138852544154657, 41.37878225939928 ], [ -7.138872920922913, 41.378888856685968 ], [ -7.138865681208528, 41.379145131539119 ], [ -7.138847267571271, 41.379200347115024 ], [ -7.138813728178785, 41.379244267188618 ], [ -7.138756823966425, 41.37929950759186 ], [ -7.138704672777302, 41.379340928489661 ], [ -7.138358282297383, 41.379589956246768 ], [ -7.138290192227046, 41.379649874460569 ], [ -7.138079265746642, 41.379857662455834 ], [ -7.13776405998908, 41.380052217256008 ], [ -7.137702377894478, 41.380075899565099 ], [ -7.137391874096424, 41.380181265704259 ], [ -7.137088392032934, 41.380273186885574 ], [ -7.136764900029749, 41.380367994411323 ], [ -7.136458867988877, 41.38044665436248 ], [ -7.135927978393348, 41.380571805819564 ], [ -7.13562038259871, 41.380659184628833 ], [ -7.13546773461878, 41.380721162888065 ], [ -7.135353214267443, 41.380932571045243 ], [ -7.135342977543646, 41.38096120010119 ], [ -7.13527574125826, 41.381207412037426 ], [ -7.135199719609448, 41.381441934548505 ], [ -7.135127745971745, 41.381677659909343 ], [ -7.135024496131427, 41.38191032632637 ], [ -7.134967710673362, 41.38217679373799 ], [ -7.134888806959317, 41.382497994577896 ], [ -7.13481621542544, 41.3825784040421 ], [ -7.13471117538223, 41.382661586918637 ], [ -7.134677873748657, 41.382713342971549 ], [ -7.134667747182704, 41.38276583584453 ], [ -7.134745404609721, 41.383035000289681 ], [ -7.134852080911708, 41.383267502412586 ], [ -7.134910791393887, 41.383580260201427 ], [ -7.134928019633953, 41.383822431591192 ], [ -7.134901212737478, 41.384113922254869 ], [ -7.134762567731106, 41.384503574153072 ], [ -7.134712755388446, 41.384657375321567 ], [ -7.134684936757151, 41.384866741934175 ], [ -7.134638116381091, 41.385145726234001 ], [ -7.13456172066756, 41.385325857108946 ], [ -7.134511200675132, 41.385432384480481 ], [ -7.134464759086965, 41.385490510080324 ], [ -7.134333362072784, 41.385577429095008 ], [ -7.134124244482252, 41.385696267157137 ], [ -7.134002655249421, 41.385751216315086 ], [ -7.133840511788271, 41.385823821762379 ], [ -7.133737205335208, 41.385910711224184 ], [ -7.133585645863265, 41.386033473271866 ], [ -7.133496436829849, 41.386105361199355 ], [ -7.133295604151235, 41.386166645942772 ], [ -7.133085719423184, 41.386163654177246 ], [ -7.132979766496883, 41.386126450433686 ], [ -7.132795096679441, 41.3861316006994 ], [ -7.13255785205066, 41.386205263024905 ], [ -7.132106237829166, 41.386302637344869 ], [ -7.131906589268938, 41.386403818831617 ], [ -7.131704488988585, 41.386477511474503 ], [ -7.131448782948449, 41.386609177520448 ], [ -7.131346143299712, 41.386730378899401 ], [ -7.131161174239325, 41.386731383959869 ], [ -7.131102786002741, 41.386734478843259 ], [ -7.131051315581067, 41.386730700076768 ], [ -7.130686830086035, 41.386720509415227 ], [ -7.130299053509113, 41.386716503742562 ], [ -7.129942187009355, 41.386724388432057 ], [ -7.12957606016279, 41.386766759739196 ], [ -7.129248427859578, 41.386801094854441 ], [ -7.129137644763853, 41.386813634039875 ], [ -7.128978268118057, 41.386829986267493 ], [ -7.128949349785044, 41.386836758700113 ], [ -7.128655062689652, 41.386926749616016 ], [ -7.128536640108062, 41.386954170625593 ], [ -7.128452794234178, 41.386964427754094 ], [ -7.128281146976974, 41.386970222902136 ], [ -7.12822796071536, 41.38697678321784 ], [ -7.128125503023756, 41.386984352879878 ], [ -7.127809940273973, 41.387027159291911 ], [ -7.127701430714936, 41.38703945044216 ], [ -7.127613747509278, 41.387050751188397 ], [ -7.127233263655151, 41.387085429029689 ], [ -7.126987797653651, 41.387164321130491 ], [ -7.126610521949644, 41.387278438025177 ], [ -7.126528394023268, 41.387324541400851 ], [ -7.126304538632697, 41.387475108960402 ], [ -7.126245716072093, 41.387529697797945 ], [ -7.126082129870949, 41.387749493475987 ], [ -7.125921389156987, 41.387946984272048 ], [ -7.125845507290857, 41.387999174405856 ], [ -7.12580068124964, 41.388021649955704 ], [ -7.125744491925531, 41.388052675099139 ], [ -7.125596282245453, 41.388119714824256 ], [ -7.1255373414691, 41.388135501068575 ], [ -7.125454497337089, 41.388158182885178 ], [ -7.125403447489251, 41.388173494333842 ], [ -7.125365326285387, 41.388172260974095 ], [ -7.125291631055616, 41.38815226082307 ], [ -7.125216657330978, 41.388168440396264 ], [ -7.125085143095587, 41.388277047011094 ], [ -7.124949678071287, 41.38828513590601 ], [ -7.124718269121471, 41.388204061471775 ], [ -7.124404602539712, 41.388161883302345 ], [ -7.124056616403107, 41.388128495394227 ], [ -7.123783744478977, 41.388084418723167 ], [ -7.123481260489793, 41.388100406453418 ], [ -7.123117642560842, 41.388110998296455 ], [ -7.122734352254912, 41.388156890503495 ], [ -7.122465738067542, 41.388224320235359 ], [ -7.12218757123563, 41.388260144738375 ], [ -7.121948770581834, 41.388263364048875 ], [ -7.121607236828605, 41.388245153702172 ], [ -7.121362873219819, 41.38829055003557 ], [ -7.121156248709379, 41.38841622923205 ], [ -7.120991344212467, 41.388573155541891 ], [ -7.120834566434048, 41.388729703814931 ], [ -7.120417528485866, 41.389124999850573 ], [ -7.119754079605189, 41.38952713454367 ], [ -7.119447185231652, 41.389734491833778 ], [ -7.119053367278252, 41.39007290121279 ], [ -7.118646968893777, 41.390474497111512 ], [ -7.11832718506262, 41.390733961801438 ], [ -7.117997385401043, 41.391021698421319 ], [ -7.117818525966316, 41.39127556557316 ], [ -7.116892932294367, 41.389240215099704 ], [ -7.116426043966645, 41.387887336147557 ], [ -7.115777252716025, 41.385978401571343 ], [ -7.114908166950427, 41.383708357164231 ], [ -7.114180033795699, 41.382078551020214 ], [ -7.112996211597397, 41.379507593807297 ], [ -7.111936775841239, 41.377382149970238 ], [ -7.111339376891923, 41.375832984236496 ], [ -7.110974817219973, 41.374821686481596 ], [ -7.110845267469639, 41.374582842605705 ], [ -7.110577684850941, 41.374327192651869 ], [ -7.110355822140366, 41.374060152490429 ], [ -7.110253705697769, 41.373955704851348 ], [ -7.109904189499599, 41.373657999019343 ], [ -7.109791022811965, 41.373564439220573 ], [ -7.109704400660103, 41.373462648164612 ], [ -7.109617850061793, 41.373310254151868 ], [ -7.109570726920118, 41.373052416263405 ], [ -7.109150186186396, 41.372527546237002 ], [ -7.108546748022524, 41.371370693576225 ], [ -7.106786504950859, 41.369029817940252 ], [ -7.106233488669615, 41.368259570360067 ], [ -7.105779209373997, 41.367816592911218 ], [ -7.104842301729338, 41.366971520657934 ], [ -7.104222349028981, 41.36628053215621 ], [ -7.102138499243399, 41.364175292991241 ], [ -7.101959016589374, 41.363809667038844 ] ] ] } },
{ "type": "Feature", "properties": { "dtmnfr": "041020", "freguesia": "União das freguesias de Assares e Lodões", "municipio": "Vila Flor", "distrito_i": "Bragança", "nuts3_cod": "11E", "nuts3": "Terras de Trás-os-Montes", "nuts2": "Norte", "nuts1": "Continente", "area_ha": 1426.48, "perimetro_": 17, "designacao": "Assares e Lodões" }, "geometry": { "type": "Polygon", "coordinates": [ [ [ -7.058953392200598, 41.31781758799886 ], [ -7.05914365283757, 41.317663771985771 ], [ -7.059353765402279, 41.317311521322104 ], [ -7.059766232010657, 41.316671853062736 ], [ -7.059873998253359, 41.316493858017665 ], [ -7.060126059789313, 41.316139203091126 ], [ -7.060200346537416, 41.31602959831924 ], [ -7.060412062609578, 41.315746323482692 ], [ -7.060487530610048, 41.315578744182226 ], [ -7.060511254854604, 41.315457141131311 ], [ -7.060552890037842, 41.315189934865849 ], [ -7.060623644035959, 41.314996742150406 ], [ -7.060695179991791, 41.314887105997066 ], [ -7.060826057706644, 41.314778027170732 ], [ -7.061007870770946, 41.314687427834038 ], [ -7.061329632271873, 41.314590024362154 ], [ -7.061596494956322, 41.3145635137274 ], [ -7.061769171773057, 41.314549631708694 ], [ -7.061943036369021, 41.314550436002563 ], [ -7.062129182057392, 41.314559727073274 ], [ -7.062321148508703, 41.314527206388249 ], [ -7.062503551355864, 41.314487753430313 ], [ -7.062613540739342, 41.314421873628795 ], [ -7.062696354709673, 41.314308653092205 ], [ -7.062705109934156, 41.314211403747308 ], [ -7.062776934886165, 41.314083761984463 ], [ -7.062886687780308, 41.314010232670469 ], [ -7.063043840547205, 41.313915436349305 ], [ -7.063197948484987, 41.313824310324634 ], [ -7.063322356478366, 41.313745779172166 ], [ -7.063486511468404, 41.313609453624522 ], [ -7.063597907188656, 41.313508382332117 ], [ -7.06372254965142, 41.313393300524609 ], [ -7.063846521941478, 41.31329720436328 ], [ -7.063993286729194, 41.313202044602512 ], [ -7.064119103252871, 41.313146663983986 ], [ -7.064279198534778, 41.313105654008446 ], [ -7.064427407276783, 41.313075782965264 ], [ -7.064596128546337, 41.313077074819134 ], [ -7.064750569404076, 41.313082469324911 ], [ -7.064960722903037, 41.313076491874135 ], [ -7.065132454808752, 41.313076099232603 ], [ -7.06532783494818, 41.313082768723959 ], [ -7.065508326114695, 41.313065265558919 ], [ -7.065656568923186, 41.313018554075853 ], [ -7.065825290734265, 41.312946376473619 ], [ -7.065973583648276, 41.312866981637434 ], [ -7.066138459754175, 41.312781893179761 ], [ -7.066288672316212, 41.312680004973792 ], [ -7.066400971160456, 41.312589025522335 ], [ -7.066589800231366, 41.312403940923232 ], [ -7.066719415855503, 41.312283315864263 ], [ -7.067042986585597, 41.312007729551993 ], [ -7.067185458916066, 41.311897039137094 ], [ -7.067293209173663, 41.311806556006893 ], [ -7.067460597416835, 41.311654497747419 ], [ -7.067600408818798, 41.311501641011674 ], [ -7.067753089332865, 41.311358089043566 ], [ -7.067883593285869, 41.311248727594389 ], [ -7.068091886902102, 41.31108525179885 ], [ -7.06823735561921, 41.310973506406157 ], [ -7.068390969634728, 41.310845810953083 ], [ -7.068504625558856, 41.310737102383726 ], [ -7.068647041327169, 41.310607322132903 ], [ -7.068745610888985, 41.310493970920476 ], [ -7.068836821716508, 41.310392440387474 ], [ -7.068944887623409, 41.310282326388275 ], [ -7.069012154295617, 41.310206325614388 ], [ -7.069219227129701, 41.310007089876123 ], [ -7.069300502967117, 41.309892230427494 ], [ -7.069404786045364, 41.309588139589813 ], [ -7.069470984099898, 41.309416326653306 ], [ -7.069505586600292, 41.309285188772044 ], [ -7.069548519453157, 41.309119285274228 ], [ -7.069644023560568, 41.30898123590832 ], [ -7.069709604170312, 41.308876586568012 ], [ -7.069799868464809, 41.308737317240428 ], [ -7.069857287153719, 41.308650060069823 ], [ -7.06993980871658, 41.308487307930427 ], [ -7.07001296448886, 41.308394526252982 ], [ -7.070110919041453, 41.308266854553196 ], [ -7.070200753852, 41.308161346639409 ], [ -7.070315480470319, 41.308074612136011 ], [ -7.070421895242553, 41.307984747535002 ], [ -7.07051901796437, 41.3078865962515 ], [ -7.070614299351625, 41.307761509674243 ], [ -7.070665635443054, 41.307651686953683 ], [ -7.070720064846959, 41.307520192336526 ], [ -7.07075555692257, 41.307400678236711 ], [ -7.070805434535298, 41.30728489397351 ], [ -7.07088253389062, 41.307132541952335 ], [ -7.070929551213141, 41.307045817599061 ], [ -7.071019710654089, 41.306934908739905 ], [ -7.071117970684321, 41.306840103385738 ], [ -7.071246454706387, 41.306714421306616 ], [ -7.071337657763883, 41.30661279859013 ], [ -7.071418153530366, 41.306478841080981 ], [ -7.071486006936134, 41.306395912061902 ], [ -7.071559728927748, 41.3062603576954 ], [ -7.071592361098791, 41.306162426418524 ], [ -7.071579092818634, 41.306059931796142 ], [ -7.071513211141569, 41.305976581436006 ], [ -7.071470183171041, 41.305942687159821 ], [ -7.071400044375134, 41.305893961790773 ], [ -7.071310672507257, 41.305764292585629 ], [ -7.071246020272945, 41.305679242660403 ], [ -7.071157115487953, 41.305572630466784 ], [ -7.071058364838827, 41.305469616274358 ], [ -7.07102196262413, 41.304790030108713 ], [ -7.071331891277624, 41.304822417123177 ], [ -7.071965011233608, 41.304990040655561 ], [ -7.072329379840738, 41.305074425896294 ], [ -7.072834390733925, 41.305182613719516 ], [ -7.073234605688063, 41.305258325044448 ], [ -7.073599272181143, 41.305324430081235 ], [ -7.073991353210236, 41.305394123093187 ], [ -7.074702539341105, 41.305534358454771 ], [ -7.075110928372776, 41.305592126011938 ], [ -7.075634386928408, 41.30565995332784 ], [ -7.076137449731672, 41.305748391010113 ], [ -7.077066921853032, 41.305888362411181 ], [ -7.077427568915783, 41.305945685513429 ], [ -7.077891265696652, 41.306024838752684 ], [ -7.078286002695734, 41.306100392267439 ], [ -7.078627350716338, 41.306124674808451 ], [ -7.079154998154816, 41.306192252581027 ], [ -7.07965131973886, 41.306217858312088 ], [ -7.080212140729691, 41.30630932702644 ], [ -7.080533244653473, 41.306360426998566 ], [ -7.081044608323257, 41.306445854213287 ], [ -7.081722354568286, 41.306551076242229 ], [ -7.082197853580682, 41.306639235670886 ], [ -7.082583278061497, 41.306693079935293 ], [ -7.082962075996671, 41.306757936417817 ], [ -7.083148278787434, 41.30680743805253 ], [ -7.083714870091537, 41.306911640632002 ], [ -7.084347507588036, 41.307015535542675 ], [ -7.084946679407676, 41.307069152063619 ], [ -7.085671290016236, 41.307141553918235 ], [ -7.086071702628366, 41.307184357996974 ], [ -7.08641268076918, 41.3072323818445 ], [ -7.08700367213364, 41.307312655025456 ], [ -7.087465952219377, 41.307361866406161 ], [ -7.087870550819925, 41.307404340299804 ], [ -7.088417800881432, 41.307457377198851 ], [ -7.088835026536123, 41.307479162267597 ], [ -7.089223413999874, 41.307527426038632 ], [ -7.089618129359091, 41.307560802899353 ], [ -7.089808652017661, 41.307571618613188 ], [ -7.090002620618751, 41.307621184963935 ], [ -7.091094615785537, 41.307651854586233 ], [ -7.092006222009322, 41.307679803654253 ], [ -7.092775234476899, 41.307701600013125 ], [ -7.093025220151167, 41.307727803480702 ], [ -7.093406083815524, 41.307761308702275 ], [ -7.094409413900441, 41.307743335797845 ], [ -7.094906065276241, 41.307741688590312 ], [ -7.095363006862563, 41.307751918502156 ], [ -7.095995115909624, 41.307724563267321 ], [ -7.096595036903037, 41.307709066443529 ], [ -7.097022093613152, 41.307676078048104 ], [ -7.097543112450325, 41.307620789711372 ], [ -7.098172277745486, 41.307545673227686 ], [ -7.09893221880125, 41.307468663450564 ], [ -7.099656646600478, 41.307364587121015 ], [ -7.099752432311152, 41.307347976728046 ], [ -7.099652810093459, 41.307532291990228 ], [ -7.099520246454296, 41.307821481226966 ], [ -7.099298844505517, 41.308094925817159 ], [ -7.099166397673169, 41.308376547831685 ], [ -7.098893347673028, 41.308798002940485 ], [ -7.098349329542083, 41.309500197939116 ], [ -7.097978076362225, 41.309901232873536 ], [ -7.097576309729442, 41.310366367639858 ], [ -7.096964779896386, 41.310971157688037 ], [ -7.096393589262936, 41.311539211452946 ], [ -7.095812250937014, 41.312121666312642 ], [ -7.09536442042346, 41.312545051606811 ], [ -7.094932419771889, 41.313054652980242 ], [ -7.094488493088812, 41.31368317728392 ], [ -7.094203106795127, 41.314238850158979 ], [ -7.093999603017937, 41.314646333520997 ], [ -7.094513349740364, 41.314798079804895 ], [ -7.095054594348702, 41.315120880321508 ], [ -7.095454449136973, 41.315489131456523 ], [ -7.095685391642802, 41.315679479566761 ], [ -7.096307047112409, 41.315849663504892 ], [ -7.09718173904812, 41.315810520950158 ], [ -7.098425084069467, 41.316127543099896 ], [ -7.099370577822921, 41.316536150179509 ], [ -7.09958700799812, 41.316655680927909 ], [ -7.100006244464262, 41.316788912562373 ], [ -7.100163975905891, 41.316684530969717 ], [ -7.100387061284429, 41.316404077204211 ], [ -7.10067044015626, 41.31625381802376 ], [ -7.101093198261634, 41.31616333005239 ], [ -7.101427036460268, 41.316274364057413 ], [ -7.10196581818029, 41.316726585021051 ], [ -7.102565202432984, 41.317320523500435 ], [ -7.102932511146746, 41.317794793868615 ], [ -7.103179796796868, 41.31795006959009 ], [ -7.104191996569064, 41.318076694604557 ], [ -7.104502729947165, 41.318161939223572 ], [ -7.10499957669566, 41.318343023350231 ], [ -7.105339758701141, 41.318546123922658 ], [ -7.105854049748301, 41.318597703289555 ], [ -7.106239524046573, 41.318859994918057 ], [ -7.106370833075365, 41.319100578638221 ], [ -7.10637928254071, 41.319567502350942 ], [ -7.106417199943733, 41.320120407361742 ], [ -7.106584426004387, 41.320431989456672 ], [ -7.106917705702139, 41.320741084840627 ], [ -7.107249229691893, 41.321162174471233 ], [ -7.10750309551329, 41.321898245791324 ], [ -7.107860217547811, 41.322692230387183 ], [ -7.108360594586853, 41.323154519129652 ], [ -7.10902303932283, 41.32373323089837 ], [ -7.109158578941161, 41.324040834653253 ], [ -7.109273980293825, 41.324322147664361 ], [ -7.109462875997321, 41.324555404731953 ], [ -7.109802791106689, 41.324778111931352 ], [ -7.110424511861982, 41.32548034495413 ], [ -7.110509825984048, 41.325685039525411 ], [ -7.110512698504335, 41.32583813200263 ], [ -7.110543595346224, 41.326537101294278 ], [ -7.11051758348136, 41.32720162453144 ], [ -7.110551868562201, 41.327323751510804 ], [ -7.110667671772836, 41.327579944688679 ], [ -7.110901758885034, 41.327911564487032 ], [ -7.110982642548781, 41.328063366186164 ], [ -7.110974137021666, 41.328608833651614 ], [ -7.111116772865072, 41.329151766207545 ], [ -7.111101436922259, 41.329660076727308 ], [ -7.113911937983365, 41.334432402413711 ], [ -7.112713293170254, 41.334838680843518 ], [ -7.109986206608705, 41.336510935317378 ], [ -7.106997997466038, 41.33569285747118 ], [ -7.103699167240401, 41.335550373207752 ], [ -7.100743042016594, 41.336798173174223 ], [ -7.098996137076568, 41.337804460934137 ], [ -7.093767234599373, 41.33821404166946 ], [ -7.092631904370098, 41.338856310684193 ], [ -7.091937055709663, 41.339023900971092 ], [ -7.091762814561096, 41.339087608225029 ], [ -7.091038931065002, 41.339254931240596 ], [ -7.09068283617491, 41.339860553399717 ], [ -7.089507933194771, 41.341176282557448 ], [ -7.088541443150041, 41.342080873954735 ], [ -7.08795429635504, 41.342706003719094 ], [ -7.086783086689817, 41.343416858207711 ], [ -7.086044195800079, 41.343345686963879 ], [ -7.085719406692877, 41.343438719325349 ], [ -7.085540962808546, 41.343577465953722 ], [ -7.085440178418745, 41.343761127576151 ], [ -7.085349305626379, 41.343929935568433 ], [ -7.084963849482405, 41.344155491977041 ], [ -7.084305057142286, 41.344304546056023 ], [ -7.082943114491066, 41.344365895613954 ], [ -7.081715448143817, 41.344286727303491 ], [ -7.08130402880075, 41.344282975889676 ], [ -7.080482737972752, 41.344209124968806 ], [ -7.080042889976341, 41.344160633349702 ], [ -7.079349774353084, 41.344006639252839 ], [ -7.078569337341339, 41.343829780398671 ], [ -7.077899221598014, 41.343665005372984 ], [ -7.076875098937329, 41.343419280509835 ], [ -7.076171846847134, 41.343316855736383 ], [ -7.075127308992259, 41.34310046332314 ], [ -7.074511987501715, 41.34300621545264 ], [ -7.073984345136379, 41.342920338139528 ], [ -7.073179920856129, 41.342883413609762 ], [ -7.071790408630931, 41.34284110617363 ], [ -7.070900107278659, 41.34278842721907 ], [ -7.069598511410126, 41.342747170374885 ], [ -7.06867678816809, 41.342805023612122 ], [ -7.067429315239311, 41.342741730378933 ], [ -7.066559920734559, 41.342630421409062 ], [ -7.066052489434805, 41.342514888561162 ], [ -7.06512566140676, 41.342299493205992 ], [ -7.064530434963297, 41.34216855614843 ], [ -7.064148411921599, 41.342172576948322 ], [ -7.063266477047122, 41.342201227254698 ], [ -7.062591921949754, 41.34214319634976 ], [ -7.061669410513557, 41.342037565423993 ], [ -7.061219798705284, 41.341974325587778 ], [ -7.060859785542078, 41.341845463797092 ], [ -7.060451043302317, 41.341679323462749 ], [ -7.060020894855912, 41.341638497281821 ], [ -7.05923800008876, 41.341616533406814 ], [ -7.058777143775268, 41.341641770232926 ], [ -7.058364536373729, 41.341718873459868 ], [ -7.057802029447607, 41.341844453532566 ], [ -7.057812954333515, 41.341790624085668 ], [ -7.057814579925966, 41.341691593733024 ], [ -7.057865168538317, 41.341520906871224 ], [ -7.058062791872756, 41.341126668201809 ], [ -7.058349899625984, 41.340674114699524 ], [ -7.058350908789576, 41.340656117231688 ], [ -7.058363415981434, 41.340622197506917 ], [ -7.058837326990668, 41.339749642760452 ], [ -7.058891754352578, 41.339643456424 ], [ -7.058960976460593, 41.339516337227224 ], [ -7.05903096502273, 41.339393814425904 ], [ -7.059090076736318, 41.339271375550496 ], [ -7.05915647307004, 41.339141975277897 ], [ -7.059234679914542, 41.338991619648802 ], [ -7.059299924101276, 41.338881122126026 ], [ -7.059359063551327, 41.338764353113646 ], [ -7.059392174162938, 41.338654003209271 ], [ -7.059424385790884, 41.338532480970137 ], [ -7.059466255271829, 41.338390792745813 ], [ -7.059489386213451, 41.338276748141858 ], [ -7.059499419564559, 41.338101989594634 ], [ -7.059483034043509, 41.337891595647093 ], [ -7.059417132416883, 41.337582871825042 ], [ -7.059420291195731, 41.337485033387033 ], [ -7.059416174456222, 41.337371634955879 ], [ -7.05941319607202, 41.33723286064123 ], [ -7.059413192294632, 41.337006950898683 ], [ -7.058985199001487, 41.333922040617708 ], [ -7.058931493430109, 41.33382420982354 ], [ -7.058867912157552, 41.333716651739941 ], [ -7.058779466684404, 41.333603012575836 ], [ -7.058681346363583, 41.333467581801727 ], [ -7.058608597694025, 41.333278090662844 ], [ -7.058587279399434, 41.333121228127816 ], [ -7.058591420548344, 41.332963159066963 ], [ -7.058499596996628, 41.332778808357041 ], [ -7.058506161978968, 41.332604464848337 ], [ -7.058511709624235, 41.332469995549864 ], [ -7.058519787460504, 41.332341767972743 ], [ -7.058555458834793, 41.332191554777012 ], [ -7.058616814686737, 41.332070308342814 ], [ -7.058704891448717, 41.331871332971275 ], [ -7.058761789363879, 41.331679451477171 ], [ -7.058885576637764, 41.331291460667288 ], [ -7.058982983594273, 41.331018288971372 ], [ -7.059036794554488, 41.330898320651997 ], [ -7.059096249492051, 41.330783804621063 ], [ -7.059129110215847, 41.330418467815399 ], [ -7.05935130700715, 41.32977613017291 ], [ -7.059417099690294, 41.329537062517907 ], [ -7.059433136646271, 41.329403595850863 ], [ -7.059436983950565, 41.329285679569267 ], [ -7.059425009730337, 41.329105221258189 ], [ -7.059420112981185, 41.328966518893942 ], [ -7.059430159117831, 41.328812916693522 ], [ -7.05944946216098, 41.328633289492714 ], [ -7.059476443908104, 41.328488398089767 ], [ -7.059499681708576, 41.328345635391926 ], [ -7.059388307691024, 41.328013706075282 ], [ -7.059339208873477, 41.327867840153573 ], [ -7.059332844127929, 41.32770958196096 ], [ -7.059347702867919, 41.327466347426764 ], [ -7.059380458470495, 41.327311336360374 ], [ -7.05949517725035, 41.327118821458477 ], [ -7.059661522194602, 41.326968294228372 ], [ -7.059812890764619, 41.326842482401851 ], [ -7.059976246503122, 41.326691835889463 ], [ -7.060096370618822, 41.326533406473779 ], [ -7.060178790803755, 41.326314658434953 ], [ -7.060232836564071, 41.326157862903081 ], [ -7.06029841959689, 41.325960119715191 ], [ -7.060341430344183, 41.325842657525435 ], [ -7.060318245441223, 41.325799676396151 ], [ -7.060173629938024, 41.325695869088726 ], [ -7.060018074500937, 41.325618157401365 ], [ -7.059653007204332, 41.325548403066016 ], [ -7.059459505523019, 41.325512025738014 ], [ -7.059276024884268, 41.32548411433072 ], [ -7.059023315281254, 41.325438451819757 ], [ -7.058810423612692, 41.325375697337108 ], [ -7.058629687752197, 41.325318819700364 ], [ -7.058407311940798, 41.325265875738104 ], [ -7.058149850490183, 41.325189733689641 ], [ -7.057644144567285, 41.324956231299943 ], [ -7.057471538530232, 41.3248770089549 ], [ -7.057283064947239, 41.324760180819212 ], [ -7.056920593384012, 41.324379990518516 ], [ -7.056588529019987, 41.324170433167993 ], [ -7.056463784284838, 41.323948315459525 ], [ -7.056325862747536, 41.323728146131195 ], [ -7.056164509389404, 41.3235387263626 ], [ -7.055983120434397, 41.323354709389299 ], [ -7.055792822505605, 41.32317510619341 ], [ -7.055637691843136, 41.323028423415664 ], [ -7.055621238902591, 41.32300494922508 ], [ -7.055594719998928, 41.322961664003287 ], [ -7.055543580472552, 41.322897259161842 ], [ -7.055536065159805, 41.322874945508126 ], [ -7.055538343001776, 41.322852462431626 ], [ -7.055485037773894, 41.322774889758854 ], [ -7.05556068276371, 41.322736247272964 ], [ -7.055831731623829, 41.322624523089445 ], [ -7.055951832718035, 41.322503823221254 ], [ -7.055966484565758, 41.322273818271526 ], [ -7.055952821000432, 41.322124050586979 ], [ -7.056006017399679, 41.321845154890127 ], [ -7.056134342714019, 41.321551208034116 ], [ -7.056335234337168, 41.321114421889646 ], [ -7.056402042682794, 41.320981067603945 ], [ -7.056573849961022, 41.320671768307406 ], [ -7.05672741464273, 41.320484392267609 ], [ -7.056863727309274, 41.320387252312308 ], [ -7.057285944959327, 41.320225968698708 ], [ -7.057416323423637, 41.320148400271599 ], [ -7.057548343948833, 41.319970729670338 ], [ -7.057610023171051, 41.319829492397211 ], [ -7.057715516626076, 41.319448621559744 ], [ -7.05777364156131, 41.319181569692013 ], [ -7.057885341769909, 41.318946623898093 ], [ -7.058094952408305, 41.31861795674439 ], [ -7.058347285559674, 41.318313364878236 ], [ -7.058772938462734, 41.317963388994364 ], [ -7.058953392200598, 41.31781758799886 ] ] ] } },
{ "type": "Feature", "properties": { "dtmnfr": "041021", "freguesia": "União das freguesias de Candoso e Carvalho de Egas", "municipio": "Vila Flor", "distrito_i": "Bragança", "nuts3_cod": "11E", "nuts3": "Terras de Trás-os-Montes", "nuts2": "Norte", "nuts1": "Continente", "area_ha": 1003.54, "perimetro_": 16, "designacao": "Candoso e Carvalho de Egas" }, "geometry": { "type": "Polygon", "coordinates": [ [ [ -7.180876013665069, 41.285715623677348 ], [ -7.181841426429619, 41.28451415525484 ], [ -7.183196505159873, 41.282408849328625 ], [ -7.183559042026368, 41.282133347507575 ], [ -7.184264408770452, 41.281442946796382 ], [ -7.184882256552452, 41.28079275760534 ], [ -7.185907032394276, 41.279048350915723 ], [ -7.186815110095615, 41.277440852270338 ], [ -7.186853132848912, 41.277373540885939 ], [ -7.186854064579367, 41.277372579710089 ], [ -7.187175728588291, 41.277040875415182 ], [ -7.187362113059124, 41.276758335646882 ], [ -7.187724202659817, 41.27651389409251 ], [ -7.188289304015632, 41.275924792610105 ], [ -7.188381701084333, 41.275828469332573 ], [ -7.188577953723859, 41.275485046629015 ], [ -7.188842666360299, 41.274955085614252 ], [ -7.191387439888704, 41.275340973096718 ], [ -7.191927194064126, 41.274631007278693 ], [ -7.192003445075537, 41.274514841893662 ], [ -7.192519933382998, 41.274560971498396 ], [ -7.193376881715086, 41.274643136760815 ], [ -7.193785016629455, 41.274663299868514 ], [ -7.194326856620354, 41.274697335002806 ], [ -7.195053366190823, 41.274753843856075 ], [ -7.195767701009864, 41.274844376130424 ], [ -7.196722862223399, 41.274928033763565 ], [ -7.197761619918367, 41.275025146677592 ], [ -7.19817231444655, 41.274965984879664 ], [ -7.19831301273079, 41.275034118482758 ], [ -7.198379749309126, 41.275066170044404 ], [ -7.198449645191642, 41.275077724294704 ], [ -7.198519799108627, 41.275079641765537 ], [ -7.198678626724983, 41.27508155597679 ], [ -7.198765163749308, 41.275080818627515 ], [ -7.198853358591571, 41.275072797787857 ], [ -7.198941593339224, 41.27505352214591 ], [ -7.199020718529104, 41.27502859451328 ], [ -7.199103076947829, 41.275003328394668 ], [ -7.199184011694848, 41.274976704562015 ], [ -7.199265290852507, 41.274951787031732 ], [ -7.199350739610909, 41.274926819526947 ], [ -7.199437201818982, 41.274897983935759 ], [ -7.199521205287797, 41.274865799543178 ], [ -7.199604897121461, 41.274830100082966 ], [ -7.199691951533622, 41.274793440982684 ], [ -7.199880228821234, 41.274721758226526 ], [ -7.199959761104732, 41.274693501747585 ], [ -7.200034623967558, 41.274674655313667 ], [ -7.200110111875153, 41.274662032992488 ], [ -7.200190518197701, 41.274647735209314 ], [ -7.200271333997226, 41.274629571648546 ], [ -7.200354351313833, 41.274608003430124 ], [ -7.200440125130942, 41.274585376998466 ], [ -7.200522613318261, 41.274559301446907 ], [ -7.200593414722084, 41.274531959741658 ], [ -7.200657933261566, 41.2745103332947 ], [ -7.200716980342267, 41.274495862133136 ], [ -7.200799863420754, 41.274491757657344 ], [ -7.200862509132687, 41.274492535107854 ], [ -7.200931115219397, 41.274493900131127 ], [ -7.20100863010375, 41.274498756984563 ], [ -7.201092057208239, 41.274507084090786 ], [ -7.201179980727593, 41.274518148751255 ], [ -7.201274871002684, 41.274534401144585 ], [ -7.201376029824412, 41.274554668677901 ], [ -7.2014763943275, 41.274572047498253 ], [ -7.201569561373532, 41.27458351175666 ], [ -7.201654453976293, 41.27458951016213 ], [ -7.201736190792906, 41.274591070088938 ], [ -7.201820435455844, 41.274592022663512 ], [ -7.201901620989087, 41.274598529339343 ], [ -7.201971855256553, 41.27461962307806 ], [ -7.202041372251927, 41.274649536741045 ], [ -7.202111101181477, 41.274681254686506 ], [ -7.202174131523232, 41.274705711579941 ], [ -7.202253259655798, 41.27472238044713 ], [ -7.202318893831158, 41.274723181270268 ], [ -7.202387643507246, 41.274714457550616 ], [ -7.202432729139306, 41.274665841830021 ], [ -7.20247257896421, 41.274616372499587 ], [ -7.202513216972435, 41.274570059142548 ], [ -7.202553082119606, 41.27451941848026 ], [ -7.202594897721859, 41.274465729491389 ], [ -7.20263927409977, 41.274408372225736 ], [ -7.202683808188593, 41.274348224061228 ], [ -7.202728356559421, 41.274286728087944 ], [ -7.202778786455881, 41.27422329693632 ], [ -7.202834117781771, 41.274159542506894 ], [ -7.20289130284067, 41.27409895894835 ], [ -7.202945515152199, 41.27403834953995 ], [ -7.20299230576968, 41.273979030748606 ], [ -7.20303487771741, 41.273922288128041 ], [ -7.203084436630472, 41.273869475479714 ], [ -7.203192063080333, 41.273753559688942 ], [ -7.203242470787099, 41.273691210433917 ], [ -7.203292196366424, 41.273627049433877 ], [ -7.203342003091265, 41.273565237323183 ], [ -7.203385667222547, 41.273507602983457 ], [ -7.203428623181779, 41.273449152542824 ], [ -7.203477643271641, 41.273392461825196 ], [ -7.203533197479969, 41.273337715599361 ], [ -7.203586631606467, 41.273281059576085 ], [ -7.203633994986455, 41.2732231830852 ], [ -7.2036798709405, 41.273169531871716 ], [ -7.203734620945997, 41.273120719926027 ], [ -7.203799526702567, 41.273071452394987 ], [ -7.203869921823187, 41.273022223734174 ], [ -7.203943366809724, 41.272976990432817 ], [ -7.204012182901224, 41.272938103598385 ], [ -7.204083434768055, 41.272904101268466 ], [ -7.204152099689412, 41.272876202574892 ], [ -7.204221038542595, 41.272853980403916 ], [ -7.20429219756776, 41.272835101300814 ], [ -7.204366655840511, 41.272819132768497 ], [ -7.204448092182259, 41.272807722505533 ], [ -7.204529538582877, 41.272795684683537 ], [ -7.204614741595032, 41.272787635283983 ], [ -7.20468936614543, 41.272785444083432 ], [ -7.204750828451051, 41.272785399505231 ], [ -7.204774340840328, 41.272785589113042 ], [ -7.204848122177816, 41.272792033999579 ], [ -7.204921853262211, 41.272802532958394 ], [ -7.204996249662975, 41.272816365131611 ], [ -7.20507096211879, 41.272832995562879 ], [ -7.205139305188076, 41.272852900699817 ], [ -7.205198630526597, 41.272877598900031 ], [ -7.205260525496048, 41.272905919401424 ], [ -7.205328740575507, 41.272935463132654 ], [ -7.205403300412415, 41.27296280423927 ], [ -7.205436672650637, 41.272974595653714 ], [ -7.205482738880264, 41.272991352434886 ], [ -7.205560960607554, 41.273022054445875 ], [ -7.205599163567129, 41.273037847418756 ], [ -7.205637416151834, 41.273050220139346 ], [ -7.205719032967063, 41.273077079454076 ], [ -7.205772494068576, 41.273094348595038 ], [ -7.205802566260135, 41.27310278092051 ], [ -7.20596102199201, 41.273139259437045 ], [ -7.206026095543825, 41.273154100849091 ], [ -7.206099788160636, 41.273158925291114 ], [ -7.206257538796581, 41.273160730320448 ], [ -7.206337718215706, 41.273153812428532 ], [ -7.206414813042337, 41.273137233513623 ], [ -7.206492724594018, 41.273113366938084 ], [ -7.206572540397241, 41.273081685711936 ], [ -7.206648818807615, 41.273046278897993 ], [ -7.206726166774802, 41.273011696407096 ], [ -7.206807599728839, 41.272975525103483 ], [ -7.206890856450261, 41.272936214295626 ], [ -7.206979177888658, 41.272893885495591 ], [ -7.207075586292244, 41.272853240608356 ], [ -7.207164140215444, 41.272810912634959 ], [ -7.207238954089764, 41.272769642813351 ], [ -7.20729653665106, 41.272731569468363 ], [ -7.207350680965095, 41.272700491606471 ], [ -7.207542953661184, 41.272606861195264 ], [ -7.207636286610153, 41.272547731897639 ], [ -7.207743131351542, 41.272486104461869 ], [ -7.208060964598132, 41.272324057540629 ], [ -7.208356548408026, 41.272148597748888 ], [ -7.208467073231774, 41.272088438043326 ], [ -7.208576023404887, 41.272030242874898 ], [ -7.208699129831504, 41.27197486789585 ], [ -7.208817618788536, 41.271925483025313 ], [ -7.208920609843563, 41.271874535668125 ], [ -7.20903473138808, 41.271821694870148 ], [ -7.209164589028904, 41.27176196069378 ], [ -7.209271911091799, 41.271716989555756 ], [ -7.209411642672371, 41.271667774538358 ], [ -7.209537459609465, 41.271631594540629 ], [ -7.209680741832794, 41.271601229758389 ], [ -7.209797791316072, 41.271577673965702 ], [ -7.209935050673892, 41.271551577104596 ], [ -7.210051701388265, 41.271530815415439 ], [ -7.210346878502283, 41.271494368932963 ], [ -7.210485138349936, 41.271472964244452 ], [ -7.21063035241545, 41.271457828814064 ], [ -7.210750570172915, 41.271446633895735 ], [ -7.21087797944147, 41.271433332788263 ], [ -7.211036006152989, 41.271415149867842 ], [ -7.211181465140608, 41.271408205792902 ], [ -7.211483643690259, 41.271408371632219 ], [ -7.211607407267412, 41.271408187353316 ], [ -7.211734217879532, 41.271411811733458 ], [ -7.211856322587131, 41.271419180919288 ], [ -7.212011771934912, 41.271431676264889 ], [ -7.21213101773227, 41.27143883770173 ], [ -7.212260650318354, 41.271445819180741 ], [ -7.212393606191688, 41.271462094968577 ], [ -7.212532815218084, 41.271475270988056 ], [ -7.212664093273617, 41.271484151520994 ], [ -7.212919943416182, 41.27150285168306 ], [ -7.213052629791197, 41.271513181878369 ], [ -7.213190056887671, 41.271525532496909 ], [ -7.213330790997819, 41.271540696129122 ], [ -7.213459208443501, 41.27155775019375 ], [ -7.213579872226449, 41.271574198337909 ], [ -7.213826045597791, 41.271593895178015 ], [ -7.213982177768928, 41.271608647932439 ], [ -7.214255663333618, 41.271629643299399 ], [ -7.214386408318232, 41.271641939155899 ], [ -7.214521890840042, 41.271657423186092 ], [ -7.214661575480129, 41.271670871449665 ], [ -7.214788237254649, 41.271676649551544 ], [ -7.214935101055487, 41.27168853492153 ], [ -7.215062502556671, 41.271692969813806 ], [ -7.215198280425674, 41.271695397719597 ], [ -7.215354023168113, 41.271695559836431 ], [ -7.215481639859028, 41.271693153797116 ], [ -7.215593557941292, 41.271686476130476 ], [ -7.215715216934455, 41.271683212884135 ], [ -7.215842831371779, 41.271680539005743 ], [ -7.215969623071678, 41.271677043564061 ], [ -7.216089460792793, 41.271667641752757 ], [ -7.216212103833151, 41.271653667389316 ], [ -7.216337951191277, 41.271640891641574 ], [ -7.216461182126915, 41.271627285458102 ], [ -7.216618339725168, 41.271611607286303 ], [ -7.216743114133889, 41.271598822553187 ], [ -7.216864608955617, 41.271581508653121 ], [ -7.217020431352717, 41.271558796139431 ], [ -7.217333962898128, 41.271541023444158 ], [ -7.217492736402701, 41.271546243645787 ], [ -7.217632956348968, 41.271572658406001 ], [ -7.217759660156047, 41.271609949577552 ], [ -7.21788328425593, 41.271653701748917 ], [ -7.218008527284447, 41.271710156075891 ], [ -7.218126540100216, 41.271780061589418 ], [ -7.218246514201014, 41.271837559668988 ], [ -7.218373807823331, 41.27188412813161 ], [ -7.21849406632705, 41.271929830195624 ], [ -7.21860594501003, 41.271977719281921 ], [ -7.218715427643525, 41.272017122712093 ], [ -7.218833206821029, 41.272052631043586 ], [ -7.218946044528842, 41.272091522457465 ], [ -7.21906453758198, 41.272127036221264 ], [ -7.219191137928698, 41.27213731102173 ], [ -7.219310369518891, 41.272145641742135 ], [ -7.219452117617699, 41.272148112922679 ], [ -7.219573734650066, 41.272147993985797 ], [ -7.219710144054748, 41.272148263310307 ], [ -7.220009217823188, 41.27214838123998 ], [ -7.220128557508104, 41.272148963077882 ], [ -7.220250888092384, 41.272148854486851 ], [ -7.220393259474695, 41.272149080237028 ], [ -7.2205513801011, 41.2721500582388 ], [ -7.220693808928911, 41.272155415485486 ], [ -7.220837730200409, 41.272156015833431 ], [ -7.221262119151445, 41.272156305928732 ], [ -7.221547830070044, 41.272156314015334 ], [ -7.221679116804651, 41.272156179380559 ], [ -7.221809678939569, 41.272156399922842 ], [ -7.221940226431514, 41.272157158643857 ], [ -7.222085589691349, 41.27215713946093 ], [ -7.222222871316321, 41.27216326444789 ], [ -7.222343958578556, 41.272166830956749 ], [ -7.222797112054219, 41.272166985495161 ], [ -7.222953189523325, 41.272177761167065 ], [ -7.223103817985782, 41.272185162952766 ], [ -7.223256695472228, 41.272185824770034 ], [ -7.223408061357979, 41.272191521214587 ], [ -7.223563931064303, 41.272191310364839 ], [ -7.223686971691856, 41.272191471152425 ], [ -7.223813833098562, 41.272192198629391 ], [ -7.224087604842473, 41.27219237262824 ], [ -7.224241920828928, 41.272192149492156 ], [ -7.22439564003418, 41.272192187958609 ], [ -7.224836379300591, 41.272192599339064 ], [ -7.224963177959546, 41.272188555603705 ], [ -7.22510938303467, 41.272187995397587 ], [ -7.225248964061476, 41.272183236398028 ], [ -7.225371204854803, 41.272163942108712 ], [ -7.225509050905652, 41.27214674711184 ], [ -7.225637409319645, 41.272116245694626 ], [ -7.226128302462984, 41.272001882833827 ], [ -7.226523553979103, 41.271899732376291 ], [ -7.226643267156871, 41.271873116335136 ], [ -7.227157809824232, 41.271748314094204 ], [ -7.22728568436853, 41.271718429205862 ], [ -7.227663669943214, 41.271630549963028 ], [ -7.227789826279853, 41.271595163023306 ], [ -7.227922290753202, 41.271561355335351 ], [ -7.228474636003829, 41.271429547529316 ], [ -7.22859882620234, 41.271398375258414 ], [ -7.228719712184008, 41.271364481078983 ], [ -7.228836548313122, 41.271329920174367 ], [ -7.22895234619842, 41.271293097279482 ], [ -7.229061006630326, 41.271253974404907 ], [ -7.229179317762131, 41.271198716290115 ], [ -7.229265628456009, 41.271119167767495 ], [ -7.229342855907616, 41.27101424465247 ], [ -7.229390255598943, 41.270925746652949 ], [ -7.229488095923114, 41.270753997716909 ], [ -7.229612172951374, 41.270461796547096 ], [ -7.229653189865903, 41.270360192442716 ], [ -7.229699811093267, 41.270250531344502 ], [ -7.229750659014263, 41.270154135765061 ], [ -7.229798262227391, 41.270059963916843 ], [ -7.229841993383357, 41.269969460536167 ], [ -7.229896118228932, 41.269860754128636 ], [ -7.22997392874432, 41.269756378081496 ], [ -7.230044453062218, 41.269678683296178 ], [ -7.230132215643155, 41.26961436415656 ], [ -7.230231895966579, 41.269551572765351 ], [ -7.230336054579959, 41.26948404695132 ], [ -7.230446466932284, 41.269430350799674 ], [ -7.23056312047673, 41.269382820834089 ], [ -7.230680357154443, 41.269344930571684 ], [ -7.230800361356103, 41.26932245883382 ], [ -7.230953909409433, 41.269308263460559 ], [ -7.231073216947142, 41.269310815481688 ], [ -7.231227847635961, 41.269321659529972 ], [ -7.231369531640491, 41.269345814418649 ], [ -7.231491905461057, 41.269368380851816 ], [ -7.231612011256066, 41.269399754279981 ], [ -7.231724197170154, 41.26943385233055 ], [ -7.231842624054899, 41.269465659874811 ], [ -7.231960839382279, 41.269495850311792 ], [ -7.232095800939884, 41.269522563765065 ], [ -7.232231592397958, 41.269524162209599 ], [ -7.232368166425828, 41.269494527008682 ], [ -7.232475290249803, 41.269454393014406 ], [ -7.23258857172244, 41.269408545384756 ], [ -7.232691854427586, 41.269352808607884 ], [ -7.232794593961801, 41.269292293533319 ], [ -7.23288833708428, 41.269226933160517 ], [ -7.233078894972405, 41.269089668629917 ], [ -7.2331771398526, 41.269026596931091 ], [ -7.23328286303421, 41.268958180258863 ], [ -7.233390049051518, 41.26888698636099 ], [ -7.233506558494942, 41.268814692888689 ], [ -7.233622230394993, 41.268734017168953 ], [ -7.233741728768825, 41.268661202963074 ], [ -7.233861713862788, 41.268587861193438 ], [ -7.233976903835456, 41.268507717990239 ], [ -7.234092482174956, 41.268433258369676 ], [ -7.234325142664152, 41.268297759375557 ], [ -7.234448717193753, 41.268232001224348 ], [ -7.234703425953425, 41.268098112416411 ], [ -7.234834523125659, 41.268032683574965 ], [ -7.234976059580983, 41.26796265661045 ], [ -7.235262092652633, 41.267824150530444 ], [ -7.235386066180423, 41.267755963376111 ], [ -7.235523196262892, 41.267685268385875 ], [ -7.235643139443691, 41.267614710270664 ], [ -7.235739992475889, 41.267539469111448 ], [ -7.235842502884496, 41.267460670334472 ], [ -7.235946434790497, 41.267383234953776 ], [ -7.2360479188024, 41.267301006444868 ], [ -7.236152078201783, 41.267215196160564 ], [ -7.236256087204003, 41.267131548286763 ], [ -7.236353440835098, 41.267045956719905 ], [ -7.236446464158618, 41.266954208572827 ], [ -7.236535362701336, 41.266858377293232 ], [ -7.236632955596501, 41.266763961556201 ], [ -7.236739801330927, 41.266664939262597 ], [ -7.236848463732788, 41.266572411241334 ], [ -7.236962352728002, 41.266481543632899 ], [ -7.237070807752397, 41.266378301637829 ], [ -7.237175397358291, 41.266278360963007 ], [ -7.237278110829753, 41.266184346479108 ], [ -7.237380776017752, 41.266093930453728 ], [ -7.237482026025746, 41.266002697460522 ], [ -7.237585273641807, 41.265913457209692 ], [ -7.237694985336838, 41.265822646407464 ], [ -7.23780676460843, 41.265719968901422 ], [ -7.237917390661709, 41.265623676109961 ], [ -7.238018518975614, 41.265540633594568 ], [ -7.238125801048853, 41.265462139965166 ], [ -7.238226971848552, 41.265375947968138 ], [ -7.238327373289973, 41.265285602623784 ], [ -7.238429034185234, 41.265189869034593 ], [ -7.238632820135786, 41.265008307868463 ], [ -7.238729436945688, 41.264923517987846 ], [ -7.238817852112263, 41.264836687919527 ], [ -7.238906259784459, 41.264750389864119 ], [ -7.239005197965077, 41.26466202154927 ], [ -7.23922687102845, 41.264463309497231 ], [ -7.239339873558062, 41.26437585325305 ], [ -7.239449089508132, 41.264295125962512 ], [ -7.239511654849917, 41.264248606727861 ], [ -7.239475581523275, 41.26435637654231 ], [ -7.239627316159743, 41.264246529482342 ], [ -7.240117149557611, 41.263958234155183 ], [ -7.24037178890682, 41.264073293943298 ], [ -7.241015656014913, 41.26438440652305 ], [ -7.241555159690532, 41.264612235390842 ], [ -7.242171640014256, 41.264787443375262 ], [ -7.243041920894097, 41.264964692491738 ], [ -7.243854685231738, 41.265141496177314 ], [ -7.244564347594855, 41.265248524493082 ], [ -7.245316201735055, 41.265279612879546 ], [ -7.245753372311235, 41.265293415447879 ], [ -7.24591981869496, 41.265312707314401 ], [ -7.246110928346276, 41.265326241772485 ], [ -7.246456758500048, 41.265343576104954 ], [ -7.246628245937027, 41.26543150783683 ], [ -7.246849521507628, 41.265491194142584 ], [ -7.246798669497286, 41.265563376421262 ], [ -7.246742846097336, 41.265641190267971 ], [ -7.24668740736871, 41.265716757829743 ], [ -7.246631690803435, 41.265786653357075 ], [ -7.246534247470601, 41.265906648552999 ], [ -7.246493531320985, 41.265961439037262 ], [ -7.246458608321707, 41.266011504664377 ], [ -7.246427736339253, 41.26606168611945 ], [ -7.246399387065102, 41.266110720968264 ], [ -7.24637483770094, 41.266161409413435 ], [ -7.246353596575753, 41.266214458091817 ], [ -7.246337314631024, 41.26626268456495 ], [ -7.246316880461998, 41.266344462452899 ], [ -7.246329630511454, 41.266416595071 ], [ -7.246379807045401, 41.266491801826881 ], [ -7.246443618261709, 41.266564864354933 ], [ -7.246476304389411, 41.266601130594012 ], [ -7.246511568125428, 41.266641109245775 ], [ -7.246547627033497, 41.266683885273444 ], [ -7.246585268771964, 41.26673342653482 ], [ -7.246621179207842, 41.266787186367374 ], [ -7.246650564656606, 41.266846746793895 ], [ -7.246668721259717, 41.266907665005803 ], [ -7.246673125314505, 41.266970182694401 ], [ -7.24666599971566, 41.267029735703957 ], [ -7.246649221023262, 41.267088132093676 ], [ -7.246622643034984, 41.267147267892042 ], [ -7.246591615800138, 41.267209512744351 ], [ -7.246558723193522, 41.267268056954492 ], [ -7.246528466748218, 41.267325539166215 ], [ -7.24649904175144, 41.26738357161868 ], [ -7.246469083331482, 41.267446097489689 ], [ -7.246441264234426, 41.267517646604141 ], [ -7.246419048411632, 41.267590048334078 ], [ -7.246401242744485, 41.267662755049443 ], [ -7.246387617208273, 41.267734951912772 ], [ -7.246372819023965, 41.267805790030614 ], [ -7.246355853475337, 41.26787796116183 ], [ -7.246339282502363, 41.2679470748444 ], [ -7.246322274349554, 41.268013569472878 ], [ -7.246304690077874, 41.26807871715279 ], [ -7.246288438082441, 41.268141977033501 ], [ -7.246275674326078, 41.268203739392774 ], [ -7.246267126070203, 41.268262470137799 ], [ -7.246254768738133, 41.268373211476522 ], [ -7.246252252581346, 41.268427128288629 ], [ -7.246249264044421, 41.268480588556308 ], [ -7.246243645419927, 41.268534300485207 ], [ -7.246233997663203, 41.268585998677366 ], [ -7.246219089779121, 41.268638195689064 ], [ -7.246202350462094, 41.268693532715417 ], [ -7.246183300004405, 41.268752182539593 ], [ -7.246163029459258, 41.26881280115461 ], [ -7.246140240760269, 41.268874215232614 ], [ -7.246112279542598, 41.268930004226689 ], [ -7.246080167319446, 41.268984050455991 ], [ -7.24604482229282, 41.269038434629891 ], [ -7.246007560596676, 41.269093523448333 ], [ -7.24596752876679, 41.269150387219511 ], [ -7.245923865644729, 41.269211369366609 ], [ -7.245831858614385, 41.26934320291128 ], [ -7.245778261636925, 41.269414819680179 ], [ -7.245667894074076, 41.269554612531074 ], [ -7.245614292998521, 41.26962650561363 ], [ -7.245565950819412, 41.269698163689391 ], [ -7.245523883172306, 41.269772757725413 ], [ -7.245488953142818, 41.269849830673472 ], [ -7.245463282056981, 41.269930396547409 ], [ -7.24544660584972, 41.270007344604075 ], [ -7.24543252079232, 41.270078459091209 ], [ -7.24542087373184, 41.270145267720068 ], [ -7.245411411017327, 41.270209933113989 ], [ -7.245404249839151, 41.270271557571128 ], [ -7.245389591467823, 41.270385073193381 ], [ -7.245373595153787, 41.270491015976653 ], [ -7.245366206359365, 41.270543360880431 ], [ -7.245360605102356, 41.270595634028986 ], [ -7.24535549944096, 41.270646737768359 ], [ -7.245351109679342, 41.270698205389621 ], [ -7.245347774538352, 41.270750581549819 ], [ -7.24534253243471, 41.270802857465185 ], [ -7.245335498030253, 41.270855114155871 ], [ -7.245322857255163, 41.270907690475035 ], [ -7.245307564493421, 41.270961509611375 ], [ -7.245271408835748, 41.271076388309403 ], [ -7.245248505309589, 41.27113725835256 ], [ -7.245220873541749, 41.271194674879659 ], [ -7.245190777184989, 41.27124936576763 ], [ -7.24515727621005, 41.2712999794567 ], [ -7.245091340953768, 41.271401125891806 ], [ -7.245062291712204, 41.271448987132096 ], [ -7.245034059558923, 41.27149802159493 ], [ -7.245009137016433, 41.271549330798244 ], [ -7.244984497869474, 41.271606408386603 ], [ -7.244932105516338, 41.271730351252017 ], [ -7.244900287740159, 41.271797365249022 ], [ -7.244863085277924, 41.271865238996661 ], [ -7.244823041921538, 41.271931555617371 ], [ -7.24478231404926, 41.271995714068893 ], [ -7.24474234234466, 41.272057261758597 ], [ -7.244663167541388, 41.272175146069586 ], [ -7.24462286939267, 41.272234170957951 ], [ -7.244579799701825, 41.272294885212652 ], [ -7.244535435551175, 41.272354239749539 ], [ -7.244489202240677, 41.27241069763901 ], [ -7.244440367859606, 41.272465249979049 ], [ -7.244390382847515, 41.27251663748995 ], [ -7.244339338436067, 41.272566845370704 ], [ -7.244290919376655, 41.272616805176725 ], [ -7.244192981073136, 41.272719596631184 ], [ -7.244143670173584, 41.27277387323911 ], [ -7.244098618598789, 41.272831149557014 ], [ -7.244059373956996, 41.272891626627001 ], [ -7.244022345619122, 41.272955264118579 ], [ -7.2439829908552, 41.273023845769522 ], [ -7.243939974635353, 41.273089419680701 ], [ -7.243853605056134, 41.273209949956289 ], [ -7.243810693762097, 41.273267334530097 ], [ -7.243764075572604, 41.273325499015201 ], [ -7.243712586286274, 41.273382460721791 ], [ -7.243656194621816, 41.273439468265337 ], [ -7.243533024117846, 41.273563498358598 ], [ -7.243469123162618, 41.273628820659603 ], [ -7.243404915361933, 41.273690186868357 ], [ -7.243343417271897, 41.273745444917786 ], [ -7.24328220290829, 41.273797555505332 ], [ -7.243220066739227, 41.273847229637738 ], [ -7.243153767245118, 41.273895608280739 ], [ -7.243088171317702, 41.27394525379357 ], [ -7.243022181857118, 41.273997328223061 ], [ -7.242953544870148, 41.274050825493561 ], [ -7.242881645280156, 41.274107357073127 ], [ -7.24280773641545, 41.274162518856869 ], [ -7.242736435611068, 41.274219145915922 ], [ -7.242670027712042, 41.274275447011959 ], [ -7.242611539853126, 41.274329022576467 ], [ -7.242560072250854, 41.274383729304112 ], [ -7.242517202973288, 41.274438320644748 ], [ -7.242482083271683, 41.274493424828052 ], [ -7.242451951251307, 41.274550543980276 ], [ -7.24242464906597, 41.27460994053596 ], [ -7.242399488826177, 41.274669714720062 ], [ -7.242376324179594, 41.274732291996237 ], [ -7.242358244520919, 41.274798244617521 ], [ -7.24234802665113, 41.274865153071218 ], [ -7.24234675681337, 41.274932130760781 ], [ -7.242348515541575, 41.274996254185773 ], [ -7.24234572366916, 41.275060970882315 ], [ -7.242337504344663, 41.275121686496078 ], [ -7.242312624029752, 41.275248898735107 ], [ -7.242303114545953, 41.275316717569012 ], [ -7.242297715914717, 41.275389249422844 ], [ -7.242287563250644, 41.275530440966691 ], [ -7.242280561739642, 41.275659234889403 ], [ -7.242276370582871, 41.275721958955039 ], [ -7.242272902665308, 41.275784422096336 ], [ -7.242268002926042, 41.275846239370608 ], [ -7.242262235985633, 41.275910389187921 ], [ -7.24225274711605, 41.275976680180285 ], [ -7.242239582067385, 41.276041044666627 ], [ -7.242221170925264, 41.276104740969181 ], [ -7.242200654394026, 41.276165361395023 ], [ -7.242181118161168, 41.276224545152104 ], [ -7.242162775469764, 41.276283199699712 ], [ -7.242143730087751, 41.276341039340338 ], [ -7.242122887338696, 41.276399131586217 ], [ -7.242103717665189, 41.276457241279111 ], [ -7.242086901768947, 41.276517885820901 ], [ -7.242070035551897, 41.276582227936927 ], [ -7.242049356442399, 41.276646443292798 ], [ -7.242025002347263, 41.276708201803217 ], [ -7.241995074394561, 41.276767848929374 ], [ -7.241961936573882, 41.276826117889144 ], [ -7.241928667104032, 41.276885286225315 ], [ -7.241897673485249, 41.276944381229086 ], [ -7.24186620616941, 41.277002935014181 ], [ -7.241832185019516, 41.277064352116902 ], [ -7.241796728983935, 41.27712683408398 ], [ -7.241761097367119, 41.277192917203287 ], [ -7.241726287400163, 41.27726045092367 ], [ -7.241695867636063, 41.277329186454189 ], [ -7.241670735344909, 41.277396251248973 ], [ -7.241652281631273, 41.277463005792221 ], [ -7.241639108269715, 41.277527913972193 ], [ -7.241630370187515, 41.277591417648573 ], [ -7.241623920546125, 41.277653313813182 ], [ -7.241616810052141, 41.277710882911727 ], [ -7.241607796048431, 41.277768170747983 ], [ -7.241598419084654, 41.277826079753197 ], [ -7.241586838840901, 41.277887579619396 ], [ -7.24157371676089, 41.277948795620446 ], [ -7.24155451552996, 41.278009153272805 ], [ -7.24153138087023, 41.278068938413135 ], [ -7.241510780273456, 41.278127309728923 ], [ -7.241494028291434, 41.278183184310706 ], [ -7.241476108616738, 41.278237067152098 ], [ -7.241457833309603, 41.278290680715521 ], [ -7.241437043017596, 41.278345352580587 ], [ -7.241414892247785, 41.278402900603417 ], [ -7.241392803080176, 41.278465214945129 ], [ -7.241351224474127, 41.27859149258596 ], [ -7.241310791021062, 41.278712460384611 ], [ -7.241292462774399, 41.278769942549168 ], [ -7.241262986461947, 41.278883705528493 ], [ -7.24124834678799, 41.278942117566302 ], [ -7.241234889460179, 41.279001353628807 ], [ -7.241224768803854, 41.279061509642936 ], [ -7.241213812998639, 41.279120760580405 ], [ -7.241201552738757, 41.279179824029661 ], [ -7.241185858234891, 41.279237327478228 ], [ -7.241167555478422, 41.279292918062865 ], [ -7.241149655986592, 41.279345363050844 ], [ -7.241132116922289, 41.279397633448411 ], [ -7.241115028330581, 41.279451794582968 ], [ -7.241084800552234, 41.279559337981716 ], [ -7.241070331400774, 41.279614056947551 ], [ -7.24105470297607, 41.279666252995916 ], [ -7.241036831566894, 41.279716533605729 ], [ -7.241016327027854, 41.279767253013759 ], [ -7.240993301381352, 41.279819475465416 ], [ -7.24096823712877, 41.27987186489532 ], [ -7.240941531236491, 41.279922529925848 ], [ -7.240915414838187, 41.279973290459353 ], [ -7.24086362110133, 41.2800781464096 ], [ -7.240840892008257, 41.280134518392728 ], [ -7.240819906456103, 41.280194591945197 ], [ -7.240804481218637, 41.280258309313545 ], [ -7.240795019917264, 41.280321802786332 ], [ -7.240790867440649, 41.28038146746691 ], [ -7.240791283267734, 41.280438829205188 ], [ -7.240788994749241, 41.280492832178211 ], [ -7.240782670274443, 41.280545456859869 ], [ -7.240772289021739, 41.280598231075778 ], [ -7.240760787247429, 41.280653874299325 ], [ -7.240744956836602, 41.280712010503379 ], [ -7.24072667797658, 41.280775162790093 ], [ -7.240704446001551, 41.280838562653145 ], [ -7.240679342209024, 41.280902744309486 ], [ -7.240653546706627, 41.280965301668509 ], [ -7.240626665571074, 41.281019928839783 ], [ -7.240600295032067, 41.281071769607351 ], [ -7.240571949297787, 41.281120259052997 ], [ -7.240542405201507, 41.281168654561476 ], [ -7.240514364859507, 41.28122056699884 ], [ -7.240489743814583, 41.281275751002276 ], [ -7.240469258322069, 41.281333851065469 ], [ -7.240430928343974, 41.281466634610062 ], [ -7.24040719604657, 41.281535419800555 ], [ -7.240386510108713, 41.281599370024082 ], [ -7.240368276193034, 41.281658654451455 ], [ -7.240352115295425, 41.28171507095481 ], [ -7.240334997208604, 41.281771214412402 ], [ -7.240297568174436, 41.28189022779182 ], [ -7.240279539675796, 41.281951943988048 ], [ -7.24026339848053, 41.282015748451457 ], [ -7.24025055145458, 41.282082549798353 ], [ -7.240240326448554, 41.282149730741686 ], [ -7.240233147696912, 41.282212702507422 ], [ -7.240223065723565, 41.282321839825308 ], [ -7.240217136627637, 41.28237185635048 ], [ -7.240209063068396, 41.282421044976516 ], [ -7.240199478216188, 41.282467702546057 ], [ -7.240188354160266, 41.282513175848095 ], [ -7.24017580865828, 41.282558370702475 ], [ -7.240137414355624, 41.282642800977527 ], [ -7.240069210594944, 41.282716557091867 ], [ -7.239982615992448, 41.282773239267456 ], [ -7.239899345381239, 41.282813655243473 ], [ -7.239822032388875, 41.282846007443133 ], [ -7.239739824312617, 41.282878869948242 ], [ -7.239658710524462, 41.282918486720284 ], [ -7.239579871508817, 41.282958121991939 ], [ -7.239519581685085, 41.283002676046273 ], [ -7.239492154050462, 41.283070804759106 ], [ -7.239491755076417, 41.28316138148287 ], [ -7.23950475611997, 41.283214693627492 ], [ -7.239527136915538, 41.283271952122114 ], [ -7.239558794267149, 41.283331623671323 ], [ -7.239596469907397, 41.28338728920307 ], [ -7.239634535475191, 41.283440801279212 ], [ -7.239670006009231, 41.283492304207662 ], [ -7.239700526670812, 41.283547377531171 ], [ -7.23972411854685, 41.283603292976231 ], [ -7.239737465565533, 41.283657689162304 ], [ -7.23974233229638, 41.283712291456482 ], [ -7.239741567188898, 41.283768561712705 ], [ -7.239734424821526, 41.283828203113899 ], [ -7.239725676590641, 41.283892245834956 ], [ -7.239714698990373, 41.283962206720282 ], [ -7.239702184416273, 41.284031079691701 ], [ -7.239689311665821, 41.284100130862342 ], [ -7.239676799512213, 41.284168647287807 ], [ -7.239665785101152, 41.284240861592018 ], [ -7.239653931232391, 41.284313970683833 ], [ -7.239637290761262, 41.284387858388577 ], [ -7.239615722550081, 41.284463594189653 ], [ -7.23959534149259, 41.284540330545646 ], [ -7.239558535111506, 41.28469284260359 ], [ -7.239540034085452, 41.284762746863706 ], [ -7.239517853603332, 41.2848314583347 ], [ -7.239492691788588, 41.284899690151796 ], [ -7.239464918796274, 41.284966733867087 ], [ -7.239436807162553, 41.285032608921966 ], [ -7.239408650068231, 41.285101898850378 ], [ -7.239381217702897, 41.285170298495139 ], [ -7.239355231079495, 41.285237894491253 ], [ -7.239333057816081, 41.285305525490948 ], [ -7.239314639689538, 41.285369848743152 ], [ -7.239300032492451, 41.285434474404326 ], [ -7.239272059652268, 41.28556904774517 ], [ -7.239254295105963, 41.285637251399926 ], [ -7.23923103981018, 41.285706039996562 ], [ -7.23920288218457, 41.285775330761766 ], [ -7.239172472802478, 41.285842897766514 ], [ -7.23914580996404, 41.285907700803349 ], [ -7.239119290017149, 41.28597025213125 ], [ -7.239093403530401, 41.286030468221085 ], [ -7.23906951543911, 41.286092771655397 ], [ -7.239048131395366, 41.286155361952389 ], [ -7.239029697950373, 41.286220768215877 ], [ -7.2390138512187, 41.286288713897939 ], [ -7.238998283987277, 41.286362065974345 ], [ -7.238966117779963, 41.286506690273612 ], [ -7.238951352501322, 41.28657410590187 ], [ -7.23893586732986, 41.286641874296357 ], [ -7.238919663561032, 41.286709550667105 ], [ -7.238900451120903, 41.286779181851259 ], [ -7.238878944907867, 41.286850777902757 ], [ -7.238857721955979, 41.286927415711929 ], [ -7.238839575056454, 41.287006600345201 ], [ -7.238822390497194, 41.287084981186482 ], [ -7.23880642870379, 41.287161932677776 ], [ -7.238791756694076, 41.287231236248985 ], [ -7.238777024266172, 41.287296132770258 ], [ -7.238760861998775, 41.28736074535761 ], [ -7.238699725012392, 41.287572402853378 ], [ -7.238678976386928, 41.287649589049053 ], [ -7.238660027961257, 41.287726245383695 ], [ -7.238642924116236, 41.287798685948957 ], [ -7.238627507428747, 41.28786978451263 ], [ -7.238610204078998, 41.287957437647499 ], [ -7.238645942120357, 41.288015428544604 ], [ -7.238671409995002, 41.288064878534136 ], [ -7.23868673576321, 41.288122892692293 ], [ -7.238689171685327, 41.288189360533103 ], [ -7.238684016411525, 41.288260816154114 ], [ -7.238676429416635, 41.288327116074825 ], [ -7.238665967681708, 41.288385560142764 ], [ -7.238653672503862, 41.288438046396394 ], [ -7.238645465258242, 41.288488136023446 ], [ -7.238645631627945, 41.288537660432773 ], [ -7.238628211504511, 41.288633413586666 ], [ -7.238626846101298, 41.28868067688321 ], [ -7.238619649035181, 41.288744815254155 ], [ -7.238609370612142, 41.288789218037948 ], [ -7.238602700000831, 41.288841205945545 ], [ -7.238601512982218, 41.288892974446398 ], [ -7.238599452210958, 41.28893905550909 ], [ -7.238591387404937, 41.28898797300841 ], [ -7.238587144817457, 41.289045297566098 ], [ -7.238584897087764, 41.289104976874057 ], [ -7.238574423349501, 41.289216631997022 ], [ -7.23857305171488, 41.28926443458154 ], [ -7.238567765596264, 41.289319496415374 ], [ -7.238566744466441, 41.289368468646089 ], [ -7.238566776872908, 41.289418531348829 ], [ -7.238567647201201, 41.289468689702638 ], [ -7.238570015219338, 41.289513729193906 ], [ -7.238591226272651, 41.289621579612913 ], [ -7.238596022302987, 41.289681313650931 ], [ -7.238595609181063, 41.289738125016612 ], [ -7.238596120153511, 41.289919377556423 ], [ -7.238591736955013, 41.289969948885052 ], [ -7.238582425670848, 41.29002218818232 ], [ -7.238563806000452, 41.290074716204231 ], [ -7.238530627350951, 41.290126503498719 ], [ -7.238486765814416, 41.290173976761771 ], [ -7.238445755612686, 41.290222366269383 ], [ -7.238420468415981, 41.290273671019719 ], [ -7.238390900121153, 41.290332147518697 ], [ -7.238094940676562, 41.291112659430354 ], [ -7.238080101900215, 41.291159451476162 ], [ -7.238046710345067, 41.291419499389022 ], [ -7.237990555919877, 41.291659109397351 ], [ -7.23789429514309, 41.291907052241299 ], [ -7.237772651599889, 41.292213141002428 ], [ -7.237746115469331, 41.29226776736224 ], [ -7.237899840292226, 41.292296782735406 ], [ -7.235407256951063, 41.293152424301226 ], [ -7.222953700644359, 41.294600389759935 ], [ -7.213034362021131, 41.294676137487677 ], [ -7.213072749107972, 41.294075434848303 ], [ -7.212705408924681, 41.29341917622186 ], [ -7.212702412925281, 41.292841192984149 ], [ -7.212279816514508, 41.292567160304962 ], [ -7.2118131922373, 41.291526631984823 ], [ -7.211446251461913, 41.290843368339914 ], [ -7.211276200291766, 41.290498777649233 ], [ -7.210988659314162, 41.289986045281061 ], [ -7.210801255051365, 41.289627725058175 ], [ -7.210640053280023, 41.289256732430573 ], [ -7.210332232056354, 41.288752389646618 ], [ -7.210012797223626, 41.288615050784848 ], [ -7.210033223329811, 41.28821516732593 ], [ -7.209741681970419, 41.287809909543427 ], [ -7.209441199766094, 41.287395573429635 ], [ -7.209371955508137, 41.287285803389857 ], [ -7.209112334260588, 41.287335497413999 ], [ -7.20890777635837, 41.287365908718868 ], [ -7.208652086208532, 41.287382229208575 ], [ -7.208301244686427, 41.28741624209173 ], [ -7.207978196067196, 41.287443458630229 ], [ -7.2076394832536, 41.287498186199187 ], [ -7.207285515156594, 41.287550453529704 ], [ -7.206846208152585, 41.28759392588502 ], [ -7.206663017283669, 41.287615504695495 ], [ -7.206218756515596, 41.287620942279652 ], [ -7.205986555148503, 41.287655992473837 ], [ -7.20569454201968, 41.287649142698022 ], [ -7.205356645218772, 41.287670918966676 ], [ -7.204559061560955, 41.287682782434466 ], [ -7.203925418604901, 41.287691456398989 ], [ -7.20267887762625, 41.287711127008791 ], [ -7.202591117582054, 41.287712667734723 ], [ -7.201632664656931, 41.287746262522624 ], [ -7.201152468091139, 41.287701056334313 ], [ -7.200677683658045, 41.287669669946993 ], [ -7.20017256376537, 41.287656580445784 ], [ -7.199430070109466, 41.287613660144871 ], [ -7.198869993666723, 41.287595350627868 ], [ -7.198401540982016, 41.287564005341714 ], [ -7.197692844578328, 41.28755375826151 ], [ -7.197065555089777, 41.28754390139315 ], [ -7.196389230965374, 41.287565964755395 ], [ -7.195841350742907, 41.287570788255266 ], [ -7.195232263797389, 41.287565839035054 ], [ -7.194855187540622, 41.287530718156866 ], [ -7.194610861083977, 41.2875031622156 ], [ -7.194345484200853, 41.287512258753971 ], [ -7.193794670556627, 41.287480762363565 ], [ -7.193308649460309, 41.287417379643649 ], [ -7.192830146616396, 41.287337845436603 ], [ -7.192037398803729, 41.287212622160581 ], [ -7.191151815849551, 41.287059351603702 ], [ -7.190837832880623, 41.286970440468245 ], [ -7.190380087757374, 41.286950313387706 ], [ -7.1899013133216, 41.286881752402508 ], [ -7.189351321194916, 41.286785237830024 ], [ -7.188712316609151, 41.286661243939079 ], [ -7.188370046210052, 41.286572094001016 ], [ -7.187977367540829, 41.286476861145857 ], [ -7.187556209175812, 41.286403358339619 ], [ -7.18717775539443, 41.286340559553295 ], [ -7.186698601178552, 41.286298905972991 ], [ -7.186376841781047, 41.286269252571103 ], [ -7.18595576851945, 41.286190165719063 ], [ -7.185044637099216, 41.286047622004681 ], [ -7.184459132005471, 41.28595637047944 ], [ -7.183973132869201, 41.285876742205026 ], [ -7.183623165106339, 41.285825149721425 ], [ -7.183280750868652, 41.285746700067492 ], [ -7.182858585258512, 41.285710812201522 ], [ -7.182251126928161, 41.285651780917242 ], [ -7.181437011361197, 41.285693782143525 ], [ -7.180876013665069, 41.285715623677348 ] ] ] } },
{ "type": "Feature", "properties": { "dtmnfr": "041022", "freguesia": "União das freguesias de Valtorno e Mourão", "municipio": "Vila Flor", "distrito_i": "Bragança", "nuts3_cod": "11E", "nuts3": "Terras de Trás-os-Montes", "nuts2": "Norte", "nuts1": "Continente", "area_ha": 1858.13, "perimetro_": 22, "designacao": "Valtorno e Mourão" }, "geometry": { "type": "Polygon", "coordinates": [ [ [ -7.192003445075537, 41.274514841893662 ], [ -7.192111533378727, 41.274350172592278 ], [ -7.192154499762846, 41.274126853396524 ], [ -7.192093798453707, 41.273879619347845 ], [ -7.191887869895039, 41.273510670695202 ], [ -7.191713551161019, 41.273297105478079 ], [ -7.191599704484097, 41.273225265762726 ], [ -7.191377812317033, 41.273146680487791 ], [ -7.19117307147183, 41.273055443973455 ], [ -7.191213086988542, 41.272965827253486 ], [ -7.191281378251477, 41.272808708005336 ], [ -7.191402850696383, 41.272589783276871 ], [ -7.191739062305734, 41.272169301378788 ], [ -7.192089859400949, 41.272336539225755 ], [ -7.192491737772832, 41.272518235201424 ], [ -7.192729570778846, 41.272628061141255 ], [ -7.192989181094076, 41.272752585263738 ], [ -7.193290241240542, 41.272937147638785 ], [ -7.193515339436965, 41.273056103440481 ], [ -7.193837550705621, 41.273119631722821 ], [ -7.194947245877765, 41.273302020118095 ], [ -7.195067592629623, 41.27276761738694 ], [ -7.195248672084141, 41.272239104496791 ], [ -7.195309569117291, 41.271954720555684 ], [ -7.195404012044678, 41.271724657533028 ], [ -7.195434673714979, 41.271566407174198 ], [ -7.195530368122272, 41.271233042638301 ], [ -7.195534408266799, 41.27095034201615 ], [ -7.195610981667753, 41.270769679841742 ], [ -7.195712726460406, 41.270607715099032 ], [ -7.195769654175918, 41.270400414617491 ], [ -7.195708399631705, 41.270115037520121 ], [ -7.195688598482314, 41.269914300188567 ], [ -7.19568867256123, 41.269710817281613 ], [ -7.195716774214786, 41.269533267363293 ], [ -7.195866902044509, 41.269367416773051 ], [ -7.196063618194736, 41.269120560250414 ], [ -7.196138401167581, 41.268877728993836 ], [ -7.196161417477893, 41.268659433814776 ], [ -7.196141806833665, 41.26844079259412 ], [ -7.196208148517364, 41.268171451246559 ], [ -7.196227337601749, 41.267813046066294 ], [ -7.196281383751757, 41.267599908753375 ], [ -7.196438900551429, 41.267288470540606 ], [ -7.196475702439511, 41.267092288814531 ], [ -7.196503316072452, 41.26674348105491 ], [ -7.196517148239121, 41.266568463744221 ], [ -7.196592302710553, 41.26626581212804 ], [ -7.196618180015581, 41.266040868020525 ], [ -7.196606056255822, 41.265897674175967 ], [ -7.196556767771071, 41.26564385123946 ], [ -7.196286763019433, 41.265590626569271 ], [ -7.196059065016555, 41.265537745630759 ], [ -7.195963264295179, 41.265457974997922 ], [ -7.195885391575817, 41.265384616164248 ], [ -7.195759435180219, 41.265361112044182 ], [ -7.195569896461147, 41.265371479212781 ], [ -7.195423081707403, 41.265337221484884 ], [ -7.195316787479644, 41.265290084698904 ], [ -7.195235338011141, 41.265221982573465 ], [ -7.195161213087859, 41.26513147223303 ], [ -7.195134341131162, 41.265049282127713 ], [ -7.195065279968997, 41.264972021037643 ], [ -7.194993336284734, 41.264956093689449 ], [ -7.194806816237897, 41.264877876140424 ], [ -7.194633213000102, 41.264753505222636 ], [ -7.194483399425092, 41.264561887586929 ], [ -7.194456622192244, 41.264473074702821 ], [ -7.194801388301146, 41.264460391915115 ], [ -7.195034208033127, 41.264435318489184 ], [ -7.195173508449883, 41.264382527251819 ], [ -7.195424651034698, 41.264327273030332 ], [ -7.195715898648841, 41.264279089762695 ], [ -7.195900643968696, 41.264176103552899 ], [ -7.195987158668926, 41.264065584240903 ], [ -7.196263930553065, 41.263777987968368 ], [ -7.196733762432117, 41.263431276753508 ], [ -7.196987014233143, 41.263227741122492 ], [ -7.197310926517344, 41.263071785932148 ], [ -7.197373037938122, 41.26301142331468 ], [ -7.197423688794658, 41.262776771275412 ], [ -7.197520714478945, 41.26254719260843 ], [ -7.197598040225452, 41.262388548070717 ], [ -7.197725258965894, 41.2620416889851 ], [ -7.197933163472036, 41.26170685281636 ], [ -7.198072676814173, 41.261473264390496 ], [ -7.198212846664942, 41.261195665630567 ], [ -7.19846759652033, 41.26089273928671 ], [ -7.198721444493327, 41.260632826478449 ], [ -7.198843796334269, 41.26043262802829 ], [ -7.198813448528933, 41.260417714118958 ], [ -7.198433603224695, 41.260156858799085 ], [ -7.198342586980718, 41.260105825799428 ], [ -7.198273163767957, 41.260101068902657 ], [ -7.19817812682648, 41.260140119452622 ], [ -7.198079542339044, 41.260231532188314 ], [ -7.197941613772699, 41.260354058457864 ], [ -7.197850082960485, 41.260441887043342 ], [ -7.197762666491816, 41.260529196131536 ], [ -7.19759474800549, 41.260611657825507 ], [ -7.197335365273901, 41.260674526747415 ], [ -7.197123575547479, 41.260712628263953 ], [ -7.196953303195707, 41.260763637578478 ], [ -7.196752114338399, 41.26083954805349 ], [ -7.196509018374121, 41.260927688728557 ], [ -7.196369393028278, 41.260974751502843 ], [ -7.19629448810383, 41.260963669371804 ], [ -7.196242371676902, 41.260917133642323 ], [ -7.196238316205362, 41.260819921539472 ], [ -7.196267179746527, 41.260744707736471 ], [ -7.196468459631021, 41.260664616459586 ], [ -7.196655707775788, 41.260590690129973 ], [ -7.196765464846349, 41.260497271547095 ], [ -7.196837428854781, 41.260321819180277 ], [ -7.197016378035311, 41.260052925389431 ], [ -7.197227156861675, 41.259889073114898 ], [ -7.197334959720276, 41.259738316378858 ], [ -7.197339910026174, 41.259585376570087 ], [ -7.197378097491581, 41.259441069888545 ], [ -7.197468611021806, 41.259330742126863 ], [ -7.1975088516053, 41.259238855770811 ], [ -7.197477578035737, 41.259065643324021 ], [ -7.197274402122153, 41.258709847425365 ], [ -7.197102842399925, 41.258621576056029 ], [ -7.196931949649436, 41.258486548110007 ], [ -7.196885411829119, 41.258332478272493 ], [ -7.196989946660569, 41.258149575914068 ], [ -7.197164189226211, 41.25804740973183 ], [ -7.197377913622005, 41.257975646795252 ], [ -7.197516635217788, 41.257879875084619 ], [ -7.19745212896009, 41.257742374595466 ], [ -7.197300633430386, 41.257490555420688 ], [ -7.196934447086237, 41.257380664850871 ], [ -7.196473703760261, 41.257376922741841 ], [ -7.196167232019217, 41.257427890678031 ], [ -7.195974927633062, 41.257553296419388 ], [ -7.195879318627332, 41.257732934524775 ], [ -7.195703469999425, 41.257945338747327 ], [ -7.195448318678395, 41.258127015130341 ], [ -7.195174739017615, 41.258286182796532 ], [ -7.194861482062755, 41.258504152585921 ], [ -7.194525560818802, 41.258755331034649 ], [ -7.194338391042412, 41.258830652900059 ], [ -7.19412997556712, 41.258842323388031 ], [ -7.193722268694069, 41.258828712044803 ], [ -7.193462117386286, 41.258840964923586 ], [ -7.193343169584584, 41.25880585509907 ], [ -7.193312378181497, 41.258789896149082 ], [ -7.19310882154203, 41.258684393073004 ], [ -7.192886933217325, 41.258416638753197 ], [ -7.193268691571722, 41.258055330522488 ], [ -7.194970883369894, 41.255265341661094 ], [ -7.1952710924604, 41.254788051276954 ], [ -7.193339281628771, 41.254320422715232 ], [ -7.191901268640856, 41.253999505337831 ], [ -7.18994249904248, 41.253451736867405 ], [ -7.187886648328612, 41.252804096849289 ], [ -7.183837587184058, 41.251385327136333 ], [ -7.178677332732451, 41.249459938661396 ], [ -7.175437807105083, 41.248693779367805 ], [ -7.175480425262646, 41.248683778268649 ], [ -7.175671474044573, 41.248598748851819 ], [ -7.175813112112476, 41.248523658475847 ], [ -7.176180412116017, 41.24831258949326 ], [ -7.17630425729926, 41.2482300609147 ], [ -7.176420722608037, 41.248146025723308 ], [ -7.176547045535945, 41.248073690278339 ], [ -7.176684619219086, 41.248023058849398 ], [ -7.176844065425914, 41.24797792043325 ], [ -7.176992323175711, 41.247931068146613 ], [ -7.177124802018167, 41.247878144659033 ], [ -7.177249465613381, 41.247812994321727 ], [ -7.177305590696803, 41.24777636256001 ], [ -7.177382848245632, 41.247689754363961 ], [ -7.177432581135483, 41.247575908101275 ], [ -7.177472187943352, 41.247444595385574 ], [ -7.177506167951086, 41.247232743960559 ], [ -7.177524790851622, 41.247059572650983 ], [ -7.177535216823763, 41.246932969045368 ], [ -7.177522644906984, 41.246796726574971 ], [ -7.177505739783045, 41.246728788222285 ], [ -7.177454190948319, 41.246606174051053 ], [ -7.177351633675507, 41.246455948598694 ], [ -7.177278568640784, 41.2463529701147 ], [ -7.177137950214665, 41.246202876882172 ], [ -7.177036265522339, 41.246090926642658 ], [ -7.176947584374712, 41.245987184378741 ], [ -7.176886006948735, 41.245890151896006 ], [ -7.176846521061363, 41.24578348661484 ], [ -7.176820373561364, 41.245661717005717 ], [ -7.17680675233453, 41.245417144780781 ], [ -7.176804460165904, 41.245320875679901 ], [ -7.176829102704132, 41.245184941299776 ], [ -7.176879259275914, 41.244918653280394 ], [ -7.176945636280593, 41.244866264128049 ], [ -7.177039579323043, 41.2448375081674 ], [ -7.177141792475988, 41.244831059087971 ], [ -7.177243215145753, 41.244837756523054 ], [ -7.177414088730091, 41.244875815352067 ], [ -7.177550021558717, 41.244913226477884 ], [ -7.177703051401125, 41.244947988053092 ], [ -7.177838452892467, 41.244972429446769 ], [ -7.177948752869264, 41.244975595580513 ], [ -7.177996659456739, 41.244963026224731 ], [ -7.178089125991339, 41.244912920176759 ], [ -7.178159839894722, 41.24484093198619 ], [ -7.178210316285834, 41.244749598103752 ], [ -7.178245748659009, 41.244650848822197 ], [ -7.17827162256298, 41.244536799749667 ], [ -7.17828840470811, 41.244408090450811 ], [ -7.178291347690428, 41.244279271780321 ], [ -7.178282893668269, 41.244121901173472 ], [ -7.178280029465602, 41.244031835649544 ], [ -7.17825764532558, 41.243930358533085 ], [ -7.17821763557812, 41.243834853507551 ], [ -7.178204685517267, 41.243757132669877 ], [ -7.178224385225489, 41.243731363381812 ], [ -7.178262321713535, 41.243714838563285 ], [ -7.178388526843452, 41.243698956569538 ], [ -7.178618831988919, 41.243694466877514 ], [ -7.178763502395274, 41.243696472903864 ], [ -7.178780666959451, 41.243697425547104 ], [ -7.178903539870169, 41.243705827305526 ], [ -7.178978674850735, 41.243715364928846 ], [ -7.179110762056428, 41.243754447720157 ], [ -7.179236546297884, 41.243825001452215 ], [ -7.179365618498315, 41.243924028897467 ], [ -7.179472003883729, 41.244016303408287 ], [ -7.179546724214958, 41.244103626239898 ], [ -7.179632266784139, 41.244251460574091 ], [ -7.17969056403054, 41.244368991975811 ], [ -7.179757168380767, 41.244481823567966 ], [ -7.179825089291094, 41.244577466414292 ], [ -7.179896947567102, 41.244665038139622 ], [ -7.179995942209056, 41.244748601644559 ], [ -7.18012544529703, 41.244818011953853 ], [ -7.180268656948505, 41.244863943962415 ], [ -7.180482516905834, 41.244923967394911 ], [ -7.180618103173307, 41.244960562567108 ], [ -7.180735652128908, 41.244974137098417 ], [ -7.180792173126155, 41.24495947865497 ], [ -7.180847844646755, 41.244928965965329 ], [ -7.18094286523841, 41.244850691449827 ], [ -7.181007813948321, 41.244765059451645 ], [ -7.181040082819254, 41.244678167633424 ], [ -7.181068052453296, 41.244526410826211 ], [ -7.181092710385078, 41.244413523381958 ], [ -7.181148429559557, 41.244223188380531 ], [ -7.181182726718102, 41.244120464288009 ], [ -7.18123075621535, 41.24402470132587 ], [ -7.181295489863347, 41.243928979191828 ], [ -7.181370224336351, 41.243842346479632 ], [ -7.181464808605065, 41.243769654043085 ], [ -7.181587188076668, 41.243712766515323 ], [ -7.181657536031563, 41.243690569336849 ], [ -7.181807373400437, 41.243665335449052 ], [ -7.181876690725784, 41.243665005054538 ], [ -7.182001491474976, 41.243696463599328 ], [ -7.182124175173748, 41.243750692070691 ], [ -7.182299363438029, 41.243853698773236 ], [ -7.182409364358608, 41.243927177391164 ], [ -7.182536356576013, 41.24398873161033 ], [ -7.182683986817179, 41.244041991312905 ], [ -7.182823526066957, 41.244085907133339 ], [ -7.182963324228004, 41.244111551123694 ], [ -7.183039377726108, 41.244115236518901 ], [ -7.183193088154243, 41.244102997777347 ], [ -7.183341649313943, 41.244067391261083 ], [ -7.183406749071174, 41.244044877797265 ], [ -7.183506681525043, 41.243989423804763 ], [ -7.183572155567788, 41.243916490435062 ], [ -7.183621142773488, 41.24382856791911 ], [ -7.183634923078626, 41.243783121770036 ], [ -7.183629522706854, 41.243686283273902 ], [ -7.1835985170784, 41.243594547826774 ], [ -7.183557160841255, 41.243509207249126 ], [ -7.183500739184612, 41.243418254407146 ], [ -7.183452935511206, 41.243316835133385 ], [ -7.183423570141399, 41.243210793959172 ], [ -7.18340401009904, 41.24304523198132 ], [ -7.183399812010631, 41.242947773994558 ], [ -7.183354122465182, 41.242807566281627 ], [ -7.183317925958858, 41.242703722445569 ], [ -7.183297012758652, 41.242582535841017 ], [ -7.18328947798776, 41.242451647839758 ], [ -7.18328837322777, 41.242296859295976 ], [ -7.183286931546938, 41.242189970636773 ], [ -7.183276266577307, 41.242077868151718 ], [ -7.183249088158121, 41.241969058188062 ], [ -7.183208721734225, 41.241873376327881 ], [ -7.183152439699766, 41.241797456778585 ], [ -7.183081316405426, 41.241741496567997 ], [ -7.18299609373046, 41.241703607330187 ], [ -7.18283927189792, 41.241675574556794 ], [ -7.182502066011977, 41.241641013694725 ], [ -7.182288688418316, 41.241605761941557 ], [ -7.182156288616372, 41.241580178241549 ], [ -7.182048097274864, 41.241538503258553 ], [ -7.181901932068374, 41.241433746927122 ], [ -7.181796786365284, 41.241354909968322 ], [ -7.181702699620779, 41.241270034311505 ], [ -7.181663721431778, 41.241226946376692 ], [ -7.181619838352429, 41.24114329587583 ], [ -7.181616493454603, 41.241069527415277 ], [ -7.181669118924104, 41.240960830898622 ], [ -7.181720706947016, 41.240874550476754 ], [ -7.181784552283588, 41.240790705169339 ], [ -7.181830911831414, 41.240702761657467 ], [ -7.18184630421973, 41.240620137611074 ], [ -7.181846235775184, 41.240542432618334 ], [ -7.181862916047471, 41.240469458990709 ], [ -7.181909157603122, 41.240398349421206 ], [ -7.18199489359285, 41.240342508387563 ], [ -7.182090648319068, 41.24032024887547 ], [ -7.182198540140225, 41.240332664345459 ], [ -7.182322823264546, 41.240350523887678 ], [ -7.182474250190482, 41.240363388641988 ], [ -7.182723974143819, 41.240367965989407 ], [ -7.182871560943631, 41.240366031808563 ], [ -7.183106597877593, 41.240354729045187 ], [ -7.183277381134512, 41.240349112176894 ], [ -7.183607665938193, 41.240325716454912 ], [ -7.183748729547729, 41.240313010680218 ], [ -7.183903141028523, 41.240309239689012 ], [ -7.184068358582929, 41.240300786293233 ], [ -7.184318424845548, 41.240281771373922 ], [ -7.184447572878052, 41.240267885158339 ], [ -7.184570840561692, 41.240248098591813 ], [ -7.184630423328541, 41.240227430719862 ], [ -7.184720028763426, 41.240168379850957 ], [ -7.184843333020699, 41.240022180295739 ], [ -7.184900584283219, 41.239956558141166 ], [ -7.184944643937263, 41.239895603095533 ], [ -7.184969571273716, 41.239870776086299 ], [ -7.18490198689588, 41.239826015707223 ], [ -7.184770505492478, 41.23974524836926 ], [ -7.1847077808557, 41.239702323320451 ], [ -7.184615803079811, 41.239612069433761 ], [ -7.184433522546343, 41.239455518931756 ], [ -7.18428890481959, 41.239326297109386 ], [ -7.184194729106669, 41.239239711947981 ], [ -7.184105694356472, 41.239135434614241 ], [ -7.184021656001602, 41.239015710449763 ], [ -7.183941243576498, 41.238884489969394 ], [ -7.183888818173618, 41.23876448786627 ], [ -7.183880725538817, 41.238713725380236 ], [ -7.183913776980076, 41.238564353367664 ], [ -7.183952272046266, 41.238451037205159 ], [ -7.183974648260826, 41.23832228568839 ], [ -7.183981661777778, 41.238125426583728 ], [ -7.18398299923796, 41.237999918679648 ], [ -7.184005633350108, 41.237704416067587 ], [ -7.18399450977606, 41.237565840432659 ], [ -7.183993346368017, 41.237464534728446 ], [ -7.183988684561097, 41.237349694935567 ], [ -7.18400320299429, 41.237219798121529 ], [ -7.184027160293859, 41.237088987756231 ], [ -7.184057556890136, 41.236965973986315 ], [ -7.18413109934253, 41.236804502751724 ], [ -7.18419356688952, 41.236691387653522 ], [ -7.184253154546205, 41.236563029154389 ], [ -7.184292154599741, 41.236496900285445 ], [ -7.184396310916206, 41.236379624754697 ], [ -7.184550616073046, 41.23625006650223 ], [ -7.184656576822834, 41.236164765652241 ], [ -7.184759407733777, 41.236064585757788 ], [ -7.184866226133169, 41.235977675538557 ], [ -7.184992221115648, 41.235900824941623 ], [ -7.185127405770088, 41.235831526873909 ], [ -7.185248527269977, 41.235778227515596 ], [ -7.185363779652461, 41.235751622802212 ], [ -7.185423325971078, 41.235749857405374 ], [ -7.185623378043784, 41.23578949663456 ], [ -7.185776287044968, 41.235831541617031 ], [ -7.185858902246251, 41.235842664283368 ], [ -7.186014852284487, 41.235830978577177 ], [ -7.18615916593435, 41.235798669404858 ], [ -7.186423122318346, 41.235725107388419 ], [ -7.186516686464667, 41.235696612413847 ], [ -7.186562924975187, 41.235666381298451 ], [ -7.18681412870936, 41.235533650228255 ], [ -7.186994263583626, 41.235341272225909 ], [ -7.187075826980543, 41.235268468032238 ], [ -7.187207068649615, 41.235141233319311 ], [ -7.187317616666116, 41.235068489683627 ], [ -7.187386227146868, 41.23504167627528 ], [ -7.187532066466666, 41.235011179624102 ], [ -7.187610323941835, 41.235010199745872 ], [ -7.187769275241465, 41.235030047964436 ], [ -7.187852857482188, 41.235049011610329 ], [ -7.188120762444547, 41.235106671496034 ], [ -7.188296134243362, 41.23512071104696 ], [ -7.188383395768922, 41.235116117348326 ], [ -7.188559700829972, 41.235090275073098 ], [ -7.188741527834697, 41.235045575502006 ], [ -7.188929887119806, 41.234986065233997 ], [ -7.189108470444565, 41.234925942363169 ], [ -7.189293067954097, 41.234871175532781 ], [ -7.189475478605129, 41.234810449574013 ], [ -7.189771005076294, 41.234713823350063 ], [ -7.189867803698351, 41.234692369939353 ], [ -7.190052333525641, 41.234666869176358 ], [ -7.190237130266509, 41.234647851458035 ], [ -7.190534195169563, 41.234593458818786 ], [ -7.190615326225019, 41.234549915502107 ], [ -7.190814312932415, 41.234397932322203 ], [ -7.190938836991887, 41.234289998966098 ], [ -7.191032193947449, 41.234176050538913 ], [ -7.191116687735282, 41.2340559922675 ], [ -7.191177024362218, 41.233923948132173 ], [ -7.191190226382652, 41.233859855950705 ], [ -7.191197707511407, 41.233728819151352 ], [ -7.191193274887258, 41.233597145541168 ], [ -7.191182364637243, 41.233392753085916 ], [ -7.191187013776099, 41.23325151936745 ], [ -7.191205313224862, 41.233073029362906 ], [ -7.191244320571021, 41.232972684325105 ], [ -7.19127816291604, 41.232924875614827 ], [ -7.191322702421032, 41.232888324888854 ], [ -7.191384460667537, 41.232864970034754 ], [ -7.191540360417386, 41.232856062276703 ], [ -7.191617713490142, 41.232868220971369 ], [ -7.191767292023303, 41.232909420406429 ], [ -7.191926414049149, 41.232966994194769 ], [ -7.192101897056902, 41.23302325721901 ], [ -7.192275509094016, 41.233059877531815 ], [ -7.192433940916223, 41.233082869202114 ], [ -7.192581487312753, 41.233082094532662 ], [ -7.192736184175081, 41.233057690064157 ], [ -7.192813675681351, 41.233035001384394 ], [ -7.192968434088391, 41.232972156763502 ], [ -7.193031640536982, 41.232931519557603 ], [ -7.19308051999311, 41.232883028117882 ], [ -7.193116609498727, 41.232828127564467 ], [ -7.19316755154743, 41.232710410423223 ], [ -7.193199661299098, 41.232600011137365 ], [ -7.1932464125094, 41.232433274686109 ], [ -7.193271907722437, 41.2323184147698 ], [ -7.193287147319709, 41.232195002769778 ], [ -7.193317256384467, 41.232016064928111 ], [ -7.193337233728663, 41.231845156182253 ], [ -7.193381831584483, 41.231670476658245 ], [ -7.193430015352209, 41.231612344979801 ], [ -7.193545562661869, 41.231505506903147 ], [ -7.19360809348267, 41.231461534132571 ], [ -7.193740638596527, 41.231392294355508 ], [ -7.193870603698954, 41.2313198792381 ], [ -7.193919807668345, 41.231349002814724 ], [ -7.193948050091312, 41.231350672938142 ], [ -7.194116835360914, 41.231408049703603 ], [ -7.194283618915229, 41.231471805521011 ], [ -7.194426889085965, 41.23152024159927 ], [ -7.194520198349813, 41.231559268835902 ], [ -7.194611542070107, 41.231610974873121 ], [ -7.194793476270313, 41.231741569406807 ], [ -7.19488305011898, 41.231808480454617 ], [ -7.19501876047864, 41.231910246774824 ], [ -7.195186934446175, 41.232010390121609 ], [ -7.19525937409233, 41.23204960421873 ], [ -7.195333957979801, 41.232071819764862 ], [ -7.19541447222282, 41.23207166512293 ], [ -7.195507946002121, 41.232057203975501 ], [ -7.195609769777418, 41.232051279106429 ], [ -7.195696337410189, 41.232069722924862 ], [ -7.195761334549266, 41.232112207634778 ], [ -7.195814614484377, 41.232164951653374 ], [ -7.195851434946197, 41.232226030032884 ], [ -7.195922726287198, 41.232429197426036 ], [ -7.195969890022286, 41.232567974488362 ], [ -7.196024192952164, 41.232707975664383 ], [ -7.196065729723114, 41.232823114316169 ], [ -7.196094657430545, 41.232894029298528 ], [ -7.196121572547013, 41.232913608968992 ], [ -7.196263514835008, 41.232996969703024 ], [ -7.19640541924521, 41.233074653762621 ], [ -7.196559374813942, 41.23315180718491 ], [ -7.196764281628852, 41.233260980085305 ], [ -7.196875705476401, 41.233318154637956 ], [ -7.196999649275854, 41.233375708199361 ], [ -7.197118796957336, 41.23344339638269 ], [ -7.197217555956623, 41.23351901881626 ], [ -7.19734403707497, 41.233641331278029 ], [ -7.197425203271812, 41.23372950454425 ], [ -7.197500259230259, 41.233819344284981 ], [ -7.197583429211806, 41.233900692398294 ], [ -7.197680778902558, 41.233974688544045 ], [ -7.197796525066749, 41.234038382978902 ], [ -7.197923626030589, 41.234091994880323 ], [ -7.198083235773297, 41.234158027090622 ], [ -7.198217849213067, 41.234212063440282 ], [ -7.198319398044494, 41.234250520607404 ], [ -7.198435924893893, 41.234284692662612 ], [ -7.198575440385786, 41.234304367289347 ], [ -7.198652945494675, 41.23430589584575 ], [ -7.198796665087815, 41.234289590589576 ], [ -7.198915279829184, 41.23426074943869 ], [ -7.199032163423197, 41.234244498973609 ], [ -7.199169286245176, 41.234247585909344 ], [ -7.199408027015435, 41.23428499386322 ], [ -7.19957383287351, 41.234317488928042 ], [ -7.199719868780136, 41.234348295491891 ], [ -7.199937330022031, 41.234389132386895 ], [ -7.200098424219856, 41.23441798686649 ], [ -7.200340904831076, 41.234452002531256 ], [ -7.200609554102399, 41.234483163725763 ], [ -7.200743493935669, 41.234500271220455 ], [ -7.200862291656818, 41.234508888440935 ], [ -7.200972492676637, 41.234492847520769 ], [ -7.201086300227609, 41.23445802430323 ], [ -7.201233032155739, 41.234389423810619 ], [ -7.201327950664822, 41.234340399261804 ], [ -7.201429902745715, 41.234300704880681 ], [ -7.201556456818335, 41.234283446907327 ], [ -7.201696067871639, 41.23429637264821 ], [ -7.20186073552108, 41.234325610133226 ], [ -7.202021085441928, 41.234347704622827 ], [ -7.202230736748684, 41.234358939651493 ], [ -7.202379780195948, 41.234362391062909 ], [ -7.202615293664728, 41.234366543816762 ], [ -7.202860625018368, 41.234368249757971 ], [ -7.203011452173477, 41.23437225861106 ], [ -7.203171870221935, 41.234389666310037 ], [ -7.203409664822994, 41.234443625892062 ], [ -7.203657017155363, 41.234504687144351 ], [ -7.203810514629486, 41.234539145898097 ], [ -7.203961296928782, 41.23455494582899 ], [ -7.204089502432812, 41.234556249566502 ], [ -7.204191650638958, 41.234552568961192 ], [ -7.204282765954775, 41.234570771094276 ], [ -7.204470285861258, 41.234510151691701 ], [ -7.204539891801276, 41.234488740333894 ], [ -7.204608560101106, 41.234431848777852 ], [ -7.204658929497394, 41.234378861474838 ], [ -7.204800057663707, 41.234284279398011 ], [ -7.204886107418607, 41.234229777936505 ], [ -7.20499343626816, 41.234180578480256 ], [ -7.205188784600431, 41.234123357925426 ], [ -7.205380106007302, 41.234063844559174 ], [ -7.205522388430832, 41.23402248788954 ], [ -7.20568155303131, 41.233993966426134 ], [ -7.205837934074331, 41.233976043575431 ], [ -7.206155228255304, 41.233949328776013 ], [ -7.20633386394134, 41.233935277900258 ], [ -7.206601168257374, 41.233926168610409 ], [ -7.206723132898403, 41.233921834842548 ], [ -7.206818741792854, 41.233882627588542 ], [ -7.206985426788387, 41.23381931170136 ], [ -7.20713659166368, 41.233757229478087 ], [ -7.207293402660992, 41.23368366088696 ], [ -7.207562950788026, 41.233549054568883 ], [ -7.207737899127943, 41.233457894859036 ], [ -7.207879210067575, 41.233374932955314 ], [ -7.207980024185611, 41.233305417291476 ], [ -7.208036938068031, 41.233261662569589 ], [ -7.208117732290134, 41.233241243840595 ], [ -7.208405149507693, 41.233159085782631 ], [ -7.208570623306089, 41.23311376968676 ], [ -7.208727105002668, 41.233063521640766 ], [ -7.209058242661354, 41.232942372160849 ], [ -7.20925494820143, 41.232872449861837 ], [ -7.209448239918736, 41.232799713966017 ], [ -7.209732771634306, 41.232684939936298 ], [ -7.210026033681033, 41.232559791316426 ], [ -7.210227355799776, 41.232475589613834 ], [ -7.210523001072033, 41.232341814869613 ], [ -7.210716108127744, 41.232256379547664 ], [ -7.210904573005503, 41.232162170024452 ], [ -7.211155175484397, 41.232016504900152 ], [ -7.211388220012865, 41.231872864161673 ], [ -7.211572005767148, 41.231763222638676 ], [ -7.21166057928278, 41.231715307471752 ], [ -7.211793601116807, 41.231670265453729 ], [ -7.211903839902358, 41.23161685265984 ], [ -7.212129573593024, 41.231475672164244 ], [ -7.21250313818792, 41.231227977729773 ], [ -7.212614017388453, 41.231128646563768 ], [ -7.212761287207157, 41.230969194836781 ], [ -7.212858066749614, 41.23087146151007 ], [ -7.213045224601494, 41.2306310138 ], [ -7.213125366657115, 41.230520991732924 ], [ -7.213219723372335, 41.230408653860103 ], [ -7.21340671625138, 41.230205572218352 ], [ -7.213546402289243, 41.230050556434399 ], [ -7.213630007257781, 41.229965412129893 ], [ -7.213696371552275, 41.229910745908654 ], [ -7.213775661101954, 41.229886890502293 ], [ -7.213901743875928, 41.229851608711179 ], [ -7.214044105313601, 41.229803488983642 ], [ -7.214296727843248, 41.229700063276312 ], [ -7.214483462456818, 41.229617630314813 ], [ -7.214766494088526, 41.229506072341465 ], [ -7.214913736413346, 41.229450067733872 ], [ -7.215175091104042, 41.22933626403762 ], [ -7.215368250008451, 41.229246052661864 ], [ -7.215620486274675, 41.229118937407094 ], [ -7.215740264666165, 41.229056593689563 ], [ -7.215889410866015, 41.228966298185952 ], [ -7.215983985425845, 41.228915276913881 ], [ -7.21625423631968, 41.228804600307122 ], [ -7.216567640229762, 41.228678512053982 ], [ -7.216754992895955, 41.228602566869945 ], [ -7.216940654730786, 41.228519130900878 ], [ -7.21706819064398, 41.22846522044923 ], [ -7.21720901159647, 41.228416003132537 ], [ -7.2175408645965, 41.22832634558506 ], [ -7.217669060137571, 41.228293058253804 ], [ -7.217870516225322, 41.228257469107433 ], [ -7.21807421498178, 41.228215501800243 ], [ -7.218277815992034, 41.228179928985028 ], [ -7.218371503977644, 41.228166629578951 ], [ -7.218564684239295, 41.228160592538345 ], [ -7.218719741389676, 41.228159572069188 ], [ -7.218853113307268, 41.228165670749547 ], [ -7.219199031854198, 41.22821370222573 ], [ -7.219358996360595, 41.228237479389762 ], [ -7.219536946997953, 41.228254102996381 ], [ -7.219716789052546, 41.228263631674743 ], [ -7.219848294474266, 41.22826692221723 ], [ -7.219929126025281, 41.2282690003642 ], [ -7.220088683804639, 41.228270262075462 ], [ -7.220303857907151, 41.228286283741589 ], [ -7.220463311517014, 41.228295468638763 ], [ -7.220585026206996, 41.228307953184839 ], [ -7.220673396616187, 41.228325220187628 ], [ -7.220716750506993, 41.228321331792031 ], [ -7.220878691339928, 41.228296770351811 ], [ -7.221028021162004, 41.228279132907296 ], [ -7.221217090460108, 41.22826819932525 ], [ -7.221346861210793, 41.228267242478957 ], [ -7.221520667213872, 41.228256011954208 ], [ -7.221681224231228, 41.228237022786928 ], [ -7.22190020542162, 41.228219300730132 ], [ -7.222072209794788, 41.228209222049216 ], [ -7.222375653733805, 41.228206574844947 ], [ -7.222491126239657, 41.228204875126643 ], [ -7.2227099436365, 41.22818157037613 ], [ -7.222860368561588, 41.228162228427159 ], [ -7.222935861173423, 41.228145082566677 ], [ -7.22336011024181, 41.22813492285141 ], [ -7.223678561711614, 41.228099526622906 ], [ -7.223808193698354, 41.228083079707247 ], [ -7.223988714609741, 41.228069014460033 ], [ -7.224108717254151, 41.228067438027153 ], [ -7.224231952447885, 41.228056615435413 ], [ -7.224518493964844, 41.227999984480483 ], [ -7.224658339782197, 41.227969301540405 ], [ -7.224869362275287, 41.227940345920416 ], [ -7.225002534121944, 41.227926179313037 ], [ -7.225217336989322, 41.227916885468993 ], [ -7.225362741457491, 41.227915508015364 ], [ -7.225688128213431, 41.227939133431427 ], [ -7.225936391774849, 41.227959992940328 ], [ -7.226079774977554, 41.227966970694538 ], [ -7.226384913448763, 41.228023124123311 ], [ -7.226437933748457, 41.228044069242422 ], [ -7.226562795261096, 41.228070981555192 ], [ -7.226690911517382, 41.228112238618834 ], [ -7.226833847593562, 41.228151624974281 ], [ -7.22696064460476, 41.228193953650539 ], [ -7.227085713000044, 41.228231488293943 ], [ -7.227217253584931, 41.228266557968453 ], [ -7.227348209017217, 41.228309814845211 ], [ -7.227527939562908, 41.228379294335966 ], [ -7.227699685382673, 41.228439795773205 ], [ -7.227878337094946, 41.22849234207559 ], [ -7.228003800185575, 41.228527454013722 ], [ -7.228130140578996, 41.228576796530888 ], [ -7.228340095352441, 41.228677484698423 ], [ -7.228485611647311, 41.228746157195751 ], [ -7.228695921520316, 41.228847120328965 ], [ -7.228839242369024, 41.228919462324669 ], [ -7.228963091384971, 41.228994086859863 ], [ -7.229076546805564, 41.22906115353107 ], [ -7.229192346413304, 41.229122567693771 ], [ -7.229304413405642, 41.229186473596698 ], [ -7.229391011010918, 41.229254955281505 ], [ -7.229463598362884, 41.229319361531211 ], [ -7.229562155327849, 41.229385682310067 ], [ -7.229740360671772, 41.229497375732755 ], [ -7.229831156276791, 41.229555801797311 ], [ -7.229944850470697, 41.229614406505384 ], [ -7.230073312870777, 41.229674479345178 ], [ -7.230186802792359, 41.229739205918499 ], [ -7.230289189828094, 41.229804474712346 ], [ -7.230394704474958, 41.229859327650757 ], [ -7.230545487667627, 41.229927223060344 ], [ -7.230646503168124, 41.229979784966801 ], [ -7.230794852879464, 41.23005936994231 ], [ -7.230910543196546, 41.230128977973948 ], [ -7.230933511933181, 41.230141493595909 ], [ -7.230999568636435, 41.230177753029423 ], [ -7.231232862230743, 41.230264033884232 ], [ -7.231444634294276, 41.230337450819064 ], [ -7.231681041192084, 41.230414934704072 ], [ -7.2318439198364, 41.230470500112681 ], [ -7.232007992745398, 41.230542909651476 ], [ -7.232162990259471, 41.230625427109359 ], [ -7.232319079569144, 41.230714977018252 ], [ -7.232391548568009, 41.230762002528138 ], [ -7.232512472637834, 41.230858929689674 ], [ -7.23261528451896, 41.230972279964135 ], [ -7.232747674614624, 41.231155287745885 ], [ -7.232823707210327, 41.231264287427706 ], [ -7.232891535550005, 41.231371965038328 ], [ -7.233000059137684, 41.231556044698927 ], [ -7.233084660502784, 41.231692572867566 ], [ -7.233172432505685, 41.231815620467096 ], [ -7.233242450396814, 41.231928447327732 ], [ -7.233301959247741, 41.232051369380102 ], [ -7.233364096242547, 41.232191143345347 ], [ -7.23343619994509, 41.232395647459455 ], [ -7.233476305748032, 41.232515803006336 ], [ -7.233525401746982, 41.232640894604891 ], [ -7.233580118652348, 41.232774129301809 ], [ -7.233662021571658, 41.23297762841726 ], [ -7.233763672537508, 41.233202081241487 ], [ -7.233851701745136, 41.233385100463408 ], [ -7.233914878382977, 41.233510023623126 ], [ -7.233985741862683, 41.23361376424797 ], [ -7.234128079945227, 41.233811338397338 ], [ -7.234196473240224, 41.233903805350906 ], [ -7.234248027844009, 41.234006671130352 ], [ -7.234280502798145, 41.234108941339848 ], [ -7.234325380062418, 41.234211754055423 ], [ -7.234348095899965, 41.234268745575115 ], [ -7.234384660229083, 41.234316571840502 ], [ -7.234497468868412, 41.234414516731796 ], [ -7.23459949282032, 41.234498865769325 ], [ -7.234651415692454, 41.234548523483177 ], [ -7.234732333970695, 41.234658641377038 ], [ -7.23481162769176, 41.234826103684888 ], [ -7.234877305819928, 41.234986703925784 ], [ -7.234918305156236, 41.235093995409173 ], [ -7.234947479185651, 41.235193537528964 ], [ -7.234961401875895, 41.235292145800166 ], [ -7.234969531219068, 41.235378291296605 ], [ -7.234975850831189, 41.235465589608559 ], [ -7.234996484616, 41.235561910049483 ], [ -7.235026328799035, 41.235673341005779 ], [ -7.235050248334756, 41.235835059666577 ], [ -7.235064840616463, 41.235962850083808 ], [ -7.235095688828589, 41.236132190730004 ], [ -7.235135176311668, 41.236297989891 ], [ -7.235184858626213, 41.2365383334947 ], [ -7.235220999848988, 41.236704107420167 ], [ -7.235252469074881, 41.236854357816121 ], [ -7.235274808696049, 41.236965373601969 ], [ -7.235286971914554, 41.237088102721202 ], [ -7.235291316546962, 41.237206358852845 ], [ -7.235307237991018, 41.237350999975021 ], [ -7.235332943193231, 41.237512460533594 ], [ -7.235349945223745, 41.237630186860827 ], [ -7.235374594881661, 41.237816671515198 ], [ -7.235401458436169, 41.237981199776264 ], [ -7.235424539032943, 41.238090238584277 ], [ -7.235452128808589, 41.238280081255446 ], [ -7.235471271419414, 41.238468232816281 ], [ -7.235477319778904, 41.23856705150807 ], [ -7.23548100609306, 41.238760039323175 ], [ -7.235479156339765, 41.239009345224446 ], [ -7.235478457879405, 41.23925244635187 ], [ -7.235473562936645, 41.239523701229011 ], [ -7.235467366160563, 41.239732998547538 ], [ -7.235466340599392, 41.239869668483017 ], [ -7.235450367002048, 41.240078346617061 ], [ -7.235433110783048, 41.240276575373635 ], [ -7.235423637681236, 41.240454869372094 ], [ -7.235412950908008, 41.240582462554094 ], [ -7.235386009724999, 41.240782054631282 ], [ -7.235364878257375, 41.240905691894696 ], [ -7.235344472787708, 41.241089848740316 ], [ -7.235336787469638, 41.241215844564351 ], [ -7.235315994530153, 41.241401975676176 ], [ -7.235295838670473, 41.241620166377572 ], [ -7.23528027478788, 41.241860363803148 ], [ -7.235263846423439, 41.242058864548731 ], [ -7.235249832515681, 41.242237662413537 ], [ -7.235240180081941, 41.242420191370314 ], [ -7.235239215709681, 41.242551910357982 ], [ -7.235236358231919, 41.242735302663391 ], [ -7.235234203930593, 41.242971640099398 ], [ -7.23523191940133, 41.243164938676784 ], [ -7.2352250009362, 41.243287337884695 ], [ -7.235226429998275, 41.243400983565159 ], [ -7.235255868854296, 41.243647922071837 ], [ -7.235276421623865, 41.243837165885729 ], [ -7.235290500776018, 41.243950903897549 ], [ -7.235326766756354, 41.244107943680746 ], [ -7.23536130868044, 41.244225268201028 ], [ -7.23539927523876, 41.244345678105624 ], [ -7.235441895072483, 41.244526625562663 ], [ -7.235487509642774, 41.244785578201331 ], [ -7.235518012210624, 41.24495463847169 ], [ -7.23553876693412, 41.245076987777693 ], [ -7.235570786407141, 41.24518726304882 ], [ -7.235636184981496, 41.245395134672989 ], [ -7.235694466774949, 41.245573961168809 ], [ -7.235739756695804, 41.245699554054767 ], [ -7.235794520967375, 41.245812803201055 ], [ -7.235854132261444, 41.245920142882575 ], [ -7.235964047868755, 41.246092074679602 ], [ -7.236036628438202, 41.246210861391205 ], [ -7.236117067376731, 41.246322594236567 ], [ -7.236284768257629, 41.246517486157373 ], [ -7.236361612668203, 41.246603887499255 ], [ -7.236491205408262, 41.246723660902383 ], [ -7.236592140509767, 41.246810249694768 ], [ -7.236754881098013, 41.246957831659721 ], [ -7.2368730788139, 41.247065354073776 ], [ -7.237010991594651, 41.247178977020859 ], [ -7.237213879069493, 41.247365677571146 ], [ -7.237344803013928, 41.247493287629197 ], [ -7.237477398684151, 41.247612176562768 ], [ -7.237615636971227, 41.24772859438449 ], [ -7.237770582743742, 41.247853060173085 ], [ -7.237847587855327, 41.247919206135393 ], [ -7.237986504416343, 41.248064079941393 ], [ -7.238221966565678, 41.248295236684775 ], [ -7.238341942699241, 41.248412407588994 ], [ -7.238449642486336, 41.248546050517156 ], [ -7.238543256684404, 41.248688862625919 ], [ -7.238631765970285, 41.248812540000678 ], [ -7.238713728942987, 41.248926537467113 ], [ -7.238814717798713, 41.249115504026335 ], [ -7.238878542057225, 41.249247457816864 ], [ -7.238963454775331, 41.249442513102686 ], [ -7.239013239753861, 41.249562741591433 ], [ -7.23905311651408, 41.249701263277835 ], [ -7.239090908183761, 41.249852370893102 ], [ -7.239133696545701, 41.249995866508229 ], [ -7.239241955238155, 41.250264302557589 ], [ -7.239301202028193, 41.250408015021712 ], [ -7.239338935304732, 41.25051104290597 ], [ -7.239379192510664, 41.250621652910283 ], [ -7.239420676591829, 41.25074686356195 ], [ -7.239452453868073, 41.250875143083121 ], [ -7.23949236670715, 41.251011052782047 ], [ -7.239556991161864, 41.251145715402217 ], [ -7.23963811739628, 41.251260243226454 ], [ -7.239725879787699, 41.251360327691899 ], [ -7.239839377504843, 41.251462769145874 ], [ -7.239963963821498, 41.251566112279569 ], [ -7.240076113425319, 41.251680427546667 ], [ -7.240190970143632, 41.251788464433048 ], [ -7.240386608981326, 41.251930982111986 ], [ -7.240523735279672, 41.252024600201707 ], [ -7.240659374804308, 41.252139911875702 ], [ -7.240809881722604, 41.252258669231004 ], [ -7.2408944310855, 41.252314787908318 ], [ -7.241074709388006, 41.252411259085427 ], [ -7.241242593542291, 41.252489094536742 ], [ -7.241490343625179, 41.252581589268665 ], [ -7.241740105028772, 41.25266599265273 ], [ -7.241909764208909, 41.252727542560997 ], [ -7.242139208575639, 41.252823491331718 ], [ -7.242287793500353, 41.252891088617446 ], [ -7.2425440089288, 41.253054331428608 ], [ -7.242667799149, 41.25313767097424 ], [ -7.242754926887807, 41.253223070631933 ], [ -7.242778505333595, 41.2532705226674 ], [ -7.242788227869763, 41.253381167233769 ], [ -7.242767085908694, 41.253514621797009 ], [ -7.242740609286526, 41.253646149640062 ], [ -7.242695309380272, 41.253828132202791 ], [ -7.242661957656821, 41.253947445919479 ], [ -7.242618256712118, 41.254152489486167 ], [ -7.242578706485582, 41.254341540550143 ], [ -7.242544014371882, 41.25453314941845 ], [ -7.242523854566381, 41.254673725639478 ], [ -7.24250920527467, 41.254821545953547 ], [ -7.242504879108146, 41.255088210089582 ], [ -7.242503556228615, 41.255238477244987 ], [ -7.242497966548979, 41.255404470350335 ], [ -7.242482736702923, 41.255700851850257 ], [ -7.242472843945058, 41.255858705270285 ], [ -7.242462692012986, 41.256167557973768 ], [ -7.24245952244402, 41.256313307869334 ], [ -7.242447927286875, 41.25645610947003 ], [ -7.24242823589766, 41.256588227206976 ], [ -7.24241590376829, 41.2566972631639 ], [ -7.242411167099232, 41.256940960906519 ], [ -7.242410704151212, 41.257001735824844 ], [ -7.242391592784767, 41.257064883109614 ], [ -7.242427034534003, 41.257117201839165 ], [ -7.242618879241954, 41.257347745374872 ], [ -7.242629293159478, 41.257406889140746 ], [ -7.242601886443903, 41.257448010422969 ], [ -7.242549956418254, 41.257538279905184 ], [ -7.242482673878056, 41.257660390606993 ], [ -7.242448645136561, 41.257723698918575 ], [ -7.242416061480391, 41.257786203529278 ], [ -7.242384287278282, 41.257850426069524 ], [ -7.242353151814168, 41.257920236976716 ], [ -7.242322677010827, 41.257994285807641 ], [ -7.242291017010723, 41.258076696558604 ], [ -7.242258502302582, 41.258160006497 ], [ -7.242227635105476, 41.258236572506839 ], [ -7.242197217524426, 41.258306388921525 ], [ -7.242166087809498, 41.258375657770195 ], [ -7.242135643152487, 41.25844745665696 ], [ -7.242105631699435, 41.258522318475833 ], [ -7.242071600279394, 41.258612363377651 ], [ -7.242037605445478, 41.258699621786349 ], [ -7.242001352438512, 41.258785775911747 ], [ -7.2419656123673, 41.258861137195346 ], [ -7.241930371661083, 41.258934605171319 ], [ -7.241897657325733, 41.259006113594204 ], [ -7.241866448387055, 41.259081599960176 ], [ -7.241834024994898, 41.259167155187377 ], [ -7.241800290910288, 41.259261167698376 ], [ -7.241764713800643, 41.259350571144118 ], [ -7.241730784259333, 41.259433055989099 ], [ -7.241698021486648, 41.25950853027237 ], [ -7.241666845379116, 41.259581128320548 ], [ -7.241638993754962, 41.259655467379908 ], [ -7.241401313857316, 41.260085283390964 ], [ -7.241073087594824, 41.260917863970811 ], [ -7.240697152182703, 41.261695967242503 ], [ -7.240371537661527, 41.262247191904677 ], [ -7.240164248663396, 41.262626276800908 ], [ -7.239959394966451, 41.263027618460633 ], [ -7.239759328675995, 41.263506706567199 ], [ -7.23959485027563, 41.264001189237604 ], [ -7.239511654849917, 41.264248606727861 ], [ -7.239449089508132, 41.264295125962512 ], [ -7.239339873558062, 41.26437585325305 ], [ -7.23922687102845, 41.264463309497231 ], [ -7.239005197965077, 41.26466202154927 ], [ -7.238906259784459, 41.264750389864119 ], [ -7.238817852112263, 41.264836687919527 ], [ -7.238729436945688, 41.264923517987846 ], [ -7.238632820135786, 41.265008307868463 ], [ -7.238429034185234, 41.265189869034593 ], [ -7.238327373289973, 41.265285602623784 ], [ -7.238226971848552, 41.265375947968138 ], [ -7.238125801048853, 41.265462139965166 ], [ -7.238018518975614, 41.265540633594568 ], [ -7.237917390661709, 41.265623676109961 ], [ -7.23780676460843, 41.265719968901422 ], [ -7.237694985336838, 41.265822646407464 ], [ -7.237585273641807, 41.265913457209692 ], [ -7.237482026025746, 41.266002697460522 ], [ -7.237380776017752, 41.266093930453728 ], [ -7.237278110829753, 41.266184346479108 ], [ -7.237175397358291, 41.266278360963007 ], [ -7.237070807752397, 41.266378301637829 ], [ -7.236962352728002, 41.266481543632899 ], [ -7.236848463732788, 41.266572411241334 ], [ -7.236739801330927, 41.266664939262597 ], [ -7.236632955596501, 41.266763961556201 ], [ -7.236535362701336, 41.266858377293232 ], [ -7.236446464158618, 41.266954208572827 ], [ -7.236353440835098, 41.267045956719905 ], [ -7.236256087204003, 41.267131548286763 ], [ -7.236152078201783, 41.267215196160564 ], [ -7.2360479188024, 41.267301006444868 ], [ -7.235946434790497, 41.267383234953776 ], [ -7.235842502884496, 41.267460670334472 ], [ -7.235739992475889, 41.267539469111448 ], [ -7.235643139443691, 41.267614710270664 ], [ -7.235523196262892, 41.267685268385875 ], [ -7.235386066180423, 41.267755963376111 ], [ -7.235262092652633, 41.267824150530444 ], [ -7.234976059580983, 41.26796265661045 ], [ -7.234834523125659, 41.268032683574965 ], [ -7.234703425953425, 41.268098112416411 ], [ -7.234448717193753, 41.268232001224348 ], [ -7.234325142664152, 41.268297759375557 ], [ -7.234092482174956, 41.268433258369676 ], [ -7.233976903835456, 41.268507717990239 ], [ -7.233861713862788, 41.268587861193438 ], [ -7.233741728768825, 41.268661202963074 ], [ -7.233622230394993, 41.268734017168953 ], [ -7.233506558494942, 41.268814692888689 ], [ -7.233390049051518, 41.26888698636099 ], [ -7.23328286303421, 41.268958180258863 ], [ -7.2331771398526, 41.269026596931091 ], [ -7.233078894972405, 41.269089668629917 ], [ -7.23288833708428, 41.269226933160517 ], [ -7.232794593961801, 41.269292293533319 ], [ -7.232691854427586, 41.269352808607884 ], [ -7.23258857172244, 41.269408545384756 ], [ -7.232475290249803, 41.269454393014406 ], [ -7.232368166425828, 41.269494527008682 ], [ -7.232231592397958, 41.269524162209599 ], [ -7.232095800939884, 41.269522563765065 ], [ -7.231960839382279, 41.269495850311792 ], [ -7.231842624054899, 41.269465659874811 ], [ -7.231724197170154, 41.26943385233055 ], [ -7.231612011256066, 41.269399754279981 ], [ -7.231491905461057, 41.269368380851816 ], [ -7.231369531640491, 41.269345814418649 ], [ -7.231227847635961, 41.269321659529972 ], [ -7.231073216947142, 41.269310815481688 ], [ -7.230953909409433, 41.269308263460559 ], [ -7.230800361356103, 41.26932245883382 ], [ -7.230680357154443, 41.269344930571684 ], [ -7.23056312047673, 41.269382820834089 ], [ -7.230446466932284, 41.269430350799674 ], [ -7.230336054579959, 41.26948404695132 ], [ -7.230231895966579, 41.269551572765351 ], [ -7.230132215643155, 41.26961436415656 ], [ -7.230044453062218, 41.269678683296178 ], [ -7.22997392874432, 41.269756378081496 ], [ -7.229896118228932, 41.269860754128636 ], [ -7.229841993383357, 41.269969460536167 ], [ -7.229798262227391, 41.270059963916843 ], [ -7.229750659014263, 41.270154135765061 ], [ -7.229699811093267, 41.270250531344502 ], [ -7.229653189865903, 41.270360192442716 ], [ -7.229612172951374, 41.270461796547096 ], [ -7.229488095923114, 41.270753997716909 ], [ -7.229390255598943, 41.270925746652949 ], [ -7.229342855907616, 41.27101424465247 ], [ -7.229265628456009, 41.271119167767495 ], [ -7.229179317762131, 41.271198716290115 ], [ -7.229061006630326, 41.271253974404907 ], [ -7.22895234619842, 41.271293097279482 ], [ -7.228836548313122, 41.271329920174367 ], [ -7.228719712184008, 41.271364481078983 ], [ -7.22859882620234, 41.271398375258414 ], [ -7.228474636003829, 41.271429547529316 ], [ -7.227922290753202, 41.271561355335351 ], [ -7.227789826279853, 41.271595163023306 ], [ -7.227663669943214, 41.271630549963028 ], [ -7.22728568436853, 41.271718429205862 ], [ -7.227157809824232, 41.271748314094204 ], [ -7.226643267156871, 41.271873116335136 ], [ -7.226523553979103, 41.271899732376291 ], [ -7.226128302462984, 41.272001882833827 ], [ -7.225637409319645, 41.272116245694626 ], [ -7.225509050905652, 41.27214674711184 ], [ -7.225371204854803, 41.272163942108712 ], [ -7.225248964061476, 41.272183236398028 ], [ -7.22510938303467, 41.272187995397587 ], [ -7.224963177959546, 41.272188555603705 ], [ -7.224836379300591, 41.272192599339064 ], [ -7.22439564003418, 41.272192187958609 ], [ -7.224241920828928, 41.272192149492156 ], [ -7.224087604842473, 41.27219237262824 ], [ -7.223813833098562, 41.272192198629391 ], [ -7.223686971691856, 41.272191471152425 ], [ -7.223563931064303, 41.272191310364839 ], [ -7.223408061357979, 41.272191521214587 ], [ -7.223256695472228, 41.272185824770034 ], [ -7.223103817985782, 41.272185162952766 ], [ -7.222953189523325, 41.272177761167065 ], [ -7.222797112054219, 41.272166985495161 ], [ -7.222343958578556, 41.272166830956749 ], [ -7.222222871316321, 41.27216326444789 ], [ -7.222085589691349, 41.27215713946093 ], [ -7.221940226431514, 41.272157158643857 ], [ -7.221809678939569, 41.272156399922842 ], [ -7.221679116804651, 41.272156179380559 ], [ -7.221547830070044, 41.272156314015334 ], [ -7.221262119151445, 41.272156305928732 ], [ -7.220837730200409, 41.272156015833431 ], [ -7.220693808928911, 41.272155415485486 ], [ -7.2205513801011, 41.2721500582388 ], [ -7.220393259474695, 41.272149080237028 ], [ -7.220250888092384, 41.272148854486851 ], [ -7.220128557508104, 41.272148963077882 ], [ -7.220009217823188, 41.27214838123998 ], [ -7.219710144054748, 41.272148263310307 ], [ -7.219573734650066, 41.272147993985797 ], [ -7.219452117617699, 41.272148112922679 ], [ -7.219310369518891, 41.272145641742135 ], [ -7.219191137928698, 41.27213731102173 ], [ -7.21906453758198, 41.272127036221264 ], [ -7.218946044528842, 41.272091522457465 ], [ -7.218833206821029, 41.272052631043586 ], [ -7.218715427643525, 41.272017122712093 ], [ -7.21860594501003, 41.271977719281921 ], [ -7.21849406632705, 41.271929830195624 ], [ -7.218373807823331, 41.27188412813161 ], [ -7.218246514201014, 41.271837559668988 ], [ -7.218126540100216, 41.271780061589418 ], [ -7.218008527284447, 41.271710156075891 ], [ -7.21788328425593, 41.271653701748917 ], [ -7.217759660156047, 41.271609949577552 ], [ -7.217632956348968, 41.271572658406001 ], [ -7.217492736402701, 41.271546243645787 ], [ -7.217333962898128, 41.271541023444158 ], [ -7.217020431352717, 41.271558796139431 ], [ -7.216864608955617, 41.271581508653121 ], [ -7.216743114133889, 41.271598822553187 ], [ -7.216618339725168, 41.271611607286303 ], [ -7.216461182126915, 41.271627285458102 ], [ -7.216337951191277, 41.271640891641574 ], [ -7.216212103833151, 41.271653667389316 ], [ -7.216089460792793, 41.271667641752757 ], [ -7.215969623071678, 41.271677043564061 ], [ -7.215842831371779, 41.271680539005743 ], [ -7.215715216934455, 41.271683212884135 ], [ -7.215593557941292, 41.271686476130476 ], [ -7.215481639859028, 41.271693153797116 ], [ -7.215354023168113, 41.271695559836431 ], [ -7.215198280425674, 41.271695397719597 ], [ -7.215062502556671, 41.271692969813806 ], [ -7.214935101055487, 41.27168853492153 ], [ -7.214788237254649, 41.271676649551544 ], [ -7.214661575480129, 41.271670871449665 ], [ -7.214521890840042, 41.271657423186092 ], [ -7.214386408318232, 41.271641939155899 ], [ -7.214255663333618, 41.271629643299399 ], [ -7.213982177768928, 41.271608647932439 ], [ -7.213826045597791, 41.271593895178015 ], [ -7.213579872226449, 41.271574198337909 ], [ -7.213459208443501, 41.27155775019375 ], [ -7.213330790997819, 41.271540696129122 ], [ -7.213190056887671, 41.271525532496909 ], [ -7.213052629791197, 41.271513181878369 ], [ -7.212919943416182, 41.27150285168306 ], [ -7.212664093273617, 41.271484151520994 ], [ -7.212532815218084, 41.271475270988056 ], [ -7.212393606191688, 41.271462094968577 ], [ -7.212260650318354, 41.271445819180741 ], [ -7.21213101773227, 41.27143883770173 ], [ -7.212011771934912, 41.271431676264889 ], [ -7.211856322587131, 41.271419180919288 ], [ -7.211734217879532, 41.271411811733458 ], [ -7.211607407267412, 41.271408187353316 ], [ -7.211483643690259, 41.271408371632219 ], [ -7.211181465140608, 41.271408205792902 ], [ -7.211036006152989, 41.271415149867842 ], [ -7.21087797944147, 41.271433332788263 ], [ -7.210750570172915, 41.271446633895735 ], [ -7.21063035241545, 41.271457828814064 ], [ -7.210485138349936, 41.271472964244452 ], [ -7.210346878502283, 41.271494368932963 ], [ -7.210051701388265, 41.271530815415439 ], [ -7.209935050673892, 41.271551577104596 ], [ -7.209797791316072, 41.271577673965702 ], [ -7.209680741832794, 41.271601229758389 ], [ -7.209537459609465, 41.271631594540629 ], [ -7.209411642672371, 41.271667774538358 ], [ -7.209271911091799, 41.271716989555756 ], [ -7.209164589028904, 41.27176196069378 ], [ -7.20903473138808, 41.271821694870148 ], [ -7.208920609843563, 41.271874535668125 ], [ -7.208817618788536, 41.271925483025313 ], [ -7.208699129831504, 41.27197486789585 ], [ -7.208576023404887, 41.272030242874898 ], [ -7.208467073231774, 41.272088438043326 ], [ -7.208356548408026, 41.272148597748888 ], [ -7.208060964598132, 41.272324057540629 ], [ -7.207743131351542, 41.272486104461869 ], [ -7.207636286610153, 41.272547731897639 ], [ -7.207542953661184, 41.272606861195264 ], [ -7.207350680965095, 41.272700491606471 ], [ -7.20729653665106, 41.272731569468363 ], [ -7.207238954089764, 41.272769642813351 ], [ -7.207164140215444, 41.272810912634959 ], [ -7.207075586292244, 41.272853240608356 ], [ -7.206979177888658, 41.272893885495591 ], [ -7.206890856450261, 41.272936214295626 ], [ -7.206807599728839, 41.272975525103483 ], [ -7.206726166774802, 41.273011696407096 ], [ -7.206648818807615, 41.273046278897993 ], [ -7.206572540397241, 41.273081685711936 ], [ -7.206492724594018, 41.273113366938084 ], [ -7.206414813042337, 41.273137233513623 ], [ -7.206337718215706, 41.273153812428532 ], [ -7.206257538796581, 41.273160730320448 ], [ -7.206099788160636, 41.273158925291114 ], [ -7.206026095543825, 41.273154100849091 ], [ -7.20596102199201, 41.273139259437045 ], [ -7.205802566260135, 41.27310278092051 ], [ -7.205772494068576, 41.273094348595038 ], [ -7.205719032967063, 41.273077079454076 ], [ -7.205637416151834, 41.273050220139346 ], [ -7.205599163567129, 41.273037847418756 ], [ -7.205560960607554, 41.273022054445875 ], [ -7.205482738880264, 41.272991352434886 ], [ -7.205436672650637, 41.272974595653714 ], [ -7.205403300412415, 41.27296280423927 ], [ -7.205328740575507, 41.272935463132654 ], [ -7.205260525496048, 41.272905919401424 ], [ -7.205198630526597, 41.272877598900031 ], [ -7.205139305188076, 41.272852900699817 ], [ -7.20507096211879, 41.272832995562879 ], [ -7.204996249662975, 41.272816365131611 ], [ -7.204921853262211, 41.272802532958394 ], [ -7.204848122177816, 41.272792033999579 ], [ -7.204774340840328, 41.272785589113042 ], [ -7.204750828451051, 41.272785399505231 ], [ -7.20468936614543, 41.272785444083432 ], [ -7.204614741595032, 41.272787635283983 ], [ -7.204529538582877, 41.272795684683537 ], [ -7.204448092182259, 41.272807722505533 ], [ -7.204366655840511, 41.272819132768497 ], [ -7.20429219756776, 41.272835101300814 ], [ -7.204221038542595, 41.272853980403916 ], [ -7.204152099689412, 41.272876202574892 ], [ -7.204083434768055, 41.272904101268466 ], [ -7.204012182901224, 41.272938103598385 ], [ -7.203943366809724, 41.272976990432817 ], [ -7.203869921823187, 41.273022223734174 ], [ -7.203799526702567, 41.273071452394987 ], [ -7.203734620945997, 41.273120719926027 ], [ -7.2036798709405, 41.273169531871716 ], [ -7.203633994986455, 41.2732231830852 ], [ -7.203586631606467, 41.273281059576085 ], [ -7.203533197479969, 41.273337715599361 ], [ -7.203477643271641, 41.273392461825196 ], [ -7.203428623181779, 41.273449152542824 ], [ -7.203385667222547, 41.273507602983457 ], [ -7.203342003091265, 41.273565237323183 ], [ -7.203292196366424, 41.273627049433877 ], [ -7.203242470787099, 41.273691210433917 ], [ -7.203192063080333, 41.273753559688942 ], [ -7.203084436630472, 41.273869475479714 ], [ -7.20303487771741, 41.273922288128041 ], [ -7.20299230576968, 41.273979030748606 ], [ -7.202945515152199, 41.27403834953995 ], [ -7.20289130284067, 41.27409895894835 ], [ -7.202834117781771, 41.274159542506894 ], [ -7.202778786455881, 41.27422329693632 ], [ -7.202728356559421, 41.274286728087944 ], [ -7.202683808188593, 41.274348224061228 ], [ -7.20263927409977, 41.274408372225736 ], [ -7.202594897721859, 41.274465729491389 ], [ -7.202553082119606, 41.27451941848026 ], [ -7.202513216972435, 41.274570059142548 ], [ -7.20247257896421, 41.274616372499587 ], [ -7.202432729139306, 41.274665841830021 ], [ -7.202387643507246, 41.274714457550616 ], [ -7.202318893831158, 41.274723181270268 ], [ -7.202253259655798, 41.27472238044713 ], [ -7.202174131523232, 41.274705711579941 ], [ -7.202111101181477, 41.274681254686506 ], [ -7.202041372251927, 41.274649536741045 ], [ -7.201971855256553, 41.27461962307806 ], [ -7.201901620989087, 41.274598529339343 ], [ -7.201820435455844, 41.274592022663512 ], [ -7.201736190792906, 41.274591070088938 ], [ -7.201654453976293, 41.27458951016213 ], [ -7.201569561373532, 41.27458351175666 ], [ -7.2014763943275, 41.274572047498253 ], [ -7.201376029824412, 41.274554668677901 ], [ -7.201274871002684, 41.274534401144585 ], [ -7.201179980727593, 41.274518148751255 ], [ -7.201092057208239, 41.274507084090786 ], [ -7.20100863010375, 41.274498756984563 ], [ -7.200931115219397, 41.274493900131127 ], [ -7.200862509132687, 41.274492535107854 ], [ -7.200799863420754, 41.274491757657344 ], [ -7.200716980342267, 41.274495862133136 ], [ -7.200657933261566, 41.2745103332947 ], [ -7.200593414722084, 41.274531959741658 ], [ -7.200522613318261, 41.274559301446907 ], [ -7.200440125130942, 41.274585376998466 ], [ -7.200354351313833, 41.274608003430124 ], [ -7.200271333997226, 41.274629571648546 ], [ -7.200190518197701, 41.274647735209314 ], [ -7.200110111875153, 41.274662032992488 ], [ -7.200034623967558, 41.274674655313667 ], [ -7.199959761104732, 41.274693501747585 ], [ -7.199880228821234, 41.274721758226526 ], [ -7.199691951533622, 41.274793440982684 ], [ -7.199604897121461, 41.274830100082966 ], [ -7.199521205287797, 41.274865799543178 ], [ -7.199437201818982, 41.274897983935759 ], [ -7.199350739610909, 41.274926819526947 ], [ -7.199265290852507, 41.274951787031732 ], [ -7.199184011694848, 41.274976704562015 ], [ -7.199103076947829, 41.275003328394668 ], [ -7.199020718529104, 41.27502859451328 ], [ -7.198941593339224, 41.27505352214591 ], [ -7.198853358591571, 41.275072797787857 ], [ -7.198765163749308, 41.275080818627515 ], [ -7.198678626724983, 41.27508155597679 ], [ -7.198519799108627, 41.275079641765537 ], [ -7.198449645191642, 41.275077724294704 ], [ -7.198379749309126, 41.275066170044404 ], [ -7.19831301273079, 41.275034118482758 ], [ -7.19817231444655, 41.274965984879664 ], [ -7.197761619918367, 41.275025146677592 ], [ -7.196722862223399, 41.274928033763565 ], [ -7.195767701009864, 41.274844376130424 ], [ -7.195053366190823, 41.274753843856075 ], [ -7.194326856620354, 41.274697335002806 ], [ -7.193785016629455, 41.274663299868514 ], [ -7.193376881715086, 41.274643136760815 ], [ -7.192519933382998, 41.274560971498396 ], [ -7.192003445075537, 41.274514841893662 ] ] ] } },
{ "type": "Feature", "properties": { "dtmnfr": "041023", "freguesia": "União das freguesias de Vila Flor e Nabo", "municipio": "Vila Flor", "distrito_i": "Bragança", "nuts3_cod": "11E", "nuts3": "Terras de Trás-os-Montes", "nuts2": "Norte", "nuts1": "Continente", "area_ha": 4025.72, "perimetro_": 30, "designacao": "Vila Flor e Nabo" }, "geometry": { "type": "Polygon", "coordinates": [ [ [ -7.165195681130626, 41.328194458969172 ], [ -7.165102944926571, 41.328173148204954 ], [ -7.165065162487164, 41.328159327188295 ], [ -7.16471944989669, 41.328032353353251 ], [ -7.164327190825947, 41.327805403848011 ], [ -7.163936449226568, 41.327468344714134 ], [ -7.162926666608192, 41.326603233117517 ], [ -7.16221229800934, 41.32599648578443 ], [ -7.161411144727674, 41.325346773657557 ], [ -7.160953408977677, 41.324954400033008 ], [ -7.160086883114804, 41.324236599446003 ], [ -7.159628979544651, 41.323856550021567 ], [ -7.158939419923979, 41.323336430086961 ], [ -7.158101270978091, 41.322777324341018 ], [ -7.15758969701375, 41.322513867170322 ], [ -7.156881375221348, 41.322213266169463 ], [ -7.156027286552474, 41.321876313379541 ], [ -7.154979216120164, 41.32147711280237 ], [ -7.15424405628539, 41.321215709337679 ], [ -7.152912033415109, 41.320686134620438 ], [ -7.152415378951035, 41.320481576475252 ], [ -7.151830890487105, 41.320241065473624 ], [ -7.151142676932962, 41.319964283719337 ], [ -7.150250459496213, 41.319633623890098 ], [ -7.149976131966208, 41.319505504583503 ], [ -7.149288243618783, 41.319232673563342 ], [ -7.148548459749105, 41.318916267334345 ], [ -7.147835072684846, 41.318600086825469 ], [ -7.14683002189788, 41.318142746404085 ], [ -7.146541009249764, 41.317975414066701 ], [ -7.146134013902484, 41.317712437675468 ], [ -7.14556327152988, 41.31725231510385 ], [ -7.145060120416176, 41.316784578139462 ], [ -7.144810780532291, 41.316537447624441 ], [ -7.144581171047811, 41.316225477395065 ], [ -7.144034072030732, 41.315576739783388 ], [ -7.143695985323634, 41.315228275250114 ], [ -7.143147458090519, 41.314825955156095 ], [ -7.142900444145121, 41.314655014024609 ], [ -7.142219899583442, 41.314225176522434 ], [ -7.14150247146446, 41.313810504953352 ], [ -7.140818451410574, 41.313421870980989 ], [ -7.140157641557129, 41.313070705102511 ], [ -7.139594937069178, 41.312771252925671 ], [ -7.138862894291606, 41.312345993224277 ], [ -7.138465749793103, 41.312099194529551 ], [ -7.137899882324445, 41.311670592498395 ], [ -7.137214494347807, 41.311241317341889 ], [ -7.136797541885626, 41.310931225454468 ], [ -7.13600298817383, 41.310488840002535 ], [ -7.134733399040571, 41.310007949703909 ], [ -7.13450028020204, 41.309931106188145 ], [ -7.133888363426665, 41.309800295487946 ], [ -7.133110612823155, 41.309612937469353 ], [ -7.132540254117704, 41.309498234009887 ], [ -7.131786299142232, 41.30929333698176 ], [ -7.131435222887708, 41.309113629705109 ], [ -7.13106076312456, 41.308760846931399 ], [ -7.130630190738472, 41.308313666393538 ], [ -7.130373979016284, 41.308060770311883 ], [ -7.130276572012702, 41.307965113446222 ], [ -7.129994287004276, 41.307707400915838 ], [ -7.129648738682936, 41.307330733918228 ], [ -7.129415848069121, 41.306888956443288 ], [ -7.129221708084545, 41.306333798053593 ], [ -7.129116363300737, 41.305734935119943 ], [ -7.129056929391774, 41.305522377552961 ], [ -7.129015288689319, 41.305192293198417 ], [ -7.128960324061437, 41.305054505758022 ], [ -7.128920704759438, 41.304569297750284 ], [ -7.128856553550493, 41.304353007256189 ], [ -7.128730126716173, 41.303766925574848 ], [ -7.128546615211531, 41.302947320716953 ], [ -7.128476857745302, 41.30272306112964 ], [ -7.128338539111914, 41.302258693538079 ], [ -7.128234229297887, 41.301928063460636 ], [ -7.128031919345367, 41.301206620529854 ], [ -7.127887146091772, 41.300820710661931 ], [ -7.127748655145099, 41.300360305182629 ], [ -7.127651362859049, 41.299907820936966 ], [ -7.127476917806135, 41.299409739864245 ], [ -7.127263541349081, 41.298733124920275 ], [ -7.12703864202383, 41.29814645406848 ], [ -7.126911487347816, 41.297874147034626 ], [ -7.126592099211015, 41.297587196924226 ], [ -7.126147206174165, 41.297301670069992 ], [ -7.125544134715854, 41.296969475050069 ], [ -7.124898081530618, 41.296598360629034 ], [ -7.124685376301782, 41.296455503901846 ], [ -7.124233169299384, 41.296188994914829 ], [ -7.12369305973294, 41.295893354364352 ], [ -7.123298444354173, 41.295709819666904 ], [ -7.122854237478396, 41.295482545493229 ], [ -7.12228229796553, 41.295192469744343 ], [ -7.122156181708794, 41.295125550207388 ], [ -7.121828908760204, 41.294957548524465 ], [ -7.121457161753791, 41.294754490585511 ], [ -7.121310573084766, 41.294699183617084 ], [ -7.120693345441047, 41.294351079940299 ], [ -7.120326139727466, 41.294194788996407 ], [ -7.119632442609324, 41.293889861611547 ], [ -7.119135550718736, 41.29371270892112 ], [ -7.118646325184077, 41.29348051903127 ], [ -7.118164753000851, 41.293262980108835 ], [ -7.117667937855566, 41.292988758741146 ], [ -7.117529593985684, 41.292933518791081 ], [ -7.116872644475988, 41.292670582965002 ], [ -7.116472950046388, 41.292532000880001 ], [ -7.116129656163263, 41.29236690554815 ], [ -7.115711418330229, 41.292177199798722 ], [ -7.114935204484456, 41.291815055215068 ], [ -7.114413666730387, 41.291597419003395 ], [ -7.114034621239538, 41.291428937861482 ], [ -7.113222769614505, 41.291071960453451 ], [ -7.112678119961524, 41.290806033883676 ], [ -7.112162355081961, 41.290586274990019 ], [ -7.11168070248069, 41.290368980148685 ], [ -7.111463327163668, 41.290268280845844 ], [ -7.110564160749612, 41.289916725152416 ], [ -7.10992758117402, 41.289682925308931 ], [ -7.109142901185892, 41.289439068025118 ], [ -7.108584198100922, 41.28928725324549 ], [ -7.108093920085834, 41.289126951949164 ], [ -7.107655172064302, 41.288961249635207 ], [ -7.106998747218909, 41.288715459779866 ], [ -7.106449849591131, 41.288479537417977 ], [ -7.105714138306994, 41.288060609278844 ], [ -7.105469655819546, 41.287923371520655 ], [ -7.104691026496116, 41.287455794969205 ], [ -7.104360716280278, 41.287227748971851 ], [ -7.10367011517652, 41.286742490388811 ], [ -7.103111378427102, 41.286359337922242 ], [ -7.102859414141368, 41.286198083338668 ], [ -7.102054694785536, 41.28570639121758 ], [ -7.101715083774281, 41.285547137573651 ], [ -7.101272990285664, 41.285339244957676 ], [ -7.100683919839494, 41.285133008331613 ], [ -7.100086768642008, 41.2850086316448 ], [ -7.099697856955039, 41.284948334634322 ], [ -7.09907654419755, 41.28484966730835 ], [ -7.098519920477212, 41.284850527474042 ], [ -7.09794285416351, 41.284860565270144 ], [ -7.097421654981927, 41.284885692912127 ], [ -7.097111175248162, 41.284916126468005 ], [ -7.096856835421939, 41.284913842538494 ], [ -7.09639575397888, 41.284888634133075 ], [ -7.095871750741512, 41.284841961354807 ], [ -7.095653148427665, 41.284836937224114 ], [ -7.095380059070972, 41.284767489522913 ], [ -7.095462906278843, 41.28405719711953 ], [ -7.095456526729527, 41.282950560070589 ], [ -7.094995572601147, 41.281929511292311 ], [ -7.094513705240387, 41.281484253241693 ], [ -7.094054737290451, 41.28109322115936 ], [ -7.094000056906776, 41.280777682105843 ], [ -7.093671666542853, 41.279655988138472 ], [ -7.093497574349088, 41.279366289738114 ], [ -7.093365587150058, 41.279410121281224 ], [ -7.093279481271953, 41.279571419160156 ], [ -7.093171220358655, 41.279624464295786 ], [ -7.092210893070574, 41.278508322086012 ], [ -7.091940546288905, 41.27824476741236 ], [ -7.091891018804481, 41.27760504414541 ], [ -7.091696212179929, 41.277117072878553 ], [ -7.091297118957209, 41.276693977691856 ], [ -7.091162484674741, 41.276152617819534 ], [ -7.091012140099859, 41.275872137196586 ], [ -7.090871795684497, 41.275690792789028 ], [ -7.091116605253846, 41.275305833058546 ], [ -7.091466885900695, 41.27502087218452 ], [ -7.091560784632639, 41.274864691888801 ], [ -7.091283733731424, 41.274671669032983 ], [ -7.090996137662755, 41.274488989295008 ], [ -7.090629281093572, 41.274314599603215 ], [ -7.090218148197853, 41.274155028910229 ], [ -7.089510881272716, 41.273870053260637 ], [ -7.089534946907079, 41.273827861641294 ], [ -7.089745055117962, 41.273508948779906 ], [ -7.089941505964782, 41.27328310776489 ], [ -7.090067230078684, 41.273137033208464 ], [ -7.090115022162837, 41.273088570847619 ], [ -7.090639022146954, 41.272573061856988 ], [ -7.090917299713572, 41.272289791472566 ], [ -7.091201315052309, 41.27205825446061 ], [ -7.091528278489931, 41.271857718979099 ], [ -7.091702361594663, 41.271626898552668 ], [ -7.09177923624223, 41.271437971236097 ], [ -7.091795329067393, 41.271288651071778 ], [ -7.091763875669139, 41.271134488846506 ], [ -7.091566834553565, 41.270600671635755 ], [ -7.091471002652252, 41.270390190171597 ], [ -7.091286384497624, 41.270088786647882 ], [ -7.091136346682862, 41.269834778720416 ], [ -7.091052177598352, 41.269731645688367 ], [ -7.090863807239906, 41.26959173235408 ], [ -7.090218413374838, 41.269253656279588 ], [ -7.089776352979546, 41.269052379898604 ], [ -7.08959006135317, 41.268947693524616 ], [ -7.089151565915513, 41.268657579210327 ], [ -7.088964770497571, 41.268494091020663 ], [ -7.088676271254562, 41.268130329999714 ], [ -7.088583069609092, 41.267964895434993 ], [ -7.088489874385531, 41.26767952552342 ], [ -7.08843247088805, 41.267402135545588 ], [ -7.088364582482016, 41.267093407328062 ], [ -7.088349466795807, 41.266895814701734 ], [ -7.088330247454693, 41.266701426271482 ], [ -7.08834238593789, 41.266358303183516 ], [ -7.088361906476394, 41.266136442090044 ], [ -7.088440861858077, 41.26588423655113 ], [ -7.088469268097828, 41.265838577414293 ], [ -7.088542744091922, 41.265743079383967 ], [ -7.088602464177042, 41.265694906789818 ], [ -7.089077062729944, 41.265491573757302 ], [ -7.089441120842333, 41.265410769151757 ], [ -7.089781778411939, 41.26537558719459 ], [ -7.090063099418496, 41.265364622288679 ], [ -7.090483087154126, 41.265383814664446 ], [ -7.090695755210513, 41.265375114907584 ], [ -7.091124389205859, 41.265322984033212 ], [ -7.091191656207331, 41.265310081423621 ], [ -7.091407225115787, 41.265261427841814 ], [ -7.091608570847403, 41.265146735726923 ], [ -7.091784735234695, 41.265016957942038 ], [ -7.091938846382353, 41.264840521469452 ], [ -7.092001959221906, 41.264675690126062 ], [ -7.092012911118436, 41.264526595184392 ], [ -7.091836923824773, 41.264095968934306 ], [ -7.091785408605344, 41.263980969967058 ], [ -7.09145575562986, 41.263563542257721 ], [ -7.091336972041375, 41.263431015837028 ], [ -7.091076043384968, 41.263165021841921 ], [ -7.090786577081148, 41.262877703951354 ], [ -7.090529617286157, 41.262715290047964 ], [ -7.090333902196122, 41.262641129560485 ], [ -7.090125487371859, 41.262615116168924 ], [ -7.089386611607511, 41.262600508814344 ], [ -7.088671441178882, 41.262572698485897 ], [ -7.088385399722288, 41.262528689928779 ], [ -7.088117458614181, 41.262449189019492 ], [ -7.087983585792002, 41.262373426714646 ], [ -7.087787268989772, 41.262247303207815 ], [ -7.08753820480303, 41.262031743231475 ], [ -7.087398711213363, 41.261874350911825 ], [ -7.087253575648827, 41.261666755634579 ], [ -7.087084311636417, 41.2614083347015 ], [ -7.087030342341003, 41.261163031106378 ], [ -7.087074487063824, 41.260946253266397 ], [ -7.087144651121243, 41.260781398530114 ], [ -7.087223108820376, 41.260627330285345 ], [ -7.087563565985009, 41.260273232067249 ], [ -7.087956047344086, 41.259821817755466 ], [ -7.088157894647392, 41.25955461051899 ], [ -7.088298290790455, 41.259309985587713 ], [ -7.088474585478805, 41.259028498669203 ], [ -7.08853068516359, 41.258832356045922 ], [ -7.088623977610721, 41.258570644915856 ], [ -7.088744964697897, 41.258323323066691 ], [ -7.088975225776952, 41.257889526422126 ], [ -7.089008419781202, 41.257842829118573 ], [ -7.089212702957283, 41.257557090094075 ], [ -7.089255853604882, 41.257394329153321 ], [ -7.08928951030996, 41.257205908852505 ], [ -7.089324687073327, 41.256869393142317 ], [ -7.089406901924312, 41.256268311466648 ], [ -7.089405456103934, 41.256103703675052 ], [ -7.089438370038722, 41.255887366740211 ], [ -7.089449673078971, 41.255708740875058 ], [ -7.089501572328595, 41.254694915490361 ], [ -7.089513807549713, 41.25465334130309 ], [ -7.089518154481545, 41.25445475251076 ], [ -7.089521121135456, 41.253959830060424 ], [ -7.089634122172187, 41.253418186222731 ], [ -7.089833221247714, 41.252833920283543 ], [ -7.090002575044229, 41.252236685130214 ], [ -7.090149750767311, 41.251683641382954 ], [ -7.090278226555597, 41.251106031548879 ], [ -7.090380985278053, 41.250547362705092 ], [ -7.090394637725943, 41.250484101478165 ], [ -7.090487059650854, 41.249854477911938 ], [ -7.090621531803573, 41.249251886048548 ], [ -7.090677398235267, 41.248881518782305 ], [ -7.090735644598873, 41.248638940458044 ], [ -7.090815687548083, 41.24838395015432 ], [ -7.090972080632247, 41.248015840634309 ], [ -7.091255664511041, 41.247413244144823 ], [ -7.091317610284583, 41.24719320365795 ], [ -7.091310264287231, 41.246858823977533 ], [ -7.091292470197657, 41.246288173453529 ], [ -7.091291639645252, 41.245708487740259 ], [ -7.091285812511685, 41.245489008037751 ], [ -7.091276236167865, 41.245152354363064 ], [ -7.091240481396135, 41.244585681204931 ], [ -7.091225587209962, 41.24404242722526 ], [ -7.091170520096458, 41.243467388184854 ], [ -7.091171388827073, 41.243247340508901 ], [ -7.091249862814337, 41.242932637650959 ], [ -7.091338469338571, 41.242678357192126 ], [ -7.091491233079138, 41.242425105508175 ], [ -7.091818133435225, 41.241932833921531 ], [ -7.092093251268167, 41.241463692796032 ], [ -7.092373590216413, 41.241229867953628 ], [ -7.092873820723114, 41.240947420223954 ], [ -7.093192336277164, 41.240795784288444 ], [ -7.093589075119239, 41.240615315928061 ], [ -7.093933444566686, 41.240435277533258 ], [ -7.09422874455586, 41.240219590360226 ], [ -7.094290737930957, 41.240161623317334 ], [ -7.094467427133837, 41.239971157132238 ], [ -7.094602549185602, 41.23965579494832 ], [ -7.094762764754769, 41.239118982439308 ], [ -7.094863040174451, 41.238811768545681 ], [ -7.094895815374698, 41.238601909221195 ], [ -7.094944281122834, 41.238078403274784 ], [ -7.09492195755361, 41.237581274769653 ], [ -7.094912804917451, 41.237073095438859 ], [ -7.095001636730433, 41.236568860051094 ], [ -7.095047473697577, 41.236408012261165 ], [ -7.095226458884805, 41.236048923747653 ], [ -7.095423092269424, 41.235803084201017 ], [ -7.095771963197936, 41.235517013602092 ], [ -7.096461209955021, 41.234968831748603 ], [ -7.096852174277192, 41.234644866788727 ], [ -7.097062786388021, 41.23442733561216 ], [ -7.097196803850604, 41.234370008698704 ], [ -7.097352791493464, 41.234303340355858 ], [ -7.097409452375529, 41.234371379697265 ], [ -7.097440165832678, 41.234624848682586 ], [ -7.097422886953167, 41.23498764198758 ], [ -7.097437909421339, 41.235502717244124 ], [ -7.097732705837476, 41.235809513503014 ], [ -7.098212928682965, 41.236067015506151 ], [ -7.099049042038695, 41.236395322133973 ], [ -7.09972561748707, 41.236629274301727 ], [ -7.100097259032245, 41.236814033207203 ], [ -7.100462189548431, 41.23705365284529 ], [ -7.10114596926199, 41.237566605548793 ], [ -7.101692905710819, 41.237968214020142 ], [ -7.101988266714065, 41.23824097351941 ], [ -7.10224877674966, 41.238530254228465 ], [ -7.102544401558434, 41.238786450767208 ], [ -7.102875935022564, 41.238966606164482 ], [ -7.103149273006781, 41.23907709508827 ], [ -7.103444954190339, 41.239116830231303 ], [ -7.103847945954676, 41.239190211446477 ], [ -7.104125830142659, 41.239223662976705 ], [ -7.104572022070965, 41.239295800704717 ], [ -7.104770847610967, 41.23931251625482 ], [ -7.104978765125192, 41.239319954723889 ], [ -7.105449163246067, 41.239392842751521 ], [ -7.105717042747153, 41.239425572660423 ], [ -7.105920408781323, 41.239479784565766 ], [ -7.106120653152789, 41.239573863491259 ], [ -7.106783664316268, 41.239847898694656 ], [ -7.107113461835257, 41.240040906744966 ], [ -7.107369115428406, 41.240284037160194 ], [ -7.107506089566441, 41.240442554841174 ], [ -7.107759249774979, 41.240608585558171 ], [ -7.107958895972669, 41.240641870402392 ], [ -7.108641789801456, 41.240682245323214 ], [ -7.109118228030954, 41.240705020368509 ], [ -7.10931383321174, 41.240737190938326 ], [ -7.109986360952997, 41.240807352009263 ], [ -7.110594605510374, 41.240815354948602 ], [ -7.110663536605507, 41.240816508253808 ], [ -7.110931687138365, 41.240832388140987 ], [ -7.11112997745879, 41.240876282953472 ], [ -7.111316685796557, 41.240951681616451 ], [ -7.111976097628482, 41.2411983753775 ], [ -7.112371845676588, 41.241301819862905 ], [ -7.112633836924922, 41.241407054275548 ], [ -7.113282972902279, 41.24175557461826 ], [ -7.113623232492849, 41.241944964134746 ], [ -7.1139237171638, 41.242183971326149 ], [ -7.114028851530263, 41.242281693864669 ], [ -7.114159362414382, 41.242373245306887 ], [ -7.114321075999274, 41.242522610495364 ], [ -7.114512323747326, 41.242644231403133 ], [ -7.114574242537293, 41.242666659069343 ], [ -7.114699961892667, 41.242682983555014 ], [ -7.114840306407807, 41.24267188571045 ], [ -7.114970436559523, 41.242619012142121 ], [ -7.114986895569778, 41.242642206299323 ], [ -7.116628316967781, 41.244981686263287 ], [ -7.12042733346161, 41.247967762181943 ], [ -7.128074998899803, 41.250700079345471 ], [ -7.134545970804494, 41.252966464353023 ], [ -7.136320614608299, 41.253759485648878 ], [ -7.140784548434203, 41.255837896658313 ], [ -7.141404145643828, 41.25626506293559 ], [ -7.148912403270196, 41.257999586500119 ], [ -7.15050714268865, 41.257606286513933 ], [ -7.15063875863762, 41.257629917217763 ], [ -7.150842222463012, 41.25763615359147 ], [ -7.151034188483154, 41.257645349303012 ], [ -7.151300114070666, 41.257711811869413 ], [ -7.151493591357119, 41.257787203122213 ], [ -7.151965671049318, 41.257959949816453 ], [ -7.152144221214373, 41.258092384018404 ], [ -7.15228247137508, 41.258175137784143 ], [ -7.152690032773785, 41.258321491981221 ], [ -7.152797174488422, 41.258409922880688 ], [ -7.152906004627162, 41.258569315515068 ], [ -7.152946994602522, 41.25866871091953 ], [ -7.152959489854516, 41.25892705181699 ], [ -7.152927395802722, 41.259030952792386 ], [ -7.15279026047063, 41.259249215763667 ], [ -7.152720086171016, 41.259481908749812 ], [ -7.152722679632554, 41.259683888173633 ], [ -7.152783825225133, 41.259784623083974 ], [ -7.15284274353781, 41.25983410862974 ], [ -7.153026589445283, 41.259932191944969 ], [ -7.153162449665167, 41.259999703842155 ], [ -7.153347032238886, 41.260144524855328 ], [ -7.15361138119732, 41.260277327643585 ], [ -7.153685886747184, 41.260306050566399 ], [ -7.153963203060101, 41.260433649573031 ], [ -7.154334679157659, 41.260704670885332 ], [ -7.154585540902583, 41.260902095009001 ], [ -7.154819231804682, 41.261234969204729 ], [ -7.154909537401354, 41.261405010040775 ], [ -7.155122535319453, 41.26165352348869 ], [ -7.155212970627875, 41.261766568631081 ], [ -7.155408165944346, 41.262032761943779 ], [ -7.155528701008289, 41.262128322671444 ], [ -7.155599274458523, 41.262164939932447 ], [ -7.155737100213888, 41.262204914876406 ], [ -7.155950793062056, 41.262230134900612 ], [ -7.156080245495348, 41.262271658191104 ], [ -7.156176854258766, 41.262370979664908 ], [ -7.156288211255617, 41.262530027612044 ], [ -7.156524154579646, 41.262889125493828 ], [ -7.156572025804715, 41.263056374827329 ], [ -7.156559678212133, 41.26338094983619 ], [ -7.156500184323837, 41.263546208814191 ], [ -7.156465800735929, 41.263603366566819 ], [ -7.156288036343037, 41.26382578638357 ], [ -7.156236780992728, 41.263934211325129 ], [ -7.156225659241063, 41.264152552475295 ], [ -7.156230353018449, 41.264270457101212 ], [ -7.156280423195477, 41.264434299136411 ], [ -7.156336868619503, 41.264530221877678 ], [ -7.156460360142562, 41.264675869195777 ], [ -7.156543026443058, 41.26483053788516 ], [ -7.156537906730208, 41.265150674783172 ], [ -7.156542633098949, 41.265210049746592 ], [ -7.156588087685604, 41.265435803916617 ], [ -7.156582510810675, 41.265762603502331 ], [ -7.156527435253491, 41.265927356056437 ], [ -7.156403978429861, 41.266156454821036 ], [ -7.156349015651193, 41.266321753878735 ], [ -7.156332955525373, 41.266567242565777 ], [ -7.156305825249675, 41.266826686321842 ], [ -7.156275599021334, 41.266973647778414 ], [ -7.156221925476505, 41.267124279296659 ], [ -7.156038397801393, 41.267404370985517 ], [ -7.156017222073852, 41.26774489975864 ], [ -7.15848475847209, 41.269707558064837 ], [ -7.161749316818328, 41.271709383970204 ], [ -7.163554523852509, 41.272048983180163 ], [ -7.165463021112416, 41.272523662687178 ], [ -7.166382548114746, 41.27284254977819 ], [ -7.166703042814327, 41.273033774496561 ], [ -7.167430179011222, 41.273881193936845 ], [ -7.167941254724004, 41.27456130593341 ], [ -7.168703054894988, 41.275870724858038 ], [ -7.17001039480058, 41.278119576481153 ], [ -7.170780173008967, 41.279501080967968 ], [ -7.170908502791319, 41.279727791986815 ], [ -7.170890959283317, 41.279776625469644 ], [ -7.170868367571054, 41.279819474992642 ], [ -7.170828324616775, 41.279904950475505 ], [ -7.170809368788639, 41.279952333294275 ], [ -7.170790267264228, 41.28000142565709 ], [ -7.170771602481983, 41.280053042795629 ], [ -7.170754166209975, 41.280102688413983 ], [ -7.170737333371572, 41.280151799732558 ], [ -7.170722184467464, 41.280200113863216 ], [ -7.170706466842987, 41.280246352309995 ], [ -7.170687526709432, 41.28029265385279 ], [ -7.170630922029885, 41.280424989123219 ], [ -7.170613104905785, 41.280467883913012 ], [ -7.170574262668049, 41.280552825492279 ], [ -7.170554152819579, 41.280597406464253 ], [ -7.170532200219031, 41.280645302613657 ], [ -7.170510245432821, 41.280693832623705 ], [ -7.170486394687615, 41.280741175350514 ], [ -7.17045851643445, 41.280786500804496 ], [ -7.170431747824324, 41.280829497184811 ], [ -7.170406854780706, 41.280874576568664 ], [ -7.170386840050774, 41.280920873571255 ], [ -7.17036861597715, 41.28096691002245 ], [ -7.170342707369243, 41.281049081994588 ], [ -7.170317202685563, 41.28113584579043 ], [ -7.170302085625964, 41.281181549855098 ], [ -7.170285640521574, 41.281228682553596 ], [ -7.170269673136127, 41.281275551825388 ], [ -7.170256323544875, 41.281322976929395 ], [ -7.170244766079126, 41.28137069254467 ], [ -7.170234048422429, 41.281417873140498 ], [ -7.170224400761128, 41.281465424646825 ], [ -7.170217378123931, 41.281512635247047 ], [ -7.170212432689679, 41.281597502755666 ], [ -7.170210099459605, 41.281675187991262 ], [ -7.170214394615541, 41.281764720343588 ], [ -7.170219656166964, 41.281813115977897 ], [ -7.170222977682911, 41.281863567210515 ], [ -7.170223437735347, 41.28191363344623 ], [ -7.17022189595005, 41.281961432830755 ], [ -7.170218124862142, 41.282048016419026 ], [ -7.17020508479351, 41.282123090961854 ], [ -7.17017932930951, 41.282194637608747 ], [ -7.170148431397014, 41.282266680572405 ], [ -7.170108112871389, 41.28234621080086 ], [ -7.170059874787071, 41.28242855424628 ], [ -7.17003200740044, 41.28247307021045 ], [ -7.170005319969975, 41.282518677423006 ], [ -7.169977267695002, 41.282567157198969 ], [ -7.169949319346747, 41.282617252258909 ], [ -7.169922572301084, 41.282666824324778 ], [ -7.169895361403284, 41.282715305716835 ], [ -7.169842920088348, 41.282807701103543 ], [ -7.169817595048293, 41.282849446138158 ], [ -7.169792749767613, 41.282891195181634 ], [ -7.169769810865917, 41.282933503115771 ], [ -7.169746720829887, 41.282977968945254 ], [ -7.169721817150562, 41.283023681955591 ], [ -7.169694640368095, 41.283069823436037 ], [ -7.169667806733837, 41.283117141005938 ], [ -7.169639152861542, 41.283166153198515 ], [ -7.169552828815897, 41.283306163557796 ], [ -7.169527598838975, 41.28334953454619 ], [ -7.169505236795931, 41.283393015074054 ], [ -7.169467867075024, 41.283475090870056 ], [ -7.169438405144253, 41.283555070086173 ], [ -7.169388702393864, 41.283687999978341 ], [ -7.16937238045144, 41.283734866134687 ], [ -7.169355573558589, 41.283781995647651 ], [ -7.169339242452357, 41.283829400162311 ], [ -7.16932028434824, 41.283876783580048 ], [ -7.169301336972217, 41.283923354921171 ], [ -7.16928278110298, 41.283967411111519 ], [ -7.169252775188666, 41.284051797688832 ], [ -7.169231354580175, 41.284136885525726 ], [ -7.169222939064073, 41.28418174423286 ], [ -7.169214709916287, 41.28422975500709 ], [ -7.169197656227403, 41.284326405450081 ], [ -7.169188015414425, 41.284373327519333 ], [ -7.169177305662054, 41.284419964212809 ], [ -7.169165397853698, 41.284466328855494 ], [ -7.169151587167365, 41.284512944981302 ], [ -7.169137188245217, 41.284558650374471 ], [ -7.16910683725632, 41.284641957133395 ], [ -7.169074679968877, 41.284726410274637 ], [ -7.169059783041321, 41.284773827652096 ], [ -7.169046003409864, 41.284826028316751 ], [ -7.169033642841347, 41.284879135863733 ], [ -7.169022001672491, 41.284932431315148 ], [ -7.169008215520432, 41.284984989378763 ], [ -7.168992881032568, 41.285037715453115 ], [ -7.168977573170137, 41.285088550003039 ], [ -7.168964211015476, 41.285136789680891 ], [ -7.168951901860337, 41.285186477018975 ], [ -7.168934598470077, 41.285267366476873 ], [ -7.168914682626012, 41.285355349926448 ], [ -7.168900122819403, 41.285403850583798 ], [ -7.168882655652582, 41.285455477392567 ], [ -7.168865873032783, 41.28550909171723 ], [ -7.168848256072351, 41.28556269995029 ], [ -7.168830645136965, 41.285615491565906 ], [ -7.168812830655422, 41.285666215050533 ], [ -7.168796026776147, 41.285713077069964 ], [ -7.168762364030314, 41.285794640710407 ], [ -7.170900008903708, 41.286090257840399 ], [ -7.172144190994303, 41.286156902785542 ], [ -7.174409670697352, 41.286250842262788 ], [ -7.175854023779665, 41.286253562062477 ], [ -7.177261646350152, 41.286237136737853 ], [ -7.178097042998093, 41.286168961646382 ], [ -7.179792163432247, 41.286371253259503 ], [ -7.177486000634222, 41.293408461464473 ], [ -7.176424284477858, 41.29731735826622 ], [ -7.175631107039722, 41.302280305520199 ], [ -7.174103510310659, 41.308078915328892 ], [ -7.174279961242469, 41.309870625504686 ], [ -7.173921696140403, 41.310558154243957 ], [ -7.173484552309432, 41.311265826959577 ], [ -7.173270399691549, 41.311594939456725 ], [ -7.172841977167129, 41.312334107095012 ], [ -7.172052427857277, 41.313650833910813 ], [ -7.171987525171934, 41.313728172777246 ], [ -7.171054068532264, 41.318567814301773 ], [ -7.169756945246132, 41.320924919308446 ], [ -7.168744094055476, 41.32256830466514 ], [ -7.167701360908197, 41.324161103133314 ], [ -7.167249342587509, 41.324903108732101 ], [ -7.16722901440332, 41.325115430685187 ], [ -7.167189088119619, 41.325271766303771 ], [ -7.167054220619975, 41.325451074582872 ], [ -7.16674816985083, 41.325704851571984 ], [ -7.166417230197649, 41.325953552944974 ], [ -7.166321217511015, 41.326057193278444 ], [ -7.166268727823527, 41.326222967205915 ], [ -7.166227825981524, 41.326412606199668 ], [ -7.165997823788679, 41.326773620533238 ], [ -7.165625211795416, 41.327287950743084 ], [ -7.165354322363228, 41.327732090270203 ], [ -7.165216557248639, 41.328115039579686 ], [ -7.165195681130626, 41.328194458969172 ] ] ] } },
{ "type": "Feature", "properties": { "dtmnfr": "041024", "freguesia": "União das freguesias de Vilas Boas e Vilarinho das Azenhas", "municipio": "Vila Flor", "distrito_i": "Bragança", "nuts3_cod": "11E", "nuts3": "Terras de Trás-os-Montes", "nuts2": "Norte", "nuts1": "Continente", "area_ha": 4296.38, "perimetro_": 28, "designacao": "Vilas Boas e Vilarinho das Azenhas" }, "geometry": { "type": "Polygon", "coordinates": [ [ [ -7.165065162487164, 41.328159327188295 ], [ -7.165102944926571, 41.328173148204954 ], [ -7.165195681130626, 41.328194458969172 ], [ -7.165684106483584, 41.328307499025364 ], [ -7.166178297339957, 41.328353784212311 ], [ -7.167242702273375, 41.328442383429277 ], [ -7.167751516898152, 41.328493372103381 ], [ -7.168514641028902, 41.328576830845073 ], [ -7.169214039822356, 41.328737183052183 ], [ -7.170164481586625, 41.328908809452464 ], [ -7.17066669297008, 41.328978548263635 ], [ -7.171538969479099, 41.32905623496903 ], [ -7.172190031180512, 41.329124955178429 ], [ -7.173089424979117, 41.329169810226247 ], [ -7.174234398918138, 41.329174383260941 ], [ -7.175549753667291, 41.329306860084941 ], [ -7.177502906810608, 41.329632878563153 ], [ -7.179646311530126, 41.329567869496522 ], [ -7.179993517481306, 41.329364732141691 ], [ -7.180874166442923, 41.328866706171517 ], [ -7.181942311013978, 41.328239305514714 ], [ -7.183684738258866, 41.327510298508187 ], [ -7.185016376149961, 41.326978318027905 ], [ -7.186931477661063, 41.32633901002891 ], [ -7.188606597393185, 41.325847346759311 ], [ -7.189566407379148, 41.325368724284402 ], [ -7.191735574153096, 41.324572313869091 ], [ -7.194286928211484, 41.323882070532015 ], [ -7.198648923885063, 41.322420317862914 ], [ -7.204505237201746, 41.320146941304806 ], [ -7.208192942823905, 41.31906494574902 ], [ -7.213055880102526, 41.326892279923449 ], [ -7.227266920075803, 41.335302704764196 ], [ -7.238185764049356, 41.344235477182416 ], [ -7.244353153269664, 41.349637208759347 ], [ -7.244431155070409, 41.349700474098846 ], [ -7.244500685562616, 41.349798164494537 ], [ -7.244573266491609, 41.349961872829681 ], [ -7.244571485264482, 41.350093221260884 ], [ -7.244481900539169, 41.350249290961969 ], [ -7.244223861424555, 41.350579634724852 ], [ -7.244109364504313, 41.350766661746228 ], [ -7.243922648648138, 41.351097826763159 ], [ -7.243827766081913, 41.35139755344327 ], [ -7.243730929184001, 41.351665569239962 ], [ -7.243660687837579, 41.351919118572447 ], [ -7.243657064680327, 41.351966268533374 ], [ -7.243660500814779, 41.352012125164329 ], [ -7.243673693718124, 41.352061478701941 ], [ -7.24371969956435, 41.352167086760801 ], [ -7.243779429982155, 41.352273612117784 ], [ -7.244046741490327, 41.352467007752942 ], [ -7.244130473952138, 41.352513211854422 ], [ -7.244481210293467, 41.352722463052686 ], [ -7.244570860983359, 41.352773481020492 ], [ -7.244654822459233, 41.35283769889535 ], [ -7.244722384716431, 41.352896204966825 ], [ -7.244882820098085, 41.353093000898518 ], [ -7.244922171989905, 41.353169568014067 ], [ -7.244934839342513, 41.353196135569299 ], [ -7.245023239397225, 41.353312424812138 ], [ -7.245043490551282, 41.353334553410669 ], [ -7.245202118520993, 41.353427433952085 ], [ -7.245279755280655, 41.353456482692707 ], [ -7.245406200640607, 41.353490139743442 ], [ -7.245543834175949, 41.353509744055721 ], [ -7.245846892298831, 41.353516850409925 ], [ -7.246206063337379, 41.353492598214537 ], [ -7.246608718759976, 41.353460217075074 ], [ -7.24693475053042, 41.353403388564296 ], [ -7.247234433135523, 41.353297643166556 ], [ -7.247375041399889, 41.353256223256658 ], [ -7.247419243793709, 41.353248371672294 ], [ -7.247449176604937, 41.353244098267709 ], [ -7.247489258136644, 41.353240174876163 ], [ -7.247526912213918, 41.353239110450723 ], [ -7.24766187955512, 41.353252482594037 ], [ -7.248019532708676, 41.353313751412472 ], [ -7.248073172965259, 41.353323440713673 ], [ -7.248226320263336, 41.353353333782806 ], [ -7.248541717871547, 41.353411218317895 ], [ -7.248590138836792, 41.353418340753457 ], [ -7.24864345014213, 41.35342577267329 ], [ -7.248681385877696, 41.353430567099949 ], [ -7.248847814676775, 41.353467856409075 ], [ -7.248910707823948, 41.353482657725557 ], [ -7.24896582488585, 41.353498295157749 ], [ -7.249029382700352, 41.353516789531021 ], [ -7.249286019370916, 41.353572509843929 ], [ -7.249590111064017, 41.353645156680678 ], [ -7.249642510759302, 41.353658256324451 ], [ -7.249697340371724, 41.353668487033147 ], [ -7.249797763989349, 41.353691500332062 ], [ -7.249836085432979, 41.353703315012062 ], [ -7.250273185693159, 41.35382821148341 ], [ -7.250199529957009, 41.353946949552231 ], [ -7.250089936177627, 41.354293662658762 ], [ -7.249971235887353, 41.354784270674124 ], [ -7.249895497486005, 41.355172836151191 ], [ -7.249776292037438, 41.355567554349435 ], [ -7.249754919763615, 41.355849570170939 ], [ -7.249896221817936, 41.356005157831099 ], [ -7.250130320778765, 41.356226555847762 ], [ -7.250174053116123, 41.356528249626635 ], [ -7.250088226898524, 41.356831739637414 ], [ -7.250057891806938, 41.357087307845866 ], [ -7.2501861506601, 41.357457178789303 ], [ -7.250407942359843, 41.358042415496499 ], [ -7.250580976586013, 41.358779262447982 ], [ -7.250518726508949, 41.359443269129372 ], [ -7.250256007656417, 41.359978695105575 ], [ -7.249972053661583, 41.360378004378525 ], [ -7.249459385328465, 41.360934840046198 ], [ -7.24877042681747, 41.361616371961404 ], [ -7.247764322898061, 41.362559099631142 ], [ -7.247064409779531, 41.363358128074047 ], [ -7.24632221024508, 41.364031044107705 ], [ -7.245586624010942, 41.364655385053538 ], [ -7.245016998379334, 41.36504482920607 ], [ -7.244518938901271, 41.365285539896213 ], [ -7.243958803406002, 41.365414838647744 ], [ -7.243480506626193, 41.365484890395457 ], [ -7.242566622940191, 41.365788475825809 ], [ -7.241562994081331, 41.366265849277617 ], [ -7.240814148240548, 41.366761663382015 ], [ -7.240049875075134, 41.367476952098315 ], [ -7.239577144007248, 41.36823204432649 ], [ -7.239109508632343, 41.368972677773947 ], [ -7.238606252542395, 41.369668194617411 ], [ -7.238418322845954, 41.370029768742462 ], [ -7.237964718492885, 41.370511194539695 ], [ -7.237287624429698, 41.370833137509187 ], [ -7.236527675685334, 41.370903497291629 ], [ -7.235651161967476, 41.370705080210499 ], [ -7.234711305599045, 41.370219209941311 ], [ -7.234035848044579, 41.369742149215554 ], [ -7.233204664847245, 41.369212909129942 ], [ -7.232468157486917, 41.368830976988811 ], [ -7.23199585283896, 41.368653694741106 ], [ -7.231278013046994, 41.368488538044659 ], [ -7.230604683982696, 41.368449778977805 ], [ -7.229751755916952, 41.368494875063085 ], [ -7.229165397097101, 41.3685456562173 ], [ -7.22841078080124, 41.368516691175735 ], [ -7.227518979712989, 41.368425057589725 ], [ -7.226927016739663, 41.368474968376219 ], [ -7.226198707247499, 41.368686691399951 ], [ -7.225666953517757, 41.369031674603391 ], [ -7.225261453090774, 41.369718085721409 ], [ -7.225149123415131, 41.370225018188009 ], [ -7.225246797270613, 41.370749446307094 ], [ -7.225348361689278, 41.371130660911916 ], [ -7.225439592932969, 41.371473520085871 ], [ -7.225572448318472, 41.372158496680477 ], [ -7.225621870897653, 41.372956533525539 ], [ -7.225624251429863, 41.374155498774194 ], [ -7.225466663440574, 41.374770751331702 ], [ -7.225132351472467, 41.375915203771463 ], [ -7.224906368654137, 41.376608876250074 ], [ -7.224858970285389, 41.376794252591225 ], [ -7.224623211168256, 41.377717807695554 ], [ -7.224383775196639, 41.378441450209188 ], [ -7.224166556521292, 41.37890685670866 ], [ -7.22384925345867, 41.3792715268862 ], [ -7.223423332957742, 41.379623552309376 ], [ -7.223066723843595, 41.379934429084713 ], [ -7.222592585947574, 41.380237448991842 ], [ -7.221855084878583, 41.380566385448788 ], [ -7.220955293074852, 41.380934374478962 ], [ -7.219792822895719, 41.381278480535158 ], [ -7.21897033681123, 41.381484993892506 ], [ -7.218086138471804, 41.381667333988844 ], [ -7.217119266690839, 41.381914287369078 ], [ -7.216401590345034, 41.382181763481555 ], [ -7.215669647295367, 41.382587868553358 ], [ -7.215113653719739, 41.382970067369023 ], [ -7.214447618717268, 41.383313118434451 ], [ -7.213724283575428, 41.383632479558628 ], [ -7.213043593386221, 41.383860341977055 ], [ -7.211944619649229, 41.384060639221573 ], [ -7.211849802012898, 41.384078971039862 ], [ -7.210149096544447, 41.384484322193408 ], [ -7.209238754727308, 41.384795317233213 ], [ -7.20769518549155, 41.385508288424425 ], [ -7.206523526407103, 41.386093848203771 ], [ -7.20507680163114, 41.38665035698731 ], [ -7.203066987888104, 41.387590820998277 ], [ -7.201747035802806, 41.388249150244185 ], [ -7.200819581083046, 41.388630261777919 ], [ -7.200126707840918, 41.38869920674027 ], [ -7.199455160787477, 41.388681621380194 ], [ -7.198604573004546, 41.388592884529395 ], [ -7.197785339897557, 41.388401939403664 ], [ -7.196662195632, 41.388119382479346 ], [ -7.195156685696744, 41.387830550538538 ], [ -7.193449374107498, 41.387533574578036 ], [ -7.19270374461449, 41.387397485015178 ], [ -7.188934185519898, 41.387626446440137 ], [ -7.187327440331947, 41.38766955537691 ], [ -7.185979821740111, 41.387618790297417 ], [ -7.185633499711741, 41.387591453903475 ], [ -7.185115935850806, 41.387525612488702 ], [ -7.184500429754096, 41.387404315029308 ], [ -7.183851032361202, 41.387204307369267 ], [ -7.183557122392111, 41.387067106005851 ], [ -7.183123634127782, 41.38679423374753 ], [ -7.182758094869198, 41.38649355259713 ], [ -7.181968359150916, 41.38575098491448 ], [ -7.181378270947505, 41.385247756535641 ], [ -7.180870867740232, 41.384920965025664 ], [ -7.180392651121246, 41.384765660303671 ], [ -7.179425232693758, 41.38460234905407 ], [ -7.17841271309905, 41.38449889228292 ], [ -7.177545286154666, 41.384300108331622 ], [ -7.176400678588958, 41.384016008621764 ], [ -7.175108786441039, 41.383757584834711 ], [ -7.174405908395253, 41.383695566272195 ], [ -7.173763011100587, 41.383693007185315 ], [ -7.173419191475445, 41.383724993148121 ], [ -7.17301869326487, 41.383831954915408 ], [ -7.172836813334063, 41.383883923761744 ], [ -7.172721411139608, 41.38372314457731 ], [ -7.172346239415302, 41.383269023000814 ], [ -7.171784176743094, 41.382728611562371 ], [ -7.171390975423764, 41.382282170461195 ], [ -7.171202502735607, 41.382042539807202 ], [ -7.170762618783586, 41.381519438041735 ], [ -7.17036274531077, 41.38122627085945 ], [ -7.169551695450632, 41.380694757696922 ], [ -7.169044648434407, 41.380341985822881 ], [ -7.168623883898134, 41.380096806475215 ], [ -7.168330295440547, 41.379942095071407 ], [ -7.168070402152808, 41.379820981663947 ], [ -7.167729273542602, 41.379720706310735 ], [ -7.167181501093385, 41.379658226056776 ], [ -7.167131102961766, 41.379654920832152 ], [ -7.166461925309632, 41.379613028090695 ], [ -7.165938688705046, 41.379653660544868 ], [ -7.165433693048415, 41.379721995881184 ], [ -7.165416023412761, 41.379453711858147 ], [ -7.16538854539218, 41.379412426692603 ], [ -7.165168431873901, 41.379196469412101 ], [ -7.16514778237948, 41.379178560769425 ], [ -7.164931803470108, 41.378829017580557 ], [ -7.164917188291532, 41.378782436401515 ], [ -7.164915090564918, 41.378722456531548 ], [ -7.16493006858954, 41.378614807051257 ], [ -7.164959116055512, 41.378517987859368 ], [ -7.164979143612425, 41.378481332309519 ], [ -7.16501346466845, 41.378432097945115 ], [ -7.165036975253777, 41.378386194093174 ], [ -7.165091763174226, 41.378238096442416 ], [ -7.165098935827316, 41.378181246873289 ], [ -7.165109772479036, 41.378135514601823 ], [ -7.165196122376762, 41.377850095942627 ], [ -7.165230425473553, 41.377704884511914 ], [ -7.165248374454866, 41.377549986894572 ], [ -7.165255438497971, 41.37750052857966 ], [ -7.165292820674949, 41.377252424177399 ], [ -7.165304566821971, 41.376983491552409 ], [ -7.165111261253393, 41.376443172384022 ], [ -7.165047619674064, 41.376276878240255 ], [ -7.164935332646503, 41.376061287291982 ], [ -7.164823736211092, 41.375904762998957 ], [ -7.164584578521278, 41.375708634666985 ], [ -7.164377926348424, 41.37561037887393 ], [ -7.164155404475834, 41.375558087148782 ], [ -7.163934629816193, 41.375477180067492 ], [ -7.163803449216108, 41.375384056329885 ], [ -7.163719030601244, 41.375280975537756 ], [ -7.163687317780275, 41.375178514307223 ], [ -7.163666688929197, 41.375110543980277 ], [ -7.163638309775926, 41.374879628119814 ], [ -7.163575998294223, 41.374704609670694 ], [ -7.163460083103852, 41.374532924722033 ], [ -7.16321632956258, 41.374268596299004 ], [ -7.162926725605185, 41.374001355189606 ], [ -7.16236856793701, 41.373538365416358 ], [ -7.16230688760255, 41.373489948889329 ], [ -7.161994634590013, 41.373234942391022 ], [ -7.161893056169237, 41.373104430943307 ], [ -7.16184944630911, 41.373103163364831 ], [ -7.161748379241487, 41.373091691060097 ], [ -7.161627500438689, 41.3730537591616 ], [ -7.161442977559052, 41.37305166091874 ], [ -7.161244099022587, 41.373114450078781 ], [ -7.161110222874376, 41.373155192749245 ], [ -7.16097424376821, 41.37315179756407 ], [ -7.160775111114292, 41.373079258986877 ], [ -7.160639138010828, 41.373051637605933 ], [ -7.160568354944729, 41.373045098616728 ], [ -7.159898102802235, 41.373048450981337 ], [ -7.1596180483251, 41.373048064684404 ], [ -7.15922421855687, 41.373078776749963 ], [ -7.1585501982926, 41.373166543093696 ], [ -7.158412133827187, 41.373183383254805 ], [ -7.158078751261052, 41.373256557896724 ], [ -7.157872516063779, 41.373283447027099 ], [ -7.157544963222585, 41.37330237611377 ], [ -7.157344949806893, 41.373289157928696 ], [ -7.157052804745736, 41.373321888984663 ], [ -7.156516570753281, 41.373259364973485 ], [ -7.156117954098604, 41.373210073996276 ], [ -7.15583116971901, 41.373180358720631 ], [ -7.155503817509625, 41.373065579648745 ], [ -7.155304937691507, 41.373048497681431 ], [ -7.1551734532159, 41.373072413797139 ], [ -7.154971088435086, 41.373120486140635 ], [ -7.154777274229883, 41.373196183605323 ], [ -7.154562713262129, 41.373276301693487 ], [ -7.154491574193652, 41.373309728672005 ], [ -7.154228362112915, 41.373406269618805 ], [ -7.153943465205856, 41.373473629336637 ], [ -7.153809775370241, 41.37352534801542 ], [ -7.153672051325517, 41.373598727050741 ], [ -7.153328271229276, 41.373703314783306 ], [ -7.153259208262013, 41.37370155529959 ], [ -7.153125914870041, 41.37364675974662 ], [ -7.152811845609377, 41.373467619267657 ], [ -7.152552832216797, 41.373403290990026 ], [ -7.152480535509668, 41.373393942023952 ], [ -7.152277916966594, 41.373378982092554 ], [ -7.15213994484173, 41.373389063497378 ], [ -7.151803236571999, 41.373500458971002 ], [ -7.151663444032527, 41.373528168282753 ], [ -7.151447587392622, 41.373575044274574 ], [ -7.151102904290763, 41.373619916518265 ], [ -7.150970781699033, 41.373614559765763 ], [ -7.150637871421249, 41.373544285937278 ], [ -7.150448968514848, 41.373515306500344 ], [ -7.149971857325716, 41.373424355325739 ], [ -7.149774719599002, 41.373410519180617 ], [ -7.149437008751425, 41.373412770327086 ], [ -7.149103324198589, 41.373457736904236 ], [ -7.148956553995865, 41.373504291401346 ], [ -7.148688861758793, 41.373620226107811 ], [ -7.148411327070125, 41.373698623424808 ], [ -7.148273818657107, 41.373725267693061 ], [ -7.147939142320807, 41.373724662769973 ], [ -7.1478131959631, 41.373698556309861 ], [ -7.14774520803716, 41.373680779418848 ], [ -7.147557892402059, 41.373641810922841 ], [ -7.147293299970019, 41.373622624304396 ], [ -7.147185537469308, 41.373610986408316 ], [ -7.147019277127183, 41.373611004157382 ], [ -7.146957316582665, 41.373661345975229 ], [ -7.146823453857277, 41.37369207329899 ], [ -7.14654098619512, 41.373677506490885 ], [ -7.146292358992875, 41.373638283964162 ], [ -7.145883783728592, 41.373631366841018 ], [ -7.145673338957081, 41.373620288039781 ], [ -7.14520469410577, 41.373634013925745 ], [ -7.14471482596278, 41.373651783823753 ], [ -7.144510083223801, 41.373635084832756 ], [ -7.144169596272916, 41.373599568613798 ], [ -7.143964761872598, 41.373628784039369 ], [ -7.14375238602591, 41.373642539428459 ], [ -7.143220422019326, 41.373724955308184 ], [ -7.142972208813029, 41.373737138609386 ], [ -7.14265495906597, 41.373714787043156 ], [ -7.142429379054959, 41.373645048630081 ], [ -7.142151921267254, 41.373536510103065 ], [ -7.142012299810455, 41.373505510174198 ], [ -7.141942036229933, 41.373511930686206 ], [ -7.141871621631211, 41.373544280119681 ], [ -7.141819762987846, 41.373614421971624 ], [ -7.141816017646883, 41.373522101768359 ], [ -7.141817742204729, 41.37325830212302 ], [ -7.14185374142656, 41.373099337253237 ], [ -7.141923801106907, 41.37298766240734 ], [ -7.142025389303534, 41.372814941766158 ], [ -7.142052622335438, 41.37259512423676 ], [ -7.142031335718046, 41.372422247406433 ], [ -7.141972109042423, 41.372212941824905 ], [ -7.141870233846848, 41.372112754196131 ], [ -7.141799811609497, 41.372074691395589 ], [ -7.14159562261812, 41.372013873890417 ], [ -7.141318039234281, 41.371945939756472 ], [ -7.141060927711015, 41.371827757926113 ], [ -7.140926893819362, 41.371728465409497 ], [ -7.140677933746559, 41.371522567883929 ], [ -7.140428741626231, 41.371347367443249 ], [ -7.140313620668815, 41.371254088987946 ], [ -7.140193323294858, 41.371163013118675 ], [ -7.140068725672623, 41.371103689111166 ], [ -7.139905836320795, 41.37088934780234 ], [ -7.139852417550768, 41.370794345968285 ], [ -7.13966013574482, 41.370492413846407 ], [ -7.139595797071213, 41.370298005703489 ], [ -7.139534549871786, 41.370104528202461 ], [ -7.139403443589094, 41.369804834570459 ], [ -7.139348000815946, 41.369599070862847 ], [ -7.139297580069247, 41.369298718790461 ], [ -7.13921581427999, 41.368779934562141 ], [ -7.139119029790916, 41.368321351926419 ], [ -7.139103996368505, 41.368272509251682 ], [ -7.138986574468703, 41.368016331997147 ], [ -7.138794925642503, 41.367768515333218 ], [ -7.138650757842411, 41.367526420983921 ], [ -7.138617888852366, 41.367424213841367 ], [ -7.138678149438034, 41.367147324915294 ], [ -7.138732651876299, 41.366950524371731 ], [ -7.138844367057221, 41.36670109162224 ], [ -7.138975313336741, 41.366444261631528 ], [ -7.13908425848054, 41.366242974587919 ], [ -7.139280443549857, 41.365948078382274 ], [ -7.139382768617245, 41.365797337510344 ], [ -7.139630268057543, 41.365459844317009 ], [ -7.139770013725379, 41.365260985229376 ], [ -7.139924118003762, 41.364997783846881 ], [ -7.139954463525683, 41.364943209367596 ], [ -7.140129165178326, 41.364582583293874 ], [ -7.140183031453826, 41.364427188964768 ], [ -7.140193684821463, 41.364166439082581 ], [ -7.140132791488884, 41.363902286919668 ], [ -7.140281523575648, 41.363622737082977 ], [ -7.140712941253531, 41.362260486916334 ], [ -7.141527983666518, 41.361345774378826 ], [ -7.141971080853428, 41.360937929036446 ], [ -7.143759303379822, 41.3596151362919 ], [ -7.144467034786662, 41.359209643364075 ], [ -7.145035630246587, 41.358854005364933 ], [ -7.146105725271005, 41.358152224330013 ], [ -7.146718468314398, 41.35767288367019 ], [ -7.147268594855626, 41.357200472013091 ], [ -7.147660598255593, 41.356689253756784 ], [ -7.147905346474225, 41.356251510421323 ], [ -7.14805578313124, 41.355934603829915 ], [ -7.148325761554791, 41.355590797161561 ], [ -7.148634802733486, 41.355303338224857 ], [ -7.148983111607728, 41.355034842441327 ], [ -7.149491120012281, 41.354730437241386 ], [ -7.150050576954817, 41.354501287266778 ], [ -7.15149439092282, 41.353906636050375 ], [ -7.153759307401288, 41.352874962738198 ], [ -7.154866760040332, 41.352299384396829 ], [ -7.155573311391521, 41.351891018326519 ], [ -7.156169619484579, 41.351423367559363 ], [ -7.156884141553147, 41.351008490841771 ], [ -7.157128857954365, 41.350751430199857 ], [ -7.157199302210977, 41.350602923643663 ], [ -7.157305076288234, 41.350496854053922 ], [ -7.157357717696487, 41.350396004535689 ], [ -7.15737675578041, 41.350248774524353 ], [ -7.157476443345666, 41.350102135530982 ], [ -7.157601633269312, 41.350016218958679 ], [ -7.157742729264275, 41.349969599605394 ], [ -7.15800996487711, 41.349949349969968 ], [ -7.158155945965667, 41.349903314437071 ], [ -7.158269826572509, 41.349806403875924 ], [ -7.158320785435984, 41.349713916893585 ], [ -7.158349457559595, 41.349569826934697 ], [ -7.158362592586722, 41.349216989048806 ], [ -7.158318474538603, 41.349018171660248 ], [ -7.158202509194233, 41.348862233649434 ], [ -7.158196140551272, 41.348711905166574 ], [ -7.158266822904062, 41.348498663521276 ], [ -7.158521536715154, 41.348187391712479 ], [ -7.158683705837783, 41.347976542532621 ], [ -7.158783430061511, 41.347875013194361 ], [ -7.159052382354476, 41.347714945631182 ], [ -7.159114701029567, 41.347670180655207 ], [ -7.159207743299891, 41.34756796051164 ], [ -7.159400389916939, 41.347211414616062 ], [ -7.159519086075634, 41.347015145589864 ], [ -7.159688226523365, 41.346865759774566 ], [ -7.159787475839948, 41.346723614222803 ], [ -7.159847930213044, 41.346474270213342 ], [ -7.159978560804714, 41.346222812111442 ], [ -7.160156355714456, 41.345667248846851 ], [ -7.160273716623095, 41.345455747452583 ], [ -7.160445849677242, 41.345256862370803 ], [ -7.160573034573829, 41.345164293716195 ], [ -7.160664455693431, 41.345066561500417 ], [ -7.160719479762387, 41.344876868002764 ], [ -7.160717279226509, 41.344679300542083 ], [ -7.160842670587715, 41.344176147209673 ], [ -7.160881282664167, 41.344069775061463 ], [ -7.161112441269722, 41.343862386330755 ], [ -7.161142321048741, 41.343813477241163 ], [ -7.161166604528563, 41.343706717455419 ], [ -7.16117123863666, 41.343652190981423 ], [ -7.161197506037427, 41.343540401238819 ], [ -7.161221755809692, 41.343435894834933 ], [ -7.161305350709674, 41.343293530128626 ], [ -7.161369437859126, 41.343250126705399 ], [ -7.161504133871336, 41.34318238300758 ], [ -7.161637123482872, 41.343125250284125 ], [ -7.161914317975705, 41.343051858720742 ], [ -7.162057786927637, 41.342996524690264 ], [ -7.162170754093859, 41.34290383425008 ], [ -7.162311146610799, 41.342757804361284 ], [ -7.162297194265257, 41.342715817484518 ], [ -7.162283294343929, 41.342694272672794 ], [ -7.162260354691804, 41.342678053958863 ], [ -7.162228272072991, 41.342626012501213 ], [ -7.162149868981818, 41.342531352701116 ], [ -7.16208091542581, 41.342371225758214 ], [ -7.162055319821263, 41.342131052310314 ], [ -7.162063660912271, 41.342100693002273 ], [ -7.162076062108486, 41.342069825014022 ], [ -7.162091775410036, 41.342041590708021 ], [ -7.162112664849328, 41.342018627755358 ], [ -7.162137569468107, 41.341998581734288 ], [ -7.162310555759807, 41.341886677994538 ], [ -7.162523567365676, 41.341725860048818 ], [ -7.162565804212885, 41.341673274931082 ], [ -7.16259832875114, 41.341614753536007 ], [ -7.162654948505419, 41.341373567238158 ], [ -7.162639382214302, 41.341109801703773 ], [ -7.162638721860898, 41.34085597794261 ], [ -7.162649783866661, 41.340609004170794 ], [ -7.162645254646734, 41.340366227105228 ], [ -7.16264284087439, 41.340150112313097 ], [ -7.162649901030538, 41.339899236674647 ], [ -7.162622978144223, 41.339652214468465 ], [ -7.162580885445942, 41.339412985080841 ], [ -7.162578100490371, 41.339173281311126 ], [ -7.162573578128054, 41.33893014048342 ], [ -7.162615275404928, 41.338704224977882 ], [ -7.162674794663991, 41.338468642735975 ], [ -7.162707650424785, 41.338218522069425 ], [ -7.162693446628857, 41.337991596700547 ], [ -7.162680820645514, 41.337763331333917 ], [ -7.162731541019133, 41.337540645002406 ], [ -7.162825610066879, 41.33740835900867 ], [ -7.162939690909314, 41.337199076070625 ], [ -7.162993303640519, 41.336950931030316 ], [ -7.163049398993606, 41.336696144863978 ], [ -7.163081503566706, 41.336439804058465 ], [ -7.163073164584439, 41.33619635994593 ], [ -7.163069555001203, 41.335939723493354 ], [ -7.163090661293776, 41.335700215559299 ], [ -7.163136846484884, 41.335453270133691 ], [ -7.163149180877348, 41.335378549526489 ], [ -7.16315608260033, 41.335339709762067 ], [ -7.163262061137849, 41.33508849880225 ], [ -7.163401860977248, 41.334852241033644 ], [ -7.163521900318162, 41.334635446105061 ], [ -7.163573189431096, 41.334398445090436 ], [ -7.163583568226711, 41.334148945887939 ], [ -7.163583074949118, 41.333907906132062 ], [ -7.163559823147991, 41.333662627368106 ], [ -7.163558232910468, 41.333415008172118 ], [ -7.163541147346797, 41.333181034463045 ], [ -7.163541718451937, 41.332940724850914 ], [ -7.163562582116088, 41.332693295686731 ], [ -7.163581220200049, 41.332466646877172 ], [ -7.163595970420654, 41.332252930088046 ], [ -7.163621878407734, 41.332035700299031 ], [ -7.163654365288614, 41.331866524159828 ], [ -7.163707830134153, 41.331651780146899 ], [ -7.163769737800721, 41.331431708442729 ], [ -7.163799614892159, 41.331277453216316 ], [ -7.163877276934874, 41.331049947205521 ], [ -7.16395629654199, 41.330827764894416 ], [ -7.164028416963458, 41.33059544180351 ], [ -7.164041336477206, 41.330561784874519 ], [ -7.164052083954455, 41.330537744782433 ], [ -7.164288917235354, 41.329910002361508 ], [ -7.164456224505887, 41.329331202273409 ], [ -7.164755435700902, 41.328781686041374 ], [ -7.16499424369589, 41.32833520995954 ], [ -7.165004292966682, 41.328309629620762 ], [ -7.165027954196149, 41.328252205143748 ], [ -7.165065162487164, 41.328159327188295 ] ] ] } }
]
}
