{
"type": "FeatureCollection",
"name": "CAOP_Sever do Vouga_freg",
"crs": { "type": "name", "properties": { "name": "urn:ogc:def:crs:OGC:1.3:CRS84" } },
"features": [
{ "type": "Feature", "properties": { "dtmnfr": "011702", "freguesia": "Couto de Esteves", "municipio": "Sever do Vouga", "distrito_i": "Aveiro", "nuts3_cod": "191", "nuts3": "Região de Aveiro", "nuts2": "Centro", "nuts1": "Continente", "area_ha": 1642.39, "perimetro_": 22, "designacao": "Couto de Esteves" }, "geometry": { "type": "Polygon", "coordinates": [ [ [ -8.272704885394807, 40.757792332639831 ], [ -8.272672015238282, 40.757648294912883 ], [ -8.272622204318166, 40.757279156858466 ], [ -8.272729211254282, 40.756866511442816 ], [ -8.272915073788894, 40.756670965917948 ], [ -8.273189319443953, 40.756497013129241 ], [ -8.273552215875947, 40.756409580070645 ], [ -8.273914958364024, 40.756365817671487 ], [ -8.274723229554931, 40.756390749668988 ], [ -8.275284243046691, 40.756361595084456 ], [ -8.275727708196641, 40.756409759655639 ], [ -8.276167728460726, 40.756504027956737 ], [ -8.276373940757892, 40.756576348967691 ], [ -8.276453462022562, 40.756604432317133 ], [ -8.276791117689454, 40.756839755578063 ], [ -8.276939054637193, 40.757015795800243 ], [ -8.277030808955345, 40.757383979200483 ], [ -8.277119503908077, 40.757709213318961 ], [ -8.277337285882401, 40.758088764618172 ], [ -8.277734537927602, 40.758384885330344 ], [ -8.278051145018557, 40.75841293857701 ], [ -8.278669032853093, 40.758340109152243 ], [ -8.279103422922207, 40.758235997454591 ], [ -8.279801110217299, 40.757941540441003 ], [ -8.280238390568305, 40.757652282271813 ], [ -8.280901343885954, 40.757135892021822 ], [ -8.281338932251092, 40.756776564854107 ], [ -8.281726036776798, 40.756456747484442 ], [ -8.282293990979898, 40.756094997459179 ], [ -8.282908158654635, 40.755695364488552 ], [ -8.283473987287511, 40.755345138692292 ], [ -8.283819898951974, 40.755090833445955 ], [ -8.284087501924242, 40.75471848742027 ], [ -8.284266918370943, 40.754520144038125 ], [ -8.284685054963665, 40.754110399618789 ], [ -8.285077416804901, 40.753926449671177 ], [ -8.285341205572831, 40.753804261458505 ], [ -8.285590619755581, 40.753664353550526 ], [ -8.285814814269074, 40.753526727924864 ], [ -8.286089589140804, 40.753295023347547 ], [ -8.286343904775723, 40.752971045640564 ], [ -8.286572378733981, 40.75263782294865 ], [ -8.286767727506737, 40.752370386833825 ], [ -8.287146604776401, 40.752046778106212 ], [ -8.287455722765573, 40.751871305754221 ], [ -8.287797181286061, 40.751701458789867 ], [ -8.288143341691519, 40.751568434126888 ], [ -8.288504696406536, 40.751453128757021 ], [ -8.288836675683489, 40.751331382781096 ], [ -8.289333030772264, 40.751222643647317 ], [ -8.289714957977782, 40.751193125381768 ], [ -8.290262200846403, 40.751270623463142 ], [ -8.290593453799939, 40.751295472451986 ], [ -8.290783492256468, 40.751289351622063 ], [ -8.29112709293585, 40.751278434980819 ], [ -8.291820220091225, 40.751209125019017 ], [ -8.292574173660965, 40.751122797431265 ], [ -8.292887253219977, 40.751075079977923 ], [ -8.293380613187127, 40.750953903355807 ], [ -8.293794072630709, 40.750794113399621 ], [ -8.294093492943441, 40.750583694560014 ], [ -8.294316493148207, 40.750261188137401 ], [ -8.294457209735221, 40.749988314941959 ], [ -8.294668351704452, 40.749464020924563 ], [ -8.294882426154881, 40.748930628191104 ], [ -8.295061415900523, 40.748529654505631 ], [ -8.295329729825566, 40.748194108884427 ], [ -8.295843660659688, 40.747781400105062 ], [ -8.296537762671516, 40.747451457673321 ], [ -8.297319129584052, 40.747124988940705 ], [ -8.298213818145529, 40.746901368559577 ], [ -8.298803421976247, 40.746742658311767 ], [ -8.298825674261856, 40.746738122950482 ], [ -8.299256903472461, 40.746693370256629 ], [ -8.299748140980103, 40.746687250043912 ], [ -8.300253027723386, 40.746647433677026 ], [ -8.300658873522289, 40.746586325153281 ], [ -8.301068811109326, 40.746456231640629 ], [ -8.301456127956099, 40.746327337618091 ], [ -8.301788038409303, 40.746244183272331 ], [ -8.302001679700739, 40.746214329856691 ], [ -8.302271332677673, 40.746189169332624 ], [ -8.302774651135897, 40.746184728588027 ], [ -8.302849798695261, 40.746171921008354 ], [ -8.303130319785531, 40.746135751857778 ], [ -8.303363053553788, 40.746072369993819 ], [ -8.303729088777514, 40.745910908732348 ], [ -8.304328320719341, 40.74568209689329 ], [ -8.304610310673961, 40.745575862845357 ], [ -8.304789919402806, 40.745481853480889 ], [ -8.305135578405245, 40.7452267648533 ], [ -8.305490484774829, 40.744979671343387 ], [ -8.305525461656448, 40.744951253257639 ], [ -8.305613339153222, 40.74487115909232 ], [ -8.305708945514631, 40.744713157995292 ], [ -8.305767475579367, 40.744590422850777 ], [ -8.305793952423175, 40.744529597488537 ], [ -8.30582776351676, 40.744465339233237 ], [ -8.305944467781803, 40.744359985783419 ], [ -8.306138673436465, 40.744281441095957 ], [ -8.30647195535947, 40.744187734417501 ], [ -8.306727974516113, 40.744023365283603 ], [ -8.307061801201421, 40.743778282411903 ], [ -8.307697351608937, 40.743282580990055 ], [ -8.308199813015339, 40.742918282221119 ], [ -8.308574403796218, 40.742690874803323 ], [ -8.308836344032937, 40.742575658532573 ], [ -8.30922663520896, 40.742464203602538 ], [ -8.309632889191787, 40.742390639530846 ], [ -8.310108220761167, 40.742381439652199 ], [ -8.310476209106833, 40.742431021981162 ], [ -8.310955260824425, 40.742484037673542 ], [ -8.311465070578251, 40.742527366665797 ], [ -8.311690616323727, 40.742526476716172 ], [ -8.31207557358872, 40.742460584971724 ], [ -8.312432128378706, 40.742353410177401 ], [ -8.313014258468504, 40.742127910665346 ], [ -8.313599258912992, 40.741872056759583 ], [ -8.314056662346118, 40.741674127654441 ], [ -8.314359073001478, 40.741557124428006 ], [ -8.314417679625338, 40.741556221028098 ], [ -8.314715310520077, 40.741507930082378 ], [ -8.315103832926198, 40.741493172115078 ], [ -8.315546945503414, 40.741479589072576 ], [ -8.315819744357116, 40.741488431844211 ], [ -8.315972148642988, 40.741542214390023 ], [ -8.316130195468348, 40.741624353642912 ], [ -8.316271608718747, 40.741727417956675 ], [ -8.31648551731746, 40.741887450747008 ], [ -8.316488152770111, 40.741897353897421 ], [ -8.316688258166648, 40.74198960033781 ], [ -8.317003310856213, 40.742077433684265 ], [ -8.317076693447062, 40.742110811865047 ], [ -8.317521246181872, 40.742275247541961 ], [ -8.317818789675842, 40.742363645131306 ], [ -8.318155929940589, 40.742430903999072 ], [ -8.318572588231518, 40.742524510730917 ], [ -8.31900361816602, 40.742634934921853 ], [ -8.319439570245537, 40.742808198371165 ], [ -8.319730269356135, 40.742905064999455 ], [ -8.319899585569456, 40.742908754226903 ], [ -8.320091218474863, 40.742849008032223 ], [ -8.320193733340581, 40.742802733450226 ], [ -8.320258084605891, 40.742781197151217 ], [ -8.320461249313878, 40.742780320946792 ], [ -8.320856227258892, 40.742783365800975 ], [ -8.321198537627549, 40.742710404427079 ], [ -8.321672108859902, 40.742582834579267 ], [ -8.322072354845119, 40.742440888355723 ], [ -8.322260283036361, 40.742368897778434 ], [ -8.322346722883291, 40.742497073291503 ], [ -8.322367929020078, 40.742544312236511 ], [ -8.322377935108927, 40.742563659348541 ], [ -8.32241684268617, 40.742632571381769 ], [ -8.322471713067952, 40.742733782574568 ], [ -8.32248372958651, 40.74275312547789 ], [ -8.322534805086654, 40.742894241456433 ], [ -8.322544351406922, 40.742919258874956 ], [ -8.32255798993666, 40.742969031610208 ], [ -8.322595342031528, 40.743153031325924 ], [ -8.322600630659245, 40.743181745089473 ], [ -8.322599051244723, 40.743210118031641 ], [ -8.322608846081991, 40.743238823495943 ], [ -8.322608213677604, 40.743267551482333 ], [ -8.322618126940174, 40.743296262154146 ], [ -8.322619272667588, 40.743324081314732 ], [ -8.322653771725774, 40.743463870985963 ], [ -8.322678480501557, 40.743576122232106 ], [ -8.322686731940989, 40.743604562773449 ], [ -8.322696135213427, 40.743662539721406 ], [ -8.322724847947374, 40.743890951060614 ], [ -8.322758677327045, 40.744002376844541 ], [ -8.322771184550545, 40.744028465475203 ], [ -8.322788776689803, 40.744054014451315 ], [ -8.322798203175497, 40.744078851039497 ], [ -8.322851678105582, 40.744147110414403 ], [ -8.322866539819929, 40.744168426099982 ], [ -8.322962249661847, 40.744265971472295 ], [ -8.322985033530179, 40.744283942250114 ], [ -8.323003079909563, 40.744301383217554 ], [ -8.323028113390905, 40.744319351186093 ], [ -8.323044025267111, 40.744335623204442 ], [ -8.323067059372613, 40.744357468417945 ], [ -8.323079075910176, 40.744379150760004 ], [ -8.323100219796894, 40.744401624026814 ], [ -8.323110823782798, 40.744424118242641 ], [ -8.323205366256099, 40.744527251149499 ], [ -8.323225546608761, 40.744546036619433 ], [ -8.323269104870977, 40.744582610826846 ], [ -8.323289521104202, 40.744600229745615 ], [ -8.323305662091407, 40.744615418945116 ], [ -8.323330110255855, 40.744634832218118 ], [ -8.323346255387113, 40.74464939195353 ], [ -8.323369280875838, 40.744667725158571 ], [ -8.32343002988242, 40.744714270148982 ], [ -8.323511395199359, 40.74476258120432 ], [ -8.323558814160796, 40.744783571133851 ], [ -8.323583346670473, 40.744793075080459 ], [ -8.323799090621121, 40.744882223418372 ], [ -8.323849846339423, 40.74490861613473 ], [ -8.323914534613419, 40.744964518686245 ], [ -8.323940905888776, 40.744994278127741 ], [ -8.323959096486542, 40.745020181629911 ], [ -8.324040140076177, 40.745122163706476 ], [ -8.324055010634272, 40.745146362630251 ], [ -8.32407366462766, 40.745170736293332 ], [ -8.32408734888164, 40.745194126723021 ], [ -8.324107554145026, 40.74521939291332 ], [ -8.324119575103005, 40.745241619940352 ], [ -8.324151930320735, 40.745292799592953 ], [ -8.324175877535225, 40.745344271410318 ], [ -8.324200536276711, 40.745520633664441 ], [ -8.324202872408776, 40.745550438236677 ], [ -8.324208408148497, 40.745579961957382 ], [ -8.32422068573949, 40.745608667664335 ], [ -8.32423990756212, 40.745664645300529 ], [ -8.324355122984651, 40.745914070182351 ], [ -8.324360896986482, 40.745945308056037 ], [ -8.324384284608838, 40.746007131128408 ], [ -8.32439265075034, 40.746035573146116 ], [ -8.32441063108352, 40.746109833009875 ], [ -8.324454775858628, 40.746348393017193 ], [ -8.324471009829439, 40.746395367833777 ], [ -8.324523168795341, 40.746538191097081 ], [ -8.324526875083135, 40.746591135399427 ], [ -8.324525519931296, 40.746614460662173 ], [ -8.324526427763102, 40.74664201453357 ], [ -8.324523544401938, 40.746667952887321 ], [ -8.324501297380777, 40.746712115303694 ], [ -8.324488086416981, 40.746731313410699 ], [ -8.324465534721169, 40.746753053812775 ], [ -8.324335283557932, 40.746873126567962 ], [ -8.324315569533166, 40.746892251682091 ], [ -8.324290051350406, 40.746913458463183 ], [ -8.324268565667154, 40.746935372658385 ], [ -8.324250387560047, 40.746954584367089 ], [ -8.324215810264318, 40.746993186731807 ], [ -8.324194900367054, 40.747010686597079 ], [ -8.324117778458289, 40.747078893139495 ], [ -8.324094504204432, 40.747095235251003 ], [ -8.323919938569967, 40.747246357233642 ], [ -8.323767552889155, 40.747409871046216 ], [ -8.323747255811858, 40.747433495034272 ], [ -8.323722952451162, 40.747464783507482 ], [ -8.323583171021822, 40.74760621664776 ], [ -8.323495604515564, 40.747789880803836 ], [ -8.323465492687847, 40.747941033861132 ], [ -8.323458987287736, 40.748025690907056 ], [ -8.323475944592616, 40.748034936312209 ], [ -8.323536838233897, 40.748044743186483 ], [ -8.3241139380817, 40.748043779683812 ], [ -8.324147569694544, 40.74804399507331 ], [ -8.324177064104665, 40.748047905759393 ], [ -8.324242364877067, 40.74806967984501 ], [ -8.324272243042442, 40.748083136096021 ], [ -8.324300230810673, 40.748098849427983 ], [ -8.324415129020563, 40.748196361737094 ], [ -8.324469118224773, 40.748235348632434 ], [ -8.324497116690717, 40.748254754858202 ], [ -8.324521092492407, 40.748274435197644 ], [ -8.32454163720247, 40.748295468374259 ], [ -8.32456321648978, 40.748346944011033 ], [ -8.324501355544058, 40.748450060463028 ], [ -8.324346008704779, 40.748656265521738 ], [ -8.324060276588552, 40.749059712421996 ], [ -8.323866657948715, 40.749421944389049 ], [ -8.323694760886861, 40.749800438329615 ], [ -8.323609339203246, 40.750195086576213 ], [ -8.323676035575369, 40.750410552135762 ], [ -8.323752861162038, 40.750525235654884 ], [ -8.32379967455867, 40.75062168942231 ], [ -8.323836473253943, 40.750696728674598 ], [ -8.323846135135364, 40.750719769158039 ], [ -8.323856401429971, 40.750789811237496 ], [ -8.323889581935743, 40.750880701680927 ], [ -8.323908779692955, 40.750927405992059 ], [ -8.323921757240509, 40.751033733804974 ], [ -8.323929855348345, 40.751173294596754 ], [ -8.323916184125185, 40.75127624545545 ], [ -8.323912328523305, 40.751418709410615 ], [ -8.323941035432201, 40.751559589574505 ], [ -8.324011656708352, 40.751779822858126 ], [ -8.324100167929519, 40.752005696945808 ], [ -8.324107101842076, 40.752028736513246 ], [ -8.324228195071399, 40.752135421101428 ], [ -8.324229490269236, 40.752256089779529 ], [ -8.324221570697835, 40.752384691824602 ], [ -8.324172027870375, 40.752532541661466 ], [ -8.324128927444796, 40.75261366264904 ], [ -8.324052818026553, 40.752624144358094 ], [ -8.323985477870931, 40.752637763270045 ], [ -8.323707864642877, 40.752742411892037 ], [ -8.323440173328921, 40.752839032621267 ], [ -8.323232516096484, 40.752935910448521 ], [ -8.322963307853579, 40.75300056476383 ], [ -8.322895612065505, 40.753013010270863 ], [ -8.322871824340353, 40.75301701429273 ], [ -8.322862889701687, 40.753081503090719 ], [ -8.322981481103534, 40.753307781480032 ], [ -8.323090696716811, 40.753527679810496 ], [ -8.323102406348076, 40.753563677891307 ], [ -8.323137948759296, 40.753815219474326 ], [ -8.32319953982862, 40.754068064384995 ], [ -8.323210635846504, 40.754139272164451 ], [ -8.323210732804675, 40.754173312756762 ], [ -8.323223478613702, 40.75424001981208 ], [ -8.323344613545608, 40.754443508206592 ], [ -8.323498483188297, 40.754706641202631 ], [ -8.323521785770527, 40.754737850153568 ], [ -8.32369309633245, 40.7549308996078 ], [ -8.323835405351609, 40.755126251585594 ], [ -8.323948484638779, 40.755245017266184 ], [ -8.324067683426854, 40.755187187130893 ], [ -8.324094286424053, 40.755171921940224 ], [ -8.324114957107296, 40.755155588661381 ], [ -8.324137623728499, 40.755131599616099 ], [ -8.324154176850531, 40.755080065349574 ], [ -8.324144828406034, 40.755000476517282 ], [ -8.32413916819549, 40.75484623272817 ], [ -8.324139095768203, 40.754820928763294 ], [ -8.324060791682045, 40.754686883657193 ], [ -8.324050299097895, 40.754538863110056 ], [ -8.324054098164275, 40.75429680297534 ], [ -8.324056389634274, 40.754269516695643 ], [ -8.324062584478376, 40.754242761556988 ], [ -8.324158332412921, 40.754141923450618 ], [ -8.324178873773503, 40.754121897415665 ], [ -8.32420251184498, 40.754104392156044 ], [ -8.324229583728846, 40.754088858706325 ], [ -8.324447271602308, 40.754021227868343 ], [ -8.324744657449555, 40.7539540919649 ], [ -8.324774958296972, 40.753950076741546 ], [ -8.32489502412451, 40.753906565874573 ], [ -8.325029650352018, 40.753821059202167 ], [ -8.325241891323646, 40.753630698479498 ], [ -8.325452042097311, 40.753456729070116 ], [ -8.325510665688897, 40.753416652694852 ], [ -8.325535589409496, 40.753395537608363 ], [ -8.325665980002793, 40.753322199421739 ], [ -8.325723703826823, 40.753298688262589 ], [ -8.325605998044646, 40.753460706552225 ], [ -8.325577591295191, 40.75350631839963 ], [ -8.325482530166813, 40.753637317942392 ], [ -8.325445889800182, 40.753702668062367 ], [ -8.32540647144031, 40.753909037712972 ], [ -8.325399037267344, 40.753960017575999 ], [ -8.325384304999007, 40.753984265606846 ], [ -8.325368253387715, 40.754003111924803 ], [ -8.325331777415224, 40.754040539885409 ], [ -8.32513189987954, 40.754084553226896 ], [ -8.325099819177748, 40.754088567002157 ], [ -8.324821335676123, 40.754179895908564 ], [ -8.324644325675226, 40.754228277471519 ], [ -8.324451939904234, 40.754364575884665 ], [ -8.324431164942677, 40.754388206160854 ], [ -8.324415310790535, 40.754598766040139 ], [ -8.324426358367129, 40.7546505256499 ], [ -8.324434128822416, 40.754676085203684 ], [ -8.324445329123863, 40.7547005611708 ], [ -8.324570275014292, 40.754829480440343 ], [ -8.324637967352158, 40.754936616920581 ], [ -8.324648578076657, 40.754960277991096 ], [ -8.324651960722592, 40.754983595358603 ], [ -8.324650739804513, 40.755012058626001 ], [ -8.324632763304916, 40.755060983872703 ], [ -8.324618398736829, 40.755088924146627 ], [ -8.324607701303121, 40.755116762880945 ], [ -8.324601404635549, 40.75531434058427 ], [ -8.324601472741859, 40.755337664351714 ], [ -8.324524089975997, 40.755480794100365 ], [ -8.324506378666522, 40.755500453497575 ], [ -8.32427046090374, 40.755652313283463 ], [ -8.324185412948609, 40.755726384358383 ], [ -8.324166403901527, 40.755745325450299 ], [ -8.32414088888418, 40.755768419612885 ], [ -8.324121057473969, 40.755789254011177 ], [ -8.324105361527984, 40.755810172512938 ], [ -8.324053597368229, 40.755844838307176 ], [ -8.324025224026924, 40.755861456266466 ], [ -8.324001592406328, 40.755878965976684 ], [ -8.323977121272568, 40.75589278411546 ], [ -8.323957395471945, 40.755910825856745 ], [ -8.323914182352947, 40.755914858610311 ], [ -8.323881991039606, 40.75592193753485 ], [ -8.32385155830662, 40.755921987834697 ], [ -8.323819569338571, 40.755916998792571 ], [ -8.323659938175426, 40.755791195909232 ], [ -8.323639869862042, 40.755773487368295 ], [ -8.32340593746137, 40.7556300713971 ], [ -8.323380553289351, 40.7556160645304 ], [ -8.323309702404281, 40.755560715847473 ], [ -8.323285012058767, 40.755541665910322 ], [ -8.323261646584001, 40.755527927642198 ], [ -8.3232316675753, 40.755522573123606 ], [ -8.323193541327392, 40.755522635923221 ], [ -8.323157666092094, 40.755526389759744 ], [ -8.323125130765975, 40.7555357175914 ], [ -8.323103750873919, 40.755554301311413 ], [ -8.323049418248802, 40.755644441754342 ], [ -8.323034799903631, 40.755666707288434 ], [ -8.323021035504819, 40.755740210828932 ], [ -8.32302148428629, 40.755977402976718 ], [ -8.323041349931849, 40.756050845769678 ], [ -8.323053759350691, 40.756122866331616 ], [ -8.323079081437184, 40.756200717994005 ], [ -8.323090634246585, 40.756223478051567 ], [ -8.32316170979721, 40.756436958070942 ], [ -8.323170537248766, 40.756460356560069 ], [ -8.323182091321382, 40.75648311750583 ], [ -8.323271205219212, 40.756586796672046 ], [ -8.323288756267299, 40.756635753203966 ], [ -8.323297264218482, 40.756876534937085 ], [ -8.323297334418498, 40.756900751992688 ], [ -8.323151700648875, 40.757031567223464 ], [ -8.323131377186273, 40.757049519754361 ], [ -8.323108121014668, 40.757073515868683 ], [ -8.322965916280154, 40.757161547822683 ], [ -8.322941798739693, 40.757176266558965 ], [ -8.322881680177852, 40.757231203229132 ], [ -8.322863977602202, 40.757251768258385 ], [ -8.322850198234388, 40.75727853488803 ], [ -8.322849923446844, 40.757307257715269 ], [ -8.322810135074439, 40.757307867023869 ], [ -8.322745477642824, 40.757307974182176 ], [ -8.322649632443618, 40.757294355765019 ], [ -8.322516266524353, 40.757285032105258 ], [ -8.322484879870093, 40.757285084511075 ], [ -8.322452451191056, 40.757290179621741 ], [ -8.322433801500939, 40.757310474187442 ], [ -8.322425674508882, 40.757409539911322 ], [ -8.322427053441878, 40.757436010573215 ], [ -8.322490416627849, 40.75756359493402 ], [ -8.322509318929749, 40.757588058438309 ], [ -8.322573946675325, 40.757659987923887 ], [ -8.322710243617292, 40.757781598249537 ], [ -8.32273398874627, 40.757803262207652 ], [ -8.322789366593881, 40.757869268864965 ], [ -8.322803292580923, 40.757893197496237 ], [ -8.322812287069018, 40.757974497931137 ], [ -8.322798882565527, 40.758214857306548 ], [ -8.322792675672027, 40.758445575787327 ], [ -8.322792758508928, 40.758474301622861 ], [ -8.322798643016625, 40.75850220387025 ], [ -8.322814110373111, 40.758526316367764 ], [ -8.32283336324217, 40.758550235336045 ], [ -8.322937521057307, 40.758614536310454 ], [ -8.322997053333838, 40.758642802346465 ], [ -8.32302575524697, 40.758657075781237 ], [ -8.323052443914646, 40.758673420071709 ], [ -8.323070103692306, 40.758718416038143 ], [ -8.323075324831084, 40.758764508574274 ], [ -8.32278552420375, 40.759789300994441 ], [ -8.322759047024705, 40.759849587087018 ], [ -8.322677417115344, 40.760000824272204 ], [ -8.322528960342913, 40.760225920278494 ], [ -8.322410589550122, 40.760451509742992 ], [ -8.32240001134395, 40.760480254856084 ], [ -8.322390874590246, 40.760721150983038 ], [ -8.322398764036919, 40.760952744922541 ], [ -8.322405986475554, 40.761200094198173 ], [ -8.3224066609536, 40.761435752202644 ], [ -8.322407439838313, 40.761460245431479 ], [ -8.322412248463952, 40.76148499949899 ], [ -8.322550094086496, 40.761648030396977 ], [ -8.322644121277669, 40.761729462233284 ], [ -8.322674917760235, 40.761772724810363 ], [ -8.322675187080625, 40.761782899119325 ], [ -8.32272655253052, 40.761812351143035 ], [ -8.3227467360371, 40.761830864681144 ], [ -8.322923031462008, 40.762019136891183 ], [ -8.323064311022735, 40.76222232111332 ], [ -8.323229021417859, 40.762419885259099 ], [ -8.32334679974945, 40.762521263079947 ], [ -8.323379993618788, 40.762534446610466 ], [ -8.323411035188343, 40.762538354928019 ], [ -8.323441458866478, 40.762534072407398 ], [ -8.32347339379055, 40.762519431635582 ], [ -8.323499041229674, 40.76250191782632 ], [ -8.323523629471554, 40.762484678610399 ], [ -8.323688375516399, 40.762365630720971 ], [ -8.32379898378448, 40.762280256208413 ], [ -8.323822385340007, 40.762264729839181 ], [ -8.323967923739737, 40.76217696243976 ], [ -8.323989321825804, 40.762164497447948 ], [ -8.324051019631012, 40.762164394486824 ], [ -8.324088331928545, 40.762164961297806 ], [ -8.324125529165119, 40.762168773689474 ], [ -8.324255569888422, 40.762212771137051 ], [ -8.324321969679904, 40.762238775646111 ], [ -8.324445591144572, 40.762273504761517 ], [ -8.324726493654836, 40.762349035516714 ], [ -8.324845499416963, 40.762385126218405 ], [ -8.324875009797976, 40.762392373038807 ], [ -8.324901097822393, 40.762403851585802 ], [ -8.324917499271741, 40.762422734829052 ], [ -8.324922658911024, 40.762445238754779 ], [ -8.32492188924668, 40.762467123085401 ], [ -8.324881015871153, 40.762502939060781 ], [ -8.324857740938684, 40.76252125878468 ], [ -8.324705459754808, 40.762569960396071 ], [ -8.324412985824587, 40.762627542678395 ], [ -8.324380196471722, 40.762633268374778 ], [ -8.324349785100113, 40.762641425973946 ], [ -8.324261190897472, 40.762679574747011 ], [ -8.324234460016591, 40.762693396668269 ], [ -8.324192884362157, 40.762731466612848 ], [ -8.324169140284081, 40.762752308374047 ], [ -8.324091814246508, 40.762796919259969 ], [ -8.323815708190262, 40.762904091389515 ], [ -8.323671460764398, 40.762946473958429 ], [ -8.323947502293491, 40.763061726673989 ], [ -8.324563902527562, 40.763293113085886 ], [ -8.324595711712448, 40.763316739858091 ], [ -8.324748510544364, 40.763366822376803 ], [ -8.325028755104018, 40.763458113120052 ], [ -8.325067622759869, 40.763467593777186 ], [ -8.325148320405777, 40.763482945421863 ], [ -8.32530476475881, 40.763520049435414 ], [ -8.325344832638196, 40.763532139449858 ], [ -8.325506405452568, 40.763544205253432 ], [ -8.325544665197214, 40.763545313014909 ], [ -8.325583055924447, 40.763552001843408 ], [ -8.325660823441897, 40.763579153663692 ], [ -8.325696045229835, 40.763595392139599 ], [ -8.325914064992849, 40.763751259435679 ], [ -8.325983891213955, 40.763816701849649 ], [ -8.326010007586293, 40.76383772629385 ], [ -8.326037896762461, 40.763856231772031 ], [ -8.326067905378075, 40.763870859749623 ], [ -8.326084024589539, 40.763876684245574 ], [ -8.326503046574853, 40.765415543734228 ], [ -8.326544149480954, 40.765416913847268 ], [ -8.326582401391956, 40.765416577776065 ], [ -8.326723824604462, 40.765378070272185 ], [ -8.326946316071641, 40.765239467407092 ], [ -8.32697882327049, 40.765218610363 ], [ -8.327011820822857, 40.765203066333896 ], [ -8.327044351796104, 40.765190401076104 ], [ -8.327112783778828, 40.765181549413455 ], [ -8.327147244008588, 40.765181490579323 ], [ -8.327215628802424, 40.765197135225485 ], [ -8.327247884380466, 40.765210319214283 ], [ -8.327438404109579, 40.765358214492323 ], [ -8.327472129722736, 40.765386883634626 ], [ -8.327508323879627, 40.765411584609751 ], [ -8.327543197808474, 40.765430706501441 ], [ -8.327667595531054, 40.765443100246259 ], [ -8.327711061441343, 40.765442487562517 ], [ -8.327916771588905, 40.765318317316847 ], [ -8.328127119730073, 40.76516037553349 ], [ -8.328185543654424, 40.765131281606784 ], [ -8.32821345733767, 40.765119706224553 ], [ -8.328243401944835, 40.765112092301372 ], [ -8.328397469109429, 40.765106787099811 ], [ -8.328430990101657, 40.765106730372196 ], [ -8.328461902996697, 40.765109464195383 ], [ -8.328490476049206, 40.765119232171919 ], [ -8.328515623298047, 40.76513161919172 ], [ -8.328693387837532, 40.765288898289597 ], [ -8.328875193370996, 40.765492277631417 ], [ -8.328898717436523, 40.765515287811674 ], [ -8.328926256503228, 40.765535860726438 ], [ -8.32895591517609, 40.765552651541611 ], [ -8.329013995851568, 40.765570022654863 ], [ -8.329116642832574, 40.765596858848745 ], [ -8.329266162952795, 40.765615692696294 ], [ -8.329346134039758, 40.765623208287067 ], [ -8.32946881119636, 40.765655600407591 ], [ -8.329550580428609, 40.765672029543182 ], [ -8.329720063795508, 40.76571144935793 ], [ -8.329966408020102, 40.765830069145494 ], [ -8.330184564867867, 40.766026087643077 ], [ -8.330370440550228, 40.76624026634331 ], [ -8.330550230557161, 40.766439142155384 ], [ -8.330574228430859, 40.766463862127956 ], [ -8.330590402689861, 40.766485537387389 ], [ -8.330693665144777, 40.766679502897858 ], [ -8.330776418910521, 40.766825420376954 ], [ -8.330904249027006, 40.767034475594976 ], [ -8.331042524506085, 40.767252870737131 ], [ -8.331172127230307, 40.767459220203612 ], [ -8.331260368673375, 40.767580632517728 ], [ -8.331286048334746, 40.767611478246778 ], [ -8.331351010033442, 40.76766935341977 ], [ -8.331424230866915, 40.767716505627249 ], [ -8.331462421203351, 40.76773525862594 ], [ -8.331500716567879, 40.767748697585844 ], [ -8.331574653129399, 40.76775847685137 ], [ -8.331615878007998, 40.767760115997113 ], [ -8.331657579041137, 40.767764546756808 ], [ -8.331700126174981, 40.767772302489341 ], [ -8.331740661693035, 40.767782678519005 ], [ -8.331924745251444, 40.767870698702069 ], [ -8.332011764362212, 40.76793664539376 ], [ -8.332178302960926, 40.768137072291701 ], [ -8.332217304210079, 40.768228946867183 ], [ -8.332226995182795, 40.768259905514284 ], [ -8.332234290591773, 40.768322383960083 ], [ -8.332234391763924, 40.768355880549549 ], [ -8.3321842229573, 40.768491582257923 ], [ -8.332083314880338, 40.768727596973015 ], [ -8.332025153481361, 40.768961196622037 ], [ -8.332046223376398, 40.769193125230046 ], [ -8.33208564211907, 40.769421240995165 ], [ -8.332106468927776, 40.769651368094351 ], [ -8.332175226836117, 40.769867905930745 ], [ -8.332183611977518, 40.769898601177857 ], [ -8.3321876111499, 40.769930108135689 ], [ -8.332188318614156, 40.770164773298767 ], [ -8.332226678419124, 40.770315542463635 ], [ -8.332338532197417, 40.770525880619914 ], [ -8.332417683281424, 40.770654870962098 ], [ -8.332511469239893, 40.770803826130994 ], [ -8.332522091672178, 40.770830014088794 ], [ -8.332548875586708, 40.771070309993455 ], [ -8.332547937237875, 40.771310290893048 ], [ -8.332543528811364, 40.771340465214266 ], [ -8.332469172124425, 40.771506555576238 ], [ -8.332314113104649, 40.771698988825271 ], [ -8.332211026623511, 40.771764994965586 ], [ -8.332174956532764, 40.771783605658754 ], [ -8.332148134735441, 40.771804545288454 ], [ -8.332131770062585, 40.771994756994701 ], [ -8.332131845555125, 40.772020057269998 ], [ -8.332134871963525, 40.772042298865721 ], [ -8.332283173631701, 40.772200523535631 ], [ -8.332447344507239, 40.772318652922436 ], [ -8.332698932195452, 40.772476068247329 ], [ -8.332741666959254, 40.772507871073046 ], [ -8.332874451856386, 40.772627765081161 ], [ -8.33295863024907, 40.772730363499562 ], [ -8.333090269377205, 40.772941119520915 ], [ -8.333187799365827, 40.773151210524489 ], [ -8.333295065714712, 40.77336966278456 ], [ -8.333308664517256, 40.77340142498204 ], [ -8.333380869648073, 40.773619394970332 ], [ -8.333425741489142, 40.773768440495004 ], [ -8.333519834758302, 40.77397763665369 ], [ -8.333625974923727, 40.774175289022196 ], [ -8.333689427659747, 40.7743966094393 ], [ -8.333718564752623, 40.77455333100734 ], [ -8.333737415348194, 40.774596612194209 ], [ -8.333747064191547, 40.774615776928542 ], [ -8.33375157427394, 40.774695102065827 ], [ -8.333752225116967, 40.774715359438922 ], [ -8.33375963616686, 40.774736419108372 ], [ -8.333843651181143, 40.774864861418671 ], [ -8.333864341698119, 40.77489048691924 ], [ -8.333879929389541, 40.774914593148594 ], [ -8.333891825170467, 40.775047393206961 ], [ -8.333891010581711, 40.77509079952803 ], [ -8.333866977096456, 40.775174139204609 ], [ -8.333854833681105, 40.775425396557957 ], [ -8.333915286271115, 40.775595030739076 ], [ -8.33403146225684, 40.775820218647532 ], [ -8.334128665332919, 40.776038143646971 ], [ -8.334257073241524, 40.776271507233965 ], [ -8.334272302402294, 40.776294803581138 ], [ -8.334301410617714, 40.776361117723589 ], [ -8.334318295679566, 40.776382790281389 ], [ -8.334404319248824, 40.776467642749871 ], [ -8.334440706161535, 40.776513322759818 ], [ -8.334453336857367, 40.776537524113131 ], [ -8.334459328895145, 40.776562008097997 ], [ -8.334473688434121, 40.776608356876061 ], [ -8.334485842598399, 40.77663283010672 ], [ -8.334527066050441, 40.776749819267472 ], [ -8.334546534812945, 40.776802463501824 ], [ -8.334567167867867, 40.776847990867452 ], [ -8.334706297786141, 40.777062425651067 ], [ -8.33473474522266, 40.777107399935048 ], [ -8.334856502779774, 40.777333473193515 ], [ -8.334879572901702, 40.777385655418222 ], [ -8.333579067347578, 40.777906630161205 ], [ -8.329235347096706, 40.778625544859835 ], [ -8.328526604285889, 40.779662700135404 ], [ -8.32752405956834, 40.780909133700455 ], [ -8.327204375945797, 40.781427897107626 ], [ -8.32685262733424, 40.782096494885096 ], [ -8.326445293957724, 40.78261488452619 ], [ -8.32625282004004, 40.782907982674544 ], [ -8.325455723304753, 40.784044664842277 ], [ -8.325406213357635, 40.784129285981798 ], [ -8.32543583670247, 40.784251594295561 ], [ -8.32534568193644, 40.78444974301064 ], [ -8.32514155293214, 40.784708149894165 ], [ -8.324998860920248, 40.78495755465319 ], [ -8.324508270650281, 40.785345472131027 ], [ -8.324222280267284, 40.785637384597123 ], [ -8.323741865792158, 40.785821078160687 ], [ -8.323528621502337, 40.785907709501302 ], [ -8.323017354594976, 40.786155345667602 ], [ -8.322751155870138, 40.786291838538567 ], [ -8.322406161909226, 40.785930071368092 ], [ -8.322111909983736, 40.786068034271189 ], [ -8.321983836666847, 40.786134330494647 ], [ -8.321816440637669, 40.786183163625765 ], [ -8.32100361373384, 40.786281025894276 ], [ -8.318513336855016, 40.786576746226025 ], [ -8.31533752468202, 40.786320708837785 ], [ -8.313215235271887, 40.785729748228817 ], [ -8.312607918356335, 40.784688765044429 ], [ -8.311692024627634, 40.783118793975127 ], [ -8.310219033924536, 40.780593707278932 ], [ -8.31009589186114, 40.780458618095864 ], [ -8.309934909405809, 40.780285558763389 ], [ -8.309619872232179, 40.779964900281513 ], [ -8.309546037101134, 40.779901550637746 ], [ -8.30899046815134, 40.779667220307111 ], [ -8.308528230324105, 40.779440210579544 ], [ -8.308287404313983, 40.779369650522483 ], [ -8.307830407495114, 40.779265822596585 ], [ -8.307481443754888, 40.779158095304545 ], [ -8.307132165831698, 40.77893090741869 ], [ -8.306709404132601, 40.778771025967032 ], [ -8.306537355138065, 40.778707823888595 ], [ -8.30639476259922, 40.778640843861275 ], [ -8.306158637586806, 40.778488144201518 ], [ -8.306041822094983, 40.778376092089232 ], [ -8.305577970856657, 40.77803731392796 ], [ -8.304918564155351, 40.777519403701405 ], [ -8.304436208887068, 40.777098285302337 ], [ -8.30441581126351, 40.777034981764594 ], [ -8.30444193005045, 40.776884666995926 ], [ -8.304398448219604, 40.77667683988556 ], [ -8.304329633660219, 40.77653137920926 ], [ -8.303255284287786, 40.77692442909003 ], [ -8.30255797190307, 40.77710018140727 ], [ -8.301562545975607, 40.778408514119349 ], [ -8.301361372054888, 40.778489855099387 ], [ -8.298832514191655, 40.780951891602015 ], [ -8.296053752401935, 40.783036022433926 ], [ -8.291376168388569, 40.783826027035246 ], [ -8.289824910861258, 40.784116323884056 ], [ -8.288853356059789, 40.784072627884306 ], [ -8.285231086432777, 40.784762157996965 ], [ -8.285221338418044, 40.784607868912218 ], [ -8.285078422841725, 40.784430671934537 ], [ -8.285049621082084, 40.784347910072427 ], [ -8.285030451743676, 40.783663382933511 ], [ -8.285043590514681, 40.783607444771377 ], [ -8.285163538492903, 40.783395940130873 ], [ -8.285659510976711, 40.782731461598509 ], [ -8.285399301302826, 40.781107315414516 ], [ -8.285362978675867, 40.78088059378014 ], [ -8.284675351416901, 40.780647381334333 ], [ -8.283046331940463, 40.779175926128715 ], [ -8.282981032797913, 40.779216756672952 ], [ -8.282866159715651, 40.779336222649583 ], [ -8.282791147438429, 40.779444534578168 ], [ -8.282707833414301, 40.779446865941409 ], [ -8.282585106099189, 40.779472583799567 ], [ -8.282418221837681, 40.779524223662285 ], [ -8.282266675368069, 40.779573003290167 ], [ -8.28214089001237, 40.779539832981619 ], [ -8.282061896778956, 40.779513268532241 ], [ -8.282010648548365, 40.779474445777339 ], [ -8.281962300508113, 40.77942561833121 ], [ -8.281931708578957, 40.779369247010266 ], [ -8.281916728693464, 40.779311229251164 ], [ -8.28191503886544, 40.779210117243842 ], [ -8.281904656212168, 40.779143462282676 ], [ -8.281887042554198, 40.779111261581413 ], [ -8.28184897334911, 40.779082421787543 ], [ -8.281790441291113, 40.779054719561351 ], [ -8.281741533396213, 40.779005361446607 ], [ -8.281708350800441, 40.778946199154305 ], [ -8.281607250683743, 40.778766737621247 ], [ -8.281568950540962, 40.778712774141809 ], [ -8.281497632599622, 40.778628266801555 ], [ -8.281406773915423, 40.778539654845829 ], [ -8.281322795361818, 40.778451975001062 ], [ -8.281286123194164, 40.778394242551215 ], [ -8.281274046008782, 40.778351524031919 ], [ -8.281237347200175, 40.778154298175224 ], [ -8.281219624356456, 40.778073207674694 ], [ -8.281193851605668, 40.778000909156006 ], [ -8.281158191129556, 40.777916889828226 ], [ -8.281113851363209, 40.777836670014779 ], [ -8.281253816707167, 40.777677594855547 ], [ -8.281218604339326, 40.77761874928774 ], [ -8.281194977798398, 40.777512110219838 ], [ -8.28121368991423, 40.777383192524944 ], [ -8.281270022782302, 40.77731062382049 ], [ -8.281222421450055, 40.777155962253822 ], [ -8.281184377307346, 40.777046549234193 ], [ -8.281178646425595, 40.7769281618028 ], [ -8.281205816420169, 40.776859581924484 ], [ -8.281227577288732, 40.776815934769132 ], [ -8.28123027201203, 40.776541184832105 ], [ -8.281240515545496, 40.776493967571099 ], [ -8.281278679895763, 40.7764544524439 ], [ -8.28143417932735, 40.776346241533425 ], [ -8.281504753087543, 40.776138439190923 ], [ -8.281501889616557, 40.776025407835256 ], [ -8.281518007748312, 40.775957713766125 ], [ -8.281534102614131, 40.775824758815098 ], [ -8.281640466148966, 40.775737381694675 ], [ -8.281651297685595, 40.775693748517618 ], [ -8.281658001924651, 40.77547182829408 ], [ -8.281658596872715, 40.775431015143958 ], [ -8.281649834458067, 40.775344728067168 ], [ -8.281639433147568, 40.775278343210495 ], [ -8.281581938171298, 40.775226490859879 ], [ -8.28157094827089, 40.775199502655234 ], [ -8.281565319773831, 40.775126810862993 ], [ -8.281537898853161, 40.77508322779498 ], [ -8.281530889318041, 40.774934463672423 ], [ -8.281547878302648, 40.774661562887431 ], [ -8.28162678684126, 40.774516063282228 ], [ -8.28160216821283, 40.774503632064004 ], [ -8.281525619020938, 40.774482960540553 ], [ -8.281449027114185, 40.774443595573516 ], [ -8.281399691818873, 40.774375114836467 ], [ -8.281259758886799, 40.7741135817841 ], [ -8.281210140309689, 40.773918398479488 ], [ -8.280887780647415, 40.773328918507332 ], [ -8.280721967595786, 40.773124992174758 ], [ -8.280447534399816, 40.772920214677256 ], [ -8.280178630209301, 40.772750548023538 ], [ -8.280061076597427, 40.772621028654697 ], [ -8.277055078187821, 40.768392544395333 ], [ -8.276695659456799, 40.768404753561512 ], [ -8.27656985510497, 40.768427666538095 ], [ -8.276436236320816, 40.768459084394443 ], [ -8.27646133081794, 40.768691689145093 ], [ -8.276418046949862, 40.768889068431129 ], [ -8.276385393614621, 40.768949345178072 ], [ -8.276325418876771, 40.769009656724251 ], [ -8.27626540063954, 40.769049197374869 ], [ -8.276238210891844, 40.769109467301107 ], [ -8.276206923688116, 40.769230824970791 ], [ -8.276177946558334, 40.769394396973468 ], [ -8.276157188637137, 40.769483624363069 ], [ -8.276139134778823, 40.769531433534659 ], [ -8.276111273711976, 40.769565450202172 ], [ -8.27598841152164, 40.76959002842122 ], [ -8.275903933512641, 40.769590748920962 ], [ -8.27579009392595, 40.769583576767673 ], [ -8.275255820668862, 40.769487548570005 ], [ -8.275193092143766, 40.769234408115338 ], [ -8.275104181311933, 40.769088279155675 ], [ -8.275101431807885, 40.769076395947316 ], [ -8.275006712876937, 40.768985373809365 ], [ -8.274890809266941, 40.768877574302167 ], [ -8.2748762890024, 40.768864069340957 ], [ -8.27486990822271, 40.768852257224218 ], [ -8.27481908964692, 40.768855411051277 ], [ -8.274723581382123, 40.768874850304115 ], [ -8.274665289739907, 40.768900680603686 ], [ -8.274566196313446, 40.768955419196395 ], [ -8.274513423338639, 40.7689948987272 ], [ -8.274410986054869, 40.76910167483679 ], [ -8.273628394992926, 40.76824918296176 ], [ -8.273561040354094, 40.768168174974562 ], [ -8.273459377662638, 40.767982888507902 ], [ -8.273420136079293, 40.767877304927779 ], [ -8.273393439974601, 40.767782434634853 ], [ -8.273386777885664, 40.767653567737462 ], [ -8.273415253153471, 40.767460220173241 ], [ -8.273430389748347, 40.767135242069777 ], [ -8.272982750054014, 40.766197491772381 ], [ -8.273368971823933, 40.763173414939303 ], [ -8.273415605874623, 40.763152444135308 ], [ -8.273640310371178, 40.763063469657268 ], [ -8.273778237873719, 40.763039975964595 ], [ -8.273943064462635, 40.763136304072702 ], [ -8.273991134749865, 40.763240339631849 ], [ -8.27415781949615, 40.763486956849562 ], [ -8.274276706643308, 40.763697795985642 ], [ -8.274348813448517, 40.76407564137611 ], [ -8.274298533868825, 40.764376559984278 ], [ -8.274330097705336, 40.764569402176292 ], [ -8.274466963851113, 40.764824525475838 ], [ -8.274723646755014, 40.765061394385718 ], [ -8.274895998006841, 40.765182206361992 ], [ -8.275332569989256, 40.765192374320208 ], [ -8.275548427119094, 40.765112414760551 ], [ -8.275867466952853, 40.764936145704404 ], [ -8.276459395990475, 40.7646048330216 ], [ -8.276650411683574, 40.764434671241354 ], [ -8.276746953381151, 40.764224016008562 ], [ -8.27681438705147, 40.763918932671181 ], [ -8.276825193420263, 40.763606812161058 ], [ -8.276863633265304, 40.763259262153404 ], [ -8.276921676261427, 40.762831186561016 ], [ -8.27686652110024, 40.762466827292414 ], [ -8.27679835511676, 40.762271596350104 ], [ -8.27665011085894, 40.762069173633904 ], [ -8.276478298091222, 40.762029140231697 ], [ -8.276267559565932, 40.762058670797259 ], [ -8.275863177846594, 40.762141122640358 ], [ -8.275523825932332, 40.762173063013471 ], [ -8.275244454829313, 40.762176204371258 ], [ -8.274871616296306, 40.762112462668526 ], [ -8.274422729047602, 40.76198614077326 ], [ -8.274099347868946, 40.761842735364127 ], [ -8.273705364450501, 40.761638093692959 ], [ -8.273288724773725, 40.76141231282454 ], [ -8.272980395798635, 40.761218276046193 ], [ -8.272576706916075, 40.760899094976942 ], [ -8.27228516016752, 40.760575006443723 ], [ -8.272084990330319, 40.760337162475189 ], [ -8.271946086742494, 40.760061599929159 ], [ -8.271932272120479, 40.759743384968253 ], [ -8.271995530620671, 40.759583198010652 ], [ -8.272233436991693, 40.759301232995576 ], [ -8.272420434425726, 40.759078675552793 ], [ -8.272584974462111, 40.758764201991561 ], [ -8.272684404410539, 40.758518967218471 ], [ -8.272746680697233, 40.75828809347356 ], [ -8.272741823907106, 40.757954646504501 ], [ -8.272704885394807, 40.757792332639831 ] ] ] } },
{ "type": "Feature", "properties": { "dtmnfr": "011704", "freguesia": "Pessegueiro do Vouga", "municipio": "Sever do Vouga", "distrito_i": "Aveiro", "nuts3_cod": "191", "nuts3": "Região de Aveiro", "nuts2": "Centro", "nuts1": "Continente", "area_ha": 1585.48, "perimetro_": 19, "designacao": "Pessegueiro do Vouga" }, "geometry": { "type": "Polygon", "coordinates": [ [ [ -8.344537657014621, 40.722100347379985 ], [ -8.344535131381216, 40.721421109156154 ], [ -8.344493106508956, 40.721048020803948 ], [ -8.34448146154425, 40.7203293587717 ], [ -8.344434488956844, 40.719924758956644 ], [ -8.344488428688249, 40.719582739660375 ], [ -8.344634290809747, 40.719338255983423 ], [ -8.344762058867387, 40.719247339870932 ], [ -8.345000110207286, 40.719149018081453 ], [ -8.345219765284709, 40.719072066208824 ], [ -8.345632205735114, 40.719064275561301 ], [ -8.345980378195314, 40.719056518226076 ], [ -8.346425537110479, 40.719065592128004 ], [ -8.347900901483424, 40.719055807158959 ], [ -8.348551445450068, 40.719040540642581 ], [ -8.349045962122771, 40.718941903568407 ], [ -8.349732455069372, 40.718738262701173 ], [ -8.350016261497572, 40.718591125480181 ], [ -8.350235308334971, 40.718367564513507 ], [ -8.350435783560885, 40.718039404606834 ], [ -8.35068123605754, 40.717459829914098 ], [ -8.350954669144764, 40.717040578526174 ], [ -8.351265552719639, 40.716816573852874 ], [ -8.351548988126344, 40.716634764004894 ], [ -8.352001974116208, 40.716436958751871 ], [ -8.35234034659203, 40.716262060417009 ], [ -8.35273375376174, 40.716051942921418 ], [ -8.353008000035802, 40.715849164238641 ], [ -8.353318708287249, 40.71557643509567 ], [ -8.353400214407262, 40.715352866464272 ], [ -8.353399285722462, 40.715073626362596 ], [ -8.353361763556247, 40.714787789617667 ], [ -8.353251151762684, 40.714550812398421 ], [ -8.353048240150001, 40.714209283753007 ], [ -8.352762382324883, 40.713658636465397 ], [ -8.352614371875386, 40.713169863200584 ], [ -8.352539519210117, 40.712758295261281 ], [ -8.352519172364447, 40.712081610559267 ], [ -8.352526715752996, 40.711571916957539 ], [ -8.352588680867408, 40.710985931487492 ], [ -8.35267902902261, 40.710574051977638 ], [ -8.352824019972847, 40.710083900686143 ], [ -8.35296045994547, 40.709797372128108 ], [ -8.352992884393124, 40.709760209441669 ], [ -8.353143073902643, 40.709588015385705 ], [ -8.353444719809559, 40.709412917977595 ], [ -8.353810650802828, 40.709244901859229 ], [ -8.354112910478207, 40.709181283529034 ], [ -8.354396910609669, 40.709180734978496 ], [ -8.354804813631874, 40.709249732725254 ], [ -8.355034022320377, 40.709353927757576 ], [ -8.355712374461026, 40.709436446386462 ], [ -8.356014791782522, 40.709421809513557 ], [ -8.356225270984126, 40.709372776370657 ], [ -8.356444973454813, 40.709288420581345 ], [ -8.356911786032068, 40.709140908406702 ], [ -8.357378619876171, 40.709035622728187 ], [ -8.358633211533268, 40.708858645711786 ], [ -8.359663430544794, 40.708751972340821 ], [ -8.360204057477414, 40.708736761306476 ], [ -8.360817571824676, 40.708617126051081 ], [ -8.361109964186932, 40.708442027753819 ], [ -8.361384014323024, 40.708162329532335 ], [ -8.361547892753846, 40.707882846910223 ], [ -8.361702411185174, 40.707533594084907 ], [ -8.361883975908887, 40.707064432475519 ], [ -8.362202963156578, 40.706540423498971 ], [ -8.362476545416857, 40.706197962588881 ], [ -8.362805096113712, 40.705806664236185 ], [ -8.363078793942261, 40.705499222409522 ], [ -8.363435084830591, 40.705226380200862 ], [ -8.363873987323549, 40.704960389439606 ], [ -8.364266981011612, 40.704729159420488 ], [ -8.364628179558615, 40.704475118002001 ], [ -8.364828860171329, 40.704237521358287 ], [ -8.365011178955042, 40.703992937274528 ], [ -8.365056336444409, 40.703776634381114 ], [ -8.365064692720951, 40.703595165954212 ], [ -8.365209999642902, 40.703225130348549 ], [ -8.365336819266014, 40.702778223756113 ], [ -8.365344664070495, 40.702450428088632 ], [ -8.365315805051527, 40.702014821639047 ], [ -8.365305279976022, 40.701645097349413 ], [ -8.365359500093769, 40.701449672339528 ], [ -8.365633263488586, 40.701135200141138 ], [ -8.366089322172643, 40.700575964903848 ], [ -8.366436042352543, 40.700149773990105 ], [ -8.366700806145726, 40.699870077050321 ], [ -8.367038956866255, 40.69966704336931 ], [ -8.36723111817675, 40.699603887420665 ], [ -8.367560486597776, 40.699526401040153 ], [ -8.367844684460504, 40.699525819033241 ], [ -8.368064623667712, 40.699553194667239 ], [ -8.368220381548408, 40.699601860779183 ], [ -8.368468255912727, 40.699733908000027 ], [ -8.36889983856331, 40.700019195721787 ], [ -8.369340529941095, 40.700304197524694 ], [ -8.369652278916886, 40.700429085688903 ], [ -8.369850646847343, 40.700479819898263 ], [ -8.370480273689534, 40.700491217904066 ], [ -8.371010513148445, 40.700502812825 ], [ -8.371904902646389, 40.700437916219492 ], [ -8.372633098166798, 40.700385699999615 ], [ -8.373096857919803, 40.700271354646375 ], [ -8.373494116192026, 40.700156790217996 ], [ -8.373825275104508, 40.700118449900486 ], [ -8.374139962234826, 40.700105093436726 ], [ -8.374653492299105, 40.700078705919367 ], [ -8.375001092837065, 40.700040243179942 ], [ -8.375381855438585, 40.699976131738126 ], [ -8.375563998382917, 40.699925320830268 ], [ -8.375545605038194, 40.699458537189038 ], [ -8.375611063384046, 40.699205992313331 ], [ -8.375742959693451, 40.69900391190842 ], [ -8.376056296623933, 40.698656281223492 ], [ -8.376403338643263, 40.698403137554664 ], [ -8.376717527456639, 40.698225788717671 ], [ -8.376948894906315, 40.698111836960464 ], [ -8.377428324519647, 40.697921529019027 ], [ -8.377941330739397, 40.697693327374694 ], [ -8.378222197968917, 40.697528655825209 ], [ -8.378551938913388, 40.697111471314024 ], [ -8.378897843700608, 40.696555572006716 ], [ -8.379161318680262, 40.696138794203257 ], [ -8.379209676238618, 40.695747513213462 ], [ -8.379092540838101, 40.695457351978 ], [ -8.378892656096902, 40.695154943368756 ], [ -8.378758795117939, 40.69478944917477 ], [ -8.378624514557796, 40.694310218554563 ], [ -8.378405883518216, 40.694281149254984 ], [ -8.378559495249238, 40.69416573936833 ], [ -8.378629632913405, 40.694032132813945 ], [ -8.378813677968131, 40.693604989448872 ], [ -8.379221368683378, 40.692997720998598 ], [ -8.379490166906784, 40.69280767487956 ], [ -8.37984842875005, 40.692719736751926 ], [ -8.380335768771191, 40.692759207252045 ], [ -8.380983779169165, 40.692739526612911 ], [ -8.382209637767536, 40.69279053877348 ], [ -8.383005621534176, 40.692762423725497 ], [ -8.383843191905497, 40.692593728754289 ], [ -8.385306255376225, 40.691928918985489 ], [ -8.385737536374016, 40.69169519229829 ], [ -8.386438575718413, 40.691374508023252 ], [ -8.387006976648149, 40.691082027078707 ], [ -8.387162763290753, 40.690922114788933 ], [ -8.387223730875702, 40.690593297820719 ], [ -8.38728084092244, 40.690277184695063 ], [ -8.387576601366149, 40.690092193235245 ], [ -8.387997722079376, 40.689898011062589 ], [ -8.388511488807552, 40.689677952474661 ], [ -8.38889414410354, 40.689663866025626 ], [ -8.389110189551454, 40.689669864548982 ], [ -8.389501846275845, 40.689722121071242 ], [ -8.389907478295608, 40.689837737537204 ], [ -8.390385035040673, 40.689952919463884 ], [ -8.391095682706093, 40.690165999207267 ], [ -8.391732666670528, 40.690238588837374 ], [ -8.392606588985592, 40.690425175887043 ], [ -8.393277023993303, 40.690638877362801 ], [ -8.394774967237245, 40.690814754909979 ], [ -8.395426148475609, 40.690823984273322 ], [ -8.396092257525165, 40.690659559323379 ], [ -8.396945637560874, 40.69037501945548 ], [ -8.398403661259312, 40.690004972361379 ], [ -8.399312132100674, 40.689892822624245 ], [ -8.400465868378509, 40.689935164165576 ], [ -8.401826545978299, 40.68975215068955 ], [ -8.402424543673657, 40.689572632677304 ], [ -8.40290985777068, 40.689203726490526 ], [ -8.403417329344634, 40.688902211025521 ], [ -8.404044716768151, 40.688796634176704 ], [ -8.405240585104956, 40.688587316480756 ], [ -8.405828510399704, 40.688495238756111 ], [ -8.407393003147513, 40.687858368077222 ], [ -8.408364877114701, 40.687357157634843 ], [ -8.408961324212406, 40.687012726755945 ], [ -8.410138990036442, 40.686818261118859 ], [ -8.410984368611812, 40.686855028070944 ], [ -8.411567099018278, 40.687136187319908 ], [ -8.41220459207573, 40.687696821672887 ], [ -8.412311495305259, 40.688109980517382 ], [ -8.412538468469116, 40.689196965585054 ], [ -8.41286655109489, 40.689851550051891 ], [ -8.413376925752159, 40.690249674205262 ], [ -8.414517760604198, 40.690565115180235 ], [ -8.415639846083126, 40.690727509384629 ], [ -8.416431072390486, 40.690647035093868 ], [ -8.416469581877843, 40.690883052593918 ], [ -8.416469441235021, 40.691099803968243 ], [ -8.416454526704161, 40.691291733908926 ], [ -8.416446007534793, 40.69140206462064 ], [ -8.416425454383008, 40.692492264548903 ], [ -8.416372585217937, 40.694603437137516 ], [ -8.416311256041014, 40.696037091766975 ], [ -8.416173540648273, 40.698813402521722 ], [ -8.416070797291228, 40.700941085107097 ], [ -8.415967492887876, 40.703274081412189 ], [ -8.415948874688025, 40.703569038116463 ], [ -8.415752980181347, 40.706640218128321 ], [ -8.415501471469053, 40.710605729714224 ], [ -8.415324711131511, 40.713232463771753 ], [ -8.415240083505889, 40.714509667542991 ], [ -8.415230739955565, 40.714651519272991 ], [ -8.415014472699237, 40.718401447116399 ], [ -8.414353145882332, 40.72069870546013 ], [ -8.414222988998421, 40.72067876022345 ], [ -8.414095960551132, 40.720671237805391 ], [ -8.413926350510975, 40.720670751837432 ], [ -8.413629813021586, 40.720656618104307 ], [ -8.413422125671765, 40.720635428544028 ], [ -8.413088430513408, 40.720595989384059 ], [ -8.412836953000378, 40.720575800976178 ], [ -8.412520976828526, 40.720528486437637 ], [ -8.412484884946178, 40.720529922751233 ], [ -8.412375973779778, 40.720524336603681 ], [ -8.412327740442668, 40.720508698935461 ], [ -8.412293123992439, 40.720524181310815 ], [ -8.412262739172112, 40.720531817241529 ], [ -8.412231043031543, 40.720537207772246 ], [ -8.412195658157005, 40.720538462184678 ], [ -8.411879359662823, 40.720554453122794 ], [ -8.411562673066937, 40.720591241310565 ], [ -8.411280751271057, 40.720619480105022 ], [ -8.411200067306835, 40.720628139262232 ], [ -8.410879001464844, 40.720693573107276 ], [ -8.410719941506908, 40.720725206896368 ], [ -8.410477011244508, 40.720738761756493 ], [ -8.41015817982303, 40.72077105231832 ], [ -8.409998944990271, 40.720789174345718 ], [ -8.403099677910042, 40.720351692132759 ], [ -8.402780372982848, 40.720326328350062 ], [ -8.402552321217973, 40.7203313679194 ], [ -8.402462667146493, 40.720346437300712 ], [ -8.402151790013052, 40.720416145534401 ], [ -8.401844756972466, 40.720470083327683 ], [ -8.401525443782752, 40.720473624133056 ], [ -8.401216141378711, 40.720463630514907 ], [ -8.40118093209227, 40.72044939604411 ], [ -8.401145964802389, 40.720437949867332 ], [ -8.401108423331891, 40.720430655585446 ], [ -8.400952603119039, 40.720415532143384 ], [ -8.400783337811028, 40.720411695091947 ], [ -8.400746727385645, 40.720402507471007 ], [ -8.400713877516955, 40.720386014321356 ], [ -8.400685750266462, 40.720366896947219 ], [ -8.400653515698032, 40.720357155247711 ], [ -8.400627429026986, 40.720345150728392 ], [ -8.40049084847978, 40.72028693789062 ], [ -8.400460542570995, 40.720285026071096 ], [ -8.400394464927881, 40.72027644418398 ], [ -8.400359627766029, 40.720265813325533 ], [ -8.400158967416857, 40.72019622105573 ], [ -8.399902326441449, 40.720037252043639 ], [ -8.399847473007402, 40.71999460297431 ], [ -8.399816583286972, 40.719994947201485 ], [ -8.399732893419996, 40.719991720412295 ], [ -8.399686089326876, 40.719978680220606 ], [ -8.399528935955304, 40.719924207622974 ], [ -8.399286650325312, 40.719803204552704 ], [ -8.399253735003503, 40.719800126874617 ], [ -8.399216925232091, 40.719800482789317 ], [ -8.399068303769415, 40.719808753361306 ], [ -8.399035790805247, 40.719816664469313 ], [ -8.399007201383862, 40.719830236116273 ], [ -8.398982882141963, 40.719844970379789 ], [ -8.398962590090774, 40.719860776871023 ], [ -8.398927966347747, 40.719875716756633 ], [ -8.398900316493071, 40.719885683288958 ], [ -8.398782550174319, 40.719944221629369 ], [ -8.398753367459115, 40.719958333081323 ], [ -8.398722510203815, 40.719967139896234 ], [ -8.398661997529473, 40.719987272153233 ], [ -8.398631861250861, 40.719999408256903 ], [ -8.398601616104761, 40.720012446009562 ], [ -8.398511698599206, 40.720049215123296 ], [ -8.398494309141279, 40.720051776519945 ], [ -8.392623487306638, 40.721104210945413 ], [ -8.389047371992733, 40.72127182613611 ], [ -8.385901272610358, 40.721418924305283 ], [ -8.385878312135475, 40.721480570088239 ], [ -8.385846255762434, 40.721548179120248 ], [ -8.385595961537463, 40.7215251363058 ], [ -8.378143963118459, 40.723402732777956 ], [ -8.378096228161311, 40.723392927634919 ], [ -8.37806201117335, 40.723390479734618 ], [ -8.377995220338263, 40.723380810439231 ], [ -8.377756215163656, 40.723308378074549 ], [ -8.377722831892831, 40.72330538980426 ], [ -8.377651063135477, 40.72329482494942 ], [ -8.377619429795171, 40.723286157054638 ], [ -8.377588854814549, 40.723275600350249 ], [ -8.377410472334487, 40.723208080787764 ], [ -8.377351704017553, 40.723192808303487 ], [ -8.37732455909355, 40.723181881367388 ], [ -8.377298128277241, 40.723170409008759 ], [ -8.377266976918229, 40.723165342920915 ], [ -8.37723554771247, 40.723147401081079 ], [ -8.377084247492741, 40.72320346226757 ], [ -8.371165646492894, 40.723942529832868 ], [ -8.37093124678405, 40.723963008726969 ], [ -8.370756860490221, 40.723986693676999 ], [ -8.370715088530137, 40.72398930198446 ], [ -8.37068347569757, 40.723986574584096 ], [ -8.370651166388884, 40.723986370024136 ], [ -8.370556593977547, 40.723987109407204 ], [ -8.370526055832, 40.723986362666494 ], [ -8.37045372127095, 40.723982008890886 ], [ -8.370422109471704, 40.723980901426465 ], [ -8.370325292380667, 40.723980831177641 ], [ -8.370183248174669, 40.723978337730969 ], [ -8.368776995847274, 40.723882182408893 ], [ -8.365102734722228, 40.723630255385537 ], [ -8.365004734201793, 40.723631802161506 ], [ -8.364868150678454, 40.723632622174016 ], [ -8.364729100272466, 40.723640557368348 ], [ -8.364695967305337, 40.723643416314673 ], [ -8.364663053834013, 40.7236409627277 ], [ -8.364530033177576, 40.723644562258428 ], [ -8.364497009136274, 40.723644357408695 ], [ -8.364404501012874, 40.723660032406706 ], [ -8.364372807323797, 40.723668022159664 ], [ -8.36419643822844, 40.723697915563612 ], [ -8.363974843335864, 40.723726726700427 ], [ -8.363819319019166, 40.723728208303257 ], [ -8.363544029463274, 40.723767307036105 ], [ -8.363457537279753, 40.723742447407226 ], [ -8.363341380852651, 40.723797251591748 ], [ -8.36327581205799, 40.723765592697596 ], [ -8.362556702373732, 40.723954162930738 ], [ -8.36077382486477, 40.724027147241571 ], [ -8.358030202987624, 40.722989798599222 ], [ -8.354466788146192, 40.722055188057666 ], [ -8.354433249435163, 40.722043362985325 ], [ -8.354259063467271, 40.721982647014599 ], [ -8.354226610945407, 40.721977129647435 ], [ -8.354191810838854, 40.721975751891442 ], [ -8.354049322106439, 40.721981970745588 ], [ -8.354017869725741, 40.721990409250267 ], [ -8.353990335980312, 40.722002347719467 ], [ -8.353965997984391, 40.722016443983946 ], [ -8.353863257478533, 40.72208588672828 ], [ -8.35388583210838, 40.722111958231373 ], [ -8.353851269003169, 40.722145795110919 ], [ -8.353698421637004, 40.722346177948403 ], [ -8.35361226537713, 40.722420368658838 ], [ -8.353442218388755, 40.722502550261751 ], [ -8.353282150292248, 40.722524827127963 ], [ -8.352981048050841, 40.722527117411801 ], [ -8.352666437600718, 40.722522679709222 ], [ -8.352345177134353, 40.722513392847695 ], [ -8.352048451868965, 40.722515671485311 ], [ -8.351731798418097, 40.72250357630616 ], [ -8.351696484005654, 40.722490500298015 ], [ -8.351424782322502, 40.722362966118887 ], [ -8.351300614853264, 40.722286929822026 ], [ -8.35126686590449, 40.722247554143649 ], [ -8.351203952306809, 40.722190582741035 ], [ -8.35116381123143, 40.722186154243389 ], [ -8.35113197449223, 40.722186487232293 ], [ -8.350991503926451, 40.722192968652202 ], [ -8.350959120557974, 40.722208247424646 ], [ -8.350936449468596, 40.722224860421072 ], [ -8.350916158792543, 40.722245162797535 ], [ -8.350897417349785, 40.722267977361 ], [ -8.350825761953582, 40.722362125367567 ], [ -8.350802748647443, 40.72238126039985 ], [ -8.350774989420811, 40.722399055418578 ], [ -8.350492364808314, 40.722547903153377 ], [ -8.350204704925176, 40.722643899958328 ], [ -8.350168499136112, 40.722647843823133 ], [ -8.350134292571481, 40.722648175590159 ], [ -8.34997425905005, 40.722642898623221 ], [ -8.349942978473623, 40.72263341112145 ], [ -8.349868775088092, 40.72260086481581 ], [ -8.349681068667504, 40.722496581934372 ], [ -8.349470579899839, 40.722337951781796 ], [ -8.349332514395309, 40.722246183259351 ], [ -8.349253307180454, 40.722201845695906 ], [ -8.349024383585135, 40.722052075098055 ], [ -8.348868570199564, 40.72196367198427 ], [ -8.348649770842471, 40.721869801345576 ], [ -8.348619452604007, 40.721863467960794 ], [ -8.348587964686281, 40.721861816682122 ], [ -8.348558017404653, 40.721861872580611 ], [ -8.348282895284093, 40.721879856470458 ], [ -8.348199906440952, 40.721910903000641 ], [ -8.34817334928135, 40.72193238362896 ], [ -8.348157313837353, 40.721951505134982 ], [ -8.348145075477396, 40.721973231033253 ], [ -8.348136037705817, 40.721996837528607 ], [ -8.348131142496259, 40.722020798310204 ], [ -8.348126953902344, 40.722262504663512 ], [ -8.348130761621199, 40.722522556530421 ], [ -8.348135830646489, 40.72255406660198 ], [ -8.348146469405059, 40.722585833747871 ], [ -8.348187778307022, 40.722658517677644 ], [ -8.348373765549184, 40.722853214296528 ], [ -8.348414051509755, 40.722904374353334 ], [ -8.348425256948154, 40.722929386619356 ], [ -8.348430668061365, 40.722953872090628 ], [ -8.348431574346559, 40.722978365964707 ], [ -8.348426776912097, 40.723103543446889 ], [ -8.348409458966618, 40.723129510321428 ], [ -8.348391050524587, 40.723147281921094 ], [ -8.348368500084828, 40.723164167039393 ], [ -8.3482900453845, 40.723207356600795 ], [ -8.348256943091842, 40.723217322067597 ], [ -8.348067751992113, 40.723276753129113 ], [ -8.348028934912538, 40.723277097360544 ], [ -8.347985954968806, 40.723274112953511 ], [ -8.347950426541404, 40.723266526584162 ], [ -8.347912631746256, 40.723255341496859 ], [ -8.347642191559336, 40.723114290292102 ], [ -8.347427996637393, 40.722980516383579 ], [ -8.347227811163176, 40.722785577130701 ], [ -8.347133238849526, 40.722712001970109 ], [ -8.347102686782693, 40.722707016679152 ], [ -8.347070020373385, 40.722707078133141 ], [ -8.346965641702459, 40.722711776788984 ], [ -8.346730471651464, 40.722715904311379 ], [ -8.346673945349483, 40.72269431211236 ], [ -8.346655066173014, 40.722674894307339 ], [ -8.346642085040784, 40.722651057611607 ], [ -8.34663738062355, 40.722623420777218 ], [ -8.346636804056406, 40.722592263432666 ], [ -8.346633669610016, 40.72235255360436 ], [ -8.346629722795052, 40.722121224478478 ], [ -8.346623187625957, 40.722038843854165 ], [ -8.346611184605619, 40.721988436808644 ], [ -8.346600108470199, 40.721966216592428 ], [ -8.346574129658713, 40.721947716910641 ], [ -8.346528321692071, 40.721910969107526 ], [ -8.346508250279149, 40.721888764612252 ], [ -8.346433731875084, 40.721830910649494 ], [ -8.346398559326868, 40.721824762151229 ], [ -8.346360093741808, 40.721824834119182 ], [ -8.346139393752967, 40.721835963955172 ], [ -8.346076829323273, 40.721851029603776 ], [ -8.346049406362534, 40.721862875925041 ], [ -8.34597274389438, 40.721909483439127 ], [ -8.34589074635171, 40.721955199329706 ], [ -8.345745125907946, 40.722015984381642 ], [ -8.345720193620259, 40.72202873104515 ], [ -8.345678569282379, 40.722041951491732 ], [ -8.345646752006367, 40.722048762974438 ], [ -8.345614218933813, 40.722053060652321 ], [ -8.345517434433257, 40.722064224960953 ], [ -8.345321912984566, 40.722065126678082 ], [ -8.345284499025219, 40.722061326879327 ], [ -8.345250152081709, 40.722054637110659 ], [ -8.345219585823539, 40.722045415365393 ], [ -8.345188912984437, 40.722039529282767 ], [ -8.345035720593025, 40.721991098651614 ], [ -8.344929368882966, 40.721935014019323 ], [ -8.344902463352224, 40.721922725552247 ], [ -8.34487803241457, 40.721908093024012 ], [ -8.3448579786777, 40.721891293047278 ], [ -8.344739645726868, 40.721900243163503 ], [ -8.344668331773478, 40.72195494546213 ], [ -8.344537657014621, 40.722100347379985 ] ] ] } },
{ "type": "Feature", "properties": { "dtmnfr": "011705", "freguesia": "Rocas do Vouga", "municipio": "Sever do Vouga", "distrito_i": "Aveiro", "nuts3_cod": "191", "nuts3": "Região de Aveiro", "nuts2": "Centro", "nuts1": "Continente", "area_ha": 1481.82, "perimetro_": 21, "designacao": "Rocas do Vouga" }, "geometry": { "type": "Polygon", "coordinates": [ [ [ -8.357375213770501, 40.786861634228416 ], [ -8.357661727820719, 40.787920411369768 ], [ -8.356548347248284, 40.787244211059303 ], [ -8.35541233480386, 40.786554239809718 ], [ -8.352354035532507, 40.784696615838982 ], [ -8.349574759753235, 40.783008310755505 ], [ -8.347609020795547, 40.781814106429451 ], [ -8.346744213192824, 40.781268621005225 ], [ -8.345421515639339, 40.780485086726614 ], [ -8.344335940821953, 40.779896156464638 ], [ -8.342371209468924, 40.77883022620275 ], [ -8.339834465341999, 40.77745386028672 ], [ -8.339397141317928, 40.777437954845666 ], [ -8.339387854323892, 40.777433029515841 ], [ -8.33935060724569, 40.777386642120135 ], [ -8.339322105954084, 40.777345217034963 ], [ -8.339304542673114, 40.777312066882537 ], [ -8.339291305107798, 40.77723664144208 ], [ -8.339157702464862, 40.777114900460568 ], [ -8.339019850730514, 40.777000671650669 ], [ -8.338989166641914, 40.776959249474523 ], [ -8.338919239634203, 40.7769311706192 ], [ -8.338833907328672, 40.776861642262645 ], [ -8.338794426627752, 40.776798668795458 ], [ -8.33877037922819, 40.776785439218486 ], [ -8.338653325275841, 40.776768086260006 ], [ -8.338634999511022, 40.776764114385855 ], [ -8.338589234937771, 40.776621573255177 ], [ -8.338560329979517, 40.776538064834064 ], [ -8.338505287281588, 40.776459075700707 ], [ -8.338412685352813, 40.776411935532941 ], [ -8.338376123093527, 40.776400208554833 ], [ -8.338216987340241, 40.776389910654842 ], [ -8.338169112436264, 40.776434791896044 ], [ -8.338112491938725, 40.776474711602411 ], [ -8.338027484595484, 40.776509704639864 ], [ -8.33786393013227, 40.776551473674502 ], [ -8.337484470784466, 40.77664506057554 ], [ -8.337373175574383, 40.77664857776054 ], [ -8.337237683668352, 40.776590751611977 ], [ -8.337139985920276, 40.776466008238302 ], [ -8.337082618526672, 40.776477663936852 ], [ -8.334879572901702, 40.777385655418222 ], [ -8.334856502779774, 40.777333473193515 ], [ -8.33473474522266, 40.777107399935048 ], [ -8.334706297786141, 40.777062425651067 ], [ -8.334567167867867, 40.776847990867452 ], [ -8.334546534812945, 40.776802463501824 ], [ -8.334527066050441, 40.776749819267472 ], [ -8.334485842598399, 40.77663283010672 ], [ -8.334473688434121, 40.776608356876061 ], [ -8.334459328895145, 40.776562008097997 ], [ -8.334453336857367, 40.776537524113131 ], [ -8.334440706161535, 40.776513322759818 ], [ -8.334404319248824, 40.776467642749871 ], [ -8.334318295679566, 40.776382790281389 ], [ -8.334301410617714, 40.776361117723589 ], [ -8.334272302402294, 40.776294803581138 ], [ -8.334257073241524, 40.776271507233965 ], [ -8.334128665332919, 40.776038143646971 ], [ -8.33403146225684, 40.775820218647532 ], [ -8.333915286271115, 40.775595030739076 ], [ -8.333854833681105, 40.775425396557957 ], [ -8.333866977096456, 40.775174139204609 ], [ -8.333891010581711, 40.77509079952803 ], [ -8.333891825170467, 40.775047393206961 ], [ -8.333879929389541, 40.774914593148594 ], [ -8.333864341698119, 40.77489048691924 ], [ -8.333843651181143, 40.774864861418671 ], [ -8.33375963616686, 40.774736419108372 ], [ -8.333752225116967, 40.774715359438922 ], [ -8.33375157427394, 40.774695102065827 ], [ -8.333747064191547, 40.774615776928542 ], [ -8.333737415348194, 40.774596612194209 ], [ -8.333718564752623, 40.77455333100734 ], [ -8.333689427659747, 40.7743966094393 ], [ -8.333625974923727, 40.774175289022196 ], [ -8.333519834758302, 40.77397763665369 ], [ -8.333425741489142, 40.773768440495004 ], [ -8.333380869648073, 40.773619394970332 ], [ -8.333308664517256, 40.77340142498204 ], [ -8.333295065714712, 40.77336966278456 ], [ -8.333187799365827, 40.773151210524489 ], [ -8.333090269377205, 40.772941119520915 ], [ -8.33295863024907, 40.772730363499562 ], [ -8.332874451856386, 40.772627765081161 ], [ -8.332741666959254, 40.772507871073046 ], [ -8.332698932195452, 40.772476068247329 ], [ -8.332447344507239, 40.772318652922436 ], [ -8.332283173631701, 40.772200523535631 ], [ -8.332134871963525, 40.772042298865721 ], [ -8.332131845555125, 40.772020057269998 ], [ -8.332131770062585, 40.771994756994701 ], [ -8.332148134735441, 40.771804545288454 ], [ -8.332174956532764, 40.771783605658754 ], [ -8.332211026623511, 40.771764994965586 ], [ -8.332314113104649, 40.771698988825271 ], [ -8.332469172124425, 40.771506555576238 ], [ -8.332543528811364, 40.771340465214266 ], [ -8.332547937237875, 40.771310290893048 ], [ -8.332548875586708, 40.771070309993455 ], [ -8.332522091672178, 40.770830014088794 ], [ -8.332511469239893, 40.770803826130994 ], [ -8.332417683281424, 40.770654870962098 ], [ -8.332338532197417, 40.770525880619914 ], [ -8.332226678419124, 40.770315542463635 ], [ -8.332188318614156, 40.770164773298767 ], [ -8.3321876111499, 40.769930108135689 ], [ -8.332183611977518, 40.769898601177857 ], [ -8.332175226836117, 40.769867905930745 ], [ -8.332106468927776, 40.769651368094351 ], [ -8.33208564211907, 40.769421240995165 ], [ -8.332046223376398, 40.769193125230046 ], [ -8.332025153481361, 40.768961196622037 ], [ -8.332083314880338, 40.768727596973015 ], [ -8.3321842229573, 40.768491582257923 ], [ -8.332234391763924, 40.768355880549549 ], [ -8.332234290591773, 40.768322383960083 ], [ -8.332226995182795, 40.768259905514284 ], [ -8.332217304210079, 40.768228946867183 ], [ -8.332178302960926, 40.768137072291701 ], [ -8.332011764362212, 40.76793664539376 ], [ -8.331924745251444, 40.767870698702069 ], [ -8.331740661693035, 40.767782678519005 ], [ -8.331700126174981, 40.767772302489341 ], [ -8.331657579041137, 40.767764546756808 ], [ -8.331615878007998, 40.767760115997113 ], [ -8.331574653129399, 40.76775847685137 ], [ -8.331500716567879, 40.767748697585844 ], [ -8.331462421203351, 40.76773525862594 ], [ -8.331424230866915, 40.767716505627249 ], [ -8.331351010033442, 40.76766935341977 ], [ -8.331286048334746, 40.767611478246778 ], [ -8.331260368673375, 40.767580632517728 ], [ -8.331172127230307, 40.767459220203612 ], [ -8.331042524506085, 40.767252870737131 ], [ -8.330904249027006, 40.767034475594976 ], [ -8.330776418910521, 40.766825420376954 ], [ -8.330693665144777, 40.766679502897858 ], [ -8.330590402689861, 40.766485537387389 ], [ -8.330574228430859, 40.766463862127956 ], [ -8.330550230557161, 40.766439142155384 ], [ -8.330370440550228, 40.76624026634331 ], [ -8.330184564867867, 40.766026087643077 ], [ -8.329966408020102, 40.765830069145494 ], [ -8.329720063795508, 40.76571144935793 ], [ -8.329550580428609, 40.765672029543182 ], [ -8.32946881119636, 40.765655600407591 ], [ -8.329346134039758, 40.765623208287067 ], [ -8.329266162952795, 40.765615692696294 ], [ -8.329116642832574, 40.765596858848745 ], [ -8.329013995851568, 40.765570022654863 ], [ -8.32895591517609, 40.765552651541611 ], [ -8.328926256503228, 40.765535860726438 ], [ -8.328898717436523, 40.765515287811674 ], [ -8.328875193370996, 40.765492277631417 ], [ -8.328693387837532, 40.765288898289597 ], [ -8.328515623298047, 40.76513161919172 ], [ -8.328490476049206, 40.765119232171919 ], [ -8.328461902996697, 40.765109464195383 ], [ -8.328430990101657, 40.765106730372196 ], [ -8.328397469109429, 40.765106787099811 ], [ -8.328243401944835, 40.765112092301372 ], [ -8.32821345733767, 40.765119706224553 ], [ -8.328185543654424, 40.765131281606784 ], [ -8.328127119730073, 40.76516037553349 ], [ -8.327916771588905, 40.765318317316847 ], [ -8.327711061441343, 40.765442487562517 ], [ -8.327667595531054, 40.765443100246259 ], [ -8.327543197808474, 40.765430706501441 ], [ -8.327508323879627, 40.765411584609751 ], [ -8.327472129722736, 40.765386883634626 ], [ -8.327438404109579, 40.765358214492323 ], [ -8.327247884380466, 40.765210319214283 ], [ -8.327215628802424, 40.765197135225485 ], [ -8.327147244008588, 40.765181490579323 ], [ -8.327112783778828, 40.765181549413455 ], [ -8.327044351796104, 40.765190401076104 ], [ -8.327011820822857, 40.765203066333896 ], [ -8.32697882327049, 40.765218610363 ], [ -8.326946316071641, 40.765239467407092 ], [ -8.326723824604462, 40.765378070272185 ], [ -8.326582401391956, 40.765416577776065 ], [ -8.326544149480954, 40.765416913847268 ], [ -8.326503046574853, 40.765415543734228 ], [ -8.326084024589539, 40.763876684245574 ], [ -8.326067905378075, 40.763870859749623 ], [ -8.326037896762461, 40.763856231772031 ], [ -8.326010007586293, 40.76383772629385 ], [ -8.325983891213955, 40.763816701849649 ], [ -8.325914064992849, 40.763751259435679 ], [ -8.325696045229835, 40.763595392139599 ], [ -8.325660823441897, 40.763579153663692 ], [ -8.325583055924447, 40.763552001843408 ], [ -8.325544665197214, 40.763545313014909 ], [ -8.325506405452568, 40.763544205253432 ], [ -8.325344832638196, 40.763532139449858 ], [ -8.32530476475881, 40.763520049435414 ], [ -8.325148320405777, 40.763482945421863 ], [ -8.325067622759869, 40.763467593777186 ], [ -8.325028755104018, 40.763458113120052 ], [ -8.324748510544364, 40.763366822376803 ], [ -8.324595711712448, 40.763316739858091 ], [ -8.324563902527562, 40.763293113085886 ], [ -8.323947502293491, 40.763061726673989 ], [ -8.323671460764398, 40.762946473958429 ], [ -8.323815708190262, 40.762904091389515 ], [ -8.324091814246508, 40.762796919259969 ], [ -8.324169140284081, 40.762752308374047 ], [ -8.324192884362157, 40.762731466612848 ], [ -8.324234460016591, 40.762693396668269 ], [ -8.324261190897472, 40.762679574747011 ], [ -8.324349785100113, 40.762641425973946 ], [ -8.324380196471722, 40.762633268374778 ], [ -8.324412985824587, 40.762627542678395 ], [ -8.324705459754808, 40.762569960396071 ], [ -8.324857740938684, 40.76252125878468 ], [ -8.324881015871153, 40.762502939060781 ], [ -8.32492188924668, 40.762467123085401 ], [ -8.324922658911024, 40.762445238754779 ], [ -8.324917499271741, 40.762422734829052 ], [ -8.324901097822393, 40.762403851585802 ], [ -8.324875009797976, 40.762392373038807 ], [ -8.324845499416963, 40.762385126218405 ], [ -8.324726493654836, 40.762349035516714 ], [ -8.324445591144572, 40.762273504761517 ], [ -8.324321969679904, 40.762238775646111 ], [ -8.324255569888422, 40.762212771137051 ], [ -8.324125529165119, 40.762168773689474 ], [ -8.324088331928545, 40.762164961297806 ], [ -8.324051019631012, 40.762164394486824 ], [ -8.323989321825804, 40.762164497447948 ], [ -8.323967923739737, 40.76217696243976 ], [ -8.323822385340007, 40.762264729839181 ], [ -8.32379898378448, 40.762280256208413 ], [ -8.323688375516399, 40.762365630720971 ], [ -8.323523629471554, 40.762484678610399 ], [ -8.323499041229674, 40.76250191782632 ], [ -8.32347339379055, 40.762519431635582 ], [ -8.323441458866478, 40.762534072407398 ], [ -8.323411035188343, 40.762538354928019 ], [ -8.323379993618788, 40.762534446610466 ], [ -8.32334679974945, 40.762521263079947 ], [ -8.323229021417859, 40.762419885259099 ], [ -8.323064311022735, 40.76222232111332 ], [ -8.322923031462008, 40.762019136891183 ], [ -8.3227467360371, 40.761830864681144 ], [ -8.32272655253052, 40.761812351143035 ], [ -8.322675187080625, 40.761782899119325 ], [ -8.322674917760235, 40.761772724810363 ], [ -8.322644121277669, 40.761729462233284 ], [ -8.322550094086496, 40.761648030396977 ], [ -8.322412248463952, 40.76148499949899 ], [ -8.322407439838313, 40.761460245431479 ], [ -8.3224066609536, 40.761435752202644 ], [ -8.322405986475554, 40.761200094198173 ], [ -8.322398764036919, 40.760952744922541 ], [ -8.322390874590246, 40.760721150983038 ], [ -8.32240001134395, 40.760480254856084 ], [ -8.322410589550122, 40.760451509742992 ], [ -8.322528960342913, 40.760225920278494 ], [ -8.322677417115344, 40.760000824272204 ], [ -8.322759047024705, 40.759849587087018 ], [ -8.32278552420375, 40.759789300994441 ], [ -8.323075324831084, 40.758764508574274 ], [ -8.323070103692306, 40.758718416038143 ], [ -8.323052443914646, 40.758673420071709 ], [ -8.32302575524697, 40.758657075781237 ], [ -8.322997053333838, 40.758642802346465 ], [ -8.322937521057307, 40.758614536310454 ], [ -8.32283336324217, 40.758550235336045 ], [ -8.322814110373111, 40.758526316367764 ], [ -8.322798643016625, 40.75850220387025 ], [ -8.322792758508928, 40.758474301622861 ], [ -8.322792675672027, 40.758445575787327 ], [ -8.322798882565527, 40.758214857306548 ], [ -8.322812287069018, 40.757974497931137 ], [ -8.322803292580923, 40.757893197496237 ], [ -8.322789366593881, 40.757869268864965 ], [ -8.32273398874627, 40.757803262207652 ], [ -8.322710243617292, 40.757781598249537 ], [ -8.322573946675325, 40.757659987923887 ], [ -8.322509318929749, 40.757588058438309 ], [ -8.322490416627849, 40.75756359493402 ], [ -8.322427053441878, 40.757436010573215 ], [ -8.322425674508882, 40.757409539911322 ], [ -8.322433801500939, 40.757310474187442 ], [ -8.322452451191056, 40.757290179621741 ], [ -8.322484879870093, 40.757285084511075 ], [ -8.322516266524353, 40.757285032105258 ], [ -8.322649632443618, 40.757294355765019 ], [ -8.322745477642824, 40.757307974182176 ], [ -8.322810135074439, 40.757307867023869 ], [ -8.322849923446844, 40.757307257715269 ], [ -8.322850198234388, 40.75727853488803 ], [ -8.322863977602202, 40.757251768258385 ], [ -8.322881680177852, 40.757231203229132 ], [ -8.322941798739693, 40.757176266558965 ], [ -8.322965916280154, 40.757161547822683 ], [ -8.323108121014668, 40.757073515868683 ], [ -8.323131377186273, 40.757049519754361 ], [ -8.323151700648875, 40.757031567223464 ], [ -8.323297334418498, 40.756900751992688 ], [ -8.323297264218482, 40.756876534937085 ], [ -8.323288756267299, 40.756635753203966 ], [ -8.323271205219212, 40.756586796672046 ], [ -8.323182091321382, 40.75648311750583 ], [ -8.323170537248766, 40.756460356560069 ], [ -8.32316170979721, 40.756436958070942 ], [ -8.323090634246585, 40.756223478051567 ], [ -8.323079081437184, 40.756200717994005 ], [ -8.323053759350691, 40.756122866331616 ], [ -8.323041349931849, 40.756050845769678 ], [ -8.32302148428629, 40.755977402976718 ], [ -8.323021035504819, 40.755740210828932 ], [ -8.323034799903631, 40.755666707288434 ], [ -8.323049418248802, 40.755644441754342 ], [ -8.323103750873919, 40.755554301311413 ], [ -8.323125130765975, 40.7555357175914 ], [ -8.323157666092094, 40.755526389759744 ], [ -8.323193541327392, 40.755522635923221 ], [ -8.3232316675753, 40.755522573123606 ], [ -8.323261646584001, 40.755527927642198 ], [ -8.323285012058767, 40.755541665910322 ], [ -8.323309702404281, 40.755560715847473 ], [ -8.323380553289351, 40.7556160645304 ], [ -8.32340593746137, 40.7556300713971 ], [ -8.323639869862042, 40.755773487368295 ], [ -8.323659938175426, 40.755791195909232 ], [ -8.323819569338571, 40.755916998792571 ], [ -8.32385155830662, 40.755921987834697 ], [ -8.323881991039606, 40.75592193753485 ], [ -8.323914182352947, 40.755914858610311 ], [ -8.323957395471945, 40.755910825856745 ], [ -8.323977121272568, 40.75589278411546 ], [ -8.324001592406328, 40.755878965976684 ], [ -8.324025224026924, 40.755861456266466 ], [ -8.324053597368229, 40.755844838307176 ], [ -8.324105361527984, 40.755810172512938 ], [ -8.324121057473969, 40.755789254011177 ], [ -8.32414088888418, 40.755768419612885 ], [ -8.324166403901527, 40.755745325450299 ], [ -8.324185412948609, 40.755726384358383 ], [ -8.32427046090374, 40.755652313283463 ], [ -8.324506378666522, 40.755500453497575 ], [ -8.324524089975997, 40.755480794100365 ], [ -8.324601472741859, 40.755337664351714 ], [ -8.324601404635549, 40.75531434058427 ], [ -8.324607701303121, 40.755116762880945 ], [ -8.324618398736829, 40.755088924146627 ], [ -8.324632763304916, 40.755060983872703 ], [ -8.324650739804513, 40.755012058626001 ], [ -8.324651960722592, 40.754983595358603 ], [ -8.324648578076657, 40.754960277991096 ], [ -8.324637967352158, 40.754936616920581 ], [ -8.324570275014292, 40.754829480440343 ], [ -8.324445329123863, 40.7547005611708 ], [ -8.324434128822416, 40.754676085203684 ], [ -8.324426358367129, 40.7546505256499 ], [ -8.324415310790535, 40.754598766040139 ], [ -8.324431164942677, 40.754388206160854 ], [ -8.324451939904234, 40.754364575884665 ], [ -8.324644325675226, 40.754228277471519 ], [ -8.324821335676123, 40.754179895908564 ], [ -8.325099819177748, 40.754088567002157 ], [ -8.32513189987954, 40.754084553226896 ], [ -8.325331777415224, 40.754040539885409 ], [ -8.325368253387715, 40.754003111924803 ], [ -8.325384304999007, 40.753984265606846 ], [ -8.325399037267344, 40.753960017575999 ], [ -8.32540647144031, 40.753909037712972 ], [ -8.325445889800182, 40.753702668062367 ], [ -8.325482530166813, 40.753637317942392 ], [ -8.325577591295191, 40.75350631839963 ], [ -8.325605998044646, 40.753460706552225 ], [ -8.325723703826823, 40.753298688262589 ], [ -8.325665980002793, 40.753322199421739 ], [ -8.325535589409496, 40.753395537608363 ], [ -8.325510665688897, 40.753416652694852 ], [ -8.325452042097311, 40.753456729070116 ], [ -8.325241891323646, 40.753630698479498 ], [ -8.325029650352018, 40.753821059202167 ], [ -8.32489502412451, 40.753906565874573 ], [ -8.324774958296972, 40.753950076741546 ], [ -8.324744657449555, 40.7539540919649 ], [ -8.324447271602308, 40.754021227868343 ], [ -8.324229583728846, 40.754088858706325 ], [ -8.32420251184498, 40.754104392156044 ], [ -8.324178873773503, 40.754121897415665 ], [ -8.324158332412921, 40.754141923450618 ], [ -8.324062584478376, 40.754242761556988 ], [ -8.324056389634274, 40.754269516695643 ], [ -8.324054098164275, 40.75429680297534 ], [ -8.324050299097895, 40.754538863110056 ], [ -8.324060791682045, 40.754686883657193 ], [ -8.324139095768203, 40.754820928763294 ], [ -8.32413916819549, 40.75484623272817 ], [ -8.324144828406034, 40.755000476517282 ], [ -8.324154176850531, 40.755080065349574 ], [ -8.324137623728499, 40.755131599616099 ], [ -8.324114957107296, 40.755155588661381 ], [ -8.324094286424053, 40.755171921940224 ], [ -8.324067683426854, 40.755187187130893 ], [ -8.323948484638779, 40.755245017266184 ], [ -8.323835405351609, 40.755126251585594 ], [ -8.32369309633245, 40.7549308996078 ], [ -8.323521785770527, 40.754737850153568 ], [ -8.323498483188297, 40.754706641202631 ], [ -8.323344613545608, 40.754443508206592 ], [ -8.323223478613702, 40.75424001981208 ], [ -8.323210732804675, 40.754173312756762 ], [ -8.323210635846504, 40.754139272164451 ], [ -8.32319953982862, 40.754068064384995 ], [ -8.323137948759296, 40.753815219474326 ], [ -8.323102406348076, 40.753563677891307 ], [ -8.323090696716811, 40.753527679810496 ], [ -8.322981481103534, 40.753307781480032 ], [ -8.322862889701687, 40.753081503090719 ], [ -8.322871824340353, 40.75301701429273 ], [ -8.322895612065505, 40.753013010270863 ], [ -8.322963307853579, 40.75300056476383 ], [ -8.323232516096484, 40.752935910448521 ], [ -8.323440173328921, 40.752839032621267 ], [ -8.323707864642877, 40.752742411892037 ], [ -8.323985477870931, 40.752637763270045 ], [ -8.324052818026553, 40.752624144358094 ], [ -8.324128927444796, 40.75261366264904 ], [ -8.324172027870375, 40.752532541661466 ], [ -8.324221570697835, 40.752384691824602 ], [ -8.324229490269236, 40.752256089779529 ], [ -8.324228195071399, 40.752135421101428 ], [ -8.324107101842076, 40.752028736513246 ], [ -8.324100167929519, 40.752005696945808 ], [ -8.324011656708352, 40.751779822858126 ], [ -8.323941035432201, 40.751559589574505 ], [ -8.323912328523305, 40.751418709410615 ], [ -8.323916184125185, 40.75127624545545 ], [ -8.323929855348345, 40.751173294596754 ], [ -8.323921757240509, 40.751033733804974 ], [ -8.323908779692955, 40.750927405992059 ], [ -8.323889581935743, 40.750880701680927 ], [ -8.323856401429971, 40.750789811237496 ], [ -8.323846135135364, 40.750719769158039 ], [ -8.323836473253943, 40.750696728674598 ], [ -8.32379967455867, 40.75062168942231 ], [ -8.323752861162038, 40.750525235654884 ], [ -8.323676035575369, 40.750410552135762 ], [ -8.323609339203246, 40.750195086576213 ], [ -8.323694760886861, 40.749800438329615 ], [ -8.323866657948715, 40.749421944389049 ], [ -8.324060276588552, 40.749059712421996 ], [ -8.324346008704779, 40.748656265521738 ], [ -8.324501355544058, 40.748450060463028 ], [ -8.32456321648978, 40.748346944011033 ], [ -8.32454163720247, 40.748295468374259 ], [ -8.324521092492407, 40.748274435197644 ], [ -8.324497116690717, 40.748254754858202 ], [ -8.324469118224773, 40.748235348632434 ], [ -8.324415129020563, 40.748196361737094 ], [ -8.324300230810673, 40.748098849427983 ], [ -8.324272243042442, 40.748083136096021 ], [ -8.324242364877067, 40.74806967984501 ], [ -8.324177064104665, 40.748047905759393 ], [ -8.324147569694544, 40.74804399507331 ], [ -8.3241139380817, 40.748043779683812 ], [ -8.323536838233897, 40.748044743186483 ], [ -8.323475944592616, 40.748034936312209 ], [ -8.323458987287736, 40.748025690907056 ], [ -8.323465492687847, 40.747941033861132 ], [ -8.323495604515564, 40.747789880803836 ], [ -8.323583171021822, 40.74760621664776 ], [ -8.323722952451162, 40.747464783507482 ], [ -8.323747255811858, 40.747433495034272 ], [ -8.323767552889155, 40.747409871046216 ], [ -8.323919938569967, 40.747246357233642 ], [ -8.324094504204432, 40.747095235251003 ], [ -8.324117778458289, 40.747078893139495 ], [ -8.324194900367054, 40.747010686597079 ], [ -8.324215810264318, 40.746993186731807 ], [ -8.324250387560047, 40.746954584367089 ], [ -8.324268565667154, 40.746935372658385 ], [ -8.324290051350406, 40.746913458463183 ], [ -8.324315569533166, 40.746892251682091 ], [ -8.324335283557932, 40.746873126567962 ], [ -8.324465534721169, 40.746753053812775 ], [ -8.324488086416981, 40.746731313410699 ], [ -8.324501297380777, 40.746712115303694 ], [ -8.324523544401938, 40.746667952887321 ], [ -8.324526427763102, 40.74664201453357 ], [ -8.324525519931296, 40.746614460662173 ], [ -8.324526875083135, 40.746591135399427 ], [ -8.324523168795341, 40.746538191097081 ], [ -8.324471009829439, 40.746395367833777 ], [ -8.324454775858628, 40.746348393017193 ], [ -8.32441063108352, 40.746109833009875 ], [ -8.32439265075034, 40.746035573146116 ], [ -8.324384284608838, 40.746007131128408 ], [ -8.324360896986482, 40.745945308056037 ], [ -8.324355122984651, 40.745914070182351 ], [ -8.32423990756212, 40.745664645300529 ], [ -8.32422068573949, 40.745608667664335 ], [ -8.324208408148497, 40.745579961957382 ], [ -8.324202872408776, 40.745550438236677 ], [ -8.324200536276711, 40.745520633664441 ], [ -8.324175877535225, 40.745344271410318 ], [ -8.324151930320735, 40.745292799592953 ], [ -8.324119575103005, 40.745241619940352 ], [ -8.324107554145026, 40.74521939291332 ], [ -8.32408734888164, 40.745194126723021 ], [ -8.32407366462766, 40.745170736293332 ], [ -8.324055010634272, 40.745146362630251 ], [ -8.324040140076177, 40.745122163706476 ], [ -8.323959096486542, 40.745020181629911 ], [ -8.323940905888776, 40.744994278127741 ], [ -8.323914534613419, 40.744964518686245 ], [ -8.323849846339423, 40.74490861613473 ], [ -8.323799090621121, 40.744882223418372 ], [ -8.323583346670473, 40.744793075080459 ], [ -8.323558814160796, 40.744783571133851 ], [ -8.323511395199359, 40.74476258120432 ], [ -8.32343002988242, 40.744714270148982 ], [ -8.323369280875838, 40.744667725158571 ], [ -8.323346255387113, 40.74464939195353 ], [ -8.323330110255855, 40.744634832218118 ], [ -8.323305662091407, 40.744615418945116 ], [ -8.323289521104202, 40.744600229745615 ], [ -8.323269104870977, 40.744582610826846 ], [ -8.323225546608761, 40.744546036619433 ], [ -8.323205366256099, 40.744527251149499 ], [ -8.323110823782798, 40.744424118242641 ], [ -8.323100219796894, 40.744401624026814 ], [ -8.323079075910176, 40.744379150760004 ], [ -8.323067059372613, 40.744357468417945 ], [ -8.323044025267111, 40.744335623204442 ], [ -8.323028113390905, 40.744319351186093 ], [ -8.323003079909563, 40.744301383217554 ], [ -8.322985033530179, 40.744283942250114 ], [ -8.322962249661847, 40.744265971472295 ], [ -8.322866539819929, 40.744168426099982 ], [ -8.322851678105582, 40.744147110414403 ], [ -8.322798203175497, 40.744078851039497 ], [ -8.322788776689803, 40.744054014451315 ], [ -8.322771184550545, 40.744028465475203 ], [ -8.322758677327045, 40.744002376844541 ], [ -8.322724847947374, 40.743890951060614 ], [ -8.322696135213427, 40.743662539721406 ], [ -8.322686731940989, 40.743604562773449 ], [ -8.322678480501557, 40.743576122232106 ], [ -8.322653771725774, 40.743463870985963 ], [ -8.322619272667588, 40.743324081314732 ], [ -8.322618126940174, 40.743296262154146 ], [ -8.322608213677604, 40.743267551482333 ], [ -8.322608846081991, 40.743238823495943 ], [ -8.322599051244723, 40.743210118031641 ], [ -8.322600630659245, 40.743181745089473 ], [ -8.322595342031528, 40.743153031325924 ], [ -8.32255798993666, 40.742969031610208 ], [ -8.322544351406922, 40.742919258874956 ], [ -8.322534805086654, 40.742894241456433 ], [ -8.32248372958651, 40.74275312547789 ], [ -8.322471713067952, 40.742733782574568 ], [ -8.32241684268617, 40.742632571381769 ], [ -8.322377935108927, 40.742563659348541 ], [ -8.322367929020078, 40.742544312236511 ], [ -8.322346722883291, 40.742497073291503 ], [ -8.322260283036361, 40.742368897778434 ], [ -8.322317400053723, 40.742346828281526 ], [ -8.322595428327505, 40.742235158232461 ], [ -8.322807394526764, 40.742083159908297 ], [ -8.322910476265454, 40.74202787964628 ], [ -8.323280272772427, 40.741756487820595 ], [ -8.323513074757395, 40.741482888611749 ], [ -8.323558885263347, 40.741398618671752 ], [ -8.323629549761854, 40.741309622371119 ], [ -8.323752170237672, 40.741134362949303 ], [ -8.32387501193379, 40.740951807148029 ], [ -8.323954923433735, 40.740787060318496 ], [ -8.324008347340015, 40.740592825229442 ], [ -8.324081749421904, 40.740387299861915 ], [ -8.324224943424325, 40.740203270985532 ], [ -8.324626353070878, 40.739897243084279 ], [ -8.32486905591546, 40.739692872457177 ], [ -8.325157844396593, 40.739500763342853 ], [ -8.325415106704265, 40.739378765214298 ], [ -8.325866331407074, 40.739271926915748 ], [ -8.326520395836585, 40.739257854713927 ], [ -8.326835360396224, 40.739316124893008 ], [ -8.327316812173111, 40.739423362748404 ], [ -8.327650174940148, 40.739575881570268 ], [ -8.328230935340446, 40.739835765437554 ], [ -8.328782217298334, 40.740053731081602 ], [ -8.32921863947006, 40.74018382725631 ], [ -8.329778770431149, 40.740192410535563 ], [ -8.330285994833009, 40.740202792445622 ], [ -8.330807309480575, 40.740216836455566 ], [ -8.331152643611324, 40.740211469074019 ], [ -8.331651292432884, 40.740165851083731 ], [ -8.331992536724801, 40.740061429240129 ], [ -8.332282361229327, 40.73990586188151 ], [ -8.33237741249205, 40.739782147839641 ], [ -8.332493991484311, 40.739496575142219 ], [ -8.332582541064271, 40.73914145083257 ], [ -8.332688669867229, 40.738686245576787 ], [ -8.332702747161347, 40.738330793317054 ], [ -8.332805225759426, 40.737962495522567 ], [ -8.332869279063795, 40.737807858230767 ], [ -8.332987733386371, 40.73759495325708 ], [ -8.333164330416153, 40.737308464476158 ], [ -8.333317841259763, 40.73714070367803 ], [ -8.333413998972349, 40.737072458750909 ], [ -8.333587931831334, 40.737001018770556 ], [ -8.333598906041678, 40.737008426165183 ], [ -8.334010142356648, 40.737210449678393 ], [ -8.33424336795408, 40.737330438173913 ], [ -8.334494044570887, 40.737463719604293 ], [ -8.334965075630283, 40.737610026540736 ], [ -8.335277093619588, 40.737632889053415 ], [ -8.335523125458243, 40.737639211639774 ], [ -8.335738168778622, 40.737618839540865 ], [ -8.335983926034491, 40.737537897402177 ], [ -8.336159272037827, 40.737464106157908 ], [ -8.336304069808765, 40.737390996079434 ], [ -8.336615309734112, 40.737199900226777 ], [ -8.336864808227647, 40.736948761575931 ], [ -8.337035327558214, 40.73669433642209 ], [ -8.337113786869324, 40.7364935645899 ], [ -8.337174709662813, 40.736286342775223 ], [ -8.337410335092805, 40.73580109907406 ], [ -8.337598094488319, 40.73545659030939 ], [ -8.33765888306263, 40.735245766424406 ], [ -8.337684130976857, 40.734874809394782 ], [ -8.337700796926946, 40.734559067560802 ], [ -8.337713438909132, 40.734398668036555 ], [ -8.33775681897003, 40.734261531672182 ], [ -8.337857249656054, 40.73408431441127 ], [ -8.337966640323957, 40.733934187238845 ], [ -8.338084643755595, 40.733736947383314 ], [ -8.338163077820806, 40.733566345284871 ], [ -8.338197790406134, 40.733422472150714 ], [ -8.338262999357369, 40.733225596940592 ], [ -8.338442132412091, 40.732891011139976 ], [ -8.338684086026779, 40.732697512296781 ], [ -8.339017142882131, 40.732526356771253 ], [ -8.33923646529286, 40.732439065723341 ], [ -8.339513135454787, 40.732408400813839 ], [ -8.340213174150783, 40.732393895974639 ], [ -8.340643282828474, 40.732369794082658 ], [ -8.341270995851492, 40.732318319258617 ], [ -8.341543234050409, 40.7322710863899 ], [ -8.3417274833339, 40.732213930790508 ], [ -8.34195115853114, 40.732119778377651 ], [ -8.342095690854313, 40.732006144151079 ], [ -8.342117948788147, 40.731930640658724 ], [ -8.342374176190708, 40.731950164015565 ], [ -8.342412702361058, 40.731967563953297 ], [ -8.342466293908556, 40.731994210851653 ], [ -8.342605214415832, 40.732051314642973 ], [ -8.342635548653703, 40.73206107688523 ], [ -8.342696347039453, 40.732084645276203 ], [ -8.342888429229919, 40.732145889059268 ], [ -8.342924464364122, 40.732159328430782 ], [ -8.343185952690717, 40.73226889088248 ], [ -8.34321308750806, 40.732277577289295 ], [ -8.343245564011479, 40.732291294990056 ], [ -8.343270607475127, 40.732312141102227 ], [ -8.343330107195804, 40.732409645650833 ], [ -8.343451941722197, 40.732641297318089 ], [ -8.3434719276789, 40.732746165172074 ], [ -8.343488181301266, 40.732794316143263 ], [ -8.343579134420034, 40.732918235354006 ], [ -8.343722783199681, 40.733122024949452 ], [ -8.343872327487924, 40.733317335249879 ], [ -8.344051812653984, 40.733510877876789 ], [ -8.344172120898477, 40.733633846951271 ], [ -8.344360965495856, 40.733791354498408 ], [ -8.34448400937428, 40.733916925194443 ], [ -8.344636820937231, 40.734096744320055 ], [ -8.344728305455039, 40.734162220693314 ], [ -8.344789300839473, 40.734209383524345 ], [ -8.344880619672937, 40.734297554588018 ], [ -8.344894933443364, 40.734295001510766 ], [ -8.344913175281071, 40.734298842008279 ], [ -8.344945735192793, 40.734298873207997 ], [ -8.34506577809583, 40.734301080595479 ], [ -8.345170349524224, 40.734313315482815 ], [ -8.345238446254685, 40.734322191795854 ], [ -8.345282141472305, 40.734327152507689 ], [ -8.345370264609421, 40.734340766402809 ], [ -8.345396563658419, 40.73434612196364 ], [ -8.345422729405895, 40.734347155343201 ], [ -8.345449031084083, 40.73435556990021 ], [ -8.345478156483473, 40.734355515416418 ], [ -8.34561178532584, 40.734385343619977 ], [ -8.345638082362344, 40.734390427177125 ], [ -8.345693370205847, 40.734392216423721 ], [ -8.345728182517117, 40.7343935904087 ], [ -8.345760280703036, 40.734400288662087 ], [ -8.345814511364884, 40.734402437298499 ], [ -8.345839544799293, 40.734402165137986 ], [ -8.345875934875478, 40.734398992226104 ], [ -8.34591051356205, 40.734401720945122 ], [ -8.346150572300772, 40.734396770194927 ], [ -8.34618004726153, 40.734396443837056 ], [ -8.346215341922955, 40.734401691654476 ], [ -8.346282276037313, 40.734451634292306 ], [ -8.346360055601908, 40.734490929103323 ], [ -8.346385302041737, 40.734499889300771 ], [ -8.34641160266319, 40.73450569217777 ], [ -8.346473160725314, 40.734507288462126 ], [ -8.346491039345524, 40.734507074410899 ], [ -8.346506428052072, 40.734507498014707 ], [ -8.346536968495482, 40.73450716959583 ], [ -8.346564331978639, 40.734512160018923 ], [ -8.34671395366477, 40.734617420522454 ], [ -8.346866967604878, 40.734748608167841 ], [ -8.34702324478617, 40.734861684923168 ], [ -8.34722854486834, 40.735017178833395 ], [ -8.34725715220145, 40.735040805418897 ], [ -8.347337093317559, 40.735123954609897 ], [ -8.347356450420444, 40.73514247086775 ], [ -8.34737828546878, 40.735158455707847 ], [ -8.347402714732997, 40.735172726570688 ], [ -8.347428452753965, 40.735186817598951 ], [ -8.347452389841992, 40.735193797983278 ], [ -8.347475742117831, 40.735204466112556 ], [ -8.347497227286366, 40.735222077890157 ], [ -8.347631586218508, 40.735367076866531 ], [ -8.34764775637198, 40.735388477909197 ], [ -8.347660021009636, 40.735410604811356 ], [ -8.347743857046787, 40.735525532467101 ], [ -8.347764052551479, 40.735547735560743 ], [ -8.347785770615722, 40.735564084343686 ], [ -8.348011537088061, 40.735640743769714 ], [ -8.348039284168944, 40.735653658463633 ], [ -8.348159685427213, 40.735765633404618 ], [ -8.348206396545441, 40.735822995821366 ], [ -8.348407026900931, 40.735994885480274 ], [ -8.348507868224273, 40.736061599382992 ], [ -8.348731630122209, 40.736212552708714 ], [ -8.348755373177012, 40.73623114608251 ], [ -8.348800155128963, 40.736278879167457 ], [ -8.348941193585317, 40.736472221167077 ], [ -8.348960321704659, 40.736493254487648 ], [ -8.348983462356427, 40.736511853442551 ], [ -8.349176658795084, 40.736582086955451 ], [ -8.349436874543892, 40.736690465070104 ], [ -8.349491911328155, 40.736724129901752 ], [ -8.3495160022772, 40.736741821060626 ], [ -8.349565823489716, 40.736772704073189 ], [ -8.350283634969538, 40.736893180384612 ], [ -8.35034974854036, 40.736909354189791 ], [ -8.350377255707404, 40.736921730268442 ], [ -8.350402270029884, 40.736932400976691 ], [ -8.350563108657964, 40.736991164823209 ], [ -8.350597482300385, 40.737003165910316 ], [ -8.350703448342815, 40.73704213811056 ], [ -8.350885268650567, 40.737107619331212 ], [ -8.351102955728503, 40.737209316529295 ], [ -8.351134834049647, 40.737218801658479 ], [ -8.351239431124297, 40.737237512815057 ], [ -8.351536408813176, 40.737258019386935 ], [ -8.351856960268625, 40.737317648831613 ], [ -8.352137311247523, 40.737357367896415 ], [ -8.352206702436762, 40.737362277219262 ], [ -8.352250389527883, 40.737362194284465 ], [ -8.356114878090581, 40.738840270492467 ], [ -8.359076529559422, 40.740167733486558 ], [ -8.361476255563069, 40.741212583814679 ], [ -8.361463153631149, 40.741190998564065 ], [ -8.361426809599449, 40.741122631329887 ], [ -8.36142044199539, 40.741094823784024 ], [ -8.361414106865469, 40.740974709205311 ], [ -8.361412662808027, 40.740726533407177 ], [ -8.361401672308062, 40.74059562559259 ], [ -8.361382193200948, 40.740577655856626 ], [ -8.361302754437327, 40.740508922644956 ], [ -8.361225530945511, 40.740430825169611 ], [ -8.361156253348501, 40.740358383311523 ], [ -8.361086722934882, 40.740244790715224 ], [ -8.361081082556714, 40.740015176237087 ], [ -8.36107595915017, 40.739868315177389 ], [ -8.3610659278292, 40.739844740903514 ], [ -8.36100547848808, 40.739755353850576 ], [ -8.360982687553218, 40.739738201036261 ], [ -8.36094900852359, 40.739721158860362 ], [ -8.360876299712617, 40.739681320015748 ], [ -8.360936324562534, 40.739682101154223 ], [ -8.360983449190419, 40.73968245567788 ], [ -8.361021342123633, 40.739686073825283 ], [ -8.361266063330103, 40.73970472243591 ], [ -8.36135862727472, 40.739717368897402 ], [ -8.361389078454728, 40.739725233104821 ], [ -8.361578434256407, 40.739772673369792 ], [ -8.36178623792968, 40.739884007103797 ], [ -8.361817306903058, 40.739897994296506 ], [ -8.361914762127149, 40.739938321093888 ], [ -8.361944167345346, 40.739951501097458 ], [ -8.36199976909826, 40.739973631477866 ], [ -8.362246165459235, 40.740083986437035 ], [ -8.362509886759572, 40.740205295276176 ], [ -8.362550082106845, 40.740222147542958 ], [ -8.362580298410588, 40.740230459452114 ], [ -8.362742506664752, 40.740233828015008 ], [ -8.362812384347247, 40.740240711996421 ], [ -8.362848517497284, 40.740248202507601 ], [ -8.362882772958361, 40.740259480659837 ], [ -8.36291372392466, 40.740273462388103 ], [ -8.363077069769776, 40.740435226721978 ], [ -8.363099416579107, 40.74045967227957 ], [ -8.363166631146106, 40.740586960422604 ], [ -8.363192167439477, 40.740644358018415 ], [ -8.363213891699674, 40.740628288457216 ], [ -8.363238701163931, 40.740613559893291 ], [ -8.36329912805625, 40.740557966604605 ], [ -8.363342931736932, 40.740489802101045 ], [ -8.363371781207897, 40.740443636989333 ], [ -8.363433214354419, 40.740270707860446 ], [ -8.363439874010766, 40.740176682939605 ], [ -8.363438705417702, 40.740147147866466 ], [ -8.363430456395729, 40.740124657150545 ], [ -8.36339044272723, 40.740057199249307 ], [ -8.36317826054967, 40.739846010427698 ], [ -8.363162802015054, 40.739826049167263 ], [ -8.363146195681301, 40.739783577611007 ], [ -8.363246801579388, 40.739877386897149 ], [ -8.363402637358147, 40.739989637178169 ], [ -8.363507513534568, 40.740085958221457 ], [ -8.363570741567052, 40.740189387158374 ], [ -8.363598316892027, 40.740322963164864 ], [ -8.363549943505818, 40.740507394547855 ], [ -8.363475842177072, 40.740680615565239 ], [ -8.363381337155786, 40.740842355301226 ], [ -8.363324238435066, 40.740901815956413 ], [ -8.363258412168129, 40.740970024362909 ], [ -8.363128892273323, 40.741071950245924 ], [ -8.363014576671489, 40.741122785374799 ], [ -8.363020660809163, 40.741169508463059 ], [ -8.363061549795184, 40.741250742431653 ], [ -8.363136278063399, 40.741289947311017 ], [ -8.363271489371842, 40.741325693383871 ], [ -8.363417800696151, 40.741353310821935 ], [ -8.363531720001045, 40.741359839929238 ], [ -8.363604410717009, 40.741359149985847 ], [ -8.363690378619554, 40.741329439077624 ], [ -8.363743285138415, 40.741291604097846 ], [ -8.3637688304735, 40.741216360148464 ], [ -8.363799165242384, 40.741087442942671 ], [ -8.36378605299617, 40.741026412340908 ], [ -8.363775628400521, 40.740958894544839 ], [ -8.363779835873258, 40.740941687428297 ], [ -8.363809050855854, 40.740865989482252 ], [ -8.363928095173549, 40.740645940477549 ], [ -8.364030402721635, 40.74054812130214 ], [ -8.364143210039156, 40.740475222253643 ], [ -8.364232018725284, 40.740444695699814 ], [ -8.364358521311049, 40.740429223817557 ], [ -8.364479624871301, 40.740458782373189 ], [ -8.364530374554274, 40.740481821760973 ], [ -8.364584081647061, 40.740502787640224 ], [ -8.364670255920741, 40.740532688891754 ], [ -8.364843785200973, 40.740591502779722 ], [ -8.365057268725165, 40.740697958283832 ], [ -8.365086173607347, 40.74070384171344 ], [ -8.365118617048507, 40.740703867454485 ], [ -8.365136612463367, 40.740704096929043 ], [ -8.36542301429215, 40.740708472701165 ], [ -8.365465080013884, 40.740718832961811 ], [ -8.365576740274555, 40.740756875003406 ], [ -8.365599765693279, 40.740772587430264 ], [ -8.365648275001009, 40.740798061295301 ], [ -8.365914423613138, 40.740933497142699 ], [ -8.366088724440754, 40.741041469659564 ], [ -8.36611151115858, 40.741056910513301 ], [ -8.366154835639449, 40.741088614404724 ], [ -8.366344342424124, 40.741246350042765 ], [ -8.366498289300925, 40.741322854462886 ], [ -8.366584568365351, 40.741347978700404 ], [ -8.366609595736728, 40.741361166366502 ], [ -8.366817453776653, 40.741549845896287 ], [ -8.366969261760689, 40.741760341644024 ], [ -8.36698295502678, 40.741782555419988 ], [ -8.366993454963612, 40.741805045815937 ], [ -8.367002059647959, 40.741827269900568 ], [ -8.367059013444004, 40.74199680831628 ], [ -8.366992268616139, 40.742005137258857 ], [ -8.366761467269377, 40.742025237473548 ], [ -8.366734131912773, 40.742029257720496 ], [ -8.366706804428846, 40.742035529202184 ], [ -8.366678285982202, 40.742038107423724 ], [ -8.366556106611188, 40.742074103666809 ], [ -8.366281487769921, 40.742156250635944 ], [ -8.365964306731726, 40.742190393271954 ], [ -8.365934955638389, 40.742193245841975 ], [ -8.365905504039928, 40.742201230572988 ], [ -8.365791689782224, 40.742225323397236 ], [ -8.365527652450394, 40.742321309580142 ], [ -8.36549678045334, 40.742330107519479 ], [ -8.365299456901699, 40.742409574190482 ], [ -8.365275355890558, 40.74242312841271 ], [ -8.365204633465277, 40.742479820422709 ], [ -8.365157779934142, 40.742521252210295 ], [ -8.365359589826683, 40.742675906581823 ], [ -8.365540530936876, 40.742786391539255 ], [ -8.365591669470128, 40.742817803441639 ], [ -8.365637377039585, 40.742852917423299 ], [ -8.365656627598023, 40.742873414604453 ], [ -8.36567801523946, 40.742895611227361 ], [ -8.365858230298286, 40.743101814279655 ], [ -8.365958129855942, 40.74322786236381 ], [ -8.366020364101775, 40.743351283061699 ], [ -8.366020690357059, 40.743376588329184 ], [ -8.366019564037828, 40.743627647136677 ], [ -8.366016175214513, 40.74377623510486 ], [ -8.366005122608101, 40.74379759841846 ], [ -8.3659892144846, 40.743818970627373 ], [ -8.365959616540284, 40.743853434043878 ], [ -8.365978426862892, 40.743882026673383 ], [ -8.366008060034588, 40.743891603160556 ], [ -8.366039685945317, 40.743895770802077 ], [ -8.366069764341592, 40.743898229702964 ], [ -8.366287242150555, 40.743925346827432 ], [ -8.366449878847462, 40.743946713954294 ], [ -8.366767071918311, 40.743949221319191 ], [ -8.366797177952259, 40.743957532340701 ], [ -8.366815709166668, 40.743974603467805 ], [ -8.366827265995518, 40.743996554130042 ], [ -8.366845455210075, 40.744015698901656 ], [ -8.366869544075051, 40.744032757864552 ], [ -8.367085739160732, 40.744200074420156 ], [ -8.367151398991572, 40.744251451842743 ], [ -8.367174776449154, 40.744267163230909 ], [ -8.367221783177378, 40.744300832235872 ], [ -8.367244461251522, 40.744319337486594 ], [ -8.367306206950509, 40.744369007302595 ], [ -8.367329468699763, 40.744385801297817 ], [ -8.367403059738821, 40.744436618576856 ], [ -8.367597912763028, 40.744596325010441 ], [ -8.36763947887256, 40.744631180952339 ], [ -8.367662639386767, 40.7446511259433 ], [ -8.367682826238577, 40.744668192663788 ], [ -8.367788739615856, 40.744753251340811 ], [ -8.367866333738466, 40.744798116865297 ], [ -8.367898322597567, 40.744805342264989 ], [ -8.367927586045409, 40.744809248545678 ], [ -8.36823983968698, 40.744819053276871 ], [ -8.368407000791155, 40.744848785797437 ], [ -8.368434275528086, 40.744860524071228 ], [ -8.368464032880444, 40.744871181175881 ], [ -8.368495795578363, 40.74488038887678 ], [ -8.368526129767316, 40.744885731824773 ], [ -8.368562371908112, 40.744888987955342 ], [ -8.368592562254262, 40.744889464864357 ], [ -8.368655078722789, 40.744889697500099 ], [ -8.368686576469857, 40.744891253219762 ], [ -8.368713368286302, 40.744899661454802 ], [ -8.368739929884145, 40.74491194591586 ], [ -8.368762364032213, 40.744926577402651 ], [ -8.368776875046056, 40.744945639325707 ], [ -8.368786534689347, 40.744966239305597 ], [ -8.36880879732565, 40.745032559069536 ], [ -8.368831138628542, 40.745121482177545 ], [ -8.368939854855704, 40.745328013632133 ], [ -8.369003590571035, 40.745404785384451 ], [ -8.369026621148709, 40.745423285057896 ], [ -8.369067472435033, 40.74545553048403 ], [ -8.369105722281024, 40.745491741623795 ], [ -8.369101146557616, 40.745503274707559 ], [ -8.36916464123342, 40.745512779339961 ], [ -8.369263641656891, 40.745517078433025 ], [ -8.36936065108028, 40.745529216787027 ], [ -8.369522590666163, 40.745552291055418 ], [ -8.369554462505715, 40.745558082634837 ], [ -8.369641605580368, 40.745591938566548 ], [ -8.369677293628357, 40.745605103708407 ], [ -8.36983930480616, 40.745616563607342 ], [ -8.369865948319282, 40.745616417106021 ], [ -8.370958736601963, 40.745339054268065 ], [ -8.370968370716534, 40.74535028979259 ], [ -8.371075926420339, 40.745529896595528 ], [ -8.371225969908551, 40.745734987207442 ], [ -8.371247038301544, 40.745766819718462 ], [ -8.371343250156679, 40.74598327750153 ], [ -8.371376563597048, 40.746027961893461 ], [ -8.371441847385139, 40.74613840697274 ], [ -8.37146568545224, 40.746182839852125 ], [ -8.371479626095674, 40.746206676170345 ], [ -8.371489305760418, 40.746230608635983 ], [ -8.371503800071952, 40.746277853261645 ], [ -8.37150648865182, 40.746300631313403 ], [ -8.371525716090192, 40.746346693705561 ], [ -8.371551531133541, 40.746381043161307 ], [ -8.371569789207834, 40.746420893182822 ], [ -8.371582797401015, 40.746448510821466 ], [ -8.371596737250846, 40.746505573853291 ], [ -8.3716208371342, 40.746589087948152 ], [ -8.371691386294032, 40.746814878111131 ], [ -8.371644651746109, 40.747021549877971 ], [ -8.371640472000735, 40.74704406656457 ], [ -8.371530053774102, 40.74722277691135 ], [ -8.37137678589515, 40.747439483144717 ], [ -8.371212298675346, 40.747629466504513 ], [ -8.371032747831917, 40.747812733216641 ], [ -8.370960998871221, 40.747880959943494 ], [ -8.370934073151117, 40.747900191616665 ], [ -8.370904523052412, 40.747914302133175 ], [ -8.370873295824799, 40.747922292684116 ], [ -8.370834225566504, 40.747924356068467 ], [ -8.370676650652957, 40.747896766758004 ], [ -8.370645005586537, 40.747887829571845 ], [ -8.370617378892156, 40.747877798102671 ], [ -8.370591270463773, 40.747861191639956 ], [ -8.370574034758578, 40.747842407512955 ], [ -8.370558557055578, 40.747820199660303 ], [ -8.370542618925546, 40.747799701905315 ], [ -8.370519700374588, 40.747779757907352 ], [ -8.370490649463523, 40.74776910078684 ], [ -8.370457972027559, 40.747769167990221 ], [ -8.370356793928737, 40.74778576694743 ], [ -8.370325912703887, 40.747792498637999 ], [ -8.370063111776009, 40.747907583214285 ], [ -8.369796234213572, 40.748041318641356 ], [ -8.369770697094216, 40.748052894730172 ], [ -8.369747440290395, 40.748071767407424 ], [ -8.369736985805622, 40.748095378389031 ], [ -8.369736122734757, 40.748118793207531 ], [ -8.369738349803203, 40.748145805499099 ], [ -8.369754992861242, 40.748165128564764 ], [ -8.369774832118397, 40.748182558522743 ], [ -8.369793969307947, 40.748203682875115 ], [ -8.369798998389342, 40.748252204209599 ], [ -8.369798850337416, 40.748277238464986 ], [ -8.36976998866778, 40.748351051451955 ], [ -8.369761663648983, 40.748374481569876 ], [ -8.369752856219403, 40.748428169538009 ], [ -8.361830247190545, 40.754267570985895 ], [ -8.361847412400635, 40.754300223352814 ], [ -8.361869951859397, 40.754346823730721 ], [ -8.36188317498581, 40.754368767043118 ], [ -8.361915482312885, 40.754568252212415 ], [ -8.361915586406237, 40.754805172901129 ], [ -8.361883483666871, 40.755041614423227 ], [ -8.361884323275703, 40.755284476940176 ], [ -8.361901759644118, 40.755361253296293 ], [ -8.361991518056682, 40.755530457729058 ], [ -8.362148280867316, 40.755730231709023 ], [ -8.362190336668439, 40.755769587473154 ], [ -8.362397494593472, 40.755884256498518 ], [ -8.362477073868423, 40.755918943249263 ], [ -8.362777000610183, 40.756013167722116 ], [ -8.3628678731531, 40.756059987587754 ], [ -8.362894218744634, 40.756075966751418 ], [ -8.362917611155813, 40.756093385386471 ], [ -8.362952449417172, 40.756135010094873 ], [ -8.362967929749752, 40.756158839831954 ], [ -8.362998041585788, 40.756237845618088 ], [ -8.363004853597181, 40.756289880988312 ], [ -8.363006348409469, 40.756514456570564 ], [ -8.363007140011325, 40.756538678460835 ], [ -8.363026361799934, 40.756583937152868 ], [ -8.363180711040776, 40.756801632658984 ], [ -8.363198333401929, 40.756828075847352 ], [ -8.363212394578209, 40.756854790880205 ], [ -8.363214271582436, 40.756882614406855 ], [ -8.363176290749655, 40.756961479422777 ], [ -8.362996341069145, 40.757144729662016 ], [ -8.362861994936781, 40.757266026256588 ], [ -8.362839207378782, 40.757285792579147 ], [ -8.362821281200226, 40.75730662982199 ], [ -8.362805227881594, 40.757354479250395 ], [ -8.362834691068878, 40.757588277884061 ], [ -8.362911722552518, 40.757705728088212 ], [ -8.363092665729431, 40.757908873556389 ], [ -8.363323967028727, 40.758085083381985 ], [ -8.363392882414388, 40.758117903308033 ], [ -8.363458084792818, 40.758136863798164 ], [ -8.363734428558223, 40.7582230265009 ], [ -8.363763976375639, 40.758240076058705 ], [ -8.363831785734408, 40.758295410440788 ], [ -8.363851994690551, 40.758315899645787 ], [ -8.363876548313376, 40.758362314569894 ], [ -8.363886692880095, 40.758385345292915 ], [ -8.363916876788368, 40.758619140363358 ], [ -8.363928509091933, 40.758863420124392 ], [ -8.363950057244637, 40.759099125288884 ], [ -8.363950339466204, 40.759147843587343 ], [ -8.363950125549689, 40.759392056066844 ], [ -8.363933788549984, 40.759629638883609 ], [ -8.363920187634598, 40.759873878116224 ], [ -8.363953924496466, 40.760107129312338 ], [ -8.363972217989403, 40.76015743067375 ], [ -8.364067981411456, 40.760449353179716 ], [ -8.364078011315772, 40.760473018058775 ], [ -8.364085909893145, 40.760497134750921 ], [ -8.36409207703298, 40.76066938355401 ], [ -8.364091218391911, 40.760694691122794 ], [ -8.364086096144019, 40.760718924823578 ], [ -8.364055682184372, 40.76075923623614 ], [ -8.363928743320379, 40.760865841028149 ], [ -8.363741904906805, 40.760979319145498 ], [ -8.363718637463304, 40.760998276138707 ], [ -8.363701896471078, 40.761019921587128 ], [ -8.363706596335387, 40.761145170834517 ], [ -8.363731190684529, 40.761338097917033 ], [ -8.363796513596592, 40.761561915376234 ], [ -8.363849122816797, 40.761806112205811 ], [ -8.363864279503705, 40.76204408489523 ], [ -8.363862132954958, 40.762073712027316 ], [ -8.363845394806349, 40.762095901388847 ], [ -8.36367666082565, 40.762171970641198 ], [ -8.36364708823622, 40.762181841563319 ], [ -8.36361643803102, 40.76218866193603 ], [ -8.363322285803683, 40.762197173468365 ], [ -8.363261191342765, 40.762201533972579 ], [ -8.363229945609584, 40.762208078076377 ], [ -8.363200154239438, 40.762222186171485 ], [ -8.363175566444697, 40.762236551334219 ], [ -8.363147188695256, 40.76224984794883 ], [ -8.363120004175649, 40.762265389825693 ], [ -8.363059677523003, 40.762353041316111 ], [ -8.363049341598689, 40.762378362349921 ], [ -8.363058852263917, 40.762593651979245 ], [ -8.36312551505425, 40.762828184847336 ], [ -8.363147212271205, 40.762903514322325 ], [ -8.363201895507308, 40.763131674762093 ], [ -8.363250555026765, 40.763365166429878 ], [ -8.363321633057856, 40.763609236543047 ], [ -8.363330606895234, 40.763635690626572 ], [ -8.363356789052252, 40.763841582631336 ], [ -8.36338915042557, 40.763919229368121 ], [ -8.363401792676207, 40.763944776525832 ], [ -8.363439263722221, 40.763991975268567 ], [ -8.363599344637436, 40.76418354850162 ], [ -8.363769425726508, 40.764389779659496 ], [ -8.363940681373128, 40.764593215760776 ], [ -8.364103169978502, 40.764796577297012 ], [ -8.364273080649568, 40.764987586889909 ], [ -8.364450953992042, 40.765185876109371 ], [ -8.364631718232223, 40.76539712553609 ], [ -8.364699778638501, 40.765487668349763 ], [ -8.364712288557973, 40.765508982375145 ], [ -8.364722932702897, 40.76553768873962 ], [ -8.364726695160234, 40.765565234663384 ], [ -8.364726792081564, 40.765593151745207 ], [ -8.364679536904179, 40.765660780412261 ], [ -8.364663146118021, 40.765680175833523 ], [ -8.364644850896434, 40.76569822162292 ], [ -8.364619221821663, 40.765718265020674 ], [ -8.364422294464841, 40.765830416343611 ], [ -8.364178320466259, 40.765966517558901 ], [ -8.363925538049498, 40.76609156693786 ], [ -8.363666333020889, 40.766209785699388 ], [ -8.36363830332653, 40.76622109793184 ], [ -8.363569771088596, 40.766234111943838 ], [ -8.363540412432664, 40.766237865315276 ], [ -8.363404575709458, 40.766240115754776 ], [ -8.36329494805606, 40.766254656903371 ], [ -8.363257312151022, 40.766260947208899 ], [ -8.363181522901137, 40.766265331571283 ], [ -8.363143508787985, 40.766265674797054 ], [ -8.363106695509456, 40.76627250641473 ], [ -8.363071672875284, 40.766282388945598 ], [ -8.362987979640307, 40.766328210988675 ], [ -8.362879807368078, 40.766418750967638 ], [ -8.362678083062011, 40.766616630962886 ], [ -8.362468876038342, 40.766808402077551 ], [ -8.362274707294977, 40.767000505847697 ], [ -8.362246952120074, 40.76702190728723 ], [ -8.362210640103578, 40.767070693672643 ], [ -8.36219818039895, 40.767098000824518 ], [ -8.362203059195771, 40.767276380887559 ], [ -8.36226834111976, 40.767522173036703 ], [ -8.362278286562409, 40.767554567647089 ], [ -8.362284539326399, 40.767649109417142 ], [ -8.362283796199634, 40.767675855710237 ], [ -8.36224086743932, 40.767762836392123 ], [ -8.362230876644276, 40.767784831102055 ], [ -8.362218044638404, 40.767806196599828 ], [ -8.362195739909019, 40.767830736248335 ], [ -8.362166193677343, 40.767849076823296 ], [ -8.362132606474256, 40.767863012065035 ], [ -8.362097580038895, 40.767871727259255 ], [ -8.362063601109679, 40.767875754168571 ], [ -8.362031978593262, 40.767875817800615 ], [ -8.361934670566121, 40.767857193957809 ], [ -8.361639178859033, 40.767758998349464 ], [ -8.361360851416594, 40.767657708140604 ], [ -8.361071271100709, 40.767555539887987 ], [ -8.361039264273558, 40.767547768765859 ], [ -8.360982914867446, 40.767522490475891 ], [ -8.360953966143514, 40.767507416548767 ], [ -8.360925619571599, 40.767495945222443 ], [ -8.360723196690067, 40.767493470242137 ], [ -8.360689680490477, 40.767493536340623 ], [ -8.360655104595734, 40.767496483413886 ], [ -8.360619127875099, 40.767504390485058 ], [ -8.360433386207978, 40.767599584443836 ], [ -8.360407613579062, 40.767614580787829 ], [ -8.360378670103815, 40.767635439314923 ], [ -8.360360392521326, 40.767659160230117 ], [ -8.360346984428533, 40.767686469947968 ], [ -8.36034208542898, 40.767708992967471 ], [ -8.360343515247617, 40.767951762852931 ], [ -8.360357207146528, 40.768180549950849 ], [ -8.360355043222844, 40.768205588079518 ], [ -8.360336303834057, 40.768231825891746 ], [ -8.360231967397963, 40.768304346735071 ], [ -8.360207379239817, 40.768317362305744 ], [ -8.360177685667733, 40.768328133067463 ], [ -8.359977754560459, 40.768327362826703 ], [ -8.359665477844009, 40.768273411461209 ], [ -8.359636785704168, 40.768265542493623 ], [ -8.359555066957038, 40.768232207013163 ], [ -8.359523418886193, 40.768224792265748 ], [ -8.359339466986929, 40.768220833319937 ], [ -8.359142597087679, 40.768250222342381 ], [ -8.359052371989634, 40.768257423812727 ], [ -8.359022047404922, 40.768257484079037 ], [ -8.358991267063896, 40.768260065725684 ], [ -8.358751227537081, 40.76834248339636 ], [ -8.35866040680782, 40.76838480427854 ], [ -8.358630025047981, 40.768401252731685 ], [ -8.358553353087789, 40.768458224010246 ], [ -8.358529733714027, 40.768477990171455 ], [ -8.358509315651308, 40.768499104425523 ], [ -8.358390601742393, 40.76869798625895 ], [ -8.35837469869038, 40.768723680616468 ], [ -8.358362232248899, 40.768749548363793 ], [ -8.35835379232898, 40.768776308749686 ], [ -8.358349171009715, 40.768913914879377 ], [ -8.358369453435053, 40.769027605580476 ], [ -8.358407896064882, 40.769255714208683 ], [ -8.35847599397033, 40.769496461037498 ], [ -8.358525123185526, 40.769733285375622 ], [ -8.35858044781016, 40.769977926513405 ], [ -8.358645439026857, 40.770211654491682 ], [ -8.358661232719705, 40.770258631449352 ], [ -8.358666141669612, 40.770481221485284 ], [ -8.358662910625776, 40.770508243655549 ], [ -8.358635124794629, 40.770556383677182 ], [ -8.35852358786348, 40.770671144096333 ], [ -8.358430834720826, 40.770737424517996 ], [ -8.358397964188491, 40.770754145211328 ], [ -8.358363182225224, 40.770767452234473 ], [ -8.358236884569548, 40.770793006289672 ], [ -8.357922414497255, 40.770826492916228 ], [ -8.357810043259436, 40.770838599245742 ], [ -8.357739618281533, 40.770851613474484 ], [ -8.357706369170806, 40.770861852919722 ], [ -8.357675139486023, 40.770874881771967 ], [ -8.357650685300001, 40.77089293842316 ], [ -8.357632397811274, 40.770984645644489 ], [ -8.357644425143587, 40.771037838999518 ], [ -8.357656468600412, 40.771062038974051 ], [ -8.35767419557885, 40.771084249492809 ], [ -8.357695107259644, 40.771102483513644 ], [ -8.35771127527663, 40.771121815465499 ], [ -8.357733607710415, 40.771139508216073 ], [ -8.357798741062998, 40.771137131976374 ], [ -8.357898220085293, 40.771131084110088 ], [ -8.357929961419272, 40.771131022278759 ], [ -8.357960631498132, 40.771128706777404 ], [ -8.358127700675487, 40.771078226082857 ], [ -8.358402257854145, 40.770973314547021 ], [ -8.358691472623045, 40.770860187274991 ], [ -8.35872447250172, 40.770846345139034 ], [ -8.359007130734566, 40.770720800311828 ], [ -8.359033959186601, 40.770704445169507 ], [ -8.359164914374819, 40.770585775880853 ], [ -8.35937215964025, 40.770402654095477 ], [ -8.359582554317308, 40.770240780219154 ], [ -8.359607365441132, 40.770222721556031 ], [ -8.359627792216301, 40.770203771895247 ], [ -8.359643941802009, 40.770180955781626 ], [ -8.359665438537339, 40.770163175562345 ], [ -8.359798319086746, 40.770158952428922 ], [ -8.35983254374376, 40.770158885196579 ], [ -8.359862878974534, 40.770161702689123 ], [ -8.359925731190485, 40.770185444188741 ], [ -8.359978189471562, 40.770216044473223 ], [ -8.36000158056037, 40.770231487061992 ], [ -8.360075060642817, 40.770314637784786 ], [ -8.360094566202529, 40.770337922333006 ], [ -8.360110282222918, 40.770362114830405 ], [ -8.360116900992285, 40.770460610943168 ], [ -8.360109254771233, 40.770509882349891 ], [ -8.360078803476434, 40.770576041532649 ], [ -8.359982050738646, 40.770685460440546 ], [ -8.359770556242458, 40.770872371049329 ], [ -8.359585210943241, 40.771051484764911 ], [ -8.359470895710881, 40.771185343007616 ], [ -8.359419691065249, 40.771314576699389 ], [ -8.359362027339692, 40.771561513658149 ], [ -8.359310671846377, 40.771783676311507 ], [ -8.359266164381074, 40.772034729706597 ], [ -8.359230260686223, 40.772169066149559 ], [ -8.359219126970679, 40.772412755575154 ], [ -8.359250318443289, 40.772665374243495 ], [ -8.359311042831045, 40.772896856148783 ], [ -8.359365616964631, 40.773129527021702 ], [ -8.359415804031535, 40.773361845362615 ], [ -8.359473217865119, 40.77359441514384 ], [ -8.359522327223294, 40.773821693644997 ], [ -8.359540463755177, 40.773895404341189 ], [ -8.359546464210037, 40.773917633065977 ], [ -8.359551322097197, 40.774021994847388 ], [ -8.359551527909279, 40.774047027385535 ], [ -8.359535096359071, 40.77409244292074 ], [ -8.359508366001423, 40.774138059658171 ], [ -8.359490904268609, 40.774159167365838 ], [ -8.359445674924622, 40.774199506537556 ], [ -8.359270343101931, 40.774295846056454 ], [ -8.359242092487419, 40.77431274432999 ], [ -8.359217746972137, 40.774330257189391 ], [ -8.359178198465246, 40.774368879581658 ], [ -8.359159210915809, 40.774393140168968 ], [ -8.359144370095764, 40.774417660078925 ], [ -8.359144413595894, 40.774602802353904 ], [ -8.359170836475807, 40.77484831005107 ], [ -8.359181926197611, 40.775077912561713 ], [ -8.35922975531456, 40.775312217519129 ], [ -8.359305195725982, 40.775550427818445 ], [ -8.359382602984953, 40.775773956990406 ], [ -8.359481061031016, 40.775987897734218 ], [ -8.359574357922309, 40.776217695470692 ], [ -8.359682003219087, 40.776450708544296 ], [ -8.359694987977143, 40.776471484543379 ], [ -8.359704745164931, 40.776519912153056 ], [ -8.359793793493292, 40.776753591972309 ], [ -8.359798389153459, 40.776778887825181 ], [ -8.359799058374882, 40.776802565992796 ], [ -8.359795844665618, 40.776901897178661 ], [ -8.359780173387863, 40.776925793845997 ], [ -8.359763772252515, 40.77694581350196 ], [ -8.359561697498135, 40.777121271421485 ], [ -8.359352647026331, 40.777300970494061 ], [ -8.359149965407868, 40.777473813828578 ], [ -8.358993893243898, 40.777663223879713 ], [ -8.358932875740686, 40.777903414091895 ], [ -8.358923728142054, 40.778138098890786 ], [ -8.358907236670291, 40.778373697645804 ], [ -8.358893595342671, 40.778610373210206 ], [ -8.358870690606702, 40.778840852555035 ], [ -8.358796445715907, 40.779024792854429 ], [ -8.358626057275984, 40.779219720688744 ], [ -8.358444154350417, 40.779408642822304 ], [ -8.358258955542695, 40.779535343143984 ], [ -8.358038575997622, 40.779593501971299 ], [ -8.35800411807492, 40.77959609052121 ], [ -8.357778794276189, 40.779594011631303 ], [ -8.357458043670098, 40.779537187538551 ], [ -8.35714005478912, 40.779490536411167 ], [ -8.357079395412118, 40.779486781118315 ], [ -8.357016262794694, 40.779490507419816 ], [ -8.356985737165136, 40.779501012410371 ], [ -8.356956052024145, 40.779515930899763 ], [ -8.356927806174705, 40.779535433722174 ], [ -8.35672046610981, 40.779700718491618 ], [ -8.356533810151429, 40.779887664818645 ], [ -8.356347880376175, 40.780077400974321 ], [ -8.356154818153332, 40.78026327757334 ], [ -8.356040854226151, 40.780367593438989 ], [ -8.356083430239718, 40.780557156741295 ], [ -8.356131805685445, 40.780780472044675 ], [ -8.356209589836055, 40.781012828186647 ], [ -8.356293290186322, 40.781242555080183 ], [ -8.356348012763663, 40.781381216693056 ], [ -8.356422042072227, 40.781622491246395 ], [ -8.356500043415936, 40.781848002961738 ], [ -8.356586658932661, 40.78206394636495 ], [ -8.356680341227165, 40.782302394723907 ], [ -8.356773545405325, 40.782538317129635 ], [ -8.356849111726511, 40.78277959378255 ], [ -8.356922919608646, 40.783024832368845 ], [ -8.356997119752261, 40.783247014723855 ], [ -8.357063616290258, 40.783467773880233 ], [ -8.357130609463997, 40.783694116003858 ], [ -8.35719873196568, 40.78393909436096 ], [ -8.357268957790859, 40.784175605716534 ], [ -8.357327949123006, 40.784417990273951 ], [ -8.357398264206184, 40.784646938088706 ], [ -8.35743067808901, 40.784807878415073 ], [ -8.357442180168077, 40.785054588425176 ], [ -8.357442510657565, 40.785081332520619 ], [ -8.357430021490856, 40.785102158261957 ], [ -8.357409474984451, 40.785121918167576 ], [ -8.357105863591114, 40.785201578681637 ], [ -8.357075434803873, 40.785206770571648 ], [ -8.357017208946395, 40.785223992992378 ], [ -8.356820942644228, 40.785270574507535 ], [ -8.356854886014762, 40.785324171968291 ], [ -8.356871270883884, 40.785371148800351 ], [ -8.356899892313923, 40.785494910621026 ], [ -8.356976467614659, 40.785717627683198 ], [ -8.357059021249636, 40.785956459167515 ], [ -8.357138450885941, 40.786181060705353 ], [ -8.357219295050434, 40.786405484736022 ], [ -8.357300750190827, 40.786633867895247 ], [ -8.357375213770501, 40.786861634228416 ] ] ] } },
{ "type": "Feature", "properties": { "dtmnfr": "011706", "freguesia": "Sever do Vouga", "municipio": "Sever do Vouga", "distrito_i": "Aveiro", "nuts3_cod": "191", "nuts3": "Região de Aveiro", "nuts2": "Centro", "nuts1": "Continente", "area_ha": 1158.09, "perimetro_": 18, "designacao": "Sever do Vouga" }, "geometry": { "type": "Polygon", "coordinates": [ [ [ -8.344537657014621, 40.722100347379985 ], [ -8.344668331773478, 40.72195494546213 ], [ -8.344739645726868, 40.721900243163503 ], [ -8.3448579786777, 40.721891293047278 ], [ -8.34487803241457, 40.721908093024012 ], [ -8.344902463352224, 40.721922725552247 ], [ -8.344929368882966, 40.721935014019323 ], [ -8.345035720593025, 40.721991098651614 ], [ -8.345188912984437, 40.722039529282767 ], [ -8.345219585823539, 40.722045415365393 ], [ -8.345250152081709, 40.722054637110659 ], [ -8.345284499025219, 40.722061326879327 ], [ -8.345321912984566, 40.722065126678082 ], [ -8.345517434433257, 40.722064224960953 ], [ -8.345614218933813, 40.722053060652321 ], [ -8.345646752006367, 40.722048762974438 ], [ -8.345678569282379, 40.722041951491732 ], [ -8.345720193620259, 40.72202873104515 ], [ -8.345745125907946, 40.722015984381642 ], [ -8.34589074635171, 40.721955199329706 ], [ -8.34597274389438, 40.721909483439127 ], [ -8.346049406362534, 40.721862875925041 ], [ -8.346076829323273, 40.721851029603776 ], [ -8.346139393752967, 40.721835963955172 ], [ -8.346360093741808, 40.721824834119182 ], [ -8.346398559326868, 40.721824762151229 ], [ -8.346433731875084, 40.721830910649494 ], [ -8.346508250279149, 40.721888764612252 ], [ -8.346528321692071, 40.721910969107526 ], [ -8.346574129658713, 40.721947716910641 ], [ -8.346600108470199, 40.721966216592428 ], [ -8.346611184605619, 40.721988436808644 ], [ -8.346623187625957, 40.722038843854165 ], [ -8.346629722795052, 40.722121224478478 ], [ -8.346633669610016, 40.72235255360436 ], [ -8.346636804056406, 40.722592263432666 ], [ -8.34663738062355, 40.722623420777218 ], [ -8.346642085040784, 40.722651057611607 ], [ -8.346655066173014, 40.722674894307339 ], [ -8.346673945349483, 40.72269431211236 ], [ -8.346730471651464, 40.722715904311379 ], [ -8.346965641702459, 40.722711776788984 ], [ -8.347070020373385, 40.722707078133141 ], [ -8.347102686782693, 40.722707016679152 ], [ -8.347133238849526, 40.722712001970109 ], [ -8.347227811163176, 40.722785577130701 ], [ -8.347427996637393, 40.722980516383579 ], [ -8.347642191559336, 40.723114290292102 ], [ -8.347912631746256, 40.723255341496859 ], [ -8.347950426541404, 40.723266526584162 ], [ -8.347985954968806, 40.723274112953511 ], [ -8.348028934912538, 40.723277097360544 ], [ -8.348067751992113, 40.723276753129113 ], [ -8.348256943091842, 40.723217322067597 ], [ -8.3482900453845, 40.723207356600795 ], [ -8.348368500084828, 40.723164167039393 ], [ -8.348391050524587, 40.723147281921094 ], [ -8.348409458966618, 40.723129510321428 ], [ -8.348426776912097, 40.723103543446889 ], [ -8.348431574346559, 40.722978365964707 ], [ -8.348430668061365, 40.722953872090628 ], [ -8.348425256948154, 40.722929386619356 ], [ -8.348414051509755, 40.722904374353334 ], [ -8.348373765549184, 40.722853214296528 ], [ -8.348187778307022, 40.722658517677644 ], [ -8.348146469405059, 40.722585833747871 ], [ -8.348135830646489, 40.72255406660198 ], [ -8.348130761621199, 40.722522556530421 ], [ -8.348126953902344, 40.722262504663512 ], [ -8.348131142496259, 40.722020798310204 ], [ -8.348136037705817, 40.721996837528607 ], [ -8.348145075477396, 40.721973231033253 ], [ -8.348157313837353, 40.721951505134982 ], [ -8.34817334928135, 40.72193238362896 ], [ -8.348199906440952, 40.721910903000641 ], [ -8.348282895284093, 40.721879856470458 ], [ -8.348558017404653, 40.721861872580611 ], [ -8.348587964686281, 40.721861816682122 ], [ -8.348619452604007, 40.721863467960794 ], [ -8.348649770842471, 40.721869801345576 ], [ -8.348868570199564, 40.72196367198427 ], [ -8.349024383585135, 40.722052075098055 ], [ -8.349253307180454, 40.722201845695906 ], [ -8.349332514395309, 40.722246183259351 ], [ -8.349470579899839, 40.722337951781796 ], [ -8.349681068667504, 40.722496581934372 ], [ -8.349868775088092, 40.72260086481581 ], [ -8.349942978473623, 40.72263341112145 ], [ -8.34997425905005, 40.722642898623221 ], [ -8.350134292571481, 40.722648175590159 ], [ -8.350168499136112, 40.722647843823133 ], [ -8.350204704925176, 40.722643899958328 ], [ -8.350492364808314, 40.722547903153377 ], [ -8.350774989420811, 40.722399055418578 ], [ -8.350802748647443, 40.72238126039985 ], [ -8.350825761953582, 40.722362125367567 ], [ -8.350897417349785, 40.722267977361 ], [ -8.350916158792543, 40.722245162797535 ], [ -8.350936449468596, 40.722224860421072 ], [ -8.350959120557974, 40.722208247424646 ], [ -8.350991503926451, 40.722192968652202 ], [ -8.35113197449223, 40.722186487232293 ], [ -8.35116381123143, 40.722186154243389 ], [ -8.351203952306809, 40.722190582741035 ], [ -8.35126686590449, 40.722247554143649 ], [ -8.351300614853264, 40.722286929822026 ], [ -8.351424782322502, 40.722362966118887 ], [ -8.351696484005654, 40.722490500298015 ], [ -8.351731798418097, 40.72250357630616 ], [ -8.352048451868965, 40.722515671485311 ], [ -8.352345177134353, 40.722513392847695 ], [ -8.352666437600718, 40.722522679709222 ], [ -8.352981048050841, 40.722527117411801 ], [ -8.353282150292248, 40.722524827127963 ], [ -8.353442218388755, 40.722502550261751 ], [ -8.35361226537713, 40.722420368658838 ], [ -8.353698421637004, 40.722346177948403 ], [ -8.353851269003169, 40.722145795110919 ], [ -8.35388583210838, 40.722111958231373 ], [ -8.353863257478533, 40.72208588672828 ], [ -8.353965997984391, 40.722016443983946 ], [ -8.353990335980312, 40.722002347719467 ], [ -8.354017869725741, 40.721990409250267 ], [ -8.354049322106439, 40.721981970745588 ], [ -8.354191810838854, 40.721975751891442 ], [ -8.354226610945407, 40.721977129647435 ], [ -8.354259063467271, 40.721982647014599 ], [ -8.354433249435163, 40.722043362985325 ], [ -8.354466788146192, 40.722055188057666 ], [ -8.358030202987624, 40.722989798599222 ], [ -8.36077382486477, 40.724027147241571 ], [ -8.362556702373732, 40.723954162930738 ], [ -8.36327581205799, 40.723765592697596 ], [ -8.363341380852651, 40.723797251591748 ], [ -8.363457537279753, 40.723742447407226 ], [ -8.363544029463274, 40.723767307036105 ], [ -8.363819319019166, 40.723728208303257 ], [ -8.363974843335864, 40.723726726700427 ], [ -8.36419643822844, 40.723697915563612 ], [ -8.364372807323797, 40.723668022159664 ], [ -8.364404501012874, 40.723660032406706 ], [ -8.364497009136274, 40.723644357408695 ], [ -8.364530033177576, 40.723644562258428 ], [ -8.364663053834013, 40.7236409627277 ], [ -8.364695967305337, 40.723643416314673 ], [ -8.364729100272466, 40.723640557368348 ], [ -8.364868150678454, 40.723632622174016 ], [ -8.365004734201793, 40.723631802161506 ], [ -8.365102734722228, 40.723630255385537 ], [ -8.368776995847274, 40.723882182408893 ], [ -8.370183248174669, 40.723978337730969 ], [ -8.370325292380667, 40.723980831177641 ], [ -8.370422109471704, 40.723980901426465 ], [ -8.37045372127095, 40.723982008890886 ], [ -8.370526055832, 40.723986362666494 ], [ -8.370556593977547, 40.723987109407204 ], [ -8.370651166388884, 40.723986370024136 ], [ -8.37068347569757, 40.723986574584096 ], [ -8.370715088530137, 40.72398930198446 ], [ -8.370756860490221, 40.723986693676999 ], [ -8.37093124678405, 40.723963008726969 ], [ -8.371165646492894, 40.723942529832868 ], [ -8.377084247492741, 40.72320346226757 ], [ -8.37723554771247, 40.723147401081079 ], [ -8.377266976918229, 40.723165342920915 ], [ -8.377298128277241, 40.723170409008759 ], [ -8.37732455909355, 40.723181881367388 ], [ -8.377351704017553, 40.723192808303487 ], [ -8.377410472334487, 40.723208080787764 ], [ -8.377588854814549, 40.723275600350249 ], [ -8.377619429795171, 40.723286157054638 ], [ -8.377651063135477, 40.72329482494942 ], [ -8.377722831892831, 40.72330538980426 ], [ -8.377756215163656, 40.723308378074549 ], [ -8.377995220338263, 40.723380810439231 ], [ -8.37806201117335, 40.723390479734618 ], [ -8.378096228161311, 40.723392927634919 ], [ -8.378143963118459, 40.723402732777956 ], [ -8.385595961537463, 40.7215251363058 ], [ -8.385846255762434, 40.721548179120248 ], [ -8.385878312135475, 40.721480570088239 ], [ -8.385901272610358, 40.721418924305283 ], [ -8.389047371992733, 40.72127182613611 ], [ -8.392623487306638, 40.721104210945413 ], [ -8.398494309141279, 40.720051776519945 ], [ -8.398511698599206, 40.720049215123296 ], [ -8.398601616104761, 40.720012446009562 ], [ -8.398631861250861, 40.719999408256903 ], [ -8.398661997529473, 40.719987272153233 ], [ -8.398722510203815, 40.719967139896234 ], [ -8.398753367459115, 40.719958333081323 ], [ -8.398782550174319, 40.719944221629369 ], [ -8.398900316493071, 40.719885683288958 ], [ -8.398927966347747, 40.719875716756633 ], [ -8.398962590090774, 40.719860776871023 ], [ -8.398982882141963, 40.719844970379789 ], [ -8.399007201383862, 40.719830236116273 ], [ -8.399035790805247, 40.719816664469313 ], [ -8.399068303769415, 40.719808753361306 ], [ -8.399216925232091, 40.719800482789317 ], [ -8.399253735003503, 40.719800126874617 ], [ -8.399286650325312, 40.719803204552704 ], [ -8.399528935955304, 40.719924207622974 ], [ -8.399686089326876, 40.719978680220606 ], [ -8.399732893419996, 40.719991720412295 ], [ -8.399816583286972, 40.719994947201485 ], [ -8.399847473007402, 40.71999460297431 ], [ -8.399902326441449, 40.720037252043639 ], [ -8.400158967416857, 40.72019622105573 ], [ -8.400359627766029, 40.720265813325533 ], [ -8.400394464927881, 40.72027644418398 ], [ -8.400460542570995, 40.720285026071096 ], [ -8.40049084847978, 40.72028693789062 ], [ -8.400627429026986, 40.720345150728392 ], [ -8.400653515698032, 40.720357155247711 ], [ -8.400685750266462, 40.720366896947219 ], [ -8.400713877516955, 40.720386014321356 ], [ -8.400746727385645, 40.720402507471007 ], [ -8.400783337811028, 40.720411695091947 ], [ -8.400952603119039, 40.720415532143384 ], [ -8.401108423331891, 40.720430655585446 ], [ -8.401145964802389, 40.720437949867332 ], [ -8.40118093209227, 40.72044939604411 ], [ -8.401216141378711, 40.720463630514907 ], [ -8.401525443782752, 40.720473624133056 ], [ -8.401844756972466, 40.720470083327683 ], [ -8.402151790013052, 40.720416145534401 ], [ -8.402462667146493, 40.720346437300712 ], [ -8.402552321217973, 40.7203313679194 ], [ -8.402780372982848, 40.720326328350062 ], [ -8.403099677910042, 40.720351692132759 ], [ -8.409998944990271, 40.720789174345718 ], [ -8.41015817982303, 40.72077105231832 ], [ -8.410477011244508, 40.720738761756493 ], [ -8.410719941506908, 40.720725206896368 ], [ -8.410879001464844, 40.720693573107276 ], [ -8.411200067306835, 40.720628139262232 ], [ -8.411280751271057, 40.720619480105022 ], [ -8.411562673066937, 40.720591241310565 ], [ -8.411879359662823, 40.720554453122794 ], [ -8.412195658157005, 40.720538462184678 ], [ -8.412231043031543, 40.720537207772246 ], [ -8.412262739172112, 40.720531817241529 ], [ -8.412293123992439, 40.720524181310815 ], [ -8.412327740442668, 40.720508698935461 ], [ -8.412375973779778, 40.720524336603681 ], [ -8.412484884946178, 40.720529922751233 ], [ -8.412520976828526, 40.720528486437637 ], [ -8.412836953000378, 40.720575800976178 ], [ -8.413088430513408, 40.720595989384059 ], [ -8.413422125671765, 40.720635428544028 ], [ -8.413629813021586, 40.720656618104307 ], [ -8.413926350510975, 40.720670751837432 ], [ -8.414095960551132, 40.720671237805391 ], [ -8.414222988998421, 40.72067876022345 ], [ -8.414353145882332, 40.72069870546013 ], [ -8.413588679611452, 40.724702646452151 ], [ -8.41299893178631, 40.727860230315883 ], [ -8.412352471257419, 40.731250998957179 ], [ -8.411368092123265, 40.736338207084138 ], [ -8.411109898654987, 40.737695247268022 ], [ -8.411082670812439, 40.737695584795595 ], [ -8.410977436692484, 40.737697817487202 ], [ -8.410725468426975, 40.737687981560306 ], [ -8.410696638557734, 40.737673736501065 ], [ -8.410639778148918, 40.7376373119072 ], [ -8.410521025564888, 40.737520175378371 ], [ -8.41038060681182, 40.737320516436661 ], [ -8.410362763333238, 40.73729966762594 ], [ -8.410339724213314, 40.737282614305329 ], [ -8.410312080698748, 40.737267193844282 ], [ -8.410282068341107, 40.737253217168501 ], [ -8.41024946067129, 40.737240600172655 ], [ -8.410029179903741, 40.737163509999881 ], [ -8.409890667114727, 40.737107835434976 ], [ -8.409651409001556, 40.737021693160635 ], [ -8.409619142732545, 40.737006554659615 ], [ -8.409583915827957, 40.736990607385223 ], [ -8.409417843212568, 40.736910864775012 ], [ -8.409383600691307, 40.736904193867844 ], [ -8.409351164325299, 40.736904001350567 ], [ -8.409026795158191, 40.736905325605697 ], [ -8.408916045367738, 40.736920451300641 ], [ -8.408890170394432, 40.73693239886812 ], [ -8.408672199585402, 40.737040082940133 ], [ -8.408637656451322, 40.737046918276548 ], [ -8.408601208887077, 40.737050699138727 ], [ -8.408523328369885, 40.737054216857878 ], [ -8.408401380906222, 40.737052618517069 ], [ -8.40824075932329, 40.737029591113497 ], [ -8.408090268021121, 40.736996454617248 ], [ -8.408050849094925, 40.736996821372742 ], [ -8.40774495802042, 40.737001785570143 ], [ -8.407426775949801, 40.737010200981132 ], [ -8.407388562682275, 40.737017317518742 ], [ -8.407351320811578, 40.737029200800748 ], [ -8.407209319007587, 40.737071235003633 ], [ -8.407171569759551, 40.737075466956156 ], [ -8.40693355096513, 40.737117458610804 ], [ -8.406895125189152, 40.737129078005218 ], [ -8.40681836633096, 40.737148079668188 ], [ -8.406778849862498, 40.737153845637863 ], [ -8.406737427650928, 40.737155927650711 ], [ -8.406615177536752, 40.737167475487219 ], [ -8.406534698031056, 40.737172980931206 ], [ -8.406209520633698, 40.737179070050715 ], [ -8.405958635513848, 40.737172909613008 ], [ -8.405646422042935, 40.737166089304139 ], [ -8.40535137201198, 40.737187054119914 ], [ -8.405237270980448, 40.737191823900098 ], [ -8.405196072568796, 40.737192192075064 ], [ -8.405067392766767, 40.737194208995184 ], [ -8.405023833567354, 40.737195122972999 ], [ -8.404939576090829, 40.737203519616223 ], [ -8.404743766147606, 40.737233515298357 ], [ -8.404646917865747, 40.73725932287109 ], [ -8.404615672096577, 40.737262279784524 ], [ -8.404576254067713, 40.737262910999824 ], [ -8.404533379061254, 40.737257699761543 ], [ -8.404489647472197, 40.737247084800465 ], [ -8.404282891770276, 40.737176075277183 ], [ -8.404250210478232, 40.737173904396862 ], [ -8.404221186709803, 40.737168659603377 ], [ -8.404193682332116, 40.737159449920469 ], [ -8.40415873451793, 40.737153046569098 ], [ -8.404119886676785, 40.737149179176363 ], [ -8.403999878073835, 40.737130009118218 ], [ -8.403962187255342, 40.737117765177267 ], [ -8.403796868442853, 40.737047467090711 ], [ -8.403760598231191, 40.737036654253835 ], [ -8.403504561180972, 40.736957567901108 ], [ -8.403467253748053, 40.736953419324863 ], [ -8.40342913167774, 40.736952160558403 ], [ -8.403126213846747, 40.736930362405694 ], [ -8.402921990673759, 40.736871411258413 ], [ -8.402886799641005, 40.736863931087967 ], [ -8.402536330359434, 40.736822251343618 ], [ -8.402458888155559, 40.7368179286686 ], [ -8.402383570195086, 40.73681252578502 ], [ -8.402345542358535, 40.736804957514515 ], [ -8.402235940560951, 40.736782434885853 ], [ -8.402042777243334, 40.736763797140391 ], [ -8.402004305377993, 40.736764425272675 ], [ -8.401925079720316, 40.736757586785814 ], [ -8.401636434441766, 40.736723056184715 ], [ -8.400981632656164, 40.736865335355567 ], [ -8.400973214894146, 40.736892370890857 ], [ -8.400960161086646, 40.736913203710984 ], [ -8.400891595619001, 40.736967662250962 ], [ -8.400632579438449, 40.737087312110866 ], [ -8.400568954205417, 40.737104030621595 ], [ -8.40047682640115, 40.737127926398308 ], [ -8.400415466431545, 40.73714716008579 ], [ -8.400383410857142, 40.737153987191668 ], [ -8.400258303905137, 40.737161036897497 ], [ -8.400226577525352, 40.737161377773283 ], [ -8.400190723802083, 40.73716488265373 ], [ -8.400159041365814, 40.737176213151272 ], [ -8.400131512508624, 40.737190054540001 ], [ -8.400103409835939, 40.737208135017845 ], [ -8.400084085580886, 40.737230958847057 ], [ -8.400073292846697, 40.737256288852407 ], [ -8.400069374822374, 40.737282498957342 ], [ -8.400070295693991, 40.737305553312979 ], [ -8.400080813955713, 40.737330019071692 ], [ -8.400102928355958, 40.737353024405081 ], [ -8.400125126038448, 40.737368726460126 ], [ -8.400308650534981, 40.737462582646451 ], [ -8.400332382870623, 40.737476575555512 ], [ -8.400359459583624, 40.737497943041646 ], [ -8.40037695001285, 40.737548780074889 ], [ -8.400377538935722, 40.73757642415994 ], [ -8.400367938061301, 40.737603734339544 ], [ -8.400343030514543, 40.7376218011728 ], [ -8.400312656820262, 40.737634205683555 ], [ -8.400280023698466, 40.737644099410275 ], [ -8.400184028572594, 40.737649365288028 ], [ -8.399894138983367, 40.737658236570951 ], [ -8.399863828272203, 40.737658574075077 ], [ -8.39961746678498, 40.737716510632175 ], [ -8.39930200503472, 40.737785683134142 ], [ -8.399178603056559, 40.737833516029887 ], [ -8.399147264798929, 40.737843400147803 ], [ -8.398932781342134, 40.737881632594863 ], [ -8.398772825474854, 40.737935759104943 ], [ -8.398745639832693, 40.737946449411702 ], [ -8.398716196217659, 40.737954981899392 ], [ -8.398686366064609, 40.737956222994271 ], [ -8.398657500332876, 40.737962413729576 ], [ -8.398600412459496, 40.737984514629936 ], [ -8.398572881764657, 40.737998356550229 ], [ -8.398258496383919, 40.738011241374913 ], [ -8.398094830153894, 40.737997842233106 ], [ -8.397990148711717, 40.737991603389268 ], [ -8.397679262166404, 40.737990877406951 ], [ -8.397491718938346, 40.73795700246572 ], [ -8.397429646017013, 40.737946970744474 ], [ -8.397401225550672, 40.737945144767167 ], [ -8.397110400867698, 40.737899079605228 ], [ -8.397015015554322, 40.737877868459705 ], [ -8.396984913027627, 40.737869201500871 ], [ -8.396949830090284, 40.73786028027024 ], [ -8.39691926411377, 40.737854766114836 ], [ -8.396860643572296, 40.737849229613083 ], [ -8.396756877435493, 40.73783514777778 ], [ -8.396681559226082, 40.737827757366887 ], [ -8.396645072400593, 40.73782217021072 ], [ -8.396609874790316, 40.737812972683969 ], [ -8.396518304427509, 40.737769601839943 ], [ -8.396491620678134, 40.737757234886885 ], [ -8.396464350448101, 40.737746850372886 ], [ -8.396349418809075, 40.7377227152137 ], [ -8.396312809400968, 40.737716042224996 ], [ -8.396281901409957, 40.737714135195915 ], [ -8.396216104945486, 40.737720767019006 ], [ -8.396182981176073, 40.737725885337504 ], [ -8.396118479757885, 40.737731891005026 ], [ -8.396087960347515, 40.737738169513527 ], [ -8.396023936486198, 40.737743092535773 ], [ -8.395990669603909, 40.737743440258917 ], [ -8.39584905356884, 40.737706392723105 ], [ -8.395784342359379, 40.737688260692003 ], [ -8.395790014198797, 40.737895899326567 ], [ -8.395792312925053, 40.737996929654336 ], [ -8.395774892361878, 40.738113493511193 ], [ -8.395764713541592, 40.738142151774902 ], [ -8.395655582445917, 40.738298370809844 ], [ -8.395479619951296, 40.738497962220507 ], [ -8.395321959238906, 40.738714980640715 ], [ -8.395148461952234, 40.738910963020636 ], [ -8.395095263900025, 40.738990779202197 ], [ -8.394933626234858, 40.739191146796259 ], [ -8.394913326423339, 40.739207315448446 ], [ -8.394879078748581, 40.739227651740826 ], [ -8.394841370667693, 40.739242596453764 ], [ -8.394629860049124, 40.739256318677072 ], [ -8.394596000699789, 40.739256125238335 ], [ -8.394336155197049, 40.739200706831625 ], [ -8.394128244410297, 40.739196138876586 ], [ -8.394092848948269, 40.739197302220049 ], [ -8.394061029908038, 40.739204483633308 ], [ -8.394031009773679, 40.739216352592024 ], [ -8.393907672605422, 40.739282727359885 ], [ -8.39369767875348, 40.739411255880064 ], [ -8.393510142478956, 40.739470752122173 ], [ -8.393366979864204, 40.739522589191004 ], [ -8.393328316908812, 40.739535372554172 ], [ -8.393264882710948, 40.739571805818464 ], [ -8.39323607426229, 40.739592402215195 ], [ -8.393078879853736, 40.739779069537924 ], [ -8.392928588816496, 40.740007325237087 ], [ -8.392809041295294, 40.740226236383961 ], [ -8.392712078949856, 40.740407725735572 ], [ -8.392435843596759, 40.740521453461604 ], [ -8.392404503352321, 40.74053079815026 ], [ -8.39233692813454, 40.740536898659563 ], [ -8.392040049592387, 40.740550445832433 ], [ -8.391717525711648, 40.74057314388228 ], [ -8.39168402172904, 40.740574392299699 ], [ -8.391652067564797, 40.740577794840675 ], [ -8.391620841871546, 40.740584347501176 ], [ -8.39142922681388, 40.74066105269543 ], [ -8.391370021984038, 40.740689551022435 ], [ -8.39134308544695, 40.740704022937884 ], [ -8.391318869186358, 40.740718393308242 ], [ -8.391295974535964, 40.740735916079075 ], [ -8.390981199469659, 40.740744186692908 ], [ -8.390948287774389, 40.740744624021509 ], [ -8.390886274180174, 40.740750071900401 ], [ -8.39085537138439, 40.740750141813301 ], [ -8.390794575100889, 40.740673738421599 ], [ -8.390784173706269, 40.740647827161069 ], [ -8.390744728767526, 40.740734092433939 ], [ -8.390730629592994, 40.740760867937396 ], [ -8.390712615403245, 40.740786486025634 ], [ -8.390687253112469, 40.740811032701934 ], [ -8.390437151073854, 40.740978995835476 ], [ -8.39019442832595, 40.74112785583096 ], [ -8.389993800609419, 40.741291741974933 ], [ -8.389772227541279, 40.741461083664198 ], [ -8.389625927719718, 40.741560464196873 ], [ -8.389487500905544, 40.741646321315791 ], [ -8.389240856125893, 40.741791223090694 ], [ -8.389070649931845, 40.74186444953466 ], [ -8.389034002589558, 40.741879481844663 ], [ -8.388999003329987, 40.741890815726769 ], [ -8.388965639593076, 40.741897643459467 ], [ -8.38892645767055, 40.741898541660873 ], [ -8.388887850359177, 40.741895833863474 ], [ -8.388738562753694, 40.741896983151364 ], [ -8.388424159396306, 40.741850403557599 ], [ -8.388395366415168, 40.741843177675598 ], [ -8.388352365485819, 40.741837058406944 ], [ -8.388320127495666, 40.741828667669893 ], [ -8.388240748843026, 40.741813983963716 ], [ -8.388201647445642, 40.741806508867128 ], [ -8.388127865069674, 40.741800730392896 ], [ -8.388091386381133, 40.74179765652427 ], [ -8.388020246983499, 40.74180096992113 ], [ -8.387867250472056, 40.741823279081167 ], [ -8.387852462697703, 40.741826642679186 ], [ -8.387797242856543, 40.741753018772663 ], [ -8.387768788991028, 40.741711749381764 ], [ -8.387739623565913, 40.741669848499875 ], [ -8.387730058680976, 40.741646008980112 ], [ -8.387724397319248, 40.741620625491379 ], [ -8.387722640358433, 40.741593618788059 ], [ -8.387717382149111, 40.741366882896756 ], [ -8.387707715747911, 40.741161773289512 ], [ -8.387691466274857, 40.741092560466619 ], [ -8.387671003795118, 40.741066672017993 ], [ -8.38786909628433, 40.740887393296632 ], [ -8.387925455743837, 40.740827025246396 ], [ -8.387954888438848, 40.740783917128944 ], [ -8.387960830027977, 40.740758327928191 ], [ -8.387960978654968, 40.740734919028377 ], [ -8.387952722127556, 40.740619581040711 ], [ -8.387941970681968, 40.740595653203144 ], [ -8.387934617519997, 40.7405619005795 ], [ -8.387899562954926, 40.740558918958222 ], [ -8.387844804478199, 40.740543280121614 ], [ -8.387790877460324, 40.74052710272462 ], [ -8.387761506756354, 40.740524375068524 ], [ -8.387551088344797, 40.740515477487911 ], [ -8.387518883336675, 40.74051554937806 ], [ -8.387453630571327, 40.740509842620163 ], [ -8.384048692415591, 40.741200733075736 ], [ -8.383980655710381, 40.741274090953297 ], [ -8.383925178061553, 40.741318428010572 ], [ -8.38389294051165, 40.741339571626106 ], [ -8.383856653872476, 40.741355677611388 ], [ -8.383830903739661, 40.741372571150599 ], [ -8.383792242108377, 40.741386794820706 ], [ -8.383740592305553, 40.741409149405719 ], [ -8.383702634747191, 40.741420760058801 ], [ -8.383414586490971, 40.741454257938635 ], [ -8.383188563502841, 40.741513283257078 ], [ -8.383085988487633, 40.741533498419294 ], [ -8.383057702135076, 40.741535543485192 ], [ -8.383025641307013, 40.741542637731463 ], [ -8.382751719025105, 40.741647057585233 ], [ -8.382492416080776, 40.741767210303294 ], [ -8.382254053263418, 40.741916039673356 ], [ -8.382004376814402, 40.742045534838716 ], [ -8.381436968012993, 40.742282872416538 ], [ -8.381172492658687, 40.742413656517883 ], [ -8.381100504503456, 40.742445331507085 ], [ -8.381089158780876, 40.74245048964935 ], [ -8.37957570896771, 40.74311723608173 ], [ -8.37940797850665, 40.743287342461173 ], [ -8.379191775096759, 40.743443680608692 ], [ -8.37873627092192, 40.743690853656588 ], [ -8.378447851801685, 40.743849417919336 ], [ -8.378213011998144, 40.743610393102507 ], [ -8.378123523383548, 40.743520533752651 ], [ -8.370958736601963, 40.745339054268065 ], [ -8.369865948319282, 40.745616417106021 ], [ -8.36983930480616, 40.745616563607342 ], [ -8.369677293628357, 40.745605103708407 ], [ -8.369641605580368, 40.745591938566548 ], [ -8.369554462505715, 40.745558082634837 ], [ -8.369522590666163, 40.745552291055418 ], [ -8.36936065108028, 40.745529216787027 ], [ -8.369263641656891, 40.745517078433025 ], [ -8.36916464123342, 40.745512779339961 ], [ -8.369101146557616, 40.745503274707559 ], [ -8.369105722281024, 40.745491741623795 ], [ -8.369067472435033, 40.74545553048403 ], [ -8.369026621148709, 40.745423285057896 ], [ -8.369003590571035, 40.745404785384451 ], [ -8.368939854855704, 40.745328013632133 ], [ -8.368831138628542, 40.745121482177545 ], [ -8.36880879732565, 40.745032559069536 ], [ -8.368786534689347, 40.744966239305597 ], [ -8.368776875046056, 40.744945639325707 ], [ -8.368762364032213, 40.744926577402651 ], [ -8.368739929884145, 40.74491194591586 ], [ -8.368713368286302, 40.744899661454802 ], [ -8.368686576469857, 40.744891253219762 ], [ -8.368655078722789, 40.744889697500099 ], [ -8.368592562254262, 40.744889464864357 ], [ -8.368562371908112, 40.744888987955342 ], [ -8.368526129767316, 40.744885731824773 ], [ -8.368495795578363, 40.74488038887678 ], [ -8.368464032880444, 40.744871181175881 ], [ -8.368434275528086, 40.744860524071228 ], [ -8.368407000791155, 40.744848785797437 ], [ -8.36823983968698, 40.744819053276871 ], [ -8.367927586045409, 40.744809248545678 ], [ -8.367898322597567, 40.744805342264989 ], [ -8.367866333738466, 40.744798116865297 ], [ -8.367788739615856, 40.744753251340811 ], [ -8.367682826238577, 40.744668192663788 ], [ -8.367662639386767, 40.7446511259433 ], [ -8.36763947887256, 40.744631180952339 ], [ -8.367597912763028, 40.744596325010441 ], [ -8.367403059738821, 40.744436618576856 ], [ -8.367329468699763, 40.744385801297817 ], [ -8.367306206950509, 40.744369007302595 ], [ -8.367244461251522, 40.744319337486594 ], [ -8.367221783177378, 40.744300832235872 ], [ -8.367174776449154, 40.744267163230909 ], [ -8.367151398991572, 40.744251451842743 ], [ -8.367085739160732, 40.744200074420156 ], [ -8.366869544075051, 40.744032757864552 ], [ -8.366845455210075, 40.744015698901656 ], [ -8.366827265995518, 40.743996554130042 ], [ -8.366815709166668, 40.743974603467805 ], [ -8.366797177952259, 40.743957532340701 ], [ -8.366767071918311, 40.743949221319191 ], [ -8.366449878847462, 40.743946713954294 ], [ -8.366287242150555, 40.743925346827432 ], [ -8.366069764341592, 40.743898229702964 ], [ -8.366039685945317, 40.743895770802077 ], [ -8.366008060034588, 40.743891603160556 ], [ -8.365978426862892, 40.743882026673383 ], [ -8.365959616540284, 40.743853434043878 ], [ -8.3659892144846, 40.743818970627373 ], [ -8.366005122608101, 40.74379759841846 ], [ -8.366016175214513, 40.74377623510486 ], [ -8.366019564037828, 40.743627647136677 ], [ -8.366020690357059, 40.743376588329184 ], [ -8.366020364101775, 40.743351283061699 ], [ -8.365958129855942, 40.74322786236381 ], [ -8.365858230298286, 40.743101814279655 ], [ -8.36567801523946, 40.742895611227361 ], [ -8.365656627598023, 40.742873414604453 ], [ -8.365637377039585, 40.742852917423299 ], [ -8.365591669470128, 40.742817803441639 ], [ -8.365540530936876, 40.742786391539255 ], [ -8.365359589826683, 40.742675906581823 ], [ -8.365157779934142, 40.742521252210295 ], [ -8.365204633465277, 40.742479820422709 ], [ -8.365275355890558, 40.74242312841271 ], [ -8.365299456901699, 40.742409574190482 ], [ -8.36549678045334, 40.742330107519479 ], [ -8.365527652450394, 40.742321309580142 ], [ -8.365791689782224, 40.742225323397236 ], [ -8.365905504039928, 40.742201230572988 ], [ -8.365934955638389, 40.742193245841975 ], [ -8.365964306731726, 40.742190393271954 ], [ -8.366281487769921, 40.742156250635944 ], [ -8.366556106611188, 40.742074103666809 ], [ -8.366678285982202, 40.742038107423724 ], [ -8.366706804428846, 40.742035529202184 ], [ -8.366734131912773, 40.742029257720496 ], [ -8.366761467269377, 40.742025237473548 ], [ -8.366992268616139, 40.742005137258857 ], [ -8.367059013444004, 40.74199680831628 ], [ -8.367002059647959, 40.741827269900568 ], [ -8.366993454963612, 40.741805045815937 ], [ -8.36698295502678, 40.741782555419988 ], [ -8.366969261760689, 40.741760341644024 ], [ -8.366817453776653, 40.741549845896287 ], [ -8.366609595736728, 40.741361166366502 ], [ -8.366584568365351, 40.741347978700404 ], [ -8.366498289300925, 40.741322854462886 ], [ -8.366344342424124, 40.741246350042765 ], [ -8.366154835639449, 40.741088614404724 ], [ -8.36611151115858, 40.741056910513301 ], [ -8.366088724440754, 40.741041469659564 ], [ -8.365914423613138, 40.740933497142699 ], [ -8.365648275001009, 40.740798061295301 ], [ -8.365599765693279, 40.740772587430264 ], [ -8.365576740274555, 40.740756875003406 ], [ -8.365465080013884, 40.740718832961811 ], [ -8.36542301429215, 40.740708472701165 ], [ -8.365136612463367, 40.740704096929043 ], [ -8.365118617048507, 40.740703867454485 ], [ -8.365086173607347, 40.74070384171344 ], [ -8.365057268725165, 40.740697958283832 ], [ -8.364843785200973, 40.740591502779722 ], [ -8.364670255920741, 40.740532688891754 ], [ -8.364584081647061, 40.740502787640224 ], [ -8.364530374554274, 40.740481821760973 ], [ -8.364479624871301, 40.740458782373189 ], [ -8.364358521311049, 40.740429223817557 ], [ -8.364232018725284, 40.740444695699814 ], [ -8.364143210039156, 40.740475222253643 ], [ -8.364030402721635, 40.74054812130214 ], [ -8.363928095173549, 40.740645940477549 ], [ -8.363809050855854, 40.740865989482252 ], [ -8.363779835873258, 40.740941687428297 ], [ -8.363775628400521, 40.740958894544839 ], [ -8.36378605299617, 40.741026412340908 ], [ -8.363799165242384, 40.741087442942671 ], [ -8.3637688304735, 40.741216360148464 ], [ -8.363743285138415, 40.741291604097846 ], [ -8.363690378619554, 40.741329439077624 ], [ -8.363604410717009, 40.741359149985847 ], [ -8.363531720001045, 40.741359839929238 ], [ -8.363417800696151, 40.741353310821935 ], [ -8.363271489371842, 40.741325693383871 ], [ -8.363136278063399, 40.741289947311017 ], [ -8.363061549795184, 40.741250742431653 ], [ -8.363020660809163, 40.741169508463059 ], [ -8.363014576671489, 40.741122785374799 ], [ -8.363128892273323, 40.741071950245924 ], [ -8.363258412168129, 40.740970024362909 ], [ -8.363324238435066, 40.740901815956413 ], [ -8.363381337155786, 40.740842355301226 ], [ -8.363475842177072, 40.740680615565239 ], [ -8.363549943505818, 40.740507394547855 ], [ -8.363598316892027, 40.740322963164864 ], [ -8.363570741567052, 40.740189387158374 ], [ -8.363507513534568, 40.740085958221457 ], [ -8.363402637358147, 40.739989637178169 ], [ -8.363246801579388, 40.739877386897149 ], [ -8.363146195681301, 40.739783577611007 ], [ -8.363162802015054, 40.739826049167263 ], [ -8.36317826054967, 40.739846010427698 ], [ -8.36339044272723, 40.740057199249307 ], [ -8.363430456395729, 40.740124657150545 ], [ -8.363438705417702, 40.740147147866466 ], [ -8.363439874010766, 40.740176682939605 ], [ -8.363433214354419, 40.740270707860446 ], [ -8.363371781207897, 40.740443636989333 ], [ -8.363342931736932, 40.740489802101045 ], [ -8.36329912805625, 40.740557966604605 ], [ -8.363238701163931, 40.740613559893291 ], [ -8.363213891699674, 40.740628288457216 ], [ -8.363192167439477, 40.740644358018415 ], [ -8.363166631146106, 40.740586960422604 ], [ -8.363099416579107, 40.74045967227957 ], [ -8.363077069769776, 40.740435226721978 ], [ -8.36291372392466, 40.740273462388103 ], [ -8.362882772958361, 40.740259480659837 ], [ -8.362848517497284, 40.740248202507601 ], [ -8.362812384347247, 40.740240711996421 ], [ -8.362742506664752, 40.740233828015008 ], [ -8.362580298410588, 40.740230459452114 ], [ -8.362550082106845, 40.740222147542958 ], [ -8.362509886759572, 40.740205295276176 ], [ -8.362246165459235, 40.740083986437035 ], [ -8.36199976909826, 40.739973631477866 ], [ -8.361944167345346, 40.739951501097458 ], [ -8.361914762127149, 40.739938321093888 ], [ -8.361817306903058, 40.739897994296506 ], [ -8.36178623792968, 40.739884007103797 ], [ -8.361578434256407, 40.739772673369792 ], [ -8.361389078454728, 40.739725233104821 ], [ -8.36135862727472, 40.739717368897402 ], [ -8.361266063330103, 40.73970472243591 ], [ -8.361021342123633, 40.739686073825283 ], [ -8.360983449190419, 40.73968245567788 ], [ -8.360936324562534, 40.739682101154223 ], [ -8.360876299712617, 40.739681320015748 ], [ -8.36094900852359, 40.739721158860362 ], [ -8.360982687553218, 40.739738201036261 ], [ -8.36100547848808, 40.739755353850576 ], [ -8.3610659278292, 40.739844740903514 ], [ -8.36107595915017, 40.739868315177389 ], [ -8.361081082556714, 40.740015176237087 ], [ -8.361086722934882, 40.740244790715224 ], [ -8.361156253348501, 40.740358383311523 ], [ -8.361225530945511, 40.740430825169611 ], [ -8.361302754437327, 40.740508922644956 ], [ -8.361382193200948, 40.740577655856626 ], [ -8.361401672308062, 40.74059562559259 ], [ -8.361412662808027, 40.740726533407177 ], [ -8.361414106865469, 40.740974709205311 ], [ -8.36142044199539, 40.741094823784024 ], [ -8.361426809599449, 40.741122631329887 ], [ -8.361463153631149, 40.741190998564065 ], [ -8.361476255563069, 40.741212583814679 ], [ -8.359076529559422, 40.740167733486558 ], [ -8.356114878090581, 40.738840270492467 ], [ -8.352250389527883, 40.737362194284465 ], [ -8.352206702436762, 40.737362277219262 ], [ -8.352137311247523, 40.737357367896415 ], [ -8.351856960268625, 40.737317648831613 ], [ -8.351536408813176, 40.737258019386935 ], [ -8.351239431124297, 40.737237512815057 ], [ -8.351134834049647, 40.737218801658479 ], [ -8.351102955728503, 40.737209316529295 ], [ -8.350885268650567, 40.737107619331212 ], [ -8.350703448342815, 40.73704213811056 ], [ -8.350597482300385, 40.737003165910316 ], [ -8.350563108657964, 40.736991164823209 ], [ -8.350402270029884, 40.736932400976691 ], [ -8.350377255707404, 40.736921730268442 ], [ -8.35034974854036, 40.736909354189791 ], [ -8.350283634969538, 40.736893180384612 ], [ -8.349565823489716, 40.736772704073189 ], [ -8.3495160022772, 40.736741821060626 ], [ -8.349491911328155, 40.736724129901752 ], [ -8.349436874543892, 40.736690465070104 ], [ -8.349176658795084, 40.736582086955451 ], [ -8.348983462356427, 40.736511853442551 ], [ -8.348960321704659, 40.736493254487648 ], [ -8.348941193585317, 40.736472221167077 ], [ -8.348800155128963, 40.736278879167457 ], [ -8.348755373177012, 40.73623114608251 ], [ -8.348731630122209, 40.736212552708714 ], [ -8.348507868224273, 40.736061599382992 ], [ -8.348407026900931, 40.735994885480274 ], [ -8.348206396545441, 40.735822995821366 ], [ -8.348159685427213, 40.735765633404618 ], [ -8.348039284168944, 40.735653658463633 ], [ -8.348011537088061, 40.735640743769714 ], [ -8.347785770615722, 40.735564084343686 ], [ -8.347764052551479, 40.735547735560743 ], [ -8.347743857046787, 40.735525532467101 ], [ -8.347660021009636, 40.735410604811356 ], [ -8.34764775637198, 40.735388477909197 ], [ -8.347631586218508, 40.735367076866531 ], [ -8.347497227286366, 40.735222077890157 ], [ -8.347475742117831, 40.735204466112556 ], [ -8.347452389841992, 40.735193797983278 ], [ -8.347428452753965, 40.735186817598951 ], [ -8.347402714732997, 40.735172726570688 ], [ -8.34737828546878, 40.735158455707847 ], [ -8.347356450420444, 40.73514247086775 ], [ -8.347337093317559, 40.735123954609897 ], [ -8.34725715220145, 40.735040805418897 ], [ -8.34722854486834, 40.735017178833395 ], [ -8.34702324478617, 40.734861684923168 ], [ -8.346866967604878, 40.734748608167841 ], [ -8.34671395366477, 40.734617420522454 ], [ -8.346564331978639, 40.734512160018923 ], [ -8.346536968495482, 40.73450716959583 ], [ -8.346506428052072, 40.734507498014707 ], [ -8.346491039345524, 40.734507074410899 ], [ -8.346473160725314, 40.734507288462126 ], [ -8.34641160266319, 40.73450569217777 ], [ -8.346385302041737, 40.734499889300771 ], [ -8.346360055601908, 40.734490929103323 ], [ -8.346282276037313, 40.734451634292306 ], [ -8.346215341922955, 40.734401691654476 ], [ -8.34618004726153, 40.734396443837056 ], [ -8.346150572300772, 40.734396770194927 ], [ -8.34591051356205, 40.734401720945122 ], [ -8.345875934875478, 40.734398992226104 ], [ -8.345839544799293, 40.734402165137986 ], [ -8.345814511364884, 40.734402437298499 ], [ -8.345760280703036, 40.734400288662087 ], [ -8.345728182517117, 40.7343935904087 ], [ -8.345693370205847, 40.734392216423721 ], [ -8.345638082362344, 40.734390427177125 ], [ -8.34561178532584, 40.734385343619977 ], [ -8.345478156483473, 40.734355515416418 ], [ -8.345449031084083, 40.73435556990021 ], [ -8.345422729405895, 40.734347155343201 ], [ -8.345396563658419, 40.73434612196364 ], [ -8.345370264609421, 40.734340766402809 ], [ -8.345282141472305, 40.734327152507689 ], [ -8.345238446254685, 40.734322191795854 ], [ -8.345170349524224, 40.734313315482815 ], [ -8.34506577809583, 40.734301080595479 ], [ -8.344945735192793, 40.734298873207997 ], [ -8.344913175281071, 40.734298842008279 ], [ -8.344894933443364, 40.734295001510766 ], [ -8.344880619672937, 40.734297554588018 ], [ -8.344789300839473, 40.734209383524345 ], [ -8.344728305455039, 40.734162220693314 ], [ -8.344636820937231, 40.734096744320055 ], [ -8.34448400937428, 40.733916925194443 ], [ -8.344360965495856, 40.733791354498408 ], [ -8.344172120898477, 40.733633846951271 ], [ -8.344051812653984, 40.733510877876789 ], [ -8.343872327487924, 40.733317335249879 ], [ -8.343722783199681, 40.733122024949452 ], [ -8.343579134420034, 40.732918235354006 ], [ -8.343488181301266, 40.732794316143263 ], [ -8.3434719276789, 40.732746165172074 ], [ -8.343451941722197, 40.732641297318089 ], [ -8.343330107195804, 40.732409645650833 ], [ -8.343270607475127, 40.732312141102227 ], [ -8.343245564011479, 40.732291294990056 ], [ -8.34321308750806, 40.732277577289295 ], [ -8.343185952690717, 40.73226889088248 ], [ -8.342924464364122, 40.732159328430782 ], [ -8.342888429229919, 40.732145889059268 ], [ -8.342696347039453, 40.732084645276203 ], [ -8.342635548653703, 40.73206107688523 ], [ -8.342605214415832, 40.732051314642973 ], [ -8.342466293908556, 40.731994210851653 ], [ -8.342412702361058, 40.731967563953297 ], [ -8.342374176190708, 40.731950164015565 ], [ -8.342117948788147, 40.731930640658724 ], [ -8.342165108891711, 40.731758020358527 ], [ -8.342188193757858, 40.731571213869415 ], [ -8.342163715165713, 40.731316871018649 ], [ -8.341983982920425, 40.731081177694747 ], [ -8.341708996801888, 40.730854845912994 ], [ -8.341374324333062, 40.730583053824418 ], [ -8.340609400987894, 40.730057658553683 ], [ -8.34035835142433, 40.729876573176774 ], [ -8.340237780101091, 40.729477242715461 ], [ -8.34029690372823, 40.729304601634794 ], [ -8.340522786364165, 40.72905007072459 ], [ -8.340927323982509, 40.728767659691599 ], [ -8.341498509440214, 40.728367343213336 ], [ -8.342045937032484, 40.72798219447948 ], [ -8.342605006109139, 40.727536325238113 ], [ -8.343116043115199, 40.727026878524541 ], [ -8.343400816579191, 40.726572502620954 ], [ -8.343482940361008, 40.726154435567501 ], [ -8.343588404246729, 40.725409982622082 ], [ -8.34358672237885, 40.724955774210336 ], [ -8.343692310845585, 40.724438063658887 ], [ -8.343882248598884, 40.724129026294612 ], [ -8.344054446611887, 40.723899082739692 ], [ -8.344304148156729, 40.723626218610228 ], [ -8.344398855132537, 40.723371655961998 ], [ -8.344409731338754, 40.723144801292506 ], [ -8.344407761184852, 40.722527425141081 ], [ -8.344537657014621, 40.722100347379985 ] ] ] } },
{ "type": "Feature", "properties": { "dtmnfr": "011708", "freguesia": "Talhadas", "municipio": "Sever do Vouga", "distrito_i": "Aveiro", "nuts3_cod": "191", "nuts3": "Região de Aveiro", "nuts2": "Centro", "nuts1": "Continente", "area_ha": 2864.13, "perimetro_": 27, "designacao": "Talhadas" }, "geometry": { "type": "Polygon", "coordinates": [ [ [ -8.374529225570708, 40.67857482476127 ], [ -8.37450415460563, 40.678574605226004 ], [ -8.374471980575542, 40.678574673389534 ], [ -8.374409315957463, 40.678582101224883 ], [ -8.374377994115513, 40.678587571557962 ], [ -8.374157791128452, 40.678664575974295 ], [ -8.373974874133108, 40.678746816116899 ], [ -8.373710106168881, 40.678862820189366 ], [ -8.373680933869993, 40.678876658820592 ], [ -8.373652138052655, 40.678893556602084 ], [ -8.373389024254562, 40.679010361548187 ], [ -8.373204758227873, 40.679113404215968 ], [ -8.373175969640851, 40.679132379345802 ], [ -8.373154974279085, 40.67914989024176 ], [ -8.37312416072392, 40.679166252678883 ], [ -8.373104114304569, 40.679182864682289 ], [ -8.373073426115907, 40.679201209774 ], [ -8.373040949877362, 40.679215056010136 ], [ -8.372928603837604, 40.679221505657374 ], [ -8.37288968516479, 40.679221315434525 ], [ -8.372843915291464, 40.679188723671508 ], [ -8.37271502289043, 40.67896900139209 ], [ -8.37265468083543, 40.67880163394544 ], [ -8.372572211898138, 40.678564881924508 ], [ -8.372456058708146, 40.678334686060239 ], [ -8.372309784068939, 40.67811662114925 ], [ -8.372251010535415, 40.678053707901491 ], [ -8.372231658244266, 40.678033490046566 ], [ -8.371973019651469, 40.677915250470974 ], [ -8.371896894165403, 40.677893978431108 ], [ -8.371859491671978, 40.677886221317358 ], [ -8.371552512009497, 40.67787641424345 ], [ -8.371519748314261, 40.677876215349507 ], [ -8.371418274764011, 40.677911634888012 ], [ -8.371195843173666, 40.678060410037425 ], [ -8.370996272955475, 40.678249301425993 ], [ -8.370980963059237, 40.678268781343441 ], [ -8.370929012023085, 40.678327692747544 ], [ -8.370890662386614, 40.678386304162402 ], [ -8.370858525885422, 40.678461835111662 ], [ -8.370845239989366, 40.678616569657791 ], [ -8.370840443493151, 40.678829638141018 ], [ -8.370837432116152, 40.679077734684313 ], [ -8.370826103126022, 40.679317560024046 ], [ -8.370822890461341, 40.679344850369922 ], [ -8.370806879559272, 40.679397834375372 ], [ -8.370734845683129, 40.6796301329965 ], [ -8.370710342686094, 40.679757336698415 ], [ -8.370652361663614, 40.679982309480998 ], [ -8.370569756186367, 40.680202834813379 ], [ -8.370438994679867, 40.680418417106559 ], [ -8.370355109420377, 40.680577258898502 ], [ -8.370169605804184, 40.680767558896541 ], [ -8.36993815910394, 40.680945076412939 ], [ -8.369707689612348, 40.681097558115368 ], [ -8.36951644189649, 40.681203402563973 ], [ -8.369390247640665, 40.681273808095881 ], [ -8.369193989842955, 40.681401904014471 ], [ -8.369134547698323, 40.681416704796327 ], [ -8.369114029905083, 40.681435299092897 ], [ -8.369059936039768, 40.681459635234809 ], [ -8.368905232220795, 40.681496515688103 ], [ -8.36873911273527, 40.68155034616175 ], [ -8.368498844392334, 40.681576141556768 ], [ -8.368144920779859, 40.681574080896489 ], [ -8.368064610266527, 40.681577576251605 ], [ -8.368020368684782, 40.681577123265711 ], [ -8.367898765091214, 40.681574313378803 ], [ -8.36757312656488, 40.681576600550009 ], [ -8.36730331837432, 40.681645592483008 ], [ -8.367270222062503, 40.681652951959514 ], [ -8.367042029356984, 40.681748240280676 ], [ -8.367008028388204, 40.681766862420965 ], [ -8.366986076411957, 40.681782123746714 ], [ -8.366957266023881, 40.681795693389283 ], [ -8.366904110393332, 40.681816332718732 ], [ -8.366808917737204, 40.681858488410946 ], [ -8.366576244727931, 40.682027537731301 ], [ -8.366355837267964, 40.682219342057913 ], [ -8.366164694460837, 40.682391371075994 ], [ -8.365954499071615, 40.682594409513513 ], [ -8.365802120405743, 40.682790578111501 ], [ -8.365758271660138, 40.682834610567859 ], [ -8.365731726334648, 40.682855466785099 ], [ -8.36571110283842, 40.682876039111392 ], [ -8.365669799929035, 40.682904850451457 ], [ -8.365502907952814, 40.683009466698685 ], [ -8.365477045506257, 40.68302194762034 ], [ -8.365438283113237, 40.683032648067751 ], [ -8.365279899473499, 40.683035762759047 ], [ -8.365238737002258, 40.68303557897346 ], [ -8.365198260858383, 40.683030348224271 ], [ -8.365023642238633, 40.682956138506789 ], [ -8.364905874012505, 40.682901538319193 ], [ -8.36487849911415, 40.682887544385594 ], [ -8.364730378715837, 40.682814453493052 ], [ -8.364592440482989, 40.682741522097622 ], [ -8.364562227873838, 40.682728882745167 ], [ -8.364457951471719, 40.682710545690433 ], [ -8.364154633091379, 40.682702784613021 ], [ -8.363813359609532, 40.682700051403238 ], [ -8.363773608973995, 40.682698959259298 ], [ -8.36365737938022, 40.682713871558605 ], [ -8.363618965488241, 40.682722412172311 ], [ -8.363581485204501, 40.68272726331228 ], [ -8.363257611370747, 40.682796167289524 ], [ -8.362977994694674, 40.68280321522348 ], [ -8.362860176149297, 40.682802641074659 ], [ -8.362560479323495, 40.682781001615972 ], [ -8.362230782971439, 40.682741405270015 ], [ -8.361911396346585, 40.68273925696279 ], [ -8.361587388072877, 40.682736748608455 ], [ -8.361505895141709, 40.682739165629734 ], [ -8.361300077357495, 40.682739842749172 ], [ -8.361242050696925, 40.682755718183813 ], [ -8.361210825677626, 40.682755780778159 ], [ -8.361186228281465, 40.682759251317606 ], [ -8.361156667435091, 40.682762732556114 ], [ -8.36112191922212, 40.682770635640736 ], [ -8.361067264138995, 40.682803976066232 ], [ -8.360881264363362, 40.682995701088693 ], [ -8.360733461428991, 40.683220218298167 ], [ -8.360602653484817, 40.683433536375674 ], [ -8.360447723367969, 40.683650237294515 ], [ -8.360228520120595, 40.683819514714607 ], [ -8.360008896203679, 40.684005995922263 ], [ -8.359890852759701, 40.684251346306588 ], [ -8.359838171524038, 40.684481617022783 ], [ -8.359754685502217, 40.684698443204752 ], [ -8.359745195097373, 40.684724038173208 ], [ -8.359715189210336, 40.684771730546601 ], [ -8.359676895575602, 40.684815931682124 ], [ -8.359652366339114, 40.684837683051846 ], [ -8.359558265689431, 40.684890190996427 ], [ -8.35953192123862, 40.684900956053859 ], [ -8.359491869417878, 40.684914002864907 ], [ -8.359324627837706, 40.68492270722912 ], [ -8.359284055399705, 40.684922786716875 ], [ -8.359246427339851, 40.684920073339157 ], [ -8.359212541392827, 40.684903841340855 ], [ -8.359022059942921, 40.684722403568273 ], [ -8.358793096257862, 40.684562748443923 ], [ -8.358754594131726, 40.68454562572186 ], [ -8.35851311059977, 40.684531779282878 ], [ -8.358355388361414, 40.684555413957099 ], [ -8.358211440275317, 40.68455938950089 ], [ -8.35817074585513, 40.684558659274863 ], [ -8.35813061633891, 40.684551084943351 ], [ -8.358049328293733, 40.684510989560124 ], [ -8.358008794816937, 40.684487746164969 ], [ -8.357965677402733, 40.684470359314467 ], [ -8.357940436254216, 40.684457804905115 ], [ -8.357882279674381, 40.684365617466881 ], [ -8.357727409165323, 40.684148087724068 ], [ -8.357524179994464, 40.683971719621837 ], [ -8.357304986397967, 40.683796549220595 ], [ -8.35708259417652, 40.683621389104744 ], [ -8.356838080190293, 40.683479498519453 ], [ -8.356668054312838, 40.68343174052022 ], [ -8.35655803139001, 40.683427994854704 ], [ -8.356474564598081, 40.683441125537868 ], [ -8.348314110324761, 40.679821068453926 ], [ -8.348267818104132, 40.679807106730394 ], [ -8.348232887173538, 40.679797540835445 ], [ -8.348197376605759, 40.679788328110199 ], [ -8.348020636353567, 40.679709060000739 ], [ -8.347955597482997, 40.679676761683396 ], [ -8.347930474842931, 40.679662759529144 ], [ -8.347842232450409, 40.679626906768959 ], [ -8.347811429179961, 40.679609764259247 ], [ -8.347778863279276, 40.679599197861386 ], [ -8.347749247637081, 40.679585747930851 ], [ -8.347572751786112, 40.679506745229737 ], [ -8.347427570460839, 40.679455238026044 ], [ -8.347227538418494, 40.679377899404308 ], [ -8.346935955945986, 40.679299920458988 ], [ -8.346799112808606, 40.679267846296902 ], [ -8.346766794036597, 40.679258632626187 ], [ -8.346732710149901, 40.679253025164236 ], [ -8.346698841583608, 40.679240387890445 ], [ -8.346664645713894, 40.679237121048438 ], [ -8.346332878616717, 40.679169933701559 ], [ -8.346038124518417, 40.679097901726941 ], [ -8.346009353137962, 40.679089758315087 ], [ -8.345982586736548, 40.679078284704822 ], [ -8.345718166399484, 40.678986202793304 ], [ -8.340931408179191, 40.677376881522335 ], [ -8.335940122136119, 40.67746013109236 ], [ -8.335913107676147, 40.677483501838822 ], [ -8.334330825810678, 40.678326915517204 ], [ -8.331522749470498, 40.680398927106658 ], [ -8.331491245512243, 40.680464538573986 ], [ -8.331460799207351, 40.680686656435775 ], [ -8.331496432953683, 40.680972232453023 ], [ -8.331586657355142, 40.681279055863726 ], [ -8.331611603292094, 40.681511166941583 ], [ -8.331599081942892, 40.681635814913712 ], [ -8.331645368267765, 40.681805210902631 ], [ -8.331756410920908, 40.682033473640637 ], [ -8.3319486348118, 40.682232419875412 ], [ -8.332091533781412, 40.682350950387153 ], [ -8.332145943699409, 40.682429288539453 ], [ -8.332257143964759, 40.682669440864188 ], [ -8.332391973535005, 40.682898023928693 ], [ -8.332495391946868, 40.683104058214731 ], [ -8.33249358137666, 40.683172494879031 ], [ -8.332398641270636, 40.683422552773003 ], [ -8.332268228565701, 40.6837582141371 ], [ -8.332216049882428, 40.683833412259155 ], [ -8.332043923803949, 40.684026958896702 ], [ -8.331853471630216, 40.684262232335811 ], [ -8.331712136382833, 40.684467700469447 ], [ -8.331693291313258, 40.684534370785137 ], [ -8.332979923933509, 40.689072007903142 ], [ -8.333362087205304, 40.690418938377306 ], [ -8.333515884072694, 40.690263333323422 ], [ -8.333775363003303, 40.690004256680886 ], [ -8.333877702046825, 40.689849098064556 ], [ -8.33393513575151, 40.689751291795652 ], [ -8.334015008354962, 40.689483885565757 ], [ -8.334097512580751, 40.68911057094207 ], [ -8.334170563694773, 40.688896303025288 ], [ -8.334243725300119, 40.688757498625471 ], [ -8.334366222764245, 40.68861941864521 ], [ -8.334488786062302, 40.688544639874472 ], [ -8.334484820667424, 40.688640550366088 ], [ -8.334485959111333, 40.688665044094165 ], [ -8.334487329771077, 40.688804798384403 ], [ -8.33449070878544, 40.688827305277357 ], [ -8.33449907825076, 40.688855474886388 ], [ -8.334512651494919, 40.688884716931263 ], [ -8.334550571780008, 40.688943991778018 ], [ -8.334560807886186, 40.688964237226365 ], [ -8.334573764475293, 40.688983934918141 ], [ -8.334763654827464, 40.689184233749138 ], [ -8.33497976822189, 40.689371247994004 ], [ -8.335191236468335, 40.689547097313877 ], [ -8.335422398545171, 40.689703377839898 ], [ -8.335681158112486, 40.689828719239983 ], [ -8.335861868423555, 40.689889456691866 ], [ -8.33555613747231, 40.689954200554091 ], [ -8.33549972294978, 40.689958803821149 ], [ -8.335460707026407, 40.689967608070255 ], [ -8.335381228370991, 40.690011063737458 ], [ -8.335178273457284, 40.69018449649991 ], [ -8.335010373440307, 40.69037047656105 ], [ -8.334822384929144, 40.690561353332086 ], [ -8.334607249902739, 40.690736793784239 ], [ -8.33458141548282, 40.690760700615073 ], [ -8.334520364389128, 40.690875894264806 ], [ -8.334507890244801, 40.690897884895833 ], [ -8.334435843663476, 40.690975368063263 ], [ -8.334221675365553, 40.691158726995717 ], [ -8.333973858777531, 40.691324853359212 ], [ -8.333931505980695, 40.691364906127539 ], [ -8.33389429275973, 40.691421253694777 ], [ -8.3338782775403, 40.691446049202618 ], [ -8.33381984851936, 40.691488652215973 ], [ -8.333768709944769, 40.691518006817141 ], [ -8.333649157203437, 40.691574232633911 ], [ -8.333580989185746, 40.691605868008189 ], [ -8.333553469952969, 40.691621675633513 ], [ -8.333521567388727, 40.691634699277145 ], [ -8.333490001541026, 40.691642045505937 ], [ -8.333377452818942, 40.691666109739401 ], [ -8.333343622807725, 40.691669589459224 ], [ -8.333293938704537, 40.691670758933455 ], [ -8.332994981269918, 40.691669928852747 ], [ -8.332788294706805, 40.691707927874013 ], [ -8.332757795340184, 40.691715096458395 ], [ -8.332651402810599, 40.691742298425098 ], [ -8.332617827556513, 40.691749110283233 ], [ -8.332354244651739, 40.691750651489635 ], [ -8.332323005052601, 40.691749623884711 ], [ -8.332055922983457, 40.691647070470836 ], [ -8.332021804009216, 40.691631374818989 ], [ -8.331797009760793, 40.691470486672031 ], [ -8.331755577956782, 40.69142156746264 ], [ -8.331736090844165, 40.691393774297396 ], [ -8.331721570634272, 40.691363724007992 ], [ -8.331712736615051, 40.691299537265834 ], [ -8.331711468536245, 40.691270902293404 ], [ -8.331703700095641, 40.69124444333135 ], [ -8.331688249639562, 40.691219435698379 ], [ -8.331663801320303, 40.691194982944296 ], [ -8.331634273032391, 40.691171348479813 ], [ -8.331558085706577, 40.691132402682555 ], [ -8.331521017716989, 40.691118689472518 ], [ -8.33144965931899, 40.691111517044057 ], [ -8.331133429609253, 40.691110354309984 ], [ -8.330792601034139, 40.691113736288187 ], [ -8.330471286535648, 40.691154270510715 ], [ -8.330395739591408, 40.69117016037773 ], [ -8.33008761385423, 40.691228956773415 ], [ -8.329760519024697, 40.691275894309591 ], [ -8.329447167744119, 40.691327401054636 ], [ -8.329137135029798, 40.691383944176629 ], [ -8.329063829502935, 40.691397846440559 ], [ -8.328792412214339, 40.691508083601434 ], [ -8.328758037524391, 40.691526423135073 ], [ -8.32868686842861, 40.691583637923479 ], [ -8.328662209884918, 40.691605921416354 ], [ -8.328636343793525, 40.69162226357583 ], [ -8.32860254118161, 40.691632766747112 ], [ -8.328571661749811, 40.691633091885812 ], [ -8.328535474056681, 40.69163711449513 ], [ -8.328403997445111, 40.691624099459624 ], [ -8.328084434456365, 40.691575659883341 ], [ -8.328054841313579, 40.691570395940666 ], [ -8.328020846729734, 40.691556046960692 ], [ -8.327978872671354, 40.691524331575167 ], [ -8.327818817640862, 40.69152856476915 ], [ -8.324284471509502, 40.691618996039587 ], [ -8.316114641712151, 40.691826969074278 ], [ -8.30694455222366, 40.692468579937525 ], [ -8.306723241229287, 40.692529973911995 ], [ -8.30459397522911, 40.692996406165662 ], [ -8.30367879869466, 40.693244785582245 ], [ -8.302915388848481, 40.693490229481093 ], [ -8.30210099676043, 40.693737907789924 ], [ -8.301055010079709, 40.694011039934203 ], [ -8.300454888312471, 40.694130337564779 ], [ -8.299749478656274, 40.69430021180397 ], [ -8.298801853808525, 40.694504745376662 ], [ -8.298310362382551, 40.694541210802399 ], [ -8.298290236474912, 40.694535025174126 ], [ -8.297644604224494, 40.694340098606219 ], [ -8.297519039354253, 40.694135142905282 ], [ -8.297352366485278, 40.693717011754686 ], [ -8.29723014446879, 40.69338030889805 ], [ -8.297110332127545, 40.693155895300855 ], [ -8.296995403370724, 40.692895819800668 ], [ -8.296875751928631, 40.692495806033733 ], [ -8.296741793444667, 40.692099505389614 ], [ -8.2967325883033, 40.691727250676585 ], [ -8.296692368155425, 40.69148948803393 ], [ -8.296682283794205, 40.69142952736577 ], [ -8.296642255266301, 40.691221121092944 ], [ -8.296598893373407, 40.690766431441993 ], [ -8.296610177989642, 40.690162174043756 ], [ -8.296703779778602, 40.689791488138496 ], [ -8.296775623299853, 40.689422175643578 ], [ -8.29687203006004, 40.68898898736348 ], [ -8.297112465277872, 40.688243749022938 ], [ -8.297326189081422, 40.687415610031444 ], [ -8.298952574759243, 40.681670932836425 ], [ -8.298142194171483, 40.675750577712158 ], [ -8.297730840909407, 40.674853006820932 ], [ -8.297116654503554, 40.674145285323519 ], [ -8.293792014177644, 40.671587539359969 ], [ -8.293641909486402, 40.671384504734014 ], [ -8.293036798133516, 40.670487999684411 ], [ -8.291973351815757, 40.66921364995963 ], [ -8.291801937688081, 40.668999482088495 ], [ -8.291702059604921, 40.668874359493763 ], [ -8.289933455739339, 40.669046548324687 ], [ -8.288831641723732, 40.669024104762585 ], [ -8.289853113559378, 40.66603500612527 ], [ -8.290760778829245, 40.662569959550225 ], [ -8.290912968050002, 40.66246736390498 ], [ -8.290912741956184, 40.662422609473118 ], [ -8.290917769756879, 40.662400361659493 ], [ -8.29092587688935, 40.662378104233838 ], [ -8.290936352122898, 40.662356120029131 ], [ -8.290949423323225, 40.662334756332434 ], [ -8.29099356521372, 40.662248880416733 ], [ -8.290992653607271, 40.662016731347485 ], [ -8.291009178039552, 40.661905225772109 ], [ -8.29104971763247, 40.661794314105684 ], [ -8.291115629993467, 40.661616916826027 ], [ -8.291133258162802, 40.661571865999385 ], [ -8.291140067109705, 40.661550783704612 ], [ -8.29116125716317, 40.661508792454541 ], [ -8.291267430925382, 40.661353575507235 ], [ -8.291265669543476, 40.661310266697726 ], [ -8.291230484310567, 40.661183972474966 ], [ -8.291159247162527, 40.661115631678435 ], [ -8.291146462154698, 40.661107814686964 ], [ -8.291321553460483, 40.660844264894635 ], [ -8.291473324581446, 40.660522395161124 ], [ -8.291578500467457, 40.660445163977002 ], [ -8.291578197125386, 40.66041841906118 ], [ -8.291583889967677, 40.660325571625812 ], [ -8.291594006996831, 40.660303854398308 ], [ -8.291613524738857, 40.660256552305817 ], [ -8.291664199367448, 40.659986058595806 ], [ -8.291739464130934, 40.659764159855328 ], [ -8.291735083433506, 40.659516255521673 ], [ -8.291702383311845, 40.659290359974783 ], [ -8.291696153704075, 40.659059572473637 ], [ -8.29171678306046, 40.658985523488276 ], [ -8.291730207599445, 40.658962449125035 ], [ -8.291892310339909, 40.65851313965716 ], [ -8.291933603683781, 40.658373504604995 ], [ -8.291927684897162, 40.658223218332296 ], [ -8.291914443902295, 40.658176499732591 ], [ -8.291797406843866, 40.657940280426487 ], [ -8.291792623094691, 40.657918046040948 ], [ -8.29174923236776, 40.657722875454652 ], [ -8.291747471532844, 40.657581046498812 ], [ -8.291828071076727, 40.657364182273305 ], [ -8.291906056586043, 40.657145701548835 ], [ -8.291953124392773, 40.656901962378804 ], [ -8.292001140000297, 40.656755832494589 ], [ -8.29208238867578, 40.656518793789921 ], [ -8.29207672579655, 40.656375260100219 ], [ -8.292036953033412, 40.65625861416413 ], [ -8.292013205122926, 40.656167511835726 ], [ -8.292013151063136, 40.65614472703156 ], [ -8.292015691790013, 40.656021989384023 ], [ -8.292027796404744, 40.655989103858118 ], [ -8.292055223713724, 40.655940073484786 ], [ -8.292073854429225, 40.655917268362138 ], [ -8.292199455694922, 40.655684581008401 ], [ -8.29221614210636, 40.655639264715639 ], [ -8.29226509253062, 40.655393535320719 ], [ -8.292318480131339, 40.654926910143615 ], [ -8.292368638844849, 40.654692436373509 ], [ -8.292383605016315, 40.654670712368159 ], [ -8.292536134165749, 40.654474101794683 ], [ -8.292619889331466, 40.654343681295018 ], [ -8.292725856331186, 40.654108857385445 ], [ -8.292770582381513, 40.653876915968112 ], [ -8.292825137639944, 40.653652524374301 ], [ -8.292842666202629, 40.653419805557228 ], [ -8.29284300382947, 40.65316820594844 ], [ -8.292844061944974, 40.652919756242397 ], [ -8.292881722746381, 40.652800113627698 ], [ -8.292956935951484, 40.65265727572384 ], [ -8.293030656144605, 40.652486975853691 ], [ -8.293055334249578, 40.652471452773895 ], [ -8.293086045025666, 40.652460968731823 ], [ -8.293118668957362, 40.652454974712235 ], [ -8.293151062346119, 40.652454929821367 ], [ -8.293241994766982, 40.652458223023203 ], [ -8.293269097956346, 40.652469442804033 ], [ -8.293295029668322, 40.652485709802896 ], [ -8.293395675188524, 40.65254328971151 ], [ -8.293424655904792, 40.652550002461219 ], [ -8.293543172685826, 40.652569827548305 ], [ -8.293576042625334, 40.652569781876096 ], [ -8.29367418907947, 40.652572164194943 ], [ -8.293736383255572, 40.652573159220204 ], [ -8.293834643665438, 40.652576709215282 ], [ -8.2938661204526, 40.652585399518266 ], [ -8.293929175710499, 40.652600799719004 ], [ -8.294054332585377, 40.652625390477382 ], [ -8.29411573462257, 40.652640158015494 ], [ -8.294143064043412, 40.652649484387673 ], [ -8.29430280240115, 40.652696806134955 ], [ -8.294351501263927, 40.652690527276334 ], [ -8.294348088964334, 40.652795167662191 ], [ -8.294348389177211, 40.653064780347641 ], [ -8.294407757580048, 40.653456959184275 ], [ -8.294487223891707, 40.653704848814769 ], [ -8.294881838603743, 40.654356253107721 ], [ -8.294975465532017, 40.654492908657417 ], [ -8.295023031087052, 40.654555339662323 ], [ -8.295095300580469, 40.654611786278352 ], [ -8.295284531874895, 40.65463150944877 ], [ -8.295297288673963, 40.654625548118993 ], [ -8.295410541212824, 40.654571353465386 ], [ -8.296268307203817, 40.654014610227435 ], [ -8.296571425716998, 40.653852982653142 ], [ -8.29669554416316, 40.653792833340511 ], [ -8.297235020090072, 40.653486426872739 ], [ -8.297369382208441, 40.653409692754543 ], [ -8.297518994132124, 40.653330409916286 ], [ -8.29767747041876, 40.653250309188131 ], [ -8.297738729291474, 40.653207714750025 ], [ -8.298024347503846, 40.653001535384192 ], [ -8.298671817289728, 40.652576820003311 ], [ -8.299352836574062, 40.652144846729549 ], [ -8.299688680979711, 40.651929858576864 ], [ -8.299951806198907, 40.651716501808181 ], [ -8.300203232662321, 40.651410234251337 ], [ -8.300485314377676, 40.651073840811904 ], [ -8.300511553676358, 40.650790683627271 ], [ -8.300381726371379, 40.650553948256452 ], [ -8.300313813771757, 40.650393305997284 ], [ -8.300292336559698, 40.650223684050772 ], [ -8.300323641840627, 40.650117830586453 ], [ -8.300416778833855, 40.649966316840199 ], [ -8.300518217885342, 40.649919431150721 ], [ -8.300668103540428, 40.649905972546797 ], [ -8.300845655833315, 40.649938399972697 ], [ -8.300987277139308, 40.650024550227698 ], [ -8.30109528540005, 40.650095261204733 ], [ -8.30139532341588, 40.65031409321454 ], [ -8.301549867559817, 40.65036762789925 ], [ -8.301798048347608, 40.650325838202995 ], [ -8.301924302596753, 40.650270812169886 ], [ -8.302051342330026, 40.650109612003476 ], [ -8.302077746869216, 40.650031138271927 ], [ -8.302125025289344, 40.649886087518709 ], [ -8.30217541494801, 40.649710411879688 ], [ -8.302218687467962, 40.649663344187815 ], [ -8.302251635034844, 40.649601426754963 ], [ -8.302300781237978, 40.649494918049989 ], [ -8.302304848669438, 40.649421520784252 ], [ -8.302306311757649, 40.649344971018145 ], [ -8.302308452349923, 40.649303544959075 ], [ -8.302428018858889, 40.649086439442677 ], [ -8.302604302058162, 40.648902379716333 ], [ -8.30269764281412, 40.64878688812427 ], [ -8.302782681657535, 40.648520842042558 ], [ -8.302820973628201, 40.648376432732981 ], [ -8.302869519466254, 40.648175548552516 ], [ -8.302919689059461, 40.648051923708145 ], [ -8.302961061260191, 40.647957305760961 ], [ -8.302977867231945, 40.647918469610566 ], [ -8.303027783160259, 40.647834828992359 ], [ -8.303061107199058, 40.647783544073896 ], [ -8.303093983969148, 40.64774098942663 ], [ -8.303162699006355, 40.647658670049836 ], [ -8.303222206588355, 40.647580686682311 ], [ -8.303267705297181, 40.647528839853763 ], [ -8.303300948015643, 40.647489888480308 ], [ -8.303329937307611, 40.647453915977408 ], [ -8.303370599633492, 40.647404596786664 ], [ -8.303413506559322, 40.647355547127937 ], [ -8.303452189187061, 40.647317216248801 ], [ -8.30349855490206, 40.647279145076233 ], [ -8.303820169654879, 40.647017787250753 ], [ -8.304068914966537, 40.64678751334975 ], [ -8.304171561709531, 40.646614556383398 ], [ -8.304329926728352, 40.646408642398292 ], [ -8.304381585972438, 40.646315719648584 ], [ -8.304425823526547, 40.646185621879425 ], [ -8.304433699037016, 40.64594076374798 ], [ -8.304426695450095, 40.645746619664479 ], [ -8.304311765110818, 40.645511219885094 ], [ -8.304162360304211, 40.645248588042037 ], [ -8.303981924862443, 40.64505443682031 ], [ -8.303770328710785, 40.644880596634657 ], [ -8.303655552022882, 40.644796029202013 ], [ -8.30337391619395, 40.644508287840523 ], [ -8.303395907118757, 40.644325090820928 ], [ -8.303537965128616, 40.644214023803606 ], [ -8.303926475797063, 40.644092414659255 ], [ -8.30409282797601, 40.644141967156401 ], [ -8.304252777629278, 40.64423231789582 ], [ -8.304421001826707, 40.644275381608864 ], [ -8.304550617326568, 40.644294097445012 ], [ -8.304647584517015, 40.644302686676888 ], [ -8.304929608702775, 40.644374029734479 ], [ -8.305002583535353, 40.644385719728838 ], [ -8.305122032506187, 40.644404087146619 ], [ -8.305340564923732, 40.644470488055269 ], [ -8.305447231562127, 40.644481855557466 ], [ -8.305512862817213, 40.644489047291323 ], [ -8.305685102571376, 40.644485456300465 ], [ -8.305757176438318, 40.644470397258225 ], [ -8.305999156502304, 40.644461029145887 ], [ -8.30609656009954, 40.644502485437023 ], [ -8.306200854030113, 40.644556356673789 ], [ -8.306303577116076, 40.644640939657066 ], [ -8.306332138428115, 40.644669623361004 ], [ -8.306359464828537, 40.644721361285761 ], [ -8.306369367530401, 40.64475484481941 ], [ -8.306384241661567, 40.644791112500151 ], [ -8.306439049250526, 40.644908636172936 ], [ -8.306556116582842, 40.645190678406152 ], [ -8.306589399375294, 40.645258794960803 ], [ -8.306693720459084, 40.645413346371662 ], [ -8.306839064204137, 40.645521543923998 ], [ -8.307039574772121, 40.645612911272657 ], [ -8.307294986055599, 40.645675558087042 ], [ -8.307437564126573, 40.64567624165521 ], [ -8.307514232598713, 40.645651900143513 ], [ -8.307687552811865, 40.64560859167036 ], [ -8.307752290719879, 40.64558958289593 ], [ -8.307882195833898, 40.645536252172697 ], [ -8.308231345618927, 40.645326889387867 ], [ -8.308401765566648, 40.64516876993256 ], [ -8.30854905299695, 40.644984478477603 ], [ -8.308704260852371, 40.64484268016227 ], [ -8.309151359253017, 40.644567874395271 ], [ -8.309327231035287, 40.644506822951143 ], [ -8.309506764625164, 40.644490514215626 ], [ -8.309664362788979, 40.644493425189047 ], [ -8.309725124348732, 40.644492788362498 ], [ -8.309818933413972, 40.644468151646564 ], [ -8.310463118547128, 40.644025360658958 ], [ -8.310636855867735, 40.643873174401648 ], [ -8.310770746323172, 40.643766258830084 ], [ -8.310920222336989, 40.643606185798539 ], [ -8.31104165872636, 40.643526123641884 ], [ -8.311140690068408, 40.643469414832666 ], [ -8.311374709096723, 40.643402592832643 ], [ -8.311590723183476, 40.643368848125952 ], [ -8.311764453219256, 40.64339243873026 ], [ -8.311960592119561, 40.643528921220195 ], [ -8.311957750540861, 40.643702272772501 ], [ -8.311940928740357, 40.643777129226031 ], [ -8.311894054512731, 40.643930290881706 ], [ -8.31189274469938, 40.643971086405038 ], [ -8.311937165672418, 40.644092046431339 ], [ -8.312068600587702, 40.644213674887716 ], [ -8.312129135592388, 40.644258878948264 ], [ -8.312242287428296, 40.64435244296638 ], [ -8.312472278966251, 40.644544253036628 ], [ -8.312503977810918, 40.644593999772674 ], [ -8.312517536008857, 40.644624145180721 ], [ -8.312540269247702, 40.644680664226328 ], [ -8.312562910357331, 40.644747352965858 ], [ -8.312621940028759, 40.644890082556863 ], [ -8.312770700878803, 40.645122271433706 ], [ -8.312850210042534, 40.645189141778438 ], [ -8.31317519382006, 40.645358017608451 ], [ -8.313382873050276, 40.6453864165249 ], [ -8.313460424519741, 40.645387105 ], [ -8.313626303737614, 40.645390265085354 ], [ -8.313785166965381, 40.645378757459291 ], [ -8.313872717444703, 40.645360876631713 ], [ -8.314167428108775, 40.645265858698679 ], [ -8.314248837396333, 40.645249158788744 ], [ -8.314332855058055, 40.64523434761783 ], [ -8.314524725724578, 40.645188207262095 ], [ -8.314666879151867, 40.645164301119962 ], [ -8.314772091742919, 40.645162513822193 ], [ -8.314885005049723, 40.645164492882564 ], [ -8.315067583761328, 40.645179689756326 ], [ -8.315096599848546, 40.645199365386645 ], [ -8.315173712829427, 40.645381596116891 ], [ -8.315171496336315, 40.645435627114033 ], [ -8.315169084972865, 40.645548468572699 ], [ -8.315238505083016, 40.645729630754282 ], [ -8.315274159756283, 40.645797112491721 ], [ -8.315367154153357, 40.645908986637764 ], [ -8.315705907878652, 40.646223533842978 ], [ -8.315810258359763, 40.646294327834312 ], [ -8.315904150622009, 40.646386746220998 ], [ -8.316038139718307, 40.646529807400277 ], [ -8.316089841460025, 40.646587355953145 ], [ -8.316335677619204, 40.646773548122496 ], [ -8.316394053008727, 40.646807491470476 ], [ -8.316700498418163, 40.646936491989223 ], [ -8.316858857446412, 40.646954246877279 ], [ -8.317013093907846, 40.646979305012088 ], [ -8.317164310389803, 40.646982212306135 ], [ -8.317258412605083, 40.646980082944062 ], [ -8.317345369278916, 40.646959950040028 ], [ -8.317422978001497, 40.646934790890398 ], [ -8.317488985841774, 40.646904784712184 ], [ -8.318038092340835, 40.646630147342599 ], [ -8.318091794716954, 40.646599350057656 ], [ -8.318162862530739, 40.646562672453065 ], [ -8.318432479960526, 40.646415096301716 ], [ -8.318523986748051, 40.646372986163769 ], [ -8.318657223326728, 40.646328554012634 ], [ -8.318747688194589, 40.646294093472498 ], [ -8.318841786784029, 40.646248376842557 ], [ -8.319040512263337, 40.646118832676919 ], [ -8.319114587302728, 40.646059369231324 ], [ -8.319185605881405, 40.646003243480919 ], [ -8.320516014174723, 40.645386020943057 ], [ -8.320617003388143, 40.645394590234602 ], [ -8.320683215745234, 40.645396459342052 ], [ -8.32084022785012, 40.645401515456456 ], [ -8.320947336691438, 40.645399628497323 ], [ -8.321111996569691, 40.645349832934862 ], [ -8.321308499240496, 40.645270713896707 ], [ -8.321431682577511, 40.64518586344699 ], [ -8.321513634936871, 40.645111974612149 ], [ -8.32155369237292, 40.645020150027079 ], [ -8.321555527659852, 40.644959360237237 ], [ -8.321557013769624, 40.644898843873641 ], [ -8.321543462198118, 40.644748933266804 ], [ -8.321525570994558, 40.644651256205101 ], [ -8.321445971426213, 40.644180332919838 ], [ -8.321474811032454, 40.644012247315771 ], [ -8.32161094309356, 40.643616428258085 ], [ -8.321797329719541, 40.643227465408373 ], [ -8.321896047278655, 40.643061519473129 ], [ -8.321995626493054, 40.642908266652476 ], [ -8.322059920408256, 40.642819280270835 ], [ -8.322269137398239, 40.642642165923064 ], [ -8.322405003580972, 40.642612674630008 ], [ -8.322561848456822, 40.642561265254976 ], [ -8.322792888763987, 40.642534403533112 ], [ -8.322997354901824, 40.642556577773917 ], [ -8.323320668522928, 40.642634026113328 ], [ -8.323651782818848, 40.642710559255974 ], [ -8.32403266076917, 40.642784754285699 ], [ -8.324676600158453, 40.642907766745637 ], [ -8.325198373304213, 40.643054937185383 ], [ -8.325742629792847, 40.643168026353138 ], [ -8.326382783770542, 40.643245652162392 ], [ -8.327417338961681, 40.643290902410321 ], [ -8.327618260903689, 40.643272280032591 ], [ -8.327777502366475, 40.643233197550394 ], [ -8.327878256624029, 40.64320322049516 ], [ -8.328186846481229, 40.643052938859825 ], [ -8.328444043377479, 40.642877532417522 ], [ -8.328594891109407, 40.642675199860648 ], [ -8.328685766668681, 40.64246369694235 ], [ -8.328721185713052, 40.642167004262149 ], [ -8.328720596745262, 40.641967276487726 ], [ -8.328668314742409, 40.641636427052717 ], [ -8.328651658723144, 40.641559370839353 ], [ -8.328573657014136, 40.641407321497987 ], [ -8.3284673061973, 40.641300789063685 ], [ -8.328219826589292, 40.641122013186127 ], [ -8.326888138356253, 40.640603064745122 ], [ -8.326302491348956, 40.640315887968853 ], [ -8.326201830178132, 40.640253832253066 ], [ -8.326034077195418, 40.640090404546271 ], [ -8.325870173600634, 40.639826108413828 ], [ -8.325854151269722, 40.639722311595754 ], [ -8.325847106181202, 40.639534655146285 ], [ -8.325913480592003, 40.639350749269617 ], [ -8.326070203762146, 40.638934269284519 ], [ -8.326118006601941, 40.638869713116364 ], [ -8.326160810091253, 40.638792018603112 ], [ -8.326500875137311, 40.63837576536816 ], [ -8.326720619759241, 40.638209428735962 ], [ -8.326851314839358, 40.638113217776571 ], [ -8.326989068068155, 40.638005189008211 ], [ -8.327065611668777, 40.637944005256884 ], [ -8.327148049889878, 40.637878581810028 ], [ -8.327232962680114, 40.637810087875167 ], [ -8.327346869119848, 40.637713899165902 ], [ -8.327443454861244, 40.637634400002959 ], [ -8.327513269133673, 40.637578543042103 ], [ -8.327570702669362, 40.637533146610046 ], [ -8.327855895344012, 40.63727412325845 ], [ -8.327934040540278, 40.637196365762847 ], [ -8.328010072040327, 40.637125547582713 ], [ -8.328169967332428, 40.636989657564449 ], [ -8.328307179917614, 40.636898832546336 ], [ -8.328482646219092, 40.636795517283581 ], [ -8.32866411729575, 40.636761976455318 ], [ -8.328779378885024, 40.636763218449644 ], [ -8.328987058778916, 40.636801136666222 ], [ -8.329124428637741, 40.636845026346812 ], [ -8.329345592370622, 40.636923443513219 ], [ -8.329457096978354, 40.637014472120178 ], [ -8.329574421636851, 40.637234626125704 ], [ -8.329680502702494, 40.637450296544316 ], [ -8.329753102589205, 40.637496456047565 ], [ -8.329917853300952, 40.637645028570745 ], [ -8.330224670650095, 40.637824328218613 ], [ -8.33062617131994, 40.637963484780464 ], [ -8.330968170501857, 40.638009365240457 ], [ -8.331222266378237, 40.637989199235854 ], [ -8.331766582341185, 40.637934227605754 ], [ -8.345794219027093, 40.644155396802091 ], [ -8.352533710569597, 40.647171719800156 ], [ -8.359968766419355, 40.650498294310303 ], [ -8.361077262376309, 40.651204701226021 ], [ -8.363044063331676, 40.653452578453141 ], [ -8.363371872260622, 40.654049134408929 ], [ -8.364043218902225, 40.655473823802069 ], [ -8.363964551026495, 40.656653919536438 ], [ -8.363996288796297, 40.659388062246592 ], [ -8.363982405711335, 40.659511367916068 ], [ -8.364233801704568, 40.659543730222445 ], [ -8.364331840946166, 40.659548036525521 ], [ -8.364362118340551, 40.65954824154511 ], [ -8.364397248930286, 40.65955159224319 ], [ -8.364422723359263, 40.659567301141543 ], [ -8.364442673313334, 40.659590583633488 ], [ -8.364504470153854, 40.659646202639536 ], [ -8.364706165199749, 40.659838233090817 ], [ -8.3648040904373, 40.65994411379183 ], [ -8.36482119840176, 40.659966859808733 ], [ -8.364964487935353, 40.660196198280438 ], [ -8.365107510251645, 40.660415363075806 ], [ -8.365178740254565, 40.660496263645818 ], [ -8.365204855212255, 40.660524666550465 ], [ -8.3652306998768, 40.660544338593063 ], [ -8.365255103971611, 40.660556084486032 ], [ -8.365281393045768, 40.660566477611397 ], [ -8.365329140549079, 40.660593035057857 ], [ -8.365354258693179, 40.66060676152857 ], [ -8.36545286515245, 40.660636728630486 ], [ -8.365497957577036, 40.660648165388729 ], [ -8.365529806147471, 40.66065935683195 ], [ -8.365809353631443, 40.660761175231038 ], [ -8.366069365602424, 40.660889867728855 ], [ -8.366342721956093, 40.66101340424855 ], [ -8.366741376359354, 40.661223395503683 ], [ -8.366989374099628, 40.661397861813626 ], [ -8.367012365592762, 40.661411949733342 ], [ -8.367037123189089, 40.661424509497884 ], [ -8.367308943606476, 40.661548313380031 ], [ -8.367561047553854, 40.661677557044321 ], [ -8.36781336715215, 40.661804283676247 ], [ -8.368059774637803, 40.661929220752377 ], [ -8.368263301501461, 40.662099899861452 ], [ -8.36842318388627, 40.662300835720586 ], [ -8.368440168937518, 40.662322407169199 ], [ -8.368481022112114, 40.662405083958475 ], [ -8.368563557148574, 40.662636521012715 ], [ -8.368686528711613, 40.662864820059191 ], [ -8.368826208192703, 40.663071915547945 ], [ -8.368979165975629, 40.663286284212766 ], [ -8.369019611531998, 40.663321047020005 ], [ -8.369042134452336, 40.663336760917261 ], [ -8.369063370727845, 40.663354816977581 ], [ -8.369234573346006, 40.66354636317547 ], [ -8.36929642216357, 40.663612873898529 ], [ -8.369443568287025, 40.663755297256913 ], [ -8.369480123537155, 40.663794032829884 ], [ -8.36949816993546, 40.663812549198056 ], [ -8.369511139011845, 40.663835936038183 ], [ -8.369517729464018, 40.663858701973901 ], [ -8.369519946249032, 40.663884002808636 ], [ -8.369487940371741, 40.663962865200631 ], [ -8.369628445231253, 40.664034345828561 ], [ -8.369895584685549, 40.664166078574866 ], [ -8.370014594351261, 40.664245167133217 ], [ -8.3700229149986, 40.664323040104605 ], [ -8.370646224383297, 40.665076281162492 ], [ -8.37133878230609, 40.665746711344099 ], [ -8.372192417134988, 40.666676686984033 ], [ -8.372946613452591, 40.667277909306371 ], [ -8.373771248553711, 40.667862317619601 ], [ -8.374096119591954, 40.668091535054863 ], [ -8.374477568135147, 40.668105767891056 ], [ -8.374479321778225, 40.668164747914091 ], [ -8.374487369396926, 40.668393278021028 ], [ -8.374491500698804, 40.668424518130941 ], [ -8.37450942339105, 40.668473918896026 ], [ -8.374522654144949, 40.668502885092252 ], [ -8.374538582382225, 40.668686916003004 ], [ -8.374525485258705, 40.668923596725612 ], [ -8.374505556222532, 40.669167945190367 ], [ -8.374497159235197, 40.669395881076618 ], [ -8.374497605686376, 40.669420641580437 ], [ -8.374484840078912, 40.669585012994666 ], [ -8.374468921277641, 40.669630610484042 ], [ -8.374367736691584, 40.670034698007157 ], [ -8.374313127835284, 40.670369263001731 ], [ -8.374080550828236, 40.67064557424694 ], [ -8.374049929940236, 40.670713988056782 ], [ -8.373989140152608, 40.67068034561936 ], [ -8.373956798287974, 40.670731654130257 ], [ -8.373901566762113, 40.670862611296783 ], [ -8.373859469804353, 40.670993817506051 ], [ -8.37373512617288, 40.671307901285829 ], [ -8.37361997392366, 40.671449973935808 ], [ -8.373513530955032, 40.671482795108808 ], [ -8.373500128199881, 40.671473820576992 ], [ -8.37350353180544, 40.67149911432702 ], [ -8.373503031204249, 40.671523067235761 ], [ -8.373503332688601, 40.671705153199966 ], [ -8.373488136979136, 40.671951112444525 ], [ -8.373485500373032, 40.671973086866899 ], [ -8.373485223064, 40.671995328332628 ], [ -8.373475610184219, 40.672050730840034 ], [ -8.373466301102951, 40.672223019393819 ], [ -8.373467978337596, 40.672458224674259 ], [ -8.373333090604001, 40.67273631655307 ], [ -8.373332121122163, 40.673286432412574 ], [ -8.373297243379298, 40.673779531611459 ], [ -8.373168599609464, 40.674118300349534 ], [ -8.373055665652858, 40.674548261883807 ], [ -8.373015664717602, 40.674705030722954 ], [ -8.372936699047804, 40.675012808313092 ], [ -8.37309047306017, 40.675277232495013 ], [ -8.373197157948869, 40.675474312250493 ], [ -8.373304361911849, 40.675780256557758 ], [ -8.373334118024548, 40.675996316903415 ], [ -8.373466414720047, 40.67640486640957 ], [ -8.373520650136522, 40.676716868607123 ], [ -8.37378743112332, 40.677059941353789 ], [ -8.37408229728819, 40.677611955782503 ], [ -8.374515627757576, 40.678477781524812 ], [ -8.374529225570708, 40.67857482476127 ] ] ] } },
{ "type": "Feature", "properties": { "dtmnfr": "011712", "freguesia": "Cedrim", "municipio": "Sever do Vouga", "distrito_i": "Aveiro", "nuts3_cod": "191", "nuts3": "Região de Aveiro", "nuts2": "Centro", "nuts1": "Continente", "area_ha": 935.71, "perimetro_": 16, "designacao": "Cedrim" }, "geometry": { "type": "Polygon", "coordinates": [ [ [ -8.352269585400483, 40.709433455036475 ], [ -8.352992884393124, 40.709760209441669 ], [ -8.35296045994547, 40.709797372128108 ], [ -8.352824019972847, 40.710083900686143 ], [ -8.35267902902261, 40.710574051977638 ], [ -8.352588680867408, 40.710985931487492 ], [ -8.352526715752996, 40.711571916957539 ], [ -8.352519172364447, 40.712081610559267 ], [ -8.352539519210117, 40.712758295261281 ], [ -8.352614371875386, 40.713169863200584 ], [ -8.352762382324883, 40.713658636465397 ], [ -8.353048240150001, 40.714209283753007 ], [ -8.353251151762684, 40.714550812398421 ], [ -8.353361763556247, 40.714787789617667 ], [ -8.353399285722462, 40.715073626362596 ], [ -8.353400214407262, 40.715352866464272 ], [ -8.353318708287249, 40.71557643509567 ], [ -8.353008000035802, 40.715849164238641 ], [ -8.35273375376174, 40.716051942921418 ], [ -8.35234034659203, 40.716262060417009 ], [ -8.352001974116208, 40.716436958751871 ], [ -8.351548988126344, 40.716634764004894 ], [ -8.351265552719639, 40.716816573852874 ], [ -8.350954669144764, 40.717040578526174 ], [ -8.35068123605754, 40.717459829914098 ], [ -8.350435783560885, 40.718039404606834 ], [ -8.350235308334971, 40.718367564513507 ], [ -8.350016261497572, 40.718591125480181 ], [ -8.349732455069372, 40.718738262701173 ], [ -8.349045962122771, 40.718941903568407 ], [ -8.348551445450068, 40.719040540642581 ], [ -8.347900901483424, 40.719055807158959 ], [ -8.346425537110479, 40.719065592128004 ], [ -8.345980378195314, 40.719056518226076 ], [ -8.345632205735114, 40.719064275561301 ], [ -8.345219765284709, 40.719072066208824 ], [ -8.345000110207286, 40.719149018081453 ], [ -8.344762058867387, 40.719247339870932 ], [ -8.344634290809747, 40.719338255983423 ], [ -8.344488428688249, 40.719582739660375 ], [ -8.344434488956844, 40.719924758956644 ], [ -8.34448146154425, 40.7203293587717 ], [ -8.344493106508956, 40.721048020803948 ], [ -8.344535131381216, 40.721421109156154 ], [ -8.344537657014621, 40.722100347379985 ], [ -8.344407761184852, 40.722527425141081 ], [ -8.344409731338754, 40.723144801292506 ], [ -8.344398855132537, 40.723371655961998 ], [ -8.344304148156729, 40.723626218610228 ], [ -8.344054446611887, 40.723899082739692 ], [ -8.343882248598884, 40.724129026294612 ], [ -8.343692310845585, 40.724438063658887 ], [ -8.34358672237885, 40.724955774210336 ], [ -8.343588404246729, 40.725409982622082 ], [ -8.343482940361008, 40.726154435567501 ], [ -8.343400816579191, 40.726572502620954 ], [ -8.343116043115199, 40.727026878524541 ], [ -8.342605006109139, 40.727536325238113 ], [ -8.342045937032484, 40.72798219447948 ], [ -8.341498509440214, 40.728367343213336 ], [ -8.340927323982509, 40.728767659691599 ], [ -8.340522786364165, 40.72905007072459 ], [ -8.34029690372823, 40.729304601634794 ], [ -8.340237780101091, 40.729477242715461 ], [ -8.34035835142433, 40.729876573176774 ], [ -8.340609400987894, 40.730057658553683 ], [ -8.341374324333062, 40.730583053824418 ], [ -8.341708996801888, 40.730854845912994 ], [ -8.341983982920425, 40.731081177694747 ], [ -8.342163715165713, 40.731316871018649 ], [ -8.342188193757858, 40.731571213869415 ], [ -8.342165108891711, 40.731758020358527 ], [ -8.342117948788147, 40.731930640658724 ], [ -8.342095690854313, 40.732006144151079 ], [ -8.34195115853114, 40.732119778377651 ], [ -8.3417274833339, 40.732213930790508 ], [ -8.341543234050409, 40.7322710863899 ], [ -8.341270995851492, 40.732318319258617 ], [ -8.340643282828474, 40.732369794082658 ], [ -8.340213174150783, 40.732393895974639 ], [ -8.339513135454787, 40.732408400813839 ], [ -8.33923646529286, 40.732439065723341 ], [ -8.339017142882131, 40.732526356771253 ], [ -8.338684086026779, 40.732697512296781 ], [ -8.338442132412091, 40.732891011139976 ], [ -8.338262999357369, 40.733225596940592 ], [ -8.338197790406134, 40.733422472150714 ], [ -8.338163077820806, 40.733566345284871 ], [ -8.338084643755595, 40.733736947383314 ], [ -8.337966640323957, 40.733934187238845 ], [ -8.337857249656054, 40.73408431441127 ], [ -8.33775681897003, 40.734261531672182 ], [ -8.337713438909132, 40.734398668036555 ], [ -8.337700796926946, 40.734559067560802 ], [ -8.337684130976857, 40.734874809394782 ], [ -8.33765888306263, 40.735245766424406 ], [ -8.337598094488319, 40.73545659030939 ], [ -8.337410335092805, 40.73580109907406 ], [ -8.337174709662813, 40.736286342775223 ], [ -8.337113786869324, 40.7364935645899 ], [ -8.337035327558214, 40.73669433642209 ], [ -8.336864808227647, 40.736948761575931 ], [ -8.336615309734112, 40.737199900226777 ], [ -8.336304069808765, 40.737390996079434 ], [ -8.336159272037827, 40.737464106157908 ], [ -8.335983926034491, 40.737537897402177 ], [ -8.335738168778622, 40.737618839540865 ], [ -8.335523125458243, 40.737639211639774 ], [ -8.335277093619588, 40.737632889053415 ], [ -8.334965075630283, 40.737610026540736 ], [ -8.334494044570887, 40.737463719604293 ], [ -8.33424336795408, 40.737330438173913 ], [ -8.334010142356648, 40.737210449678393 ], [ -8.333598906041678, 40.737008426165183 ], [ -8.333587931831334, 40.737001018770556 ], [ -8.333541141861815, 40.736601461766483 ], [ -8.333494353232261, 40.736241616942564 ], [ -8.333437159978102, 40.735729333884478 ], [ -8.333417312533662, 40.735584388960568 ], [ -8.333320783423087, 40.735177356539566 ], [ -8.333316163466856, 40.73494296329573 ], [ -8.333354659398266, 40.734559198838745 ], [ -8.333363917373932, 40.734372599177192 ], [ -8.333351170942857, 40.734267891731832 ], [ -8.333197349116549, 40.733939210525016 ], [ -8.332896588018475, 40.733366573000993 ], [ -8.33270364474601, 40.733095318228834 ], [ -8.332456353703117, 40.732665761832855 ], [ -8.332280624012395, 40.732174129392774 ], [ -8.332079527268284, 40.731395913290825 ], [ -8.332133656536008, 40.731248590130889 ], [ -8.332140700326228, 40.731228852426568 ], [ -8.33206737420122, 40.731172794539262 ], [ -8.331866710361547, 40.731008438797211 ], [ -8.331849840286438, 40.73098964819291 ], [ -8.331835935598331, 40.730969681824412 ], [ -8.331825331259989, 40.73094773046266 ], [ -8.331817447866317, 40.730923611403 ], [ -8.331807281001803, 40.730692558438868 ], [ -8.331806061228672, 40.73064105345626 ], [ -8.331735958112134, 40.730475485697575 ], [ -8.331726293786696, 40.730448757329249 ], [ -8.33171977036336, 40.730366823499914 ], [ -8.331716730260087, 40.730339275078713 ], [ -8.331715588769827, 40.73027425968052 ], [ -8.331693291721441, 40.730102664485692 ], [ -8.331691201037721, 40.730075923082694 ], [ -8.331608483896574, 40.729888129952222 ], [ -8.331593372896155, 40.729862856246989 ], [ -8.331573821476324, 40.729814800191726 ], [ -8.331565108604369, 40.729792307947811 ], [ -8.331364946393236, 40.729596526401629 ], [ -8.331139322039551, 40.729437078544386 ], [ -8.330890370391002, 40.729313422970364 ], [ -8.330629871049501, 40.729166100628866 ], [ -8.330379874337314, 40.729048654718589 ], [ -8.330350356715757, 40.729033761276874 ], [ -8.330322242201913, 40.729014986053798 ], [ -8.330166210618479, 40.728850555526343 ], [ -8.330126775170985, 40.728803711021214 ], [ -8.329979437192701, 40.728617381316418 ], [ -8.329955823132996, 40.72859688736672 ], [ -8.329759508484161, 40.728498170902611 ], [ -8.329480506398159, 40.728418955666299 ], [ -8.329443204670087, 40.728413167635168 ], [ -8.329388386128086, 40.728407318428282 ], [ -8.329303708149933, 40.728354247023105 ], [ -8.329072456152634, 40.728209754841025 ], [ -8.328121309374419, 40.727552034512726 ], [ -8.327858773270119, 40.727311871690752 ], [ -8.327509097222597, 40.726985226413909 ], [ -8.327329667770949, 40.726790756304034 ], [ -8.327113647503438, 40.726266314791637 ], [ -8.326822424914736, 40.725402597519228 ], [ -8.326489910483195, 40.724664577244695 ], [ -8.326148221165697, 40.723985277047333 ], [ -8.325537412482326, 40.723070323682713 ], [ -8.324682515526447, 40.722015660693856 ], [ -8.324164367407523, 40.721287664858764 ], [ -8.324009543992236, 40.720505389822854 ], [ -8.323712576521894, 40.719927049285218 ], [ -8.323551464908142, 40.71946365238388 ], [ -8.323847907902426, 40.71686603329249 ], [ -8.324438571651381, 40.715057388240659 ], [ -8.324731253005037, 40.714487601932895 ], [ -8.325793625704165, 40.712207556248629 ], [ -8.326331490881884, 40.711193048160958 ], [ -8.325818198055247, 40.71056509487034 ], [ -8.324735694371956, 40.709442375490489 ], [ -8.324014510339167, 40.708689954707253 ], [ -8.322602925577462, 40.707301031593339 ], [ -8.322330793711455, 40.706939932724254 ], [ -8.321549503355909, 40.705922489374728 ], [ -8.321199387231566, 40.705639229838063 ], [ -8.320046165169288, 40.70539627893222 ], [ -8.318642685383393, 40.705027737744047 ], [ -8.31752065144059, 40.704800737805229 ], [ -8.317349513404871, 40.704705019486369 ], [ -8.317217373849703, 40.70463040158959 ], [ -8.317168078427049, 40.704605718894896 ], [ -8.316993889010554, 40.704517931191603 ], [ -8.316065314266941, 40.704112212487821 ], [ -8.314911791818504, 40.703916756667063 ], [ -8.314266908110945, 40.703871674265699 ], [ -8.313840155917168, 40.703848397704014 ], [ -8.313771985646392, 40.703800148858328 ], [ -8.313758198816993, 40.70377765770057 ], [ -8.313636017342176, 40.703623596985388 ], [ -8.313251739545397, 40.703074625399474 ], [ -8.313056101988639, 40.702624143585403 ], [ -8.313015199785706, 40.702334609779442 ], [ -8.312940161276629, 40.701932923828679 ], [ -8.312865360759947, 40.701577614577701 ], [ -8.312543611603104, 40.700868708874751 ], [ -8.312294798814007, 40.700002453671772 ], [ -8.312033605545862, 40.699366569251126 ], [ -8.311699536148149, 40.698732872600608 ], [ -8.311331085475189, 40.697983422377781 ], [ -8.311022358880432, 40.697133561100166 ], [ -8.310087389603973, 40.695348957145953 ], [ -8.31007385334466, 40.695330158123618 ], [ -8.309603295426921, 40.694876674369816 ], [ -8.30916782653749, 40.694445107617554 ], [ -8.308827582695118, 40.694095247126008 ], [ -8.308494941411858, 40.693709712926854 ], [ -8.30811245246877, 40.693309037378775 ], [ -8.308058848782798, 40.693306327036346 ], [ -8.307459140754634, 40.692900848943367 ], [ -8.307082849267351, 40.692648110033851 ], [ -8.306723241229287, 40.692529973911995 ], [ -8.30694455222366, 40.692468579937525 ], [ -8.316114641712151, 40.691826969074278 ], [ -8.324284471509502, 40.691618996039587 ], [ -8.327818817640862, 40.69152856476915 ], [ -8.327978872671354, 40.691524331575167 ], [ -8.328020846729734, 40.691556046960692 ], [ -8.328054841313579, 40.691570395940666 ], [ -8.328084434456365, 40.691575659883341 ], [ -8.328403997445111, 40.691624099459624 ], [ -8.328535474056681, 40.69163711449513 ], [ -8.328571661749811, 40.691633091885812 ], [ -8.32860254118161, 40.691632766747112 ], [ -8.328636343793525, 40.69162226357583 ], [ -8.328662209884918, 40.691605921416354 ], [ -8.32868686842861, 40.691583637923479 ], [ -8.328758037524391, 40.691526423135073 ], [ -8.328792412214339, 40.691508083601434 ], [ -8.329063829502935, 40.691397846440559 ], [ -8.329137135029798, 40.691383944176629 ], [ -8.329447167744119, 40.691327401054636 ], [ -8.329760519024697, 40.691275894309591 ], [ -8.33008761385423, 40.691228956773415 ], [ -8.330395739591408, 40.69117016037773 ], [ -8.330471286535648, 40.691154270510715 ], [ -8.330792601034139, 40.691113736288187 ], [ -8.331133429609253, 40.691110354309984 ], [ -8.33144965931899, 40.691111517044057 ], [ -8.331521017716989, 40.691118689472518 ], [ -8.331558085706577, 40.691132402682555 ], [ -8.331634273032391, 40.691171348479813 ], [ -8.331663801320303, 40.691194982944296 ], [ -8.331688249639562, 40.691219435698379 ], [ -8.331703700095641, 40.69124444333135 ], [ -8.331711468536245, 40.691270902293404 ], [ -8.331712736615051, 40.691299537265834 ], [ -8.331721570634272, 40.691363724007992 ], [ -8.331736090844165, 40.691393774297396 ], [ -8.331755577956782, 40.69142156746264 ], [ -8.331797009760793, 40.691470486672031 ], [ -8.332021804009216, 40.691631374818989 ], [ -8.332055922983457, 40.691647070470836 ], [ -8.332323005052601, 40.691749623884711 ], [ -8.332354244651739, 40.691750651489635 ], [ -8.332617827556513, 40.691749110283233 ], [ -8.332651402810599, 40.691742298425098 ], [ -8.332757795340184, 40.691715096458395 ], [ -8.332788294706805, 40.691707927874013 ], [ -8.332994981269918, 40.691669928852747 ], [ -8.333293938704537, 40.691670758933455 ], [ -8.333343622807725, 40.691669589459224 ], [ -8.333377452818942, 40.691666109739401 ], [ -8.333490001541026, 40.691642045505937 ], [ -8.333521567388727, 40.691634699277145 ], [ -8.333553469952969, 40.691621675633513 ], [ -8.333580989185746, 40.691605868008189 ], [ -8.333649157203437, 40.691574232633911 ], [ -8.333768709944769, 40.691518006817141 ], [ -8.33381984851936, 40.691488652215973 ], [ -8.3338782775403, 40.691446049202618 ], [ -8.33389429275973, 40.691421253694777 ], [ -8.333931505980695, 40.691364906127539 ], [ -8.333973858777531, 40.691324853359212 ], [ -8.334221675365553, 40.691158726995717 ], [ -8.334435843663476, 40.690975368063263 ], [ -8.334507890244801, 40.690897884895833 ], [ -8.334520364389128, 40.690875894264806 ], [ -8.33458141548282, 40.690760700615073 ], [ -8.334607249902739, 40.690736793784239 ], [ -8.334822384929144, 40.690561353332086 ], [ -8.335010373440307, 40.69037047656105 ], [ -8.335178273457284, 40.69018449649991 ], [ -8.335381228370991, 40.690011063737458 ], [ -8.335460707026407, 40.689967608070255 ], [ -8.33549972294978, 40.689958803821149 ], [ -8.33555613747231, 40.689954200554091 ], [ -8.335861868423555, 40.689889456691866 ], [ -8.335872034451127, 40.689887183958007 ], [ -8.335938989773183, 40.689885717382751 ], [ -8.336102945106907, 40.689880560160979 ], [ -8.336141405929579, 40.689885357993539 ], [ -8.336174773335307, 40.689886107968682 ], [ -8.336206841975997, 40.68989082246857 ], [ -8.336238103999749, 40.689899501528906 ], [ -8.336269017600305, 40.689910703525982 ], [ -8.336368189708923, 40.68996230566902 ], [ -8.336393094085858, 40.689982253171436 ], [ -8.336436998202037, 40.690024046931079 ], [ -8.336454102651151, 40.690046262136292 ], [ -8.336545043065339, 40.690189908172066 ], [ -8.336619880748119, 40.690290539882866 ], [ -8.336728125675522, 40.690521057295229 ], [ -8.336788252707565, 40.69076075195656 ], [ -8.336791261641975, 40.691008388109417 ], [ -8.336825617463562, 40.691255421432949 ], [ -8.336889047298261, 40.691491961095629 ], [ -8.336895972856246, 40.691703566258909 ], [ -8.336930064675757, 40.691787614704729 ], [ -8.337070061161862, 40.691993398072782 ], [ -8.33709356824996, 40.69202037277087 ], [ -8.337320805725401, 40.692203668080282 ], [ -8.33742820165507, 40.692271014584271 ], [ -8.337454416645558, 40.692293209906303 ], [ -8.337482257357413, 40.692306937541943 ], [ -8.337773549608887, 40.692389172172291 ], [ -8.338054193517642, 40.692509969535841 ], [ -8.338360748435411, 40.692593522750101 ], [ -8.338556982598332, 40.692619648731991 ], [ -8.338691370923975, 40.692617963285869 ], [ -8.338725919123387, 40.692617900860562 ], [ -8.338904578064117, 40.692623794256455 ], [ -8.338933227168145, 40.692629419104634 ], [ -8.338961525614135, 40.692637197692349 ], [ -8.338998489198863, 40.692652353113907 ], [ -8.33902611289178, 40.69267229518838 ], [ -8.339051389026912, 40.692696739495346 ], [ -8.339252157390689, 40.692886027864624 ], [ -8.339376838281451, 40.69303411389631 ], [ -8.339416000724231, 40.693034043920825 ], [ -8.339434801250317, 40.693031754543824 ], [ -8.339419774737268, 40.693108056460126 ], [ -8.339379357997052, 40.693311011947593 ], [ -8.339355639440104, 40.693598047084159 ], [ -8.339370622367237, 40.693660244704304 ], [ -8.339376356414352, 40.69379053655183 ], [ -8.339376323902849, 40.693818357886499 ], [ -8.339371796753818, 40.693846555560071 ], [ -8.339379656009323, 40.693901379014449 ], [ -8.339467812880185, 40.694134178167758 ], [ -8.339502981136839, 40.694182205268959 ], [ -8.33918018937986, 40.694359191906287 ], [ -8.338866964669474, 40.694530313571548 ], [ -8.338718766718804, 40.694584340779777 ], [ -8.338553539682009, 40.694600935963564 ], [ -8.338379387065267, 40.694600166927678 ], [ -8.338207766496081, 40.694578233834747 ], [ -8.33802861203257, 40.694529297642255 ], [ -8.338021857338642, 40.694525344683456 ], [ -8.337635017277222, 40.694307937786931 ], [ -8.3375259686434, 40.694241765991897 ], [ -8.339410561899314, 40.697177612885994 ], [ -8.339559523067184, 40.697330431519831 ], [ -8.342169735787875, 40.700011074525698 ], [ -8.342186607364759, 40.700033822363672 ], [ -8.342198629521345, 40.70005523722277 ], [ -8.342207819332918, 40.700080520396945 ], [ -8.342228782239115, 40.700125507908751 ], [ -8.342243637410261, 40.700146282771762 ], [ -8.342353793291853, 40.700294392600973 ], [ -8.342374794307364, 40.700314073894468 ], [ -8.342400908689561, 40.700340771690136 ], [ -8.34252017160242, 40.700451944852325 ], [ -8.343479436210506, 40.701953208751512 ], [ -8.343466510988421, 40.702130542590588 ], [ -8.343396852861746, 40.702252780359331 ], [ -8.343376599615741, 40.70228379476935 ], [ -8.343460343240015, 40.702312005552479 ], [ -8.34353313950389, 40.702357526007368 ], [ -8.343567462462307, 40.702397084948728 ], [ -8.343579374734512, 40.702423536403344 ], [ -8.343589277675449, 40.702598034340603 ], [ -8.343611599322211, 40.702845545427316 ], [ -8.343666984663017, 40.703071466826202 ], [ -8.343679596763787, 40.703093146993858 ], [ -8.343712138006161, 40.703131897777922 ], [ -8.343730656832998, 40.703150139826242 ], [ -8.343746457203075, 40.703170102301527 ], [ -8.343758480939991, 40.70319205548742 ], [ -8.343769471884523, 40.70333800616168 ], [ -8.343721461667933, 40.703570871761343 ], [ -8.343639940809133, 40.703795158964844 ], [ -8.343570496615595, 40.704023021620095 ], [ -8.343547443459322, 40.704252600687695 ], [ -8.343555799796503, 40.704499950764522 ], [ -8.343580791137734, 40.704732685860861 ], [ -8.343581943189879, 40.704757717908059 ], [ -8.343586866251599, 40.704781570617257 ], [ -8.343598888513055, 40.704802979008299 ], [ -8.34368218400291, 40.704874596762544 ], [ -8.343816112678359, 40.705018161860117 ], [ -8.343939901027396, 40.70524728915408 ], [ -8.344048091968721, 40.705480586246345 ], [ -8.344178720115822, 40.705702142796881 ], [ -8.344197842452044, 40.705724621452312 ], [ -8.344219911212877, 40.705742589471157 ], [ -8.344247672716197, 40.705764240961017 ], [ -8.345049600963046, 40.705914672008582 ], [ -8.345148923734698, 40.705926912137876 ], [ -8.345233944028241, 40.705945573875944 ], [ -8.345315930437092, 40.705976941902918 ], [ -8.345346971698934, 40.705990123217134 ], [ -8.345404087179958, 40.706014779485663 ], [ -8.34568433236115, 40.706137807272704 ], [ -8.345958055173353, 40.706255715303712 ], [ -8.345986391220874, 40.706272861869962 ], [ -8.346018983641279, 40.706287388203698 ], [ -8.346277650742826, 40.706396678356427 ], [ -8.346537128988233, 40.706499208110252 ], [ -8.346645116863955, 40.706557272220763 ], [ -8.346671227051393, 40.706581356651142 ], [ -8.346690241887275, 40.706607255220071 ], [ -8.346701808476324, 40.706634517429151 ], [ -8.346708532336903, 40.706664942178413 ], [ -8.346740376863488, 40.7067430446956 ], [ -8.34675136405459, 40.706772651094511 ], [ -8.346823377080254, 40.706977381694635 ], [ -8.346842020353737, 40.706998416377473 ], [ -8.347053139021092, 40.707184605273547 ], [ -8.347296396442905, 40.707357228326131 ], [ -8.347532026372216, 40.707511493755163 ], [ -8.34777357082182, 40.707630085766247 ], [ -8.348025989809699, 40.70781673455825 ], [ -8.348092862477367, 40.707858031627246 ], [ -8.348129006059562, 40.707873989759563 ], [ -8.348400241726264, 40.707949482645681 ], [ -8.348441537556322, 40.707949948630869 ], [ -8.348614454209418, 40.707958086237532 ], [ -8.348651643212605, 40.707968644607149 ], [ -8.348690854363953, 40.707982438317075 ], [ -8.348929272774884, 40.708118680997266 ], [ -8.349128816606656, 40.708311374955542 ], [ -8.349213416234477, 40.708453039468758 ], [ -8.352269585400483, 40.709433455036475 ] ] ] } },
{ "type": "Feature", "properties": { "dtmnfr": "011713", "freguesia": "Dornelas", "municipio": "Sever do Vouga", "distrito_i": "Aveiro", "nuts3_cod": "191", "nuts3": "Região de Aveiro", "nuts2": "Centro", "nuts1": "Continente", "area_ha": 904.2, "perimetro_": 13, "designacao": "Dornelas" }, "geometry": { "type": "Polygon", "coordinates": [ [ [ -8.357375213770501, 40.786861634228416 ], [ -8.361593406136723, 40.777993225498932 ], [ -8.367566808994512, 40.775993860658104 ], [ -8.367592958859275, 40.775985971397603 ], [ -8.36800142319615, 40.77586104945312 ], [ -8.371309267590886, 40.775039902342655 ], [ -8.390434401673053, 40.774623111701757 ], [ -8.402518521478878, 40.77435292348143 ], [ -8.407999737882404, 40.775002112262925 ], [ -8.408013691512634, 40.775027620729027 ], [ -8.408050455910008, 40.775070083442124 ], [ -8.408093610660906, 40.775109023479295 ], [ -8.408139370120603, 40.775146202223233 ], [ -8.408186192577148, 40.775182618395284 ], [ -8.40823157772622, 40.775220060939532 ], [ -8.408273721307417, 40.775259630965408 ], [ -8.408312487542489, 40.775301149601262 ], [ -8.40834809414822, 40.775344272341265 ], [ -8.408380880929876, 40.775388674198737 ], [ -8.408393737155578, 40.775407977206854 ], [ -8.408400894945496, 40.775428818349063 ], [ -8.408399245181938, 40.775450417108175 ], [ -8.408399020215549, 40.775455606309755 ], [ -8.408398340296998, 40.775460774984666 ], [ -8.408395689577912, 40.775467162231088 ], [ -8.408391639347792, 40.775473127781233 ], [ -8.408387777551614, 40.775479115394162 ], [ -8.408384227742035, 40.775485212123407 ], [ -8.40838074098259, 40.775491087179823 ], [ -8.408377129663766, 40.775496918408898 ], [ -8.408373402084745, 40.775502707591777 ], [ -8.408350336474559, 40.775529967528101 ], [ -8.40832237533216, 40.775554702434235 ], [ -8.408291623318435, 40.775577416969398 ], [ -8.408266165732032, 40.775597425485572 ], [ -8.408238917446281, 40.775616085718525 ], [ -8.408211669149006, 40.775634746845526 ], [ -8.408155401288109, 40.775667397920394 ], [ -8.408094514090132, 40.775694994678396 ], [ -8.408032807131569, 40.775721442521721 ], [ -8.407924534288004, 40.775758294815809 ], [ -8.407815150434391, 40.775793188370059 ], [ -8.407708018679051, 40.775831911679028 ], [ -8.407598712242008, 40.775866964231646 ], [ -8.407506915607307, 40.775923554561309 ], [ -8.407418698422893, 40.775983856262876 ], [ -8.407331128902106, 40.776044702058769 ], [ -8.407244569505842, 40.776106376546998 ], [ -8.407160955922111, 40.776170348346277 ], [ -8.407075918592861, 40.776233230260942 ], [ -8.407082078243706, 40.776239265177047 ], [ -8.407087814794989, 40.776245537027577 ], [ -8.407093617985856, 40.776253324256196 ], [ -8.407099419989839, 40.776261110586837 ], [ -8.407105221995172, 40.77626889691718 ], [ -8.407111025182726, 40.776276682343905 ], [ -8.407116827190785, 40.77628446867363 ], [ -8.407122629200192, 40.776292255003064 ], [ -8.407128431214657, 40.776300042232656 ], [ -8.407134234411345, 40.776307828558636 ], [ -8.407140036421136, 40.776315613986661 ], [ -8.407145838435975, 40.776323400314844 ], [ -8.407151641636737, 40.776331186639915 ], [ -8.407157443654295, 40.776338972967501 ], [ -8.407163245673221, 40.776346759294768 ], [ -8.407169047693495, 40.776354545621729 ], [ -8.407174850899688, 40.77636233194557 ], [ -8.40718065292268, 40.776370118271906 ], [ -8.407186456131592, 40.776377904595158 ], [ -8.407192258153596, 40.776385690020405 ], [ -8.407198060180674, 40.776393476345838 ], [ -8.4072037593304, 40.776401306139192 ], [ -8.407209245620439, 40.776409223786025 ], [ -8.407214558059646, 40.776417209382814 ], [ -8.407219736841462, 40.776425243023162 ], [ -8.407224826919746, 40.776433310192353 ], [ -8.407229868502785, 40.776441394585959 ], [ -8.407234905348833, 40.776449478990578 ], [ -8.40723998122354, 40.776457547993793 ], [ -8.407245098496047, 40.776465601589997 ], [ -8.40725016845415, 40.776473671507311 ], [ -8.407255184005288, 40.776481761364558 ], [ -8.40726014041863, 40.776489872973997 ], [ -8.407265029402261, 40.776498006355347 ], [ -8.407269847417279, 40.776506165118981 ], [ -8.407274588540895, 40.776514349278997 ], [ -8.407279249226818, 40.776522560644828 ], [ -8.407283821190495, 40.776530801037154 ], [ -8.407288302062815, 40.77653907046161 ], [ -8.407292677640147, 40.776547371653443 ], [ -8.407296788195875, 40.776555750917538 ], [ -8.407300587558071, 40.776564214667083 ], [ -8.407304097000541, 40.776572751145103 ], [ -8.407307336612552, 40.776581348597446 ], [ -8.407310331232742, 40.77658999796013 ], [ -8.407313105696021, 40.776598689268681 ], [ -8.407315686029284, 40.776607414356853 ], [ -8.407318099458843, 40.776616168657434 ], [ -8.407320370827033, 40.776624944006926 ], [ -8.407322527360172, 40.776633735838196 ], [ -8.407324595103734, 40.77664254048733 ], [ -8.407326602468611, 40.776651353384374 ], [ -8.407328577861996, 40.776660169058857 ], [ -8.407330543786834, 40.776668986556743 ], [ -8.407332474193902, 40.776677808641487 ], [ -8.40733423764507, 40.776686647331857 ], [ -8.407335832955717, 40.776695502630687 ], [ -8.407337267222031, 40.77670437181964 ], [ -8.407338547536517, 40.776713251279858 ], [ -8.407339682187326, 40.776722140091167 ], [ -8.407340679451528, 40.776731034631901 ], [ -8.407341547628398, 40.776739936683327 ], [ -8.407342296183272, 40.776748843521524 ], [ -8.407342929846953, 40.776757753334195 ], [ -8.407343459280451, 40.77676666609603 ], [ -8.407343890402833, 40.776775580892462 ], [ -8.407344233875113, 40.776784497698166 ], [ -8.40734449561638, 40.776793415598569 ], [ -8.407344683914825, 40.776802333673494 ], [ -8.407344807066066, 40.776811252803704 ], [ -8.407344873365734, 40.776820173870007 ], [ -8.407344866207682, 40.77682909150888 ], [ -8.407344616177108, 40.776838000719913 ], [ -8.407343910000627, 40.776846889402961 ], [ -8.407342531950437, 40.776855724752295 ], [ -8.407340261441897, 40.776864445157784 ], [ -8.407336884838415, 40.776872950271368 ], [ -8.407332245199475, 40.776881099988344 ], [ -8.407326273149769, 40.776888731483453 ], [ -8.407319280136845, 40.77689582150407 ], [ -8.407311729825153, 40.776902490515333 ], [ -8.407303707569968, 40.776908754523291 ], [ -8.407295307177758, 40.776914668235307 ], [ -8.407286619034604, 40.77692031878474 ], [ -8.407277728877155, 40.776925814927957 ], [ -8.407268717722316, 40.776931269935126 ], [ -8.407259672494956, 40.77693679346028 ], [ -8.407250602749292, 40.776942404391171 ], [ -8.407241471460219, 40.776948028974978 ], [ -8.407232312920909, 40.776953652722327 ], [ -8.407223143700442, 40.776959271991807 ], [ -8.407213972101898, 40.776964889465212 ], [ -8.40720480643574, 40.776970509625272 ], [ -8.407195662093931, 40.776976130634473 ], [ -8.407186566277071, 40.776981741622244 ], [ -8.407176764165898, 40.77698641867029 ], [ -8.407166601775758, 40.776990478832197 ], [ -8.407157391304022, 40.77699557500565 ], [ -8.407153628872882, 40.777003594761581 ], [ -8.407154885481258, 40.777012475180172 ], [ -8.407156140905412, 40.777021355601555 ], [ -8.407157397514471, 40.777030236020096 ], [ -8.407211031326522, 40.777113154272023 ], [ -8.40729196708717, 40.777187327743569 ], [ -8.407374747662061, 40.777260407171511 ], [ -8.407451432209992, 40.777337147143321 ], [ -8.407514322768822, 40.777420876202505 ], [ -8.407573693168855, 40.777506111124715 ], [ -8.407633403134865, 40.777591209232149 ], [ -8.407684101115912, 40.777679238255487 ], [ -8.407701235560303, 40.777774016203288 ], [ -8.407705959368464, 40.77787030499622 ], [ -8.407722716997133, 40.777965610624904 ], [ -8.407742095591729, 40.77806048407713 ], [ -8.407765573206152, 40.778154556232039 ], [ -8.407791463993293, 40.778248071532602 ], [ -8.407816980050939, 40.778341760613195 ], [ -8.407835331758031, 40.778436613975401 ], [ -8.407850123141046, 40.77853188733652 ], [ -8.407882893859863, 40.778624410992506 ], [ -8.407920308043222, 40.778716001471217 ], [ -8.407957723510876, 40.778807591032702 ], [ -8.407977376534294, 40.778870325051052 ], [ -8.40799703077961, 40.778933059062432 ], [ -8.408017898384248, 40.778995573159548 ], [ -8.408040381733967, 40.779057773631969 ], [ -8.408062224749058, 40.779120095391022 ], [ -8.408079705480469, 40.779183141633467 ], [ -8.408092494172571, 40.779246810490427 ], [ -8.408098986404729, 40.779310996826609 ], [ -8.408101822379997, 40.779375341356946 ], [ -8.408114781402841, 40.779438646903245 ], [ -8.408138375854225, 40.779499909087775 ], [ -8.408142346822981, 40.779563123488252 ], [ -8.408104523229902, 40.77961373958955 ], [ -8.408080507403749, 40.779671209775572 ], [ -8.408068071848087, 40.779734855885309 ], [ -8.408060978730804, 40.779798738701686 ], [ -8.408062294766061, 40.779862784282152 ], [ -8.408060786351164, 40.779927045506689 ], [ -8.408058707381597, 40.779991413447995 ], [ -8.408060497864152, 40.780051005841244 ], [ -8.408094410572318, 40.780107368155271 ], [ -8.408122458474063, 40.78016637838779 ], [ -8.408151010154171, 40.780225164089011 ], [ -8.408153335202915, 40.780287678215743 ], [ -8.408151534936648, 40.780350379571928 ], [ -8.408148228195328, 40.780397666217929 ], [ -8.408135490648641, 40.780444118067379 ], [ -8.408138145991897, 40.780491358085044 ], [ -8.408146256202922, 40.780538212295909 ], [ -8.408147535296296, 40.780585235871541 ], [ -8.408187178828694, 40.78064484429089 ], [ -8.40821643448913, 40.780707658914579 ], [ -8.408253320201803, 40.780767816883696 ], [ -8.408301979454228, 40.780822920193621 ], [ -8.408336416553713, 40.780882482442507 ], [ -8.408396453309983, 40.780981485687633 ], [ -8.408459232978023, 40.781079979877923 ], [ -8.408501975004279, 40.781184633521399 ], [ -8.408539030945708, 40.781290463259289 ], [ -8.408574817450136, 40.781396388764641 ], [ -8.408608018110851, 40.781502063788807 ], [ -8.408629073382501, 40.781609944299333 ], [ -8.408647776025683, 40.781718121281671 ], [ -8.408592302723086, 40.781811227256604 ], [ -8.408501951815531, 40.781895794191747 ], [ -8.408450709913296, 40.781996388429611 ], [ -8.408402588512505, 40.782098188167176 ], [ -8.408331916933395, 40.78219199213212 ], [ -8.408274483378838, 40.782290558728569 ], [ -8.408248973496594, 40.782397270714092 ], [ -8.408263429403675, 40.782501601945263 ], [ -8.408304735403497, 40.782602901109613 ], [ -8.408315352424092, 40.782709655715202 ], [ -8.408297206101016, 40.782816575266423 ], [ -8.408288502355925, 40.782921657796734 ], [ -8.408249062999369, 40.783030443510519 ], [ -8.408197297352739, 40.783133896139695 ], [ -8.408155996379717, 40.783245218450404 ], [ -8.408118994445271, 40.78335796048669 ], [ -8.408100172775532, 40.783471586697708 ], [ -8.408073601297753, 40.783606598337414 ], [ -8.408028368817932, 40.78373166612635 ], [ -8.407928120102543, 40.783836664105451 ], [ -8.407811617370223, 40.783940321130039 ], [ -8.407702614477127, 40.784047680137817 ], [ -8.407660598970413, 40.784091118273466 ], [ -8.407630837622493, 40.784139932918904 ], [ -8.407601644952676, 40.784189050571179 ], [ -8.407559358258764, 40.784233128666159 ], [ -8.407535935943372, 40.78427815333103 ], [ -8.407520113803272, 40.784356353094779 ], [ -8.407510660211223, 40.784432436854956 ], [ -8.407474338478709, 40.784505629070694 ], [ -8.4074138045344, 40.784568127811411 ], [ -8.407377270561344, 40.784641608658177 ], [ -8.407360500280991, 40.784705096547881 ], [ -8.407355275479494, 40.784772150875114 ], [ -8.407354952279427, 40.784839023358792 ], [ -8.407368723416811, 40.78490583352896 ], [ -8.407385750855273, 40.78497251709166 ], [ -8.407377411177793, 40.78501330415601 ], [ -8.407359115691285, 40.78504876413529 ], [ -8.407338223396721, 40.785081949326937 ], [ -8.407276761969833, 40.78515357401664 ], [ -8.407215296856995, 40.785225198681573 ], [ -8.407150039277079, 40.785296816110453 ], [ -8.407111502251444, 40.785376883344028 ], [ -8.407079143354455, 40.78545807052047 ], [ -8.407097848930702, 40.785588922156293 ], [ -8.407184043596198, 40.785697180366327 ], [ -8.40724599646127, 40.785824442529197 ], [ -8.407251523204836, 40.7859604186417 ], [ -8.407222902329696, 40.786095555564557 ], [ -8.407208186389955, 40.786229187139462 ], [ -8.4071238033348, 40.786341356959298 ], [ -8.407037913365906, 40.786464284009952 ], [ -8.406939625936976, 40.786579726679598 ], [ -8.40685244776795, 40.786701853402576 ], [ -8.406739394453501, 40.786805258882517 ], [ -8.406629944549888, 40.786914664715091 ], [ -8.406545516570819, 40.787031349290771 ], [ -8.406551435446547, 40.787162730152708 ], [ -8.406529297594776, 40.787294294557682 ], [ -8.406471719092071, 40.787416142826572 ], [ -8.406374944166814, 40.787528589069083 ], [ -8.406330528900568, 40.78765905354696 ], [ -8.406300001780394, 40.787787893050549 ], [ -8.406227907211269, 40.787905549528851 ], [ -8.406152687687603, 40.78802830205295 ], [ -8.404730670306229, 40.788053098830872 ], [ -8.401516529197346, 40.788317041130462 ], [ -8.40062550721883, 40.788355862125826 ], [ -8.3988086035717, 40.788045820370783 ], [ -8.398736619356962, 40.788146393125892 ], [ -8.394300109683439, 40.794318607776511 ], [ -8.394287986181755, 40.794338627094341 ], [ -8.393561633037052, 40.796167454592386 ], [ -8.393901322204588, 40.796762799136168 ], [ -8.39413359470794, 40.797641685543638 ], [ -8.394256839608699, 40.79836494357702 ], [ -8.394704813375485, 40.798950045813292 ], [ -8.394741931708761, 40.799197320963607 ], [ -8.394407952899165, 40.799122626287556 ], [ -8.393729321113724, 40.798970550355769 ], [ -8.393017625793425, 40.798697519448112 ], [ -8.391787763528647, 40.798333894713707 ], [ -8.391497436841769, 40.797995519178322 ], [ -8.390927432062929, 40.796980063559296 ], [ -8.39021663051261, 40.796926824761144 ], [ -8.388902589260315, 40.796599919423208 ], [ -8.386781299424793, 40.796183391716646 ], [ -8.386070070150204, 40.795892307771069 ], [ -8.38475963190724, 40.796499690190153 ], [ -8.384085767852783, 40.796968250454704 ], [ -8.383706604237069, 40.798627139690936 ], [ -8.383044886139025, 40.798679733754184 ], [ -8.382976771558756, 40.79868528693774 ], [ -8.382669371461738, 40.798709546928308 ], [ -8.382729566276518, 40.798772449492134 ], [ -8.376098437072216, 40.79925181818588 ], [ -8.374793070177299, 40.799345979640435 ], [ -8.373540574220671, 40.799446319631244 ], [ -8.371572861172055, 40.79939163491089 ], [ -8.371535135625559, 40.799346416227358 ], [ -8.371506161601502, 40.799354313090795 ], [ -8.371257573214807, 40.799410501252659 ], [ -8.370927477475313, 40.799485110807773 ], [ -8.370463973223877, 40.799589873205093 ], [ -8.370013384092001, 40.799691713937491 ], [ -8.369412443686864, 40.799827533078151 ], [ -8.36900714316816, 40.799919133961225 ], [ -8.367383736231648, 40.799922464842759 ], [ -8.367382078099197, 40.799454214109929 ], [ -8.36689772512276, 40.798726218715018 ], [ -8.366461995318964, 40.798071289814004 ], [ -8.365421731985721, 40.796507650006696 ], [ -8.364588961239379, 40.795255837110226 ], [ -8.364306412232986, 40.79483109907305 ], [ -8.363355819897436, 40.793402091990679 ], [ -8.363289935404149, 40.793377791207938 ], [ -8.363209162875918, 40.79331018826273 ], [ -8.363182896656012, 40.793288203725915 ], [ -8.362888177606841, 40.792996149039993 ], [ -8.362694706112082, 40.792796988957882 ], [ -8.362515027106918, 40.792609420211221 ], [ -8.362324318192734, 40.792419800148814 ], [ -8.362149384827262, 40.79223275808728 ], [ -8.361975525040629, 40.792049946851947 ], [ -8.361789320721947, 40.791860050403784 ], [ -8.361599841164704, 40.791672854415069 ], [ -8.36142273423736, 40.791494853799009 ], [ -8.361236435909396, 40.791306000298178 ], [ -8.361048499069557, 40.791115482909582 ], [ -8.36086704686277, 40.79093611674935 ], [ -8.360680212181748, 40.790754086441645 ], [ -8.360488897123854, 40.790569156954064 ], [ -8.360268099585705, 40.790372238357541 ], [ -8.360070707560588, 40.790191155335506 ], [ -8.3598705230565, 40.790005263408354 ], [ -8.359671101843228, 40.789823655086458 ], [ -8.359487511602365, 40.789651735305746 ], [ -8.359285373871149, 40.789458749370468 ], [ -8.35909533129743, 40.78928416262594 ], [ -8.358947414098573, 40.789146710608463 ], [ -8.358903389142458, 40.789105678332547 ], [ -8.358725203603644, 40.78893879581814 ], [ -8.358531754103465, 40.788758584890026 ], [ -8.358318933517037, 40.788559868431733 ], [ -8.358211942619848, 40.788460526493537 ], [ -8.358046188237234, 40.788304339060623 ], [ -8.357934193290381, 40.788186621192786 ], [ -8.357661727820719, 40.787920411369768 ], [ -8.357375213770501, 40.786861634228416 ] ] ] } },
{ "type": "Feature", "properties": { "dtmnfr": "011714", "freguesia": "Paradela", "municipio": "Sever do Vouga", "distrito_i": "Aveiro", "nuts3_cod": "191", "nuts3": "Região de Aveiro", "nuts2": "Centro", "nuts1": "Continente", "area_ha": 901.29, "perimetro_": 15, "designacao": "Paradela" }, "geometry": { "type": "Polygon", "coordinates": [ [ [ -8.352992884393124, 40.709760209441669 ], [ -8.352269585400483, 40.709433455036475 ], [ -8.349213416234477, 40.708453039468758 ], [ -8.349128816606656, 40.708311374955542 ], [ -8.348929272774884, 40.708118680997266 ], [ -8.348690854363953, 40.707982438317075 ], [ -8.348651643212605, 40.707968644607149 ], [ -8.348614454209418, 40.707958086237532 ], [ -8.348441537556322, 40.707949948630869 ], [ -8.348400241726264, 40.707949482645681 ], [ -8.348129006059562, 40.707873989759563 ], [ -8.348092862477367, 40.707858031627246 ], [ -8.348025989809699, 40.70781673455825 ], [ -8.34777357082182, 40.707630085766247 ], [ -8.347532026372216, 40.707511493755163 ], [ -8.347296396442905, 40.707357228326131 ], [ -8.347053139021092, 40.707184605273547 ], [ -8.346842020353737, 40.706998416377473 ], [ -8.346823377080254, 40.706977381694635 ], [ -8.34675136405459, 40.706772651094511 ], [ -8.346740376863488, 40.7067430446956 ], [ -8.346708532336903, 40.706664942178413 ], [ -8.346701808476324, 40.706634517429151 ], [ -8.346690241887275, 40.706607255220071 ], [ -8.346671227051393, 40.706581356651142 ], [ -8.346645116863955, 40.706557272220763 ], [ -8.346537128988233, 40.706499208110252 ], [ -8.346277650742826, 40.706396678356427 ], [ -8.346018983641279, 40.706287388203698 ], [ -8.345986391220874, 40.706272861869962 ], [ -8.345958055173353, 40.706255715303712 ], [ -8.34568433236115, 40.706137807272704 ], [ -8.345404087179958, 40.706014779485663 ], [ -8.345346971698934, 40.705990123217134 ], [ -8.345315930437092, 40.705976941902918 ], [ -8.345233944028241, 40.705945573875944 ], [ -8.345148923734698, 40.705926912137876 ], [ -8.345049600963046, 40.705914672008582 ], [ -8.344247672716197, 40.705764240961017 ], [ -8.344219911212877, 40.705742589471157 ], [ -8.344197842452044, 40.705724621452312 ], [ -8.344178720115822, 40.705702142796881 ], [ -8.344048091968721, 40.705480586246345 ], [ -8.343939901027396, 40.70524728915408 ], [ -8.343816112678359, 40.705018161860117 ], [ -8.34368218400291, 40.704874596762544 ], [ -8.343598888513055, 40.704802979008299 ], [ -8.343586866251599, 40.704781570617257 ], [ -8.343581943189879, 40.704757717908059 ], [ -8.343580791137734, 40.704732685860861 ], [ -8.343555799796503, 40.704499950764522 ], [ -8.343547443459322, 40.704252600687695 ], [ -8.343570496615595, 40.704023021620095 ], [ -8.343639940809133, 40.703795158964844 ], [ -8.343721461667933, 40.703570871761343 ], [ -8.343769471884523, 40.70333800616168 ], [ -8.343758480939991, 40.70319205548742 ], [ -8.343746457203075, 40.703170102301527 ], [ -8.343730656832998, 40.703150139826242 ], [ -8.343712138006161, 40.703131897777922 ], [ -8.343679596763787, 40.703093146993858 ], [ -8.343666984663017, 40.703071466826202 ], [ -8.343611599322211, 40.702845545427316 ], [ -8.343589277675449, 40.702598034340603 ], [ -8.343579374734512, 40.702423536403344 ], [ -8.343567462462307, 40.702397084948728 ], [ -8.34353313950389, 40.702357526007368 ], [ -8.343460343240015, 40.702312005552479 ], [ -8.343376599615741, 40.70228379476935 ], [ -8.343396852861746, 40.702252780359331 ], [ -8.343466510988421, 40.702130542590588 ], [ -8.343479436210506, 40.701953208751512 ], [ -8.34252017160242, 40.700451944852325 ], [ -8.342400908689561, 40.700340771690136 ], [ -8.342374794307364, 40.700314073894468 ], [ -8.342353793291853, 40.700294392600973 ], [ -8.342243637410261, 40.700146282771762 ], [ -8.342228782239115, 40.700125507908751 ], [ -8.342207819332918, 40.700080520396945 ], [ -8.342198629521345, 40.70005523722277 ], [ -8.342186607364759, 40.700033822363672 ], [ -8.342169735787875, 40.700011074525698 ], [ -8.339559523067184, 40.697330431519831 ], [ -8.339410561899314, 40.697177612885994 ], [ -8.3375259686434, 40.694241765991897 ], [ -8.337635017277222, 40.694307937786931 ], [ -8.338021857338642, 40.694525344683456 ], [ -8.33802861203257, 40.694529297642255 ], [ -8.338207766496081, 40.694578233834747 ], [ -8.338379387065267, 40.694600166927678 ], [ -8.338553539682009, 40.694600935963564 ], [ -8.338718766718804, 40.694584340779777 ], [ -8.338866964669474, 40.694530313571548 ], [ -8.33918018937986, 40.694359191906287 ], [ -8.339502981136839, 40.694182205268959 ], [ -8.339467812880185, 40.694134178167758 ], [ -8.339379656009323, 40.693901379014449 ], [ -8.339371796753818, 40.693846555560071 ], [ -8.339376323902849, 40.693818357886499 ], [ -8.339376356414352, 40.69379053655183 ], [ -8.339370622367237, 40.693660244704304 ], [ -8.339355639440104, 40.693598047084159 ], [ -8.339379357997052, 40.693311011947593 ], [ -8.339419774737268, 40.693108056460126 ], [ -8.339434801250317, 40.693031754543824 ], [ -8.339416000724231, 40.693034043920825 ], [ -8.339376838281451, 40.69303411389631 ], [ -8.339252157390689, 40.692886027864624 ], [ -8.339051389026912, 40.692696739495346 ], [ -8.33902611289178, 40.69267229518838 ], [ -8.338998489198863, 40.692652353113907 ], [ -8.338961525614135, 40.692637197692349 ], [ -8.338933227168145, 40.692629419104634 ], [ -8.338904578064117, 40.692623794256455 ], [ -8.338725919123387, 40.692617900860562 ], [ -8.338691370923975, 40.692617963285869 ], [ -8.338556982598332, 40.692619648731991 ], [ -8.338360748435411, 40.692593522750101 ], [ -8.338054193517642, 40.692509969535841 ], [ -8.337773549608887, 40.692389172172291 ], [ -8.337482257357413, 40.692306937541943 ], [ -8.337454416645558, 40.692293209906303 ], [ -8.33742820165507, 40.692271014584271 ], [ -8.337320805725401, 40.692203668080282 ], [ -8.33709356824996, 40.69202037277087 ], [ -8.337070061161862, 40.691993398072782 ], [ -8.336930064675757, 40.691787614704729 ], [ -8.336895972856246, 40.691703566258909 ], [ -8.336889047298261, 40.691491961095629 ], [ -8.336825617463562, 40.691255421432949 ], [ -8.336791261641975, 40.691008388109417 ], [ -8.336788252707565, 40.69076075195656 ], [ -8.336728125675522, 40.690521057295229 ], [ -8.336619880748119, 40.690290539882866 ], [ -8.336545043065339, 40.690189908172066 ], [ -8.336454102651151, 40.690046262136292 ], [ -8.336436998202037, 40.690024046931079 ], [ -8.336393094085858, 40.689982253171436 ], [ -8.336368189708923, 40.68996230566902 ], [ -8.336269017600305, 40.689910703525982 ], [ -8.336238103999749, 40.689899501528906 ], [ -8.336206841975997, 40.68989082246857 ], [ -8.336174773335307, 40.689886107968682 ], [ -8.336141405929579, 40.689885357993539 ], [ -8.336102945106907, 40.689880560160979 ], [ -8.335938989773183, 40.689885717382751 ], [ -8.335872034451127, 40.689887183958007 ], [ -8.335861868423555, 40.689889456691866 ], [ -8.335681158112486, 40.689828719239983 ], [ -8.335422398545171, 40.689703377839898 ], [ -8.335191236468335, 40.689547097313877 ], [ -8.33497976822189, 40.689371247994004 ], [ -8.334763654827464, 40.689184233749138 ], [ -8.334573764475293, 40.688983934918141 ], [ -8.334560807886186, 40.688964237226365 ], [ -8.334550571780008, 40.688943991778018 ], [ -8.334512651494919, 40.688884716931263 ], [ -8.33449907825076, 40.688855474886388 ], [ -8.33449070878544, 40.688827305277357 ], [ -8.334487329771077, 40.688804798384403 ], [ -8.334485959111333, 40.688665044094165 ], [ -8.334484820667424, 40.688640550366088 ], [ -8.334488786062302, 40.688544639874472 ], [ -8.334366222764245, 40.68861941864521 ], [ -8.334243725300119, 40.688757498625471 ], [ -8.334170563694773, 40.688896303025288 ], [ -8.334097512580751, 40.68911057094207 ], [ -8.334015008354962, 40.689483885565757 ], [ -8.33393513575151, 40.689751291795652 ], [ -8.333877702046825, 40.689849098064556 ], [ -8.333775363003303, 40.690004256680886 ], [ -8.333515884072694, 40.690263333323422 ], [ -8.333362087205304, 40.690418938377306 ], [ -8.332979923933509, 40.689072007903142 ], [ -8.331693291313258, 40.684534370785137 ], [ -8.331712136382833, 40.684467700469447 ], [ -8.331853471630216, 40.684262232335811 ], [ -8.332043923803949, 40.684026958896702 ], [ -8.332216049882428, 40.683833412259155 ], [ -8.332268228565701, 40.6837582141371 ], [ -8.332398641270636, 40.683422552773003 ], [ -8.33249358137666, 40.683172494879031 ], [ -8.332495391946868, 40.683104058214731 ], [ -8.332391973535005, 40.682898023928693 ], [ -8.332257143964759, 40.682669440864188 ], [ -8.332145943699409, 40.682429288539453 ], [ -8.332091533781412, 40.682350950387153 ], [ -8.3319486348118, 40.682232419875412 ], [ -8.331756410920908, 40.682033473640637 ], [ -8.331645368267765, 40.681805210902631 ], [ -8.331599081942892, 40.681635814913712 ], [ -8.331611603292094, 40.681511166941583 ], [ -8.331586657355142, 40.681279055863726 ], [ -8.331496432953683, 40.680972232453023 ], [ -8.331460799207351, 40.680686656435775 ], [ -8.331491245512243, 40.680464538573986 ], [ -8.331522749470498, 40.680398927106658 ], [ -8.334330825810678, 40.678326915517204 ], [ -8.335913107676147, 40.677483501838822 ], [ -8.335940122136119, 40.67746013109236 ], [ -8.340931408179191, 40.677376881522335 ], [ -8.345718166399484, 40.678986202793304 ], [ -8.345982586736548, 40.679078284704822 ], [ -8.346009353137962, 40.679089758315087 ], [ -8.346038124518417, 40.679097901726941 ], [ -8.346332878616717, 40.679169933701559 ], [ -8.346664645713894, 40.679237121048438 ], [ -8.346698841583608, 40.679240387890445 ], [ -8.346732710149901, 40.679253025164236 ], [ -8.346766794036597, 40.679258632626187 ], [ -8.346799112808606, 40.679267846296902 ], [ -8.346935955945986, 40.679299920458988 ], [ -8.347227538418494, 40.679377899404308 ], [ -8.347427570460839, 40.679455238026044 ], [ -8.347572751786112, 40.679506745229737 ], [ -8.347749247637081, 40.679585747930851 ], [ -8.347778863279276, 40.679599197861386 ], [ -8.347811429179961, 40.679609764259247 ], [ -8.347842232450409, 40.679626906768959 ], [ -8.347930474842931, 40.679662759529144 ], [ -8.347955597482997, 40.679676761683396 ], [ -8.348020636353567, 40.679709060000739 ], [ -8.348197376605759, 40.679788328110199 ], [ -8.348232887173538, 40.679797540835445 ], [ -8.348267818104132, 40.679807106730394 ], [ -8.348314110324761, 40.679821068453926 ], [ -8.356474564598081, 40.683441125537868 ], [ -8.35655803139001, 40.683427994854704 ], [ -8.356668054312838, 40.68343174052022 ], [ -8.356838080190293, 40.683479498519453 ], [ -8.35708259417652, 40.683621389104744 ], [ -8.357304986397967, 40.683796549220595 ], [ -8.357524179994464, 40.683971719621837 ], [ -8.357727409165323, 40.684148087724068 ], [ -8.357882279674381, 40.684365617466881 ], [ -8.357940436254216, 40.684457804905115 ], [ -8.357965677402733, 40.684470359314467 ], [ -8.358008794816937, 40.684487746164969 ], [ -8.358049328293733, 40.684510989560124 ], [ -8.35813061633891, 40.684551084943351 ], [ -8.35817074585513, 40.684558659274863 ], [ -8.358211440275317, 40.68455938950089 ], [ -8.358355388361414, 40.684555413957099 ], [ -8.35851311059977, 40.684531779282878 ], [ -8.358754594131726, 40.68454562572186 ], [ -8.358793096257862, 40.684562748443923 ], [ -8.359022059942921, 40.684722403568273 ], [ -8.359212541392827, 40.684903841340855 ], [ -8.359246427339851, 40.684920073339157 ], [ -8.359284055399705, 40.684922786716875 ], [ -8.359324627837706, 40.68492270722912 ], [ -8.359491869417878, 40.684914002864907 ], [ -8.35953192123862, 40.684900956053859 ], [ -8.359558265689431, 40.684890190996427 ], [ -8.359652366339114, 40.684837683051846 ], [ -8.359676895575602, 40.684815931682124 ], [ -8.359715189210336, 40.684771730546601 ], [ -8.359745195097373, 40.684724038173208 ], [ -8.359754685502217, 40.684698443204752 ], [ -8.359838171524038, 40.684481617022783 ], [ -8.359890852759701, 40.684251346306588 ], [ -8.360008896203679, 40.684005995922263 ], [ -8.360228520120595, 40.683819514714607 ], [ -8.360447723367969, 40.683650237294515 ], [ -8.360602653484817, 40.683433536375674 ], [ -8.360733461428991, 40.683220218298167 ], [ -8.360881264363362, 40.682995701088693 ], [ -8.361067264138995, 40.682803976066232 ], [ -8.36112191922212, 40.682770635640736 ], [ -8.361156667435091, 40.682762732556114 ], [ -8.361186228281465, 40.682759251317606 ], [ -8.361210825677626, 40.682755780778159 ], [ -8.361242050696925, 40.682755718183813 ], [ -8.361300077357495, 40.682739842749172 ], [ -8.361505895141709, 40.682739165629734 ], [ -8.361587388072877, 40.682736748608455 ], [ -8.361911396346585, 40.68273925696279 ], [ -8.362230782971439, 40.682741405270015 ], [ -8.362560479323495, 40.682781001615972 ], [ -8.362860176149297, 40.682802641074659 ], [ -8.362977994694674, 40.68280321522348 ], [ -8.363257611370747, 40.682796167289524 ], [ -8.363581485204501, 40.68272726331228 ], [ -8.363618965488241, 40.682722412172311 ], [ -8.36365737938022, 40.682713871558605 ], [ -8.363773608973995, 40.682698959259298 ], [ -8.363813359609532, 40.682700051403238 ], [ -8.364154633091379, 40.682702784613021 ], [ -8.364457951471719, 40.682710545690433 ], [ -8.364562227873838, 40.682728882745167 ], [ -8.364592440482989, 40.682741522097622 ], [ -8.364730378715837, 40.682814453493052 ], [ -8.36487849911415, 40.682887544385594 ], [ -8.364905874012505, 40.682901538319193 ], [ -8.365023642238633, 40.682956138506789 ], [ -8.365198260858383, 40.683030348224271 ], [ -8.365238737002258, 40.68303557897346 ], [ -8.365279899473499, 40.683035762759047 ], [ -8.365438283113237, 40.683032648067751 ], [ -8.365477045506257, 40.68302194762034 ], [ -8.365502907952814, 40.683009466698685 ], [ -8.365669799929035, 40.682904850451457 ], [ -8.36571110283842, 40.682876039111392 ], [ -8.365731726334648, 40.682855466785099 ], [ -8.365758271660138, 40.682834610567859 ], [ -8.365802120405743, 40.682790578111501 ], [ -8.365954499071615, 40.682594409513513 ], [ -8.366164694460837, 40.682391371075994 ], [ -8.366355837267964, 40.682219342057913 ], [ -8.366576244727931, 40.682027537731301 ], [ -8.366808917737204, 40.681858488410946 ], [ -8.366904110393332, 40.681816332718732 ], [ -8.366957266023881, 40.681795693389283 ], [ -8.366986076411957, 40.681782123746714 ], [ -8.367008028388204, 40.681766862420965 ], [ -8.367042029356984, 40.681748240280676 ], [ -8.367270222062503, 40.681652951959514 ], [ -8.36730331837432, 40.681645592483008 ], [ -8.36757312656488, 40.681576600550009 ], [ -8.367898765091214, 40.681574313378803 ], [ -8.368020368684782, 40.681577123265711 ], [ -8.368064610266527, 40.681577576251605 ], [ -8.368144920779859, 40.681574080896489 ], [ -8.368498844392334, 40.681576141556768 ], [ -8.36873911273527, 40.68155034616175 ], [ -8.368905232220795, 40.681496515688103 ], [ -8.369059936039768, 40.681459635234809 ], [ -8.369114029905083, 40.681435299092897 ], [ -8.369134547698323, 40.681416704796327 ], [ -8.369193989842955, 40.681401904014471 ], [ -8.369390247640665, 40.681273808095881 ], [ -8.36951644189649, 40.681203402563973 ], [ -8.369707689612348, 40.681097558115368 ], [ -8.36993815910394, 40.680945076412939 ], [ -8.370169605804184, 40.680767558896541 ], [ -8.370355109420377, 40.680577258898502 ], [ -8.370438994679867, 40.680418417106559 ], [ -8.370569756186367, 40.680202834813379 ], [ -8.370652361663614, 40.679982309480998 ], [ -8.370710342686094, 40.679757336698415 ], [ -8.370734845683129, 40.6796301329965 ], [ -8.370806879559272, 40.679397834375372 ], [ -8.370822890461341, 40.679344850369922 ], [ -8.370826103126022, 40.679317560024046 ], [ -8.370837432116152, 40.679077734684313 ], [ -8.370840443493151, 40.678829638141018 ], [ -8.370845239989366, 40.678616569657791 ], [ -8.370858525885422, 40.678461835111662 ], [ -8.370890662386614, 40.678386304162402 ], [ -8.370929012023085, 40.678327692747544 ], [ -8.370980963059237, 40.678268781343441 ], [ -8.370996272955475, 40.678249301425993 ], [ -8.371195843173666, 40.678060410037425 ], [ -8.371418274764011, 40.677911634888012 ], [ -8.371519748314261, 40.677876215349507 ], [ -8.371552512009497, 40.67787641424345 ], [ -8.371859491671978, 40.677886221317358 ], [ -8.371896894165403, 40.677893978431108 ], [ -8.371973019651469, 40.677915250470974 ], [ -8.372231658244266, 40.678033490046566 ], [ -8.372251010535415, 40.678053707901491 ], [ -8.372309784068939, 40.67811662114925 ], [ -8.372456058708146, 40.678334686060239 ], [ -8.372572211898138, 40.678564881924508 ], [ -8.37265468083543, 40.67880163394544 ], [ -8.37271502289043, 40.67896900139209 ], [ -8.372843915291464, 40.679188723671508 ], [ -8.37288968516479, 40.679221315434525 ], [ -8.372928603837604, 40.679221505657374 ], [ -8.373040949877362, 40.679215056010136 ], [ -8.373073426115907, 40.679201209774 ], [ -8.373104114304569, 40.679182864682289 ], [ -8.37312416072392, 40.679166252678883 ], [ -8.373154974279085, 40.67914989024176 ], [ -8.373175969640851, 40.679132379345802 ], [ -8.373204758227873, 40.679113404215968 ], [ -8.373389024254562, 40.679010361548187 ], [ -8.373652138052655, 40.678893556602084 ], [ -8.373680933869993, 40.678876658820592 ], [ -8.373710106168881, 40.678862820189366 ], [ -8.373974874133108, 40.678746816116899 ], [ -8.374157791128452, 40.678664575974295 ], [ -8.374377994115513, 40.678587571557962 ], [ -8.374409315957463, 40.678582101224883 ], [ -8.374471980575542, 40.678574673389534 ], [ -8.37450415460563, 40.678574605226004 ], [ -8.374529225570708, 40.67857482476127 ], [ -8.374631222024124, 40.679298973911905 ], [ -8.374660499529394, 40.679543670179292 ], [ -8.374708817503334, 40.679852531328265 ], [ -8.3747160116774, 40.680269266240302 ], [ -8.374713444674356, 40.681091522254384 ], [ -8.374716019960877, 40.682157258674437 ], [ -8.374646709962642, 40.683003878739996 ], [ -8.374693571043107, 40.684243591988945 ], [ -8.374715876755618, 40.685106855119663 ], [ -8.374679540212695, 40.685590140297855 ], [ -8.374513460957372, 40.686013998264805 ], [ -8.374507031084699, 40.686294517444857 ], [ -8.374515633102316, 40.686351410884832 ], [ -8.374537444005718, 40.686396118897598 ], [ -8.374598144388711, 40.686626428330861 ], [ -8.374594412287216, 40.686805095803727 ], [ -8.374585769554722, 40.686835281012989 ], [ -8.37457297961034, 40.686864573483213 ], [ -8.374554978826895, 40.686891628272264 ], [ -8.37453247252823, 40.686915537087934 ], [ -8.37450876593071, 40.686935306956883 ], [ -8.374469512811091, 40.6869728520984 ], [ -8.374455761904745, 40.686998453566694 ], [ -8.374445447248634, 40.68702495376489 ], [ -8.374414764486895, 40.68707652534755 ], [ -8.37439373917349, 40.687118802372623 ], [ -8.374387670170506, 40.687140699283177 ], [ -8.374383755460379, 40.687171146549268 ], [ -8.37438383977357, 40.687194196762334 ], [ -8.374405910210927, 40.687375421769971 ], [ -8.374424709237276, 40.687404647295864 ], [ -8.374599359957074, 40.687610764858086 ], [ -8.374642525010399, 40.687672355984304 ], [ -8.374667771221393, 40.687717871737661 ], [ -8.374681723179465, 40.687749895343906 ], [ -8.374742804900986, 40.687922845784712 ], [ -8.374754360666829, 40.687944523919818 ], [ -8.374763670501114, 40.687967017214746 ], [ -8.374817899963723, 40.688079196543988 ], [ -8.374839335962838, 40.688116518377186 ], [ -8.374930221451367, 40.688255635331451 ], [ -8.375054565809084, 40.688453485477176 ], [ -8.375191567073447, 40.688650765034581 ], [ -8.375223100600328, 40.688701847942177 ], [ -8.375234432679843, 40.688727667945763 ], [ -8.375248834221892, 40.68875041707129 ], [ -8.375286612751456, 40.688891629823907 ], [ -8.37521792844273, 40.690364633409082 ], [ -8.375526455648634, 40.691171366862584 ], [ -8.375604060798231, 40.691268006987578 ], [ -8.37564035221058, 40.691357709871149 ], [ -8.37564164647767, 40.691388054362562 ], [ -8.37564085682668, 40.691495577897271 ], [ -8.375640939423226, 40.691518357942208 ], [ -8.375643599135591, 40.691761490230427 ], [ -8.375644122147905, 40.691871799881973 ], [ -8.375648261602336, 40.691902766949916 ], [ -8.375644582497857, 40.691932851733178 ], [ -8.375644801341899, 40.691992554225685 ], [ -8.37567031205022, 40.69201249286656 ], [ -8.375691433516232, 40.69203045780003 ], [ -8.375830140475507, 40.692174243459554 ], [ -8.37584997846708, 40.692195813104014 ], [ -8.375993478170669, 40.692388307906526 ], [ -8.376170504860047, 40.692594145947645 ], [ -8.376227042428436, 40.692686055473708 ], [ -8.376241794193151, 40.692708809124419 ], [ -8.376360366897819, 40.692910629400863 ], [ -8.376406803454866, 40.692959516617378 ], [ -8.376429828002079, 40.692978830869102 ], [ -8.376644430418619, 40.693138571978274 ], [ -8.376888021414421, 40.693329951242525 ], [ -8.377105219023742, 40.693518776090023 ], [ -8.377306652134406, 40.693699254619176 ], [ -8.37752942614787, 40.693890134431086 ], [ -8.377730318080879, 40.694052065543772 ], [ -8.377863063369226, 40.694149215806192 ], [ -8.377899322944412, 40.694164631308183 ], [ -8.37816482015452, 40.694262216474947 ], [ -8.378257485542523, 40.694270754693669 ], [ -8.378292772232438, 40.694278604249682 ], [ -8.378364156384499, 40.694290517662999 ], [ -8.378397623409679, 40.69428738212644 ], [ -8.378405883518216, 40.694281149254984 ], [ -8.378624514557796, 40.694310218554563 ], [ -8.378758795117939, 40.69478944917477 ], [ -8.378892656096902, 40.695154943368756 ], [ -8.379092540838101, 40.695457351978 ], [ -8.379209676238618, 40.695747513213462 ], [ -8.379161318680262, 40.696138794203257 ], [ -8.378897843700608, 40.696555572006716 ], [ -8.378551938913388, 40.697111471314024 ], [ -8.378222197968917, 40.697528655825209 ], [ -8.377941330739397, 40.697693327374694 ], [ -8.377428324519647, 40.697921529019027 ], [ -8.376948894906315, 40.698111836960464 ], [ -8.376717527456639, 40.698225788717671 ], [ -8.376403338643263, 40.698403137554664 ], [ -8.376056296623933, 40.698656281223492 ], [ -8.375742959693451, 40.69900391190842 ], [ -8.375611063384046, 40.699205992313331 ], [ -8.375545605038194, 40.699458537189038 ], [ -8.375563998382917, 40.699925320830268 ], [ -8.375381855438585, 40.699976131738126 ], [ -8.375001092837065, 40.700040243179942 ], [ -8.374653492299105, 40.700078705919367 ], [ -8.374139962234826, 40.700105093436726 ], [ -8.373825275104508, 40.700118449900486 ], [ -8.373494116192026, 40.700156790217996 ], [ -8.373096857919803, 40.700271354646375 ], [ -8.372633098166798, 40.700385699999615 ], [ -8.371904902646389, 40.700437916219492 ], [ -8.371010513148445, 40.700502812825 ], [ -8.370480273689534, 40.700491217904066 ], [ -8.369850646847343, 40.700479819898263 ], [ -8.369652278916886, 40.700429085688903 ], [ -8.369340529941095, 40.700304197524694 ], [ -8.36889983856331, 40.700019195721787 ], [ -8.368468255912727, 40.699733908000027 ], [ -8.368220381548408, 40.699601860779183 ], [ -8.368064623667712, 40.699553194667239 ], [ -8.367844684460504, 40.699525819033241 ], [ -8.367560486597776, 40.699526401040153 ], [ -8.36723111817675, 40.699603887420665 ], [ -8.367038956866255, 40.69966704336931 ], [ -8.366700806145726, 40.699870077050321 ], [ -8.366436042352543, 40.700149773990105 ], [ -8.366089322172643, 40.700575964903848 ], [ -8.365633263488586, 40.701135200141138 ], [ -8.365359500093769, 40.701449672339528 ], [ -8.365305279976022, 40.701645097349413 ], [ -8.365315805051527, 40.702014821639047 ], [ -8.365344664070495, 40.702450428088632 ], [ -8.365336819266014, 40.702778223756113 ], [ -8.365209999642902, 40.703225130348549 ], [ -8.365064692720951, 40.703595165954212 ], [ -8.365056336444409, 40.703776634381114 ], [ -8.365011178955042, 40.703992937274528 ], [ -8.364828860171329, 40.704237521358287 ], [ -8.364628179558615, 40.704475118002001 ], [ -8.364266981011612, 40.704729159420488 ], [ -8.363873987323549, 40.704960389439606 ], [ -8.363435084830591, 40.705226380200862 ], [ -8.363078793942261, 40.705499222409522 ], [ -8.362805096113712, 40.705806664236185 ], [ -8.362476545416857, 40.706197962588881 ], [ -8.362202963156578, 40.706540423498971 ], [ -8.361883975908887, 40.707064432475519 ], [ -8.361702411185174, 40.707533594084907 ], [ -8.361547892753846, 40.707882846910223 ], [ -8.361384014323024, 40.708162329532335 ], [ -8.361109964186932, 40.708442027753819 ], [ -8.360817571824676, 40.708617126051081 ], [ -8.360204057477414, 40.708736761306476 ], [ -8.359663430544794, 40.708751972340821 ], [ -8.358633211533268, 40.708858645711786 ], [ -8.357378619876171, 40.709035622728187 ], [ -8.356911786032068, 40.709140908406702 ], [ -8.356444973454813, 40.709288420581345 ], [ -8.356225270984126, 40.709372776370657 ], [ -8.356014791782522, 40.709421809513557 ], [ -8.355712374461026, 40.709436446386462 ], [ -8.355034022320377, 40.709353927757576 ], [ -8.354804813631874, 40.709249732725254 ], [ -8.354396910609669, 40.709180734978496 ], [ -8.354112910478207, 40.709181283529034 ], [ -8.353810650802828, 40.709244901859229 ], [ -8.353444719809559, 40.709412917977595 ], [ -8.353143073902643, 40.709588015385705 ], [ -8.352992884393124, 40.709760209441669 ] ] ] } },
{ "type": "Feature", "properties": { "dtmnfr": "011715", "freguesia": "Silva Escura", "municipio": "Sever do Vouga", "distrito_i": "Aveiro", "nuts3_cod": "191", "nuts3": "Região de Aveiro", "nuts2": "Centro", "nuts1": "Continente", "area_ha": 1514.45, "perimetro_": 21, "designacao": "Silva Escura" }, "geometry": { "type": "Polygon", "coordinates": [ [ [ -8.407999737882404, 40.775002112262925 ], [ -8.402518521478878, 40.77435292348143 ], [ -8.390434401673053, 40.774623111701757 ], [ -8.371309267590886, 40.775039902342655 ], [ -8.36800142319615, 40.77586104945312 ], [ -8.367592958859275, 40.775985971397603 ], [ -8.367566808994512, 40.775993860658104 ], [ -8.361593406136723, 40.777993225498932 ], [ -8.357375213770501, 40.786861634228416 ], [ -8.357300750190827, 40.786633867895247 ], [ -8.357219295050434, 40.786405484736022 ], [ -8.357138450885941, 40.786181060705353 ], [ -8.357059021249636, 40.785956459167515 ], [ -8.356976467614659, 40.785717627683198 ], [ -8.356899892313923, 40.785494910621026 ], [ -8.356871270883884, 40.785371148800351 ], [ -8.356854886014762, 40.785324171968291 ], [ -8.356820942644228, 40.785270574507535 ], [ -8.357017208946395, 40.785223992992378 ], [ -8.357075434803873, 40.785206770571648 ], [ -8.357105863591114, 40.785201578681637 ], [ -8.357409474984451, 40.785121918167576 ], [ -8.357430021490856, 40.785102158261957 ], [ -8.357442510657565, 40.785081332520619 ], [ -8.357442180168077, 40.785054588425176 ], [ -8.35743067808901, 40.784807878415073 ], [ -8.357398264206184, 40.784646938088706 ], [ -8.357327949123006, 40.784417990273951 ], [ -8.357268957790859, 40.784175605716534 ], [ -8.35719873196568, 40.78393909436096 ], [ -8.357130609463997, 40.783694116003858 ], [ -8.357063616290258, 40.783467773880233 ], [ -8.356997119752261, 40.783247014723855 ], [ -8.356922919608646, 40.783024832368845 ], [ -8.356849111726511, 40.78277959378255 ], [ -8.356773545405325, 40.782538317129635 ], [ -8.356680341227165, 40.782302394723907 ], [ -8.356586658932661, 40.78206394636495 ], [ -8.356500043415936, 40.781848002961738 ], [ -8.356422042072227, 40.781622491246395 ], [ -8.356348012763663, 40.781381216693056 ], [ -8.356293290186322, 40.781242555080183 ], [ -8.356209589836055, 40.781012828186647 ], [ -8.356131805685445, 40.780780472044675 ], [ -8.356083430239718, 40.780557156741295 ], [ -8.356040854226151, 40.780367593438989 ], [ -8.356154818153332, 40.78026327757334 ], [ -8.356347880376175, 40.780077400974321 ], [ -8.356533810151429, 40.779887664818645 ], [ -8.35672046610981, 40.779700718491618 ], [ -8.356927806174705, 40.779535433722174 ], [ -8.356956052024145, 40.779515930899763 ], [ -8.356985737165136, 40.779501012410371 ], [ -8.357016262794694, 40.779490507419816 ], [ -8.357079395412118, 40.779486781118315 ], [ -8.35714005478912, 40.779490536411167 ], [ -8.357458043670098, 40.779537187538551 ], [ -8.357778794276189, 40.779594011631303 ], [ -8.35800411807492, 40.77959609052121 ], [ -8.358038575997622, 40.779593501971299 ], [ -8.358258955542695, 40.779535343143984 ], [ -8.358444154350417, 40.779408642822304 ], [ -8.358626057275984, 40.779219720688744 ], [ -8.358796445715907, 40.779024792854429 ], [ -8.358870690606702, 40.778840852555035 ], [ -8.358893595342671, 40.778610373210206 ], [ -8.358907236670291, 40.778373697645804 ], [ -8.358923728142054, 40.778138098890786 ], [ -8.358932875740686, 40.777903414091895 ], [ -8.358993893243898, 40.777663223879713 ], [ -8.359149965407868, 40.777473813828578 ], [ -8.359352647026331, 40.777300970494061 ], [ -8.359561697498135, 40.777121271421485 ], [ -8.359763772252515, 40.77694581350196 ], [ -8.359780173387863, 40.776925793845997 ], [ -8.359795844665618, 40.776901897178661 ], [ -8.359799058374882, 40.776802565992796 ], [ -8.359798389153459, 40.776778887825181 ], [ -8.359793793493292, 40.776753591972309 ], [ -8.359704745164931, 40.776519912153056 ], [ -8.359694987977143, 40.776471484543379 ], [ -8.359682003219087, 40.776450708544296 ], [ -8.359574357922309, 40.776217695470692 ], [ -8.359481061031016, 40.775987897734218 ], [ -8.359382602984953, 40.775773956990406 ], [ -8.359305195725982, 40.775550427818445 ], [ -8.35922975531456, 40.775312217519129 ], [ -8.359181926197611, 40.775077912561713 ], [ -8.359170836475807, 40.77484831005107 ], [ -8.359144413595894, 40.774602802353904 ], [ -8.359144370095764, 40.774417660078925 ], [ -8.359159210915809, 40.774393140168968 ], [ -8.359178198465246, 40.774368879581658 ], [ -8.359217746972137, 40.774330257189391 ], [ -8.359242092487419, 40.77431274432999 ], [ -8.359270343101931, 40.774295846056454 ], [ -8.359445674924622, 40.774199506537556 ], [ -8.359490904268609, 40.774159167365838 ], [ -8.359508366001423, 40.774138059658171 ], [ -8.359535096359071, 40.77409244292074 ], [ -8.359551527909279, 40.774047027385535 ], [ -8.359551322097197, 40.774021994847388 ], [ -8.359546464210037, 40.773917633065977 ], [ -8.359540463755177, 40.773895404341189 ], [ -8.359522327223294, 40.773821693644997 ], [ -8.359473217865119, 40.77359441514384 ], [ -8.359415804031535, 40.773361845362615 ], [ -8.359365616964631, 40.773129527021702 ], [ -8.359311042831045, 40.772896856148783 ], [ -8.359250318443289, 40.772665374243495 ], [ -8.359219126970679, 40.772412755575154 ], [ -8.359230260686223, 40.772169066149559 ], [ -8.359266164381074, 40.772034729706597 ], [ -8.359310671846377, 40.771783676311507 ], [ -8.359362027339692, 40.771561513658149 ], [ -8.359419691065249, 40.771314576699389 ], [ -8.359470895710881, 40.771185343007616 ], [ -8.359585210943241, 40.771051484764911 ], [ -8.359770556242458, 40.770872371049329 ], [ -8.359982050738646, 40.770685460440546 ], [ -8.360078803476434, 40.770576041532649 ], [ -8.360109254771233, 40.770509882349891 ], [ -8.360116900992285, 40.770460610943168 ], [ -8.360110282222918, 40.770362114830405 ], [ -8.360094566202529, 40.770337922333006 ], [ -8.360075060642817, 40.770314637784786 ], [ -8.36000158056037, 40.770231487061992 ], [ -8.359978189471562, 40.770216044473223 ], [ -8.359925731190485, 40.770185444188741 ], [ -8.359862878974534, 40.770161702689123 ], [ -8.35983254374376, 40.770158885196579 ], [ -8.359798319086746, 40.770158952428922 ], [ -8.359665438537339, 40.770163175562345 ], [ -8.359643941802009, 40.770180955781626 ], [ -8.359627792216301, 40.770203771895247 ], [ -8.359607365441132, 40.770222721556031 ], [ -8.359582554317308, 40.770240780219154 ], [ -8.35937215964025, 40.770402654095477 ], [ -8.359164914374819, 40.770585775880853 ], [ -8.359033959186601, 40.770704445169507 ], [ -8.359007130734566, 40.770720800311828 ], [ -8.35872447250172, 40.770846345139034 ], [ -8.358691472623045, 40.770860187274991 ], [ -8.358402257854145, 40.770973314547021 ], [ -8.358127700675487, 40.771078226082857 ], [ -8.357960631498132, 40.771128706777404 ], [ -8.357929961419272, 40.771131022278759 ], [ -8.357898220085293, 40.771131084110088 ], [ -8.357798741062998, 40.771137131976374 ], [ -8.357733607710415, 40.771139508216073 ], [ -8.35771127527663, 40.771121815465499 ], [ -8.357695107259644, 40.771102483513644 ], [ -8.35767419557885, 40.771084249492809 ], [ -8.357656468600412, 40.771062038974051 ], [ -8.357644425143587, 40.771037838999518 ], [ -8.357632397811274, 40.770984645644489 ], [ -8.357650685300001, 40.77089293842316 ], [ -8.357675139486023, 40.770874881771967 ], [ -8.357706369170806, 40.770861852919722 ], [ -8.357739618281533, 40.770851613474484 ], [ -8.357810043259436, 40.770838599245742 ], [ -8.357922414497255, 40.770826492916228 ], [ -8.358236884569548, 40.770793006289672 ], [ -8.358363182225224, 40.770767452234473 ], [ -8.358397964188491, 40.770754145211328 ], [ -8.358430834720826, 40.770737424517996 ], [ -8.35852358786348, 40.770671144096333 ], [ -8.358635124794629, 40.770556383677182 ], [ -8.358662910625776, 40.770508243655549 ], [ -8.358666141669612, 40.770481221485284 ], [ -8.358661232719705, 40.770258631449352 ], [ -8.358645439026857, 40.770211654491682 ], [ -8.35858044781016, 40.769977926513405 ], [ -8.358525123185526, 40.769733285375622 ], [ -8.35847599397033, 40.769496461037498 ], [ -8.358407896064882, 40.769255714208683 ], [ -8.358369453435053, 40.769027605580476 ], [ -8.358349171009715, 40.768913914879377 ], [ -8.35835379232898, 40.768776308749686 ], [ -8.358362232248899, 40.768749548363793 ], [ -8.35837469869038, 40.768723680616468 ], [ -8.358390601742393, 40.76869798625895 ], [ -8.358509315651308, 40.768499104425523 ], [ -8.358529733714027, 40.768477990171455 ], [ -8.358553353087789, 40.768458224010246 ], [ -8.358630025047981, 40.768401252731685 ], [ -8.35866040680782, 40.76838480427854 ], [ -8.358751227537081, 40.76834248339636 ], [ -8.358991267063896, 40.768260065725684 ], [ -8.359022047404922, 40.768257484079037 ], [ -8.359052371989634, 40.768257423812727 ], [ -8.359142597087679, 40.768250222342381 ], [ -8.359339466986929, 40.768220833319937 ], [ -8.359523418886193, 40.768224792265748 ], [ -8.359555066957038, 40.768232207013163 ], [ -8.359636785704168, 40.768265542493623 ], [ -8.359665477844009, 40.768273411461209 ], [ -8.359977754560459, 40.768327362826703 ], [ -8.360177685667733, 40.768328133067463 ], [ -8.360207379239817, 40.768317362305744 ], [ -8.360231967397963, 40.768304346735071 ], [ -8.360336303834057, 40.768231825891746 ], [ -8.360355043222844, 40.768205588079518 ], [ -8.360357207146528, 40.768180549950849 ], [ -8.360343515247617, 40.767951762852931 ], [ -8.36034208542898, 40.767708992967471 ], [ -8.360346984428533, 40.767686469947968 ], [ -8.360360392521326, 40.767659160230117 ], [ -8.360378670103815, 40.767635439314923 ], [ -8.360407613579062, 40.767614580787829 ], [ -8.360433386207978, 40.767599584443836 ], [ -8.360619127875099, 40.767504390485058 ], [ -8.360655104595734, 40.767496483413886 ], [ -8.360689680490477, 40.767493536340623 ], [ -8.360723196690067, 40.767493470242137 ], [ -8.360925619571599, 40.767495945222443 ], [ -8.360953966143514, 40.767507416548767 ], [ -8.360982914867446, 40.767522490475891 ], [ -8.361039264273558, 40.767547768765859 ], [ -8.361071271100709, 40.767555539887987 ], [ -8.361360851416594, 40.767657708140604 ], [ -8.361639178859033, 40.767758998349464 ], [ -8.361934670566121, 40.767857193957809 ], [ -8.362031978593262, 40.767875817800615 ], [ -8.362063601109679, 40.767875754168571 ], [ -8.362097580038895, 40.767871727259255 ], [ -8.362132606474256, 40.767863012065035 ], [ -8.362166193677343, 40.767849076823296 ], [ -8.362195739909019, 40.767830736248335 ], [ -8.362218044638404, 40.767806196599828 ], [ -8.362230876644276, 40.767784831102055 ], [ -8.36224086743932, 40.767762836392123 ], [ -8.362283796199634, 40.767675855710237 ], [ -8.362284539326399, 40.767649109417142 ], [ -8.362278286562409, 40.767554567647089 ], [ -8.36226834111976, 40.767522173036703 ], [ -8.362203059195771, 40.767276380887559 ], [ -8.36219818039895, 40.767098000824518 ], [ -8.362210640103578, 40.767070693672643 ], [ -8.362246952120074, 40.76702190728723 ], [ -8.362274707294977, 40.767000505847697 ], [ -8.362468876038342, 40.766808402077551 ], [ -8.362678083062011, 40.766616630962886 ], [ -8.362879807368078, 40.766418750967638 ], [ -8.362987979640307, 40.766328210988675 ], [ -8.363071672875284, 40.766282388945598 ], [ -8.363106695509456, 40.76627250641473 ], [ -8.363143508787985, 40.766265674797054 ], [ -8.363181522901137, 40.766265331571283 ], [ -8.363257312151022, 40.766260947208899 ], [ -8.36329494805606, 40.766254656903371 ], [ -8.363404575709458, 40.766240115754776 ], [ -8.363540412432664, 40.766237865315276 ], [ -8.363569771088596, 40.766234111943838 ], [ -8.36363830332653, 40.76622109793184 ], [ -8.363666333020889, 40.766209785699388 ], [ -8.363925538049498, 40.76609156693786 ], [ -8.364178320466259, 40.765966517558901 ], [ -8.364422294464841, 40.765830416343611 ], [ -8.364619221821663, 40.765718265020674 ], [ -8.364644850896434, 40.76569822162292 ], [ -8.364663146118021, 40.765680175833523 ], [ -8.364679536904179, 40.765660780412261 ], [ -8.364726792081564, 40.765593151745207 ], [ -8.364726695160234, 40.765565234663384 ], [ -8.364722932702897, 40.76553768873962 ], [ -8.364712288557973, 40.765508982375145 ], [ -8.364699778638501, 40.765487668349763 ], [ -8.364631718232223, 40.76539712553609 ], [ -8.364450953992042, 40.765185876109371 ], [ -8.364273080649568, 40.764987586889909 ], [ -8.364103169978502, 40.764796577297012 ], [ -8.363940681373128, 40.764593215760776 ], [ -8.363769425726508, 40.764389779659496 ], [ -8.363599344637436, 40.76418354850162 ], [ -8.363439263722221, 40.763991975268567 ], [ -8.363401792676207, 40.763944776525832 ], [ -8.36338915042557, 40.763919229368121 ], [ -8.363356789052252, 40.763841582631336 ], [ -8.363330606895234, 40.763635690626572 ], [ -8.363321633057856, 40.763609236543047 ], [ -8.363250555026765, 40.763365166429878 ], [ -8.363201895507308, 40.763131674762093 ], [ -8.363147212271205, 40.762903514322325 ], [ -8.36312551505425, 40.762828184847336 ], [ -8.363058852263917, 40.762593651979245 ], [ -8.363049341598689, 40.762378362349921 ], [ -8.363059677523003, 40.762353041316111 ], [ -8.363120004175649, 40.762265389825693 ], [ -8.363147188695256, 40.76224984794883 ], [ -8.363175566444697, 40.762236551334219 ], [ -8.363200154239438, 40.762222186171485 ], [ -8.363229945609584, 40.762208078076377 ], [ -8.363261191342765, 40.762201533972579 ], [ -8.363322285803683, 40.762197173468365 ], [ -8.36361643803102, 40.76218866193603 ], [ -8.36364708823622, 40.762181841563319 ], [ -8.36367666082565, 40.762171970641198 ], [ -8.363845394806349, 40.762095901388847 ], [ -8.363862132954958, 40.762073712027316 ], [ -8.363864279503705, 40.76204408489523 ], [ -8.363849122816797, 40.761806112205811 ], [ -8.363796513596592, 40.761561915376234 ], [ -8.363731190684529, 40.761338097917033 ], [ -8.363706596335387, 40.761145170834517 ], [ -8.363701896471078, 40.761019921587128 ], [ -8.363718637463304, 40.760998276138707 ], [ -8.363741904906805, 40.760979319145498 ], [ -8.363928743320379, 40.760865841028149 ], [ -8.364055682184372, 40.76075923623614 ], [ -8.364086096144019, 40.760718924823578 ], [ -8.364091218391911, 40.760694691122794 ], [ -8.36409207703298, 40.76066938355401 ], [ -8.364085909893145, 40.760497134750921 ], [ -8.364078011315772, 40.760473018058775 ], [ -8.364067981411456, 40.760449353179716 ], [ -8.363972217989403, 40.76015743067375 ], [ -8.363953924496466, 40.760107129312338 ], [ -8.363920187634598, 40.759873878116224 ], [ -8.363933788549984, 40.759629638883609 ], [ -8.363950125549689, 40.759392056066844 ], [ -8.363950339466204, 40.759147843587343 ], [ -8.363950057244637, 40.759099125288884 ], [ -8.363928509091933, 40.758863420124392 ], [ -8.363916876788368, 40.758619140363358 ], [ -8.363886692880095, 40.758385345292915 ], [ -8.363876548313376, 40.758362314569894 ], [ -8.363851994690551, 40.758315899645787 ], [ -8.363831785734408, 40.758295410440788 ], [ -8.363763976375639, 40.758240076058705 ], [ -8.363734428558223, 40.7582230265009 ], [ -8.363458084792818, 40.758136863798164 ], [ -8.363392882414388, 40.758117903308033 ], [ -8.363323967028727, 40.758085083381985 ], [ -8.363092665729431, 40.757908873556389 ], [ -8.362911722552518, 40.757705728088212 ], [ -8.362834691068878, 40.757588277884061 ], [ -8.362805227881594, 40.757354479250395 ], [ -8.362821281200226, 40.75730662982199 ], [ -8.362839207378782, 40.757285792579147 ], [ -8.362861994936781, 40.757266026256588 ], [ -8.362996341069145, 40.757144729662016 ], [ -8.363176290749655, 40.756961479422777 ], [ -8.363214271582436, 40.756882614406855 ], [ -8.363212394578209, 40.756854790880205 ], [ -8.363198333401929, 40.756828075847352 ], [ -8.363180711040776, 40.756801632658984 ], [ -8.363026361799934, 40.756583937152868 ], [ -8.363007140011325, 40.756538678460835 ], [ -8.363006348409469, 40.756514456570564 ], [ -8.363004853597181, 40.756289880988312 ], [ -8.362998041585788, 40.756237845618088 ], [ -8.362967929749752, 40.756158839831954 ], [ -8.362952449417172, 40.756135010094873 ], [ -8.362917611155813, 40.756093385386471 ], [ -8.362894218744634, 40.756075966751418 ], [ -8.3628678731531, 40.756059987587754 ], [ -8.362777000610183, 40.756013167722116 ], [ -8.362477073868423, 40.755918943249263 ], [ -8.362397494593472, 40.755884256498518 ], [ -8.362190336668439, 40.755769587473154 ], [ -8.362148280867316, 40.755730231709023 ], [ -8.361991518056682, 40.755530457729058 ], [ -8.361901759644118, 40.755361253296293 ], [ -8.361884323275703, 40.755284476940176 ], [ -8.361883483666871, 40.755041614423227 ], [ -8.361915586406237, 40.754805172901129 ], [ -8.361915482312885, 40.754568252212415 ], [ -8.36188317498581, 40.754368767043118 ], [ -8.361869951859397, 40.754346823730721 ], [ -8.361847412400635, 40.754300223352814 ], [ -8.361830247190545, 40.754267570985895 ], [ -8.369752856219403, 40.748428169538009 ], [ -8.369761663648983, 40.748374481569876 ], [ -8.36976998866778, 40.748351051451955 ], [ -8.369798850337416, 40.748277238464986 ], [ -8.369798998389342, 40.748252204209599 ], [ -8.369793969307947, 40.748203682875115 ], [ -8.369774832118397, 40.748182558522743 ], [ -8.369754992861242, 40.748165128564764 ], [ -8.369738349803203, 40.748145805499099 ], [ -8.369736122734757, 40.748118793207531 ], [ -8.369736985805622, 40.748095378389031 ], [ -8.369747440290395, 40.748071767407424 ], [ -8.369770697094216, 40.748052894730172 ], [ -8.369796234213572, 40.748041318641356 ], [ -8.370063111776009, 40.747907583214285 ], [ -8.370325912703887, 40.747792498637999 ], [ -8.370356793928737, 40.74778576694743 ], [ -8.370457972027559, 40.747769167990221 ], [ -8.370490649463523, 40.74776910078684 ], [ -8.370519700374588, 40.747779757907352 ], [ -8.370542618925546, 40.747799701905315 ], [ -8.370558557055578, 40.747820199660303 ], [ -8.370574034758578, 40.747842407512955 ], [ -8.370591270463773, 40.747861191639956 ], [ -8.370617378892156, 40.747877798102671 ], [ -8.370645005586537, 40.747887829571845 ], [ -8.370676650652957, 40.747896766758004 ], [ -8.370834225566504, 40.747924356068467 ], [ -8.370873295824799, 40.747922292684116 ], [ -8.370904523052412, 40.747914302133175 ], [ -8.370934073151117, 40.747900191616665 ], [ -8.370960998871221, 40.747880959943494 ], [ -8.371032747831917, 40.747812733216641 ], [ -8.371212298675346, 40.747629466504513 ], [ -8.37137678589515, 40.747439483144717 ], [ -8.371530053774102, 40.74722277691135 ], [ -8.371640472000735, 40.74704406656457 ], [ -8.371644651746109, 40.747021549877971 ], [ -8.371691386294032, 40.746814878111131 ], [ -8.3716208371342, 40.746589087948152 ], [ -8.371596737250846, 40.746505573853291 ], [ -8.371582797401015, 40.746448510821466 ], [ -8.371569789207834, 40.746420893182822 ], [ -8.371551531133541, 40.746381043161307 ], [ -8.371525716090192, 40.746346693705561 ], [ -8.37150648865182, 40.746300631313403 ], [ -8.371503800071952, 40.746277853261645 ], [ -8.371489305760418, 40.746230608635983 ], [ -8.371479626095674, 40.746206676170345 ], [ -8.37146568545224, 40.746182839852125 ], [ -8.371441847385139, 40.74613840697274 ], [ -8.371376563597048, 40.746027961893461 ], [ -8.371343250156679, 40.74598327750153 ], [ -8.371247038301544, 40.745766819718462 ], [ -8.371225969908551, 40.745734987207442 ], [ -8.371075926420339, 40.745529896595528 ], [ -8.370968370716534, 40.74535028979259 ], [ -8.370958736601963, 40.745339054268065 ], [ -8.378123523383548, 40.743520533752651 ], [ -8.378213011998144, 40.743610393102507 ], [ -8.378447851801685, 40.743849417919336 ], [ -8.37873627092192, 40.743690853656588 ], [ -8.379191775096759, 40.743443680608692 ], [ -8.37940797850665, 40.743287342461173 ], [ -8.37957570896771, 40.74311723608173 ], [ -8.381089158780876, 40.74245048964935 ], [ -8.381100504503456, 40.742445331507085 ], [ -8.381172492658687, 40.742413656517883 ], [ -8.381436968012993, 40.742282872416538 ], [ -8.382004376814402, 40.742045534838716 ], [ -8.382254053263418, 40.741916039673356 ], [ -8.382492416080776, 40.741767210303294 ], [ -8.382751719025105, 40.741647057585233 ], [ -8.383025641307013, 40.741542637731463 ], [ -8.383057702135076, 40.741535543485192 ], [ -8.383085988487633, 40.741533498419294 ], [ -8.383188563502841, 40.741513283257078 ], [ -8.383414586490971, 40.741454257938635 ], [ -8.383702634747191, 40.741420760058801 ], [ -8.383740592305553, 40.741409149405719 ], [ -8.383792242108377, 40.741386794820706 ], [ -8.383830903739661, 40.741372571150599 ], [ -8.383856653872476, 40.741355677611388 ], [ -8.38389294051165, 40.741339571626106 ], [ -8.383925178061553, 40.741318428010572 ], [ -8.383980655710381, 40.741274090953297 ], [ -8.384048692415591, 40.741200733075736 ], [ -8.387453630571327, 40.740509842620163 ], [ -8.387518883336675, 40.74051554937806 ], [ -8.387551088344797, 40.740515477487911 ], [ -8.387761506756354, 40.740524375068524 ], [ -8.387790877460324, 40.74052710272462 ], [ -8.387844804478199, 40.740543280121614 ], [ -8.387899562954926, 40.740558918958222 ], [ -8.387934617519997, 40.7405619005795 ], [ -8.387941970681968, 40.740595653203144 ], [ -8.387952722127556, 40.740619581040711 ], [ -8.387960978654968, 40.740734919028377 ], [ -8.387960830027977, 40.740758327928191 ], [ -8.387954888438848, 40.740783917128944 ], [ -8.387925455743837, 40.740827025246396 ], [ -8.38786909628433, 40.740887393296632 ], [ -8.387671003795118, 40.741066672017993 ], [ -8.387691466274857, 40.741092560466619 ], [ -8.387707715747911, 40.741161773289512 ], [ -8.387717382149111, 40.741366882896756 ], [ -8.387722640358433, 40.741593618788059 ], [ -8.387724397319248, 40.741620625491379 ], [ -8.387730058680976, 40.741646008980112 ], [ -8.387739623565913, 40.741669848499875 ], [ -8.387768788991028, 40.741711749381764 ], [ -8.387797242856543, 40.741753018772663 ], [ -8.387852462697703, 40.741826642679186 ], [ -8.387867250472056, 40.741823279081167 ], [ -8.388020246983499, 40.74180096992113 ], [ -8.388091386381133, 40.74179765652427 ], [ -8.388127865069674, 40.741800730392896 ], [ -8.388201647445642, 40.741806508867128 ], [ -8.388240748843026, 40.741813983963716 ], [ -8.388320127495666, 40.741828667669893 ], [ -8.388352365485819, 40.741837058406944 ], [ -8.388395366415168, 40.741843177675598 ], [ -8.388424159396306, 40.741850403557599 ], [ -8.388738562753694, 40.741896983151364 ], [ -8.388887850359177, 40.741895833863474 ], [ -8.38892645767055, 40.741898541660873 ], [ -8.388965639593076, 40.741897643459467 ], [ -8.388999003329987, 40.741890815726769 ], [ -8.389034002589558, 40.741879481844663 ], [ -8.389070649931845, 40.74186444953466 ], [ -8.389240856125893, 40.741791223090694 ], [ -8.389487500905544, 40.741646321315791 ], [ -8.389625927719718, 40.741560464196873 ], [ -8.389772227541279, 40.741461083664198 ], [ -8.389993800609419, 40.741291741974933 ], [ -8.39019442832595, 40.74112785583096 ], [ -8.390437151073854, 40.740978995835476 ], [ -8.390687253112469, 40.740811032701934 ], [ -8.390712615403245, 40.740786486025634 ], [ -8.390730629592994, 40.740760867937396 ], [ -8.390744728767526, 40.740734092433939 ], [ -8.390784173706269, 40.740647827161069 ], [ -8.390794575100889, 40.740673738421599 ], [ -8.39085537138439, 40.740750141813301 ], [ -8.390886274180174, 40.740750071900401 ], [ -8.390948287774389, 40.740744624021509 ], [ -8.390981199469659, 40.740744186692908 ], [ -8.391295974535964, 40.740735916079075 ], [ -8.391318869186358, 40.740718393308242 ], [ -8.39134308544695, 40.740704022937884 ], [ -8.391370021984038, 40.740689551022435 ], [ -8.39142922681388, 40.74066105269543 ], [ -8.391620841871546, 40.740584347501176 ], [ -8.391652067564797, 40.740577794840675 ], [ -8.39168402172904, 40.740574392299699 ], [ -8.391717525711648, 40.74057314388228 ], [ -8.392040049592387, 40.740550445832433 ], [ -8.39233692813454, 40.740536898659563 ], [ -8.392404503352321, 40.74053079815026 ], [ -8.392435843596759, 40.740521453461604 ], [ -8.392712078949856, 40.740407725735572 ], [ -8.392809041295294, 40.740226236383961 ], [ -8.392928588816496, 40.740007325237087 ], [ -8.393078879853736, 40.739779069537924 ], [ -8.39323607426229, 40.739592402215195 ], [ -8.393264882710948, 40.739571805818464 ], [ -8.393328316908812, 40.739535372554172 ], [ -8.393366979864204, 40.739522589191004 ], [ -8.393510142478956, 40.739470752122173 ], [ -8.39369767875348, 40.739411255880064 ], [ -8.393907672605422, 40.739282727359885 ], [ -8.394031009773679, 40.739216352592024 ], [ -8.394061029908038, 40.739204483633308 ], [ -8.394092848948269, 40.739197302220049 ], [ -8.394128244410297, 40.739196138876586 ], [ -8.394336155197049, 40.739200706831625 ], [ -8.394596000699789, 40.739256125238335 ], [ -8.394629860049124, 40.739256318677072 ], [ -8.394841370667693, 40.739242596453764 ], [ -8.394879078748581, 40.739227651740826 ], [ -8.394913326423339, 40.739207315448446 ], [ -8.394933626234858, 40.739191146796259 ], [ -8.395095263900025, 40.738990779202197 ], [ -8.395148461952234, 40.738910963020636 ], [ -8.395321959238906, 40.738714980640715 ], [ -8.395479619951296, 40.738497962220507 ], [ -8.395655582445917, 40.738298370809844 ], [ -8.395764713541592, 40.738142151774902 ], [ -8.395774892361878, 40.738113493511193 ], [ -8.395792312925053, 40.737996929654336 ], [ -8.395790014198797, 40.737895899326567 ], [ -8.395784342359379, 40.737688260692003 ], [ -8.39584905356884, 40.737706392723105 ], [ -8.395990669603909, 40.737743440258917 ], [ -8.396023936486198, 40.737743092535773 ], [ -8.396087960347515, 40.737738169513527 ], [ -8.396118479757885, 40.737731891005026 ], [ -8.396182981176073, 40.737725885337504 ], [ -8.396216104945486, 40.737720767019006 ], [ -8.396281901409957, 40.737714135195915 ], [ -8.396312809400968, 40.737716042224996 ], [ -8.396349418809075, 40.7377227152137 ], [ -8.396464350448101, 40.737746850372886 ], [ -8.396491620678134, 40.737757234886885 ], [ -8.396518304427509, 40.737769601839943 ], [ -8.396609874790316, 40.737812972683969 ], [ -8.396645072400593, 40.73782217021072 ], [ -8.396681559226082, 40.737827757366887 ], [ -8.396756877435493, 40.73783514777778 ], [ -8.396860643572296, 40.737849229613083 ], [ -8.39691926411377, 40.737854766114836 ], [ -8.396949830090284, 40.73786028027024 ], [ -8.396984913027627, 40.737869201500871 ], [ -8.397015015554322, 40.737877868459705 ], [ -8.397110400867698, 40.737899079605228 ], [ -8.397401225550672, 40.737945144767167 ], [ -8.397429646017013, 40.737946970744474 ], [ -8.397491718938346, 40.73795700246572 ], [ -8.397679262166404, 40.737990877406951 ], [ -8.397990148711717, 40.737991603389268 ], [ -8.398094830153894, 40.737997842233106 ], [ -8.398258496383919, 40.738011241374913 ], [ -8.398572881764657, 40.737998356550229 ], [ -8.398600412459496, 40.737984514629936 ], [ -8.398657500332876, 40.737962413729576 ], [ -8.398686366064609, 40.737956222994271 ], [ -8.398716196217659, 40.737954981899392 ], [ -8.398745639832693, 40.737946449411702 ], [ -8.398772825474854, 40.737935759104943 ], [ -8.398932781342134, 40.737881632594863 ], [ -8.399147264798929, 40.737843400147803 ], [ -8.399178603056559, 40.737833516029887 ], [ -8.39930200503472, 40.737785683134142 ], [ -8.39961746678498, 40.737716510632175 ], [ -8.399863828272203, 40.737658574075077 ], [ -8.399894138983367, 40.737658236570951 ], [ -8.400184028572594, 40.737649365288028 ], [ -8.400280023698466, 40.737644099410275 ], [ -8.400312656820262, 40.737634205683555 ], [ -8.400343030514543, 40.7376218011728 ], [ -8.400367938061301, 40.737603734339544 ], [ -8.400377538935722, 40.73757642415994 ], [ -8.40037695001285, 40.737548780074889 ], [ -8.400359459583624, 40.737497943041646 ], [ -8.400332382870623, 40.737476575555512 ], [ -8.400308650534981, 40.737462582646451 ], [ -8.400125126038448, 40.737368726460126 ], [ -8.400102928355958, 40.737353024405081 ], [ -8.400080813955713, 40.737330019071692 ], [ -8.400070295693991, 40.737305553312979 ], [ -8.400069374822374, 40.737282498957342 ], [ -8.400073292846697, 40.737256288852407 ], [ -8.400084085580886, 40.737230958847057 ], [ -8.400103409835939, 40.737208135017845 ], [ -8.400131512508624, 40.737190054540001 ], [ -8.400159041365814, 40.737176213151272 ], [ -8.400190723802083, 40.73716488265373 ], [ -8.400226577525352, 40.737161377773283 ], [ -8.400258303905137, 40.737161036897497 ], [ -8.400383410857142, 40.737153987191668 ], [ -8.400415466431545, 40.73714716008579 ], [ -8.40047682640115, 40.737127926398308 ], [ -8.400568954205417, 40.737104030621595 ], [ -8.400632579438449, 40.737087312110866 ], [ -8.400891595619001, 40.736967662250962 ], [ -8.400960161086646, 40.736913203710984 ], [ -8.400973214894146, 40.736892370890857 ], [ -8.400981632656164, 40.736865335355567 ], [ -8.401636434441766, 40.736723056184715 ], [ -8.401925079720316, 40.736757586785814 ], [ -8.402004305377993, 40.736764425272675 ], [ -8.402042777243334, 40.736763797140391 ], [ -8.402235940560951, 40.736782434885853 ], [ -8.402345542358535, 40.736804957514515 ], [ -8.402383570195086, 40.73681252578502 ], [ -8.402458888155559, 40.7368179286686 ], [ -8.402536330359434, 40.736822251343618 ], [ -8.402886799641005, 40.736863931087967 ], [ -8.402921990673759, 40.736871411258413 ], [ -8.403126213846747, 40.736930362405694 ], [ -8.40342913167774, 40.736952160558403 ], [ -8.403467253748053, 40.736953419324863 ], [ -8.403504561180972, 40.736957567901108 ], [ -8.403760598231191, 40.737036654253835 ], [ -8.403796868442853, 40.737047467090711 ], [ -8.403962187255342, 40.737117765177267 ], [ -8.403999878073835, 40.737130009118218 ], [ -8.404119886676785, 40.737149179176363 ], [ -8.40415873451793, 40.737153046569098 ], [ -8.404193682332116, 40.737159449920469 ], [ -8.404221186709803, 40.737168659603377 ], [ -8.404250210478232, 40.737173904396862 ], [ -8.404282891770276, 40.737176075277183 ], [ -8.404489647472197, 40.737247084800465 ], [ -8.404533379061254, 40.737257699761543 ], [ -8.404576254067713, 40.737262910999824 ], [ -8.404615672096577, 40.737262279784524 ], [ -8.404646917865747, 40.73725932287109 ], [ -8.404743766147606, 40.737233515298357 ], [ -8.404939576090829, 40.737203519616223 ], [ -8.405023833567354, 40.737195122972999 ], [ -8.405067392766767, 40.737194208995184 ], [ -8.405196072568796, 40.737192192075064 ], [ -8.405237270980448, 40.737191823900098 ], [ -8.40535137201198, 40.737187054119914 ], [ -8.405646422042935, 40.737166089304139 ], [ -8.405958635513848, 40.737172909613008 ], [ -8.406209520633698, 40.737179070050715 ], [ -8.406534698031056, 40.737172980931206 ], [ -8.406615177536752, 40.737167475487219 ], [ -8.406737427650928, 40.737155927650711 ], [ -8.406778849862498, 40.737153845637863 ], [ -8.40681836633096, 40.737148079668188 ], [ -8.406895125189152, 40.737129078005218 ], [ -8.40693355096513, 40.737117458610804 ], [ -8.407171569759551, 40.737075466956156 ], [ -8.407209319007587, 40.737071235003633 ], [ -8.407351320811578, 40.737029200800748 ], [ -8.407388562682275, 40.737017317518742 ], [ -8.407426775949801, 40.737010200981132 ], [ -8.40774495802042, 40.737001785570143 ], [ -8.408050849094925, 40.736996821372742 ], [ -8.408090268021121, 40.736996454617248 ], [ -8.40824075932329, 40.737029591113497 ], [ -8.408401380906222, 40.737052618517069 ], [ -8.408523328369885, 40.737054216857878 ], [ -8.408601208887077, 40.737050699138727 ], [ -8.408637656451322, 40.737046918276548 ], [ -8.408672199585402, 40.737040082940133 ], [ -8.408890170394432, 40.73693239886812 ], [ -8.408916045367738, 40.736920451300641 ], [ -8.409026795158191, 40.736905325605697 ], [ -8.409351164325299, 40.736904001350567 ], [ -8.409383600691307, 40.736904193867844 ], [ -8.409417843212568, 40.736910864775012 ], [ -8.409583915827957, 40.736990607385223 ], [ -8.409619142732545, 40.737006554659615 ], [ -8.409651409001556, 40.737021693160635 ], [ -8.409890667114727, 40.737107835434976 ], [ -8.410029179903741, 40.737163509999881 ], [ -8.41024946067129, 40.737240600172655 ], [ -8.410282068341107, 40.737253217168501 ], [ -8.410312080698748, 40.737267193844282 ], [ -8.410339724213314, 40.737282614305329 ], [ -8.410362763333238, 40.73729966762594 ], [ -8.41038060681182, 40.737320516436661 ], [ -8.410521025564888, 40.737520175378371 ], [ -8.410639778148918, 40.7376373119072 ], [ -8.410696638557734, 40.737673736501065 ], [ -8.410725468426975, 40.737687981560306 ], [ -8.410977436692484, 40.737697817487202 ], [ -8.411082670812439, 40.737695584795595 ], [ -8.411109898654987, 40.737695247268022 ], [ -8.410693575489221, 40.739883193493867 ], [ -8.410413729406123, 40.741391113950698 ], [ -8.410325793865846, 40.741878675320173 ], [ -8.410353888095225, 40.742001611968711 ], [ -8.410377264412602, 40.742013083147171 ], [ -8.410492704174626, 40.742071606782815 ], [ -8.410547817118344, 40.742113706081938 ], [ -8.410555603528421, 40.742164021846861 ], [ -8.410543008676076, 40.742236993714414 ], [ -8.410524884026151, 40.742320063596679 ], [ -8.410522608948675, 40.742399403322104 ], [ -8.410524210722567, 40.742470897557105 ], [ -8.410542764909595, 40.742661303798222 ], [ -8.410552974167858, 40.742751602340114 ], [ -8.410589262440377, 40.742823012286095 ], [ -8.410656913965962, 40.742918570316938 ], [ -8.410709428016812, 40.743019121079136 ], [ -8.410722344303453, 40.743106614328511 ], [ -8.410712217234193, 40.743290161938845 ], [ -8.410689070182034, 40.743500843269551 ], [ -8.410691119636995, 40.743595386565531 ], [ -8.41070267744176, 40.74366965019636 ], [ -8.410676671562976, 40.743905553346103 ], [ -8.411019144824181, 40.7459263245985 ], [ -8.411060712829519, 40.74604301958297 ], [ -8.411008223143121, 40.746146430827402 ], [ -8.410956161365474, 40.746211303143546 ], [ -8.410784519975474, 40.746305371990353 ], [ -8.410671965206642, 40.746458729814549 ], [ -8.410522485454763, 40.746784705198941 ], [ -8.410223161730379, 40.747407581715798 ], [ -8.409923872010623, 40.748039998125385 ], [ -8.409633459633763, 40.748616115591886 ], [ -8.40828655920456, 40.751060857349501 ], [ -8.408411241493885, 40.752114939447694 ], [ -8.408620761305849, 40.753295972123908 ], [ -8.40791952712401, 40.75544081983972 ], [ -8.407892567272722, 40.757649245426705 ], [ -8.407908481294001, 40.75857446400228 ], [ -8.407964845351255, 40.76057116354049 ], [ -8.408408402039568, 40.76306238233331 ], [ -8.408999311694677, 40.766175302549918 ], [ -8.409143875012203, 40.766220427547886 ], [ -8.410370096406435, 40.765832872528776 ], [ -8.410755402510793, 40.765868495644824 ], [ -8.411189410565573, 40.766023411659177 ], [ -8.412155116896196, 40.766634656119258 ], [ -8.412913509916754, 40.766614526255431 ], [ -8.415481156045033, 40.767176077224761 ], [ -8.416231852606527, 40.767072922930808 ], [ -8.416035037231593, 40.767745440338217 ], [ -8.415936750072731, 40.768081281661836 ], [ -8.415831181609276, 40.768092185122399 ], [ -8.415883768905447, 40.768157068654666 ], [ -8.415887431318819, 40.768160744519633 ], [ -8.415892315326877, 40.768165645670805 ], [ -8.415896014373873, 40.768169301634735 ], [ -8.415899891797455, 40.768172846400205 ], [ -8.415905248326343, 40.768177452830493 ], [ -8.415910666269621, 40.768182017687131 ], [ -8.415916222381012, 40.768186485851601 ], [ -8.415920500160745, 40.768189755883782 ], [ -8.415924840504616, 40.768192976235078 ], [ -8.415930669349738, 40.768197239317352 ], [ -8.415936540685435, 40.7682014671758 ], [ -8.41594249346741, 40.768205629097949 ], [ -8.415947003791796, 40.768208713056588 ], [ -8.415951543619924, 40.768211771728772 ], [ -8.415957623865605, 40.768215826178455 ], [ -8.415962196735995, 40.7682188559533 ], [ -8.415966781408887, 40.768221875793564 ], [ -8.41597291357952, 40.768225885090231 ], [ -8.415977530110251, 40.768228876036034 ], [ -8.415982169065, 40.768231848016214 ], [ -8.415986819814608, 40.768234808260814 ], [ -8.415991478824955, 40.768237761280979 ], [ -8.415996147272804, 40.768240705272866 ], [ -8.416000839321423, 40.768243628495249 ], [ -8.416007134318406, 40.768247489709239 ], [ -8.41601348003571, 40.76825130127115 ], [ -8.416019984969321, 40.768254952153711 ], [ -8.416026716283078, 40.768258360246904 ], [ -8.416031816333774, 40.768260856532116 ], [ -8.416036942312012, 40.768263322136598 ], [ -8.416043786773244, 40.768266598478661 ], [ -8.416050610015068, 40.76826989828529 ], [ -8.416055695927172, 40.768272411713575 ], [ -8.416060687537533, 40.768275031631632 ], [ -8.416065617841591, 40.768277718336648 ], [ -8.416070465596354, 40.768280489890678 ], [ -8.416076655577895, 40.768284443209161 ], [ -8.416082465535968, 40.768288717136009 ], [ -8.416087780731708, 40.768293347072017 ], [ -8.416091446701758, 40.768297019319689 ], [ -8.416094825525038, 40.768300848958027 ], [ -8.416098928328458, 40.768306144633129 ], [ -8.416101672315744, 40.768310256783408 ], [ -8.416104096993692, 40.76831448317941 ], [ -8.416107005399915, 40.768320219425199 ], [ -8.416109623965848, 40.768326036526013 ], [ -8.416111308059042, 40.76833046644952 ], [ -8.41611282884501, 40.76833493009191 ], [ -8.416114761098921, 40.768340901059801 ], [ -8.416116577368685, 40.768346893023534 ], [ -8.416118223198092, 40.768352912420134 ], [ -8.416119341571511, 40.76835744458662 ], [ -8.416120324998531, 40.768361995093983 ], [ -8.416121470105029, 40.768368082355344 ], [ -8.416122439991316, 40.768374187155835 ], [ -8.416122956939905, 40.768378781130529 ], [ -8.41612332705963, 40.768383384470297 ], [ -8.41612353256518, 40.768387992716235 ], [ -8.416123472833684, 40.768396526884374 ], [ -8.416122690522519, 40.768405042113073 ], [ -8.416121408232268, 40.768413521647396 ], [ -8.416119617599266, 40.768421948398434 ], [ -8.416117389653728, 40.768430314087496 ], [ -8.41611483458033, 40.768438626548786 ], [ -8.416112005685205, 40.768446887452598 ], [ -8.416109019124844, 40.768455116325029 ], [ -8.416105946021309, 40.768463326499123 ], [ -8.416102740136601, 40.768471507282285 ], [ -8.416099169073382, 40.768479599811499 ], [ -8.416095250574815, 40.768487598640213 ], [ -8.416090924117256, 40.768495476001377 ], [ -8.416086346207544, 40.7685032702326 ], [ -8.416081738648195, 40.768511055531341 ], [ -8.416077108545702, 40.768518831880201 ], [ -8.416072448789739, 40.768526598396079 ], [ -8.416067728535857, 40.768534343448124 ], [ -8.416062920504295, 40.768542058098255 ], [ -8.416058041288286, 40.768549745007277 ], [ -8.416053101578134, 40.76855741135293 ], [ -8.416048095432624, 40.76856505264729 ], [ -8.416043001494062, 40.768572659937725 ], [ -8.416037836371004, 40.768580239487001 ], [ -8.416032634464946, 40.768587803817738 ], [ -8.416027382732029, 40.768595349359934 ], [ -8.416022056246037, 40.768602863567686 ], [ -8.416016664505195, 40.768610351820719 ], [ -8.416011263264895, 40.768617834693771 ], [ -8.416005852536601, 40.768625314888325 ], [ -8.416000433500907, 40.768632791500991 ], [ -8.415995008526627, 40.768640264525978 ], [ -8.415989576437012, 40.768647735767118 ], [ -8.415984139597052, 40.768655204318165 ], [ -8.415978696826155, 40.768662671082474 ], [ -8.415973248120498, 40.768670135159567 ], [ -8.415967797037149, 40.76867759744124 ], [ -8.415962343579942, 40.768685058827955 ], [ -8.415956885380016, 40.768692519325533 ], [ -8.415951424802413, 40.768699978027676 ], [ -8.415945960662688, 40.768707434937298 ], [ -8.415940485846713, 40.768714888270814 ], [ -8.415935002719504, 40.768722337121936 ], [ -8.415929511288683, 40.76872978329164 ], [ -8.415924013923101, 40.768737226774128 ], [ -8.415918511807165, 40.768744667566487 ], [ -8.415913007317341, 40.768752107463897 ], [ -8.415907500453644, 40.768759546466363 ], [ -8.415901992404301, 40.768766985471466 ], [ -8.415896484353736, 40.768774424476298 ], [ -8.415890979859023, 40.768781864372642 ], [ -8.41588547773574, 40.768789305163402 ], [ -8.415879980360355, 40.76879674864373 ], [ -8.415874487729063, 40.768804193913184 ], [ -8.415869004587181, 40.768811642761108 ], [ -8.415863528565868, 40.768819095193315 ], [ -8.415858175936789, 40.76882659775081 ], [ -8.415853461559053, 40.768834342779336 ], [ -8.415849384103375, 40.768842296063319 ], [ -8.415845869895403, 40.768850401051886 ], [ -8.415843101401022, 40.768858672606562 ], [ -8.415841145991278, 40.768867077243904 ], [ -8.415839960805927, 40.76887556284008 ], [ -8.415839739949138, 40.76888409560113 ], [ -8.415840014184296, 40.768892628049734 ], [ -8.41584071239285, 40.768901147753162 ], [ -8.415841652170192, 40.768909654257797 ], [ -8.415842743507982, 40.76891814958509 ], [ -8.415844010087101, 40.768926631876084 ], [ -8.41584543768689, 40.768935099364576 ], [ -8.415847128110503, 40.768943538293691 ], [ -8.415848967691634, 40.768951957946875 ], [ -8.415850870020913, 40.768960371142789 ], [ -8.415852858767746, 40.768968773320978 ], [ -8.415855014415673, 40.768977150776763 ], [ -8.415857341694805, 40.768985501697522 ], [ -8.41586018853174, 40.768993755892495 ], [ -8.415863856572924, 40.76900182257274 ], [ -8.415867910286673, 40.769009782049096 ], [ -8.415872020788841, 40.769017726077692 ], [ -8.415876130107572, 40.769025670109052 ], [ -8.415880239431091, 40.76903361504074 ], [ -8.41588434875179, 40.769041559071766 ], [ -8.41588845807347, 40.76904950310265 ], [ -8.415892567392307, 40.769057446232864 ], [ -8.415896677900378, 40.769065390260529 ], [ -8.415900787225008, 40.769073334290901 ], [ -8.415904896554428, 40.769081279221624 ], [ -8.415909005881025, 40.769089223251697 ], [ -8.415913115204789, 40.769097166381115 ], [ -8.415917224533342, 40.769105110410855 ], [ -8.41592133386289, 40.769113054440432 ], [ -8.415925445562269, 40.769120998464075 ], [ -8.4159295548976, 40.76912894339381 ], [ -8.415933664230087, 40.769136887422917 ], [ -8.415937773559751, 40.76914483055139 ], [ -8.415941882894204, 40.769152774580164 ], [ -8.415945992229652, 40.769160718608802 ], [ -8.415950102750507, 40.76916866263435 ], [ -8.415954999367202, 40.769178474167184 ], [ -8.415958148465672, 40.769185939682778 ], [ -8.415961297561031, 40.769193404297788 ], [ -8.415964445476495, 40.76920086981611 ], [ -8.415967594577092, 40.769208335331413 ], [ -8.415970744862824, 40.769215800843696 ], [ -8.415973094855495, 40.769221402485421 ], [ -8.41597531824085, 40.76922703415385 ], [ -8.415978038985918, 40.769234596171565 ], [ -8.415980481616403, 40.769242212000279 ], [ -8.415982732515262, 40.769249862517825 ], [ -8.415984782199354, 40.769257545946452 ], [ -8.415986683922071, 40.769265251349651 ], [ -8.415988425839073, 40.769272978756497 ], [ -8.415990031615969, 40.769280722705957 ], [ -8.415991575837314, 40.769288474910766 ], [ -8.415992707954738, 40.769294291154324 ], [ -8.415993812841947, 40.7693001101661 ], [ -8.415995259986868, 40.76930787341476 ], [ -8.415996657401383, 40.769315640387283 ], [ -8.415997859465627, 40.769323426749111 ], [ -8.41599856653451, 40.769329281855391 ], [ -8.415999072300183, 40.769335149161599 ], [ -8.415999480958012, 40.769341020307806 ], [ -8.41599977119588, 40.769346897147308 ], [ -8.415999932357447, 40.769354735587996 ], [ -8.415999792670064, 40.769362573865621 ], [ -8.41599909620512, 40.769370390995633 ], [ -8.415997988548341, 40.769376208226845 ], [ -8.415996559742766, 40.769381986623344 ], [ -8.415994853589329, 40.76938772067475 ], [ -8.41599281789666, 40.769393392499062 ], [ -8.415989103632821, 40.769400689334354 ], [ -8.415983694059788, 40.769407340165358 ], [ -8.415978736133361, 40.769411844902685 ], [ -8.415973267419455, 40.769416001498527 ], [ -8.415967483738633, 40.76941990132363 ], [ -8.415961351651912, 40.769423479624066 ], [ -8.415952623378169, 40.769427643307417 ], [ -8.415943411471481, 40.769431158916234 ], [ -8.415936312321175, 40.769433488793631 ], [ -8.415929110522812, 40.769435633419498 ], [ -8.41591944280905, 40.769438359506161 ], [ -8.415909691428425, 40.769440907498421 ], [ -8.415899796445556, 40.769443109149996 ], [ -8.415889804393146, 40.769445044491142 ], [ -8.415879772753859, 40.769446861963182 ], [ -8.415869725502649, 40.769448629044696 ], [ -8.415859662609023, 40.76945033853179 ], [ -8.41584956606223, 40.769451932836709 ], [ -8.415839423735578, 40.769453345352304 ], [ -8.415829220992338, 40.769454476159105 ], [ -8.415818995248417, 40.769455489956606 ], [ -8.415808769500352, 40.769456502852698 ], [ -8.415798543755798, 40.769457516648401 ], [ -8.415788630544391, 40.769458492757217 ], [ -8.415781272290374, 40.769459215870675 ], [ -8.415773915224449, 40.769459939881244 ], [ -8.415766558158351, 40.769460663891351 ], [ -8.415759201092103, 40.769461387900968 ], [ -8.415751844021866, 40.769462111009659 ], [ -8.415744486955292, 40.769462835018345 ], [ -8.415737129884731, 40.769463558126084 ], [ -8.415729771633401, 40.769464282136738 ], [ -8.415722418211194, 40.769465027747053 ], [ -8.415715076911633, 40.769465839063571 ], [ -8.415707740460244, 40.769466676482189 ], [ -8.415700406423316, 40.769467524700417 ], [ -8.415693078441874, 40.769468404420792 ], [ -8.415685757723226, 40.769469321043324 ], [ -8.415678445440356, 40.769470271863661 ], [ -8.41567114038973, 40.769471252382267 ], [ -8.415663841360232, 40.769472256298599 ], [ -8.415656544779457, 40.769473279118962 ], [ -8.415649253004853, 40.769474318136062 ], [ -8.415641973280286, 40.769475405750079 ], [ -8.415634704375558, 40.76947653115807 ], [ -8.415627454722783, 40.769477727657822 ], [ -8.41562023270831, 40.769479017741261 ], [ -8.415613119777309, 40.769480614627049 ], [ -8.415606176678962, 40.769482599211358 ], [ -8.415599318372724, 40.769484748378829 ], [ -8.415592603250383, 40.76948714573286 ], [ -8.415585988275746, 40.769489697727018 ], [ -8.415579431707657, 40.769492336926184 ], [ -8.415572914461711, 40.769495031859599 ], [ -8.415566444867075, 40.769497791511881 ], [ -8.415560014583129, 40.769500604196992 ], [ -8.415553612881338, 40.769503453732185 ], [ -8.415547274300883, 40.769506385057859 ], [ -8.415541059529936, 40.769509464662377 ], [ -8.415534961389442, 40.769512675453853 ], [ -8.41552901673022, 40.769516048859536 ], [ -8.415523229067443, 40.769519575865907 ], [ -8.415517685146783, 40.769523322897534 ], [ -8.41551236943336, 40.769527257574545 ], [ -8.415507252148608, 40.769531340347939 ], [ -8.41550241402458, 40.769535616045083 ], [ -8.415497769477151, 40.769540012835584 ], [ -8.41549335885329, 40.769544548630719 ], [ -8.415489197523966, 40.769549217089391 ], [ -8.415485205933958, 40.769553971580414 ], [ -8.415481427960691, 40.769558824603401 ], [ -8.415477887311928, 40.769563780602859 ], [ -8.415474521071674, 40.769568806414306 ], [ -8.415471314984845, 40.76957389216718 ], [ -8.415468196682838, 40.769579010123131 ], [ -8.415465159040018, 40.769584155797055 ], [ -8.415462191381247, 40.769589325613147 ], [ -8.415459318606322, 40.769594525813922 ], [ -8.415456526475387, 40.769599750130773 ], [ -8.41545379601844, 40.769604994107631 ], [ -8.415451122486331, 40.769610255054623 ], [ -8.415448518923082, 40.769615536541799 ], [ -8.415446070703297, 40.769620860872791 ], [ -8.415443749354818, 40.769626217311256 ], [ -8.415441594002136, 40.769631614766496 ], [ -8.415439558387547, 40.769637038043172 ], [ -8.415437572564633, 40.769642472003987 ], [ -8.415435659060527, 40.769647921996828 ], [ -8.415433859353341, 40.769653393323175 ], [ -8.415432140252245, 40.769658879760783 ], [ -8.415430478049483, 40.769664376865109 ], [ -8.415428877482828, 40.769669884624626 ], [ -8.415427365805737, 40.769675405674114 ], [ -8.415425934727175, 40.769680940033901 ], [ -8.415424604386377, 40.769686488555188 ], [ -8.415423365300276, 40.769692049460197 ], [ -8.415422209170201, 40.769697620968223 ], [ -8.415421133619695, 40.769703201284102 ], [ -8.41542013391102, 40.769708790419386 ], [ -8.415419230179616, 40.769714388324893 ], [ -8.415418456785597, 40.769719997617997 ], [ -8.415417814905791, 40.769725616494867 ], [ -8.415417308089749, 40.769731244046305 ], [ -8.415416937502869, 40.769736875766981 ], [ -8.415416709074997, 40.769742513443376 ], [ -8.415416658324025, 40.769748153386622 ], [ -8.415416775763083, 40.769753792918415 ], [ -8.415417048351955, 40.769759429369202 ], [ -8.415417480817009, 40.769765060025897 ], [ -8.415418044724165, 40.769770683157041 ], [ -8.415418693895663, 40.769776302477624 ], [ -8.415419442525689, 40.769781913450402 ], [ -8.41542035691992, 40.769787510510191 ], [ -8.415421369584518, 40.769793098324605 ], [ -8.415422456834539, 40.769798677852066 ], [ -8.415423619846852, 40.769804247288697 ], [ -8.415424868096954, 40.769809806611306 ], [ -8.415426199215991, 40.769815355825713 ], [ -8.415427635681628, 40.769820888573392 ], [ -8.415429213007995, 40.769826400265018 ], [ -8.415430900403516, 40.769831891876407 ], [ -8.41543296414198, 40.769837309626716 ], [ -8.415435074031961, 40.769842717358621 ], [ -8.415441852602589, 40.769857819236329 ], [ -8.415450883378812, 40.76987221411558 ], [ -8.415461749317247, 40.769885874200284 ], [ -8.415473715648002, 40.769898982287792 ], [ -8.415487951406163, 40.769910694452193 ], [ -8.415504133803042, 40.769920864701326 ], [ -8.415521414255759, 40.769929930952017 ], [ -8.41553917325864, 40.769938444023701 ], [ -8.415557514249059, 40.769946216359394 ], [ -8.415576492010656, 40.769953038909215 ], [ -8.415598408806698, 40.769959117654388 ], [ -8.415621305591515, 40.769962504208877 ], [ -8.415644586298765, 40.769963690802854 ], [ -8.415667928813477, 40.769963530095787 ], [ -8.415691158231859, 40.769961836112877 ], [ -8.415714293517127, 40.769959450773364 ], [ -8.415737586528991, 40.769958509441693 ], [ -8.415760752474892, 40.76996056527382 ], [ -8.415783302343415, 40.76996509807929 ], [ -8.415806933499468, 40.769974073990127 ], [ -8.415817051041325, 40.769979650302979 ], [ -8.415823767832578, 40.769984623507916 ], [ -8.415830009975705, 40.769989950870453 ], [ -8.415835688607077, 40.769995625404405 ], [ -8.415840487881608, 40.770001742435944 ], [ -8.415844394457324, 40.770008228157018 ], [ -8.415847959214993, 40.770014829078612 ], [ -8.415852265851765, 40.770023762273247 ], [ -8.415856212824027, 40.770032791801682 ], [ -8.415859849782775, 40.770041895029841 ], [ -8.41586319091067, 40.770051064719063 ], [ -8.41586634268905, 40.770060272693009 ], [ -8.415868696700025, 40.770069611392728 ], [ -8.415869688546747, 40.770076704886478 ], [ -8.41587042227299, 40.770083819724121 ], [ -8.415871116920416, 40.770090936458509 ], [ -8.41587176893951, 40.770098055998801 ], [ -8.415872416213338, 40.770105173749734 ], [ -8.415873036260388, 40.770112295169348 ], [ -8.415873806145624, 40.770121792635919 ], [ -8.415874553530482, 40.770131291058085 ], [ -8.415875289071124, 40.770140789509263 ], [ -8.415875838063661, 40.770147913804429 ], [ -8.415876381134098, 40.770155038114048 ], [ -8.415877094174666, 40.770164537520813 ], [ -8.415877797739887, 40.77017403695077 ], [ -8.415878494202467, 40.7701835372986 ], [ -8.415879114876066, 40.770193041434112 ], [ -8.415879610010167, 40.770202548578702 ], [ -8.415879879509083, 40.770209681663047 ], [ -8.415879502278198, 40.770216810929057 ], [ -8.415878617986408, 40.770223913522052 ], [ -8.415877084339774, 40.770230951969758 ], [ -8.415874325986719, 40.770240231155583 ], [ -8.415871239289553, 40.770249451712971 ], [ -8.415867693794967, 40.770258575240121 ], [ -8.415863709611649, 40.770267595384219 ], [ -8.415859581945167, 40.770276577158292 ], [ -8.415855332142206, 40.770285526813538 ], [ -8.415852131744098, 40.770292235259681 ], [ -8.415849000127231, 40.770298963348203 ], [ -8.415845090635479, 40.770308001318547 ], [ -8.415841546326327, 40.770317126642922 ], [ -8.415838250979068, 40.770326305387059 ], [ -8.415835267407678, 40.77033554640218 ], [ -8.41583316722943, 40.770342501590271 ], [ -8.415831212844642, 40.770349481635108 ], [ -8.415828920285037, 40.770358834419895 ], [ -8.415827462480586, 40.770365883486939 ], [ -8.415826528415474, 40.770372981698806 ], [ -8.415826215142065, 40.770380111708256 ], [ -8.415826684773464, 40.770387236197763 ], [ -8.415828353357771, 40.770396662124213 ], [ -8.415830461174439, 40.770406040148707 ], [ -8.415832741825762, 40.770415395237258 ], [ -8.415835260410695, 40.770424716424415 ], [ -8.415841806222481, 40.770445229038643 ], [ -8.41584870493862, 40.770463210388684 ], [ -8.415855742116966, 40.770481162583096 ], [ -8.415862916557902, 40.770499082022781 ], [ -8.415870236548875, 40.770516967786918 ], [ -8.415877659487924, 40.770534828984843 ], [ -8.415885181825603, 40.770552666525717 ], [ -8.415892906494706, 40.770570453142398 ], [ -8.41590097074287, 40.770588153379066 ], [ -8.415909305921758, 40.770605779110369 ], [ -8.41591215679029, 40.770611613653998 ], [ -8.41591500647487, 40.77061744820044 ], [ -8.415917858528864, 40.770623282740985 ], [ -8.415920708214449, 40.770629117287271 ], [ -8.415923569729788, 40.770634948202485 ], [ -8.415926531801908, 40.770640750055264 ], [ -8.415929580232687, 40.770646526482402 ], [ -8.415932673612099, 40.770652288391318 ], [ -8.415935834414228, 40.770658028522959 ], [ -8.415939115870739, 40.770663730537891 ], [ -8.415942528615, 40.770669388106583 ], [ -8.415946083280376, 40.770674994899437 ], [ -8.415949854350007, 40.77068051831602 ], [ -8.415953811066327, 40.770685967436663 ], [ -8.415957888372255, 40.770691363132187 ], [ -8.415962192662407, 40.770696656515 ], [ -8.415966676627425, 40.770701863909963 ], [ -8.415971258692773, 40.770707021536907 ], [ -8.415975908123769, 40.77071214387913 ], [ -8.415980591828266, 40.770717248127198 ], [ -8.415985293262102, 40.770722343326639 ], [ -8.415989994696647, 40.770727438525874 ], [ -8.415994676042031, 40.770732544580127 ], [ -8.415999320750249, 40.77073766963445 ], [ -8.416003891002775, 40.770742833592507 ], [ -8.416008348965818, 40.770748052756019 ], [ -8.416012685186633, 40.770753332551145 ], [ -8.416016886636212, 40.770758673009837 ], [ -8.416021039619304, 40.770764036099628 ], [ -8.416025170144261, 40.770769410050306 ], [ -8.41602928174915, 40.770774791251185 ], [ -8.416033381536904, 40.770780178784385 ], [ -8.4160374754145, 40.770785569033407 ], [ -8.416041566923845, 40.770790959288099 ], [ -8.416045664344681, 40.770796346826621 ], [ -8.416049771230361, 40.770801731640319 ], [ -8.416053893480241, 40.770807108311701 ], [ -8.416058037012798, 40.770812475925787 ], [ -8.416062216010928, 40.770817827243796 ], [ -8.416066432843555, 40.770823162259902 ], [ -8.416070675685228, 40.770828485505632 ], [ -8.416074933887302, 40.770833799708541 ], [ -8.416079194458961, 40.770839113905474 ], [ -8.416083450308767, 40.770844431715837 ], [ -8.416087686057882, 40.770849757679798 ], [ -8.416091892253565, 40.770855097223524 ], [ -8.416096058254817, 40.770860454875617 ], [ -8.416099997249882, 40.770865909437468 ], [ -8.416103599237077, 40.770871497198783 ], [ -8.416106698549052, 40.770877255486248 ], [ -8.416109181481655, 40.770883185479235 ], [ -8.416111223013454, 40.770889211106869 ], [ -8.41611271653173, 40.770895329929104 ], [ -8.416113652434609, 40.770901512253111 ], [ -8.416114247313315, 40.770907718826329 ], [ -8.416114459669737, 40.770913939845087 ], [ -8.416114419744408, 40.770920163283485 ], [ -8.416114224647494, 40.770926385301408 ], [ -8.416113714435136, 40.770932596385606 ], [ -8.416112889065232, 40.77093878663073 ], [ -8.416111930997683, 40.77094496819624 ], [ -8.416110863910166, 40.770951138322616 ], [ -8.416109734023246, 40.770957303199992 ], [ -8.416108527104313, 40.770963458360782 ], [ -8.416107227755386, 40.770969603842737 ], [ -8.416105860850072, 40.770975739584863 ], [ -8.41610445365381, 40.770981870923258 ], [ -8.416103015642259, 40.770987997834723 ], [ -8.416101546819249, 40.770994121219715 ], [ -8.416100045992657, 40.771000239280198 ], [ -8.416098511981843, 40.771006352919514 ], [ -8.416096947151889, 40.771012461231393 ], [ -8.416095346768779, 40.771018565127939 ], [ -8.416093710828671, 40.771024663708673 ], [ -8.416092040516016, 40.771030756970653 ], [ -8.416090334642547, 40.771036844016322 ], [ -8.416088541053808, 40.7710429159686 ], [ -8.416086414364136, 40.77104892570275 ], [ -8.416084033959015, 40.771054879327636 ], [ -8.416081320364944, 40.771060750023153 ], [ -8.41607819288577, 40.77106650196724 ], [ -8.416074614638859, 40.771072096528869 ], [ -8.416070596215521, 40.771077517473088 ], [ -8.4160662846721, 40.771082807663177 ], [ -8.416061918535862, 40.771088072773011 ], [ -8.416057513227715, 40.771093318167779 ], [ -8.416053081814892, 40.771098552820398 ], [ -8.416048640898946, 40.771103781192636 ], [ -8.416044170305867, 40.771108994329019 ], [ -8.416039664105675, 40.771114190443051 ], [ -8.416035132977637, 40.771119374011064 ], [ -8.416030591162004, 40.77112455130159 ], [ -8.41602604816503, 40.771129729495364 ], [ -8.41602151821934, 40.771134913059896 ], [ -8.41601701201947, 40.771140110073546 ], [ -8.41601254497869, 40.771145324100466 ], [ -8.416008153906972, 40.771150576662379 ], [ -8.416004347866442, 40.771156085332372 ], [ -8.416001203759356, 40.771161829210541 ], [ -8.415999550024987, 40.77116792423142 ], [ -8.415998666772184, 40.771173595930634 ], [ -8.415998206299619, 40.771181204464717 ], [ -8.415997959072167, 40.771188822381518 ], [ -8.415997729817844, 40.771194533900463 ], [ -8.415997331162444, 40.771200240431661 ], [ -8.415996693001086, 40.771207844898768 ], [ -8.41599596953918, 40.771215445072464 ], [ -8.415995160769047, 40.771223039151785 ], [ -8.415994283284611, 40.77123062979755 ], [ -8.415993367885704, 40.771238217834728 ], [ -8.415992407461715, 40.771245802380257 ], [ -8.415991652190458, 40.771251488173576 ], [ -8.415990841230206, 40.771257169600922 ], [ -8.415989963913116, 40.771262844887403 ], [ -8.415988977583217, 40.771268510535634 ], [ -8.415987459042919, 40.771276041518774 ], [ -8.41598575918384, 40.7712835504339 ], [ -8.415983882736123, 40.771291035468408 ], [ -8.415981746714666, 40.771298479716222 ], [ -8.415979380731002, 40.771305883104745 ], [ -8.415976757507995, 40.771313237596388 ], [ -8.415973846184576, 40.771320527958245 ], [ -8.41597071076758, 40.771327764839434 ], [ -8.415967387998244, 40.771334953552888 ], [ -8.415964817948657, 40.771340323216805 ], [ -8.415962162517895, 40.77134566967699 ], [ -8.415958550389778, 40.77135277715405 ], [ -8.415954910987647, 40.771359877493857 ], [ -8.415952193882926, 40.771365205194492 ], [ -8.415949519475804, 40.771370546297888 ], [ -8.415946893688623, 40.771375900789515 ], [ -8.415944329569609, 40.771381273139887 ], [ -8.415941098097944, 40.771388485041697 ], [ -8.415938104962869, 40.771395757593105 ], [ -8.415935262395614, 40.771403063093878 ], [ -8.415932628492321, 40.77141041490907 ], [ -8.41593015700162, 40.771417799644581 ], [ -8.415927786270197, 40.771425203043542 ], [ -8.41592544517283, 40.771432611772816 ], [ -8.415923063772526, 40.771440013396827 ], [ -8.41592057449359, 40.771447393673192 ], [ -8.415918639959274, 40.77145291486319 ], [ -8.415916607033713, 40.771458417383812 ], [ -8.415913731269654, 40.771465716661851 ], [ -8.415911385327052, 40.77147114520811 ], [ -8.415908833057685, 40.771476520230095 ], [ -8.415906128988993, 40.771481851499587 ], [ -8.415903199580884, 40.771487114883371 ], [ -8.415898969472249, 40.771494021260764 ], [ -8.41589444515661, 40.771500820299181 ], [ -8.415889697778326, 40.771507529834224 ], [ -8.415885981801894, 40.771512497080181 ], [ -8.415882119860481, 40.771517399847831 ], [ -8.415878256734032, 40.771522302618251 ], [ -8.4158743936032, 40.771527204488052 ], [ -8.415870530475621, 40.771532107258203 ], [ -8.415859790533515, 40.771545738292367 ], [ -8.415849049398759, 40.771559368427916 ], [ -8.415838513558267, 40.77157308900977 ], [ -8.415828580534566, 40.771587070158674 ], [ -8.415818760222162, 40.771601096055477 ], [ -8.415808559000025, 40.771614959894414 ], [ -8.415796807627077, 40.771628065708505 ], [ -8.415780047858627, 40.77163744402209 ], [ -8.415760247795824, 40.771642415539816 ], [ -8.415739452816652, 40.77164348583316 ], [ -8.415719464297494, 40.771642558644892 ], [ -8.415699516466471, 40.771641170298665 ], [ -8.41567960769132, 40.771639494594602 ], [ -8.415659710422347, 40.771637738714652 ], [ -8.415639811973746, 40.77163598373464 ], [ -8.415616853719801, 40.771633601390711 ], [ -8.41559386656888, 40.771631387506034 ], [ -8.415570791966122, 40.771629779865783 ], [ -8.415547740352261, 40.771628006473087 ], [ -8.415524918037372, 40.771624997932257 ], [ -8.415502751515966, 40.771619933746869 ], [ -8.415481419516386, 40.771613062917844 ], [ -8.415460362655347, 40.771605711446433 ], [ -8.415439234053236, 40.771598479912853 ], [ -8.41541800785363, 40.771591416106723 ], [ -8.415403885868562, 40.771586797780259 ], [ -8.415389762704786, 40.771582180355438 ], [ -8.415375611325292, 40.771577612525256 ], [ -8.415361294351289, 40.771573379182996 ], [ -8.41534615098224, 40.771571472945212 ], [ -8.415330790391389, 40.771571696913803 ], [ -8.415315540479682, 40.771573164197029 ], [ -8.415300347570733, 40.771574946513084 ], [ -8.415285164353865, 40.771576780131824 ], [ -8.415270000460959, 40.771578701950084 ], [ -8.415254896860999, 40.771580876658788 ], [ -8.415239896754615, 40.771583436525582 ], [ -8.415224959107841, 40.77158620155118 ], [ -8.415210186889421, 40.771589432628303 ], [ -8.415195590622154, 40.77159309731335 ], [ -8.415181424357185, 40.771597611015409 ], [ -8.415168003395056, 40.771603307949135 ], [ -8.415155261111986, 40.771609838884508 ], [ -8.415143248101055, 40.77161712355381 ], [ -8.415132430955346, 40.771625420160341 ], [ -8.415123565115183, 40.771634947480315 ], [ -8.415117063161551, 40.771645515401445 ], [ -8.415113423765453, 40.771656844451734 ], [ -8.41511279913529, 40.771668514627606 ], [ -8.415112730097986, 40.771680201455759 ], [ -8.415112690676251, 40.771691889111992 ], [ -8.415112680866304, 40.771703576695856 ], [ -8.415112703037101, 40.771715264201539 ], [ -8.415112759561408, 40.771726952523743 ], [ -8.415112820819829, 40.771738639933858 ], [ -8.415112883262752, 40.771750327341074 ], [ -8.415112945701903, 40.771762013847763 ], [ -8.415113010517643, 40.771773702149616 ], [ -8.415113076514091, 40.771785389548079 ], [ -8.415113143695049, 40.771797076943614 ], [ -8.415113215617732, 40.771808765228016 ], [ -8.415113292274539, 40.771820452600345 ], [ -8.415113385510217, 40.771832139031645 ], [ -8.415113496516847, 40.771843826319973 ], [ -8.415113768608219, 40.771855512314175 ], [ -8.415114193485463, 40.771867195233483 ], [ -8.41511482207345, 40.771878873152488 ], [ -8.415115783445778, 40.771890537651302 ], [ -8.415117105999563, 40.771902181456504 ], [ -8.415118826415661, 40.771913795473516 ], [ -8.415121016874906, 40.771925362416447 ], [ -8.415123614600367, 40.771936882438673 ], [ -8.415126254945012, 40.771948396953704 ], [ -8.415128940274016, 40.771959905055219 ], [ -8.415131682420744, 40.771971404012817 ], [ -8.41513445180377, 40.771982901102788 ], [ -8.415137249596158, 40.77199439362073 ], [ -8.415140099476051, 40.77200587880732 ], [ -8.415143009727174, 40.772017354841303 ], [ -8.415145938919531, 40.772028828127389 ], [ -8.415148883503496, 40.772040299574776 ], [ -8.415151844659741, 40.772051768280072 ], [ -8.415154821203812, 40.772063234246161 ], [ -8.415157816692949, 40.772074698364847 ], [ -8.415160827566108, 40.772086158843848 ], [ -8.415163852650258, 40.772097618387512 ], [ -8.415166888388141, 40.772109076104037 ], [ -8.415169931230139, 40.772120532902605 ], [ -8.415172979991786, 40.7721319887861 ], [ -8.415176032300304, 40.772143442859829 ], [ -8.415179089347813, 40.772154896921883 ], [ -8.41518214758085, 40.772166350980918 ], [ -8.415185206999436, 40.772177805036939 ], [ -8.415188265234596, 40.772189259095768 ], [ -8.415191323470827, 40.772200713154483 ], [ -8.415194376970184, 40.772212167224673 ], [ -8.41519742692479, 40.772223623104431 ], [ -8.41520047096185, 40.772235079899026 ], [ -8.415203509077559, 40.772246536708003 ], [ -8.415206537722284, 40.772257994440508 ], [ -8.41520955690364, 40.772269454897575 ], [ -8.415212567798473, 40.77228091627525 ], [ -8.415215571591272, 40.772292378570711 ], [ -8.415218565916879, 40.772303842690185 ], [ -8.415221554321102, 40.772315306824041 ], [ -8.415224535627098, 40.772326772776161 ], [ -8.415227512200005, 40.77233823964022 ], [ -8.415230482851529, 40.772349706518668 ], [ -8.415233447589289, 40.772361175212488 ], [ -8.415236380362263, 40.772372647586309 ], [ -8.415239272890483, 40.772384126361928 ], [ -8.415242137011138, 40.772395609709378 ], [ -8.415244976270065, 40.772407095819005 ], [ -8.415247736219062, 40.772418593828895 ], [ -8.415250432241139, 40.772430100099477 ], [ -8.415253091567999, 40.772441611862682 ], [ -8.415255446635586, 40.772453160389574 ], [ -8.415257090125648, 40.772464780894921 ], [ -8.415258226793782, 40.772476435057278 ], [ -8.415259017664983, 40.772488107174482 ], [ -8.415259714973526, 40.772499782221914 ], [ -8.415260283192429, 40.772511462087415 ], [ -8.415260682045286, 40.772523145968961 ], [ -8.415260263583768, 40.772534827346256 ], [ -8.415259392085545, 40.772547776831274 ], [ -8.415258689913456, 40.772552872662843 ], [ -8.415257581268078, 40.772557923562822 ], [ -8.415256053051399, 40.772562913354236 ], [ -8.415254750407932, 40.772566625688569 ], [ -8.415253319725474, 40.77257031132099 ], [ -8.415251274610997, 40.772575193415875 ], [ -8.41524906941525, 40.772580034479205 ], [ -8.415246545199819, 40.772584783571162 ], [ -8.415244513265423, 40.772588301379855 ], [ -8.415242152709814, 40.772591697524263 ], [ -8.415238603409042, 40.772596050201685 ], [ -8.41523450802474, 40.77260011605479 ], [ -8.415229911411238, 40.772603858053451 ], [ -8.415224890541154, 40.772607271506971 ], [ -8.415220833835628, 40.772609560583305 ], [ -8.415216576022095, 40.772611630429729 ], [ -8.415210654368837, 40.772614070845734 ], [ -8.415204473967476, 40.772616106670021 ], [ -8.415199717769477, 40.772617405107155 ], [ -8.415194916157063, 40.77261860820235 ], [ -8.415190092987569, 40.772619755519194 ], [ -8.415185223124009, 40.772620784984788 ], [ -8.415180325693374, 40.772621737975271 ], [ -8.415175388618508, 40.772622559589792 ], [ -8.415168729065996, 40.772623330483704 ], [ -8.415163687630677, 40.772623562526881 ], [ -8.415158633265168, 40.772623537959632 ], [ -8.415153578781627, 40.77262348547702 ], [ -8.415148524286671, 40.772623430292732 ], [ -8.415141785335855, 40.772623352209934 ], [ -8.415135046366014, 40.77262326962429 ], [ -8.415128307365739, 40.772623179834341 ], [ -8.415123253990579, 40.772623109337744 ], [ -8.415118200600187, 40.772623035238979 ], [ -8.415113147198394, 40.772622958438525 ], [ -8.415108092596897, 40.772622878038781 ], [ -8.415103039145633, 40.772622789531546 ], [ -8.415097985644888, 40.772622689317728 ], [ -8.41509124876622, 40.772622540988095 ], [ -8.4150861975355, 40.772622417355272 ], [ -8.415081145078434, 40.77262228381975 ], [ -8.415074410378473, 40.772622090458945 ], [ -8.415067675606222, 40.772621879988456 ], [ -8.415060941946171, 40.772621652405398 ], [ -8.415054209409757, 40.772621410411247 ], [ -8.415047488246259, 40.772621056727239 ], [ -8.41504082114367, 40.772620322000265 ], [ -8.415035872554016, 40.772619540751251 ], [ -8.415030964846814, 40.772618623427036 ], [ -8.41502449614258, 40.772617186726841 ], [ -8.415018100127062, 40.772615572450697 ], [ -8.415013327167365, 40.772614307204513 ], [ -8.41500857534213, 40.772612997782097 ], [ -8.41500225678808, 40.772611214022319 ], [ -8.414995998156103, 40.772609314852119 ], [ -8.41498984179092, 40.772607229929285 ], [ -8.414985233332438, 40.772605650006469 ], [ -8.414953126289774, 40.772590234463102 ], [ -8.414924583128615, 40.772571105560715 ], [ -8.41489903764821, 40.772549662256743 ], [ -8.414876590999947, 40.772526296022605 ], [ -8.414854523674423, 40.772502712738493 ], [ -8.414830383858867, 40.772480337574194 ], [ -8.414804073183021, 40.772459437315845 ], [ -8.414774169946652, 40.772441622820153 ], [ -8.414740135603044, 40.772428672080402 ], [ -8.414704095076408, 40.772419729838212 ], [ -8.414595284505685, 40.772422450951794 ], [ -8.414475092994348, 40.772514393999096 ], [ -8.414306287929337, 40.772621468480089 ], [ -8.41421102703905, 40.772723526122491 ], [ -8.414096409239642, 40.772772290744776 ], [ -8.413803185649915, 40.772826342593767 ], [ -8.413605571616264, 40.772860767334819 ], [ -8.413401310439689, 40.772832174854351 ], [ -8.412896647355169, 40.772668558896591 ], [ -8.412807302150883, 40.772659077114426 ], [ -8.41267326843097, 40.772644861553971 ], [ -8.412457014554324, 40.772795689979922 ], [ -8.412309524137664, 40.772893115139958 ], [ -8.411927648137629, 40.773102528796493 ], [ -8.411749639447635, 40.773237028409518 ], [ -8.411726920240701, 40.773261345367366 ], [ -8.41170679690862, 40.773286946466854 ], [ -8.411688613713372, 40.773313379441461 ], [ -8.411670806611085, 40.773339960087391 ], [ -8.411652552196784, 40.773366364412112 ], [ -8.41163332835294, 40.77339236945167 ], [ -8.411613865973003, 40.773418270605873 ], [ -8.411594282536882, 40.773444118919464 ], [ -8.411573852936998, 40.77346958655999 ], [ -8.41155341619948, 40.773495050612013 ], [ -8.411541852463785, 40.773509119069146 ], [ -8.411529743911853, 40.773522919590761 ], [ -8.411517349269156, 40.773536572219179 ], [ -8.41149840259496, 40.77355692414428 ], [ -8.411478868226178, 40.773576953304755 ], [ -8.411458714030591, 40.773596623757889 ], [ -8.411437753458094, 40.773615796376177 ], [ -8.411414371710768, 40.773633263884363 ], [ -8.411388730092769, 40.773648792663209 ], [ -8.411360864570421, 40.773661917967779 ], [ -8.41133127632701, 40.773672671006111 ], [ -8.411301162048105, 40.7736825482204 ], [ -8.41127088068238, 40.773692126864411 ], [ -8.411201852678708, 40.773708850672605 ], [ -8.411130032163385, 40.773716630222431 ], [ -8.411069164005394, 40.773722777761165 ], [ -8.41100843262323, 40.773729630027937 ], [ -8.410948000868347, 40.773737893521371 ], [ -8.410887386832208, 40.77374533977023 ], [ -8.410826239799903, 40.773747962404613 ], [ -8.410765839947169, 40.773739997861398 ], [ -8.410706964022008, 40.773726775218137 ], [ -8.41064954453657, 40.773710291042335 ], [ -8.410591819572632, 40.7736944000997 ], [ -8.410533681330369, 40.77367938540521 ], [ -8.410491989245179, 40.773672126758917 ], [ -8.41044933536082, 40.773672564259336 ], [ -8.410407078980249, 40.773678011156733 ], [ -8.410305028948857, 40.773712738173643 ], [ -8.410211466466578, 40.773759006207186 ], [ -8.410157163621838, 40.773832364137149 ], [ -8.410101523824675, 40.773906125971116 ], [ -8.410045488774129, 40.77397972303438 ], [ -8.409974672559521, 40.774045202428944 ], [ -8.409882226333925, 40.77409231308247 ], [ -8.409780451243279, 40.774127575670825 ], [ -8.40968211947829, 40.774167697105483 ], [ -8.409590833529325, 40.77421676332601 ], [ -8.409552025224521, 40.774237149905773 ], [ -8.409513859405209, 40.77425822741607 ], [ -8.409476912748564, 40.774280522167977 ], [ -8.409419139796018, 40.774375757534351 ], [ -8.409370776305279, 40.774474637170655 ], [ -8.409337911652623, 40.77457707627417 ], [ -8.409297412174045, 40.774677705629465 ], [ -8.409212718741143, 40.774760621672336 ], [ -8.409103580662464, 40.774825437588241 ], [ -8.40896913237361, 40.774847028801489 ], [ -8.408831826328266, 40.774837540618762 ], [ -8.408701192501436, 40.774801886797647 ], [ -8.408567829336551, 40.774772756242164 ], [ -8.408518278200146, 40.774766559319879 ], [ -8.408468043833704, 40.774767305940323 ], [ -8.408417854584716, 40.774769513037924 ], [ -8.408334325609099, 40.774780114823457 ], [ -8.408253141540882, 40.7747992206574 ], [ -8.408176962399738, 40.774827588726517 ], [ -8.408140350522789, 40.774845364456006 ], [ -8.408104284957277, 40.774863777324597 ], [ -8.408069042737299, 40.774883078811975 ], [ -8.408036074292102, 40.77490455227413 ], [ -8.408008196109495, 40.774929837112914 ], [ -8.407999589454095, 40.774938799552643 ], [ -8.40799238335855, 40.774948442133073 ], [ -8.407987312528768, 40.774958835144275 ], [ -8.407985547745891, 40.774969801101342 ], [ -8.407989244315203, 40.774982927850324 ], [ -8.407999737882404, 40.775002112262925 ] ] ] } }
]
}
