{
"type": "FeatureCollection",
"name": "CAOP_Faro_freg",
"crs": { "type": "name", "properties": { "name": "urn:ogc:def:crs:OGC:1.3:CRS84" } },
"features": [
{ "type": "Feature", "properties": { "dtmnfr": "080503", "freguesia": "Santa Bárbara de Nexe", "municipio": "Faro", "distrito_i": "Faro", "nuts3_cod": "150", "nuts3": "Algarve", "nuts2": "Algarve", "nuts1": "Continente", "area_ha": 3821.64, "perimetro_": 36, "designacao": "Santa Bárbara de Nexe" }, "geometry": { "type": "Polygon", "coordinates": [ [ [ -7.908501593140493, 37.126359775644509 ], [ -7.90851943057238, 37.12634106916569 ], [ -7.909147266467971, 37.125642759388676 ], [ -7.90946593667233, 37.125300498993788 ], [ -7.909521055784438, 37.125269158618593 ], [ -7.909519544448468, 37.125248522362249 ], [ -7.909517928883075, 37.125222386731195 ], [ -7.909519237803576, 37.125198598474292 ], [ -7.909525157333576, 37.125176626441963 ], [ -7.909535701020508, 37.125148802626072 ], [ -7.909545547462991, 37.125129627684295 ], [ -7.90956114199925, 37.125108120820755 ], [ -7.909576166060908, 37.125088507811704 ], [ -7.909591756415027, 37.125065738548962 ], [ -7.909605693121446, 37.125035131436952 ], [ -7.909610377791005, 37.125009460917482 ], [ -7.909617047176901, 37.124960543148553 ], [ -7.909620186833449, 37.12492568069063 ], [ -7.909628617244183, 37.124853427845991 ], [ -7.909634537055455, 37.124828660714577 ], [ -7.909642865188339, 37.124791190451738 ], [ -7.909644184911476, 37.124763711464034 ], [ -7.909642552939278, 37.124743528214005 ], [ -7.909637121586354, 37.124714682205116 ], [ -7.909631997551973, 37.124697281157708 ], [ -7.909628647602292, 37.124688085817418 ], [ -7.909949019774768, 37.124686975484074 ], [ -7.909887514583818, 37.123828747192313 ], [ -7.909824857497576, 37.122970848167547 ], [ -7.909822885386668, 37.122913988354703 ], [ -7.909835874766019, 37.122897341372386 ], [ -7.910068326510603, 37.122707444921502 ], [ -7.910337664103333, 37.122691859259028 ], [ -7.910398047049401, 37.122659787677101 ], [ -7.910567129124419, 37.122566768688408 ], [ -7.910679565005354, 37.122602383310223 ], [ -7.910775923427777, 37.122637967675772 ], [ -7.910820002725976, 37.122683108830621 ], [ -7.910883916746773, 37.122818405047589 ], [ -7.910919864463493, 37.122895715949284 ], [ -7.911020336803833, 37.122899122797676 ], [ -7.911177313474322, 37.122822173229267 ], [ -7.911281814523098, 37.122822368804577 ], [ -7.911386249863668, 37.122845093414185 ], [ -7.9116309566857, 37.123006475048143 ], [ -7.911859596234851, 37.123164608498634 ], [ -7.911919463865205, 37.123309551474989 ], [ -7.912050203419597, 37.123309742161688 ], [ -7.91228858014533, 37.12330648483794 ], [ -7.912283570697944, 37.123186318916702 ], [ -7.912294787378311, 37.123014686631116 ], [ -7.912322092949519, 37.122838794347352 ], [ -7.912311948257601, 37.122641374423331 ], [ -7.912328540953515, 37.122464031288516 ], [ -7.912350313370878, 37.122348206081064 ], [ -7.912404276930139, 37.12221956732639 ], [ -7.912431781263348, 37.121975013538524 ], [ -7.912528342053399, 37.121940862771446 ], [ -7.912651586070975, 37.12194538286559 ], [ -7.912972813690573, 37.122053262899314 ], [ -7.913277877897421, 37.122191150795558 ], [ -7.913647544157909, 37.122227597011943 ], [ -7.913851110861025, 37.122253721507292 ], [ -7.913926334464678, 37.122185199678505 ], [ -7.914210570489029, 37.122112772138699 ], [ -7.914484075713157, 37.122044615886544 ], [ -7.914564670395943, 37.121971811795191 ], [ -7.914602385102704, 37.121901789497791 ], [ -7.914519870170786, 37.121710674408092 ], [ -7.914505990991868, 37.121567604311728 ], [ -7.914539558218846, 37.121386715809621 ], [ -7.91462613945067, 37.12109506642237 ], [ -7.91477649656071, 37.120988060244727 ], [ -7.915685423052352, 37.121719254844777 ], [ -7.916642462960134, 37.122497734202199 ], [ -7.916819053892022, 37.122588173510174 ], [ -7.916990578465961, 37.122575612836926 ], [ -7.917194451982215, 37.122494449009181 ], [ -7.91729643177638, 37.122438848140128 ], [ -7.917323518498991, 37.122335905155126 ], [ -7.917275604996177, 37.122224243932514 ], [ -7.917212113837402, 37.121936610240397 ], [ -7.917186269194333, 37.121601840228145 ], [ -7.917133338216313, 37.121370013158867 ], [ -7.917139258466247, 37.121172622846096 ], [ -7.917161023176328, 37.121056797606279 ], [ -7.917322496372915, 37.120808194796133 ], [ -7.917429856463913, 37.120744020066596 ], [ -7.917703633553522, 37.120577157195612 ], [ -7.917773615287907, 37.120465709381953 ], [ -7.917822136016883, 37.12036280607601 ], [ -7.917849842052582, 37.120041007724076 ], [ -7.917946604428323, 37.119933900177926 ], [ -7.918086249106466, 37.119822579471531 ], [ -7.918161599946328, 37.119706850291053 ], [ -7.918215601430431, 37.119561043646677 ], [ -7.918269734968566, 37.119368032351872 ], [ -7.918302336200128, 37.119209312497254 ], [ -7.918340404577453, 37.119011981190482 ], [ -7.918426350531102, 37.11893918412072 ], [ -7.918780149642141, 37.118896911127358 ], [ -7.918919899995341, 37.118746967360678 ], [ -7.919048957647907, 37.118588421498252 ], [ -7.919242185340353, 37.118477196130577 ], [ -7.919397998608305, 37.118331572522891 ], [ -7.919462640642252, 37.118211531416634 ], [ -7.919468456968922, 37.118048472076666 ], [ -7.919474491429111, 37.117808168620847 ], [ -7.919501790525134, 37.117627982729729 ], [ -7.919582797506664, 37.117404979547722 ], [ -7.919631363135198, 37.11728491027624 ], [ -7.919712031017565, 37.117182064013527 ], [ -7.919867612062009, 37.117117973808952 ], [ -7.920044579184126, 37.117071087981778 ], [ -7.920607653724359, 37.116921902153869 ], [ -7.920933509107829, 37.116834342864948 ], [ -7.920988402292094, 37.116819592471025 ], [ -7.920864783612253, 37.116376870941011 ], [ -7.920806324819769, 37.116157176324187 ], [ -7.920745592898266, 37.115945770983664 ], [ -7.920699439427494, 37.115791338008478 ], [ -7.920741550958888, 37.115780326764423 ], [ -7.920775181450095, 37.115784892312575 ], [ -7.920847253110816, 37.115761955048455 ], [ -7.920885881550435, 37.115748776768051 ], [ -7.920947042352688, 37.115724289907639 ], [ -7.920990295299934, 37.115707422806366 ], [ -7.921046834233805, 37.115688063684928 ], [ -7.921098077319638, 37.115669413214071 ], [ -7.921150570697659, 37.115649050233039 ], [ -7.921219271955702, 37.115624212681936 ], [ -7.921254977629996, 37.115610042393321 ], [ -7.921305781471612, 37.115588683352797 ], [ -7.921343406129338, 37.115572265609792 ], [ -7.921368758919272, 37.115560231237112 ], [ -7.921389036758486, 37.115550805385084 ], [ -7.921412696036349, 37.115539227521012 ], [ -7.921452020781149, 37.115519564446281 ], [ -7.921490209851209, 37.115501250025041 ], [ -7.921517365577263, 37.115487421217345 ], [ -7.921540019965431, 37.115473045535445 ], [ -7.921568433504344, 37.115452371781693 ], [ -7.921594144819049, 37.115431149859305 ], [ -7.921614001354127, 37.115412171947661 ], [ -7.92163498390696, 37.11539085507895 ], [ -7.921659718357194, 37.115359183572529 ], [ -7.921682770860994, 37.115321380930965 ], [ -7.921726762445015, 37.115242251411907 ], [ -7.921744188294733, 37.115206780589197 ], [ -7.92176274828113, 37.115168068858942 ], [ -7.92177351047779, 37.115141688693356 ], [ -7.921793317861428, 37.115097032164208 ], [ -7.921806995893492, 37.115075696838467 ], [ -7.921821671135137, 37.115057073686216 ], [ -7.92183634661886, 37.11504079059366 ], [ -7.921847518793682, 37.115027200842377 ], [ -7.921872268662311, 37.115001650239222 ], [ -7.921749357354475, 37.114881273514946 ], [ -7.922522412275515, 37.114282497679916 ], [ -7.922833911028314, 37.114053725400098 ], [ -7.922868830671436, 37.113998733253382 ], [ -7.92289616368199, 37.114002296764994 ], [ -7.92291934526137, 37.113960979053559 ], [ -7.922958270074488, 37.113880401076095 ], [ -7.922956963154458, 37.113822822610587 ], [ -7.922890873281686, 37.113839104805734 ], [ -7.92283312659728, 37.113850356706806 ], [ -7.922800476919183, 37.11385714688042 ], [ -7.922775826694717, 37.113861157038464 ], [ -7.922476425556259, 37.11382035160284 ], [ -7.922501664898285, 37.113684877402328 ], [ -7.922508253379465, 37.113621180316919 ], [ -7.922522796728803, 37.113570387071753 ], [ -7.92254013775488, 37.113524642946089 ], [ -7.92255861795537, 37.113473408858717 ], [ -7.922572018426571, 37.11342900752296 ], [ -7.922586564810945, 37.113375056947241 ], [ -7.922600600755108, 37.113305522471236 ], [ -7.922609948998227, 37.113260128171873 ], [ -7.922620958857248, 37.113225363964013 ], [ -7.922649007832165, 37.113153471043468 ], [ -7.922574062406268, 37.113127590100163 ], [ -7.922638709928047, 37.112989133920692 ], [ -7.922333662325148, 37.112865392322036 ], [ -7.922168050956919, 37.112630760005764 ], [ -7.92250256597014, 37.112581928619946 ], [ -7.922438863778762, 37.11236617651511 ], [ -7.922287169061833, 37.11199899827934 ], [ -7.92226328027335, 37.111918493518203 ], [ -7.92219523023299, 37.111821818107565 ], [ -7.922171511208179, 37.111680162037814 ], [ -7.922068509314368, 37.111683654188766 ], [ -7.922072694772557, 37.11163374451047 ], [ -7.922071645869157, 37.111362613464308 ], [ -7.922088300106257, 37.111239916417368 ], [ -7.92208745666875, 37.111178552472353 ], [ -7.922097935032974, 37.111131357179744 ], [ -7.922111215091017, 37.111089750763973 ], [ -7.922126318634425, 37.111038505307221 ], [ -7.922136223426357, 37.110996892881964 ], [ -7.922145547668232, 37.11096257984174 ], [ -7.922150978239345, 37.110910330504929 ], [ -7.922147713735131, 37.11086959571022 ], [ -7.922154797559753, 37.110829328056667 ], [ -7.922161898369101, 37.110785367872964 ], [ -7.922169408084058, 37.110754204423806 ], [ -7.922176504623859, 37.110709344068248 ], [ -7.922185559709076, 37.110608169802653 ], [ -7.922193807036087, 37.110556464307557 ], [ -7.922191332260084, 37.110473562027025 ], [ -7.922155109541036, 37.110268237930235 ], [ -7.92242157640429, 37.110250326404469 ], [ -7.922495900032761, 37.110265689130109 ], [ -7.922561592875671, 37.110271842027267 ], [ -7.922589829435839, 37.110232603072909 ], [ -7.92292879088326, 37.110239238831049 ], [ -7.923268492713365, 37.110223438438069 ], [ -7.923267779651336, 37.110238033511116 ], [ -7.923269980079021, 37.110256868740869 ], [ -7.923269924634768, 37.110276964170936 ], [ -7.923270424378894, 37.110298499582619 ], [ -7.923268541737538, 37.110329225234452 ], [ -7.92326441667914, 37.110357148212941 ], [ -7.923262517351135, 37.110391473585238 ], [ -7.923261769844058, 37.110418959217427 ], [ -7.923262815240817, 37.110448244744042 ], [ -7.923261638212086, 37.110467073995807 ], [ -7.923256980161828, 37.1104826541576 ], [ -7.923426537353355, 37.110521698974829 ], [ -7.923488259186101, 37.110538387685054 ], [ -7.9235236687544, 37.110548993629259 ], [ -7.923604170754156, 37.110567603202426 ], [ -7.923674455386505, 37.110580702689596 ], [ -7.923744751931786, 37.110588666091843 ], [ -7.923803555602976, 37.110601206393319 ], [ -7.923825814965832, 37.110609084039368 ], [ -7.923833234107069, 37.110610991170674 ], [ -7.923838980126009, 37.110606404084145 ], [ -7.92384869522251, 37.110594528087873 ], [ -7.923860220284237, 37.110575802693866 ], [ -7.923894785651811, 37.110410301301982 ], [ -7.924200247546416, 37.110393674619225 ], [ -7.924521748991115, 37.110389948867557 ], [ -7.924540012745065, 37.110444361105692 ], [ -7.924693068428781, 37.110441745930821 ], [ -7.925116245172331, 37.110485402180672 ], [ -7.925669051200471, 37.110601765362524 ], [ -7.925702715508447, 37.11061259106679 ], [ -7.925718199736877, 37.110606895494158 ], [ -7.925737149043209, 37.1105905301742 ], [ -7.925754966769471, 37.110574070963757 ], [ -7.925769857004565, 37.11056175062452 ], [ -7.925783609468269, 37.110550783494091 ], [ -7.925797936334955, 37.110537113273459 ], [ -7.925808877557941, 37.11052478512353 ], [ -7.925814668750504, 37.110506054920236 ], [ -7.925821142806456, 37.110483629746071 ], [ -7.925825253195872, 37.110460747204144 ], [ -7.925826414604658, 37.110447416191057 ], [ -7.925820933497276, 37.110396134267191 ], [ -7.925823414038327, 37.110350817789033 ], [ -7.925823654002147, 37.110304052987949 ], [ -7.925817570891252, 37.11026601745305 ], [ -7.925811906936223, 37.110238072765007 ], [ -7.925798937560414, 37.110207773438617 ], [ -7.925783769858454, 37.110160532966738 ], [ -7.925775919508062, 37.110108799066822 ], [ -7.925782437365975, 37.11006988449828 ], [ -7.925796236938131, 37.110042427075072 ], [ -7.925807934572682, 37.110003521561026 ], [ -7.925805743254146, 37.109981529064314 ], [ -7.925795592824444, 37.109948531472661 ], [ -7.925792894754186, 37.109906902101869 ], [ -7.925794223344368, 37.109873924579674 ], [ -7.925761482184397, 37.109658306673936 ], [ -7.925585601332578, 37.10931469265303 ], [ -7.925478967163871, 37.109121396214874 ], [ -7.925268201324699, 37.108799893090591 ], [ -7.925140062300113, 37.108633736535261 ], [ -7.925046124476568, 37.108566975881679 ], [ -7.925032426017558, 37.108555416419442 ], [ -7.925020524585672, 37.108546206480575 ], [ -7.924969767591095, 37.108510614561808 ], [ -7.92493786885986, 37.108492629187026 ], [ -7.924907096526128, 37.108473744717216 ], [ -7.924871706841332, 37.108455746887302 ], [ -7.924840342243597, 37.108446502747441 ], [ -7.9247923299884, 37.108435337117804 ], [ -7.924746664263495, 37.108432915915436 ], [ -7.924692885669586, 37.108431376994645 ], [ -7.924615172052162, 37.10842151248179 ], [ -7.924560291835374, 37.10841348660442 ], [ -7.924482010447773, 37.108405958366369 ], [ -7.924402046804852, 37.10839608975494 ], [ -7.924337506380436, 37.108382548476477 ], [ -7.924291844099789, 37.108376430939494 ], [ -7.924226050819047, 37.10836847669556 ], [ -7.924187244872859, 37.108365528525646 ], [ -7.924146647080565, 37.10836040652147 ], [ -7.924099300748473, 37.10835383901464 ], [ -7.924045559188545, 37.108341307782773 ], [ -7.923982714330574, 37.108324078541571 ], [ -7.92391482890952, 37.108299630058085 ], [ -7.923869209705854, 37.108277475292653 ], [ -7.923823036234116, 37.108253966132779 ], [ -7.923768221690026, 37.10822215371023 ], [ -7.923710710493897, 37.108190331093638 ], [ -7.923639938600674, 37.108150294349386 ], [ -7.923623990893566, 37.108140170651211 ], [ -7.923559629986744, 37.108102842971498 ], [ -7.923606455625851, 37.108092925703829 ], [ -7.923877192582497, 37.108034289426918 ], [ -7.924027148463734, 37.107997700411083 ], [ -7.924069465407189, 37.107990025868546 ], [ -7.924130148075365, 37.10797517336426 ], [ -7.924173033363004, 37.10796659872203 ], [ -7.924214227042261, 37.107960724277092 ], [ -7.924267473300266, 37.107949916093766 ], [ -7.924316666163618, 37.107938649315855 ], [ -7.924371609182185, 37.107923246843285 ], [ -7.924422061386949, 37.10790648304291 ], [ -7.924487923345349, 37.107888849775293 ], [ -7.92454162381433, 37.10787524806728 ], [ -7.924594300125804, 37.107865879536249 ], [ -7.924646423963717, 37.107854072631469 ], [ -7.924699673899299, 37.107841462131482 ], [ -7.925059552864516, 37.107765411744197 ], [ -7.9256352454716, 37.10763819178915 ], [ -7.926351494914828, 37.107409757055315 ], [ -7.927078194298995, 37.107143762650544 ], [ -7.927121781728505, 37.107126537940509 ], [ -7.929975329473476, 37.1070729546664 ], [ -7.929977479027373, 37.106985468585655 ], [ -7.929871234875643, 37.106959025003349 ], [ -7.930222074482178, 37.105994076501737 ], [ -7.930442626631399, 37.10602842470945 ], [ -7.930450114152269, 37.106004561094068 ], [ -7.930586923036554, 37.106086609709863 ], [ -7.930577302924874, 37.106065958897076 ], [ -7.930566545651404, 37.106049451038658 ], [ -7.930560833868525, 37.106039350258428 ], [ -7.930556361989809, 37.106028351432279 ], [ -7.93055234117188, 37.106017801205631 ], [ -7.930550673197545, 37.10601130798721 ], [ -7.930550130272837, 37.106003110074077 ], [ -7.930550263408517, 37.105995361144977 ], [ -7.930551971942289, 37.105986622834827 ], [ -7.930555483855334, 37.105977888506274 ], [ -7.930564068037984, 37.105964655716186 ], [ -7.93057895974948, 37.105948190767094 ], [ -7.93061053989645, 37.105918602376342 ], [ -7.930630725851936, 37.105902147362833 ], [ -7.930648416683402, 37.105890284416766 ], [ -7.930666785898107, 37.105878418120909 ], [ -7.930684023996174, 37.10586799970438 ], [ -7.930696085911159, 37.105859279066088 ], [ -7.93070860095964, 37.105850649306504 ], [ -7.930722457983385, 37.105842923801916 ], [ -7.930739584944676, 37.10583240967464 ], [ -7.930775757181988, 37.105808771598241 ], [ -7.930811260036258, 37.10578639566144 ], [ -7.930835366990253, 37.105772740602745 ], [ -7.930851366349223, 37.105762767877692 ], [ -7.930875488669786, 37.105745866300666 ], [ -7.930889807719432, 37.105734450803062 ], [ -7.93090130850484, 37.105723927057191 ], [ -7.93092319788052, 37.105700172669195 ], [ -7.930939788649371, 37.105681006475599 ], [ -7.930961119295086, 37.105654553339846 ], [ -7.930978392678201, 37.105631245208578 ], [ -7.930993859606535, 37.105611630163274 ], [ -7.931008197416328, 37.105591020218014 ], [ -7.931022655736975, 37.105569509411552 ], [ -7.931035867936781, 37.105551239411803 ], [ -7.931048517841763, 37.105531618657295 ], [ -7.931058911412796, 37.105516495776392 ], [ -7.931076741158826, 37.105494628479711 ], [ -7.931126414417426, 37.105385777972735 ], [ -7.931113761778159, 37.105278076470164 ], [ -7.93105639637703, 37.104933951271271 ], [ -7.931328590988887, 37.104940297825713 ], [ -7.931302440279214, 37.104699938411926 ], [ -7.931318831684029, 37.104579809298869 ], [ -7.931357155842025, 37.104270898434109 ], [ -7.931384239715938, 37.104159370139257 ], [ -7.931502291207303, 37.10409090975611 ], [ -7.931818329121572, 37.104117194597379 ], [ -7.932075430817942, 37.104143378692264 ], [ -7.932482266666028, 37.104277099169366 ], [ -7.932183854364671, 37.103662933459262 ], [ -7.931896804762825, 37.10359522185805 ], [ -7.931907834279985, 37.103550458538706 ], [ -7.931833567892115, 37.10347184612661 ], [ -7.931573601720626, 37.10346449700944 ], [ -7.931217890361006, 37.103378717830005 ], [ -7.931332569827534, 37.102935948495066 ], [ -7.931442460134725, 37.102857290428538 ], [ -7.93174338393037, 37.103030896448722 ], [ -7.931806290531124, 37.103066323210115 ], [ -7.931911873830068, 37.103086052815115 ], [ -7.932015111872856, 37.103098029188409 ], [ -7.93213095633202, 37.103109579009562 ], [ -7.932239054809249, 37.103111563404354 ], [ -7.93234072099788, 37.102652645557832 ], [ -7.932262315093651, 37.102609008450628 ], [ -7.932153925357978, 37.102570202453599 ], [ -7.932143042450337, 37.102534450464944 ], [ -7.932139947145101, 37.102513363896115 ], [ -7.932139527528967, 37.102501016788658 ], [ -7.932141486021609, 37.102482727581858 ], [ -7.932145118352089, 37.102471289307822 ], [ -7.932152112533284, 37.10246265093442 ], [ -7.932163171688816, 37.102450414287034 ], [ -7.932179532815979, 37.102431343031924 ], [ -7.932189472082482, 37.10241675811038 ], [ -7.932197040668603, 37.102404877773544 ], [ -7.932199419897422, 37.102398934773831 ], [ -7.932126835517967, 37.102364841610701 ], [ -7.932248177721303, 37.102209345831675 ], [ -7.932353067504327, 37.101721142430783 ], [ -7.932531479399958, 37.10176514331463 ], [ -7.932694685467571, 37.101132329786395 ], [ -7.932912889728851, 37.101187029918393 ], [ -7.933188321551697, 37.101126401458352 ], [ -7.93384630634344, 37.101036766251191 ], [ -7.933925428088273, 37.101022840755768 ], [ -7.934003101872491, 37.10026832967938 ], [ -7.934019773064927, 37.099826472362238 ], [ -7.934007488593974, 37.099619840971982 ], [ -7.93399836582315, 37.098888970290794 ], [ -7.933923004848003, 37.098886050426373 ], [ -7.933861323098131, 37.097821515823391 ], [ -7.933862023396986, 37.097596610019508 ], [ -7.933836846490223, 37.097246007060264 ], [ -7.933844903465391, 37.096896991736244 ], [ -7.933834409465744, 37.09649410741455 ], [ -7.933837348774806, 37.09640346509255 ], [ -7.933838306647708, 37.096337512258629 ], [ -7.933843754300597, 37.096275256834602 ], [ -7.933855448951708, 37.096146605125284 ], [ -7.933867690076482, 37.096024891639424 ], [ -7.933916824498533, 37.096034610184027 ], [ -7.934065224264605, 37.095331489682216 ], [ -7.934096019889508, 37.095255581470013 ], [ -7.934134814085462, 37.09517328729585 ], [ -7.934171357043449, 37.095091980504279 ], [ -7.934198267242413, 37.095081482266146 ], [ -7.934202903960979, 37.095072839805589 ], [ -7.93430436812081, 37.094854319317278 ], [ -7.934335699467781, 37.094787605515535 ], [ -7.934373780923214, 37.094720899412685 ], [ -7.934403837647475, 37.094670578360095 ], [ -7.934426403663044, 37.094643224648721 ], [ -7.934449231048492, 37.09464371612777 ], [ -7.934469800933446, 37.094649787730177 ], [ -7.934490380526911, 37.094651709934041 ], [ -7.934518402139458, 37.094646711791469 ], [ -7.934545852476023, 37.094646399132557 ], [ -7.934571042616947, 37.094649684246178 ], [ -7.934608144304277, 37.094655330264068 ], [ -7.934637825524821, 37.094662227146848 ], [ -7.934644138941986, 37.094656743910434 ], [ -7.934648346296285, 37.094638458400546 ], [ -7.934664525745034, 37.094601900373824 ], [ -7.934647873817546, 37.09443058336624 ], [ -7.934509413086404, 37.094255090521266 ], [ -7.934496262250206, 37.094250924491924 ], [ -7.934467732607393, 37.09423384925239 ], [ -7.934427856205741, 37.094212246960431 ], [ -7.934382252573741, 37.094189196054444 ], [ -7.934337758831788, 37.09416929351562 ], [ -7.934288661144342, 37.094147676621333 ], [ -7.934268206187446, 37.09414115734981 ], [ -7.934219093446035, 37.094123593398898 ], [ -7.934156818829576, 37.094108262716901 ], [ -7.934127148716295, 37.094097217221531 ], [ -7.934140891618041, 37.094091746477112 ], [ -7.934175180868529, 37.094097841148368 ], [ -7.934202603067415, 37.094105636318517 ], [ -7.934228371752732, 37.09410396751025 ], [ -7.934266058241164, 37.094102226771163 ], [ -7.934315896611364, 37.09409735626236 ], [ -7.934350213104661, 37.094095610748376 ], [ -7.934385051719696, 37.09410584938388 ], [ -7.934427886753249, 37.094116102307403 ], [ -7.934453067612356, 37.094120288497187 ], [ -7.934485000385757, 37.094126378230307 ], [ -7.934510745802263, 37.09413147092534 ], [ -7.934543928331106, 37.09413107325404 ], [ -7.934601639005138, 37.094127654809533 ], [ -7.934657644514553, 37.094131534825976 ], [ -7.934703982558175, 37.094133504600343 ], [ -7.934768654802576, 37.094138295625122 ], [ -7.934814870323509, 37.094143689204245 ], [ -7.934850278564402, 37.094152488751156 ], [ -7.934878838587482, 37.09415533160314 ], [ -7.934898280031874, 37.09416275014199 ], [ -7.935148127981296, 37.093242727890463 ], [ -7.934328038002158, 37.093321824053071 ], [ -7.934612150777856, 37.092418979603487 ], [ -7.934766493288274, 37.090936169937031 ], [ -7.934767630549354, 37.090904192067676 ], [ -7.934770743647074, 37.090816693749055 ], [ -7.934854519409001, 37.090390269554902 ], [ -7.934926599430431, 37.090396874109217 ], [ -7.935915182586477, 37.090610447601222 ], [ -7.935950478232185, 37.090618707797603 ], [ -7.935981154491735, 37.090115796612636 ], [ -7.936046757299478, 37.089605236588724 ], [ -7.936128129856289, 37.089210568225724 ], [ -7.936171760335928, 37.088910246449089 ], [ -7.936194186054546, 37.088524062759994 ], [ -7.936216289620257, 37.088262327642731 ], [ -7.936270943051165, 37.087841866722094 ], [ -7.936276699662826, 37.087687388241051 ], [ -7.936239647226732, 37.087515673363072 ], [ -7.936224465040568, 37.087172340489658 ], [ -7.936118045576031, 37.086897517443894 ], [ -7.936081161613639, 37.086661432297596 ], [ -7.936033497173755, 37.086451077228759 ], [ -7.9359805326754, 37.086219257097774 ], [ -7.935954472333239, 37.085940276519963 ], [ -7.93596598537103, 37.085631318584973 ], [ -7.936041909318305, 37.085270971643354 ], [ -7.936053033090535, 37.085112210237732 ], [ -7.93599431251083, 37.085034868605433 ], [ -7.935780536401865, 37.084849985201565 ], [ -7.935668397568935, 37.08471676669064 ], [ -7.93544412220115, 37.084450330248089 ], [ -7.935161084750225, 37.084123715693607 ], [ -7.935059671805109, 37.083986223608321 ], [ -7.934941088758534, 37.083847844027801 ], [ -7.93480142785572, 37.083752457792713 ], [ -7.934648188080411, 37.083620770764938 ], [ -7.934477144901067, 37.083483161636515 ], [ -7.934316860770308, 37.083328404943551 ], [ -7.934151388723785, 37.083109268814773 ], [ -7.934076614740547, 37.083027607492127 ], [ -7.933927011116415, 37.082885741748122 ], [ -7.933675784741988, 37.082524765198308 ], [ -7.933639039096201, 37.08242585981165 ], [ -7.933614419229147, 37.082335261934411 ], [ -7.933566006971584, 37.082184702075729 ], [ -7.933516708808472, 37.082073987749631 ], [ -7.933666549042994, 37.082012583307829 ], [ -7.93374370866484, 37.082008568118951 ], [ -7.933802637826586, 37.082010917128542 ], [ -7.933885501923969, 37.082019706604761 ], [ -7.933993974663086, 37.082040884556726 ], [ -7.934076350690217, 37.082065170555779 ], [ -7.934136901544106, 37.082089510893049 ], [ -7.934190032898097, 37.082115640892525 ], [ -7.934252817346319, 37.082148181935814 ], [ -7.934290549610116, 37.082170142056711 ], [ -7.93431906813026, 37.082187581380836 ], [ -7.934391635951391, 37.082221039816204 ], [ -7.934442537317676, 37.082238968946797 ], [ -7.934477367181726, 37.082250920485137 ], [ -7.93451850309836, 37.082261979701784 ], [ -7.93455682903876, 37.082270246294492 ], [ -7.934592253052564, 37.082273457529354 ], [ -7.934678495247875, 37.082280811297458 ], [ -7.934760243358497, 37.08228599221983 ], [ -7.93485232549666, 37.082295244267314 ], [ -7.934922063511908, 37.082293467676045 ], [ -7.934988889607957, 37.082284842565173 ], [ -7.935054045698345, 37.082268818658584 ], [ -7.935105500565037, 37.082248269204449 ], [ -7.935172366906778, 37.08222414117548 ], [ -7.935203214825812, 37.082210859544382 ], [ -7.935268500553683, 37.082190782730265 ], [ -7.935501605134989, 37.082202880723827 ], [ -7.935598215017286, 37.082203942716696 ], [ -7.935666255608134, 37.08220441733409 ], [ -7.935746776167706, 37.082205900251445 ], [ -7.935805142169007, 37.082207351667101 ], [ -7.935863401750738, 37.082206904325929 ], [ -7.935922794184165, 37.082202859071259 ], [ -7.93601431273735, 37.08221391592194 ], [ -7.936056539222954, 37.082238224826611 ], [ -7.93608460707182, 37.082257011877196 ], [ -7.936118845148606, 37.082281755319897 ], [ -7.936157723925017, 37.082295067395677 ], [ -7.936224513039299, 37.082301124436675 ], [ -7.936267360327151, 37.082301557786131 ], [ -7.936334832757267, 37.082303018648076 ], [ -7.936374311472805, 37.082303536476893 ], [ -7.936405118997905, 37.082305385206809 ], [ -7.936506881305348, 37.082314203292093 ], [ -7.936512627701363, 37.082310522041276 ], [ -7.936528627386688, 37.082298655359352 ], [ -7.936553187481385, 37.082281752373909 ], [ -7.936578318182357, 37.082262510254161 ], [ -7.936608623204656, 37.082242918076659 ], [ -7.936631492742911, 37.082227819817142 ], [ -7.936645796274482, 37.082217747940859 ], [ -7.936683532382951, 37.082194472771583 ], [ -7.936732184797652, 37.082168425957413 ], [ -7.937365366772054, 37.082258221588518 ], [ -7.937465414271219, 37.082276134109243 ], [ -7.93752196414794, 37.08228542188067 ], [ -7.937584805633049, 37.082294174850965 ], [ -7.937671157153506, 37.082302875522956 ], [ -7.937740305796915, 37.082310738636508 ], [ -7.937791696823973, 37.08231217217854 ], [ -7.937882006508355, 37.08231412210322 ], [ -7.93791687344544, 37.082311838515139 ], [ -7.937969972383976, 37.082306427571766 ], [ -7.938039155263766, 37.082300503319402 ], [ -7.938119237820825, 37.082298292228444 ], [ -7.938178043485865, 37.082302895136678 ], [ -7.938284386790042, 37.082321361559409 ], [ -7.938343747618346, 37.082329656073746 ], [ -7.938402663061646, 37.082338403064611 ], [ -7.938456408952184, 37.082342996627247 ], [ -7.938541551366206, 37.082340794456449 ], [ -7.93867531986612, 37.08232262932794 ], [ -7.938735852064365, 37.08231308621346 ], [ -7.938781076346815, 37.082307570092212 ], [ -7.938875343656464, 37.082298087582124 ], [ -7.938954773387921, 37.082288574401304 ], [ -7.939006862693941, 37.082279918395457 ], [ -7.939071448091473, 37.082269933010693 ], [ -7.939131974837798, 37.08225984543958 ], [ -7.939216583915116, 37.082247098509747 ], [ -7.939296006801511, 37.082237585990065 ], [ -7.939442396648411, 37.082211152592144 ], [ -7.939472096966546, 37.082206155102504 ], [ -7.939520702833079, 37.082198485259831 ], [ -7.939556709346027, 37.082192505965601 ], [ -7.939588105722684, 37.082185261246757 ], [ -7.939615565194947, 37.082176923408284 ], [ -7.939635608229268, 37.082168758184508 ], [ -7.939654415642588, 37.082157344392186 ], [ -7.939669861819358, 37.082143129099329 ], [ -7.939678432539848, 37.082133506150299 ], [ -7.939688807336431, 37.082121176629805 ], [ -7.939695580871475, 37.082111545342173 ], [ -7.939700220979494, 37.082101009506658 ], [ -7.939704182705188, 37.082090114840511 ], [ -7.939708265346579, 37.082076336051152 ], [ -7.939708286183116, 37.082068133658673 ], [ -7.939705949736372, 37.082059932828678 ], [ -7.939701912749197, 37.082053526857173 ], [ -7.939696872602084, 37.0820462226865 ], [ -7.939672316006314, 37.082017345743346 ], [ -7.939592891137681, 37.081893680587541 ], [ -7.939523821367001, 37.081765525133541 ], [ -7.938781795572956, 37.080430737322509 ], [ -7.938456074869339, 37.079861613494664 ], [ -7.938202901840796, 37.079431947452683 ], [ -7.938061367896723, 37.079221553984581 ], [ -7.937759793388641, 37.078862197956049 ], [ -7.937751276925425, 37.078850285313408 ], [ -7.937736372364371, 37.078830171430909 ], [ -7.937730655914828, 37.078821869476911 ], [ -7.937724386300594, 37.078811321147548 ], [ -7.937717558004107, 37.078797609145433 ], [ -7.937713539914331, 37.07878616255455 ], [ -7.937711882290942, 37.078776064247116 ], [ -7.93771077759884, 37.078767865402853 ], [ -7.937710126520154, 37.0787573209223 ], [ -7.937710153576909, 37.078746777558919 ], [ -7.937711303841579, 37.078736779390525 ], [ -7.937713018862832, 37.078727139876868 ], [ -7.93771597107198, 37.078715700263373 ], [ -7.937719369645668, 37.078705615691781 ], [ -7.937723896236977, 37.078695077938463 ], [ -7.937729093937588, 37.078685087338258 ], [ -7.937736537585196, 37.078676807062024 ], [ -7.937744533973981, 37.078673129455055 ], [ -7.937757141366316, 37.078667651897781 ], [ -7.937774815111727, 37.078661733950703 ], [ -7.937790790260295, 37.078659056151054 ], [ -7.937810811915707, 37.078656748143082 ], [ -7.93784230672853, 37.078654905951055 ], [ -7.937861094436871, 37.078653134742353 ], [ -7.938255578022931, 37.078676871564092 ], [ -7.938769648356368, 37.078716337507771 ], [ -7.939165920656865, 37.078742734188666 ], [ -7.939631778283989, 37.078786408441012 ], [ -7.939885337720762, 37.078806010952306 ], [ -7.939904111570899, 37.078807481443647 ], [ -7.939911643231885, 37.078808304674183 ], [ -7.939933352625931, 37.078806991134009 ], [ -7.939943593329308, 37.078805652604835 ], [ -7.939955913124614, 37.078803105522859 ], [ -7.939968793881259, 37.078800200727599 ], [ -7.939977917064846, 37.078796067061816 ], [ -7.939986479088341, 37.078791038621176 ], [ -7.939993356545709, 37.078784198090602 ], [ -7.939997980530213, 37.078776818655641 ], [ -7.940002503154487, 37.078767722519039 ], [ -7.940004767440239, 37.078761780051231 ], [ -7.940007036526778, 37.078753944445211 ], [ -7.94000829436662, 37.078746197299694 ], [ -7.94001000003988, 37.078737912043962 ], [ -7.940009909541691, 37.078728808396512 ], [ -7.940008810189768, 37.078721510650979 ], [ -7.940003681440221, 37.078701769790804 ], [ -7.940000228697521, 37.07869031969188 ], [ -7.939995085792543, 37.078676161831773 ], [ -7.939989400068781, 37.078658313209978 ], [ -7.939984928416621, 37.078647314689213 ], [ -7.939836577782728, 37.078284654064134 ], [ -7.939660999496001, 37.077825193827614 ], [ -7.93958650831751, 37.077631961478154 ], [ -7.939304777990058, 37.076794688395573 ], [ -7.939022933508978, 37.076004618669266 ], [ -7.938677286968897, 37.075034207172912 ], [ -7.938459283927566, 37.074415894289501 ], [ -7.938211495139886, 37.073672049035579 ], [ -7.93817219965816, 37.073587191995593 ], [ -7.938624830907459, 37.073424840485316 ], [ -7.938936746883444, 37.073303166442066 ], [ -7.939567087652987, 37.073061709740237 ], [ -7.939728044796752, 37.073002953990354 ], [ -7.93976495938842, 37.07299147867144 ], [ -7.939819547828861, 37.072973457036177 ], [ -7.93989584341035, 37.072951682639179 ], [ -7.939976875110812, 37.072926044007318 ], [ -7.940086456064984, 37.072903965954588 ], [ -7.940118515074191, 37.072899511869871 ], [ -7.940175551710238, 37.072892483502009 ], [ -7.940226054366044, 37.072887430439785 ], [ -7.940287794013082, 37.072884286969298 ], [ -7.94036156292175, 37.072885035813243 ], [ -7.940440593338839, 37.07289516879009 ], [ -7.940512771111444, 37.072901679099594 ], [ -7.940588208623598, 37.072908291971586 ], [ -7.940684423108661, 37.072924574544864 ], [ -7.940785814223782, 37.072941137556796 ], [ -7.940859660826843, 37.072956124923451 ], [ -7.940975870886019, 37.072982082917392 ], [ -7.941130179677061, 37.073017476297125 ], [ -7.941480140796547, 37.073103460921288 ], [ -7.942191183509806, 37.073281299221797 ], [ -7.942541142089361, 37.073369263965297 ], [ -7.943795937372747, 37.073674673447535 ], [ -7.944395378888829, 37.073830117094928 ], [ -7.94446031571602, 37.073842597486745 ], [ -7.944507675232757, 37.07385814507019 ], [ -7.944651587374593, 37.073866421265755 ], [ -7.944835700947617, 37.073861350482957 ], [ -7.945060006974998, 37.073845615004998 ], [ -7.945428359534948, 37.073784512079698 ], [ -7.946314836909082, 37.073677050481926 ], [ -7.946426134760192, 37.07366807984441 ], [ -7.946810995475589, 37.073639265012993 ], [ -7.946950100152715, 37.073650273725711 ], [ -7.948758213652727, 37.073901252353792 ], [ -7.949462599283113, 37.074006641166875 ], [ -7.950786137287807, 37.074202890582242 ], [ -7.951750791925805, 37.074330245311231 ], [ -7.951934651715441, 37.074395260949011 ], [ -7.952127376794285, 37.074507040935181 ], [ -7.952279692922439, 37.074625951347599 ], [ -7.952821395891135, 37.075202184693829 ], [ -7.953130391924729, 37.075493954476876 ], [ -7.953278222359903, 37.075612856784666 ], [ -7.953457488151446, 37.075724614185475 ], [ -7.953663683194655, 37.075836412057988 ], [ -7.954322771047147, 37.076128709648437 ], [ -7.954618684150581, 37.076262219872056 ], [ -7.954923650337854, 37.076363376537294 ], [ -7.955264499656851, 37.07647537473219 ], [ -7.955802724906397, 37.0766344200565 ], [ -7.956623499907338, 37.076887388579145 ], [ -7.957318681042232, 37.077107798925624 ], [ -7.957605742862054, 37.077190939507105 ], [ -7.959261225893038, 37.077466743992964 ], [ -7.959642692417297, 37.07752480695472 ], [ -7.959357322178656, 37.078660811633959 ], [ -7.959487412121056, 37.078693369444863 ], [ -7.959572634518782, 37.078718668239127 ], [ -7.959639812548648, 37.078783500226791 ], [ -7.959706959058643, 37.078862716799385 ], [ -7.959801043725705, 37.078938376530573 ], [ -7.959881752524655, 37.078974457909851 ], [ -7.960002933143223, 37.078978231902205 ], [ -7.961488868500822, 37.078865319351564 ], [ -7.96224304891458, 37.078812469314748 ], [ -7.963203807857402, 37.078709563336226 ], [ -7.963235001251538, 37.078810304314878 ], [ -7.963323328410029, 37.079454164579211 ], [ -7.963416362947587, 37.080000932235791 ], [ -7.963460595327575, 37.080292294935404 ], [ -7.963556873874717, 37.081099787752969 ], [ -7.96378479925959, 37.081012927734413 ], [ -7.964263272346209, 37.080996631911688 ], [ -7.964856677813272, 37.080976295571972 ], [ -7.965449846627662, 37.080933052556169 ], [ -7.966181945219877, 37.080891176279671 ], [ -7.966672986671274, 37.080863260126264 ], [ -7.967790321141693, 37.080876702490755 ], [ -7.967897658848472, 37.081738644347467 ], [ -7.968735206745261, 37.081889472009614 ], [ -7.968761027719562, 37.082222366242526 ], [ -7.968805697924961, 37.082613792061487 ], [ -7.96882290144419, 37.082914212399608 ], [ -7.969079587503368, 37.083388448729998 ], [ -7.969764187894131, 37.08352062701762 ], [ -7.971338755000605, 37.083510251276586 ], [ -7.971517438720038, 37.083424185996527 ], [ -7.973043457185853, 37.08320401663682 ], [ -7.975274969404859, 37.0827347571187 ], [ -7.975427231092382, 37.082794037325975 ], [ -7.975496065964264, 37.082790975080592 ], [ -7.976107109237431, 37.082892887258033 ], [ -7.976205384611204, 37.082902386624504 ], [ -7.975408523807183, 37.084568669096015 ], [ -7.974270614177464, 37.090404678989707 ], [ -7.975945772598273, 37.091049113405333 ], [ -7.975907620785819, 37.091112318685767 ], [ -7.975882329484845, 37.091158241407335 ], [ -7.975872499761747, 37.091182824816862 ], [ -7.975868274518452, 37.09121084511969 ], [ -7.975864032947134, 37.091250033232079 ], [ -7.975856895993554, 37.091330672019147 ], [ -7.97583759503809, 37.091469772155428 ], [ -7.975832119692075, 37.091507251105774 ], [ -7.975816131819542, 37.091570391131079 ], [ -7.975802392376469, 37.091633538641304 ], [ -7.975788795350494, 37.091680559933039 ], [ -7.975767902966679, 37.091719367324458 ], [ -7.975748585121964, 37.091760971912549 ], [ -7.975772649272492, 37.091765238858059 ], [ -7.976446630127814, 37.091987344080401 ], [ -7.976460564432869, 37.092211280451473 ], [ -7.976462350834923, 37.092271291198635 ], [ -7.976454069491783, 37.092306511094698 ], [ -7.97644061553709, 37.092342087286831 ], [ -7.976420587352579, 37.092398828073144 ], [ -7.976482469332475, 37.092390893021424 ], [ -7.976599686571074, 37.092385010623133 ], [ -7.976720387936869, 37.092381020439809 ], [ -7.976846244109607, 37.092385335756823 ], [ -7.976899320941026, 37.092393335075037 ], [ -7.976985438029609, 37.092413901806836 ], [ -7.977072233476286, 37.092436089487833 ], [ -7.977153160142821, 37.092465751851293 ], [ -7.977209574646396, 37.092488444620592 ], [ -7.977354509332449, 37.092461242612814 ], [ -7.977441608850182, 37.092441534392684 ], [ -7.977453199095561, 37.092549226259237 ], [ -7.977567319341687, 37.092517749426882 ], [ -7.977863915462442, 37.092418925135725 ], [ -7.97810872374769, 37.092284086141312 ], [ -7.97815199881421, 37.092243594659209 ], [ -7.978192781656728, 37.092211751054059 ], [ -7.978248646896738, 37.092174427014854 ], [ -7.978390058907754, 37.092219122520163 ], [ -7.978530502493234, 37.092242285587631 ], [ -7.978483754904469, 37.092554266998796 ], [ -7.978951819165084, 37.092649938970467 ], [ -7.979106665375366, 37.092672215404356 ], [ -7.979127707591508, 37.092652595854361 ], [ -7.979731445611965, 37.09266092285965 ], [ -7.980147362474702, 37.092776101050156 ], [ -7.980239219751695, 37.092797755004703 ], [ -7.980693742074398, 37.09286564796642 ], [ -7.980973827830514, 37.093032349148714 ], [ -7.98129784225405, 37.093198028231853 ], [ -7.981550334925076, 37.093298811182564 ], [ -7.981592055112341, 37.09330364195251 ], [ -7.981746094053205, 37.093335283206244 ], [ -7.98178488530452, 37.093342906181888 ], [ -7.981780699646539, 37.093412012704029 ], [ -7.981780004177995, 37.093420662062755 ], [ -7.981780272355078, 37.093427779935645 ], [ -7.981780975262709, 37.093440844506432 ], [ -7.981786732112851, 37.093447069216779 ], [ -7.981795130865279, 37.093450057059719 ], [ -7.982081341843895, 37.093424378352708 ], [ -7.982333369265009, 37.093390727007346 ], [ -7.982572232770163, 37.093361564654359 ], [ -7.98288600167396, 37.093276450340362 ], [ -7.983346117474791, 37.093190527123127 ], [ -7.983701741820745, 37.093227917651369 ], [ -7.983867280917275, 37.093288049773761 ], [ -7.984362289495457, 37.093419866194481 ], [ -7.984539574030231, 37.093415944419149 ], [ -7.985043232761631, 37.093434775890167 ], [ -7.985285754255724, 37.093488510833893 ], [ -7.985702056743728, 37.093487945041019 ], [ -7.986726539637515, 37.093205195799783 ], [ -7.987400833292638, 37.093991129779681 ], [ -7.9873495313877, 37.094290315678819 ], [ -7.987347418140301, 37.094336540533853 ], [ -7.987634427111416, 37.094127210102059 ], [ -7.9876804957302, 37.094097261065549 ], [ -7.987724873428273, 37.094066858503304 ], [ -7.987745595464525, 37.094053726521075 ], [ -7.987766877053214, 37.094041501694647 ], [ -7.987780724431699, 37.094034670553647 ], [ -7.987796822429653, 37.094027928671238 ], [ -7.98780830653297, 37.094021094631174 ], [ -7.987822724854794, 37.094011560982921 ], [ -7.987841079379057, 37.094001221194077 ], [ -7.987860114033479, 37.093987549187489 ], [ -7.987871038815878, 37.093980265724717 ], [ -7.987936126998107, 37.09394267720355 ], [ -7.987960582459744, 37.093917657467372 ], [ -7.987990320682099, 37.093897059420506 ], [ -7.988022538726944, 37.093871959063421 ], [ -7.988053516918322, 37.093846409350469 ], [ -7.988085065613431, 37.09381896538239 ], [ -7.988114934977161, 37.093789717217909 ], [ -7.988133308985772, 37.093769100734313 ], [ -7.988149436212679, 37.093745787310112 ], [ -7.988176502007823, 37.093709683085621 ], [ -7.988204011484004, 37.093674484969512 ], [ -7.988231071217044, 37.093641538064652 ], [ -7.988257454405463, 37.093610035639081 ], [ -7.988281686315217, 37.093583570250004 ], [ -7.988310309413671, 37.093556575884612 ], [ -7.988338478967762, 37.093531470496742 ], [ -7.98837114603809, 37.093504929784601 ], [ -7.988398744086007, 37.093485768927188 ], [ -7.988419923290649, 37.093467502200461 ], [ -7.988413770094907, 37.093450556428358 ], [ -7.988411544784734, 37.093437754952113 ], [ -7.988409922499732, 37.093404777510678 ], [ -7.988427209616351, 37.093363526111666 ], [ -7.98843421431283, 37.09334614766081 ], [ -7.988444052334357, 37.093318763609119 ], [ -7.988456138439341, 37.09329219776464 ], [ -7.988480836392916, 37.09325834685221 ], [ -7.988501582826297, 37.093232782738404 ], [ -7.9885268372542, 37.093202627772037 ], [ -7.988551500400317, 37.093187069371616 ], [ -7.98857729691299, 37.093167006109113 ], [ -7.988594529221563, 37.093155133019579 ], [ -7.988633492513655, 37.093132290677822 ], [ -7.98867763196384, 37.093107204661898 ], [ -7.988720084967508, 37.093083469078323 ], [ -7.988751043909938, 37.093068367032828 ], [ -7.98877108321865, 37.0930579435475 ], [ -7.988800919050066, 37.093046082162587 ], [ -7.988848967894269, 37.09303424653104 ], [ -7.988913669944156, 37.09302107772654 ], [ -7.988961155550411, 37.093012037376916 ], [ -7.989021237589127, 37.093002020238281 ], [ -7.989234335694328, 37.092914510483986 ], [ -7.989339818295496, 37.0928671521525 ], [ -7.989360415021203, 37.092861682410806 ], [ -7.989379323952968, 37.092857108083187 ], [ -7.989395861024565, 37.09285352385465 ], [ -7.989425684893957, 37.092846712780748 ], [ -7.989452011684992, 37.09284169959809 ], [ -7.989468552956166, 37.092839462460383 ], [ -7.989525828103009, 37.092828993835269 ], [ -7.989667459525414, 37.09287782017045 ], [ -7.989814317831277, 37.092902326533384 ], [ -7.989854345621723, 37.092910667416518 ], [ -7.989898993059171, 37.092917208125691 ], [ -7.989932162786829, 37.092923193419836 ], [ -7.989972637433702, 37.092931983534143 ], [ -7.990015474172107, 37.092944381655755 ], [ -7.990040655036862, 37.092949995951763 ], [ -7.99007844301154, 37.092953736810863 ], [ -7.990110947914628, 37.092955578144924 ], [ -7.990167070386005, 37.09295934198331 ], [ -7.990220154179447, 37.092963997794968 ], [ -7.990281900005207, 37.092968759528631 ], [ -7.990338009082238, 37.092980272450241 ], [ -7.990391098996176, 37.09297807917892 ], [ -7.990431146089117, 37.092976779369707 ], [ -7.990501556855386, 37.092980105200219 ], [ -7.99056443248258, 37.092981622500332 ], [ -7.990623936920898, 37.092978993509547 ], [ -7.990753199728983, 37.092970675107452 ], [ -7.990784687365363, 37.092972158213023 ], [ -7.99085723164386, 37.092976837092984 ], [ -7.991346350257102, 37.092954894299957 ], [ -7.991445330202513, 37.092956457890551 ], [ -7.991489985356489, 37.092954709090208 ], [ -7.991553434218344, 37.092953429637006 ], [ -7.991624979701194, 37.092947211147077 ], [ -7.991703398641272, 37.092936307149358 ], [ -7.991764044203174, 37.092927281367835 ], [ -7.991844167355691, 37.092909628510448 ], [ -7.991917991394568, 37.092891423854681 ], [ -7.991980460505182, 37.092869508560618 ], [ -7.992045182914779, 37.09284498912551 ], [ -7.992093926429449, 37.092823959412698 ], [ -7.992148891218032, 37.092784740917111 ], [ -7.992201170763268, 37.092735331735753 ], [ -7.992230482766897, 37.092699234653047 ], [ -7.992262720929406, 37.092662234564223 ], [ -7.992298342690836, 37.092619659073691 ], [ -7.992339162123886, 37.092567987157508 ], [ -7.992372411914524, 37.092530091676544 ], [ -7.992404661927522, 37.092486605677635 ], [ -7.992777847505238, 37.092155227013848 ], [ -7.992827336739841, 37.092276044844297 ], [ -7.992874465166248, 37.092397467179715 ], [ -7.992926487803628, 37.092551250813628 ], [ -7.993040646130536, 37.092925868468555 ], [ -7.993252006110062, 37.093723381497732 ], [ -7.993407820893792, 37.094326288199163 ], [ -7.993570478535727, 37.094940736348832 ], [ -7.993643183641934, 37.095228261407314 ], [ -7.993705621720899, 37.095470902097226 ], [ -7.993799136685718, 37.09582044491119 ], [ -7.994054068739991, 37.096790922060123 ], [ -7.994240846440539, 37.097446666185846 ], [ -7.994319721909548, 37.097683648090531 ], [ -7.994443776184232, 37.098006194006437 ], [ -7.994506430057699, 37.098149681035338 ], [ -7.994574513576473, 37.09829157137338 ], [ -7.99464796288373, 37.098431735183205 ], [ -7.994756585326459, 37.098611170626519 ], [ -7.994869486008361, 37.098788904332579 ], [ -7.995073023788287, 37.099077931480075 ], [ -7.995166279012381, 37.099202477291243 ], [ -7.995318385483504, 37.09937980201596 ], [ -7.99547508647746, 37.09954736521351 ], [ -7.995635351334051, 37.099712751750566 ], [ -7.99578018310179, 37.099851271117281 ], [ -7.9959313521683, 37.099985375201307 ], [ -7.99608864963982, 37.100114878117672 ], [ -7.99620929450609, 37.100211070240796 ], [ -7.996284819828851, 37.100267944416665 ], [ -7.996471108948792, 37.100205806320083 ], [ -7.996587415479573, 37.100151605971632 ], [ -7.997157300375562, 37.099966276974122 ], [ -7.99831099988812, 37.099597972049565 ], [ -7.998386697469087, 37.0995809792581 ], [ -7.998825583563815, 37.100203626543589 ], [ -7.999143565545004, 37.100649920373094 ], [ -7.999259968245396, 37.100837056433186 ], [ -7.999304625080923, 37.100973764357228 ], [ -7.999317835755996, 37.101121225253287 ], [ -7.999236362200615, 37.101495141593226 ], [ -7.999146028821984, 37.101800719992895 ], [ -7.999051186022146, 37.102117082575816 ], [ -7.99898806943241, 37.102264456264564 ], [ -7.998911571187579, 37.102361468603583 ], [ -7.998808109150024, 37.102472834975565 ], [ -7.99878108091908, 37.102523151429999 ], [ -7.998776432461988, 37.102613052737567 ], [ -7.998807753629938, 37.102674223747471 ], [ -7.999121199042858, 37.103152878612654 ], [ -7.999927287748537, 37.104344141659055 ], [ -8.000464666673821, 37.105153897473876 ], [ -8.000939384641651, 37.105855694536302 ], [ -8.001270797555131, 37.106345151067174 ], [ -8.001387232849066, 37.106521496449453 ], [ -8.001588800810056, 37.106802226390947 ], [ -8.002073033614014, 37.107205541462662 ], [ -8.002862130652685, 37.107882503647318 ], [ -8.00417136472748, 37.108995171470774 ], [ -8.005646523020332, 37.110259045065725 ], [ -8.006489496367861, 37.110979195418579 ], [ -8.006481322282783, 37.111030082438717 ], [ -8.006473394892543, 37.111079430702482 ], [ -8.006438123173414, 37.111317366959675 ], [ -8.006272623441433, 37.111780923941559 ], [ -8.005930883672558, 37.112228074386323 ], [ -8.005808292195621, 37.11227056138825 ], [ -8.005846736019061, 37.112556887122395 ], [ -8.005864360246663, 37.112758295785596 ], [ -8.00585507874373, 37.112938096870884 ], [ -8.005827943087485, 37.113053147207509 ], [ -8.005746808904435, 37.113236468170186 ], [ -8.005516577201861, 37.113962659729623 ], [ -8.005311182073987, 37.114315180005995 ], [ -8.004968723488256, 37.115038546151837 ], [ -8.004873179018736, 37.115250375867348 ], [ -8.00483157701793, 37.115299529872729 ], [ -8.00448123266845, 37.115819066146898 ], [ -8.004312264189164, 37.11600396399146 ], [ -8.003924617208913, 37.116419478840086 ], [ -8.003853075267109, 37.116478060137126 ], [ -8.003661412729624, 37.116570302006934 ], [ -8.003335790606117, 37.116704023469687 ], [ -8.003119494151672, 37.11679128254265 ], [ -8.002995374956502, 37.116798806342111 ], [ -8.002549188241034, 37.116899872066377 ], [ -8.002390737594983, 37.116911953749657 ], [ -8.002227224226484, 37.116928260127771 ], [ -8.00214357115882, 37.116943855277277 ], [ -8.002004248923312, 37.117008432832186 ], [ -8.001851460965787, 37.117069400070704 ], [ -8.001631350439487, 37.117108714697444 ], [ -8.001483119908116, 37.117130127104858 ], [ -8.001323398728292, 37.117111444529364 ], [ -8.001076269510307, 37.117134242224829 ], [ -8.001254504622437, 37.117258514370214 ], [ -8.001820683152467, 37.117556055828601 ], [ -8.001720669862561, 37.118260805796425 ], [ -8.001676177343009, 37.118530379076063 ], [ -8.001701761465952, 37.118807412431075 ], [ -8.001676836357271, 37.118934148238885 ], [ -8.001618526332432, 37.119340012739301 ], [ -8.001638634880416, 37.119753894426232 ], [ -8.001663877682729, 37.119940182152057 ], [ -8.001362909664421, 37.119986599771352 ], [ -8.001001671599907, 37.120067753961621 ], [ -8.000142421336394, 37.120280261648752 ], [ -8.0003443723192, 37.121010614206064 ], [ -7.999753968593526, 37.121136105856742 ], [ -7.998518549002355, 37.121277539156303 ], [ -7.996944388727519, 37.121441459821568 ], [ -7.996890627900369, 37.121427163969322 ], [ -7.996338406096442, 37.12150690934871 ], [ -7.996127510158242, 37.121541267595653 ], [ -7.995709487513164, 37.121610473004338 ], [ -7.995781025601095, 37.121928323918176 ], [ -7.995839264527398, 37.122018317462349 ], [ -7.995946225725046, 37.122422657253829 ], [ -7.996093869604106, 37.122732706254396 ], [ -7.995918497332537, 37.122754315480314 ], [ -7.995633371909934, 37.122757135314522 ], [ -7.99538407456027, 37.122750099714303 ], [ -7.995002371889477, 37.122731674070515 ], [ -7.994800263941255, 37.122738630747655 ], [ -7.994729576236412, 37.122746715496937 ], [ -7.994754921875212, 37.122975928641978 ], [ -7.994509941972206, 37.122926676936956 ], [ -7.994196217231799, 37.122803315566912 ], [ -7.994069861004354, 37.122734866874367 ], [ -7.993981854807937, 37.122680612448889 ], [ -7.99403174985923, 37.123039814864121 ], [ -7.994039800945523, 37.123241662402592 ], [ -7.993736725296241, 37.123203546558074 ], [ -7.993591943773033, 37.12317370696902 ], [ -7.993583665461594, 37.123151492333456 ], [ -7.992336475158972, 37.122998290711166 ], [ -7.992020936159225, 37.122947189385428 ], [ -7.991689173205248, 37.122903544888423 ], [ -7.991526847648966, 37.122878122286643 ], [ -7.991412411586215, 37.122876546572492 ], [ -7.991354174354156, 37.122848451193676 ], [ -7.991203756516343, 37.122834487688053 ], [ -7.990876038822845, 37.12279318762009 ], [ -7.990783424306899, 37.123040238933754 ], [ -7.990644426789614, 37.12317442406831 ], [ -7.989966066780965, 37.123262094043994 ], [ -7.98995881474075, 37.123290020038439 ], [ -7.989727010104504, 37.12329046167126 ], [ -7.98972606194863, 37.123312896989511 ], [ -7.98946640263276, 37.123346555442701 ], [ -7.989364420960341, 37.123422030108337 ], [ -7.989378645431881, 37.123458360185964 ], [ -7.989409269445916, 37.1235108427691 ], [ -7.989305496003096, 37.123522701076816 ], [ -7.989331914581504, 37.123715738066529 ], [ -7.989296088947251, 37.123737320120668 ], [ -7.989262327374439, 37.123737914410874 ], [ -7.989238920754675, 37.123739598027946 ], [ -7.98920266984456, 37.123749825245618 ], [ -7.989162360204463, 37.123761760444587 ], [ -7.989115869781021, 37.123770536205434 ], [ -7.989049350576678, 37.123779916554071 ], [ -7.989006591749933, 37.123776708166197 ], [ -7.988964730998838, 37.12377819268864 ], [ -7.988928732357689, 37.12377463567092 ], [ -7.988907258312005, 37.123764786167165 ], [ -7.988882735549066, 37.123758090274677 ], [ -7.988845736590467, 37.123748584099467 ], [ -7.988822401791107, 37.12373850795143 ], [ -7.988802560478346, 37.123729876850533 ], [ -7.98877985481963, 37.123716783800674 ], [ -7.988753773670954, 37.123702336844389 ], [ -7.988737252123462, 37.123691233654135 ], [ -7.988720836844672, 37.123682835581469 ], [ -7.988718149328419, 37.123677696250468 ], [ -7.988701732444658, 37.123670738071517 ], [ -7.988685321904739, 37.123660442361455 ], [ -7.988662624203822, 37.123645551678443 ], [ -7.988662743265834, 37.123639151574558 ], [ -7.988667495104432, 37.12362681190276 ], [ -7.988672365722894, 37.123611772791335 ], [ -7.988675984678562, 37.123599884072483 ], [ -7.988672301721579, 37.123585640991301 ], [ -7.988657140979447, 37.123569042063451 ], [ -7.988641298282566, 37.123554244428227 ], [ -7.988615911779917, 37.123531958140319 ], [ -7.988565427448085, 37.123511355071656 ], [ -7.988547469874368, 37.123487365806774 ], [ -7.988526825193331, 37.123455080781042 ], [ -7.988497998581311, 37.123406296322159 ], [ -7.988463448824621, 37.12334867806198 ], [ -7.988347371440621, 37.123379623952168 ], [ -7.98827597648012, 37.123406837155834 ], [ -7.988226554734059, 37.123419215040904 ], [ -7.9881919820252, 37.123433950216075 ], [ -7.988091072340794, 37.123480593787832 ], [ -7.988073849323086, 37.123484535593526 ], [ -7.987988845446087, 37.12350570025999 ], [ -7.987909039315623, 37.123519116684975 ], [ -7.987772343412523, 37.123566975836056 ], [ -7.987784099549903, 37.12359735696419 ], [ -7.987793253622628, 37.123635035312269 ], [ -7.987803544550453, 37.123669013486904 ], [ -7.987844316385417, 37.123779211165662 ], [ -7.987880107761449, 37.123851179645989 ], [ -7.987929310289452, 37.12395553071174 ], [ -7.987689543656755, 37.124148784227081 ], [ -7.987393257177587, 37.124147249050715 ], [ -7.987326523363075, 37.124031200239578 ], [ -7.986736451009016, 37.124314853972699 ], [ -7.986730080993614, 37.124350978720521 ], [ -7.986769239503266, 37.124376211764066 ], [ -7.986908555796489, 37.124524474195887 ], [ -7.987002904261627, 37.124601713359397 ], [ -7.987096996589758, 37.12471690849285 ], [ -7.986624313345081, 37.125004472589865 ], [ -7.986799544728927, 37.125255975494099 ], [ -7.986593007636483, 37.125226950397604 ], [ -7.986505287115375, 37.125210226361858 ], [ -7.986487216899725, 37.125245348156355 ], [ -7.986739996661499, 37.125860067982536 ], [ -7.987032137908555, 37.126634284101115 ], [ -7.987094399698564, 37.126675719562158 ], [ -7.98702811122572, 37.126736909234964 ], [ -7.98698486144903, 37.126757042432899 ], [ -7.986860985055936, 37.126805726356345 ], [ -7.986767738462604, 37.12684102393758 ], [ -7.986665952809533, 37.12687342569609 ], [ -7.986584759967553, 37.126901980054782 ], [ -7.986525649890557, 37.126915603129348 ], [ -7.986492330660148, 37.12692124132257 ], [ -7.986442908255222, 37.126932625482929 ], [ -7.986403412549013, 37.126932214387303 ], [ -7.986369775550271, 37.126926407761054 ], [ -7.986328154351884, 37.12692004789961 ], [ -7.986290717769091, 37.126898194935066 ], [ -7.98624947770516, 37.126869312565596 ], [ -7.986202010990228, 37.126799242117769 ], [ -7.986154520504871, 37.126741511668754 ], [ -7.986125012994722, 37.12669408011282 ], [ -7.986085721961972, 37.126646097581244 ], [ -7.986004433264955, 37.126548593709337 ], [ -7.985978596608443, 37.126525043920878 ], [ -7.985948599539604, 37.126500404984419 ], [ -7.985914093582684, 37.126478555537481 ], [ -7.98588744298567, 37.12646915139684 ], [ -7.985840769476704, 37.126454050191683 ], [ -7.98576483192159, 37.126445486751329 ], [ -7.985698567505464, 37.126435218766773 ], [ -7.985635668685944, 37.126431450690184 ], [ -7.985575132165723, 37.126428127941658 ], [ -7.985520218769905, 37.126427159430058 ], [ -7.985460677345683, 37.12643294579992 ], [ -7.985408577176337, 37.126434321700167 ], [ -7.985362653081005, 37.126438408461624 ], [ -7.985316847205504, 37.126443039594292 ], [ -7.985282835340655, 37.126455973387358 ], [ -7.98523565370124, 37.12647248958725 ], [ -7.98519365652479, 37.126484874558813 ], [ -7.985161325018233, 37.126502855461304 ], [ -7.985111203598338, 37.126524780624045 ], [ -7.985038439239466, 37.126562534381243 ], [ -7.984980760239364, 37.12659364088438 ], [ -7.9849351419688, 37.12661511836437 ], [ -7.984886713763237, 37.126636593214663 ], [ -7.984798650929349, 37.126670092702817 ], [ -7.984753160036613, 37.126683913945584 ], [ -7.984688876422778, 37.126696536659779 ], [ -7.984642376650936, 37.126708915798318 ], [ -7.984605561958457, 37.126720405087589 ], [ -7.984572228708804, 37.126729733474797 ], [ -7.98451550452245, 37.126735071466882 ], [ -7.984461711021732, 37.126737344989508 ], [ -7.984390831310703, 37.126730676538614 ], [ -7.98435100975135, 37.126719725526257 ], [ -7.984303218722607, 37.126704168178883 ], [ -7.984242948884142, 37.126680663993085 ], [ -7.984195718700479, 37.126663758416356 ], [ -7.984153094548637, 37.126649103154286 ], [ -7.984104615082168, 37.126638051074252 ], [ -7.984053324666173, 37.126627534275407 ], [ -7.983992236510291, 37.126616828522835 ], [ -7.983945550506395, 37.126607667260089 ], [ -7.983899758955644, 37.126604905547978 ], [ -7.983861496766872, 37.126604501465586 ], [ -7.983805904844395, 37.126606324598711 ], [ -7.983743437825608, 37.126613003879186 ], [ -7.98366892723004, 37.126620477099827 ], [ -7.983608135035986, 37.126632113361595 ], [ -7.983547915115913, 37.126641140837769 ], [ -7.983498370887038, 37.126657115430525 ], [ -7.983458166726377, 37.126671395181084 ], [ -7.983400062087753, 37.126691412805471 ], [ -7.98334814906609, 37.126709639702703 ], [ -7.983277437756515, 37.126732349933889 ], [ -7.983211782457727, 37.126755060208261 ], [ -7.983156601480346, 37.126775540050232 ], [ -7.983108181978296, 37.126791158180282 ], [ -7.983081157688335, 37.1267995930681 ], [ -7.983029796145036, 37.126825116424293 ], [ -7.982965693161926, 37.126861167852319 ], [ -7.982926930459167, 37.126887341466905 ], [ -7.982885366894558, 37.126908916102259 ], [ -7.982836804321606, 37.126940479136763 ], [ -7.98280197082761, 37.126970801675654 ], [ -7.98276838786265, 37.126995270687758 ], [ -7.982747976456845, 37.127017052308979 ], [ -7.982681564766903, 37.127082292365763 ], [ -7.982636241462271, 37.12712539662747 ], [ -7.982591362029861, 37.127173907808128 ], [ -7.98254410197063, 37.12722665184117 ], [ -7.98251082997474, 37.127266165307944 ], [ -7.982485103392198, 37.127301634473426 ], [ -7.982427675646226, 37.127376620873939 ], [ -7.982397580236905, 37.127401989867508 ], [ -7.982364321611099, 37.127434117302506 ], [ -7.98232948859233, 37.127463990971329 ], [ -7.982292529234276, 37.127487911310375 ], [ -7.98224971996828, 37.127513179391222 ], [ -7.982188088232949, 37.127551573596691 ], [ -7.982121408486887, 37.127579062093417 ], [ -7.982079395339439, 37.127598922050367 ], [ -7.982040195334445, 37.127621128338603 ], [ -7.98199229983179, 37.127654676011396 ], [ -7.981953524618029, 37.127687334231439 ], [ -7.981918792788473, 37.127723336931403 ], [ -7.981879440525577, 37.12776149357277 ], [ -7.981828353400259, 37.127819362178741 ], [ -7.981806366476333, 37.127839791832834 ], [ -7.981761282815877, 37.12787622910124 ], [ -7.981734802571221, 37.127892050380368 ], [ -7.98169336057712, 37.127909207742299 ], [ -7.981650343427938, 37.127921680257792 ], [ -7.981604540751242, 37.127924145606883 ], [ -7.981546130031801, 37.127926502911684 ], [ -7.981483098924756, 37.127931559266607 ], [ -7.981420185068396, 37.12793706717013 ], [ -7.981376626701251, 37.127939892123358 ], [ -7.981325087457226, 37.127940460495012 ], [ -7.981294249207338, 37.127940239894386 ], [ -7.981269048241004, 37.127939216451338 ], [ -7.981198725500964, 37.127932727018262 ], [ -7.981154863200475, 37.127920960602779 ], [ -7.981114366603467, 37.127911538544431 ], [ -7.981082980075386, 37.127905818004223 ], [ -7.981007615152028, 37.127890133861939 ], [ -7.980970495743638, 37.127883510280782 ], [ -7.98093742074395, 37.127876349440108 ], [ -7.9808973676032, 37.127871972923302 ], [ -7.980857988986328, 37.127868498321298 ], [ -7.980821980275889, 37.127866383232444 ], [ -7.98078597363705, 37.127866604589258 ], [ -7.980742407688384, 37.127873220067841 ], [ -7.980697037096178, 37.127882441784948 ], [ -7.980644798171926, 37.127893547783081 ], [ -7.980595494796071, 37.127901505619697 ], [ -7.980546868169294, 37.127907565768957 ], [ -7.9804947603853, 37.127912187827185 ], [ -7.980450630164091, 37.127917896003609 ], [ -7.980408751009505, 37.127926764384505 ], [ -7.980306651026677, 37.127943843114643 ], [ -7.980258460724096, 37.127954507233859 ], [ -7.98020385139163, 37.12797137497607 ], [ -7.980145845645539, 37.127997251634284 ], [ -7.980045417499589, 37.128021723707967 ], [ -7.979998921441167, 37.128031482539463 ], [ -7.979946795537303, 37.128041687313505 ], [ -7.97989974102845, 37.128050457820557 ], [ -7.979856909845534, 37.128139065159381 ], [ -7.979831026667777, 37.128195621994692 ], [ -7.979807524368778, 37.128244517469334 ], [ -7.979790313531359, 37.128298018293876 ], [ -7.979742112587122, 37.128382963034127 ], [ -7.979710361892476, 37.128537559503478 ], [ -7.979641769333154, 37.128746286422242 ], [ -7.979548026198102, 37.128857413737229 ], [ -7.979547939007012, 37.128900568181223 ], [ -7.979562360828655, 37.129115351353256 ], [ -7.9795646261629, 37.129164371150743 ], [ -7.979567457579316, 37.129213935021262 ], [ -7.97957535256609, 37.129316126558756 ], [ -7.979580678361467, 37.129353705931791 ], [ -7.979582654851322, 37.129378038061475 ], [ -7.979586882234337, 37.129402282098724 ], [ -7.979589420015125, 37.129428417078579 ], [ -7.9795897118626, 37.129452742520911 ], [ -7.979587186690416, 37.129476076751395 ], [ -7.979580050248959, 37.12949751638439 ], [ -7.979573609876745, 37.129510302219863 ], [ -7.97956718173551, 37.129517589791767 ], [ -7.979552754881251, 37.129530279680999 ], [ -7.979523346309557, 37.129548443032505 ], [ -7.979499120861758, 37.129562284392009 ], [ -7.979473770531796, 37.129578112030984 ], [ -7.979449537219234, 37.12959583424314 ], [ -7.979424065961531, 37.129615801192436 ], [ -7.979399821725061, 37.129639469486754 ], [ -7.979378846427769, 37.1296626896821 ], [ -7.979359776557619, 37.129686365578905 ], [ -7.979349837279249, 37.129703653073747 ], [ -7.979340468432595, 37.129718776056194 ], [ -7.979330528445933, 37.129736965511199 ], [ -7.979316639514105, 37.129760738227404 ], [ -7.979303768843796, 37.129781264836446 ], [ -7.979288860909431, 37.129808636869875 ], [ -7.97927191621706, 37.129838709443469 ], [ -7.979233424578632, 37.129898038554771 ], [ -7.979208368563604, 37.129934052102698 ], [ -7.979166502506986, 37.129991392672565 ], [ -7.979141003162352, 37.130022899420325 ], [ -7.979115406177499, 37.130049265478569 ], [ -7.979088228452176, 37.130076535945491 ], [ -7.979066795096561, 37.130102997508544 ], [ -7.979041183259592, 37.130136663932888 ], [ -7.979024805155966, 37.130165836143995 ], [ -7.979018925973408, 37.130178174849512 ], [ -7.979011227995939, 37.130200601279185 ], [ -7.978998224377673, 37.13023167100323 ], [ -7.978976667018753, 37.13026263949849 ], [ -7.978956367344139, 37.130284958532059 ], [ -7.978917582893077, 37.130320864057296 ], [ -7.978872047798733, 37.130354862249945 ], [ -7.978835658437346, 37.130376169159973 ], [ -7.978793062707051, 37.130402426522217 ], [ -7.978764773285136, 37.130422843793262 ], [ -7.978728929047064, 37.13045054981864 ], [ -7.978691406904933, 37.130475460356386 ], [ -7.978656255331466, 37.130496774229492 ], [ -7.978627522571967, 37.130512144043607 ], [ -7.978600372544665, 37.13052562278309 ], [ -7.978582015081282, 37.130532446022826 ], [ -7.97856197421163, 37.130538639025161 ], [ -7.978546999660613, 37.130542673378564 ], [ -7.978534388377827, 37.130546715316875 ], [ -7.978525151470864, 37.130549401952045 ], [ -7.978511978004429, 37.130552088859282 ], [ -7.978499371696738, 37.130554236768816 ], [ -7.97848677089719, 37.130553676994055 ], [ -7.978467980423356, 37.13055040956327 ], [ -7.978456510672466, 37.130547061573907 ], [ -7.978446276899938, 37.130542451907573 ], [ -7.978433238340377, 37.130534146931346 ], [ -7.978420770619026, 37.130523497235146 ], [ -7.978412351091819, 37.130513843988098 ], [ -7.978395966512512, 37.130490757230667 ], [ -7.978386989155601, 37.130476510542657 ], [ -7.978366918289824, 37.130441611458231 ], [ -7.978351793143168, 37.130408521851024 ], [ -7.978331179532117, 37.130361637931777 ], [ -7.978320100665581, 37.130332702991836 ], [ -7.978310688744324, 37.130309716333286 ], [ -7.978303975737372, 37.130292673897799 ], [ -7.978296804312394, 37.130275273141741 ], [ -7.978282355980277, 37.130243089975643 ], [ -7.978269843345674, 37.130224691074119 ], [ -7.978261696192511, 37.130218912736872 ], [ -7.978250734586548, 37.130213088372678 ], [ -7.978242808885126, 37.130207984317508 ], [ -7.978192652162023, 37.13019260253796 ], [ -7.978128212648908, 37.130171522674054 ], [ -7.978075669021398, 37.130163886854874 ], [ -7.978029429198293, 37.130157608148274 ], [ -7.977970020954521, 37.130152124047974 ], [ -7.977908256712686, 37.130145286142046 ], [ -7.977869445239639, 37.130138568369162 ], [ -7.977820277037964, 37.130131838819622 ], [ -7.977784384490895, 37.130127466701701 ], [ -7.977738024621729, 37.130124883879155 ], [ -7.977689423734367, 37.130120852797553 ], [ -7.977632380549058, 37.130111770986233 ], [ -7.977581540894633, 37.130100798749304 ], [ -7.97750167543025, 37.130082854724947 ], [ -7.977456441170466, 37.130080721097421 ], [ -7.977405572291842, 37.130081289544663 ], [ -7.97735570314582, 37.130088248711893 ], [ -7.977305268924725, 37.130097467879217 ], [ -7.977253577670998, 37.130112716178218 ], [ -7.977232862733418, 37.13011944600391 ], [ -7.977204706237907, 37.130129771187427 ], [ -7.977190962315617, 37.130135162184999 ], [ -7.977160438737714, 37.130150080560256 ], [ -7.977141390622029, 37.130162759569565 ], [ -7.977122897999727, 37.130180035622224 ], [ -7.977103046499963, 37.130204157952285 ], [ -7.97708622376797, 37.130229724161694 ], [ -7.97707378817928, 37.130258901290787 ], [ -7.977063703370362, 37.13029141994614 ], [ -7.977047181973389, 37.130335732232567 ], [ -7.977025930718194, 37.130382736968535 ], [ -7.977011780164506, 37.130423895050868 ], [ -7.976997516832586, 37.130464067221254 ], [ -7.976989129341987, 37.130494240838736 ], [ -7.976976123925296, 37.130525759064874 ], [ -7.976960419759547, 37.1305540353193 ], [ -7.976939309467738, 37.130588246049975 ], [ -7.976921798425773, 37.130620658494536 ], [ -7.976901922027933, 37.130653521954599 ], [ -7.976870280145035, 37.130720160615724 ], [ -7.976855462120794, 37.130755285189984 ], [ -7.976845508990542, 37.130779511527884 ], [ -7.976819968726675, 37.130888326095288 ], [ -7.976807101713804, 37.130962466496136 ], [ -7.976793319585811, 37.13115158113758 ], [ -7.976832682537212, 37.131165598587252 ], [ -7.976866308751127, 37.131174469709308 ], [ -7.976911986616551, 37.131181740197299 ], [ -7.976941128038199, 37.131184662888259 ], [ -7.976962277020172, 37.131187570539602 ], [ -7.976976563804275, 37.131190836782579 ], [ -7.976991862528691, 37.131195091919878 ], [ -7.97700389190435, 37.131201592700691 ], [ -7.977015236917939, 37.131210348837151 ], [ -7.977023094072605, 37.131221441338027 ], [ -7.97702746140429, 37.13123199040885 ], [ -7.977104123668374, 37.131335616076392 ], [ -7.977157549312157, 37.131565844501971 ], [ -7.977211049050299, 37.131760110730028 ], [ -7.977188333673544, 37.131885948321653 ], [ -7.977161710106928, 37.131953465874211 ], [ -7.977152195271821, 37.131984539974958 ], [ -7.977137480242356, 37.132024257422202 ], [ -7.977122667731396, 37.132059920863973 ], [ -7.977106278311805, 37.132094591962051 ], [ -7.977085162633109, 37.132130152492273 ], [ -7.977058965220055, 37.132173102240785 ], [ -7.977027900113916, 37.132230999588444 ], [ -7.977004086905639, 37.132264306601449 ], [ -7.976951172151949, 37.132329834174953 ], [ -7.976917552712714, 37.132369979021263 ], [ -7.976882132183317, 37.132408134643946 ], [ -7.97685664245106, 37.132436846707272 ], [ -7.976816055678309, 37.132473644809167 ], [ -7.976787747897951, 37.132502353141909 ], [ -7.976759324033873, 37.1325327733311 ], [ -7.976729776222344, 37.13256192784165 ], [ -7.976702599528446, 37.132587843454587 ], [ -7.976675317233664, 37.132614205848206 ], [ -7.976640014567209, 37.132649661972664 ], [ -7.976613404812761, 37.132675129584491 ], [ -7.976592398827881, 37.13271024234043 ], [ -7.976513464310124, 37.132841156007068 ], [ -7.976502947563795, 37.132866730451447 ], [ -7.976484763938381, 37.132899142830787 ], [ -7.976452144792061, 37.13294514576036 ], [ -7.976416723632853, 37.132986637868648 ], [ -7.976374436302661, 37.13302703961461 ], [ -7.976337459724792, 37.133057085263587 ], [ -7.976306912452197, 37.133080654467726 ], [ -7.976213770148294, 37.133117117017512 ], [ -7.976191357917847, 37.133122943349292 ], [ -7.976170076906152, 37.133128681068293 ], [ -7.976135049306636, 37.133140799016935 ], [ -7.97609709009651, 37.133158860076229 ], [ -7.976061366021358, 37.133182871088259 ], [ -7.976034762549554, 37.133202392473066 ], [ -7.976000723763339, 37.133228297928135 ], [ -7.975987991927319, 37.133236478007376 ], [ -7.97593811665376, 37.133244791760262 ], [ -7.975873807578174, 37.133266331947596 ], [ -7.975826184408665, 37.133275645214106 ], [ -7.975786551661121, 37.133284962758545 ], [ -7.975728003399192, 37.133297316984589 ], [ -7.975627757365388, 37.133338457862045 ], [ -7.975611869828961, 37.133348798958416 ], [ -7.975575583912054, 37.133369560751106 ], [ -7.975456524631734, 37.133390924319244 ], [ -7.975432787155787, 37.13346641338611 ], [ -7.975442326654281, 37.133594743486675 ], [ -7.975437999045297, 37.133619873731739 ], [ -7.975381944314035, 37.133620882237629 ], [ -7.975345386992528, 37.133612364517759 ], [ -7.975312888488983, 37.133602498795611 ], [ -7.975171512644299, 37.133558430648975 ], [ -7.975020719097616, 37.133495065264377 ], [ -7.974968885491108, 37.133474635751362 ], [ -7.974925030541224, 37.133455564850031 ], [ -7.974854978062817, 37.133425734532494 ], [ -7.974823718597763, 37.133412717517238 ], [ -7.974799762499859, 37.133404307461134 ], [ -7.974781550333768, 37.133395451838147 ], [ -7.974777285041115, 37.133284165990197 ], [ -7.974784094210479, 37.133254258952881 ], [ -7.974764403083817, 37.133254683182884 ], [ -7.97474066254867, 37.13325194828581 ], [ -7.974712983079806, 37.133247047376287 ], [ -7.974683843769256, 37.133242774351103 ], [ -7.974631861827342, 37.133236396540788 ], [ -7.974595975688164, 37.133231575639691 ], [ -7.97457538744976, 37.133227761849085 ], [ -7.97456335439386, 37.133223510768779 ], [ -7.974546367085274, 37.133220965977905 ], [ -7.974332371960645, 37.133179493845482 ], [ -7.974139202432148, 37.133193620401478 ], [ -7.973743902766675, 37.133211070315632 ], [ -7.973425065562799, 37.133178275141766 ], [ -7.973187078027337, 37.133145589108906 ], [ -7.972742583178728, 37.133062274821548 ], [ -7.972034116051301, 37.132733365867693 ], [ -7.971943448507773, 37.132714412259894 ], [ -7.971848613194773, 37.132697255936762 ], [ -7.971780657087284, 37.132688060954194 ], [ -7.97174240034301, 37.132683683790461 ], [ -7.97171325376336, 37.132683014270022 ], [ -7.971657655013802, 37.132685824659937 ], [ -7.971620381863215, 37.132694696198385 ], [ -7.971587043317875, 37.132707711660345 ], [ -7.971550204148228, 37.132725773691263 ], [ -7.971513796873242, 37.132753476753173 ], [ -7.97148144276834, 37.132779836441429 ], [ -7.97144434072001, 37.132815108349511 ], [ -7.971424023412575, 37.132843825393188 ], [ -7.971392104205336, 37.132878383504391 ], [ -7.971380476014381, 37.132893411758296 ], [ -7.971361853186047, 37.132921231843589 ], [ -7.971347859217165, 37.1329395051917 ], [ -7.971330357135338, 37.132966332930664 ], [ -7.971315660334491, 37.132996498421974 ], [ -7.971309215563214, 37.133011085915527 ], [ -7.971298583377274, 37.13303665973811 ], [ -7.971291443947951, 37.133060888537806 ], [ -7.971284865125636, 37.133085572237064 ], [ -7.971278844513155, 37.133110251291505 ], [ -7.971275211635873, 37.133127184479434 ], [ -7.971274379233035, 37.133146020026182 ], [ -7.971272421471935, 37.133168000542042 ], [ -7.971274394464282, 37.133192241780066 ], [ -7.971279871915804, 37.133210178572007 ], [ -7.971280265807342, 37.133237660573059 ], [ -7.971278650152212, 37.133255950809328 ], [ -7.971268438243755, 37.133293423713916 ], [ -7.971261996312813, 37.133306661418445 ], [ -7.971252057276591, 37.133325389018495 ], [ -7.971231623510628, 37.13335320480639 ], [ -7.971216621717971, 37.133369583631975 ], [ -7.971192393980375, 37.133385858847312 ], [ -7.971162418588629, 37.133405370025706 ], [ -7.971133005412049, 37.133422993340574 ], [ -7.971103590448242, 37.133442504368602 ], [ -7.971067314969053, 37.133461468078167 ], [ -7.971039582626189, 37.133481434623924 ], [ -7.971003867243963, 37.13349949621643 ], [ -7.97096522510001, 37.133519448726368 ], [ -7.970935924520286, 37.133538058807801 ], [ -7.970903029049613, 37.133555223166361 ], [ -7.970868989653643, 37.133577886026899 ], [ -7.970814915634588, 37.133603133626643 ], [ -7.970777317095789, 37.133608127186854 ], [ -7.970732154388702, 37.133624284432493 ], [ -7.970707600644167, 37.133633983157686 ], [ -7.970684728122392, 37.133646383760265 ], [ -7.970663532625427, 37.133662396307081 ], [ -7.970601389891689, 37.133725744029761 ], [ -7.970573971344157, 37.133758328453354 ], [ -7.970556263252218, 37.133778127515306 ], [ -7.970534044030868, 37.133799179170168 ], [ -7.97051634301449, 37.133813032133993 ], [ -7.970490093022836, 37.133828584482792 ], [ -7.970447742383844, 37.133844295847396 ], [ -7.970397956235044, 37.13386360393843 ], [ -7.970376899418086, 37.133870507797823 ], [ -7.970345474334648, 37.133882544278542 ], [ -7.970287694259815, 37.133902373874029 ], [ -7.970241980658261, 37.133913937467192 ], [ -7.970018924915638, 37.13396382260229 ], [ -7.969949500544607, 37.133905788846711 ], [ -7.969903295375961, 37.13393293458163 ], [ -7.969866113411927, 37.133954510651414 ], [ -7.969829034429449, 37.133978431412004 ], [ -7.969807279952371, 37.133993627574412 ], [ -7.969749021621891, 37.134028511174876 ], [ -7.969719828630984, 37.134049195344232 ], [ -7.969688484694107, 37.134076271370887 ], [ -7.969658156204413, 37.13410109883997 ], [ -7.96962963011287, 37.134127735414062 ], [ -7.969604592398675, 37.134152478257199 ], [ -7.969523003546177, 37.134254366696666 ], [ -7.969422621251911, 37.134409389921814 ], [ -7.96937928422099, 37.134465828395115 ], [ -7.969355914765826, 37.134500755476537 ], [ -7.969336586543529, 37.134537852484655 ], [ -7.96931601165775, 37.134580537047576 ], [ -7.969285300533073, 37.134628699565077 ], [ -7.969269354206414, 37.134662650225096 ], [ -7.969257367115121, 37.134691918135594 ], [ -7.969245492875292, 37.134719473284015 ], [ -7.969198137966493, 37.134810235651571 ], [ -7.969150883379386, 37.13490973932872 ], [ -7.969071674295426, 37.135056051231047 ], [ -7.968924849699184, 37.135348602619167 ], [ -7.968908908688532, 37.135382552332537 ], [ -7.96890153111918, 37.135412364521393 ], [ -7.968888480792159, 37.135462718442724 ], [ -7.96887420983759, 37.135504509692851 ], [ -7.96886229256991, 37.135550805901637 ], [ -7.968839039455569, 37.135634209201804 ], [ -7.968832815946312, 37.135650243062592 ], [ -7.968827734793591, 37.135658976310019 ], [ -7.968819734863673, 37.13566220814058 ], [ -7.968802389401376, 37.135667949086397 ], [ -7.968778403212654, 37.135673953845426 ], [ -7.968716575626885, 37.13569522686295 ], [ -7.968708236195412, 37.135698277101937 ], [ -7.968685314260513, 37.135709149946983 ], [ -7.968671621501052, 37.135716156523991 ], [ -7.968651121976928, 37.13572370060011 ], [ -7.968638055291622, 37.135728995125383 ], [ -7.96857161010621, 37.135750171554143 ], [ -7.968532182108883, 37.135765796178333 ], [ -7.968505262979756, 37.135775939887068 ], [ -7.968453801025976, 37.1357902844873 ], [ -7.968414951144594, 37.135800864836497 ], [ -7.968380610863442, 37.135807845394744 ], [ -7.968352004098762, 37.13581564666876 ], [ -7.96832395933695, 37.135825335538186 ], [ -7.968233735096354, 37.135861704842782 ], [ -7.968229668566448, 37.135869090587526 ], [ -7.968246450847269, 37.135914434578048 ], [ -7.968282053976404, 37.136001348139231 ], [ -7.968299885818501, 37.136029303109815 ], [ -7.968319960514072, 37.136063574026487 ], [ -7.968340134437446, 37.136102437783642 ], [ -7.968359651036696, 37.136133551502034 ], [ -7.968380951239771, 37.136172053689684 ], [ -7.968396968901728, 37.136206766781868 ], [ -7.968410850265975, 37.136241568811784 ], [ -7.968422363012403, 37.136277716436972 ], [ -7.968432752820563, 37.13631530239573 ], [ -7.968448858380227, 37.136362452941896 ], [ -7.968493109319285, 37.136454872212049 ], [ -7.968514968945756, 37.136496532466907 ], [ -7.968543114086488, 37.13654504860299 ], [ -7.968570704235374, 37.136588967651704 ], [ -7.968600566213432, 37.136623247597257 ], [ -7.968614929883214, 37.136643810810092 ], [ -7.968630399276622, 37.13667401690347 ], [ -7.968728381898317, 37.136954565563023 ], [ -7.96872092610844, 37.13696788731535 ], [ -7.96871066590558, 37.136977968568459 ], [ -7.968689469845796, 37.136993618524791 ], [ -7.968667833012559, 37.137006474578243 ], [ -7.968630112888635, 37.137014800306822 ], [ -7.968598029060366, 37.137018989868302 ], [ -7.968570645007301, 37.137034177981882 ], [ -7.968545520567385, 37.137048474472941 ], [ -7.968360156745613, 37.137098316861405 ], [ -7.967940420064489, 37.137172974916389 ], [ -7.967023173232184, 37.137427150259917 ], [ -7.966684059696282, 37.137539607248698 ], [ -7.966311036737765, 37.137628988956337 ], [ -7.966036811645482, 37.137729296272063 ], [ -7.966517198632395, 37.137841455161912 ], [ -7.966654113276285, 37.137899604602751 ], [ -7.966606732256524, 37.137951168818176 ], [ -7.966182814497545, 37.138439848363532 ], [ -7.966020768657779, 37.138430613060827 ], [ -7.965963165144656, 37.138471442689877 ], [ -7.965883216295377, 37.138540799874129 ], [ -7.965732461480986, 37.138665296543955 ], [ -7.965594279305656, 37.138807559870855 ], [ -7.9655811849191, 37.138824569601255 ], [ -7.96556742376755, 37.138839238334405 ], [ -7.965544076052989, 37.138859838709948 ], [ -7.965525808739891, 37.138876393294595 ], [ -7.96550573765108, 37.138894295114142 ], [ -7.96548586885431, 37.138920489673218 ], [ -7.965469262786463, 37.138950289479617 ], [ -7.965515890628763, 37.139037219416153 ], [ -7.965403822157255, 37.139074548623711 ], [ -7.96473002450708, 37.139209207487816 ], [ -7.964691896867386, 37.139298627692121 ], [ -7.964094091431149, 37.139830849372302 ], [ -7.963948013758611, 37.139776177325693 ], [ -7.963786454347576, 37.139707618374167 ], [ -7.963705742345986, 37.139642771801704 ], [ -7.963557843684582, 37.13949151925042 ], [ -7.963450132664756, 37.139448209764261 ], [ -7.963108966229784, 37.139347027507213 ], [ -7.962830980368275, 37.139116470725384 ], [ -7.962803307356543, 37.139145738851681 ], [ -7.962739020043523, 37.139305766654282 ], [ -7.962627929251021, 37.139522550664388 ], [ -7.962611540554408, 37.139591848346079 ], [ -7.962617661188849, 37.140025628342535 ], [ -7.962223238745773, 37.140194554272682 ], [ -7.961854148280124, 37.140035694557859 ], [ -7.961800090132332, 37.14010394472372 ], [ -7.961539373548383, 37.140182684317359 ], [ -7.961295926757377, 37.140293599989342 ], [ -7.961269099072923, 37.140311939118973 ], [ -7.961246206170092, 37.140331281420814 ], [ -7.961223992147153, 37.140350533695496 ], [ -7.961213735277801, 37.140356012584249 ], [ -7.961185125488168, 37.140367053228175 ], [ -7.961151990568071, 37.140387280815034 ], [ -7.9611028429031, 37.140419917982342 ], [ -7.961091346123151, 37.140428189247942 ], [ -7.961084012189657, 37.140433676872355 ], [ -7.961067446504711, 37.140444734966032 ], [ -7.960996564429871, 37.140481580929709 ], [ -7.960958804383441, 37.140506393547575 ], [ -7.96092566332031, 37.140529774771245 ], [ -7.960883958702324, 37.140557376722889 ], [ -7.960801784412225, 37.140577197755562 ], [ -7.960289363156464, 37.140720300577769 ], [ -7.960302267533458, 37.140972053881761 ], [ -7.960248661134133, 37.140976890099822 ], [ -7.960174247761759, 37.140983902635043 ], [ -7.960118742476396, 37.140992738531615 ], [ -7.960079899146899, 37.140998271111371 ], [ -7.960018096859009, 37.141002506869029 ], [ -7.959954615104217, 37.141003854947648 ], [ -7.959923675593865, 37.140998854819905 ], [ -7.959887092168411, 37.140997538078459 ], [ -7.959864704689313, 37.14099390472542 ], [ -7.959642127739277, 37.140972856638022 ], [ -7.959517392083428, 37.140982766802821 ], [ -7.959465283089582, 37.140980978465699 ], [ -7.959416678672603, 37.140972438193621 ], [ -7.959380574561504, 37.140962834050185 ], [ -7.959341102044836, 37.140949166584527 ], [ -7.959305570736956, 37.1409337072703 ], [ -7.959281503093756, 37.140924574878738 ], [ -7.959245407941718, 37.140908122652739 ], [ -7.959135427200986, 37.140865793489098 ], [ -7.959089662470977, 37.14084797273032 ], [ -7.959051208955387, 37.140829267036423 ], [ -7.959005468123743, 37.140800545258493 ], [ -7.958978494130831, 37.14078320528786 ], [ -7.958913769673043, 37.140737065131006 ], [ -7.958882173664183, 37.140721974599728 ], [ -7.958850692827343, 37.140709673009461 ], [ -7.958835842737079, 37.140704243016451 ], [ -7.958804348955824, 37.140694646376446 ], [ -7.958805733170266, 37.1405348003955 ], [ -7.958750440973342, 37.140398389620515 ], [ -7.958604640430538, 37.140172820890236 ], [ -7.958503771811877, 37.139837297845496 ], [ -7.958480806929436, 37.139838256082911 ], [ -7.958467472212032, 37.139861120657173 ], [ -7.958454468173468, 37.139887505257249 ], [ -7.958440896051518, 37.139917671668321 ], [ -7.958405232887271, 37.139960331155379 ], [ -7.958385480969739, 37.139983458381899 ], [ -7.958363936871397, 37.140004780843199 ], [ -7.958332586129708, 37.140031497003136 ], [ -7.958308794118865, 37.140050474285005 ], [ -7.958283431738074, 37.140068099458162 ], [ -7.958261453175226, 37.140081581137338 ], [ -7.958242408365535, 37.140092816292686 ], [ -7.958229110557499, 37.140099106797429 ], [ -7.958210632593768, 37.140107095363959 ], [ -7.958199146328632, 37.140110683556337 ], [ -7.958175482341767, 37.140120471991061 ], [ -7.958160928854997, 37.140136849802801 ], [ -7.958150424004826, 37.140154134648434 ], [ -7.958139679319727, 37.140177813961188 ], [ -7.95811161854745, 37.140325118356508 ], [ -7.958011814702485, 37.140749324205387 ], [ -7.957901149256772, 37.141123850174147 ], [ -7.957825795101445, 37.141541378147828 ], [ -7.957820909727244, 37.141559663336245 ], [ -7.95781491721189, 37.141572901853934 ], [ -7.957811411041847, 37.141579295994688 ], [ -7.9578016013233, 37.141587387419889 ], [ -7.957791797656821, 37.141591880020854 ], [ -7.957779633704612, 37.141594923830091 ], [ -7.95776758542021, 37.141596618021786 ], [ -7.957748223537152, 37.141597762559009 ], [ -7.957729198240529, 37.141600347484442 ], [ -7.957699360830253, 37.141606431441197 ], [ -7.9576930480534, 37.141608224218629 ], [ -7.957660835403021, 37.14161835851808 ], [ -7.9576217441209, 37.141633078029656 ], [ -7.957588842353069, 37.141650148547654 ], [ -7.957557618197428, 37.141670379755176 ], [ -7.957525144158636, 37.141696192068636 ], [ -7.957497286877401, 37.141721109252245 ], [ -7.957478110572833, 37.141737389119299 ], [ -7.95746143414677, 37.141746826436325 ], [ -7.957443645719861, 37.14174797325532 ], [ -7.957399517221742, 37.141751150763405 ], [ -7.957367964142267, 37.141865359250467 ], [ -7.957344437871233, 37.141867395002741 ], [ -7.95731472614519, 37.141864827975063 ], [ -7.957284459321627, 37.141859919163601 ], [ -7.957261060408422, 37.141855559366959 ], [ -7.957243403910175, 37.141850755753715 ], [ -7.957227541433654, 37.141845506072151 ], [ -7.957212136260151, 37.141839627226346 ], [ -7.957195201040085, 37.141862129486405 ], [ -7.957172630679772, 37.141986980148815 ], [ -7.957163075665957, 37.142080406748541 ], [ -7.957156020071356, 37.142161854765796 ], [ -7.957151209077291, 37.142246099398193 ], [ -7.957142474792412, 37.142324834533234 ], [ -7.957128129622687, 37.142394825564146 ], [ -7.957112353556174, 37.142453284510019 ], [ -7.95709477106073, 37.14251218409207 ], [ -7.957082613200977, 37.142561097174557 ], [ -7.95708408085285, 37.142609215031463 ], [ -7.95708246681482, 37.142673816799558 ], [ -7.957084063517109, 37.142712388121758 ], [ -7.957090052562259, 37.142801779414285 ], [ -7.957098205040062, 37.142828461979995 ], [ -7.957106350294321, 37.14285875057432 ], [ -7.95713570111497, 37.142919616567596 ], [ -7.956967264960134, 37.143771496465881 ], [ -7.956418044017373, 37.143844755125102 ], [ -7.956188022669874, 37.14377602251696 ], [ -7.956149387473623, 37.14417657490651 ], [ -7.956305405507019, 37.144365758051478 ], [ -7.956372463374057, 37.144426050616282 ], [ -7.95643109485526, 37.144481191842175 ], [ -7.956490703280194, 37.144548497892686 ], [ -7.956598727118656, 37.144660572160788 ], [ -7.956722344177098, 37.144794380555034 ], [ -7.956731618131214, 37.144822867825333 ], [ -7.956740757623153, 37.144863700306409 ], [ -7.956743341708409, 37.144913259702363 ], [ -7.956742124693567, 37.144952636879992 ], [ -7.956736713396415, 37.145005249781647 ], [ -7.956732442397328, 37.145052009297068 ], [ -7.956726039394817, 37.145095432621652 ], [ -7.956716141557396, 37.145140739364663 ], [ -7.956702315191124, 37.145182257613627 ], [ -7.956693237174425, 37.145213330642243 ], [ -7.956680091129607, 37.145251245664198 ], [ -7.956657029902641, 37.145296355298356 ], [ -7.956627387842647, 37.145361097316737 ], [ -7.956601125647165, 37.145424490969333 ], [ -7.956578484580469, 37.14548104646483 ], [ -7.956568455953737, 37.145533652477127 ], [ -7.95656611857142, 37.145571220455537 ], [ -7.95656614483429, 37.145608349534164 ], [ -7.956570125561681, 37.145639078873657 ], [ -7.956572101493364, 37.1456601693015 ], [ -7.956572275594172, 37.145682605029975 ], [ -7.95656964223181, 37.145703683186241 ], [ -7.95656531835177, 37.145724219991187 ], [ -7.956559874444598, 37.145741874441875 ], [ -7.956555112860318, 37.145755563446762 ], [ -7.956552734164054, 37.145761505992134 ], [ -7.956548105457559, 37.145766453119911 ], [ -7.956535309625159, 37.145777115212418 ], [ -7.956512395358759, 37.145781179091344 ], [ -7.956489432498561, 37.145780968269399 ], [ -7.956465466250264, 37.145776607471895 ], [ -7.956401804852431, 37.145755699018586 ], [ -7.956344331673248, 37.14573542779786 ], [ -7.956294288878506, 37.145716970652735 ], [ -7.956239624338009, 37.145698057862617 ], [ -7.956186086927345, 37.145681398476214 ], [ -7.956164616281534, 37.145669745467842 ], [ -7.956126069093561, 37.145643647311132 ], [ -7.956093946284703, 37.145614405930644 ], [ -7.956064762424096, 37.145578407384072 ], [ -7.956038947100377, 37.145546925465041 ], [ -7.955995724913485, 37.145497390943802 ], [ -7.955944081388341, 37.145440005506671 ], [ -7.955904105311459, 37.145398769150866 ], [ -7.955849402501796, 37.145350573504871 ], [ -7.955810973477027, 37.145322672402045 ], [ -7.955766687279939, 37.145295572575584 ], [ -7.955709459158011, 37.145267467604917 ], [ -7.955634899577666, 37.145238248178252 ], [ -7.955572238827541, 37.145222929145021 ], [ -7.955505515609032, 37.14521300674199 ], [ -7.955432936047904, 37.145203527854612 ], [ -7.955361175766682, 37.145181614634694 ], [ -7.955298204160029, 37.145154401010203 ], [ -7.955226022502051, 37.145119239705231 ], [ -7.955166998352944, 37.145090139710724 ], [ -7.955116516659103, 37.145066187650819 ], [ -7.955085820940722, 37.145050729837216 ], [ -7.955074024054765, 37.14504143211083 ], [ -7.955065487988668, 37.145033580074852 ], [ -7.95486381466079, 37.145020393629061 ], [ -7.954864075368127, 37.145005706757416 ], [ -7.954688375864694, 37.144995541575106 ], [ -7.954400779341614, 37.144932821703279 ], [ -7.954292276717793, 37.144909158442829 ], [ -7.953318526109465, 37.144766138055843 ], [ -7.953271151196127, 37.144761468983354 ], [ -7.953267087215895, 37.14476696108018 ], [ -7.953256028732413, 37.144778209342476 ], [ -7.953242741790192, 37.1447822421448 ], [ -7.953203214045598, 37.144788672485319 ], [ -7.95314185396477, 37.144795785107299 ], [ -7.953085113077796, 37.144801554926595 ], [ -7.953034112249211, 37.144806075560723 ], [ -7.953003714678599, 37.144808461334762 ], [ -7.952984241488885, 37.14480870296287 ], [ -7.952940224716137, 37.144811878976725 ], [ -7.952897213255993, 37.144818304820838 ], [ -7.952843835805188, 37.144827774881691 ], [ -7.952803642398534, 37.144831047666386 ], [ -7.952775055584529, 37.144831186191581 ], [ -7.952752209025358, 37.144829525018707 ], [ -7.952705957320221, 37.144825854901882 ], [ -7.952656775910564, 37.14482163156184 ], [ -7.95261907730259, 37.144818059131616 ], [ -7.952564280841075, 37.144810318478662 ], [ -7.952545487389139, 37.144809660911989 ], [ -7.952534570537126, 37.144809105448012 ], [ -7.952516900321382, 37.144807542221429 ], [ -7.952503730055231, 37.144806984222384 ], [ -7.952488753664529, 37.144810028607203 ], [ -7.952477268778498, 37.14481262417717 ], [ -7.952468140762642, 37.14481620999765 ], [ -7.95245890365996, 37.144820702116618 ], [ -7.952447856836087, 37.144826994495865 ], [ -7.952431176859792, 37.144834537067148 ], [ -7.952396025668704, 37.144849799683477 ], [ -7.952351072615633, 37.144868477674088 ], [ -7.952293505323422, 37.144888479884713 ], [ -7.952242372257794, 37.144900748183517 ], [ -7.952174128453069, 37.144914249121825 ], [ -7.952139676670289, 37.144918432405724 ], [ -7.952108274893315, 37.144919919862986 ], [ -7.952071577260958, 37.14492139471816 ], [ -7.952045792148232, 37.144922886232024 ], [ -7.952019450882868, 37.14492536895667 ], [ -7.952004590238976, 37.144927058264166 ], [ -7.951981050750711, 37.144931347379284 ], [ -7.951954709482503, 37.144933829188453 ], [ -7.951882851854163, 37.144951831533291 ], [ -7.951815622289769, 37.144967136834907 ], [ -7.95173407613605, 37.144988189673342 ], [ -7.951618640594143, 37.145014957348181 ], [ -7.951525621238353, 37.145033646117156 ], [ -7.951432731029333, 37.145045850989881 ], [ -7.95135481598653, 37.145055550381784 ], [ -7.95130999134367, 37.145067918056746 ], [ -7.951263925256149, 37.14508118667132 ], [ -7.951214034626111, 37.145092011133109 ], [ -7.951177332575929, 37.145095288723653 ], [ -7.951136693208982, 37.145096218405698 ], [ -7.951112158093395, 37.145095550895718 ], [ -7.951093256614811, 37.145093447634153 ], [ -7.951076716214617, 37.145089635983389 ], [ -7.951056810283139, 37.14508113725833 ], [ -7.950973990029918, 37.145072449964047 ], [ -7.950858508728176, 37.145070743361238 ], [ -7.950784108245235, 37.145070357722346 ], [ -7.950710951348277, 37.14506817633761 ], [ -7.950643990334283, 37.145063385968164 ], [ -7.950481323983714, 37.145068400337543 ], [ -7.950324342684248, 37.145053883785096 ], [ -7.950239146843796, 37.14504969941143 ], [ -7.950155073079828, 37.145046509675581 ], [ -7.950083599975229, 37.145045316261225 ], [ -7.950049835655203, 37.145045803854693 ], [ -7.949987473969507, 37.145045168693393 ], [ -7.949932541380901, 37.145047245454386 ], [ -7.949875230415579, 37.145054457252996 ], [ -7.949821866784456, 37.145060774969835 ], [ -7.949767367736762, 37.145067896453163 ], [ -7.949699248087969, 37.145076351127948 ], [ -7.949637884183007, 37.145084816220844 ], [ -7.949579895747299, 37.14509427857444 ], [ -7.949526522007354, 37.14510149720158 ], [ -7.949479580656158, 37.145104667400112 ], [ -7.949445812848664, 37.145104257361268 ], [ -7.949362634099559, 37.145109826743948 ], [ -7.949250377712072, 37.145088075010079 ], [ -7.949030324726572, 37.145058963557062 ], [ -7.948001584714537, 37.14505736145486 ], [ -7.947476151208152, 37.144988211522758 ], [ -7.946976317232168, 37.144900030351977 ], [ -7.946917455100794, 37.144898493506702 ], [ -7.946851176825931, 37.144889473397292 ], [ -7.946785151577031, 37.14486954092262 ], [ -7.946734665827504, 37.144848381275018 ], [ -7.946692621951875, 37.14482677984806 ], [ -7.946641036549773, 37.144794620104335 ], [ -7.946589002018359, 37.144761111646972 ], [ -7.946571481778638, 37.144747116759568 ], [ -7.94655799865321, 37.144735560181857 ], [ -7.946441166484188, 37.144505159259616 ], [ -7.946374602025661, 37.144337996253974 ], [ -7.946118465535593, 37.144364985557829 ], [ -7.945792967400839, 37.144357717278929 ], [ -7.945558790685357, 37.144334555587832 ], [ -7.945317180012556, 37.14431398932166 ], [ -7.94459143378845, 37.144258600736805 ], [ -7.944546880357038, 37.144249879701476 ], [ -7.944526278366315, 37.144251014698263 ], [ -7.944509172360119, 37.144250358542287 ], [ -7.944474274689927, 37.144251386083241 ], [ -7.944437017833305, 37.144252857685096 ], [ -7.944368476743039, 37.144248877615503 ], [ -7.944287909336648, 37.144240184732112 ], [ -7.94419821940224, 37.144231844887344 ], [ -7.944031891084113, 37.144218606234588 ], [ -7.943971348354649, 37.144213283500918 ], [ -7.943923413613237, 37.144208701707605 ], [ -7.943896515371111, 37.14420749009922 ], [ -7.943875355306705, 37.144205829907797 ], [ -7.943859931825196, 37.144206168410292 ], [ -7.9438439594865, 37.144202271056656 ], [ -7.943790978325683, 37.144188848970586 ], [ -7.943741488692397, 37.144174082652441 ], [ -7.943685578832288, 37.144162011033153 ], [ -7.943629662035948, 37.144152727253271 ], [ -7.943586222871432, 37.144149058975401 ], [ -7.943536596691671, 37.14414438241316 ], [ -7.943463891154837, 37.144143093832149 ], [ -7.942388363568803, 37.144066591067592 ], [ -7.942191582390032, 37.144058737820082 ], [ -7.942114118597608, 37.144047824644453 ], [ -7.94182923855085, 37.144044572881718 ], [ -7.941563916835114, 37.14403448867472 ], [ -7.941383087936591, 37.143998792808226 ], [ -7.94086883552349, 37.14385634673625 ], [ -7.940667889601571, 37.143827054316411 ], [ -7.94056734735636, 37.143839765372213 ], [ -7.940379738757529, 37.143887108480129 ], [ -7.940204863906992, 37.143881997036544 ], [ -7.939959669025876, 37.143862286243639 ], [ -7.939798902945049, 37.143842713566954 ], [ -7.939517491942931, 37.143835817122515 ], [ -7.939163828939567, 37.143783743450705 ], [ -7.938979229144413, 37.143651483858427 ], [ -7.938718357996373, 37.143474039653775 ], [ -7.938272914325012, 37.143154679366688 ], [ -7.938064260861934, 37.142996631032574 ], [ -7.938000109107811, 37.142928937003717 ], [ -7.937984473638948, 37.142755114063476 ], [ -7.937816331424722, 37.14247804797342 ], [ -7.937708312548488, 37.142271886901959 ], [ -7.937576301093213, 37.142091504202988 ], [ -7.937479835174406, 37.142007595173894 ], [ -7.937218931674566, 37.141846240497969 ], [ -7.937001894235094, 37.141823352435594 ], [ -7.936866589561418, 37.141805963325098 ], [ -7.93685869008238, 37.141751236120079 ], [ -7.936886770371973, 37.141515797044903 ], [ -7.936981200630145, 37.141014407422681 ], [ -7.9370139024556, 37.140805259839986 ], [ -7.937078733658164, 37.140609040619282 ], [ -7.937195767446971, 37.140435435938244 ], [ -7.937248536875965, 37.140239195774399 ], [ -7.937309254298598, 37.140078372242989 ], [ -7.937337586167263, 37.140004394286471 ], [ -7.93738228943795, 37.139817796481275 ], [ -7.937386633110768, 37.13969228243608 ], [ -7.937391265830475, 37.139454122885049 ], [ -7.937389147049779, 37.139236335950699 ], [ -7.937346537182917, 37.138870967842912 ], [ -7.93733124126974, 37.13856626001072 ], [ -7.937311000976128, 37.138360780423682 ], [ -7.937259095862085, 37.138222299986133 ], [ -7.93719101991296, 37.138119195441682 ], [ -7.937159349035268, 37.137929252820179 ], [ -7.937119546596752, 37.137774700287657 ], [ -7.937103857157428, 37.137623406197669 ], [ -7.936884470689284, 37.137477138195401 ], [ -7.936555308747765, 37.137289921154249 ], [ -7.936623857506302, 37.137209572837961 ], [ -7.936740646964676, 37.137129304404255 ], [ -7.936825334222061, 37.137026453496894 ], [ -7.936934322733959, 37.136852835640802 ], [ -7.936982845863312, 37.136743487587516 ], [ -7.936991135367085, 37.136646947302204 ], [ -7.937027639412585, 37.136521486406529 ], [ -7.937069279982773, 37.136422180054907 ], [ -7.936503077497312, 37.136183074100046 ], [ -7.936483110184062, 37.136131545390448 ], [ -7.936402736330204, 37.136121756284346 ], [ -7.935960279904006, 37.136220794743281 ], [ -7.935574018106243, 37.136352109270319 ], [ -7.935364894713935, 37.136383945572511 ], [ -7.934998966686115, 37.136425174409965 ], [ -7.934801920041123, 37.136450592726938 ], [ -7.934645122744763, 37.136456767489769 ], [ -7.93427922767258, 37.136485120713076 ], [ -7.934098285324591, 37.136500909110268 ], [ -7.933959010038521, 37.136468491141642 ], [ -7.9338466270638, 37.136400713762669 ], [ -7.933569695407516, 37.136229668231074 ], [ -7.933389042277273, 37.136136028584666 ], [ -7.933455643641097, 37.135994584222836 ], [ -7.933050180834001, 37.135977504935219 ], [ -7.93275361794057, 37.135980158673902 ], [ -7.932705120543885, 37.135976924786242 ], [ -7.932697758541249, 37.136076929118303 ], [ -7.932400314722381, 37.136063551523961 ], [ -7.932410490307109, 37.135971383989357 ], [ -7.932352567769398, 37.135876798934966 ], [ -7.932304405407506, 37.135847750977291 ], [ -7.93217630191933, 37.135644770128259 ], [ -7.931864042235515, 37.135155031381835 ], [ -7.931807805174058, 37.135138842959712 ], [ -7.931615318551842, 37.134961499933077 ], [ -7.931519062770576, 37.134877655710497 ], [ -7.931334257486807, 37.134835500554793 ], [ -7.931040659089131, 37.134889714633033 ], [ -7.930867794245021, 37.134892638427303 ], [ -7.930803724277411, 37.13479919366938 ], [ -7.930049319104639, 37.134901336508854 ], [ -7.930539267544616, 37.134476893203768 ], [ -7.930044993699028, 37.134411678491759 ], [ -7.929229253717888, 37.134505194217532 ], [ -7.929175511324241, 37.134511355133476 ], [ -7.929132194754263, 37.13451632113803 ], [ -7.92901646457618, 37.134200710265844 ], [ -7.928779015081551, 37.134303293320428 ], [ -7.928770724071324, 37.134396614466546 ], [ -7.928666094418207, 37.134438274802697 ], [ -7.928541374333154, 37.134476680889321 ], [ -7.928392638027161, 37.134476424123704 ], [ -7.928171596787969, 37.134456731568065 ], [ -7.927970576440169, 37.134466039635051 ], [ -7.927793683747724, 37.134472169663894 ], [ -7.927488041614055, 37.134519917810785 ], [ -7.927393423577427, 37.135317936259618 ], [ -7.927340126683199, 37.135700842987482 ], [ -7.927233384133293, 37.136521370203162 ], [ -7.927177760045399, 37.136570934606155 ], [ -7.927154775906819, 37.136581710999629 ], [ -7.927124332978202, 37.136601747236362 ], [ -7.927099531038181, 37.136617564594168 ], [ -7.927070792917054, 37.136630218691998 ], [ -7.927021429869177, 37.136656446537401 ], [ -7.926975996165239, 37.136685022148868 ], [ -7.926941384195533, 37.136707218137687 ], [ -7.926912761547905, 37.136721674517744 ], [ -7.926879392926649, 37.136739817881114 ], [ -7.926845481717564, 37.136754265945008 ], [ -7.926815050119427, 37.136770073446819 ], [ -7.92676795137452, 37.136790896964406 ], [ -7.92672029154365, 37.136810275988189 ], [ -7.926684105554243, 37.136830579637994 ], [ -7.926647808481578, 37.136852408577674 ], [ -7.926601380261395, 37.13687494611149 ], [ -7.926562286282856, 37.136888936337058 ], [ -7.926509997443275, 37.136912812509777 ], [ -7.926495120073829, 37.136921436755074 ], [ -7.92646987659251, 37.136932747009581 ], [ -7.926450264717956, 37.136944968136739 ], [ -7.926397423696319, 37.136966593350166 ], [ -7.92632225435716, 37.137002322628071 ], [ -7.926296900232817, 37.13701498153921 ], [ -7.926267592646433, 37.137031244093642 ], [ -7.926233106349895, 37.137048485164662 ], [ -7.926213038809406, 37.13705979989178 ], [ -7.926186556620686, 37.137073811103306 ], [ -7.926133816428572, 37.137096785261249 ], [ -7.926115367110297, 37.137054045509736 ], [ -7.926106021249163, 37.137012308313182 ], [ -7.926103027300413, 37.13691282516735 ], [ -7.926099854627451, 37.136878944278351 ], [ -7.926099055306046, 37.136842267039448 ], [ -7.92609390680049, 37.136790447100985 ], [ -7.926088067839, 37.136745026184954 ], [ -7.926075806684197, 37.13665841110582 ], [ -7.926053255721496, 37.136509334593619 ], [ -7.92604592153143, 37.136433182212194 ], [ -7.92603782742203, 37.136386855390711 ], [ -7.926026970708463, 37.136323042276693 ], [ -7.926020560671597, 37.1362790593491 ], [ -7.926008971050281, 37.136237228113806 ], [ -7.92596958167352, 37.136112365177148 ], [ -7.925943297259144, 37.136053116895241 ], [ -7.925916841251562, 37.1360130617877 ], [ -7.925863987064337, 37.136039283952854 ], [ -7.925827249243873, 37.136056882297872 ], [ -7.925790533781235, 37.136066280122904 ], [ -7.925762495485036, 37.136071996065141 ], [ -7.925731529433648, 37.136078698946022 ], [ -7.925682883304752, 37.136087984858271 ], [ -7.925647283057965, 37.13610153307075 ], [ -7.925580433560565, 37.136100600597331 ], [ -7.925572130813145, 37.136130776979599 ], [ -7.925534904037606, 37.136247394568464 ], [ -7.925523773422475, 37.136284412248791 ], [ -7.925511988706062, 37.136313676061881 ], [ -7.925484818788137, 37.136408490272949 ], [ -7.925111263665531, 37.136296797775898 ], [ -7.924823573850316, 37.136208186981932 ], [ -7.924245147989655, 37.136043026729006 ], [ -7.924218385041715, 37.136066231425183 ], [ -7.924202098046145, 37.136095491679903 ], [ -7.924195647805929, 37.136108274463744 ], [ -7.924185527118163, 37.136145738020886 ], [ -7.924161247703609, 37.136177235030885 ], [ -7.9241449595697, 37.136207301723857 ], [ -7.9241188636171, 37.136242486264372 ], [ -7.924100344849191, 37.136264350273152 ], [ -7.924087572977919, 37.136284871020379 ], [ -7.924079978289215, 37.136304953068674 ], [ -7.924064812943426, 37.136335559662562 ], [ -7.923722239335147, 37.136165562972877 ], [ -7.923699629382337, 37.136202556599713 ], [ -7.923672261339835, 37.136250441938365 ], [ -7.923652043729987, 37.136277348811369 ], [ -7.923629874420613, 37.136316145322716 ], [ -7.923612464312427, 37.136344861071969 ], [ -7.923597873567206, 37.136372315812281 ], [ -7.923591388623922, 37.136395189471848 ], [ -7.92356857958016, 37.136383528184638 ], [ -7.923529207689033, 37.136375347239671 ], [ -7.923485896217578, 37.13636815678845 ], [ -7.923446529611819, 37.13636051375817 ], [ -7.923395686332657, 37.136350152638073 ], [ -7.923350135544876, 37.136338361868638 ], [ -7.923306154832705, 37.136329814973301 ], [ -7.923239882068621, 37.136322936105628 ], [ -7.92316856160197, 37.136312810752827 ], [ -7.923104101145896, 37.13630053226327 ], [ -7.923056066118571, 37.136293782014619 ], [ -7.923024679446176, 37.136288046111396 ], [ -7.922998470718444, 37.136282415791179 ], [ -7.922971703022008, 37.1362762411351 ], [ -7.922938502549241, 37.136276455297057 ], [ -7.922901358380484, 37.136277109382178 ], [ -7.922870529966972, 37.136274622749362 ], [ -7.922824728917208, 37.136271566209672 ], [ -7.922792783664015, 37.136266374395468 ], [ -7.922767123729701, 37.13626660008557 ], [ -7.922708838786789, 37.136261629122714 ], [ -7.922674503891752, 37.13626508230999 ], [ -7.922631495253339, 37.136268883213944 ], [ -7.922588051566848, 37.136270875803305 ], [ -7.922552595938171, 37.136270183891099 ], [ -7.922522328279288, 37.136270039117584 ], [ -7.922485751188358, 37.136267906200317 ], [ -7.922452545487509, 37.136270007036451 ], [ -7.922342674740014, 37.136279812600854 ], [ -7.92214336034387, 37.136319648929302 ], [ -7.921717836987686, 37.136395664777567 ], [ -7.921725986976207, 37.136500655497372 ], [ -7.920827780079772, 37.136417272901951 ], [ -7.920823535665392, 37.136018174130001 ], [ -7.920001441071974, 37.136177884266608 ], [ -7.919804613349631, 37.136205162158895 ], [ -7.919606041031634, 37.136294922385233 ], [ -7.919351448511422, 37.135991821857644 ], [ -7.919014446922884, 37.136086188107321 ], [ -7.918830284297886, 37.135782856815062 ], [ -7.918166517928849, 37.13541102299714 ], [ -7.918270777566336, 37.135274252671287 ], [ -7.91842640527204, 37.135083326066244 ], [ -7.918513085581804, 37.134993647322467 ], [ -7.918571296240624, 37.134946356924459 ], [ -7.918135622367701, 37.134950707287416 ], [ -7.918120860076169, 37.134562840803149 ], [ -7.918587313584925, 37.134512190253645 ], [ -7.918486639607492, 37.134100042393726 ], [ -7.918060672473869, 37.134151063356896 ], [ -7.918049022160173, 37.134052012096973 ], [ -7.918038314752364, 37.133977297479419 ], [ -7.918025058278615, 37.13393041739306 ], [ -7.918017261744714, 37.133860299856728 ], [ -7.918022797378618, 37.133813096144252 ], [ -7.918034054124456, 37.133772835569019 ], [ -7.918042651715682, 37.133716987231324 ], [ -7.91804999200325, 37.133667173715558 ], [ -7.918065614774126, 37.133595296543092 ], [ -7.918083345568591, 37.133534503530228 ], [ -7.918102752279808, 37.133476423943229 ], [ -7.918127497741354, 37.133400510336443 ], [ -7.918158654103511, 37.133281417821834 ], [ -7.918053920027653, 37.133358471265389 ], [ -7.917977470146757, 37.133384080349579 ], [ -7.917889016142862, 37.133390356966828 ], [ -7.917828746323615, 37.133380591767192 ], [ -7.917794498056822, 37.133437661297002 ], [ -7.917772058707449, 37.13352532073953 ], [ -7.917723528293674, 37.133628223767083 ], [ -7.91768118752098, 37.133669210850471 ], [ -7.917656881332369, 37.133707100414057 ], [ -7.917629103867225, 37.133740388255099 ], [ -7.917593897310296, 37.13377492496884 ], [ -7.917566702635056, 37.133799925000851 ], [ -7.917533317848156, 37.133825815731058 ], [ -7.917494750337257, 37.133852150258441 ], [ -7.91715517510533, 37.134022640769246 ], [ -7.916991266888698, 37.134239592183015 ], [ -7.916671235226948, 37.134343715093628 ], [ -7.916429942522493, 37.134344359167521 ], [ -7.91636871738409, 37.134345778142247 ], [ -7.916305794205704, 37.134349087107253 ], [ -7.916244670999114, 37.134351855992477 ], [ -7.916202924672269, 37.134350158606367 ], [ -7.91616243287859, 37.134343055338377 ], [ -7.916139610860585, 37.134334188586003 ], [ -7.916115796834868, 37.134318012415342 ], [ -7.916090752975141, 37.134298596479177 ], [ -7.916064158025212, 37.134271786301071 ], [ -7.916044427104171, 37.134244178632748 ], [ -7.916022465564064, 37.134211068606874 ], [ -7.915970842578029, 37.134119965177049 ], [ -7.915946558969902, 37.134032250238484 ], [ -7.915821507075226, 37.133839914144744 ], [ -7.9154547815181, 37.134098123186263 ], [ -7.915079138675304, 37.133695108591425 ], [ -7.914942854614633, 37.133891200681674 ], [ -7.91484574193473, 37.1336517922255 ], [ -7.914379289084501, 37.133992524401833 ], [ -7.914150546236796, 37.133777474080254 ], [ -7.914434479317103, 37.133505422954428 ], [ -7.914274675126492, 37.133189491144854 ], [ -7.913747987324482, 37.133128506182757 ], [ -7.91381255499267, 37.133041726486134 ], [ -7.913861118171344, 37.132929170255238 ], [ -7.913897481030409, 37.132864867553117 ], [ -7.91399008629006, 37.13266932304176 ], [ -7.913921781192393, 37.132629460003088 ], [ -7.91390426276519, 37.132615551280409 ], [ -7.913875439608562, 37.132580988266859 ], [ -7.913849576823113, 37.132534537625311 ], [ -7.913826644524057, 37.13248538831629 ], [ -7.91379462673042, 37.132426936766514 ], [ -7.913706762550842, 37.132181240616518 ], [ -7.914076808969123, 37.131935593902206 ], [ -7.91402226528405, 37.131850232062696 ], [ -7.913976542498051, 37.13178166515091 ], [ -7.913943363892687, 37.131735557820264 ], [ -7.913898752319037, 37.131674295126359 ], [ -7.913864340992087, 37.131626025651258 ], [ -7.913829349177849, 37.131583157851161 ], [ -7.91378987909093, 37.131533797723627 ], [ -7.913748049741955, 37.131482272473747 ], [ -7.913722036810118, 37.131448614776588 ], [ -7.913688858241151, 37.131402598379708 ], [ -7.913686061872428, 37.131397457158513 ], [ -7.913692968053955, 37.131381972600373 ], [ -7.913738305749165, 37.131308529061727 ], [ -7.913789214501366, 37.131255190364278 ], [ -7.913839849320963, 37.131220320177043 ], [ -7.913904340776205, 37.131178088696124 ], [ -7.913957772114465, 37.131145933118241 ], [ -7.914003769281985, 37.131118802506975 ], [ -7.914034887914101, 37.131097863503555 ], [ -7.914063642707118, 37.131079448500238 ], [ -7.914092962267924, 37.131056793240845 ], [ -7.914109786599496, 37.13103808406359 ], [ -7.914125925577042, 37.131021714573443 ], [ -7.914140939009114, 37.131005790829164 ], [ -7.914171652653104, 37.130970707993271 ], [ -7.914185574253895, 37.130942350292877 ], [ -7.914193989306853, 37.130911279240117 ], [ -7.91420061276737, 37.130877858516271 ], [ -7.914202616032753, 37.13084578896094 ], [ -7.914206999126224, 37.130808758955553 ], [ -7.914207480337802, 37.130759295216961 ], [ -7.914192878004617, 37.130671593244834 ], [ -7.914137027685521, 37.13048614460984 ], [ -7.913588500476678, 37.13045521582562 ], [ -7.913589919461308, 37.130429539123647 ], [ -7.913594328491295, 37.130383234568605 ], [ -7.913599972211632, 37.130338820922589 ], [ -7.913610121443777, 37.13029261800208 ], [ -7.913626318884117, 37.13017532357383 ], [ -7.913637261011978, 37.130098100397348 ], [ -7.913625743091998, 37.129986192553453 ], [ -7.913594990483838, 37.129919098491833 ], [ -7.913576539298948, 37.129877706534558 ], [ -7.913556428467082, 37.129827660415579 ], [ -7.913540771271361, 37.129794561584092 ], [ -7.91353461212127, 37.129782112833752 ], [ -7.913526316367054, 37.129693163665266 ], [ -7.913505949508236, 37.129613743379529 ], [ -7.913479100129878, 37.129558640623792 ], [ -7.913447624597877, 37.129508936555908 ], [ -7.913390116983555, 37.129430166469717 ], [ -7.913335266012215, 37.129367893397223 ], [ -7.913279301525919, 37.129301558053584 ], [ -7.91324247837964, 37.129270585178588 ], [ -7.913193601342656, 37.129245536032798 ], [ -7.913154961623046, 37.129220504960379 ], [ -7.913125417694057, 37.129201076430711 ], [ -7.913070260902558, 37.129166826561608 ], [ -7.912985236403189, 37.129148825007668 ], [ -7.912933950096171, 37.129139721861172 ], [ -7.912857448766752, 37.129131922538548 ], [ -7.912746848207596, 37.129123334432734 ], [ -7.912695886943188, 37.129117026878426 ], [ -7.912661087671886, 37.129107723594878 ], [ -7.912595626232437, 37.129074667170279 ], [ -7.912541983254343, 37.129062947294983 ], [ -7.912450136877884, 37.129029525423924 ], [ -7.912367379924203, 37.129006214992273 ], [ -7.9122891187143, 37.12898525563547 ], [ -7.912213764156639, 37.128970162143368 ], [ -7.912179459666336, 37.128961804853205 ], [ -7.91209095109136, 37.128944340405617 ], [ -7.912061260143555, 37.128936899050863 ], [ -7.912026409569449, 37.128924396718986 ], [ -7.911988321678475, 37.128904055415909 ], [ -7.911886285265159, 37.128854935640291 ], [ -7.911807493373958, 37.128821542136279 ], [ -7.911720848057723, 37.128779932457228 ], [ -7.911674222341786, 37.128752630631709 ], [ -7.911640129248629, 37.128713103178775 ], [ -7.911627696427581, 37.128693795445059 ], [ -7.911607872232101, 37.128660239839974 ], [ -7.911592071473653, 37.128637773898312 ], [ -7.911573337800618, 37.128616561255882 ], [ -7.911555161089932, 37.128597696915158 ], [ -7.911520476601389, 37.128566908613188 ], [ -7.911482854266388, 37.128540615608316 ], [ -7.911441282387986, 37.128518821412463 ], [ -7.911394515806708, 37.128501706608169 ], [ -7.911331217281487, 37.128482127994609 ], [ -7.911286571813219, 37.128470866803681 ], [ -7.911198235289495, 37.128407074861414 ], [ -7.91110325813752, 37.128198857368787 ], [ -7.911107408475665, 37.128164536517971 ], [ -7.911108702403795, 37.128145344538964 ], [ -7.91110722419615, 37.128112815269603 ], [ -7.911098298528745, 37.128085674815296 ], [ -7.911079025579124, 37.128057704026489 ], [ -7.911046580529721, 37.128030524923091 ], [ -7.911008523617084, 37.127998284849994 ], [ -7.910982380631356, 37.127973368385945 ], [ -7.910957900520581, 37.127953589278022 ], [ -7.910941969139015, 37.127937427726984 ], [ -7.910860679365203, 37.127874745325677 ], [ -7.910796887494885, 37.127830922452631 ], [ -7.910742301361509, 37.12779540837677 ], [ -7.910680748136213, 37.127755738125082 ], [ -7.910635852032964, 37.127716098200352 ], [ -7.910596715951414, 37.127667818883232 ], [ -7.910574110974452, 37.127624163293554 ], [ -7.910559596673233, 37.127585662540355 ], [ -7.910539812023244, 37.127538861227308 ], [ -7.910519011788667, 37.127493405090135 ], [ -7.910483974569695, 37.127430446133801 ], [ -7.910452271667174, 37.127381728392805 ], [ -7.910408508796289, 37.127337585202596 ], [ -7.910362475618828, 37.127302087016275 ], [ -7.910324295013841, 37.127275797095898 ], [ -7.91028732659331, 37.127256353902048 ], [ -7.910249671965651, 37.12724105699116 ], [ -7.91016806429286, 37.127208554555395 ], [ -7.910127029673824, 37.127196946501023 ], [ -7.910085870711181, 37.127186683482833 ], [ -7.910012366162311, 37.127155101749885 ], [ -7.909963263577863, 37.127131042910591 ], [ -7.90991829824276, 37.127112933437317 ], [ -7.909862317062897, 37.127092556857754 ], [ -7.909801832476782, 37.127072529490327 ], [ -7.909667143429269, 37.127030198855032 ], [ -7.909543399769839, 37.126977793218607 ], [ -7.909401449079939, 37.126917966197695 ], [ -7.909350096620222, 37.126893001797193 ], [ -7.909315939668287, 37.126873562705178 ], [ -7.909272697879488, 37.126845007534612 ], [ -7.909235082941949, 37.126816373769067 ], [ -7.909210055104539, 37.12679524437457 ], [ -7.909185016624163, 37.126775822465625 ], [ -7.909163468797789, 37.126756049423996 ], [ -7.909143597814173, 37.126738530397169 ], [ -7.90911745162989, 37.126715053407814 ], [ -7.909089489574754, 37.126695268233355 ], [ -7.909053079701597, 37.126676277140682 ], [ -7.909020481587642, 37.126665582104103 ], [ -7.908961658823261, 37.126653849914987 ], [ -7.908908557215712, 37.126648972076474 ], [ -7.908880539953193, 37.126647927920601 ], [ -7.908849042986812, 37.126645436378816 ], [ -7.908817102643069, 37.126637989054203 ], [ -7.90878855854469, 37.126625952735061 ], [ -7.908737922988677, 37.126585847992324 ], [ -7.908694855299178, 37.12653656853125 ], [ -7.908665926473514, 37.126501641795521 ], [ -7.908649450061026, 37.126478636242631 ], [ -7.908636457659684, 37.126457524106478 ], [ -7.908614922518725, 37.126433153773924 ], [ -7.908558558861796, 37.126391690118894 ], [ -7.908542048694132, 37.126380128865812 ], [ -7.90852901607352, 37.126372264044072 ], [ -7.908501593140493, 37.126359775644509 ] ] ] } },
{ "type": "Feature", "properties": { "dtmnfr": "080506", "freguesia": "Montenegro", "municipio": "Faro", "distrito_i": "Faro", "nuts3_cod": "150", "nuts3": "Algarve", "nuts2": "Algarve", "nuts1": "Continente", "area_ha": 2119.68, "perimetro_": 29, "designacao": "Montenegro" }, "geometry": { "type": "Polygon", "coordinates": [ [ [ -7.936457849375256, 37.013605033039049 ], [ -7.938001963116887, 37.013518543191864 ], [ -7.938879380444322, 37.013576474600654 ], [ -7.93986049032712, 37.013288280173434 ], [ -7.941222845709243, 37.012100243584122 ], [ -7.941597910952825, 37.011922254592037 ], [ -7.942230219383225, 37.01140676467525 ], [ -7.942345621146781, 37.011222501088135 ], [ -7.9423484200724, 37.010097147539831 ], [ -7.942279798361056, 37.009949436803936 ], [ -7.942050308855668, 37.009746145398687 ], [ -7.941844144750978, 37.009469007117048 ], [ -7.941707366009392, 37.008989141951815 ], [ -7.941363487822316, 37.008564269392934 ], [ -7.94131772043822, 37.008490394315338 ], [ -7.941317950904664, 37.008398216035651 ], [ -7.941341235672524, 37.008250657701076 ], [ -7.941387583268961, 37.00813998807304 ], [ -7.941526017297095, 37.007955761478712 ], [ -7.9422863284365, 37.007324149812192 ], [ -7.942723992657083, 37.006992802897045 ], [ -7.942908235292681, 37.006863970824362 ], [ -7.943115421772553, 37.006771940156163 ], [ -7.943806025311362, 37.006422518084968 ], [ -7.944973460472173, 37.00579712342067 ], [ -7.945663625204514, 37.005576812759855 ], [ -7.946054544550494, 37.005558952825197 ], [ -7.946468160269288, 37.005633401512917 ], [ -7.946766858881229, 37.005744611787314 ], [ -7.946927436396792, 37.005873984965405 ], [ -7.947317508449812, 37.006206643331893 ], [ -7.94793779695598, 37.006447473885757 ], [ -7.948420316570878, 37.006558875618524 ], [ -7.949362829169679, 37.006615657571892 ], [ -7.950167622963447, 37.006616894435652 ], [ -7.950765546754211, 37.006580865729525 ], [ -7.951386566976083, 37.006471070009184 ], [ -7.952582819116373, 37.006177783624786 ], [ -7.953158118173005, 37.006012582745043 ], [ -7.953434292425207, 37.005865403287068 ], [ -7.953756446798895, 37.005755234258515 ], [ -7.954055631587453, 37.005663413544511 ], [ -7.95440065771067, 37.005571662004499 ], [ -7.955527670523749, 37.005425743047866 ], [ -7.955803666710912, 37.00535235807407 ], [ -7.95598786963452, 37.005278831007601 ], [ -7.956194922237329, 37.005186958376733 ], [ -7.956356180042381, 37.005076453136958 ], [ -7.956563721282059, 37.004818511456953 ], [ -7.956978627788057, 37.004284060844796 ], [ -7.957462905516631, 37.003676005709679 ], [ -7.958132322372227, 37.002477738838692 ], [ -7.958201556360278, 37.002367187249135 ], [ -7.9583398149823, 37.00223826691284 ], [ -7.958592834943619, 37.002183220011453 ], [ -7.958730880724068, 37.002146569587495 ], [ -7.958960860462032, 37.002146905426855 ], [ -7.959351561773355, 37.002165943859211 ], [ -7.960427838304229, 37.002322040881431 ], [ -7.960581296856951, 37.002327489403534 ], [ -7.961112365725461, 37.002328255628093 ], [ -7.961596942442334, 37.00226912503831 ], [ -7.961858065111254, 37.002157402187393 ], [ -7.962128576778019, 37.002015691694183 ], [ -7.962417921897047, 37.001791824571491 ], [ -7.962716690200554, 37.001470749020974 ], [ -7.963622366382725, 37.000481748480546 ], [ -7.964801213196575, 36.999352285861157 ], [ -7.965546782693309, 36.998400349681155 ], [ -7.966315155641261, 36.997181450168753 ], [ -7.966605921132521, 36.996184358975867 ], [ -7.966751918339455, 36.995374037726243 ], [ -7.966555147093313, 36.994007991593207 ], [ -7.966247461791665, 36.992609172491015 ], [ -7.965695035897336, 36.991459427950126 ], [ -7.965119448743026, 36.990790644934272 ], [ -7.96390105856995, 36.989789890339054 ], [ -7.961641300853051, 36.988490005724039 ], [ -7.957497946678482, 36.985163397652222 ], [ -7.955382655379389, 36.983765207537893 ], [ -7.953284353800488, 36.982389708936871 ], [ -7.953090807343575, 36.982206589306294 ], [ -7.953316582057172, 36.98210303286362 ], [ -7.953383963527195, 36.981676834790399 ], [ -7.953092583005257, 36.981304606080336 ], [ -7.952521106853863, 36.980781203152269 ], [ -7.952398020257766, 36.980537635751936 ], [ -7.952286706645564, 36.980159101036897 ], [ -7.952275783680639, 36.979978864861074 ], [ -7.952298380394135, 36.97992474501806 ], [ -7.952343480306986, 36.979897779366716 ], [ -7.95238840393934, 36.979897847758146 ], [ -7.952601464683229, 36.980042342657278 ], [ -7.952668808616656, 36.98006055682081 ], [ -7.952713712068983, 36.980024491582633 ], [ -7.95275901632164, 36.979862366156567 ], [ -7.95283770013721, 36.979835541437296 ], [ -7.952927556996229, 36.979880641946181 ], [ -7.952961124859269, 36.979934846245108 ], [ -7.952949516601868, 36.980097027390009 ], [ -7.952994244423008, 36.980133046711835 ], [ -7.953196410388908, 36.980133351444422 ], [ -7.953297450407681, 36.980151524399098 ], [ -7.953308713918523, 36.98018758392373 ], [ -7.953252251829213, 36.98026868608445 ], [ -7.95301592372655, 36.980466570844868 ], [ -7.952914418362277, 36.980646541737329 ], [ -7.9529143344829, 36.980682588578219 ], [ -7.952936585202854, 36.98077272715237 ], [ -7.952981537818979, 36.980808842331413 ], [ -7.953138718651235, 36.980836199731868 ], [ -7.953363175139072, 36.98091313372106 ], [ -7.953834444502873, 36.981062431448777 ], [ -7.954508007187638, 36.981207613785465 ], [ -7.954923357121968, 36.98135240773945 ], [ -7.955428152450981, 36.981578430797143 ], [ -7.955484285389338, 36.981587618445417 ], [ -7.955585229947292, 36.981650844409025 ], [ -7.955652689668888, 36.981668965140059 ], [ -7.955652647816131, 36.981686986757104 ], [ -7.955787234013924, 36.98172313749798 ], [ -7.955865709887498, 36.981786329660707 ], [ -7.956135049569358, 36.98193072648268 ], [ -7.956303126212586, 36.982057213365096 ], [ -7.956561188048045, 36.982174649109368 ], [ -7.956852999283622, 36.982319253422624 ], [ -7.957267915628248, 36.982608211033536 ], [ -7.95748092227166, 36.982734677174278 ], [ -7.958984209450692, 36.983574888667327 ], [ -7.959152313806025, 36.983692368803595 ], [ -7.959219642442681, 36.983719405338029 ], [ -7.959331740522612, 36.983818781497291 ], [ -7.959354203499919, 36.983818814375951 ], [ -7.959623461817019, 36.984008071691605 ], [ -7.959802971804219, 36.984098443146394 ], [ -7.960206979146815, 36.984252300256749 ], [ -7.960599638603415, 36.9844601171135 ], [ -7.960857594419891, 36.984631606547623 ], [ -7.961193841218769, 36.984902416316068 ], [ -7.96145178502806, 36.98508300717797 ], [ -7.961979146294799, 36.985381209000508 ], [ -7.96246159906627, 36.985625105008104 ], [ -7.962573747714901, 36.985701946562763 ], [ -7.963571807761347, 36.986437751852314 ], [ -7.964132580939569, 36.986825835184192 ], [ -7.96421114864131, 36.986852980390239 ], [ -7.964300754705386, 36.986916177364286 ], [ -7.964861950312261, 36.987115211460946 ], [ -7.965086455966095, 36.987232581044857 ], [ -7.965321873339527, 36.987395105390448 ], [ -7.965333240086361, 36.987386198929073 ], [ -7.965613429888447, 36.987620785212741 ], [ -7.966376096075498, 36.988153585301347 ], [ -7.966656424788516, 36.988379245868558 ], [ -7.966880897717124, 36.988514628250279 ], [ -7.967307278091793, 36.988731573670606 ], [ -7.967576326229572, 36.988930188307492 ], [ -7.967699756677025, 36.98904299122777 ], [ -7.967789415815054, 36.989083663956208 ], [ -7.967901645452768, 36.989182936622562 ], [ -7.968282981123431, 36.989453793398347 ], [ -7.968686444974116, 36.989832714927189 ], [ -7.96903434004472, 36.990040442637053 ], [ -7.969393447502649, 36.990203129741666 ], [ -7.969942987466195, 36.990564406888289 ], [ -7.970144837436703, 36.990726877259533 ], [ -7.970469981137211, 36.991069642710322 ], [ -7.970671840304857, 36.99123211128574 ], [ -7.970940975597967, 36.991394762448046 ], [ -7.971210251704744, 36.991602285304104 ], [ -7.971557744214753, 36.991900115089557 ], [ -7.97182690437951, 36.992161523817693 ], [ -7.971826866328843, 36.992179544516809 ], [ -7.972230646226703, 36.992477447868723 ], [ -7.972230608270856, 36.992495468567228 ], [ -7.972264309394559, 36.992495514235593 ], [ -7.972320268695504, 36.992540735181635 ], [ -7.972926303572994, 36.992865845992625 ], [ -7.973116822462483, 36.99302830047511 ], [ -7.9733973384089, 36.99318194784135 ], [ -7.973531897325016, 36.9932991812164 ], [ -7.974126505443612, 36.993723569788308 ], [ -7.974148859015324, 36.993723599724042 ], [ -7.974451740166321, 36.993931250267138 ], [ -7.974866955349446, 36.99413905523884 ], [ -7.975719859233989, 36.994608924048329 ], [ -7.975932986827944, 36.994762300314001 ], [ -7.975977808968252, 36.994816512894616 ], [ -7.976145945897215, 36.994942885951119 ], [ -7.97642642083259, 36.995123468426705 ], [ -7.97679686210036, 36.995313182263274 ], [ -7.977144687890553, 36.995466731833183 ], [ -7.977391629607114, 36.995620330102547 ], [ -7.978221928558596, 36.996062850209064 ], [ -7.978412782459614, 36.996180327159401 ], [ -7.978833403247815, 36.996505264107441 ], [ -7.978951193537932, 36.996586512716789 ], [ -7.980061547663388, 36.997498031476844 ], [ -7.981138626270088, 36.998201983413445 ], [ -7.981632283800248, 36.998472934429607 ], [ -7.982597693181897, 36.998906672698865 ], [ -7.982934335169197, 36.999105337050992 ], [ -7.983068841119342, 36.99920453331756 ], [ -7.98323715564069, 36.999366943351674 ], [ -7.983360468265666, 36.999502348632049 ], [ -7.983674286981039, 36.999944181287738 ], [ -7.983932257460988, 37.000160856353432 ], [ -7.98468412237682, 37.000540157603382 ], [ -7.985099245341426, 37.000829017521156 ], [ -7.985267602661262, 37.000973398558855 ], [ -7.985570553327513, 37.0011720990152 ], [ -7.986591961524631, 37.001668955346268 ], [ -7.986805165218781, 37.001804285010337 ], [ -7.987063185514916, 37.002002841545661 ], [ -7.9872427703363, 37.002093171400567 ], [ -7.987422286645344, 37.002219631553658 ], [ -7.988140194342573, 37.002815126814056 ], [ -7.988443279301015, 37.002950748879748 ], [ -7.989060587973827, 37.003275881643333 ], [ -7.989520619141675, 37.003600737225092 ], [ -7.989890824751319, 37.003835554773339 ], [ -7.989963906674246, 37.003867177163613 ], [ -7.990137821176348, 37.003988673181752 ], [ -7.990171331834915, 37.004033763086476 ], [ -7.990182692719751, 37.004024767759333 ], [ -7.990990504691354, 37.004566380012633 ], [ -7.991776248112129, 37.005017855971161 ], [ -7.991899667211862, 37.005108197456813 ], [ -7.992067920879109, 37.005198505593718 ], [ -7.992303547006074, 37.005369899699431 ], [ -7.993829969858119, 37.006299798548447 ], [ -7.993852380474608, 37.006335871676171 ], [ -7.993975741234758, 37.006399091093364 ], [ -7.994267585897112, 37.006615777804612 ], [ -7.994985823740294, 37.007076161513673 ], [ -7.996332596485323, 37.007852641396283 ], [ -7.997185675171413, 37.008385164257255 ], [ -7.998094719706184, 37.008917834734156 ], [ -7.998487609297002, 37.009125524984739 ], [ -7.999127543454936, 37.009414589386751 ], [ -7.999587717387612, 37.009703449140055 ], [ -7.999868285665152, 37.009892722766885 ], [ -7.999890694579557, 37.009928789327645 ], [ -8.000261137909156, 37.010127527790388 ], [ -8.000418353353931, 37.010244754874293 ], [ -8.000467861693167, 37.010269765628593 ], [ -7.999786133967755, 37.010715623960834 ], [ -7.988097491434862, 37.014515756131374 ], [ -7.988072489594559, 37.014672060148705 ], [ -7.988264061315203, 37.016491704621835 ], [ -7.988283152086244, 37.016795842104486 ], [ -7.988281395356699, 37.016893156496494 ], [ -7.988248178685609, 37.017227145942748 ], [ -7.988150571564005, 37.01762125060344 ], [ -7.988027469275446, 37.01794882347135 ], [ -7.987809382610268, 37.018350800057839 ], [ -7.987604643477807, 37.018646104856188 ], [ -7.987441112766859, 37.01883918743853 ], [ -7.987045180749501, 37.019216706915017 ], [ -7.986678043263633, 37.019519019610335 ], [ -7.986415125464318, 37.019676206155836 ], [ -7.986022161703609, 37.019848639449862 ], [ -7.985624715643801, 37.019954296847892 ], [ -7.985307685244862, 37.020024820019316 ], [ -7.984807946656479, 37.020146476540901 ], [ -7.983515045338049, 37.020451680975512 ], [ -7.982816981660307, 37.020613873461009 ], [ -7.982770459749641, 37.02069759500278 ], [ -7.982710457742143, 37.020805554669906 ], [ -7.98222821706847, 37.02088279480936 ], [ -7.982040158706242, 37.021136658755452 ], [ -7.982000454219632, 37.021438466729698 ], [ -7.982240041164207, 37.022175220074239 ], [ -7.98240528976163, 37.022943325190795 ], [ -7.982441382446058, 37.023103761106888 ], [ -7.982660442297974, 37.023598999358384 ], [ -7.982829926985338, 37.023874762833302 ], [ -7.983115228181282, 37.024175901775671 ], [ -7.983481179289178, 37.025069598569942 ], [ -7.983633028347067, 37.025287489409841 ], [ -7.983689454136455, 37.02596976275251 ], [ -7.984156089894149, 37.026359794214123 ], [ -7.984246630139468, 37.026668705289296 ], [ -7.984136067580947, 37.027001512866171 ], [ -7.984093090972925, 37.027714747262166 ], [ -7.983825532941937, 37.028215316238239 ], [ -7.983718166279879, 37.028407922444096 ], [ -7.983503957062466, 37.029266011470668 ], [ -7.983380685571187, 37.029429221268614 ], [ -7.983198436251057, 37.02951144332652 ], [ -7.983497549077304, 37.030183206088218 ], [ -7.983994410333763, 37.031335852861396 ], [ -7.984247102686118, 37.0318336528019 ], [ -7.9844302951965, 37.032239635502926 ], [ -7.984534286663406, 37.032397993911495 ], [ -7.984826878578387, 37.033129490731064 ], [ -7.984981710090092, 37.033442897401606 ], [ -7.985136725920459, 37.033718728296378 ], [ -7.985157396918214, 37.033781017551995 ], [ -7.985190666607682, 37.034128241963671 ], [ -7.985291530734234, 37.034799305480391 ], [ -7.985463912908735, 37.035163644107151 ], [ -7.985397653601203, 37.035425592798745 ], [ -7.985291816818419, 37.035694341224243 ], [ -7.985232707352169, 37.036094162445636 ], [ -7.985211114819005, 37.037084502756095 ], [ -7.985170762172175, 37.037779267548913 ], [ -7.985587550204824, 37.038528938150428 ], [ -7.986019612173341, 37.039290069796273 ], [ -7.98635724034245, 37.040178942925799 ], [ -7.986972089790549, 37.041055634487684 ], [ -7.987368111203863, 37.041632536750726 ], [ -7.988133645087789, 37.04207743256282 ], [ -7.988340086662268, 37.042280516651552 ], [ -7.988950009586568, 37.042811810507047 ], [ -7.990284520868923, 37.043104923122961 ], [ -7.991170066947119, 37.043044625289376 ], [ -7.991745827147924, 37.04394782400076 ], [ -7.991809245965662, 37.044059002084396 ], [ -7.991655707798331, 37.044657039146735 ], [ -7.991416258894181, 37.045209199684457 ], [ -7.991593850241046, 37.045278524071826 ], [ -7.992352104526874, 37.045758301310265 ], [ -7.99235703702925, 37.045761422177051 ], [ -7.991461558504994, 37.047212267825969 ], [ -7.991317406419601, 37.049109867151735 ], [ -7.99071425673562, 37.051957728740021 ], [ -7.990143431178478, 37.052168617047883 ], [ -7.989887158032864, 37.052741306079731 ], [ -7.989211872458581, 37.054387124996758 ], [ -7.988287131106014, 37.054113693579126 ], [ -7.986713948918396, 37.053650774488936 ], [ -7.986978629166289, 37.052930233011445 ], [ -7.985318692216548, 37.052292019759868 ], [ -7.982726484731394, 37.051304786236862 ], [ -7.980866280898508, 37.050499370484289 ], [ -7.979837170969608, 37.0516854930138 ], [ -7.978690211256282, 37.05331270686009 ], [ -7.978614462943076, 37.053854429044819 ], [ -7.978509520494105, 37.054489102042545 ], [ -7.978457550164791, 37.054893348538954 ], [ -7.978313839258643, 37.055904894950494 ], [ -7.978124384235882, 37.05718445402217 ], [ -7.977903751785401, 37.058643732096854 ], [ -7.977745229699588, 37.059777357600566 ], [ -7.977865929348759, 37.059842075647857 ], [ -7.978547860105829, 37.060229196335371 ], [ -7.978837585310311, 37.060386926820271 ], [ -7.97939026545028, 37.060702350071274 ], [ -7.979506030237962, 37.060827666167327 ], [ -7.980147428827563, 37.061407837505818 ], [ -7.980587573611501, 37.061817662177127 ], [ -7.980740559163038, 37.061951576072246 ], [ -7.980892950980288, 37.062098738369407 ], [ -7.981016745922529, 37.062211171631915 ], [ -7.981104062735204, 37.062291836686995 ], [ -7.981125718167557, 37.06231430022639 ], [ -7.981128417172333, 37.06236927268256 ], [ -7.980729913101434, 37.062442101516304 ], [ -7.980243298993113, 37.062548757080954 ], [ -7.979627225161573, 37.062680275898693 ], [ -7.979448628560051, 37.062730110051312 ], [ -7.979390530184998, 37.062772948331975 ], [ -7.979091412972567, 37.062840504780269 ], [ -7.978850434856769, 37.062923921067963 ], [ -7.978711891567403, 37.062947293947147 ], [ -7.978649410856137, 37.062950788963569 ], [ -7.978301125623688, 37.063057617480844 ], [ -7.978015371294478, 37.063135917711335 ], [ -7.977760859946895, 37.063210682717575 ], [ -7.977626914327237, 37.06324626716895 ], [ -7.977091370433302, 37.063402713655982 ], [ -7.977005095718346, 37.063419085263973 ], [ -7.976792008943282, 37.063456158595152 ], [ -7.976620237164165, 37.063449008284906 ], [ -7.97580696859329, 37.062704996194633 ], [ -7.975259149937464, 37.062208623969113 ], [ -7.974891518780979, 37.061862218076961 ], [ -7.974476407122359, 37.061481322086749 ], [ -7.973980902945012, 37.061028928470471 ], [ -7.973463185938216, 37.060542494597364 ], [ -7.973130235704584, 37.060255338390093 ], [ -7.972876304160442, 37.06005830871986 ], [ -7.972698088021036, 37.059929326264623 ], [ -7.972528781177301, 37.059807508311749 ], [ -7.972176714964149, 37.059596039730629 ], [ -7.97184248412944, 37.059391746157409 ], [ -7.971472535305659, 37.059198131144051 ], [ -7.971138186480655, 37.059051053514374 ], [ -7.970772619688867, 37.058896779511883 ], [ -7.970531871149383, 37.058799894504475 ], [ -7.970224253170066, 37.058674307260375 ], [ -7.968588026933135, 37.058039072982872 ], [ -7.968240326123991, 37.057881239579658 ], [ -7.967870355040843, 37.057705494154078 ], [ -7.967513825875733, 37.057504733637224 ], [ -7.966890014415081, 37.057103333552966 ], [ -7.965883153469568, 37.056393843001523 ], [ -7.965085713804974, 37.055824109585942 ], [ -7.964617921392683, 37.055501593713693 ], [ -7.964426368223056, 37.055361852543335 ], [ -7.963967680387179, 37.054960671651436 ], [ -7.96376285456821, 37.054770844158462 ], [ -7.963580315468491, 37.054591776331549 ], [ -7.962930344000357, 37.053936411719825 ], [ -7.962280392841159, 37.053277468057622 ], [ -7.961577015526874, 37.052571952664032 ], [ -7.961020588753184, 37.051998964395921 ], [ -7.96058432870359, 37.051562040964853 ], [ -7.959776131188525, 37.050755759193322 ], [ -7.959105422509819, 37.05006915141059 ], [ -7.958928470821285, 37.049857378232659 ], [ -7.958705988630308, 37.049595992326225 ], [ -7.958537030159563, 37.04934183838521 ], [ -7.958310285815861, 37.048994618168756 ], [ -7.958145931331476, 37.048679674980292 ], [ -7.958030450104276, 37.048454208229131 ], [ -7.95791956992158, 37.048167952696026 ], [ -7.957817637601985, 37.047870982080525 ], [ -7.957653666192545, 37.047391535948194 ], [ -7.957232774599588, 37.046114229526232 ], [ -7.957020083171542, 37.045484512784384 ], [ -7.956705537831884, 37.044529213973235 ], [ -7.95648850132222, 37.0438529996201 ], [ -7.956080973613512, 37.042600741043024 ], [ -7.955512556854466, 37.040982913692815 ], [ -7.955323327248047, 37.040364515377391 ], [ -7.955163864330808, 37.039877920154836 ], [ -7.95500001849327, 37.039359132596225 ], [ -7.954898018380431, 37.039101496296176 ], [ -7.954782601855146, 37.038858145206142 ], [ -7.954365243404129, 37.038017122100783 ], [ -7.954067004316475, 37.037427203319091 ], [ -7.95367623224899, 37.036668468800386 ], [ -7.953143421198073, 37.035613889936805 ], [ -7.952628275736211, 37.034640394366029 ], [ -7.952225682729869, 37.03386256369064 ], [ -7.951816855386059, 37.033208695686469 ], [ -7.951550149954074, 37.032817295661523 ], [ -7.951146985975633, 37.032287407584967 ], [ -7.951254327166738, 37.032166777463551 ], [ -7.951349758480994, 37.032052486994047 ], [ -7.951451147488408, 37.031933437070251 ], [ -7.951498954277909, 37.031838145739293 ], [ -7.951546725770451, 37.03175715982092 ], [ -7.951563941623808, 37.031603808554031 ], [ -7.951588397110817, 37.031324111317552 ], [ -7.951637592447057, 37.031061140736263 ], [ -7.952151833888009, 37.029893715495049 ], [ -7.952439016740477, 37.029169385591103 ], [ -7.952553357157589, 37.028868088178619 ], [ -7.952636671751455, 37.028578428622247 ], [ -7.95263162788605, 37.028196964489268 ], [ -7.952606838628321, 37.027825171292939 ], [ -7.95299627094296, 37.027338547094296 ], [ -7.953496791719746, 37.026926156497709 ], [ -7.953712680341893, 37.026685986489291 ], [ -7.954097838486257, 37.026341001438212 ], [ -7.954290590679803, 37.026094572607946 ], [ -7.954367901466291, 37.025903574205088 ], [ -7.954445334262765, 37.02566319058684 ], [ -7.95448458541367, 37.025311648410238 ], [ -7.954462772330147, 37.024787460670574 ], [ -7.954602863157611, 37.024033915672213 ], [ -7.954611452730353, 37.023626910057487 ], [ -7.954589265251609, 37.023263026046649 ], [ -7.954513127733484, 37.02294843448103 ], [ -7.954369615595218, 37.021842864510262 ], [ -7.954216958952167, 37.021380110307781 ], [ -7.953265881915255, 37.020533651809309 ], [ -7.952797347362596, 37.020360475419565 ], [ -7.952251717743374, 37.020334961922075 ], [ -7.951759739051595, 37.020334214748317 ], [ -7.951267737697411, 37.020345812071596 ], [ -7.950837295904669, 37.020363623843402 ], [ -7.950437580794737, 37.020363012858532 ], [ -7.950114760395785, 37.020350171649639 ], [ -7.949876555387646, 37.020337555751517 ], [ -7.949332320885611, 37.020244177108211 ], [ -7.948779369364019, 37.020039766911665 ], [ -7.94822682179176, 37.019668931948935 ], [ -7.947789813553731, 37.019199600507051 ], [ -7.947550084774083, 37.01898251841736 ], [ -7.947276977651301, 37.018580664338906 ], [ -7.947216676503877, 37.018099570705239 ], [ -7.94729473494246, 37.017606351641163 ], [ -7.947303928091408, 37.017010482856911 ], [ -7.947081794583633, 37.016677190869487 ], [ -7.946843816986664, 37.016578150408002 ], [ -7.946620932358591, 37.016553109933234 ], [ -7.94564492619954, 37.016496076643655 ], [ -7.944138397143613, 37.016493790126191 ], [ -7.939992368708747, 37.01553623585604 ], [ -7.93944217393252, 37.015016684749604 ], [ -7.939125655326158, 37.014344503742201 ], [ -7.937899704912267, 37.013651556302783 ], [ -7.936457849375256, 37.013605033039049 ] ] ] } },
{ "type": "Feature", "properties": { "dtmnfr": "080508", "freguesia": "União das freguesias de Faro (Sé e São Pedro)", "municipio": "Faro", "distrito_i": "Faro", "nuts3_cod": "150", "nuts3": "Algarve", "nuts2": "Algarve", "nuts1": "Continente", "area_ha": 7475.31, "perimetro_": 61, "designacao": "Faro (Sé e São Pedro)" }, "geometry": { "type": "Polygon", "coordinates": [ [ [ -7.888132792774061, 37.033133936561327 ], [ -7.888013693482523, 37.032944207143473 ], [ -7.88793546336269, 37.032858218128133 ], [ -7.887850334593279, 37.032697831049944 ], [ -7.887716464211051, 37.032159701608045 ], [ -7.887570552024794, 37.03166795693533 ], [ -7.887465065377819, 37.031181382307935 ], [ -7.887409077302666, 37.030837955772135 ], [ -7.887388183281224, 37.030677701298238 ], [ -7.887405921917055, 37.030522388117362 ], [ -7.887408212602092, 37.030438592842522 ], [ -7.887390432041006, 37.029979640975228 ], [ -7.887321130675672, 37.02933865159504 ], [ -7.887300864134736, 37.028983855227246 ], [ -7.887337302683441, 37.028749335642374 ], [ -7.887409626212866, 37.028451949299495 ], [ -7.887438234336742, 37.028192269829042 ], [ -7.887445827358586, 37.028137411833526 ], [ -7.887452179934632, 37.028085250892268 ], [ -7.887453462761881, 37.028036235923864 ], [ -7.887461065087397, 37.027978131368862 ], [ -7.887469500252049, 37.027905345505779 ], [ -7.887478497521391, 37.027833546581711 ], [ -7.887483154768566, 37.027783637519718 ], [ -7.887495515356679, 37.027712295191336 ], [ -7.887503250272193, 37.027648243803931 ], [ -7.88750849482983, 37.027591488679136 ], [ -7.887512734519132, 37.027530587425737 ], [ -7.887515837355939, 37.027473373724632 ], [ -7.887516588302701, 37.027415708221774 ], [ -7.887523743390477, 37.027356155602966 ], [ -7.887532897085153, 37.02730589901433 ], [ -7.887537688370846, 37.027249590781629 ], [ -7.887540095617284, 37.027199677056181 ], [ -7.88754880617885, 37.027147072245015 ], [ -7.887557124477087, 37.027075273702678 ], [ -7.887563168522646, 37.027013469693273 ], [ -7.887560012550209, 37.026946152785989 ], [ -7.887559052904748, 37.02689479217122 ], [ -7.887558263913685, 37.026825678008329 ], [ -7.887560561666259, 37.026774857569805 ], [ -7.887566330728446, 37.026728646108872 ], [ -7.887575747854181, 37.026664598186606 ], [ -7.887589908997192, 37.0265941660425 ], [ -7.887594434906629, 37.026549749653419 ], [ -7.887595725186921, 37.02649803145782 ], [ -7.887602910414227, 37.026290078863674 ], [ -7.887603445828709, 37.026052465297546 ], [ -7.887585923168354, 37.025909969806747 ], [ -7.887551736244615, 37.025670839955751 ], [ -7.887540522822589, 37.025523130361549 ], [ -7.887481998433807, 37.025184290174657 ], [ -7.887208130716734, 37.023804758073794 ], [ -7.88711646890845, 37.023461257057726 ], [ -7.887017432001889, 37.023192125430299 ], [ -7.88693233542566, 37.023026014781649 ], [ -7.886584501469665, 37.022458829995017 ], [ -7.885981282258392, 37.021427642857539 ], [ -7.885135427096487, 37.020407389433387 ], [ -7.884922303033, 37.020115129238263 ], [ -7.884510705043383, 37.019416201564901 ], [ -7.884297736500335, 37.019078166716113 ], [ -7.88418463062983, 37.018751783751739 ], [ -7.884231160650813, 37.018100215976901 ], [ -7.88476443561132, 37.017800275965548 ], [ -7.884569453020231, 37.017494672885427 ], [ -7.884379399662375, 37.017297934459769 ], [ -7.884145013434133, 37.01711930089153 ], [ -7.883847646960476, 37.016956304352561 ], [ -7.883506196302513, 37.016772581485696 ], [ -7.883316931065442, 37.016680091357344 ], [ -7.883127545408496, 37.01658985606975 ], [ -7.882963866183642, 37.016507696957447 ], [ -7.882760561958365, 37.01637850519694 ], [ -7.882617463256851, 37.016224299210251 ], [ -7.882497058552398, 37.016070231980969 ], [ -7.88237398995899, 37.015906969809222 ], [ -7.882260808120558, 37.015742645308435 ], [ -7.882156100542937, 37.015600146495927 ], [ -7.882057149800446, 37.015448464268793 ], [ -7.881905755583629, 37.015253062409421 ], [ -7.881783824942169, 37.015120707178589 ], [ -7.881646336641867, 37.014968853776971 ], [ -7.881534371229761, 37.014845799598426 ], [ -7.881456451066764, 37.014759494074006 ], [ -7.881378545804781, 37.014666339437092 ], [ -7.881332156872653, 37.01455964083263 ], [ -7.88131712630895, 37.014448417750138 ], [ -7.881330928475128, 37.014317879958504 ], [ -7.881380382832378, 37.014176153413224 ], [ -7.881418449433009, 37.014046840271604 ], [ -7.881468093331049, 37.013883307099199 ], [ -7.881493208606741, 37.013763155657863 ], [ -7.881464031406231, 37.013648478490197 ], [ -7.881404886548573, 37.01352328435631 ], [ -7.881349996685853, 37.013405033912555 ], [ -7.881293620974255, 37.013291382093875 ], [ -7.881222982072797, 37.013177694569599 ], [ -7.881173629698854, 37.013082349478971 ], [ -7.881127421360635, 37.012955018267249 ], [ -7.881118256379439, 37.012838127187912 ], [ -7.881142330238289, 37.012658413231122 ], [ -7.881177745315388, 37.012479894739904 ], [ -7.881194128176296, 37.012383783581939 ], [ -7.881223742651908, 37.012228137437042 ], [ -7.881301243576873, 37.011963839063398 ], [ -7.881317919843874, 37.011812764535378 ], [ -7.881326427455043, 37.011618057783551 ], [ -7.881340240362497, 37.011484094952131 ], [ -7.881355371714976, 37.011358157212349 ], [ -7.881366240764952, 37.011229955028341 ], [ -7.881380114961717, 37.011077704929306 ], [ -7.881091682826201, 37.011078625557616 ], [ -7.877388954972016, 37.011073166276695 ], [ -7.876052296956959, 37.01154506678342 ], [ -7.875178465769514, 37.011543177270219 ], [ -7.874718697511367, 37.011505237500145 ], [ -7.87412143877862, 37.011356344516258 ], [ -7.873662295476104, 37.011134039633227 ], [ -7.873479239666405, 37.010875301127477 ], [ -7.872791353223574, 37.010283501632451 ], [ -7.87215067963136, 37.009359666248223 ], [ -7.87050089538332, 37.007695529918173 ], [ -7.869536470664774, 37.007324407672968 ], [ -7.868203840106918, 37.007026349312611 ], [ -7.866318922324424, 37.006911399254435 ], [ -7.864250234811187, 37.006722298509132 ], [ -7.862686986094324, 37.006644777597764 ], [ -7.862064594997605, 37.006406558075525 ], [ -7.861814387408438, 37.006310748732453 ], [ -7.860778458479842, 37.005337920039416 ], [ -7.859865591997925, 37.003417159271287 ], [ -7.858904970021866, 37.002012871171971 ], [ -7.858264401860656, 37.001125903549884 ], [ -7.85725536726832, 37.000422527586494 ], [ -7.856429748924739, 36.999830317844491 ], [ -7.854960684652444, 36.999162529344417 ], [ -7.853032080226526, 36.998456966185117 ], [ -7.85192976624905, 36.998122323994487 ], [ -7.850734483299822, 36.998082547724017 ], [ -7.849952817223417, 36.998080691070825 ], [ -7.848987107674169, 36.998115340359462 ], [ -7.848158972216855, 36.998224008720882 ], [ -7.84673193268732, 36.998663381111811 ], [ -7.845502073202685, 36.999213857745737 ], [ -7.838545676961177, 37.002628081158633 ], [ -7.834953236896742, 37.004095015024099 ], [ -7.830946766371985, 37.005560885341978 ], [ -7.829703410282296, 37.006000421265028 ], [ -7.828185135052867, 37.006181086530674 ], [ -7.826759308321095, 37.006251221329606 ], [ -7.824184522440463, 37.006133915173315 ], [ -7.822345354652154, 37.006092276152742 ], [ -7.821058584086846, 37.00586751428915 ], [ -7.817842167878543, 37.005231617448409 ], [ -7.814809687222401, 37.004633163890396 ], [ -7.812329656414485, 37.003851669370484 ], [ -7.810356783596621, 37.002813336221728 ], [ -7.80976120672584, 37.002258278537752 ], [ -7.809354462736636, 37.002030551367511 ], [ -7.811050246998008, 37.000744444001391 ], [ -7.811596005561535, 36.999838534883345 ], [ -7.811598466250747, 36.999171652431734 ], [ -7.811666442881863, 36.999009637883432 ], [ -7.81186975024743, 36.99883006355833 ], [ -7.811971840807693, 36.998595966543171 ], [ -7.812017152508131, 36.99853301361582 ], [ -7.812118559677409, 36.998461294401913 ], [ -7.812298644504972, 36.998380683268593 ], [ -7.812444956047937, 36.998290876128337 ], [ -7.812569585165375, 36.998038909791994 ], [ -7.812660101245434, 36.997913002256794 ], [ -7.81280651770952, 36.99779625719323 ], [ -7.813133208931829, 36.99758096586995 ], [ -7.81326862015154, 36.997437158194053 ], [ -7.813415598665269, 36.997212278103902 ], [ -7.813562427324005, 36.997050389144164 ], [ -7.813933973156019, 36.996826117223677 ], [ -7.814057956115262, 36.9967273318439 ], [ -7.8142048626148, 36.996547596410458 ], [ -7.814306830078094, 36.996340531119493 ], [ -7.81435183749549, 36.996295597133532 ], [ -7.814599770581357, 36.996107033345602 ], [ -7.815331534378085, 36.995730625146983 ], [ -7.815905983589368, 36.995389659582784 ], [ -7.816029813159403, 36.995326913068133 ], [ -7.816457176222525, 36.99518387847305 ], [ -7.816929622832509, 36.995059074119823 ], [ -7.817267150919441, 36.99493381796426 ], [ -7.817796128837562, 36.994664896840092 ], [ -7.817908721834147, 36.994629148183428 ], [ -7.818695995738187, 36.9944059598756 ], [ -7.81937133557841, 36.994110384177638 ], [ -7.820102725250432, 36.993814865915425 ], [ -7.820597507998292, 36.993663070707697 ], [ -7.821103603326592, 36.993547255341475 ], [ -7.821474632119671, 36.993440100408584 ], [ -7.822150100608433, 36.993108467764046 ], [ -7.822409160003128, 36.992937846333966 ], [ -7.822623324864076, 36.992758186224968 ], [ -7.822814653307899, 36.992641637134433 ], [ -7.82318618724463, 36.992462299842614 ], [ -7.824131007546169, 36.992104412864542 ], [ -7.825481165220145, 36.991621322715595 ], [ -7.825740002449011, 36.991504762683107 ], [ -7.826426808677561, 36.991137086266619 ], [ -7.82691069605944, 36.990922167161578 ], [ -7.828575822257544, 36.990232779985192 ], [ -7.82943095567437, 36.989901654685937 ], [ -7.82965596805605, 36.989784998622838 ], [ -7.829813555321156, 36.989731423027415 ], [ -7.830162409046883, 36.989570117521616 ], [ -7.830668926005791, 36.989337031712324 ], [ -7.831287507151604, 36.98914045754622 ], [ -7.831523742690577, 36.989023826451941 ], [ -7.831974228768876, 36.988754727865938 ], [ -7.832019080743784, 36.988745743421795 ], [ -7.832131804574662, 36.988674029322823 ], [ -7.832660618492798, 36.988423061781347 ], [ -7.83288584064992, 36.988306400079672 ], [ -7.834146321093685, 36.987687917385621 ], [ -7.835451361665365, 36.987159455414286 ], [ -7.835991495270455, 36.986908591419301 ], [ -7.838657976555151, 36.985770751246683 ], [ -7.839243162171107, 36.985483850733154 ], [ -7.839546990263669, 36.985367546563808 ], [ -7.840628351535089, 36.984830998628631 ], [ -7.841437215114363, 36.984498052174622 ], [ -7.842067316902596, 36.984238276826595 ], [ -7.843136380278422, 36.983736640402022 ], [ -7.843845004444185, 36.983440913953409 ], [ -7.843856414295836, 36.983423012029682 ], [ -7.844126345065147, 36.983297424245038 ], [ -7.84638821796791, 36.982194649905452 ], [ -7.84714180725022, 36.981880991498379 ], [ -7.847457046562534, 36.981710541221631 ], [ -7.84789584975857, 36.981504434739456 ], [ -7.848143171437051, 36.981414916830879 ], [ -7.848221994264433, 36.981361042878717 ], [ -7.84872844168645, 36.981145900058415 ], [ -7.849167159385411, 36.980930781422686 ], [ -7.849200989395754, 36.980894723524827 ], [ -7.850011537013353, 36.98041908008009 ], [ -7.850337846324337, 36.980257662011859 ], [ -7.850709083308674, 36.980096348114046 ], [ -7.851529873380585, 36.979854996400256 ], [ -7.851945883628138, 36.979702798325825 ], [ -7.852384699283461, 36.979487480522607 ], [ -7.852587323286805, 36.979361715097994 ], [ -7.853667568851388, 36.978805583301458 ], [ -7.853915164558353, 36.978698305319256 ], [ -7.854702612444558, 36.978321783558613 ], [ -7.854961321927068, 36.978214166305165 ], [ -7.855422384567856, 36.978053138996465 ], [ -7.856141767652614, 36.977892614576056 ], [ -7.856602761019591, 36.977749512251641 ], [ -7.857311697310889, 36.977399734389394 ], [ -7.85821214776587, 36.976852153079406 ], [ -7.858358298380329, 36.976780316436411 ], [ -7.858549624618124, 36.976699659764805 ], [ -7.859246606658166, 36.976485092480033 ], [ -7.859527941821725, 36.976359587655175 ], [ -7.859842967309243, 36.976171082984997 ], [ -7.860158298877683, 36.975928514983899 ], [ -7.860180887313982, 36.975892428068853 ], [ -7.860451086325036, 36.975739957553763 ], [ -7.860585969500592, 36.975677190508833 ], [ -7.861294541401014, 36.97541776379164 ], [ -7.861699407745569, 36.975229457995724 ], [ -7.861913352358574, 36.97510379340396 ], [ -7.862239467817169, 36.974951259071837 ], [ -7.863015963610424, 36.974538524258968 ], [ -7.863522333123509, 36.974224381481335 ], [ -7.864309945577959, 36.973838696780227 ], [ -7.864692506290843, 36.973632311228968 ], [ -7.865514064317578, 36.973138558861869 ], [ -7.865683007483072, 36.972967639879947 ], [ -7.86578480239619, 36.972760619845701 ], [ -7.866021236937834, 36.972589948723517 ], [ -7.866123720606324, 36.972184687873863 ], [ -7.866203022147253, 36.971986715112592 ], [ -7.866349808490918, 36.9717256414405 ], [ -7.866510553445075, 36.97151629050223 ], [ -7.866612144155994, 36.971354398234119 ], [ -7.866707774837559, 36.971197260137252 ], [ -7.866613806497406, 36.970877577110045 ], [ -7.866508020869952, 36.97041252438553 ], [ -7.866132509001834, 36.969033656956604 ], [ -7.866133191736114, 36.968838160123305 ], [ -7.866671484273983, 36.96784280494397 ], [ -7.866815246611681, 36.967514118937544 ], [ -7.867419863945413, 36.966237582053601 ], [ -7.868180277573417, 36.964579930447215 ], [ -7.868617613611728, 36.963550962342389 ], [ -7.868749739576867, 36.963145955617179 ], [ -7.868803382247005, 36.963098392299059 ], [ -7.869012132675635, 36.96323150734144 ], [ -7.86639066141545, 36.968773704797492 ], [ -7.866344382188653, 36.96902854373878 ], [ -7.866866989593216, 36.97102070291961 ], [ -7.871046419478684, 36.965591207779134 ], [ -7.870716622039377, 36.964704246970015 ], [ -7.870612261804486, 36.964254829862753 ], [ -7.870719288385872, 36.963927282248818 ], [ -7.870901499224346, 36.96373344140553 ], [ -7.871052120013234, 36.963928017260521 ], [ -7.870921223823219, 36.964109188850649 ], [ -7.871361633914334, 36.964230980697103 ], [ -7.871788211816074, 36.964303915167484 ], [ -7.872046306585549, 36.964322501894287 ], [ -7.872416961687414, 36.964296370183128 ], [ -7.873102366850253, 36.96417171565119 ], [ -7.874642364930982, 36.963697400749105 ], [ -7.875429239614327, 36.963480772548166 ], [ -7.876856479133132, 36.963071783103544 ], [ -7.877553242658966, 36.962901982048329 ], [ -7.878115261717988, 36.962731977722854 ], [ -7.87890220421449, 36.962490367413679 ], [ -7.879272937453781, 36.962401138446495 ], [ -7.880216728426967, 36.962231756722474 ], [ -7.880947070971018, 36.962125086818126 ], [ -7.881373980465903, 36.962026956098676 ], [ -7.88216061146793, 36.96187561047055 ], [ -7.882587371529272, 36.961822536562572 ], [ -7.884047404611016, 36.961735394804862 ], [ -7.885013272486286, 36.961710466176584 ], [ -7.886697417707136, 36.961767937205693 ], [ -7.887864893005988, 36.961869462790006 ], [ -7.889346633042956, 36.962052542668253 ], [ -7.889952592083263, 36.962144156769561 ], [ -7.890390230737958, 36.962235249931965 ], [ -7.891074964890135, 36.962308635348009 ], [ -7.891591462854274, 36.96231878706697 ], [ -7.892388998089691, 36.962230199723017 ], [ -7.89272591967675, 36.96221285874126 ], [ -7.892849405946431, 36.96222221053047 ], [ -7.893511657333351, 36.962304640978303 ], [ -7.893814695718558, 36.962386347085321 ], [ -7.89471264373885, 36.962505194407576 ], [ -7.895172802954118, 36.962578293442917 ], [ -7.895834892238367, 36.962714773965018 ], [ -7.896126643204276, 36.962742389165989 ], [ -7.896676639397498, 36.96281547961479 ], [ -7.897406052454253, 36.963006243375389 ], [ -7.898023318142323, 36.963115860463063 ], [ -7.89849449372134, 36.963224647835069 ], [ -7.898988571720491, 36.963261752059687 ], [ -7.90035853490444, 36.963255335292601 ], [ -7.900549261724125, 36.963273728905186 ], [ -7.900897394853741, 36.96330153200752 ], [ -7.901245299073841, 36.96336528516813 ], [ -7.9019970457703, 36.963564890478622 ], [ -7.902580504108337, 36.963755249985823 ], [ -7.902883331225113, 36.963836931641076 ], [ -7.903287338668738, 36.963918813805869 ], [ -7.903859510829878, 36.964091208166309 ], [ -7.905890720122361, 36.964560058253205 ], [ -7.907338160246907, 36.96490909476514 ], [ -7.907932755008747, 36.965099358128825 ], [ -7.908291667561728, 36.965244208337381 ], [ -7.909480904408192, 36.965651754288196 ], [ -7.909974681504476, 36.965760719788662 ], [ -7.911332839016626, 36.965970503161827 ], [ -7.911736814494461, 36.966070462933651 ], [ -7.911994909884712, 36.966133932427972 ], [ -7.912252849025762, 36.966251640120085 ], [ -7.912342522440973, 36.96626982679134 ], [ -7.912723934049288, 36.966405607161605 ], [ -7.913329666862089, 36.966677051073496 ], [ -7.914350443923827, 36.967066392995953 ], [ -7.914417583467849, 36.9671115718522 ], [ -7.914608395455502, 36.96718410099146 ], [ -7.915001151223104, 36.967283937995269 ], [ -7.915057077607343, 36.967319991322853 ], [ -7.918299899693633, 36.968233721563521 ], [ -7.919455657738599, 36.968562261098171 ], [ -7.920644942341084, 36.968951855559553 ], [ -7.921116135756213, 36.969078847023106 ], [ -7.921531480777019, 36.969178701847341 ], [ -7.921845768723368, 36.969233413095232 ], [ -7.922306124977846, 36.969261262063696 ], [ -7.923215829463296, 36.969190692224295 ], [ -7.924440001172118, 36.96919265889909 ], [ -7.925192461170452, 36.969130896621536 ], [ -7.925731518011843, 36.969122912281421 ], [ -7.926203164628176, 36.969168967786445 ], [ -7.926393978183561, 36.969205432766053 ], [ -7.927044618579818, 36.969422730522382 ], [ -7.927325172148164, 36.9694953886262 ], [ -7.927661900381301, 36.9695590450198 ], [ -7.9291214838422, 36.969678695461369 ], [ -7.92996332800162, 36.969833227778174 ], [ -7.930198967054464, 36.969905803139554 ], [ -7.930760138111631, 36.970032909170925 ], [ -7.93082762820375, 36.970033023268172 ], [ -7.930951039123926, 36.970078287721783 ], [ -7.931523326192541, 36.970205318061787 ], [ -7.931960972239579, 36.970332209534206 ], [ -7.932914497824756, 36.970685055135505 ], [ -7.933351931415201, 36.970893036994092 ], [ -7.933576440334943, 36.970974510369707 ], [ -7.934120414727387, 36.971241333542622 ], [ -7.935202584280415, 36.971797208748733 ], [ -7.935314816988559, 36.971869574493617 ], [ -7.936122407115198, 36.972213235747418 ], [ -7.936335735564682, 36.972276663643612 ], [ -7.937569717468053, 36.972810329898159 ], [ -7.937894992409065, 36.972928092712763 ], [ -7.938119325297602, 36.973036589746052 ], [ -7.938343845623021, 36.973118055011874 ], [ -7.938388673407056, 36.973154174643092 ], [ -7.938422367062208, 36.973154229896409 ], [ -7.93864672340166, 36.973253623208457 ], [ -7.93919624527899, 36.973515834816986 ], [ -7.939746020591591, 36.973769031636309 ], [ -7.93995908449544, 36.973895615034344 ], [ -7.940542349771509, 36.974184727615004 ], [ -7.941249070247768, 36.974465114340205 ], [ -7.942269967080328, 36.974908369636026 ], [ -7.942864436793771, 36.975215601494497 ], [ -7.943436495559185, 36.975550003721096 ], [ -7.943503638799358, 36.975604083238416 ], [ -7.944030914617163, 36.97588434778077 ], [ -7.94413181558753, 36.975956506895528 ], [ -7.944793526257029, 36.976281940660556 ], [ -7.945017994190011, 36.97634537150541 ], [ -7.945029290624751, 36.976363501202279 ], [ -7.945242459565486, 36.976453856153206 ], [ -7.945567874435733, 36.976571507120134 ], [ -7.946016622830429, 36.97672539859834 ], [ -7.946325430326802, 36.976793464365699 ], [ -7.946544332446836, 36.976834445658959 ], [ -7.946611544975609, 36.976861494586714 ], [ -7.947228988110375, 36.976970584009933 ], [ -7.947610601641284, 36.977070301061552 ], [ -7.947879979552916, 36.977187949130411 ], [ -7.948003347363659, 36.97725995797569 ], [ -7.948070472178702, 36.977323138528831 ], [ -7.948283189547959, 36.977647855785619 ], [ -7.948439451026402, 36.978053678860938 ], [ -7.948674615883051, 36.978342388721032 ], [ -7.948764009074517, 36.97848670015609 ], [ -7.948953910959739, 36.978964567762908 ], [ -7.949155532639621, 36.979190154105453 ], [ -7.949256184713393, 36.979370524163478 ], [ -7.949345257630387, 36.979649908968106 ], [ -7.949501851538297, 36.979920474698694 ], [ -7.949501549553731, 36.980046626914131 ], [ -7.949456339829319, 36.980163695221798 ], [ -7.949467643711656, 36.980181734389767 ], [ -7.949635747795712, 36.9802901234887 ], [ -7.949927338638096, 36.980515847480824 ], [ -7.950263555716213, 36.980822729843268 ], [ -7.950509840442562, 36.981165607323888 ], [ -7.950812167271508, 36.981508391927939 ], [ -7.951036399961509, 36.981680032982702 ], [ -7.951518835427765, 36.981951092540015 ], [ -7.952113539881458, 36.982150146327186 ], [ -7.952876944198115, 36.982304573977814 ], [ -7.953090807343575, 36.982206589306294 ], [ -7.953284353800488, 36.982389708936871 ], [ -7.955382655379389, 36.983765207537893 ], [ -7.957497946678482, 36.985163397652222 ], [ -7.961641300853051, 36.988490005724039 ], [ -7.96390105856995, 36.989789890339054 ], [ -7.965119448743026, 36.990790644934272 ], [ -7.965695035897336, 36.991459427950126 ], [ -7.966247461791665, 36.992609172491015 ], [ -7.966555147093313, 36.994007991593207 ], [ -7.966751918339455, 36.995374037726243 ], [ -7.966605921132521, 36.996184358975867 ], [ -7.966315155641261, 36.997181450168753 ], [ -7.965546782693309, 36.998400349681155 ], [ -7.964801213196575, 36.999352285861157 ], [ -7.963622366382725, 37.000481748480546 ], [ -7.962716690200554, 37.001470749020974 ], [ -7.962417921897047, 37.001791824571491 ], [ -7.962128576778019, 37.002015691694183 ], [ -7.961858065111254, 37.002157402187393 ], [ -7.961596942442334, 37.00226912503831 ], [ -7.961112365725461, 37.002328255628093 ], [ -7.960581296856951, 37.002327489403534 ], [ -7.960427838304229, 37.002322040881431 ], [ -7.959351561773355, 37.002165943859211 ], [ -7.958960860462032, 37.002146905426855 ], [ -7.958730880724068, 37.002146569587495 ], [ -7.958592834943619, 37.002183220011453 ], [ -7.9583398149823, 37.00223826691284 ], [ -7.958201556360278, 37.002367187249135 ], [ -7.958132322372227, 37.002477738838692 ], [ -7.957462905516631, 37.003676005709679 ], [ -7.956978627788057, 37.004284060844796 ], [ -7.956563721282059, 37.004818511456953 ], [ -7.956356180042381, 37.005076453136958 ], [ -7.956194922237329, 37.005186958376733 ], [ -7.95598786963452, 37.005278831007601 ], [ -7.955803666710912, 37.00535235807407 ], [ -7.955527670523749, 37.005425743047866 ], [ -7.95440065771067, 37.005571662004499 ], [ -7.954055631587453, 37.005663413544511 ], [ -7.953756446798895, 37.005755234258515 ], [ -7.953434292425207, 37.005865403287068 ], [ -7.953158118173005, 37.006012582745043 ], [ -7.952582819116373, 37.006177783624786 ], [ -7.951386566976083, 37.006471070009184 ], [ -7.950765546754211, 37.006580865729525 ], [ -7.950167622963447, 37.006616894435652 ], [ -7.949362829169679, 37.006615657571892 ], [ -7.948420316570878, 37.006558875618524 ], [ -7.94793779695598, 37.006447473885757 ], [ -7.947317508449812, 37.006206643331893 ], [ -7.946927436396792, 37.005873984965405 ], [ -7.946766858881229, 37.005744611787314 ], [ -7.946468160269288, 37.005633401512917 ], [ -7.946054544550494, 37.005558952825197 ], [ -7.945663625204514, 37.005576812759855 ], [ -7.944973460472173, 37.00579712342067 ], [ -7.943806025311362, 37.006422518084968 ], [ -7.943115421772553, 37.006771940156163 ], [ -7.942908235292681, 37.006863970824362 ], [ -7.942723992657083, 37.006992802897045 ], [ -7.9422863284365, 37.007324149812192 ], [ -7.941526017297095, 37.007955761478712 ], [ -7.941387583268961, 37.00813998807304 ], [ -7.941341235672524, 37.008250657701076 ], [ -7.941317950904664, 37.008398216035651 ], [ -7.94131772043822, 37.008490394315338 ], [ -7.941363487822316, 37.008564269392934 ], [ -7.941707366009392, 37.008989141951815 ], [ -7.941844144750978, 37.009469007117048 ], [ -7.942050308855668, 37.009746145398687 ], [ -7.942279798361056, 37.009949436803936 ], [ -7.9423484200724, 37.010097147539831 ], [ -7.942345621146781, 37.011222501088135 ], [ -7.942230219383225, 37.01140676467525 ], [ -7.941597910952825, 37.011922254592037 ], [ -7.941222845709243, 37.012100243584122 ], [ -7.93986049032712, 37.013288280173434 ], [ -7.938879380444322, 37.013576474600654 ], [ -7.938001963116887, 37.013518543191864 ], [ -7.936457849375256, 37.013605033039049 ], [ -7.937899704912267, 37.013651556302783 ], [ -7.939125655326158, 37.014344503742201 ], [ -7.93944217393252, 37.015016684749604 ], [ -7.939992368708747, 37.01553623585604 ], [ -7.944138397143613, 37.016493790126191 ], [ -7.94564492619954, 37.016496076643655 ], [ -7.946620932358591, 37.016553109933234 ], [ -7.946843816986664, 37.016578150408002 ], [ -7.947081794583633, 37.016677190869487 ], [ -7.947303928091408, 37.017010482856911 ], [ -7.94729473494246, 37.017606351641163 ], [ -7.947216676503877, 37.018099570705239 ], [ -7.947276977651301, 37.018580664338906 ], [ -7.947550084774083, 37.01898251841736 ], [ -7.947789813553731, 37.019199600507051 ], [ -7.94822682179176, 37.019668931948935 ], [ -7.948779369364019, 37.020039766911665 ], [ -7.949332320885611, 37.020244177108211 ], [ -7.949876555387646, 37.020337555751517 ], [ -7.950114760395785, 37.020350171649639 ], [ -7.950437580794737, 37.020363012858532 ], [ -7.950837295904669, 37.020363623843402 ], [ -7.951267737697411, 37.020345812071596 ], [ -7.951759739051595, 37.020334214748317 ], [ -7.952251717743374, 37.020334961922075 ], [ -7.952797347362596, 37.020360475419565 ], [ -7.953265881915255, 37.020533651809309 ], [ -7.954216958952167, 37.021380110307781 ], [ -7.954369615595218, 37.021842864510262 ], [ -7.954513127733484, 37.02294843448103 ], [ -7.954589265251609, 37.023263026046649 ], [ -7.954611452730353, 37.023626910057487 ], [ -7.954602863157611, 37.024033915672213 ], [ -7.954462772330147, 37.024787460670574 ], [ -7.95448458541367, 37.025311648410238 ], [ -7.954445334262765, 37.02566319058684 ], [ -7.954367901466291, 37.025903574205088 ], [ -7.954290590679803, 37.026094572607946 ], [ -7.954097838486257, 37.026341001438212 ], [ -7.953712680341893, 37.026685986489291 ], [ -7.953496791719746, 37.026926156497709 ], [ -7.95299627094296, 37.027338547094296 ], [ -7.952606838628321, 37.027825171292939 ], [ -7.95263162788605, 37.028196964489268 ], [ -7.952636671751455, 37.028578428622247 ], [ -7.952553357157589, 37.028868088178619 ], [ -7.952439016740477, 37.029169385591103 ], [ -7.952151833888009, 37.029893715495049 ], [ -7.951637592447057, 37.031061140736263 ], [ -7.951588397110817, 37.031324111317552 ], [ -7.951563941623808, 37.031603808554031 ], [ -7.951546725770451, 37.03175715982092 ], [ -7.951498954277909, 37.031838145739293 ], [ -7.951451147488408, 37.031933437070251 ], [ -7.951349758480994, 37.032052486994047 ], [ -7.951254327166738, 37.032166777463551 ], [ -7.951146985975633, 37.032287407584967 ], [ -7.951550149954074, 37.032817295661523 ], [ -7.951816855386059, 37.033208695686469 ], [ -7.952225682729869, 37.03386256369064 ], [ -7.952628275736211, 37.034640394366029 ], [ -7.953143421198073, 37.035613889936805 ], [ -7.95367623224899, 37.036668468800386 ], [ -7.954067004316475, 37.037427203319091 ], [ -7.954365243404129, 37.038017122100783 ], [ -7.954782601855146, 37.038858145206142 ], [ -7.954898018380431, 37.039101496296176 ], [ -7.95500001849327, 37.039359132596225 ], [ -7.955163864330808, 37.039877920154836 ], [ -7.955323327248047, 37.040364515377391 ], [ -7.955512556854466, 37.040982913692815 ], [ -7.956080973613512, 37.042600741043024 ], [ -7.95648850132222, 37.0438529996201 ], [ -7.956705537831884, 37.044529213973235 ], [ -7.957020083171542, 37.045484512784384 ], [ -7.957232774599588, 37.046114229526232 ], [ -7.957653666192545, 37.047391535948194 ], [ -7.957817637601985, 37.047870982080525 ], [ -7.95791956992158, 37.048167952696026 ], [ -7.958030450104276, 37.048454208229131 ], [ -7.958145931331476, 37.048679674980292 ], [ -7.958310285815861, 37.048994618168756 ], [ -7.958537030159563, 37.04934183838521 ], [ -7.958705988630308, 37.049595992326225 ], [ -7.958928470821285, 37.049857378232659 ], [ -7.959105422509819, 37.05006915141059 ], [ -7.959776131188525, 37.050755759193322 ], [ -7.96058432870359, 37.051562040964853 ], [ -7.961020588753184, 37.051998964395921 ], [ -7.961577015526874, 37.052571952664032 ], [ -7.962280392841159, 37.053277468057622 ], [ -7.962930344000357, 37.053936411719825 ], [ -7.963580315468491, 37.054591776331549 ], [ -7.96376285456821, 37.054770844158462 ], [ -7.963967680387179, 37.054960671651436 ], [ -7.964426368223056, 37.055361852543335 ], [ -7.964617921392683, 37.055501593713693 ], [ -7.965085713804974, 37.055824109585942 ], [ -7.965883153469568, 37.056393843001523 ], [ -7.966890014415081, 37.057103333552966 ], [ -7.967513825875733, 37.057504733637224 ], [ -7.967870355040843, 37.057705494154078 ], [ -7.968240326123991, 37.057881239579658 ], [ -7.968588026933135, 37.058039072982872 ], [ -7.970224253170066, 37.058674307260375 ], [ -7.970531871149383, 37.058799894504475 ], [ -7.970772619688867, 37.058896779511883 ], [ -7.971138186480655, 37.059051053514374 ], [ -7.971472535305659, 37.059198131144051 ], [ -7.97184248412944, 37.059391746157409 ], [ -7.972176714964149, 37.059596039730629 ], [ -7.972528781177301, 37.059807508311749 ], [ -7.972698088021036, 37.059929326264623 ], [ -7.972876304160442, 37.06005830871986 ], [ -7.973130235704584, 37.060255338390093 ], [ -7.973463185938216, 37.060542494597364 ], [ -7.973980902945012, 37.061028928470471 ], [ -7.974476407122359, 37.061481322086749 ], [ -7.974891518780979, 37.061862218076961 ], [ -7.975259149937464, 37.062208623969113 ], [ -7.97580696859329, 37.062704996194633 ], [ -7.976620237164165, 37.063449008284906 ], [ -7.976612120586401, 37.06344939224681 ], [ -7.976606301344241, 37.063449667506148 ], [ -7.976560328766819, 37.06345184240466 ], [ -7.976504880244054, 37.063460958347122 ], [ -7.976437881798428, 37.063474025528045 ], [ -7.976269679750406, 37.063506831146299 ], [ -7.975948177184596, 37.063606535438993 ], [ -7.97536771257712, 37.063773841002927 ], [ -7.975340841354331, 37.063820295163445 ], [ -7.975174255359384, 37.06452815183966 ], [ -7.975097559440615, 37.064928579632642 ], [ -7.974530992191213, 37.065112438731838 ], [ -7.974526014728633, 37.065092316556822 ], [ -7.974115758859352, 37.065216482899487 ], [ -7.974001880564045, 37.065256561252021 ], [ -7.973901366905009, 37.065307386490986 ], [ -7.973857366059954, 37.065356552062504 ], [ -7.973656192520258, 37.064915912846502 ], [ -7.973429530241883, 37.064475739046081 ], [ -7.973296849454762, 37.064173821214432 ], [ -7.973612547472879, 37.063653916843911 ], [ -7.973562514583628, 37.063573385656895 ], [ -7.973422231240061, 37.063439089486195 ], [ -7.972889673588378, 37.063634163470439 ], [ -7.972561412353918, 37.063762458475217 ], [ -7.972099117498403, 37.063965670538543 ], [ -7.971609720192125, 37.064208604582731 ], [ -7.971531462921138, 37.064241242957927 ], [ -7.970900235400867, 37.063741541007651 ], [ -7.970792230377223, 37.063835939119535 ], [ -7.970752806752725, 37.063870396214135 ], [ -7.97071326709264, 37.063904941441571 ], [ -7.970673843394789, 37.063939399410422 ], [ -7.970633852422666, 37.063973586267451 ], [ -7.97059319468602, 37.064007229752185 ], [ -7.970551969129001, 37.064040330900582 ], [ -7.970510297719608, 37.064073166508237 ], [ -7.970468512914989, 37.064105906431976 ], [ -7.97042728930677, 37.064139097646205 ], [ -7.970386178097693, 37.064172290802212 ], [ -7.970344390930817, 37.064205033381533 ], [ -7.970301483706718, 37.064236782328834 ], [ -7.970258016346718, 37.064268076351347 ], [ -7.970214209019617, 37.064299014868674 ], [ -7.970170408403295, 37.064329953378838 ], [ -7.970126601944398, 37.064360978367482 ], [ -7.970082797887584, 37.064391915038037 ], [ -7.970026377743016, 37.064431933369313 ], [ -7.970005717146903, 37.064446550981124 ], [ -7.970001265575424, 37.064449741862276 ], [ -7.969680450103448, 37.064672674145378 ], [ -7.96964955451402, 37.064712187715784 ], [ -7.969536174302659, 37.06502803540377 ], [ -7.969525356783885, 37.065056133015936 ], [ -7.969434855221781, 37.065259378205567 ], [ -7.969366785797055, 37.065436706131543 ], [ -7.969349587927939, 37.065488489492196 ], [ -7.969327994667537, 37.065540813731616 ], [ -7.969318683450539, 37.065583153033366 ], [ -7.969200731194358, 37.065942249067312 ], [ -7.969183153588919, 37.066064319943429 ], [ -7.969167070299545, 37.066276771231834 ], [ -7.969147601492528, 37.06633657545666 ], [ -7.969076255458179, 37.066367466462793 ], [ -7.969045093426855, 37.066375167173746 ], [ -7.968602993918207, 37.06657369433966 ], [ -7.968598040028315, 37.066576661004525 ], [ -7.968507667347954, 37.066614198611745 ], [ -7.968405679808351, 37.066665508215216 ], [ -7.968264986371139, 37.066732176771616 ], [ -7.968204858451003, 37.066771195183726 ], [ -7.968161354575339, 37.066816727999488 ], [ -7.968116473969883, 37.066877487888121 ], [ -7.968078197499276, 37.066948439051508 ], [ -7.968026903554231, 37.067062892922173 ], [ -7.9679901017115, 37.067130422937609 ], [ -7.967943974428946, 37.067192440719516 ], [ -7.967819396698209, 37.067292555510242 ], [ -7.9677119699004, 37.067363588585764 ], [ -7.967640917658299, 37.067410706520668 ], [ -7.967459194244576, 37.067521011608449 ], [ -7.96735626639429, 37.0675922353605 ], [ -7.967258024824378, 37.0676790486973 ], [ -7.967121642733023, 37.067776803455438 ], [ -7.967075957683183, 37.067790707020855 ], [ -7.967029047402883, 37.067800286415462 ], [ -7.966987906534096, 37.067792385884786 ], [ -7.966948466989443, 37.067780348202696 ], [ -7.966830930083613, 37.067693678879479 ], [ -7.966744681732343, 37.067644808202125 ], [ -7.966693559989622, 37.067626808783501 ], [ -7.966645541731363, 37.067628363335679 ], [ -7.966575820006794, 37.067630697463422 ], [ -7.96647095511424, 37.067661726352661 ], [ -7.966352230375001, 37.067705531775353 ], [ -7.966265760810167, 37.067758304856397 ], [ -7.966221052085412, 37.06778842604092 ], [ -7.966197051454622, 37.067811727308012 ], [ -7.966133721026551, 37.067874533835912 ], [ -7.966118690709465, 37.067906771019622 ], [ -7.966116377755113, 37.067936504007619 ], [ -7.96613385859242, 37.067964640228759 ], [ -7.966187678664894, 37.068035179727765 ], [ -7.966316020692653, 37.068168359237887 ], [ -7.966446938392878, 37.068308116439148 ], [ -7.966527785336568, 37.068410500653336 ], [ -7.966585167497197, 37.068497895896996 ], [ -7.96661722488549, 37.068544075727395 ], [ -7.96665657331763, 37.06860053708747 ], [ -7.966740689966318, 37.068750142755853 ], [ -7.96679038494053, 37.068856989343622 ], [ -7.966815686914985, 37.068906222385621 ], [ -7.966858028420323, 37.068980981412182 ], [ -7.966881150522553, 37.069052196611487 ], [ -7.966910207593497, 37.06913423567439 ], [ -7.966962507446543, 37.069282264769328 ], [ -7.966982715492924, 37.069346087984265 ], [ -7.967073093215739, 37.069568056348814 ], [ -7.967230534225127, 37.069870493046515 ], [ -7.967365152767912, 37.070120276908 ], [ -7.967500982570741, 37.070381238277456 ], [ -7.967799632836399, 37.070334255844138 ], [ -7.967998504775833, 37.070302998062793 ], [ -7.968268928652775, 37.070258681068495 ], [ -7.968500213797927, 37.070216830345316 ], [ -7.968559727195553, 37.070358832450893 ], [ -7.96859464341261, 37.070436463066066 ], [ -7.968474615453419, 37.070457471694453 ], [ -7.968417919158369, 37.070467755301799 ], [ -7.968435046783585, 37.070503370470256 ], [ -7.968188913173307, 37.070548262257667 ], [ -7.967629502891044, 37.070637593823697 ], [ -7.967519345526783, 37.070659444238885 ], [ -7.966524264029225, 37.070841662979333 ], [ -7.966552541211186, 37.071074267194021 ], [ -7.966199722428997, 37.071156220108385 ], [ -7.965881808293354, 37.071677128101925 ], [ -7.966053987047622, 37.071771260454568 ], [ -7.965920999148106, 37.071906773385109 ], [ -7.965750355270899, 37.071827962104976 ], [ -7.965562307509704, 37.071742634685357 ], [ -7.965405737489052, 37.071659244624385 ], [ -7.964925563753918, 37.071919331835105 ], [ -7.964976851583049, 37.071965087010391 ], [ -7.964990311882383, 37.071979885445266 ], [ -7.964995132073157, 37.071985749234443 ], [ -7.965035622550806, 37.072034010275146 ], [ -7.965050271634999, 37.072072689653098 ], [ -7.96506291533049, 37.072099829784207 ], [ -7.965077105045881, 37.072140307945119 ], [ -7.965089755316308, 37.072167535486216 ], [ -7.96510090218625, 37.072212066853332 ], [ -7.965119588652215, 37.07225264148466 ], [ -7.965133913400723, 37.072283927109588 ], [ -7.9651601399413, 37.072324419601372 ], [ -7.965168893626809, 37.072332362315436 ], [ -7.965208864776366, 37.072360263776531 ], [ -7.965245819177528, 37.072379869305813 ], [ -7.965295122439283, 37.072405347449944 ], [ -7.965337900113603, 37.072437490571538 ], [ -7.965358995275984, 37.072458243221924 ], [ -7.96536224557367, 37.072462123321948 ], [ -7.965370210818842, 37.072471685030379 ], [ -7.965427948906729, 37.07254989036219 ], [ -7.965445777875636, 37.07257298296436 ], [ -7.965453252410533, 37.072600113942883 ], [ -7.965458226962538, 37.072639589654422 ], [ -7.965458398514214, 37.072663825984058 ], [ -7.965453392339418, 37.072690307670918 ], [ -7.96540679664739, 37.072810898712973 ], [ -7.96540726624177, 37.072852981159535 ], [ -7.96541046498015, 37.072881817226481 ], [ -7.965424241455006, 37.072904814895189 ], [ -7.96546419383142, 37.072942445096707 ], [ -7.965475644744526, 37.072950661920608 ], [ -7.965511691430093, 37.072973597339242 ], [ -7.965556285403992, 37.072996637631171 ], [ -7.965589078360315, 37.073016235371199 ], [ -7.965621424220738, 37.073033584300617 ], [ -7.965663333812861, 37.073050583591218 ], [ -7.965706907618573, 37.073076325596809 ], [ -7.965812413056094, 37.073115581799826 ], [ -7.965875315911232, 37.073145134597823 ], [ -7.965956997907946, 37.073180030141813 ], [ -7.966028250235781, 37.07319995407434 ], [ -7.965408250934956, 37.073273958048873 ], [ -7.965424121055708, 37.073370122870784 ], [ -7.965555205467203, 37.073998619801223 ], [ -7.965590474019845, 37.074169513400719 ], [ -7.965599392268913, 37.075228006575493 ], [ -7.965614356205551, 37.07559943608701 ], [ -7.964839166016898, 37.07539272646013 ], [ -7.964837467048616, 37.075396689658234 ], [ -7.964801865790699, 37.075479624074234 ], [ -7.964781717533289, 37.075535372606126 ], [ -7.964777964842962, 37.07555726327719 ], [ -7.964782811458126, 37.075602142531281 ], [ -7.9647920921083, 37.075626215166629 ], [ -7.964946429398975, 37.075913333802063 ], [ -7.964948559768247, 37.075917207818158 ], [ -7.964954065299687, 37.075915326080185 ], [ -7.964984901383776, 37.075904917383276 ], [ -7.965008748533562, 37.075901528018825 ], [ -7.965037879917332, 37.075901749515445 ], [ -7.965059905429721, 37.07590745926521 ], [ -7.965091144078229, 37.075917953226536 ], [ -7.965386427950153, 37.076031364390722 ], [ -7.965649673074337, 37.076139957523829 ], [ -7.96565315605952, 37.076141403251718 ], [ -7.965740231280857, 37.076177296820404 ], [ -7.966047733343412, 37.076310187582777 ], [ -7.966399181785314, 37.076454223380544 ], [ -7.966714604060567, 37.076565587976376 ], [ -7.967012836528872, 37.076668907240418 ], [ -7.967283114522466, 37.076753354318171 ], [ -7.967471028426494, 37.076805971738999 ], [ -7.967662591857642, 37.076834259665318 ], [ -7.967794603291509, 37.076841833404444 ], [ -7.967932934562119, 37.076838152427008 ], [ -7.968018417041984, 37.076830974577099 ], [ -7.96811025258913, 37.076817414216308 ], [ -7.968126432481014, 37.076907984312932 ], [ -7.968135432429996, 37.076958366625043 ], [ -7.968195966301683, 37.077099648418937 ], [ -7.968230541399236, 37.077180252111255 ], [ -7.968320648056084, 37.077374918262045 ], [ -7.968358318594069, 37.077480844467232 ], [ -7.96841850386674, 37.077625096478059 ], [ -7.96850650057841, 37.077809397244806 ], [ -7.968583183411153, 37.077972236793507 ], [ -7.96867098473841, 37.078141667708714 ], [ -7.968720516583237, 37.078222921827674 ], [ -7.968763134376267, 37.078329757618455 ], [ -7.968869628023362, 37.078539582186515 ], [ -7.969011741834068, 37.078764596608089 ], [ -7.969085010615564, 37.078893279654608 ], [ -7.969087878134784, 37.078921580802536 ], [ -7.969086401053334, 37.078928062855042 ], [ -7.969084362550766, 37.078935178483938 ], [ -7.969077246853462, 37.078949406440266 ], [ -7.969073752615611, 37.078953094189984 ], [ -7.969065077650214, 37.078959749204294 ], [ -7.968915428596881, 37.079047577509094 ], [ -7.968901689824095, 37.079057200832104 ], [ -7.968816983888718, 37.079170886784119 ], [ -7.968731315872558, 37.079314395832746 ], [ -7.96868042167083, 37.079447052793846 ], [ -7.967790321141693, 37.080876702490755 ], [ -7.966672986671274, 37.080863260126264 ], [ -7.966181945219877, 37.080891176279671 ], [ -7.965449846627662, 37.080933052556169 ], [ -7.964856677813272, 37.080976295571972 ], [ -7.964263272346209, 37.080996631911688 ], [ -7.96378479925959, 37.081012927734413 ], [ -7.963556873874717, 37.081099787752969 ], [ -7.963460595327575, 37.080292294935404 ], [ -7.963416362947587, 37.080000932235791 ], [ -7.963323328410029, 37.079454164579211 ], [ -7.963235001251538, 37.078810304314878 ], [ -7.963203807857402, 37.078709563336226 ], [ -7.96224304891458, 37.078812469314748 ], [ -7.961488868500822, 37.078865319351564 ], [ -7.960002933143223, 37.078978231902205 ], [ -7.959881752524655, 37.078974457909851 ], [ -7.959801043725705, 37.078938376530573 ], [ -7.959706959058643, 37.078862716799385 ], [ -7.959639812548648, 37.078783500226791 ], [ -7.959572634518782, 37.078718668239127 ], [ -7.959487412121056, 37.078693369444863 ], [ -7.959357322178656, 37.078660811633959 ], [ -7.959642692417297, 37.07752480695472 ], [ -7.959261225893038, 37.077466743992964 ], [ -7.957605742862054, 37.077190939507105 ], [ -7.957318681042232, 37.077107798925624 ], [ -7.956623499907338, 37.076887388579145 ], [ -7.955802724906397, 37.0766344200565 ], [ -7.955264499656851, 37.07647537473219 ], [ -7.954923650337854, 37.076363376537294 ], [ -7.954618684150581, 37.076262219872056 ], [ -7.954322771047147, 37.076128709648437 ], [ -7.953663683194655, 37.075836412057988 ], [ -7.953457488151446, 37.075724614185475 ], [ -7.953278222359903, 37.075612856784666 ], [ -7.953130391924729, 37.075493954476876 ], [ -7.952821395891135, 37.075202184693829 ], [ -7.952279692922439, 37.074625951347599 ], [ -7.952127376794285, 37.074507040935181 ], [ -7.951934651715441, 37.074395260949011 ], [ -7.951750791925805, 37.074330245311231 ], [ -7.950786137287807, 37.074202890582242 ], [ -7.949462599283113, 37.074006641166875 ], [ -7.948758213652727, 37.073901252353792 ], [ -7.946950100152715, 37.073650273725711 ], [ -7.946810995475589, 37.073639265012993 ], [ -7.946426134760192, 37.07366807984441 ], [ -7.946314836909082, 37.073677050481926 ], [ -7.945428359534948, 37.073784512079698 ], [ -7.945060006974998, 37.073845615004998 ], [ -7.944835700947617, 37.073861350482957 ], [ -7.944651587374593, 37.073866421265755 ], [ -7.944507675232757, 37.07385814507019 ], [ -7.94446031571602, 37.073842597486745 ], [ -7.944395378888829, 37.073830117094928 ], [ -7.944413529230567, 37.07379911312642 ], [ -7.944583621333211, 37.073508565106593 ], [ -7.94570392393481, 37.071375882121231 ], [ -7.946483094914958, 37.069855334369947 ], [ -7.946676956974568, 37.069417920808554 ], [ -7.947220416853175, 37.068363100126241 ], [ -7.947489410421499, 37.067857141239884 ], [ -7.947705080110931, 37.067256687763418 ], [ -7.947968474556586, 37.06648107885826 ], [ -7.948242227573249, 37.065480188790261 ], [ -7.948372177617776, 37.064891043830158 ], [ -7.948503372357718, 37.063786938323098 ], [ -7.94878698913933, 37.061653141797777 ], [ -7.948968564736118, 37.060377458329221 ], [ -7.949048523468965, 37.059826206570662 ], [ -7.949055690094919, 37.059776802900835 ], [ -7.949058490923552, 37.059725548863469 ], [ -7.948179951357323, 37.059882963178993 ], [ -7.947590631223208, 37.060010784592983 ], [ -7.946551310319205, 37.060223722448782 ], [ -7.94572627567192, 37.060394076311105 ], [ -7.944451169967435, 37.060675285639711 ], [ -7.943477651251691, 37.060887407286856 ], [ -7.943458252634533, 37.060613801870716 ], [ -7.943431206517873, 37.060185695440957 ], [ -7.943412378593209, 37.059951249680879 ], [ -7.943478396667869, 37.059960414607175 ], [ -7.94396268738121, 37.059004213272331 ], [ -7.943909271101337, 37.058952155156895 ], [ -7.945074721493425, 37.057529275173103 ], [ -7.946062940906974, 37.056307798312766 ], [ -7.945966647021346, 37.056273315587475 ], [ -7.945409709810443, 37.056306766582701 ], [ -7.944301145212035, 37.056390834608187 ], [ -7.943262218586467, 37.056462130109523 ], [ -7.942967675012599, 37.056483114727342 ], [ -7.942871381193144, 37.056448629492159 ], [ -7.942780518525974, 37.056384112939313 ], [ -7.942636347422561, 37.05622510177308 ], [ -7.942390198269075, 37.05616462730503 ], [ -7.941378636852054, 37.055999924285622 ], [ -7.940650740704351, 37.055882878552723 ], [ -7.939651786034653, 37.055764850508801 ], [ -7.939573231170769, 37.055953882725227 ], [ -7.939199708333195, 37.055884807495083 ], [ -7.938525326856015, 37.055780710706465 ], [ -7.938193545435297, 37.055707212523522 ], [ -7.937904556167208, 37.055650949262642 ], [ -7.937781065828771, 37.055783778540579 ], [ -7.937619963320894, 37.055968042003244 ], [ -7.937475054663599, 37.056100835658391 ], [ -7.937276778586204, 37.056164879333522 ], [ -7.936982102045722, 37.056237345157719 ], [ -7.936430182847495, 37.056399503902284 ], [ -7.936087249421814, 37.056497635626769 ], [ -7.935872840873136, 37.056587398296266 ], [ -7.935539947070636, 37.056685008986733 ], [ -7.935246408223456, 37.056759994484509 ], [ -7.93513624362868, 37.056318828611786 ], [ -7.935090022695154, 37.056324336316649 ], [ -7.935033991630577, 37.056296851981188 ], [ -7.935104224572194, 37.056223078588495 ], [ -7.935172063830175, 37.056120292936626 ], [ -7.935224530275124, 37.056002965326506 ], [ -7.935257009941162, 37.055920029830475 ], [ -7.935282200067463, 37.055874660492776 ], [ -7.935302179213055, 37.055844870112487 ], [ -7.935311806803396, 37.05581739895085 ], [ -7.93532830948272, 37.055780755520168 ], [ -7.935344936152726, 37.05574311570755 ], [ -7.935352878381874, 37.055716099477337 ], [ -7.935371081511462, 37.055675758170068 ], [ -7.935387128120326, 37.055643711241693 ], [ -7.935407111853332, 37.05561211329875 ], [ -7.935435633424559, 37.055580443976801 ], [ -7.935465830250246, 37.055554362285861 ], [ -7.935501895697728, 37.055521350302392 ], [ -7.935527019005131, 37.055501211728227 ], [ -7.935568690725413, 37.055471815153076 ], [ -7.935722860200961, 37.055371418362775 ], [ -7.935781744353665, 37.055339799469955 ], [ -7.935827452078737, 37.055316446701745 ], [ -7.935868542539679, 37.055292185166756 ], [ -7.935921596148228, 37.055253617350594 ], [ -7.935981073099662, 37.055209205915673 ], [ -7.936013533716823, 37.055177089757855 ], [ -7.936056383407682, 37.055128953558778 ], [ -7.936084954148105, 37.05507809131413 ], [ -7.936115117562906, 37.055021279221513 ], [ -7.936139161244594, 37.054983746220408 ], [ -7.936160741100216, 37.054942513825367 ], [ -7.93622753627146, 37.054806831255483 ], [ -7.936272520743452, 37.054712925831922 ], [ -7.936321095681864, 37.0546221764953 ], [ -7.936343359314196, 37.054578598805406 ], [ -7.936358742758975, 37.054540151221168 ], [ -7.936371854946217, 37.054512691152141 ], [ -7.936400948648359, 37.054478136404335 ], [ -7.936367716572373, 37.054460872612736 ], [ -7.936344280834719, 37.05402704024069 ], [ -7.935354069043104, 37.05399216582768 ], [ -7.93365875554234, 37.053919026098917 ], [ -7.933030279349675, 37.053897549537474 ], [ -7.932755992981949, 37.053888081318739 ], [ -7.932675808955788, 37.053071970452699 ], [ -7.93260791077382, 37.052423859098333 ], [ -7.932561078638581, 37.051908815860493 ], [ -7.932526265961714, 37.05145785557113 ], [ -7.932523365101446, 37.051447760450735 ], [ -7.932525022870961, 37.051368042617973 ], [ -7.932915832227547, 37.051381576349335 ], [ -7.933181533957601, 37.051378269629055 ], [ -7.933184606251354, 37.051350041484099 ], [ -7.933230910550831, 37.05092454087854 ], [ -7.933280098903632, 37.050286818912198 ], [ -7.93336833680663, 37.049304243439643 ], [ -7.933433498685536, 37.048438528772955 ], [ -7.933378646248432, 37.048436454081809 ], [ -7.933495267209773, 37.047686252502501 ], [ -7.933558982451483, 37.047207156094863 ], [ -7.934257021168189, 37.04723015029213 ], [ -7.934289479160532, 37.047101463781217 ], [ -7.934371193672209, 37.046560887943997 ], [ -7.93449637435705, 37.045775776542406 ], [ -7.934493201497148, 37.044938952822072 ], [ -7.934495336864761, 37.04411930423386 ], [ -7.934492777747009, 37.043046456600578 ], [ -7.934510146407545, 37.042544394411593 ], [ -7.934452130888585, 37.042209569757624 ], [ -7.934373351331245, 37.041625810964241 ], [ -7.934320802825126, 37.041248081674233 ], [ -7.93423121913661, 37.040702926456525 ], [ -7.934120054773619, 37.040222105912001 ], [ -7.933961038799725, 37.039616755671254 ], [ -7.933865668543541, 37.039238954176106 ], [ -7.933738302833294, 37.038813893308792 ], [ -7.933558883306636, 37.038842831582244 ], [ -7.933422254515548, 37.038866389201296 ], [ -7.933240197986933, 37.038896541708745 ], [ -7.932987751347485, 37.038936304143633 ], [ -7.932777819438125, 37.038964067930209 ], [ -7.932703711442702, 37.038978268074686 ], [ -7.932571130554932, 37.039000662855116 ], [ -7.932494426763251, 37.039017562607341 ], [ -7.932460102010872, 37.039033995139711 ], [ -7.932408681458682, 37.039054905021743 ], [ -7.932321906911557, 37.039097200643084 ], [ -7.932247149592914, 37.039142758611995 ], [ -7.932174416218941, 37.039190575351292 ], [ -7.932055411774016, 37.039264169993736 ], [ -7.932029952662157, 37.039286744732109 ], [ -7.932002590089734, 37.039304809963241 ], [ -7.931989648653295, 37.039310553105032 ], [ -7.931926693422516, 37.039313423529421 ], [ -7.931826962023583, 37.039325777526535 ], [ -7.931719935594663, 37.039332626105796 ], [ -7.931430466894366, 37.039345201827295 ], [ -7.931316156139699, 37.039344198309294 ], [ -7.931102409065859, 37.039369696347464 ], [ -7.930888349689234, 37.039387445125385 ], [ -7.930224188259846, 37.039462277349628 ], [ -7.930133794755293, 37.039457340747148 ], [ -7.930198319257305, 37.039279196879988 ], [ -7.930279221961669, 37.039051892193562 ], [ -7.929696038513829, 37.038935026431005 ], [ -7.928941822731103, 37.038719161686622 ], [ -7.92842222233987, 37.03859864427335 ], [ -7.927962733113946, 37.038520069943146 ], [ -7.927272508427022, 37.038398716232962 ], [ -7.9265281914175, 37.03823810542869 ], [ -7.925240921043924, 37.037937069824174 ], [ -7.924256510551901, 37.037733646356045 ], [ -7.924051555193128, 37.037696065619627 ], [ -7.923972940494457, 37.03768165045058 ], [ -7.923967280894778, 37.037793216085845 ], [ -7.923950975164232, 37.037883306555656 ], [ -7.921280620378453, 37.038122498440991 ], [ -7.921250851602519, 37.038117037040941 ], [ -7.919415916858601, 37.038239992560541 ], [ -7.919388610849745, 37.038433055429266 ], [ -7.918476584882661, 37.038324578650176 ], [ -7.918436074501606, 37.038319760304461 ], [ -7.918431934391265, 37.038355828245095 ], [ -7.918397659938906, 37.038654417553992 ], [ -7.91836459870999, 37.038989085361628 ], [ -7.91825068675037, 37.039426425687935 ], [ -7.918153758986293, 37.039722528871067 ], [ -7.91800778222606, 37.040232938416352 ], [ -7.917953717365802, 37.040421660552717 ], [ -7.917439828645716, 37.042892840219928 ], [ -7.917343329318107, 37.043309323224385 ], [ -7.91729174414326, 37.043557453669919 ], [ -7.917237260853791, 37.043892081908801 ], [ -7.917160440437656, 37.044552813136782 ], [ -7.917078705956089, 37.045148209247508 ], [ -7.917056364972052, 37.04538515005823 ], [ -7.916847538765245, 37.045397643244947 ], [ -7.916804990266828, 37.045298864770331 ], [ -7.916738962544451, 37.045200486791494 ], [ -7.916739398955027, 37.045166335090379 ], [ -7.916731084804477, 37.045085223290407 ], [ -7.916724488835182, 37.045032045205886 ], [ -7.916713343016559, 37.044959670456286 ], [ -7.9167060799601, 37.04490469351078 ], [ -7.916702358274058, 37.044828182854673 ], [ -7.916692346218658, 37.044752027460753 ], [ -7.916683408011512, 37.044691997838768 ], [ -7.916671672303393, 37.04462827141284 ], [ -7.91665309947509, 37.044559125167773 ], [ -7.916630863519803, 37.04451006798439 ], [ -7.916595612310161, 37.044454042470086 ], [ -7.916572873947593, 37.044425170214765 ], [ -7.91655647020573, 37.044384319828183 ], [ -7.916538284322542, 37.044335717851922 ], [ -7.916106580186975, 37.043678410215385 ], [ -7.916034980582825, 37.043558257089394 ], [ -7.915972242670636, 37.043482992719795 ], [ -7.91593249213032, 37.043427957155835 ], [ -7.915904068026688, 37.043383933614216 ], [ -7.915863124094616, 37.043314202027645 ], [ -7.915818131838693, 37.043245461402286 ], [ -7.915790330748061, 37.043178911221432 ], [ -7.915775218556987, 37.043116619324856 ], [ -7.915769635084998, 37.043063443025396 ], [ -7.915763095138598, 37.042992878749153 ], [ -7.915752524863087, 37.042915005685323 ], [ -7.915736180551887, 37.042850817466245 ], [ -7.915714735871486, 37.042762744139026 ], [ -7.915689323951397, 37.042686646921481 ], [ -7.915663208216999, 37.042619288826621 ], [ -7.915647354589905, 37.042582135517357 ], [ -7.915632078046494, 37.042538136001234 ], [ -7.91561625355717, 37.042489991438501 ], [ -7.915599879691814, 37.042438598394959 ], [ -7.915577783237673, 37.042380890942376 ], [ -7.915553851656455, 37.042336421405032 ], [ -7.915526034152606, 37.042275818212204 ], [ -7.915503388460949, 37.042217207761873 ], [ -7.915464246031027, 37.04214559157888 ], [ -7.915423865882823, 37.042076406011695 ], [ -7.915380689531491, 37.042001177200717 ], [ -7.915341964971568, 37.041941545127841 ], [ -7.915307865607334, 37.041877325152583 ], [ -7.915286468441947, 37.041812232819012 ], [ -7.915277537086594, 37.0417503090179 ], [ -7.915271417855702, 37.041688485892344 ], [ -7.915273706410094, 37.041605482232541 ], [ -7.915279488257154, 37.041455294579073 ], [ -7.915312222041863, 37.041240785451095 ], [ -7.915318138616251, 37.041043393451979 ], [ -7.91529727722178, 37.040850243208041 ], [ -7.91523389661237, 37.04054973026259 ], [ -7.915186330253208, 37.040335074558534 ], [ -7.915139010634334, 37.040034591034846 ], [ -7.915134172123095, 37.039854344716922 ], [ -7.915188427514344, 37.039601253241926 ], [ -7.915237366746508, 37.03933527741539 ], [ -7.915180954926287, 37.038757661559288 ], [ -7.915178353073332, 37.03868521037473 ], [ -7.915177659505265, 37.038573927274925 ], [ -7.915166891799792, 37.038406665323635 ], [ -7.915145404443633, 37.038334180345082 ], [ -7.915022855310885, 37.037909907566295 ], [ -7.914931149730124, 37.037532097607588 ], [ -7.914867420061298, 37.037354603815466 ], [ -7.914581544654844, 37.036935489612745 ], [ -7.914495599045982, 37.036802872374786 ], [ -7.914375063090224, 37.036621264741846 ], [ -7.914294801102236, 37.036507040661114 ], [ -7.914251672603549, 37.036416223765841 ], [ -7.914173595109304, 37.03632267969698 ], [ -7.914109002558803, 37.036447010674912 ], [ -7.91400182048566, 37.036489726502118 ], [ -7.913851851751492, 37.036519488617351 ], [ -7.913332429018029, 37.036582898669003 ], [ -7.913305108228776, 37.036775960143672 ], [ -7.913245643578898, 37.036977544787625 ], [ -7.91324514867271, 37.037149198642567 ], [ -7.91324474037065, 37.037290813519661 ], [ -7.913169575616549, 37.03736791886201 ], [ -7.912960200880452, 37.037577808110882 ], [ -7.912895295463655, 37.037809422486774 ], [ -7.912809510548927, 37.037856467851114 ], [ -7.912332629978344, 37.038014362584228 ], [ -7.911989672907091, 37.038138174096289 ], [ -7.911807656527199, 37.038142125676458 ], [ -7.911636482219312, 37.038098892613071 ], [ -7.911481269165848, 37.038090020064281 ], [ -7.911358098464524, 37.038106955410534 ], [ -7.910950865145677, 37.038243518328372 ], [ -7.910597321938512, 37.038369746095611 ], [ -7.910409503321504, 37.038482820108854 ], [ -7.909787979338716, 37.038674763961012 ], [ -7.909573502231957, 37.038794518392955 ], [ -7.909466251400876, 37.038858687257374 ], [ -7.909262253865446, 37.03905570639062 ], [ -7.909047648764851, 37.039218373294297 ], [ -7.908897458244322, 37.039321082399908 ], [ -7.908645443293056, 37.039462221484044 ], [ -7.908452388574659, 37.039577723475503 ], [ -7.908178794722904, 37.039774608020295 ], [ -7.907942734545117, 37.039950106775891 ], [ -7.907738806258497, 37.040121374274221 ], [ -7.907658279385423, 37.04019846679244 ], [ -7.907373568281511, 37.040532652052832 ], [ -7.907250152342862, 37.04063111906364 ], [ -7.907046308614563, 37.040772346395954 ], [ -7.90679429818533, 37.040909189693835 ], [ -7.906247371857674, 37.04120854173788 ], [ -7.905995320208371, 37.041358257793028 ], [ -7.905743254774922, 37.041512264196022 ], [ -7.905560909885281, 37.04162349013535 ], [ -7.90537873109048, 37.041678928812026 ], [ -7.905116290367899, 37.041721338461201 ], [ -7.904591420916201, 37.041801865124334 ], [ -7.904006863842486, 37.042148338854282 ], [ -7.903679767469557, 37.04232794412934 ], [ -7.9033144513792, 37.042509700131362 ], [ -7.903278382251754, 37.042288545470825 ], [ -7.903225353423274, 37.042121079062944 ], [ -7.90316678975283, 37.0420136810095 ], [ -7.903054771881332, 37.0418804311035 ], [ -7.902964192407822, 37.041738640846141 ], [ -7.902846847354061, 37.041596797675254 ], [ -7.902809762582284, 37.041467983842317 ], [ -7.902794416238796, 37.041231928509767 ], [ -7.902574438529453, 37.041394574088436 ], [ -7.902107701338055, 37.041724101879325 ], [ -7.901855561801787, 37.041899557130783 ], [ -7.901555214514626, 37.042083500497668 ], [ -7.901190442919191, 37.042327396290048 ], [ -7.900841899598981, 37.042515534530317 ], [ -7.900616757507449, 37.042613795408641 ], [ -7.900279180327752, 37.042716126188026 ], [ -7.899989729626583, 37.042835716027859 ], [ -7.899812699777592, 37.042955527162768 ], [ -7.89958209707735, 37.043088106239928 ], [ -7.899431964012704, 37.043165055197342 ], [ -7.899297984687427, 37.043211995800966 ], [ -7.899056843624986, 37.043288764903942 ], [ -7.898858621725317, 37.043335579164903 ], [ -7.898686186326765, 37.043355626289561 ], [ -7.898628345056764, 37.043360872481301 ], [ -7.898705324762102, 37.042700153665081 ], [ -7.898776449145962, 37.042202495008247 ], [ -7.898471440438818, 37.042158977679875 ], [ -7.89792571695628, 37.042054904474611 ], [ -7.897392886627993, 37.041893456867896 ], [ -7.896882812726489, 37.041730979898446 ], [ -7.896556700031881, 37.041588714694605 ], [ -7.896112896363897, 37.041420465383226 ], [ -7.896185113538929, 37.04115025317514 ], [ -7.896217859755947, 37.040948623953028 ], [ -7.896267025965666, 37.040631161080398 ], [ -7.896316323906468, 37.040270783875968 ], [ -7.896354889496448, 37.039918967945681 ], [ -7.896355622342814, 37.039682943831799 ], [ -7.896340441768, 37.039399682476045 ], [ -7.896330375119331, 37.039193676806271 ], [ -7.896261584823434, 37.038936056623697 ], [ -7.89615590842517, 37.038489542595876 ], [ -7.896124270097103, 37.038334990200923 ], [ -7.89613041057038, 37.038081811358239 ], [ -7.896168561376583, 37.037863027368402 ], [ -7.89627593685172, 37.037536398578197 ], [ -7.896363070243647, 37.037284079653574 ], [ -7.896433417737001, 37.037039611575679 ], [ -7.895291144928479, 37.037706782795667 ], [ -7.89436871696496, 37.038249934470869 ], [ -7.893478409058833, 37.038788853763634 ], [ -7.892529148280669, 37.039344811352294 ], [ -7.891932262256408, 37.039742706982778 ], [ -7.891915125595721, 37.039687885039051 ], [ -7.891887168434013, 37.039641786920399 ], [ -7.891853346186864, 37.039601708659966 ], [ -7.891829721447267, 37.039572195496518 ], [ -7.891799508634286, 37.039528882495212 ], [ -7.891775188086776, 37.0395072072508 ], [ -7.891745280289147, 37.039474437423529 ], [ -7.891731433704072, 37.039445936213042 ], [ -7.89169760793095, 37.039406669767807 ], [ -7.891671317828113, 37.03936841433373 ], [ -7.891645438079801, 37.039340788799876 ], [ -7.891604194715288, 37.039301955065994 ], [ -7.891549379593257, 37.039254357773892 ], [ -7.89150534164926, 37.039211378780927 ], [ -7.891472177294885, 37.039177701178218 ], [ -7.891450656171295, 37.039158735691053 ], [ -7.891421284897221, 37.039135157830415 ], [ -7.891393032326727, 37.039111490331834 ], [ -7.891365902064951, 37.039088368460831 ], [ -7.891344501654945, 37.039067152316711 ], [ -7.891312204645686, 37.039043567566289 ], [ -7.891287326750237, 37.039019096853579 ], [ -7.891275011411479, 37.039004747376467 ], [ -7.89126047733826, 37.038979033532719 ], [ -7.891203144834829, 37.038911248686574 ], [ -7.89113938710256, 37.038847501038141 ], [ -7.891104172094622, 37.038787148251892 ], [ -7.891068382307429, 37.038730128257022 ], [ -7.891018229875548, 37.03863028062203 ], [ -7.890991698228266, 37.038561380805753 ], [ -7.890965130584735, 37.038503477620225 ], [ -7.890931181278342, 37.038432226165497 ], [ -7.890906314839304, 37.038370631132082 ], [ -7.890888428477514, 37.038338425365538 ], [ -7.8908739077029, 37.038310375013332 ], [ -7.890849435187845, 37.038265271332634 ], [ -7.890827775885842, 37.038218818175139 ], [ -7.890809485760292, 37.038172915241319 ], [ -7.890778629565035, 37.038085180394809 ], [ -7.890771514099234, 37.038061289193855 ], [ -7.890756145312577, 37.038015393118243 ], [ -7.89072190642549, 37.037930350063412 ], [ -7.890703608660386, 37.037887599053867 ], [ -7.890686433767039, 37.037844856642913 ], [ -7.890667573425063, 37.037803006453345 ], [ -7.890653752801927, 37.037765853947761 ], [ -7.890649849562746, 37.037754763657688 ], [ -7.890612956842409, 37.03769314398135 ], [ -7.890595772022046, 37.037653552593 ], [ -7.89057464660555, 37.0376167482802 ], [ -7.890551165455612, 37.037578130691379 ], [ -7.890525875981723, 37.037541227749671 ], [ -7.890488828916405, 37.0374928553139 ], [ -7.890470803026392, 37.037468941783132 ], [ -7.890444947457639, 37.037436175399932 ], [ -7.890424249158267, 37.037405770462485 ], [ -7.890401896717374, 37.037365716135596 ], [ -7.890384284609541, 37.037318466509795 ], [ -7.890369477275065, 37.037273920435972 ], [ -7.890354543214105, 37.037233880374231 ], [ -7.890334008504059, 37.037187071693651 ], [ -7.890311775709881, 37.037145128941106 ], [ -7.890261442714586, 37.037022849244188 ], [ -7.890074525849581, 37.036885141882614 ], [ -7.889914279173099, 37.036777529814692 ], [ -7.889834230740774, 37.036700120204593 ], [ -7.889741293158741, 37.036596829571586 ], [ -7.889621113085567, 37.036386412775677 ], [ -7.889434503365921, 37.036296596240533 ], [ -7.889383611596754, 37.036252701293265 ], [ -7.889341226622745, 37.036220263844044 ], [ -7.889329344781733, 37.036210149199732 ], [ -7.889300828682037, 37.036165035977433 ], [ -7.889260993705975, 37.036108818071533 ], [ -7.889226890290043, 37.036070767685409 ], [ -7.889183992861926, 37.036006029204003 ], [ -7.888999856578319, 37.035766863938868 ], [ -7.888937813797064, 37.035661401553334 ], [ -7.888891324495351, 37.035543357902696 ], [ -7.888712287223184, 37.035045417600067 ], [ -7.888669996333558, 37.034914491722631 ], [ -7.888642334324293, 37.034848298546592 ], [ -7.888630480248638, 37.034794206029744 ], [ -7.888627263243524, 37.034780957205818 ], [ -7.888613066682326, 37.03468730447679 ], [ -7.888604419543861, 37.034649261300451 ], [ -7.888602766336535, 37.034602944448551 ], [ -7.888595663484394, 37.034539673455896 ], [ -7.888580736684598, 37.034497473293243 ], [ -7.888561457410248, 37.03444597948279 ], [ -7.888525287503283, 37.034369224361761 ], [ -7.88851870365017, 37.034354075435736 ], [ -7.888541650358757, 37.034144093885928 ], [ -7.888563501752635, 37.034006815101399 ], [ -7.888553236577385, 37.033869470121886 ], [ -7.888443599605446, 37.033729204443858 ], [ -7.888431445660232, 37.033697911179665 ], [ -7.888415386191387, 37.033658860615368 ], [ -7.888391495408311, 37.033607811402618 ], [ -7.888362554189102, 37.033554499981314 ], [ -7.888331277120789, 37.033496043101081 ], [ -7.888299423989006, 37.033438490604006 ], [ -7.888257775956919, 37.033352530418767 ], [ -7.888132792774061, 37.033133936561327 ] ] ] } },
{ "type": "Feature", "properties": { "dtmnfr": "080509", "freguesia": "Conceição", "municipio": "Faro", "distrito_i": "Faro", "nuts3_cod": "150", "nuts3": "Algarve", "nuts2": "Algarve", "nuts1": "Continente", "area_ha": 2180.84, "perimetro_": 28, "designacao": "Conceição" }, "geometry": { "type": "Polygon", "coordinates": [ [ [ -7.914050612621989, 37.080564896568816 ], [ -7.913944372371439, 37.080546244988817 ], [ -7.913820509144716, 37.0806832357611 ], [ -7.913433987708899, 37.081086010398025 ], [ -7.913205855825963, 37.081282751627079 ], [ -7.912549027661871, 37.081500628546003 ], [ -7.911969906643598, 37.081726991490882 ], [ -7.911573041015459, 37.081902196021211 ], [ -7.911138705503653, 37.082068746405163 ], [ -7.910934833514268, 37.08218423099283 ], [ -7.910698748665212, 37.082325402893588 ], [ -7.910564593476676, 37.08241097814031 ], [ -7.910389278951874, 37.082484954214578 ], [ -7.910242883604182, 37.082526240361403 ], [ -7.909974759858685, 37.082633019843968 ], [ -7.909776341509961, 37.082714181928409 ], [ -7.909587799441134, 37.082809189701436 ], [ -7.909443727644138, 37.082893791605443 ], [ -7.909288044245337, 37.083013655550175 ], [ -7.909094765737891, 37.08316777903751 ], [ -7.908912183762292, 37.083278274616902 ], [ -7.908796134383268, 37.083325994340491 ], [ -7.908511594259949, 37.083347624273792 ], [ -7.908468088072997, 37.083303928393761 ], [ -7.908442907515076, 37.083260180710475 ], [ -7.908496589991294, 37.08318810442065 ], [ -7.908652249684541, 37.083076824164216 ], [ -7.908802818223617, 37.08287541584145 ], [ -7.908942736750251, 37.082652530468209 ], [ -7.909061040305439, 37.08249397426043 ], [ -7.909206111608304, 37.08233975981063 ], [ -7.909335214743476, 37.082151184292464 ], [ -7.90939979128985, 37.082048313835188 ], [ -7.909459452732848, 37.081795236992718 ], [ -7.909540248407744, 37.081640900891763 ], [ -7.9096531048605, 37.08151237321232 ], [ -7.909776710907295, 37.081370991627665 ], [ -7.910039537243201, 37.081242745872807 ], [ -7.910216602488801, 37.081135795120858 ], [ -7.910129080030913, 37.081079701095263 ], [ -7.908847100045739, 37.080773273513259 ], [ -7.909030930244859, 37.080445626722302 ], [ -7.909595171000377, 37.079902174911858 ], [ -7.906413306642488, 37.079207291749654 ], [ -7.906239476117104, 37.079270755918387 ], [ -7.906212574399305, 37.079278997891329 ], [ -7.90601428304073, 37.079264842665111 ], [ -7.905889843523304, 37.079235637746045 ], [ -7.905717190930631, 37.079209558782402 ], [ -7.905504205281877, 37.079238116846511 ], [ -7.905407884749801, 37.07920896537874 ], [ -7.905287433631077, 37.079189423014853 ], [ -7.905207075119171, 37.079195705653611 ], [ -7.905098540025788, 37.079221245134462 ], [ -7.904921591059519, 37.079288493543622 ], [ -7.904792990197841, 37.079307557117879 ], [ -7.904684474119137, 37.079326659235605 ], [ -7.904543899516432, 37.07931995139915 ], [ -7.904334949440868, 37.07934207811897 ], [ -7.904037645246557, 37.079357596839998 ], [ -7.903945254918887, 37.079357418365127 ], [ -7.9038007505955, 37.079321735466145 ], [ -7.903692302135265, 37.079318307237237 ], [ -7.903571754266925, 37.079330948043356 ], [ -7.903342893857664, 37.079295101303572 ], [ -7.903266542332776, 37.079304608899243 ], [ -7.903156614176508, 37.079405052238911 ], [ -7.903029440789365, 37.079558947883875 ], [ -7.902972366558488, 37.079614088237008 ], [ -7.902675363001589, 37.079529830323835 ], [ -7.902197713363011, 37.079406597992339 ], [ -7.90197701434017, 37.079328923880006 ], [ -7.901314266225895, 37.079383954429687 ], [ -7.901073077934014, 37.079439270326006 ], [ -7.900821177355156, 37.079494564751499 ], [ -7.900612111095502, 37.079554233960486 ], [ -7.900453730882035, 37.079618849736036 ], [ -7.900172579928257, 37.079664946553685 ], [ -7.899877843223516, 37.079715863489639 ], [ -7.899818690717901, 37.079792991380856 ], [ -7.899663117016544, 37.079874220845113 ], [ -7.899534494131768, 37.079899715687624 ], [ -7.89942196550128, 37.079916659410351 ], [ -7.899247066533151, 37.079932133427647 ], [ -7.899180679276895, 37.079944076822571 ], [ -7.899136685084109, 37.079949573963106 ], [ -7.899088087204968, 37.079954166342105 ], [ -7.899044104146386, 37.07995786674033 ], [ -7.899001130765288, 37.07996237376905 ], [ -7.898955461546009, 37.079964721907153 ], [ -7.898909683013047, 37.079967873564605 ], [ -7.898784522442694, 37.079941149826062 ], [ -7.898645253226071, 37.079945165941147 ], [ -7.898366661829335, 37.079970362958186 ], [ -7.898275477439039, 37.080013095908079 ], [ -7.898189900215258, 37.080047552531944 ], [ -7.898152195454935, 37.080057210281794 ], [ -7.898112131780189, 37.080065957772398 ], [ -7.898064087196601, 37.080074156001302 ], [ -7.898002325841517, 37.080080070746767 ], [ -7.897957782541932, 37.080081967495111 ], [ -7.897914375074543, 37.080082420264759 ], [ -7.897866810093496, 37.080080250773968 ], [ -7.897708516397715, 37.080049878881049 ], [ -7.897605925958025, 37.080028218494363 ], [ -7.897527408882899, 37.080074535643398 ], [ -7.897463012639467, 37.08009711643642 ], [ -7.897418088474387, 37.080114867419638 ], [ -7.897357628878169, 37.08013655400881 ], [ -7.897306974384891, 37.080151861576667 ], [ -7.897262746943591, 37.080161415968469 ], [ -7.897211094483636, 37.080171766537383 ], [ -7.897168672821436, 37.080178530273471 ], [ -7.897110849753835, 37.080185172342091 ], [ -7.897074178452386, 37.080187895382963 ], [ -7.897029084205939, 37.080185010519735 ], [ -7.897003903617247, 37.080182891543629 ], [ -7.89691792102518, 37.080166679534692 ], [ -7.896877448644872, 37.080160651881613 ], [ -7.896834743836322, 37.080151378625594 ], [ -7.896796094940873, 37.080139046199619 ], [ -7.896753970083384, 37.080123373783394 ], [ -7.896714880871087, 37.080107255066451 ], [ -7.896677912757856, 37.080095832426423 ], [ -7.896620935985315, 37.080082743453282 ], [ -7.896562817815044, 37.080074697256592 ], [ -7.896494772214376, 37.080076541173796 ], [ -7.896444253858527, 37.080084189566008 ], [ -7.896406880084454, 37.080096553328495 ], [ -7.896369941568242, 37.080112521319215 ], [ -7.896347530824579, 37.080122747859789 ], [ -7.89626391165919, 37.080177636168052 ], [ -7.896177833085125, 37.080228822421446 ], [ -7.896140867531639, 37.080253441440675 ], [ -7.896083630163607, 37.080287566753988 ], [ -7.896002597320529, 37.080306688544283 ], [ -7.895891190904903, 37.080285858156707 ], [ -7.895726091454717, 37.080271223348689 ], [ -7.895587878471628, 37.080292796862508 ], [ -7.89555084775913, 37.080302183912686 ], [ -7.895523954657564, 37.080306818301551 ], [ -7.89548615722622, 37.080309985525098 ], [ -7.895400367662727, 37.080304048583251 ], [ -7.895316378654518, 37.080295587693499 ], [ -7.895268923529305, 37.08029423464977 ], [ -7.895236306672473, 37.080296510213138 ], [ -7.895196251256359, 37.080302467928732 ], [ -7.895143695066531, 37.080314346698238 ], [ -7.895088873854188, 37.080329463842745 ], [ -7.895027634923591, 37.080348715695536 ], [ -7.894961881407497, 37.080373453164647 ], [ -7.894903657761642, 37.080399105887217 ], [ -7.894851049565744, 37.080427927203978 ], [ -7.894792116106784, 37.080463669506081 ], [ -7.894676729360577, 37.080536064580791 ], [ -7.894630996746297, 37.080558501137112 ], [ -7.894584151880795, 37.080579130599681 ], [ -7.894535501663112, 37.080600211451497 ], [ -7.894489781976231, 37.080618497659927 ], [ -7.8944555565811, 37.080630867139654 ], [ -7.894424035389149, 37.080640536144472 ], [ -7.894378335702812, 37.080652427470632 ], [ -7.89433028583645, 37.080662064982093 ], [ -7.894293150539219, 37.080668475200461 ], [ -7.894260517650535, 37.080675800948683 ], [ -7.894226865556734, 37.080683574268029 ], [ -7.894190846382878, 37.080692690807211 ], [ -7.894169689511564, 37.08069778337304 ], [ -7.894152571403314, 37.080706036908921 ], [ -7.894129687145046, 37.08072293448285 ], [ -7.894116477528105, 37.080738945073058 ], [ -7.894103370174224, 37.080758203316698 ], [ -7.894090253760505, 37.080780703583017 ], [ -7.894077133384185, 37.080804463532765 ], [ -7.894065700192306, 37.080829222561491 ], [ -7.89405423451941, 37.080862174934204 ], [ -7.894045163033143, 37.080886939621884 ], [ -7.894034263870928, 37.080919984142042 ], [ -7.89402798475983, 37.080948358728456 ], [ -7.894025212900314, 37.080972592768816 ], [ -7.894024588882744, 37.080993672895673 ], [ -7.894025754135574, 37.081014762936761 ], [ -7.894022972092007, 37.081042238998577 ], [ -7.894018401694414, 37.081064756482746 ], [ -7.894010342382745, 37.081088077894385 ], [ -7.894005243881764, 37.081100414048237 ], [ -7.894000713956247, 37.081110041836993 ], [ -7.893992690254826, 37.081123811999433 ], [ -7.893953187498957, 37.08109544062237 ], [ -7.893926940967321, 37.081073853073967 ], [ -7.893854236609376, 37.081017932132617 ], [ -7.893845824509424, 37.081011067046973 ], [ -7.893753042009409, 37.080940505534095 ], [ -7.893678648979479, 37.080885568646771 ], [ -7.893625473581592, 37.08084203431978 ], [ -7.893579609428214, 37.080800312364971 ], [ -7.893536196303663, 37.080764182865373 ], [ -7.893490445836362, 37.080722460204271 ], [ -7.893453202953696, 37.080690845776118 ], [ -7.893414931701916, 37.080666529710385 ], [ -7.893387425162333, 37.080650527918465 ], [ -7.893338819559928, 37.080623039004344 ], [ -7.893297072910196, 37.080592764320677 ], [ -7.893217563462567, 37.08052033968255 ], [ -7.89318438356872, 37.080486034688448 ], [ -7.89316209298325, 37.080457606854999 ], [ -7.893136331998376, 37.080424121509665 ], [ -7.893104841714576, 37.080387925866539 ], [ -7.893049845460079, 37.080316452684436 ], [ -7.893021288047316, 37.080278908649561 ], [ -7.892978406852333, 37.080218002452312 ], [ -7.89295140953953, 37.080183613494597 ], [ -7.892923940434226, 37.080157970242361 ], [ -7.892895333475205, 37.08013367357799 ], [ -7.892841048010166, 37.080088328203502 ], [ -7.892796970505715, 37.0800498570106 ], [ -7.892729525654, 37.079968262887093 ], [ -7.892694569936078, 37.079925212893279 ], [ -7.892651101837835, 37.079872951133069 ], [ -7.892619608588549, 37.079838195259207 ], [ -7.892553744010319, 37.079753815431935 ], [ -7.892526323635132, 37.079712129569067 ], [ -7.892495988440519, 37.079666832613036 ], [ -7.892462846305769, 37.07962008914599 ], [ -7.892433071744163, 37.0795760575093 ], [ -7.892404959946809, 37.079538968364794 ], [ -7.892363276276645, 37.079490858635253 ], [ -7.892323148908392, 37.079447797130626 ], [ -7.892291672823441, 37.079407005848296 ], [ -7.892263114398542, 37.079370362692266 ], [ -7.892239026023172, 37.079340575823885 ], [ -7.892205844527147, 37.079306722883636 ], [ -7.892170972701059, 37.079275022756228 ], [ -7.892130384926922, 37.079234302125975 ], [ -7.892086310837199, 37.079195376533335 ], [ -7.892059963009936, 37.079170635523369 ], [ -7.892019915354838, 37.07913802376369 ], [ -7.891977063882909, 37.079103697864923 ], [ -7.891941048906695, 37.079075779831328 ], [ -7.891894151153895, 37.079041809706325 ], [ -7.891854653342087, 37.079013884563075 ], [ -7.891809986144194, 37.078983698922634 ], [ -7.891717959251062, 37.078924128567181 ], [ -7.891673289585805, 37.078894754732367 ], [ -7.891636157262376, 37.078866386500152 ], [ -7.891585787001978, 37.078827447901205 ], [ -7.891539997440483, 37.07879626869795 ], [ -7.891497683178319, 37.078771042705434 ], [ -7.891448519596474, 37.078740303523304 ], [ -7.891398792024622, 37.078710108317601 ], [ -7.891376461105187, 37.078695466403239 ], [ -7.891336953340445, 37.078671146240147 ], [ -7.891331564415206, 37.078668255441059 ], [ -7.891292399292221, 37.078640871428533 ], [ -7.891275211551479, 37.078634980342528 ], [ -7.891242085985713, 37.078619863155225 ], [ -7.891228273458261, 37.078613887937287 ], [ -7.891218050839386, 37.078609275245782 ], [ -7.891199185604755, 37.078601487583271 ], [ -7.89118199818077, 37.078595501872222 ], [ -7.89116772499164, 37.078591872990309 ], [ -7.891130529158893, 37.078583594686386 ], [ -7.891113897202835, 37.07857905451106 ], [ -7.891102552758336, 37.078575340588927 ], [ -7.891093391092505, 37.078573066521315 ], [ -7.891056366044914, 37.078562719689991 ], [ -7.891049774230906, 37.078586582742943 ], [ -7.891041901805319, 37.078585937730651 ], [ -7.891026483699773, 37.078588700475123 ], [ -7.891017372108594, 37.078590484915104 ], [ -7.891006450348116, 37.078594605733592 ], [ -7.890999018823178, 37.078597833508532 ], [ -7.890986972443831, 37.078601958337046 ], [ -7.890980210877582, 37.078605635309351 ], [ -7.890966134496326, 37.078611556325882 ], [ -7.89095385666319, 37.078617026874397 ], [ -7.890942482706294, 37.078622592978228 ], [ -7.890931842132874, 37.078625992608295 ], [ -7.890920089426668, 37.078627592335451 ], [ -7.890912672820604, 37.07862577415343 ], [ -7.890904143481699, 37.078618456281532 ], [ -7.890837608785978, 37.078507251107432 ], [ -7.890603138413959, 37.078133424825317 ], [ -7.890293989586473, 37.077665035577297 ], [ -7.889846196868638, 37.077007541953812 ], [ -7.889633605837692, 37.076664782486233 ], [ -7.889539828012736, 37.076519065582893 ], [ -7.889521498463227, 37.076482895995014 ], [ -7.889511134500037, 37.076454038715688 ], [ -7.889496850528831, 37.076418778500802 ], [ -7.889492279096495, 37.076405436000563 ], [ -7.889464172353017, 37.076298689951898 ], [ -7.88945562882847, 37.076262541355462 ], [ -7.889431232939682, 37.076135546652303 ], [ -7.889421661297407, 37.075779345125959 ], [ -7.889385764577793, 37.075281474997908 ], [ -7.889376620217509, 37.075187672679 ], [ -7.88935142144754, 37.075120850803344 ], [ -7.889295854964291, 37.075019369969006 ], [ -7.889181431105684, 37.074895683786103 ], [ -7.889227203799722, 37.074859464839548 ], [ -7.889300950623691, 37.074832405976245 ], [ -7.889387316542846, 37.074796555818693 ], [ -7.889494525331005, 37.074766736621633 ], [ -7.889532449426285, 37.074704655910153 ], [ -7.889531817874308, 37.074691860337595 ], [ -7.889530056019648, 37.07468086458141 ], [ -7.88951909921812, 37.074518198261543 ], [ -7.889506494221198, 37.074415541537341 ], [ -7.889496007936262, 37.074303274000044 ], [ -7.889426934398747, 37.074131478152744 ], [ -7.889379324676022, 37.073946852319843 ], [ -7.889384240464032, 37.073645058516313 ], [ -7.88938429644536, 37.073627214763135 ], [ -7.889385927670171, 37.073608386675126 ], [ -7.889407805365034, 37.073414783517038 ], [ -7.889441174312634, 37.073028630597776 ], [ -7.889362009093722, 37.072663703194245 ], [ -7.88927162535055, 37.072457532616419 ], [ -7.889175790425591, 37.072281390205617 ], [ -7.889021376124333, 37.072002134768972 ], [ -7.888712468282604, 37.071469371200756 ], [ -7.888691570000532, 37.071306256802863 ], [ -7.888590423808295, 37.071117228891374 ], [ -7.888467870451113, 37.070923865387542 ], [ -7.888334538060994, 37.070751936265872 ], [ -7.888132028567597, 37.070442540889964 ], [ -7.888077642279425, 37.070277148908886 ], [ -7.888073189071152, 37.070262900109483 ], [ -7.888071550578899, 37.070246860392096 ], [ -7.888075205634133, 37.070229929639424 ], [ -7.888080622307233, 37.070188668244398 ], [ -7.888108578269874, 37.070131602692697 ], [ -7.888125998019907, 37.070099649804909 ], [ -7.888141166246531, 37.070068140997115 ], [ -7.888152310600787, 37.070030137979572 ], [ -7.888160782007946, 37.069913829206698 ], [ -7.888159621938386, 37.069854267019089 ], [ -7.88815327278654, 37.069800186133641 ], [ -7.888145127060106, 37.06974565460672 ], [ -7.888132072893175, 37.069678227647493 ], [ -7.888115953099531, 37.069620345691384 ], [ -7.888096418811331, 37.069574893241438 ], [ -7.888047054275457, 37.069471526893999 ], [ -7.888016666463114, 37.069409023593778 ], [ -7.888001753536425, 37.069360872961489 ], [ -7.887957585243833, 37.069247430737796 ], [ -7.887922349704504, 37.0691546360476 ], [ -7.88790116193237, 37.069099987432423 ], [ -7.887898539964879, 37.069074751162283 ], [ -7.887897447192882, 37.068996446855145 ], [ -7.887896079164092, 37.068966620424824 ], [ -7.887889966577622, 37.068944619887525 ], [ -7.887884941785907, 37.068932263043664 ], [ -7.887874211819616, 37.068913863545667 ], [ -7.887866935849686, 37.068901859771486 ], [ -7.887850093174903, 37.068860109028499 ], [ -7.887817390747633, 37.068817782142439 ], [ -7.887801612230333, 37.068794769533802 ], [ -7.887780134228658, 37.068759766315402 ], [ -7.887755456102027, 37.068741150535061 ], [ -7.887747046780681, 37.068734012888321 ], [ -7.887736947388312, 37.068726878953484 ], [ -7.887726851614259, 37.068720367664405 ], [ -7.887709573391756, 37.068708438701876 ], [ -7.887701156239976, 37.068703733923719 ], [ -7.887693072205241, 37.068698943331498 ], [ -7.887667811447773, 37.068687718702854 ], [ -7.887661971967379, 37.068684282555154 ], [ -7.887593713954124, 37.068652551621447 ], [ -7.887760458058512, 37.068425454900421 ], [ -7.887954086874438, 37.068164082770721 ], [ -7.888061701938196, 37.068005524928722 ], [ -7.8881963388971, 37.067769778570216 ], [ -7.888266411332193, 37.067628308390958 ], [ -7.888363561827695, 37.067392484444234 ], [ -7.888390820428252, 37.067242344047649 ], [ -7.888375113060762, 37.067130735760145 ], [ -7.888332617123731, 37.067023364889792 ], [ -7.888167644093988, 37.066701172076051 ], [ -7.888061122807103, 37.066520715548187 ], [ -7.887933582448335, 37.066215765992823 ], [ -7.887806347117469, 37.065816406397147 ], [ -7.887758856513845, 37.065597449062089 ], [ -7.887716721702978, 37.065378502779936 ], [ -7.887653499193283, 37.065056520517786 ], [ -7.887659434281233, 37.064876296226785 ], [ -7.887724246301857, 37.06470477553097 ], [ -7.887821257646999, 37.06451186509409 ], [ -7.887961679039784, 37.064322457544243 ], [ -7.887984357771517, 37.064298082700688 ], [ -7.888003086347411, 37.064278297852674 ], [ -7.888030378713585, 37.064253486503105 ], [ -7.88805248574487, 37.064231004514888 ], [ -7.888128019296088, 37.064036158992494 ], [ -7.888262428294661, 37.063869073484121 ], [ -7.888450344916113, 37.063714972681794 ], [ -7.888691988093586, 37.063505194312746 ], [ -7.888799428727465, 37.063398131483169 ], [ -7.888880054275435, 37.06330388784442 ], [ -7.888976867252286, 37.063171054878474 ], [ -7.889116463293549, 37.063055475229334 ], [ -7.88927209637195, 37.062948511976757 ], [ -7.889400940811636, 37.062845783481926 ], [ -7.889492398083871, 37.062712939079596 ], [ -7.889546288801919, 37.062605766471506 ], [ -7.889592416051883, 37.062477703697681 ], [ -7.88959823102846, 37.062451044844693 ], [ -7.889604473359286, 37.06243420493427 ], [ -7.889608486423954, 37.062409163407857 ], [ -7.889610184321963, 37.062370783986459 ], [ -7.889608700134837, 37.062341944876714 ], [ -7.889604853247542, 37.062314994066377 ], [ -7.889606527964598, 37.062282108424725 ], [ -7.889605822100877, 37.062257057211156 ], [ -7.889602100865638, 37.062226324864646 ], [ -7.889599010988238, 37.062206313851789 ], [ -7.889598299979883, 37.062182521423033 ], [ -7.889626674038696, 37.062099594658314 ], [ -7.889648643682002, 37.062050799014088 ], [ -7.889652614088817, 37.062039095946638 ], [ -7.88971596136347, 37.061883966946674 ], [ -7.889717953684421, 37.061857934595551 ], [ -7.889720004748238, 37.061813513313133 ], [ -7.889719384032837, 37.061762149204895 ], [ -7.889704758308733, 37.061610496919997 ], [ -7.88972687622095, 37.061391683018442 ], [ -7.889765507568289, 37.061188621259781 ], [ -7.889761922479672, 37.061148700071563 ], [ -7.889756543492616, 37.061109309537976 ], [ -7.889748357890712, 37.061065774627778 ], [ -7.889737810562337, 37.061023487360039 ], [ -7.889728908147762, 37.060995987335595 ], [ -7.889711619438271, 37.060951889498718 ], [ -7.88970325297007, 37.060929436568564 ], [ -7.889691419485706, 37.060905082472708 ], [ -7.889676210366991, 37.060878379565331 ], [ -7.889662101030855, 37.060860422003692 ], [ -7.88964462366184, 37.06084020034546 ], [ -7.889628137752801, 37.060826380125015 ], [ -7.889609962959422, 37.060814359478485 ], [ -7.889589417937772, 37.060804136105325 ], [ -7.889563829728898, 37.060790207083222 ], [ -7.889541036886287, 37.060780070094978 ], [ -7.889515432872192, 37.060770738293691 ], [ -7.889479480052556, 37.060763635207692 ], [ -7.889449256530945, 37.06075699261212 ], [ -7.889417910133679, 37.060749542144798 ], [ -7.889397349831334, 37.060744812536228 ], [ -7.889376794160575, 37.060738284396102 ], [ -7.889359155188944, 37.060733112950778 ], [ -7.889330052851548, 37.060727463806586 ], [ -7.889307263230591, 37.060716335602031 ], [ -7.889287956978912, 37.060706563455824 ], [ -7.889265193478227, 37.060689034089158 ], [ -7.889244795222401, 37.06066881177405 ], [ -7.889225077164627, 37.060645791226477 ], [ -7.88920918632774, 37.060622783049766 ], [ -7.889179312356409, 37.060577220246856 ], [ -7.889166890657267, 37.060557909984134 ], [ -7.889149992295567, 37.060533545417755 ], [ -7.889128483069288, 37.060509171365894 ], [ -7.889105279500452, 37.060487951177564 ], [ -7.889085431491974, 37.060470427772685 ], [ -7.889071750985417, 37.060459766092364 ], [ -7.889044482093338, 37.060442681554164 ], [ -7.889017209202517, 37.060426498072374 ], [ -7.888974558011983, 37.060404240355318 ], [ -7.888941984314089, 37.060393544282029 ], [ -7.888907266406753, 37.060387794269595 ], [ -7.888872414906505, 37.06038619160153 ], [ -7.888835199756753, 37.060385032789448 ], [ -7.888796418247708, 37.06038252183663 ], [ -7.888756404638996, 37.060378205290291 ], [ -7.888731230562961, 37.060376169275408 ], [ -7.888694711047908, 37.060369156693305 ], [ -7.888658316590424, 37.060359262732796 ], [ -7.888632024784786, 37.060352718137814 ], [ -7.888592713038185, 37.060339213861212 ], [ -7.888553972918299, 37.060323817599937 ], [ -7.888526704042679, 37.06030853057915 ], [ -7.888492599086786, 37.060285933484522 ], [ -7.888461858613795, 37.060264244389593 ], [ -7.888439202518565, 37.060246630384455 ], [ -7.888369887011303, 37.060194942538565 ], [ -7.888333550485891, 37.06016495471529 ], [ -7.888302390708347, 37.060134524325129 ], [ -7.888280314705849, 37.060112404329487 ], [ -7.88825195134024, 37.060086122821517 ], [ -7.888230439946693, 37.060062201839855 ], [ -7.888210175108728, 37.060035937939851 ], [ -7.888196646906001, 37.060012934503249 ], [ -7.888188155394944, 37.059995974134175 ], [ -7.888180365437933, 37.059970279329633 ], [ -7.888174943165533, 37.059943234202287 ], [ -7.888169398647754, 37.059918892936267 ], [ -7.888158412922732, 37.059874450155576 ], [ -7.888150068847627, 37.059847308886482 ], [ -7.88814283770507, 37.059821615232792 ], [ -7.888133938904763, 37.059793213119548 ], [ -7.888125014533706, 37.059770667914364 ], [ -7.888114961219881, 37.059749560288438 ], [ -7.888097394536972, 37.059723754277861 ], [ -7.888086082784613, 37.059709043456685 ], [ -7.888057157949139, 37.059683662713098 ], [ -7.888050434212116, 37.059678154993605 ], [ -7.888031022068878, 37.059666131547573 ], [ -7.887999260268964, 37.059647144335308 ], [ -7.887974665539022, 37.059638800057641 ], [ -7.887962758547957, 37.059635080160184 ], [ -7.887939406314015, 37.059625303937693 ], [ -7.887914363128965, 37.059615519710242 ], [ -7.887899542387871, 37.059609900633703 ], [ -7.887880122734265, 37.059600223536393 ], [ -7.887853968925324, 37.059585838834749 ], [ -7.887837474908138, 37.059574722460908 ], [ -7.887823365776411, 37.059558656927315 ], [ -7.887811500284212, 37.059542052685501 ], [ -7.887794602763853, 37.059515884881463 ], [ -7.887782196188653, 37.059493785687465 ], [ -7.887764750679112, 37.059463921453322 ], [ -7.887747311264888, 37.059432168584117 ], [ -7.887729306999431, 37.059402303188811 ], [ -7.887714109821286, 37.059372896836123 ], [ -7.887697382074021, 37.059330693006771 ], [ -7.887686806166491, 37.059298054156542 ], [ -7.887678491965202, 37.059261360659164 ], [ -7.887671427709385, 37.059219176817642 ], [ -7.887667836923844, 37.059183486071767 ], [ -7.887666376515921, 37.059146812159383 ], [ -7.887670226276962, 37.059104197658606 ], [ -7.887676174414687, 37.05907122986082 ], [ -7.887682238192814, 37.05903970761986 ], [ -7.887691131725343, 37.059001247578408 ], [ -7.887696512065838, 37.058971072825969 ], [ -7.887700216855135, 37.058938553624095 ], [ -7.887710562402365, 37.058866758753837 ], [ -7.887708706958429, 37.058814495491745 ], [ -7.887702918720167, 37.058762218687164 ], [ -7.887701398458834, 37.058744823967594 ], [ -7.887701028385078, 37.058718696643353 ], [ -7.887708223989065, 37.058684828549005 ], [ -7.887716368087002, 37.058668894633705 ], [ -7.887727309216969, 37.058657925098096 ], [ -7.887753669745665, 37.058642572204583 ], [ -7.887775519173647, 37.058631172887146 ], [ -7.887803099187313, 37.058619427690338 ], [ -7.88781965797629, 37.058610357506396 ], [ -7.887828328143565, 37.058606322414974 ], [ -7.887833515047998, 37.05860128714064 ], [ -7.887838707749647, 37.058594450636726 ], [ -7.887840524981407, 37.058588054986231 ], [ -7.887842372445745, 37.058574362523622 ], [ -7.88784184666028, 37.058562015860041 ], [ -7.887841308756799, 37.058555529738506 ], [ -7.88783909040304, 37.058545429550264 ], [ -7.887836445797059, 37.058528037913561 ], [ -7.887831459792531, 37.058505590931617 ], [ -7.887824392119313, 37.058466559033853 ], [ -7.887825271147975, 37.058437276036756 ], [ -7.887836932999137, 37.058411259190223 ], [ -7.887858830789321, 37.058384809364135 ], [ -7.887877345829788, 37.058361061161257 ], [ -7.887908406748965, 37.058316070902983 ], [ -7.887913734141661, 37.05830265775483 ], [ -7.88791768106296, 37.058264731714203 ], [ -7.887916206040343, 37.058232916345013 ], [ -7.887899482478463, 37.058189453748362 ], [ -7.887892804883448, 37.058167905243536 ], [ -7.887890061355055, 37.058147713774019 ], [ -7.887896115341063, 37.058117087161584 ], [ -7.887909484903126, 37.058085488996483 ], [ -7.887926318739675, 37.058059034095876 ], [ -7.887945957362989, 37.058035827043653 ], [ -7.887973054899786, 37.058000288922415 ], [ -7.887994528990211, 37.057964649969655 ], [ -7.888003390890374, 37.057936284533817 ], [ -7.888008784356177, 37.057901966662733 ], [ -7.888008530988738, 37.057877274082216 ], [ -7.887997987605596, 37.057834544221386 ], [ -7.88798463887758, 37.057788742217049 ], [ -7.887971833628616, 37.057750146300258 ], [ -7.887951748622245, 37.057702800352594 ], [ -7.887838821290925, 37.05739253801098 ], [ -7.88777535601224, 37.057147799235395 ], [ -7.887700961284826, 37.056971699451935 ], [ -7.887659259763475, 37.056619721343182 ], [ -7.887648541356969, 37.056471583735672 ], [ -7.88765607564503, 37.056435824081937 ], [ -7.887647177930882, 37.056405167438164 ], [ -7.887632444972978, 37.056371799109066 ], [ -7.887613282355422, 37.056352747747766 ], [ -7.88758794606841, 37.056331341721616 ], [ -7.88757168371995, 37.056318689458401 ], [ -7.887554418522665, 37.056303246300743 ], [ -7.887541646008065, 37.056289524476306 ], [ -7.887527193270274, 37.056273186064772 ], [ -7.887509162520929, 37.056251794243465 ], [ -7.887502127677769, 37.056235828910836 ], [ -7.887498950407917, 37.056209689455734 ], [ -7.887500367153486, 37.056189058751343 ], [ -7.88750753181247, 37.056164743751111 ], [ -7.887523032572751, 37.056132521083043 ], [ -7.887544962867551, 37.056096162287098 ], [ -7.887552572711926, 37.056071848205256 ], [ -7.887565952809516, 37.056036911619223 ], [ -7.887564263007283, 37.056001678024948 ], [ -7.887553843294503, 37.055991203126531 ], [ -7.887533765083744, 37.055977556285718 ], [ -7.887512445867189, 37.05596489985323 ], [ -7.887488775098973, 37.055948627053304 ], [ -7.887467458162218, 37.055933175493358 ], [ -7.887456470700942, 37.055925495435879 ], [ -7.887421332004426, 37.055908303210238 ], [ -7.887410450234858, 37.055900622466297 ], [ -7.887398797094703, 37.055888796095417 ], [ -7.887390063344306, 37.055877423602752 ], [ -7.887385380279184, 37.055866417225062 ], [ -7.887383518673055, 37.055851368176562 ], [ -7.887388986315946, 37.055829300543969 ], [ -7.887393304401425, 37.05581507525951 ], [ -7.887398853037971, 37.055803103400422 ], [ -7.887405618254696, 37.055795277188032 ], [ -7.887411827106593, 37.055788799628246 ], [ -7.887431011633791, 37.055765773727707 ], [ -7.887440609990229, 37.055752369439517 ], [ -7.887445406136316, 37.05573039052053 ], [ -7.887445143917136, 37.055706060142541 ], [ -7.887441859778279, 37.055678209327333 ], [ -7.887441700322078, 37.055657574456689 ], [ -7.887442364868003, 37.055626851993168 ], [ -7.887442093642258, 37.055605315819285 ], [ -7.887435554974958, 37.05554078194448 ], [ -7.887422137067636, 37.055518408481234 ], [ -7.887384527319473, 37.05547335900129 ], [ -7.887390034350414, 37.055426165966374 ], [ -7.887411645094969, 37.055366131771414 ], [ -7.88744670940414, 37.05528913932919 ], [ -7.88744521519323, 37.055263004254833 ], [ -7.887441583430592, 37.055240112216339 ], [ -7.887436788482201, 37.055226854730748 ], [ -7.887429090162981, 37.05520818390108 ], [ -7.88742019571949, 37.055177979579049 ], [ -7.887414180351104, 37.05515967987089 ], [ -7.887397860468464, 37.055130089116524 ], [ -7.887376460514912, 37.055107336883474 ], [ -7.887354475711328, 37.055092331750686 ], [ -7.887325176427663, 37.055078395449343 ], [ -7.887296994425424, 37.055066624928997 ], [ -7.887275770208137, 37.055059461582573 ], [ -7.887262063587097, 37.05505727331014 ], [ -7.887240832309655, 37.055050557775466 ], [ -7.887160847599109, 37.054962267166232 ], [ -7.887158869598475, 37.054948119843509 ], [ -7.887155218155064, 37.054928918544256 ], [ -7.887151474408813, 37.054905573024485 ], [ -7.887146041246634, 37.054881775268164 ], [ -7.887138256573373, 37.054854362942606 ], [ -7.887131706114286, 37.054828760725385 ], [ -7.887115853471041, 37.054794488930789 ], [ -7.887095486498414, 37.054764890642531 ], [ -7.887063653881317, 37.054735808313794 ], [ -7.887034730421181, 37.054710340803091 ], [ -7.887004679547744, 37.054685858521168 ], [ -7.886974732880438, 37.054662186511294 ], [ -7.886944018465278, 37.054635004127199 ], [ -7.886913320681744, 37.054602680253979 ], [ -7.886880933186035, 37.054570353766735 ], [ -7.886842817147219, 37.054535405875278 ], [ -7.886803561186345, 37.054507753385252 ], [ -7.886755108506902, 37.05447187752614 ], [ -7.886723267934132, 37.054443247426541 ], [ -7.886687499781522, 37.054415153407632 ], [ -7.886644858698577, 37.054388932845015 ], [ -7.886590290020234, 37.054367731682618 ], [ -7.886559382103293, 37.054365689600694 ], [ -7.886536546406999, 37.054369514046599 ], [ -7.886505832025786, 37.054375759510442 ], [ -7.886472847130903, 37.054390197296357 ], [ -7.886446721367638, 37.054403210322818 ], [ -7.886414200571133, 37.054412150717091 ], [ -7.886390342525133, 37.054419220471637 ], [ -7.886351535507304, 37.054425897799149 ], [ -7.886316213613898, 37.054432585968257 ], [ -7.886254470777549, 37.054438580293528 ], [ -7.886219159040491, 37.054442476033316 ], [ -7.8861734034977, 37.054441026492427 ], [ -7.886073261432542, 37.0544326209573 ], [ -7.886032572672691, 37.054430195239007 ], [ -7.885990781896364, 37.054420914560239 ], [ -7.8859672075967, 37.054410503126732 ], [ -7.885938479323534, 37.054394679025194 ], [ -7.885903908345929, 37.054377124398172 ], [ -7.885872354156017, 37.054364985182161 ], [ -7.885817873816457, 37.054351624975688 ], [ -7.885801802416611, 37.054350332677018 ], [ -7.885769597288744, 37.054329541787368 ], [ -7.885748084501349, 37.05430678812229 ], [ -7.885734672479036, 37.05428351340511 ], [ -7.885725850437253, 37.054264839218533 ], [ -7.885688818842929, 37.054139513009424 ], [ -7.885690815209968, 37.05411293735591 ], [ -7.885691765538378, 37.054096902061254 ], [ -7.885691501223181, 37.054075814626771 ], [ -7.885689624486641, 37.054063464226374 ], [ -7.885683622567142, 37.054042908171937 ], [ -7.885676592457973, 37.054027395975041 ], [ -7.885666177054931, 37.054013678860642 ], [ -7.88564598878873, 37.053999220502917 ], [ -7.885600516266845, 37.053980290537773 ], [ -7.885576488215471, 37.053972224470606 ], [ -7.88554604794666, 37.053963329548054 ], [ -7.885505943337174, 37.053953513375902 ], [ -7.885462915092645, 37.053944234433608 ], [ -7.88540046107725, 37.053927704539738 ], [ -7.885375758427121, 37.05391828361342 ], [ -7.885349737279705, 37.053898763418204 ], [ -7.885313315718625, 37.053863366233657 ], [ -7.885284877944871, 37.053827803699242 ], [ -7.885270315835293, 37.053810472698878 ], [ -7.885251176722552, 37.053784572852564 ], [ -7.885231656704888, 37.053736144509045 ], [ -7.885211128035182, 37.053689517099144 ], [ -7.88519121603376, 37.053657577544939 ], [ -7.885150485329897, 37.053598380302752 ], [ -7.885128984606379, 37.053572384491716 ], [ -7.885102788380332, 37.053537280737849 ], [ -7.885077822088415, 37.053506322678132 ], [ -7.885051634376539, 37.053468962646342 ], [ -7.885029597622847, 37.053435665211296 ], [ -7.885007423530988, 37.053407955031844 ], [ -7.884987735247389, 37.053379173266144 ], [ -7.884971961096215, 37.053353639037446 ], [ -7.884943512759688, 37.053321772593712 ], [ -7.884913376553403, 37.053289000638898 ], [ -7.884885986481183, 37.053242539930466 ], [ -7.884871055169394, 37.053199523952102 ], [ -7.884863760331206, 37.053161125725545 ], [ -7.884861712368473, 37.053134087478966 ], [ -7.884855530032221, 37.053099292263006 ], [ -7.884843802911778, 37.053075572233034 ], [ -7.884844114004388, 37.053049440895492 ], [ -7.88484554759769, 37.052988981965079 ], [ -7.884883796975262, 37.052828869419663 ], [ -7.884992067154064, 37.052464330225973 ], [ -7.885024834022663, 37.052266995480267 ], [ -7.885041356501696, 37.052125415733336 ], [ -7.885095134184245, 37.052052574665197 ], [ -7.88519181370426, 37.051958366900969 ], [ -7.885369138477886, 37.051761334035227 ], [ -7.885396327473186, 37.051632650117512 ], [ -7.885412960690557, 37.051456738780395 ], [ -7.885391921342952, 37.051340827774375 ], [ -7.885361119089222, 37.051253059389197 ], [ -7.885342255507275, 37.05120967751855 ], [ -7.885301560115451, 37.05113894485207 ], [ -7.885125744546269, 37.050872513363473 ], [ -7.884698407206788, 37.050571223470662 ], [ -7.884458012258306, 37.050407648311065 ], [ -7.884313792371938, 37.050304352486144 ], [ -7.884260547586133, 37.050214122764125 ], [ -7.88422389762586, 37.049960855347173 ], [ -7.884186938464984, 37.049801997127979 ], [ -7.884139033458257, 37.049716069455094 ], [ -7.884064289751964, 37.049651541764433 ], [ -7.883994928634289, 37.049578442612798 ], [ -7.883936372410276, 37.049475327058943 ], [ -7.883926284825733, 37.049393941727359 ], [ -7.883924444123465, 37.049370690190216 ], [ -7.883985721665803, 37.049119247531934 ], [ -7.884104949557189, 37.048677486574526 ], [ -7.884137660968025, 37.048497318167811 ], [ -7.884224484301218, 37.048141317113704 ], [ -7.884284048484136, 37.047935455922421 ], [ -7.884316507034701, 37.047832531375768 ], [ -7.884354234631004, 37.047755366020567 ], [ -7.884407981859543, 37.047691107860828 ], [ -7.884382296319329, 37.047610455757372 ], [ -7.884365586225424, 37.047557986397088 ], [ -7.884349917777651, 37.047437795485834 ], [ -7.884362433256069, 37.047257506237962 ], [ -7.884365652563852, 37.047235529512996 ], [ -7.884409737317912, 37.047162002475964 ], [ -7.884415622945998, 37.047148677132554 ], [ -7.88442378596404, 37.047128150682632 ], [ -7.884440662077206, 37.047088357732584 ], [ -7.884454695700104, 37.047059103177496 ], [ -7.884470303173786, 37.047031206231445 ], [ -7.884501056678429, 37.046977292806019 ], [ -7.884520855788935, 37.04693705813505 ], [ -7.884538870668893, 37.046894473328479 ], [ -7.884559224600332, 37.046857482774335 ], [ -7.884578467127572, 37.046815891713187 ], [ -7.88459882719023, 37.046777008010267 ], [ -7.884619054886287, 37.04674596336092 ], [ -7.884636436958489, 37.046724016288401 ], [ -7.884660727406557, 37.046685677844899 ], [ -7.884674767039828, 37.046654530119845 ], [ -7.884692752634451, 37.046621229882099 ], [ -7.884712984087577, 37.0465869377567 ], [ -7.884733337359119, 37.046549408327472 ], [ -7.884754804666664, 37.046515661227581 ], [ -7.884769856517335, 37.04648640876345 ], [ -7.884785558878686, 37.046461749526706 ], [ -7.88480634685798, 37.046430167174535 ], [ -7.884830606350225, 37.0464009330708 ], [ -7.884887804771428, 37.046339326548129 ], [ -7.884913738157468, 37.046315232045011 ], [ -7.884948233015216, 37.046285570593291 ], [ -7.884973592130128, 37.046264178995777 ], [ -7.885044372022284, 37.046208099147158 ], [ -7.885249622344459, 37.046004250345739 ], [ -7.885256621292179, 37.045994174750767 ], [ -7.88526982964503, 37.045977259465758 ], [ -7.885279641953713, 37.045967279853507 ], [ -7.885532793090434, 37.045882502883693 ], [ -7.885709601401786, 37.045839958090909 ], [ -7.885897116686183, 37.045797435343779 ], [ -7.886144493746032, 37.045454640760276 ], [ -7.886225145153042, 37.045347524136133 ], [ -7.886268209789886, 37.045274661051984 ], [ -7.886007053786714, 37.044913642193201 ], [ -7.885841901315163, 37.044664398257218 ], [ -7.885858505178224, 37.044497070209985 ], [ -7.885891210599921, 37.044316900269763 ], [ -7.886010823139715, 37.043750688760475 ], [ -7.886070711604667, 37.04344183448562 ], [ -7.886186496677099, 37.043312434460809 ], [ -7.886484332148702, 37.043152390713686 ], [ -7.887191876840036, 37.042731796462469 ], [ -7.887213525607462, 37.042658887708761 ], [ -7.887170906333316, 37.042594428477592 ], [ -7.887010021439059, 37.042501370803173 ], [ -7.886882475139654, 37.042392135742539 ], [ -7.886786572434875, 37.042250322144881 ], [ -7.886685441030729, 37.042069873985113 ], [ -7.886676522577926, 37.041833076720401 ], [ -7.886671687037411, 37.041799637742884 ], [ -7.886668968288, 37.041772054734494 ], [ -7.886665406391102, 37.041725377123221 ], [ -7.886663347885233, 37.041701490789151 ], [ -7.886657855855407, 37.041661113079982 ], [ -7.886655808989364, 37.041633626980044 ], [ -7.886660372962401, 37.041158499350168 ], [ -7.886660393973323, 37.041151651232717 ], [ -7.88666111488235, 37.041138315035347 ], [ -7.886661156236707, 37.041125520773946 ], [ -7.886657950104087, 37.041108933454908 ], [ -7.886649611201291, 37.041080981042768 ], [ -7.88664504347665, 37.041067638365114 ], [ -7.886642964013633, 37.041050242419409 ], [ -7.886637387240315, 37.041036445306275 ], [ -7.886621498051047, 37.041014423393804 ], [ -7.886609084848661, 37.040993315180948 ], [ -7.886594439690397, 37.040968954859338 ], [ -7.886586065562724, 37.040951908966896 ], [ -7.886573687058516, 37.040922509140572 ], [ -7.886567549296738, 37.040907355643164 ], [ -7.886557385461833, 37.04088760190708 ], [ -7.886549024474959, 37.040866497602423 ], [ -7.886538880871972, 37.040839447911544 ], [ -7.88653345534257, 37.04081330369209 ], [ -7.886530729088286, 37.040788067056845 ], [ -7.886533090346151, 37.040717967514716 ], [ -7.88647131365278, 37.040412959857917 ], [ -7.886375746336477, 37.040168152027178 ], [ -7.886295200014606, 37.039963994872103 ], [ -7.886285045293029, 37.039940097089456 ], [ -7.886272224291244, 37.03990754344867 ], [ -7.886251484159074, 37.03985703835356 ], [ -7.886254207352024, 37.039678682722759 ], [ -7.886254693599407, 37.039528486403654 ], [ -7.886276606274805, 37.039374041938949 ], [ -7.886308863973141, 37.039331195386318 ], [ -7.886373184857197, 37.039305580965205 ], [ -7.886501826496116, 37.039254352017537 ], [ -7.886609041604432, 37.039207369333276 ], [ -7.886726950075214, 37.039164700572755 ], [ -7.886941379629342, 37.039070735597306 ], [ -7.886995007713295, 37.039040806836418 ], [ -7.886995173923448, 37.038989310793141 ], [ -7.886963193808142, 37.038946330797742 ], [ -7.886899150548387, 37.03888611880263 ], [ -7.886867267537395, 37.038813098971183 ], [ -7.886846270932363, 37.038684314419498 ], [ -7.886879733585829, 37.038268120908256 ], [ -7.886960347474864, 37.038169586295545 ], [ -7.887116777014974, 37.03780085229247 ], [ -7.887230104311865, 37.037517856985687 ], [ -7.887300551562915, 37.037251937299324 ], [ -7.887344578675543, 37.036878679109151 ], [ -7.887361342277278, 37.036659853645091 ], [ -7.887446201556113, 37.03628980846981 ], [ -7.887486464723512, 37.036037863059484 ], [ -7.887514638308834, 37.035600200936052 ], [ -7.887553214372094, 37.035256970407396 ], [ -7.887683547028294, 37.034677903931652 ], [ -7.887905316739611, 37.033961702419639 ], [ -7.888035285925124, 37.033494211188106 ], [ -7.888094742173005, 37.033274531134126 ], [ -7.888132792774061, 37.033133936561327 ], [ -7.888257775956919, 37.033352530418767 ], [ -7.888299423989006, 37.033438490604006 ], [ -7.888331277120789, 37.033496043101081 ], [ -7.888362554189102, 37.033554499981314 ], [ -7.888391495408311, 37.033607811402618 ], [ -7.888415386191387, 37.033658860615368 ], [ -7.888431445660232, 37.033697911179665 ], [ -7.888443599605446, 37.033729204443858 ], [ -7.888553236577385, 37.033869470121886 ], [ -7.888563501752635, 37.034006815101399 ], [ -7.888541650358757, 37.034144093885928 ], [ -7.88851870365017, 37.034354075435736 ], [ -7.888525287503283, 37.034369224361761 ], [ -7.888561457410248, 37.03444597948279 ], [ -7.888580736684598, 37.034497473293243 ], [ -7.888595663484394, 37.034539673455896 ], [ -7.888602766336535, 37.034602944448551 ], [ -7.888604419543861, 37.034649261300451 ], [ -7.888613066682326, 37.03468730447679 ], [ -7.888627263243524, 37.034780957205818 ], [ -7.888630480248638, 37.034794206029744 ], [ -7.888642334324293, 37.034848298546592 ], [ -7.888669996333558, 37.034914491722631 ], [ -7.888712287223184, 37.035045417600067 ], [ -7.888891324495351, 37.035543357902696 ], [ -7.888937813797064, 37.035661401553334 ], [ -7.888999856578319, 37.035766863938868 ], [ -7.889183992861926, 37.036006029204003 ], [ -7.889226890290043, 37.036070767685409 ], [ -7.889260993705975, 37.036108818071533 ], [ -7.889300828682037, 37.036165035977433 ], [ -7.889329344781733, 37.036210149199732 ], [ -7.889341226622745, 37.036220263844044 ], [ -7.889383611596754, 37.036252701293265 ], [ -7.889434503365921, 37.036296596240533 ], [ -7.889621113085567, 37.036386412775677 ], [ -7.889741293158741, 37.036596829571586 ], [ -7.889834230740774, 37.036700120204593 ], [ -7.889914279173099, 37.036777529814692 ], [ -7.890074525849581, 37.036885141882614 ], [ -7.890261442714586, 37.037022849244188 ], [ -7.890311775709881, 37.037145128941106 ], [ -7.890334008504059, 37.037187071693651 ], [ -7.890354543214105, 37.037233880374231 ], [ -7.890369477275065, 37.037273920435972 ], [ -7.890384284609541, 37.037318466509795 ], [ -7.890401896717374, 37.037365716135596 ], [ -7.890424249158267, 37.037405770462485 ], [ -7.890444947457639, 37.037436175399932 ], [ -7.890470803026392, 37.037468941783132 ], [ -7.890488828916405, 37.0374928553139 ], [ -7.890525875981723, 37.037541227749671 ], [ -7.890551165455612, 37.037578130691379 ], [ -7.89057464660555, 37.0376167482802 ], [ -7.890595772022046, 37.037653552593 ], [ -7.890612956842409, 37.03769314398135 ], [ -7.890649849562746, 37.037754763657688 ], [ -7.890653752801927, 37.037765853947761 ], [ -7.890667573425063, 37.037803006453345 ], [ -7.890686433767039, 37.037844856642913 ], [ -7.890703608660386, 37.037887599053867 ], [ -7.89072190642549, 37.037930350063412 ], [ -7.890756145312577, 37.038015393118243 ], [ -7.890771514099234, 37.038061289193855 ], [ -7.890778629565035, 37.038085180394809 ], [ -7.890809485760292, 37.038172915241319 ], [ -7.890827775885842, 37.038218818175139 ], [ -7.890849435187845, 37.038265271332634 ], [ -7.8908739077029, 37.038310375013332 ], [ -7.890888428477514, 37.038338425365538 ], [ -7.890906314839304, 37.038370631132082 ], [ -7.890931181278342, 37.038432226165497 ], [ -7.890965130584735, 37.038503477620225 ], [ -7.890991698228266, 37.038561380805753 ], [ -7.891018229875548, 37.03863028062203 ], [ -7.891068382307429, 37.038730128257022 ], [ -7.891104172094622, 37.038787148251892 ], [ -7.89113938710256, 37.038847501038141 ], [ -7.891203144834829, 37.038911248686574 ], [ -7.89126047733826, 37.038979033532719 ], [ -7.891275011411479, 37.039004747376467 ], [ -7.891287326750237, 37.039019096853579 ], [ -7.891312204645686, 37.039043567566289 ], [ -7.891344501654945, 37.039067152316711 ], [ -7.891365902064951, 37.039088368460831 ], [ -7.891393032326727, 37.039111490331834 ], [ -7.891421284897221, 37.039135157830415 ], [ -7.891450656171295, 37.039158735691053 ], [ -7.891472177294885, 37.039177701178218 ], [ -7.89150534164926, 37.039211378780927 ], [ -7.891549379593257, 37.039254357773892 ], [ -7.891604194715288, 37.039301955065994 ], [ -7.891645438079801, 37.039340788799876 ], [ -7.891671317828113, 37.03936841433373 ], [ -7.89169760793095, 37.039406669767807 ], [ -7.891731433704072, 37.039445936213042 ], [ -7.891745280289147, 37.039474437423529 ], [ -7.891775188086776, 37.0395072072508 ], [ -7.891799508634286, 37.039528882495212 ], [ -7.891829721447267, 37.039572195496518 ], [ -7.891853346186864, 37.039601708659966 ], [ -7.891887168434013, 37.039641786920399 ], [ -7.891915125595721, 37.039687885039051 ], [ -7.891932262256408, 37.039742706982778 ], [ -7.892529148280669, 37.039344811352294 ], [ -7.893478409058833, 37.038788853763634 ], [ -7.89436871696496, 37.038249934470869 ], [ -7.895291144928479, 37.037706782795667 ], [ -7.896433417737001, 37.037039611575679 ], [ -7.896363070243647, 37.037284079653574 ], [ -7.89627593685172, 37.037536398578197 ], [ -7.896168561376583, 37.037863027368402 ], [ -7.89613041057038, 37.038081811358239 ], [ -7.896124270097103, 37.038334990200923 ], [ -7.89615590842517, 37.038489542595876 ], [ -7.896261584823434, 37.038936056623697 ], [ -7.896330375119331, 37.039193676806271 ], [ -7.896340441768, 37.039399682476045 ], [ -7.896355622342814, 37.039682943831799 ], [ -7.896354889496448, 37.039918967945681 ], [ -7.896316323906468, 37.040270783875968 ], [ -7.896267025965666, 37.040631161080398 ], [ -7.896217859755947, 37.040948623953028 ], [ -7.896185113538929, 37.04115025317514 ], [ -7.896112896363897, 37.041420465383226 ], [ -7.896556700031881, 37.041588714694605 ], [ -7.896882812726489, 37.041730979898446 ], [ -7.897392886627993, 37.041893456867896 ], [ -7.89792571695628, 37.042054904474611 ], [ -7.898471440438818, 37.042158977679875 ], [ -7.898776449145962, 37.042202495008247 ], [ -7.898705324762102, 37.042700153665081 ], [ -7.898628345056764, 37.043360872481301 ], [ -7.898686186326765, 37.043355626289561 ], [ -7.898858621725317, 37.043335579164903 ], [ -7.899056843624986, 37.043288764903942 ], [ -7.899297984687427, 37.043211995800966 ], [ -7.899431964012704, 37.043165055197342 ], [ -7.89958209707735, 37.043088106239928 ], [ -7.899812699777592, 37.042955527162768 ], [ -7.899989729626583, 37.042835716027859 ], [ -7.900279180327752, 37.042716126188026 ], [ -7.900616757507449, 37.042613795408641 ], [ -7.900841899598981, 37.042515534530317 ], [ -7.901190442919191, 37.042327396290048 ], [ -7.901555214514626, 37.042083500497668 ], [ -7.901855561801787, 37.041899557130783 ], [ -7.902107701338055, 37.041724101879325 ], [ -7.902574438529453, 37.041394574088436 ], [ -7.902794416238796, 37.041231928509767 ], [ -7.902809762582284, 37.041467983842317 ], [ -7.902846847354061, 37.041596797675254 ], [ -7.902964192407822, 37.041738640846141 ], [ -7.903054771881332, 37.0418804311035 ], [ -7.90316678975283, 37.0420136810095 ], [ -7.903225353423274, 37.042121079062944 ], [ -7.903278382251754, 37.042288545470825 ], [ -7.9033144513792, 37.042509700131362 ], [ -7.903679767469557, 37.04232794412934 ], [ -7.904006863842486, 37.042148338854282 ], [ -7.904591420916201, 37.041801865124334 ], [ -7.905116290367899, 37.041721338461201 ], [ -7.90537873109048, 37.041678928812026 ], [ -7.905560909885281, 37.04162349013535 ], [ -7.905743254774922, 37.041512264196022 ], [ -7.905995320208371, 37.041358257793028 ], [ -7.906247371857674, 37.04120854173788 ], [ -7.90679429818533, 37.040909189693835 ], [ -7.907046308614563, 37.040772346395954 ], [ -7.907250152342862, 37.04063111906364 ], [ -7.907373568281511, 37.040532652052832 ], [ -7.907658279385423, 37.04019846679244 ], [ -7.907738806258497, 37.040121374274221 ], [ -7.907942734545117, 37.039950106775891 ], [ -7.908178794722904, 37.039774608020295 ], [ -7.908452388574659, 37.039577723475503 ], [ -7.908645443293056, 37.039462221484044 ], [ -7.908897458244322, 37.039321082399908 ], [ -7.909047648764851, 37.039218373294297 ], [ -7.909262253865446, 37.03905570639062 ], [ -7.909466251400876, 37.038858687257374 ], [ -7.909573502231957, 37.038794518392955 ], [ -7.909787979338716, 37.038674763961012 ], [ -7.910409503321504, 37.038482820108854 ], [ -7.910597321938512, 37.038369746095611 ], [ -7.910950865145677, 37.038243518328372 ], [ -7.911358098464524, 37.038106955410534 ], [ -7.911481269165848, 37.038090020064281 ], [ -7.911636482219312, 37.038098892613071 ], [ -7.911807656527199, 37.038142125676458 ], [ -7.911989672907091, 37.038138174096289 ], [ -7.912332629978344, 37.038014362584228 ], [ -7.912809510548927, 37.037856467851114 ], [ -7.912895295463655, 37.037809422486774 ], [ -7.912960200880452, 37.037577808110882 ], [ -7.913169575616549, 37.03736791886201 ], [ -7.91324474037065, 37.037290813519661 ], [ -7.91324514867271, 37.037149198642567 ], [ -7.913245643578898, 37.036977544787625 ], [ -7.913305108228776, 37.036775960143672 ], [ -7.913332429018029, 37.036582898669003 ], [ -7.913851851751492, 37.036519488617351 ], [ -7.91400182048566, 37.036489726502118 ], [ -7.914109002558803, 37.036447010674912 ], [ -7.914173595109304, 37.03632267969698 ], [ -7.914251672603549, 37.036416223765841 ], [ -7.914294801102236, 37.036507040661114 ], [ -7.914375063090224, 37.036621264741846 ], [ -7.914495599045982, 37.036802872374786 ], [ -7.914581544654844, 37.036935489612745 ], [ -7.914867420061298, 37.037354603815466 ], [ -7.914931149730124, 37.037532097607588 ], [ -7.915022855310885, 37.037909907566295 ], [ -7.915145404443633, 37.038334180345082 ], [ -7.915166891799792, 37.038406665323635 ], [ -7.915177659505265, 37.038573927274925 ], [ -7.915178353073332, 37.03868521037473 ], [ -7.915180954926287, 37.038757661559288 ], [ -7.915237366746508, 37.03933527741539 ], [ -7.915188427514344, 37.039601253241926 ], [ -7.915134172123095, 37.039854344716922 ], [ -7.915139010634334, 37.040034591034846 ], [ -7.915186330253208, 37.040335074558534 ], [ -7.91523389661237, 37.04054973026259 ], [ -7.91529727722178, 37.040850243208041 ], [ -7.915318138616251, 37.041043393451979 ], [ -7.915312222041863, 37.041240785451095 ], [ -7.915279488257154, 37.041455294579073 ], [ -7.915273706410094, 37.041605482232541 ], [ -7.915271417855702, 37.041688485892344 ], [ -7.915277537086594, 37.0417503090179 ], [ -7.915286468441947, 37.041812232819012 ], [ -7.915307865607334, 37.041877325152583 ], [ -7.915341964971568, 37.041941545127841 ], [ -7.915380689531491, 37.042001177200717 ], [ -7.915423865882823, 37.042076406011695 ], [ -7.915464246031027, 37.04214559157888 ], [ -7.915503388460949, 37.042217207761873 ], [ -7.915526034152606, 37.042275818212204 ], [ -7.915553851656455, 37.042336421405032 ], [ -7.915577783237673, 37.042380890942376 ], [ -7.915599879691814, 37.042438598394959 ], [ -7.91561625355717, 37.042489991438501 ], [ -7.915632078046494, 37.042538136001234 ], [ -7.915647354589905, 37.042582135517357 ], [ -7.915663208216999, 37.042619288826621 ], [ -7.915689323951397, 37.042686646921481 ], [ -7.915714735871486, 37.042762744139026 ], [ -7.915736180551887, 37.042850817466245 ], [ -7.915752524863087, 37.042915005685323 ], [ -7.915763095138598, 37.042992878749153 ], [ -7.915769635084998, 37.043063443025396 ], [ -7.915775218556987, 37.043116619324856 ], [ -7.915790330748061, 37.043178911221432 ], [ -7.915818131838693, 37.043245461402286 ], [ -7.915863124094616, 37.043314202027645 ], [ -7.915904068026688, 37.043383933614216 ], [ -7.91593249213032, 37.043427957155835 ], [ -7.915972242670636, 37.043482992719795 ], [ -7.916034980582825, 37.043558257089394 ], [ -7.916106580186975, 37.043678410215385 ], [ -7.916538284322542, 37.044335717851922 ], [ -7.91655647020573, 37.044384319828183 ], [ -7.916572873947593, 37.044425170214765 ], [ -7.916595612310161, 37.044454042470086 ], [ -7.916630863519803, 37.04451006798439 ], [ -7.91665309947509, 37.044559125167773 ], [ -7.916671672303393, 37.04462827141284 ], [ -7.916683408011512, 37.044691997838768 ], [ -7.916692346218658, 37.044752027460753 ], [ -7.916702358274058, 37.044828182854673 ], [ -7.9167060799601, 37.04490469351078 ], [ -7.916713343016559, 37.044959670456286 ], [ -7.916724488835182, 37.045032045205886 ], [ -7.916731084804477, 37.045085223290407 ], [ -7.916739398955027, 37.045166335090379 ], [ -7.916738962544451, 37.045200486791494 ], [ -7.916804990266828, 37.045298864770331 ], [ -7.916847538765245, 37.045397643244947 ], [ -7.917056364972052, 37.04538515005823 ], [ -7.917078705956089, 37.045148209247508 ], [ -7.917160440437656, 37.044552813136782 ], [ -7.917237260853791, 37.043892081908801 ], [ -7.91729174414326, 37.043557453669919 ], [ -7.917343329318107, 37.043309323224385 ], [ -7.917439828645716, 37.042892840219928 ], [ -7.917953717365802, 37.040421660552717 ], [ -7.91800778222606, 37.040232938416352 ], [ -7.918153758986293, 37.039722528871067 ], [ -7.91825068675037, 37.039426425687935 ], [ -7.91836459870999, 37.038989085361628 ], [ -7.918397659938906, 37.038654417553992 ], [ -7.918431934391265, 37.038355828245095 ], [ -7.918436074501606, 37.038319760304461 ], [ -7.918476584882661, 37.038324578650176 ], [ -7.919388610849745, 37.038433055429266 ], [ -7.919415916858601, 37.038239992560541 ], [ -7.921250851602519, 37.038117037040941 ], [ -7.921280620378453, 37.038122498440991 ], [ -7.923950975164232, 37.037883306555656 ], [ -7.923967280894778, 37.037793216085845 ], [ -7.923972940494457, 37.03768165045058 ], [ -7.924051555193128, 37.037696065619627 ], [ -7.924256510551901, 37.037733646356045 ], [ -7.925240921043924, 37.037937069824174 ], [ -7.9265281914175, 37.03823810542869 ], [ -7.927272508427022, 37.038398716232962 ], [ -7.927962733113946, 37.038520069943146 ], [ -7.92842222233987, 37.03859864427335 ], [ -7.928941822731103, 37.038719161686622 ], [ -7.929696038513829, 37.038935026431005 ], [ -7.930279221961669, 37.039051892193562 ], [ -7.930198319257305, 37.039279196879988 ], [ -7.930133794755293, 37.039457340747148 ], [ -7.930224188259846, 37.039462277349628 ], [ -7.930888349689234, 37.039387445125385 ], [ -7.931102409065859, 37.039369696347464 ], [ -7.931316156139699, 37.039344198309294 ], [ -7.931430466894366, 37.039345201827295 ], [ -7.931719935594663, 37.039332626105796 ], [ -7.931826962023583, 37.039325777526535 ], [ -7.931926693422516, 37.039313423529421 ], [ -7.931989648653295, 37.039310553105032 ], [ -7.932002590089734, 37.039304809963241 ], [ -7.932029952662157, 37.039286744732109 ], [ -7.932055411774016, 37.039264169993736 ], [ -7.932174416218941, 37.039190575351292 ], [ -7.932247149592914, 37.039142758611995 ], [ -7.932321906911557, 37.039097200643084 ], [ -7.932408681458682, 37.039054905021743 ], [ -7.932460102010872, 37.039033995139711 ], [ -7.932494426763251, 37.039017562607341 ], [ -7.932571130554932, 37.039000662855116 ], [ -7.932703711442702, 37.038978268074686 ], [ -7.932777819438125, 37.038964067930209 ], [ -7.932987751347485, 37.038936304143633 ], [ -7.933240197986933, 37.038896541708745 ], [ -7.933422254515548, 37.038866389201296 ], [ -7.933558883306636, 37.038842831582244 ], [ -7.933738302833294, 37.038813893308792 ], [ -7.933865668543541, 37.039238954176106 ], [ -7.933961038799725, 37.039616755671254 ], [ -7.934120054773619, 37.040222105912001 ], [ -7.93423121913661, 37.040702926456525 ], [ -7.934320802825126, 37.041248081674233 ], [ -7.934373351331245, 37.041625810964241 ], [ -7.934452130888585, 37.042209569757624 ], [ -7.934510146407545, 37.042544394411593 ], [ -7.934492777747009, 37.043046456600578 ], [ -7.934495336864761, 37.04411930423386 ], [ -7.934493201497148, 37.044938952822072 ], [ -7.93449637435705, 37.045775776542406 ], [ -7.934371193672209, 37.046560887943997 ], [ -7.934289479160532, 37.047101463781217 ], [ -7.934257021168189, 37.04723015029213 ], [ -7.933558982451483, 37.047207156094863 ], [ -7.933495267209773, 37.047686252502501 ], [ -7.933378646248432, 37.048436454081809 ], [ -7.933433498685536, 37.048438528772955 ], [ -7.93336833680663, 37.049304243439643 ], [ -7.933280098903632, 37.050286818912198 ], [ -7.933230910550831, 37.05092454087854 ], [ -7.933184606251354, 37.051350041484099 ], [ -7.933181533957601, 37.051378269629055 ], [ -7.932915832227547, 37.051381576349335 ], [ -7.932525022870961, 37.051368042617973 ], [ -7.932523365101446, 37.051447760450735 ], [ -7.932526265961714, 37.05145785557113 ], [ -7.932561078638581, 37.051908815860493 ], [ -7.93260791077382, 37.052423859098333 ], [ -7.932675808955788, 37.053071970452699 ], [ -7.932755992981949, 37.053888081318739 ], [ -7.933030279349675, 37.053897549537474 ], [ -7.93365875554234, 37.053919026098917 ], [ -7.935354069043104, 37.05399216582768 ], [ -7.936344280834719, 37.05402704024069 ], [ -7.936367716572373, 37.054460872612736 ], [ -7.936400948648359, 37.054478136404335 ], [ -7.936371854946217, 37.054512691152141 ], [ -7.936358742758975, 37.054540151221168 ], [ -7.936343359314196, 37.054578598805406 ], [ -7.936321095681864, 37.0546221764953 ], [ -7.936272520743452, 37.054712925831922 ], [ -7.93622753627146, 37.054806831255483 ], [ -7.936160741100216, 37.054942513825367 ], [ -7.936139161244594, 37.054983746220408 ], [ -7.936115117562906, 37.055021279221513 ], [ -7.936084954148105, 37.05507809131413 ], [ -7.936056383407682, 37.055128953558778 ], [ -7.936013533716823, 37.055177089757855 ], [ -7.935981073099662, 37.055209205915673 ], [ -7.935921596148228, 37.055253617350594 ], [ -7.935868542539679, 37.055292185166756 ], [ -7.935827452078737, 37.055316446701745 ], [ -7.935781744353665, 37.055339799469955 ], [ -7.935722860200961, 37.055371418362775 ], [ -7.935568690725413, 37.055471815153076 ], [ -7.935527019005131, 37.055501211728227 ], [ -7.935501895697728, 37.055521350302392 ], [ -7.935465830250246, 37.055554362285861 ], [ -7.935435633424559, 37.055580443976801 ], [ -7.935407111853332, 37.05561211329875 ], [ -7.935387128120326, 37.055643711241693 ], [ -7.935371081511462, 37.055675758170068 ], [ -7.935352878381874, 37.055716099477337 ], [ -7.935344936152726, 37.05574311570755 ], [ -7.93532830948272, 37.055780755520168 ], [ -7.935311806803396, 37.05581739895085 ], [ -7.935302179213055, 37.055844870112487 ], [ -7.935282200067463, 37.055874660492776 ], [ -7.935257009941162, 37.055920029830475 ], [ -7.935224530275124, 37.056002965326506 ], [ -7.935172063830175, 37.056120292936626 ], [ -7.935104224572194, 37.056223078588495 ], [ -7.935033991630577, 37.056296851981188 ], [ -7.935090022695154, 37.056324336316649 ], [ -7.93513624362868, 37.056318828611786 ], [ -7.935246408223456, 37.056759994484509 ], [ -7.935539947070636, 37.056685008986733 ], [ -7.935872840873136, 37.056587398296266 ], [ -7.936087249421814, 37.056497635626769 ], [ -7.936430182847495, 37.056399503902284 ], [ -7.936982102045722, 37.056237345157719 ], [ -7.937276778586204, 37.056164879333522 ], [ -7.937475054663599, 37.056100835658391 ], [ -7.937619963320894, 37.055968042003244 ], [ -7.937781065828771, 37.055783778540579 ], [ -7.937904556167208, 37.055650949262642 ], [ -7.938193545435297, 37.055707212523522 ], [ -7.938525326856015, 37.055780710706465 ], [ -7.939199708333195, 37.055884807495083 ], [ -7.939573231170769, 37.055953882725227 ], [ -7.939651786034653, 37.055764850508801 ], [ -7.940650740704351, 37.055882878552723 ], [ -7.941378636852054, 37.055999924285622 ], [ -7.942390198269075, 37.05616462730503 ], [ -7.942636347422561, 37.05622510177308 ], [ -7.942780518525974, 37.056384112939313 ], [ -7.942871381193144, 37.056448629492159 ], [ -7.942967675012599, 37.056483114727342 ], [ -7.943262218586467, 37.056462130109523 ], [ -7.944301145212035, 37.056390834608187 ], [ -7.945409709810443, 37.056306766582701 ], [ -7.945966647021346, 37.056273315587475 ], [ -7.946062940906974, 37.056307798312766 ], [ -7.945074721493425, 37.057529275173103 ], [ -7.943909271101337, 37.058952155156895 ], [ -7.94396268738121, 37.059004213272331 ], [ -7.943478396667869, 37.059960414607175 ], [ -7.943412378593209, 37.059951249680879 ], [ -7.943431206517873, 37.060185695440957 ], [ -7.943458252634533, 37.060613801870716 ], [ -7.943477651251691, 37.060887407286856 ], [ -7.944451169967435, 37.060675285639711 ], [ -7.94572627567192, 37.060394076311105 ], [ -7.946551310319205, 37.060223722448782 ], [ -7.947590631223208, 37.060010784592983 ], [ -7.948179951357323, 37.059882963178993 ], [ -7.949058490923552, 37.059725548863469 ], [ -7.949055690094919, 37.059776802900835 ], [ -7.949048523468965, 37.059826206570662 ], [ -7.948968564736118, 37.060377458329221 ], [ -7.94878698913933, 37.061653141797777 ], [ -7.948503372357718, 37.063786938323098 ], [ -7.948372177617776, 37.064891043830158 ], [ -7.948242227573249, 37.065480188790261 ], [ -7.947968474556586, 37.06648107885826 ], [ -7.947705080110931, 37.067256687763418 ], [ -7.947489410421499, 37.067857141239884 ], [ -7.947220416853175, 37.068363100126241 ], [ -7.946676956974568, 37.069417920808554 ], [ -7.946483094914958, 37.069855334369947 ], [ -7.94570392393481, 37.071375882121231 ], [ -7.944583621333211, 37.073508565106593 ], [ -7.944413529230567, 37.07379911312642 ], [ -7.944395378888829, 37.073830117094928 ], [ -7.943795937372747, 37.073674673447535 ], [ -7.942541142089361, 37.073369263965297 ], [ -7.942191183509806, 37.073281299221797 ], [ -7.941480140796547, 37.073103460921288 ], [ -7.941130179677061, 37.073017476297125 ], [ -7.940975870886019, 37.072982082917392 ], [ -7.940859660826843, 37.072956124923451 ], [ -7.940785814223782, 37.072941137556796 ], [ -7.940684423108661, 37.072924574544864 ], [ -7.940588208623598, 37.072908291971586 ], [ -7.940512771111444, 37.072901679099594 ], [ -7.940440593338839, 37.07289516879009 ], [ -7.94036156292175, 37.072885035813243 ], [ -7.940287794013082, 37.072884286969298 ], [ -7.940226054366044, 37.072887430439785 ], [ -7.940175551710238, 37.072892483502009 ], [ -7.940118515074191, 37.072899511869871 ], [ -7.940086456064984, 37.072903965954588 ], [ -7.939976875110812, 37.072926044007318 ], [ -7.93989584341035, 37.072951682639179 ], [ -7.939819547828861, 37.072973457036177 ], [ -7.93976495938842, 37.07299147867144 ], [ -7.939728044796752, 37.073002953990354 ], [ -7.939567087652987, 37.073061709740237 ], [ -7.938936746883444, 37.073303166442066 ], [ -7.938624830907459, 37.073424840485316 ], [ -7.93817219965816, 37.073587191995593 ], [ -7.938211495139886, 37.073672049035579 ], [ -7.938459283927566, 37.074415894289501 ], [ -7.938677286968897, 37.075034207172912 ], [ -7.939022933508978, 37.076004618669266 ], [ -7.939304777990058, 37.076794688395573 ], [ -7.93958650831751, 37.077631961478154 ], [ -7.939660999496001, 37.077825193827614 ], [ -7.939836577782728, 37.078284654064134 ], [ -7.939984928416621, 37.078647314689213 ], [ -7.939989400068781, 37.078658313209978 ], [ -7.939995085792543, 37.078676161831773 ], [ -7.940000228697521, 37.07869031969188 ], [ -7.940003681440221, 37.078701769790804 ], [ -7.940008810189768, 37.078721510650979 ], [ -7.940009909541691, 37.078728808396512 ], [ -7.94001000003988, 37.078737912043962 ], [ -7.94000829436662, 37.078746197299694 ], [ -7.940007036526778, 37.078753944445211 ], [ -7.940004767440239, 37.078761780051231 ], [ -7.940002503154487, 37.078767722519039 ], [ -7.939997980530213, 37.078776818655641 ], [ -7.939993356545709, 37.078784198090602 ], [ -7.939986479088341, 37.078791038621176 ], [ -7.939977917064846, 37.078796067061816 ], [ -7.939968793881259, 37.078800200727599 ], [ -7.939955913124614, 37.078803105522859 ], [ -7.939943593329308, 37.078805652604835 ], [ -7.939933352625931, 37.078806991134009 ], [ -7.939911643231885, 37.078808304674183 ], [ -7.939904111570899, 37.078807481443647 ], [ -7.939885337720762, 37.078806010952306 ], [ -7.939631778283989, 37.078786408441012 ], [ -7.939165920656865, 37.078742734188666 ], [ -7.938769648356368, 37.078716337507771 ], [ -7.938255578022931, 37.078676871564092 ], [ -7.937861094436871, 37.078653134742353 ], [ -7.93784230672853, 37.078654905951055 ], [ -7.937810811915707, 37.078656748143082 ], [ -7.937790790260295, 37.078659056151054 ], [ -7.937774815111727, 37.078661733950703 ], [ -7.937757141366316, 37.078667651897781 ], [ -7.937744533973981, 37.078673129455055 ], [ -7.937736537585196, 37.078676807062024 ], [ -7.937729093937588, 37.078685087338258 ], [ -7.937723896236977, 37.078695077938463 ], [ -7.937719369645668, 37.078705615691781 ], [ -7.93771597107198, 37.078715700263373 ], [ -7.937713018862832, 37.078727139876868 ], [ -7.937711303841579, 37.078736779390525 ], [ -7.937710153576909, 37.078746777558919 ], [ -7.937710126520154, 37.0787573209223 ], [ -7.93771077759884, 37.078767865402853 ], [ -7.937711882290942, 37.078776064247116 ], [ -7.937713539914331, 37.07878616255455 ], [ -7.937717558004107, 37.078797609145433 ], [ -7.937724386300594, 37.078811321147548 ], [ -7.937730655914828, 37.078821869476911 ], [ -7.937736372364371, 37.078830171430909 ], [ -7.937751276925425, 37.078850285313408 ], [ -7.937759793388641, 37.078862197956049 ], [ -7.938061367896723, 37.079221553984581 ], [ -7.938202901840796, 37.079431947452683 ], [ -7.938456074869339, 37.079861613494664 ], [ -7.938781795572956, 37.080430737322509 ], [ -7.939523821367001, 37.081765525133541 ], [ -7.939592891137681, 37.081893680587541 ], [ -7.939672316006314, 37.082017345743346 ], [ -7.939696872602084, 37.0820462226865 ], [ -7.939701912749197, 37.082053526857173 ], [ -7.939705949736372, 37.082059932828678 ], [ -7.939708286183116, 37.082068133658673 ], [ -7.939708265346579, 37.082076336051152 ], [ -7.939704182705188, 37.082090114840511 ], [ -7.939700220979494, 37.082101009506658 ], [ -7.939695580871475, 37.082111545342173 ], [ -7.939688807336431, 37.082121176629805 ], [ -7.939678432539848, 37.082133506150299 ], [ -7.939669861819358, 37.082143129099329 ], [ -7.939654415642588, 37.082157344392186 ], [ -7.939635608229268, 37.082168758184508 ], [ -7.939615565194947, 37.082176923408284 ], [ -7.939588105722684, 37.082185261246757 ], [ -7.939556709346027, 37.082192505965601 ], [ -7.939520702833079, 37.082198485259831 ], [ -7.939472096966546, 37.082206155102504 ], [ -7.939442396648411, 37.082211152592144 ], [ -7.939296006801511, 37.082237585990065 ], [ -7.939216583915116, 37.082247098509747 ], [ -7.939131974837798, 37.08225984543958 ], [ -7.939071448091473, 37.082269933010693 ], [ -7.939006862693941, 37.082279918395457 ], [ -7.938954773387921, 37.082288574401304 ], [ -7.938875343656464, 37.082298087582124 ], [ -7.938781076346815, 37.082307570092212 ], [ -7.938735852064365, 37.08231308621346 ], [ -7.93867531986612, 37.08232262932794 ], [ -7.938541551366206, 37.082340794456449 ], [ -7.938456408952184, 37.082342996627247 ], [ -7.938402663061646, 37.082338403064611 ], [ -7.938343747618346, 37.082329656073746 ], [ -7.938284386790042, 37.082321361559409 ], [ -7.938178043485865, 37.082302895136678 ], [ -7.938119237820825, 37.082298292228444 ], [ -7.938039155263766, 37.082300503319402 ], [ -7.937969972383976, 37.082306427571766 ], [ -7.93791687344544, 37.082311838515139 ], [ -7.937882006508355, 37.08231412210322 ], [ -7.937791696823973, 37.08231217217854 ], [ -7.937740305796915, 37.082310738636508 ], [ -7.937671157153506, 37.082302875522956 ], [ -7.937584805633049, 37.082294174850965 ], [ -7.93752196414794, 37.08228542188067 ], [ -7.937465414271219, 37.082276134109243 ], [ -7.937365366772054, 37.082258221588518 ], [ -7.936732184797652, 37.082168425957413 ], [ -7.936683532382951, 37.082194472771583 ], [ -7.936645796274482, 37.082217747940859 ], [ -7.936631492742911, 37.082227819817142 ], [ -7.936608623204656, 37.082242918076659 ], [ -7.936578318182357, 37.082262510254161 ], [ -7.936553187481385, 37.082281752373909 ], [ -7.936528627386688, 37.082298655359352 ], [ -7.936512627701363, 37.082310522041276 ], [ -7.936506881305348, 37.082314203292093 ], [ -7.936405118997905, 37.082305385206809 ], [ -7.936374311472805, 37.082303536476893 ], [ -7.936334832757267, 37.082303018648076 ], [ -7.936267360327151, 37.082301557786131 ], [ -7.936224513039299, 37.082301124436675 ], [ -7.936157723925017, 37.082295067395677 ], [ -7.936118845148606, 37.082281755319897 ], [ -7.93608460707182, 37.082257011877196 ], [ -7.936056539222954, 37.082238224826611 ], [ -7.93601431273735, 37.08221391592194 ], [ -7.935922794184165, 37.082202859071259 ], [ -7.935863401750738, 37.082206904325929 ], [ -7.935805142169007, 37.082207351667101 ], [ -7.935746776167706, 37.082205900251445 ], [ -7.935666255608134, 37.08220441733409 ], [ -7.935598215017286, 37.082203942716696 ], [ -7.935501605134989, 37.082202880723827 ], [ -7.935268500553683, 37.082190782730265 ], [ -7.935203214825812, 37.082210859544382 ], [ -7.935172366906778, 37.08222414117548 ], [ -7.935105500565037, 37.082248269204449 ], [ -7.935054045698345, 37.082268818658584 ], [ -7.934988889607957, 37.082284842565173 ], [ -7.934922063511908, 37.082293467676045 ], [ -7.93485232549666, 37.082295244267314 ], [ -7.934760243358497, 37.08228599221983 ], [ -7.934678495247875, 37.082280811297458 ], [ -7.934592253052564, 37.082273457529354 ], [ -7.93455682903876, 37.082270246294492 ], [ -7.93451850309836, 37.082261979701784 ], [ -7.934477367181726, 37.082250920485137 ], [ -7.934442537317676, 37.082238968946797 ], [ -7.934391635951391, 37.082221039816204 ], [ -7.93431906813026, 37.082187581380836 ], [ -7.934290549610116, 37.082170142056711 ], [ -7.934252817346319, 37.082148181935814 ], [ -7.934190032898097, 37.082115640892525 ], [ -7.934136901544106, 37.082089510893049 ], [ -7.934076350690217, 37.082065170555779 ], [ -7.933993974663086, 37.082040884556726 ], [ -7.933885501923969, 37.082019706604761 ], [ -7.933802637826586, 37.082010917128542 ], [ -7.93374370866484, 37.082008568118951 ], [ -7.933666549042994, 37.082012583307829 ], [ -7.933516708808472, 37.082073987749631 ], [ -7.933484658887702, 37.082078309936513 ], [ -7.933368591205368, 37.082093962669411 ], [ -7.933026168895563, 37.081951771054946 ], [ -7.932743173665698, 37.081616568243248 ], [ -7.931995922685627, 37.080628293603489 ], [ -7.93159006608124, 37.080172721839837 ], [ -7.931221037422174, 37.07968893220869 ], [ -7.930960333474125, 37.07931338054415 ], [ -7.930762881152014, 37.079042688879873 ], [ -7.930511836683981, 37.078784779392734 ], [ -7.930061617240931, 37.078266067506611 ], [ -7.930047007290741, 37.078251486356827 ], [ -7.930010700445259, 37.07821525105053 ], [ -7.929972524903778, 37.078170194017311 ], [ -7.929548411766862, 37.078542814274741 ], [ -7.929269283941976, 37.078774067737129 ], [ -7.928715999016454, 37.079378195723308 ], [ -7.928495942911068, 37.079549470233175 ], [ -7.928275908905122, 37.079712161670365 ], [ -7.927744716330264, 37.080063133644195 ], [ -7.927229633408359, 37.080396965786278 ], [ -7.926762843607884, 37.080696548917274 ], [ -7.925984813535976, 37.081210154416084 ], [ -7.925711301783856, 37.081338416859388 ], [ -7.925099966835755, 37.081607701108531 ], [ -7.924027468732733, 37.082069280697425 ], [ -7.923496570991963, 37.082300076292682 ], [ -7.923340981790584, 37.082394210820119 ], [ -7.923233633388634, 37.082475556479153 ], [ -7.923088566479422, 37.082638370821861 ], [ -7.923002535692182, 37.082758376124779 ], [ -7.922954152139363, 37.082822660585421 ], [ -7.922728064672613, 37.083229937566273 ], [ -7.922507615962071, 37.083534231819897 ], [ -7.922007865295455, 37.084116966236948 ], [ -7.921846830866802, 37.08424112848644 ], [ -7.921653836793304, 37.084300863372228 ], [ -7.921509108932369, 37.084339227344948 ], [ -7.920989318926367, 37.084419834369179 ], [ -7.920624897300378, 37.084487843539499 ], [ -7.920019343965978, 37.084589749343564 ], [ -7.919831691904228, 37.084653782199382 ], [ -7.919295238374332, 37.084944627666481 ], [ -7.918613940844921, 37.085312452996895 ], [ -7.918329677088863, 37.085444970188512 ], [ -7.917970349924809, 37.085603098612047 ], [ -7.917568145638021, 37.085769730709735 ], [ -7.917283866195373, 37.085906536693919 ], [ -7.916988945962487, 37.08601757454575 ], [ -7.916720819281031, 37.08612436920734 ], [ -7.916544032287376, 37.08613262920526 ], [ -7.916335228805102, 37.08609791699832 ], [ -7.915998091332778, 37.085985725392774 ], [ -7.915805517048254, 37.085895254506696 ], [ -7.915238534323571, 37.08561527701255 ], [ -7.91497099689202, 37.085516084349145 ], [ -7.914312813631651, 37.085287430757909 ], [ -7.91420058875993, 37.085197105464232 ], [ -7.913900334738067, 37.08492232592787 ], [ -7.913810599424311, 37.084840203503894 ], [ -7.913834422819793, 37.084007726887172 ], [ -7.913935246678182, 37.082475903265625 ], [ -7.914019763468908, 37.081025584611638 ], [ -7.914050612621989, 37.080564896568816 ] ] ] } },
{ "type": "Feature", "properties": { "dtmnfr": "080510", "freguesia": "Estoi", "municipio": "Faro", "distrito_i": "Faro", "nuts3_cod": "150", "nuts3": "Algarve", "nuts2": "Algarve", "nuts1": "Continente", "area_ha": 4659.31, "perimetro_": 40, "designacao": "Estoi" }, "geometry": { "type": "Polygon", "coordinates": [ [ [ -7.887593713954124, 37.068652551621447 ], [ -7.887661971967379, 37.068684282555154 ], [ -7.887667811447773, 37.068687718702854 ], [ -7.887693072205241, 37.068698943331498 ], [ -7.887701156239976, 37.068703733923719 ], [ -7.887709573391756, 37.068708438701876 ], [ -7.887726851614259, 37.068720367664405 ], [ -7.887736947388312, 37.068726878953484 ], [ -7.887747046780681, 37.068734012888321 ], [ -7.887755456102027, 37.068741150535061 ], [ -7.887780134228658, 37.068759766315402 ], [ -7.887801612230333, 37.068794769533802 ], [ -7.887817390747633, 37.068817782142439 ], [ -7.887850093174903, 37.068860109028499 ], [ -7.887866935849686, 37.068901859771486 ], [ -7.887874211819616, 37.068913863545667 ], [ -7.887884941785907, 37.068932263043664 ], [ -7.887889966577622, 37.068944619887525 ], [ -7.887896079164092, 37.068966620424824 ], [ -7.887897447192882, 37.068996446855145 ], [ -7.887898539964879, 37.069074751162283 ], [ -7.88790116193237, 37.069099987432423 ], [ -7.887922349704504, 37.0691546360476 ], [ -7.887957585243833, 37.069247430737796 ], [ -7.888001753536425, 37.069360872961489 ], [ -7.888016666463114, 37.069409023593778 ], [ -7.888047054275457, 37.069471526893999 ], [ -7.888096418811331, 37.069574893241438 ], [ -7.888115953099531, 37.069620345691384 ], [ -7.888132072893175, 37.069678227647493 ], [ -7.888145127060106, 37.06974565460672 ], [ -7.88815327278654, 37.069800186133641 ], [ -7.888159621938386, 37.069854267019089 ], [ -7.888160782007946, 37.069913829206698 ], [ -7.888152310600787, 37.070030137979572 ], [ -7.888141166246531, 37.070068140997115 ], [ -7.888125998019907, 37.070099649804909 ], [ -7.888108578269874, 37.070131602692697 ], [ -7.888080622307233, 37.070188668244398 ], [ -7.888075205634133, 37.070229929639424 ], [ -7.888071550578899, 37.070246860392096 ], [ -7.888073189071152, 37.070262900109483 ], [ -7.888077642279425, 37.070277148908886 ], [ -7.888132028567597, 37.070442540889964 ], [ -7.888334538060994, 37.070751936265872 ], [ -7.888467870451113, 37.070923865387542 ], [ -7.888590423808295, 37.071117228891374 ], [ -7.888691570000532, 37.071306256802863 ], [ -7.888712468282604, 37.071469371200756 ], [ -7.889021376124333, 37.072002134768972 ], [ -7.889175790425591, 37.072281390205617 ], [ -7.88927162535055, 37.072457532616419 ], [ -7.889362009093722, 37.072663703194245 ], [ -7.889441174312634, 37.073028630597776 ], [ -7.889407805365034, 37.073414783517038 ], [ -7.889385927670171, 37.073608386675126 ], [ -7.88938429644536, 37.073627214763135 ], [ -7.889384240464032, 37.073645058516313 ], [ -7.889379324676022, 37.073946852319843 ], [ -7.889426934398747, 37.074131478152744 ], [ -7.889496007936262, 37.074303274000044 ], [ -7.889506494221198, 37.074415541537341 ], [ -7.88951909921812, 37.074518198261543 ], [ -7.889530056019648, 37.07468086458141 ], [ -7.889531817874308, 37.074691860337595 ], [ -7.889532449426285, 37.074704655910153 ], [ -7.889494525331005, 37.074766736621633 ], [ -7.889387316542846, 37.074796555818693 ], [ -7.889300950623691, 37.074832405976245 ], [ -7.889227203799722, 37.074859464839548 ], [ -7.889181431105684, 37.074895683786103 ], [ -7.889295854964291, 37.075019369969006 ], [ -7.88935142144754, 37.075120850803344 ], [ -7.889376620217509, 37.075187672679 ], [ -7.889385764577793, 37.075281474997908 ], [ -7.889421661297407, 37.075779345125959 ], [ -7.889431232939682, 37.076135546652303 ], [ -7.88945562882847, 37.076262541355462 ], [ -7.889464172353017, 37.076298689951898 ], [ -7.889492279096495, 37.076405436000563 ], [ -7.889496850528831, 37.076418778500802 ], [ -7.889511134500037, 37.076454038715688 ], [ -7.889521498463227, 37.076482895995014 ], [ -7.889539828012736, 37.076519065582893 ], [ -7.889633605837692, 37.076664782486233 ], [ -7.889846196868638, 37.077007541953812 ], [ -7.890293989586473, 37.077665035577297 ], [ -7.890603138413959, 37.078133424825317 ], [ -7.890837608785978, 37.078507251107432 ], [ -7.890904143481699, 37.078618456281532 ], [ -7.890912672820604, 37.07862577415343 ], [ -7.890920089426668, 37.078627592335451 ], [ -7.890931842132874, 37.078625992608295 ], [ -7.890942482706294, 37.078622592978228 ], [ -7.89095385666319, 37.078617026874397 ], [ -7.890966134496326, 37.078611556325882 ], [ -7.890980210877582, 37.078605635309351 ], [ -7.890986972443831, 37.078601958337046 ], [ -7.890999018823178, 37.078597833508532 ], [ -7.891006450348116, 37.078594605733592 ], [ -7.891017372108594, 37.078590484915104 ], [ -7.891026483699773, 37.078588700475123 ], [ -7.891041901805319, 37.078585937730651 ], [ -7.891049774230906, 37.078586582742943 ], [ -7.891056366044914, 37.078562719689991 ], [ -7.891093391092505, 37.078573066521315 ], [ -7.891102552758336, 37.078575340588927 ], [ -7.891113897202835, 37.07857905451106 ], [ -7.891130529158893, 37.078583594686386 ], [ -7.89116772499164, 37.078591872990309 ], [ -7.89118199818077, 37.078595501872222 ], [ -7.891199185604755, 37.078601487583271 ], [ -7.891218050839386, 37.078609275245782 ], [ -7.891228273458261, 37.078613887937287 ], [ -7.891242085985713, 37.078619863155225 ], [ -7.891275211551479, 37.078634980342528 ], [ -7.891292399292221, 37.078640871428533 ], [ -7.891331564415206, 37.078668255441059 ], [ -7.891336953340445, 37.078671146240147 ], [ -7.891376461105187, 37.078695466403239 ], [ -7.891398792024622, 37.078710108317601 ], [ -7.891448519596474, 37.078740303523304 ], [ -7.891497683178319, 37.078771042705434 ], [ -7.891539997440483, 37.07879626869795 ], [ -7.891585787001978, 37.078827447901205 ], [ -7.891636157262376, 37.078866386500152 ], [ -7.891673289585805, 37.078894754732367 ], [ -7.891717959251062, 37.078924128567181 ], [ -7.891809986144194, 37.078983698922634 ], [ -7.891854653342087, 37.079013884563075 ], [ -7.891894151153895, 37.079041809706325 ], [ -7.891941048906695, 37.079075779831328 ], [ -7.891977063882909, 37.079103697864923 ], [ -7.892019915354838, 37.07913802376369 ], [ -7.892059963009936, 37.079170635523369 ], [ -7.892086310837199, 37.079195376533335 ], [ -7.892130384926922, 37.079234302125975 ], [ -7.892170972701059, 37.079275022756228 ], [ -7.892205844527147, 37.079306722883636 ], [ -7.892239026023172, 37.079340575823885 ], [ -7.892263114398542, 37.079370362692266 ], [ -7.892291672823441, 37.079407005848296 ], [ -7.892323148908392, 37.079447797130626 ], [ -7.892363276276645, 37.079490858635253 ], [ -7.892404959946809, 37.079538968364794 ], [ -7.892433071744163, 37.0795760575093 ], [ -7.892462846305769, 37.07962008914599 ], [ -7.892495988440519, 37.079666832613036 ], [ -7.892526323635132, 37.079712129569067 ], [ -7.892553744010319, 37.079753815431935 ], [ -7.892619608588549, 37.079838195259207 ], [ -7.892651101837835, 37.079872951133069 ], [ -7.892694569936078, 37.079925212893279 ], [ -7.892729525654, 37.079968262887093 ], [ -7.892796970505715, 37.0800498570106 ], [ -7.892841048010166, 37.080088328203502 ], [ -7.892895333475205, 37.08013367357799 ], [ -7.892923940434226, 37.080157970242361 ], [ -7.89295140953953, 37.080183613494597 ], [ -7.892978406852333, 37.080218002452312 ], [ -7.893021288047316, 37.080278908649561 ], [ -7.893049845460079, 37.080316452684436 ], [ -7.893104841714576, 37.080387925866539 ], [ -7.893136331998376, 37.080424121509665 ], [ -7.89316209298325, 37.080457606854999 ], [ -7.89318438356872, 37.080486034688448 ], [ -7.893217563462567, 37.08052033968255 ], [ -7.893297072910196, 37.080592764320677 ], [ -7.893338819559928, 37.080623039004344 ], [ -7.893387425162333, 37.080650527918465 ], [ -7.893414931701916, 37.080666529710385 ], [ -7.893453202953696, 37.080690845776118 ], [ -7.893490445836362, 37.080722460204271 ], [ -7.893536196303663, 37.080764182865373 ], [ -7.893579609428214, 37.080800312364971 ], [ -7.893625473581592, 37.08084203431978 ], [ -7.893678648979479, 37.080885568646771 ], [ -7.893753042009409, 37.080940505534095 ], [ -7.893845824509424, 37.081011067046973 ], [ -7.893854236609376, 37.081017932132617 ], [ -7.893926940967321, 37.081073853073967 ], [ -7.893953187498957, 37.08109544062237 ], [ -7.893992690254826, 37.081123811999433 ], [ -7.894000713956247, 37.081110041836993 ], [ -7.894005243881764, 37.081100414048237 ], [ -7.894010342382745, 37.081088077894385 ], [ -7.894018401694414, 37.081064756482746 ], [ -7.894022972092007, 37.081042238998577 ], [ -7.894025754135574, 37.081014762936761 ], [ -7.894024588882744, 37.080993672895673 ], [ -7.894025212900314, 37.080972592768816 ], [ -7.89402798475983, 37.080948358728456 ], [ -7.894034263870928, 37.080919984142042 ], [ -7.894045163033143, 37.080886939621884 ], [ -7.89405423451941, 37.080862174934204 ], [ -7.894065700192306, 37.080829222561491 ], [ -7.894077133384185, 37.080804463532765 ], [ -7.894090253760505, 37.080780703583017 ], [ -7.894103370174224, 37.080758203316698 ], [ -7.894116477528105, 37.080738945073058 ], [ -7.894129687145046, 37.08072293448285 ], [ -7.894152571403314, 37.080706036908921 ], [ -7.894169689511564, 37.08069778337304 ], [ -7.894190846382878, 37.080692690807211 ], [ -7.894226865556734, 37.080683574268029 ], [ -7.894260517650535, 37.080675800948683 ], [ -7.894293150539219, 37.080668475200461 ], [ -7.89433028583645, 37.080662064982093 ], [ -7.894378335702812, 37.080652427470632 ], [ -7.894424035389149, 37.080640536144472 ], [ -7.8944555565811, 37.080630867139654 ], [ -7.894489781976231, 37.080618497659927 ], [ -7.894535501663112, 37.080600211451497 ], [ -7.894584151880795, 37.080579130599681 ], [ -7.894630996746297, 37.080558501137112 ], [ -7.894676729360577, 37.080536064580791 ], [ -7.894792116106784, 37.080463669506081 ], [ -7.894851049565744, 37.080427927203978 ], [ -7.894903657761642, 37.080399105887217 ], [ -7.894961881407497, 37.080373453164647 ], [ -7.895027634923591, 37.080348715695536 ], [ -7.895088873854188, 37.080329463842745 ], [ -7.895143695066531, 37.080314346698238 ], [ -7.895196251256359, 37.080302467928732 ], [ -7.895236306672473, 37.080296510213138 ], [ -7.895268923529305, 37.08029423464977 ], [ -7.895316378654518, 37.080295587693499 ], [ -7.895400367662727, 37.080304048583251 ], [ -7.89548615722622, 37.080309985525098 ], [ -7.895523954657564, 37.080306818301551 ], [ -7.89555084775913, 37.080302183912686 ], [ -7.895587878471628, 37.080292796862508 ], [ -7.895726091454717, 37.080271223348689 ], [ -7.895891190904903, 37.080285858156707 ], [ -7.896002597320529, 37.080306688544283 ], [ -7.896083630163607, 37.080287566753988 ], [ -7.896140867531639, 37.080253441440675 ], [ -7.896177833085125, 37.080228822421446 ], [ -7.89626391165919, 37.080177636168052 ], [ -7.896347530824579, 37.080122747859789 ], [ -7.896369941568242, 37.080112521319215 ], [ -7.896406880084454, 37.080096553328495 ], [ -7.896444253858527, 37.080084189566008 ], [ -7.896494772214376, 37.080076541173796 ], [ -7.896562817815044, 37.080074697256592 ], [ -7.896620935985315, 37.080082743453282 ], [ -7.896677912757856, 37.080095832426423 ], [ -7.896714880871087, 37.080107255066451 ], [ -7.896753970083384, 37.080123373783394 ], [ -7.896796094940873, 37.080139046199619 ], [ -7.896834743836322, 37.080151378625594 ], [ -7.896877448644872, 37.080160651881613 ], [ -7.89691792102518, 37.080166679534692 ], [ -7.897003903617247, 37.080182891543629 ], [ -7.897029084205939, 37.080185010519735 ], [ -7.897074178452386, 37.080187895382963 ], [ -7.897110849753835, 37.080185172342091 ], [ -7.897168672821436, 37.080178530273471 ], [ -7.897211094483636, 37.080171766537383 ], [ -7.897262746943591, 37.080161415968469 ], [ -7.897306974384891, 37.080151861576667 ], [ -7.897357628878169, 37.08013655400881 ], [ -7.897418088474387, 37.080114867419638 ], [ -7.897463012639467, 37.08009711643642 ], [ -7.897527408882899, 37.080074535643398 ], [ -7.897605925958025, 37.080028218494363 ], [ -7.897708516397715, 37.080049878881049 ], [ -7.897866810093496, 37.080080250773968 ], [ -7.897914375074543, 37.080082420264759 ], [ -7.897957782541932, 37.080081967495111 ], [ -7.898002325841517, 37.080080070746767 ], [ -7.898064087196601, 37.080074156001302 ], [ -7.898112131780189, 37.080065957772398 ], [ -7.898152195454935, 37.080057210281794 ], [ -7.898189900215258, 37.080047552531944 ], [ -7.898275477439039, 37.080013095908079 ], [ -7.898366661829335, 37.079970362958186 ], [ -7.898645253226071, 37.079945165941147 ], [ -7.898784522442694, 37.079941149826062 ], [ -7.898909683013047, 37.079967873564605 ], [ -7.898955461546009, 37.079964721907153 ], [ -7.899001130765288, 37.07996237376905 ], [ -7.899044104146386, 37.07995786674033 ], [ -7.899088087204968, 37.079954166342105 ], [ -7.899136685084109, 37.079949573963106 ], [ -7.899180679276895, 37.079944076822571 ], [ -7.899247066533151, 37.079932133427647 ], [ -7.89942196550128, 37.079916659410351 ], [ -7.899534494131768, 37.079899715687624 ], [ -7.899663117016544, 37.079874220845113 ], [ -7.899818690717901, 37.079792991380856 ], [ -7.899877843223516, 37.079715863489639 ], [ -7.900172579928257, 37.079664946553685 ], [ -7.900453730882035, 37.079618849736036 ], [ -7.900612111095502, 37.079554233960486 ], [ -7.900821177355156, 37.079494564751499 ], [ -7.901073077934014, 37.079439270326006 ], [ -7.901314266225895, 37.079383954429687 ], [ -7.90197701434017, 37.079328923880006 ], [ -7.902197713363011, 37.079406597992339 ], [ -7.902675363001589, 37.079529830323835 ], [ -7.902972366558488, 37.079614088237008 ], [ -7.903029440789365, 37.079558947883875 ], [ -7.903156614176508, 37.079405052238911 ], [ -7.903266542332776, 37.079304608899243 ], [ -7.903342893857664, 37.079295101303572 ], [ -7.903571754266925, 37.079330948043356 ], [ -7.903692302135265, 37.079318307237237 ], [ -7.9038007505955, 37.079321735466145 ], [ -7.903945254918887, 37.079357418365127 ], [ -7.904037645246557, 37.079357596839998 ], [ -7.904334949440868, 37.07934207811897 ], [ -7.904543899516432, 37.07931995139915 ], [ -7.904684474119137, 37.079326659235605 ], [ -7.904792990197841, 37.079307557117879 ], [ -7.904921591059519, 37.079288493543622 ], [ -7.905098540025788, 37.079221245134462 ], [ -7.905207075119171, 37.079195705653611 ], [ -7.905287433631077, 37.079189423014853 ], [ -7.905407884749801, 37.07920896537874 ], [ -7.905504205281877, 37.079238116846511 ], [ -7.905717190930631, 37.079209558782402 ], [ -7.905889843523304, 37.079235637746045 ], [ -7.90601428304073, 37.079264842665111 ], [ -7.906212574399305, 37.079278997891329 ], [ -7.906239476117104, 37.079270755918387 ], [ -7.906413306642488, 37.079207291749654 ], [ -7.909595171000377, 37.079902174911858 ], [ -7.909030930244859, 37.080445626722302 ], [ -7.908847100045739, 37.080773273513259 ], [ -7.910129080030913, 37.081079701095263 ], [ -7.910216602488801, 37.081135795120858 ], [ -7.910039537243201, 37.081242745872807 ], [ -7.909776710907295, 37.081370991627665 ], [ -7.9096531048605, 37.08151237321232 ], [ -7.909540248407744, 37.081640900891763 ], [ -7.909459452732848, 37.081795236992718 ], [ -7.90939979128985, 37.082048313835188 ], [ -7.909335214743476, 37.082151184292464 ], [ -7.909206111608304, 37.08233975981063 ], [ -7.909061040305439, 37.08249397426043 ], [ -7.908942736750251, 37.082652530468209 ], [ -7.908802818223617, 37.08287541584145 ], [ -7.908652249684541, 37.083076824164216 ], [ -7.908496589991294, 37.08318810442065 ], [ -7.908442907515076, 37.083260180710475 ], [ -7.908468088072997, 37.083303928393761 ], [ -7.908511594259949, 37.083347624273792 ], [ -7.908796134383268, 37.083325994340491 ], [ -7.908912183762292, 37.083278274616902 ], [ -7.909094765737891, 37.08316777903751 ], [ -7.909288044245337, 37.083013655550175 ], [ -7.909443727644138, 37.082893791605443 ], [ -7.909587799441134, 37.082809189701436 ], [ -7.909776341509961, 37.082714181928409 ], [ -7.909974759858685, 37.082633019843968 ], [ -7.910242883604182, 37.082526240361403 ], [ -7.910389278951874, 37.082484954214578 ], [ -7.910564593476676, 37.08241097814031 ], [ -7.910698748665212, 37.082325402893588 ], [ -7.910934833514268, 37.08218423099283 ], [ -7.911138705503653, 37.082068746405163 ], [ -7.911573041015459, 37.081902196021211 ], [ -7.911969906643598, 37.081726991490882 ], [ -7.912549027661871, 37.081500628546003 ], [ -7.913205855825963, 37.081282751627079 ], [ -7.913433987708899, 37.081086010398025 ], [ -7.913820509144716, 37.0806832357611 ], [ -7.913944372371439, 37.080546244988817 ], [ -7.914050612621989, 37.080564896568816 ], [ -7.914019763468908, 37.081025584611638 ], [ -7.913935246678182, 37.082475903265625 ], [ -7.913834422819793, 37.084007726887172 ], [ -7.913810599424311, 37.084840203503894 ], [ -7.913900334738067, 37.08492232592787 ], [ -7.91420058875993, 37.085197105464232 ], [ -7.914312813631651, 37.085287430757909 ], [ -7.91497099689202, 37.085516084349145 ], [ -7.915238534323571, 37.08561527701255 ], [ -7.915805517048254, 37.085895254506696 ], [ -7.915998091332778, 37.085985725392774 ], [ -7.916335228805102, 37.08609791699832 ], [ -7.916544032287376, 37.08613262920526 ], [ -7.916720819281031, 37.08612436920734 ], [ -7.916988945962487, 37.08601757454575 ], [ -7.917283866195373, 37.085906536693919 ], [ -7.917568145638021, 37.085769730709735 ], [ -7.917970349924809, 37.085603098612047 ], [ -7.918329677088863, 37.085444970188512 ], [ -7.918613940844921, 37.085312452996895 ], [ -7.919295238374332, 37.084944627666481 ], [ -7.919831691904228, 37.084653782199382 ], [ -7.920019343965978, 37.084589749343564 ], [ -7.920624897300378, 37.084487843539499 ], [ -7.920989318926367, 37.084419834369179 ], [ -7.921509108932369, 37.084339227344948 ], [ -7.921653836793304, 37.084300863372228 ], [ -7.921846830866802, 37.08424112848644 ], [ -7.922007865295455, 37.084116966236948 ], [ -7.922507615962071, 37.083534231819897 ], [ -7.922728064672613, 37.083229937566273 ], [ -7.922954152139363, 37.082822660585421 ], [ -7.923002535692182, 37.082758376124779 ], [ -7.923088566479422, 37.082638370821861 ], [ -7.923233633388634, 37.082475556479153 ], [ -7.923340981790584, 37.082394210820119 ], [ -7.923496570991963, 37.082300076292682 ], [ -7.924027468732733, 37.082069280697425 ], [ -7.925099966835755, 37.081607701108531 ], [ -7.925711301783856, 37.081338416859388 ], [ -7.925984813535976, 37.081210154416084 ], [ -7.926762843607884, 37.080696548917274 ], [ -7.927229633408359, 37.080396965786278 ], [ -7.927744716330264, 37.080063133644195 ], [ -7.928275908905122, 37.079712161670365 ], [ -7.928495942911068, 37.079549470233175 ], [ -7.928715999016454, 37.079378195723308 ], [ -7.929269283941976, 37.078774067737129 ], [ -7.929548411766862, 37.078542814274741 ], [ -7.929972524903778, 37.078170194017311 ], [ -7.930010700445259, 37.07821525105053 ], [ -7.930047007290741, 37.078251486356827 ], [ -7.930061617240931, 37.078266067506611 ], [ -7.930511836683981, 37.078784779392734 ], [ -7.930762881152014, 37.079042688879873 ], [ -7.930960333474125, 37.07931338054415 ], [ -7.931221037422174, 37.07968893220869 ], [ -7.93159006608124, 37.080172721839837 ], [ -7.931995922685627, 37.080628293603489 ], [ -7.932743173665698, 37.081616568243248 ], [ -7.933026168895563, 37.081951771054946 ], [ -7.933368591205368, 37.082093962669411 ], [ -7.933484658887702, 37.082078309936513 ], [ -7.933516708808472, 37.082073987749631 ], [ -7.933566006971584, 37.082184702075729 ], [ -7.933614419229147, 37.082335261934411 ], [ -7.933639039096201, 37.08242585981165 ], [ -7.933675784741988, 37.082524765198308 ], [ -7.933927011116415, 37.082885741748122 ], [ -7.934076614740547, 37.083027607492127 ], [ -7.934151388723785, 37.083109268814773 ], [ -7.934316860770308, 37.083328404943551 ], [ -7.934477144901067, 37.083483161636515 ], [ -7.934648188080411, 37.083620770764938 ], [ -7.93480142785572, 37.083752457792713 ], [ -7.934941088758534, 37.083847844027801 ], [ -7.935059671805109, 37.083986223608321 ], [ -7.935161084750225, 37.084123715693607 ], [ -7.93544412220115, 37.084450330248089 ], [ -7.935668397568935, 37.08471676669064 ], [ -7.935780536401865, 37.084849985201565 ], [ -7.93599431251083, 37.085034868605433 ], [ -7.936053033090535, 37.085112210237732 ], [ -7.936041909318305, 37.085270971643354 ], [ -7.93596598537103, 37.085631318584973 ], [ -7.935954472333239, 37.085940276519963 ], [ -7.9359805326754, 37.086219257097774 ], [ -7.936033497173755, 37.086451077228759 ], [ -7.936081161613639, 37.086661432297596 ], [ -7.936118045576031, 37.086897517443894 ], [ -7.936224465040568, 37.087172340489658 ], [ -7.936239647226732, 37.087515673363072 ], [ -7.936276699662826, 37.087687388241051 ], [ -7.936270943051165, 37.087841866722094 ], [ -7.936216289620257, 37.088262327642731 ], [ -7.936194186054546, 37.088524062759994 ], [ -7.936171760335928, 37.088910246449089 ], [ -7.936128129856289, 37.089210568225724 ], [ -7.936046757299478, 37.089605236588724 ], [ -7.935981154491735, 37.090115796612636 ], [ -7.935950478232185, 37.090618707797603 ], [ -7.935915182586477, 37.090610447601222 ], [ -7.934926599430431, 37.090396874109217 ], [ -7.934854519409001, 37.090390269554902 ], [ -7.934770743647074, 37.090816693749055 ], [ -7.934767630549354, 37.090904192067676 ], [ -7.934766493288274, 37.090936169937031 ], [ -7.934612150777856, 37.092418979603487 ], [ -7.934328038002158, 37.093321824053071 ], [ -7.935148127981296, 37.093242727890463 ], [ -7.934898280031874, 37.09416275014199 ], [ -7.934878838587482, 37.09415533160314 ], [ -7.934850278564402, 37.094152488751156 ], [ -7.934814870323509, 37.094143689204245 ], [ -7.934768654802576, 37.094138295625122 ], [ -7.934703982558175, 37.094133504600343 ], [ -7.934657644514553, 37.094131534825976 ], [ -7.934601639005138, 37.094127654809533 ], [ -7.934543928331106, 37.09413107325404 ], [ -7.934510745802263, 37.09413147092534 ], [ -7.934485000385757, 37.094126378230307 ], [ -7.934453067612356, 37.094120288497187 ], [ -7.934427886753249, 37.094116102307403 ], [ -7.934385051719696, 37.09410584938388 ], [ -7.934350213104661, 37.094095610748376 ], [ -7.934315896611364, 37.09409735626236 ], [ -7.934266058241164, 37.094102226771163 ], [ -7.934228371752732, 37.09410396751025 ], [ -7.934202603067415, 37.094105636318517 ], [ -7.934175180868529, 37.094097841148368 ], [ -7.934140891618041, 37.094091746477112 ], [ -7.934127148716295, 37.094097217221531 ], [ -7.934156818829576, 37.094108262716901 ], [ -7.934219093446035, 37.094123593398898 ], [ -7.934268206187446, 37.09414115734981 ], [ -7.934288661144342, 37.094147676621333 ], [ -7.934337758831788, 37.09416929351562 ], [ -7.934382252573741, 37.094189196054444 ], [ -7.934427856205741, 37.094212246960431 ], [ -7.934467732607393, 37.09423384925239 ], [ -7.934496262250206, 37.094250924491924 ], [ -7.934509413086404, 37.094255090521266 ], [ -7.934647873817546, 37.09443058336624 ], [ -7.934664525745034, 37.094601900373824 ], [ -7.934648346296285, 37.094638458400546 ], [ -7.934644138941986, 37.094656743910434 ], [ -7.934637825524821, 37.094662227146848 ], [ -7.934608144304277, 37.094655330264068 ], [ -7.934571042616947, 37.094649684246178 ], [ -7.934545852476023, 37.094646399132557 ], [ -7.934518402139458, 37.094646711791469 ], [ -7.934490380526911, 37.094651709934041 ], [ -7.934469800933446, 37.094649787730177 ], [ -7.934449231048492, 37.09464371612777 ], [ -7.934426403663044, 37.094643224648721 ], [ -7.934403837647475, 37.094670578360095 ], [ -7.934373780923214, 37.094720899412685 ], [ -7.934335699467781, 37.094787605515535 ], [ -7.93430436812081, 37.094854319317278 ], [ -7.934202903960979, 37.095072839805589 ], [ -7.934198267242413, 37.095081482266146 ], [ -7.934171357043449, 37.095091980504279 ], [ -7.934134814085462, 37.09517328729585 ], [ -7.934096019889508, 37.095255581470013 ], [ -7.934065224264605, 37.095331489682216 ], [ -7.933916824498533, 37.096034610184027 ], [ -7.933867690076482, 37.096024891639424 ], [ -7.933855448951708, 37.096146605125284 ], [ -7.933843754300597, 37.096275256834602 ], [ -7.933838306647708, 37.096337512258629 ], [ -7.933837348774806, 37.09640346509255 ], [ -7.933834409465744, 37.09649410741455 ], [ -7.933844903465391, 37.096896991736244 ], [ -7.933836846490223, 37.097246007060264 ], [ -7.933862023396986, 37.097596610019508 ], [ -7.933861323098131, 37.097821515823391 ], [ -7.933923004848003, 37.098886050426373 ], [ -7.93399836582315, 37.098888970290794 ], [ -7.934007488593974, 37.099619840971982 ], [ -7.934019773064927, 37.099826472362238 ], [ -7.934003101872491, 37.10026832967938 ], [ -7.933925428088273, 37.101022840755768 ], [ -7.93384630634344, 37.101036766251191 ], [ -7.933188321551697, 37.101126401458352 ], [ -7.932912889728851, 37.101187029918393 ], [ -7.932694685467571, 37.101132329786395 ], [ -7.932531479399958, 37.10176514331463 ], [ -7.932353067504327, 37.101721142430783 ], [ -7.932248177721303, 37.102209345831675 ], [ -7.932126835517967, 37.102364841610701 ], [ -7.932199419897422, 37.102398934773831 ], [ -7.932197040668603, 37.102404877773544 ], [ -7.932189472082482, 37.10241675811038 ], [ -7.932179532815979, 37.102431343031924 ], [ -7.932163171688816, 37.102450414287034 ], [ -7.932152112533284, 37.10246265093442 ], [ -7.932145118352089, 37.102471289307822 ], [ -7.932141486021609, 37.102482727581858 ], [ -7.932139527528967, 37.102501016788658 ], [ -7.932139947145101, 37.102513363896115 ], [ -7.932143042450337, 37.102534450464944 ], [ -7.932153925357978, 37.102570202453599 ], [ -7.932262315093651, 37.102609008450628 ], [ -7.93234072099788, 37.102652645557832 ], [ -7.932239054809249, 37.103111563404354 ], [ -7.93213095633202, 37.103109579009562 ], [ -7.932015111872856, 37.103098029188409 ], [ -7.931911873830068, 37.103086052815115 ], [ -7.931806290531124, 37.103066323210115 ], [ -7.93174338393037, 37.103030896448722 ], [ -7.931442460134725, 37.102857290428538 ], [ -7.931332569827534, 37.102935948495066 ], [ -7.931217890361006, 37.103378717830005 ], [ -7.931573601720626, 37.10346449700944 ], [ -7.931833567892115, 37.10347184612661 ], [ -7.931907834279985, 37.103550458538706 ], [ -7.931896804762825, 37.10359522185805 ], [ -7.932183854364671, 37.103662933459262 ], [ -7.932482266666028, 37.104277099169366 ], [ -7.932075430817942, 37.104143378692264 ], [ -7.931818329121572, 37.104117194597379 ], [ -7.931502291207303, 37.10409090975611 ], [ -7.931384239715938, 37.104159370139257 ], [ -7.931357155842025, 37.104270898434109 ], [ -7.931318831684029, 37.104579809298869 ], [ -7.931302440279214, 37.104699938411926 ], [ -7.931328590988887, 37.104940297825713 ], [ -7.93105639637703, 37.104933951271271 ], [ -7.931113761778159, 37.105278076470164 ], [ -7.931126414417426, 37.105385777972735 ], [ -7.931076741158826, 37.105494628479711 ], [ -7.931058911412796, 37.105516495776392 ], [ -7.931048517841763, 37.105531618657295 ], [ -7.931035867936781, 37.105551239411803 ], [ -7.931022655736975, 37.105569509411552 ], [ -7.931008197416328, 37.105591020218014 ], [ -7.930993859606535, 37.105611630163274 ], [ -7.930978392678201, 37.105631245208578 ], [ -7.930961119295086, 37.105654553339846 ], [ -7.930939788649371, 37.105681006475599 ], [ -7.93092319788052, 37.105700172669195 ], [ -7.93090130850484, 37.105723927057191 ], [ -7.930889807719432, 37.105734450803062 ], [ -7.930875488669786, 37.105745866300666 ], [ -7.930851366349223, 37.105762767877692 ], [ -7.930835366990253, 37.105772740602745 ], [ -7.930811260036258, 37.10578639566144 ], [ -7.930775757181988, 37.105808771598241 ], [ -7.930739584944676, 37.10583240967464 ], [ -7.930722457983385, 37.105842923801916 ], [ -7.93070860095964, 37.105850649306504 ], [ -7.930696085911159, 37.105859279066088 ], [ -7.930684023996174, 37.10586799970438 ], [ -7.930666785898107, 37.105878418120909 ], [ -7.930648416683402, 37.105890284416766 ], [ -7.930630725851936, 37.105902147362833 ], [ -7.93061053989645, 37.105918602376342 ], [ -7.93057895974948, 37.105948190767094 ], [ -7.930564068037984, 37.105964655716186 ], [ -7.930555483855334, 37.105977888506274 ], [ -7.930551971942289, 37.105986622834827 ], [ -7.930550263408517, 37.105995361144977 ], [ -7.930550130272837, 37.106003110074077 ], [ -7.930550673197545, 37.10601130798721 ], [ -7.93055234117188, 37.106017801205631 ], [ -7.930556361989809, 37.106028351432279 ], [ -7.930560833868525, 37.106039350258428 ], [ -7.930566545651404, 37.106049451038658 ], [ -7.930577302924874, 37.106065958897076 ], [ -7.930586923036554, 37.106086609709863 ], [ -7.930450114152269, 37.106004561094068 ], [ -7.930442626631399, 37.10602842470945 ], [ -7.930222074482178, 37.105994076501737 ], [ -7.929871234875643, 37.106959025003349 ], [ -7.929977479027373, 37.106985468585655 ], [ -7.929975329473476, 37.1070729546664 ], [ -7.927121781728505, 37.107126537940509 ], [ -7.927078194298995, 37.107143762650544 ], [ -7.926351494914828, 37.107409757055315 ], [ -7.9256352454716, 37.10763819178915 ], [ -7.925059552864516, 37.107765411744197 ], [ -7.924699673899299, 37.107841462131482 ], [ -7.924646423963717, 37.107854072631469 ], [ -7.924594300125804, 37.107865879536249 ], [ -7.92454162381433, 37.10787524806728 ], [ -7.924487923345349, 37.107888849775293 ], [ -7.924422061386949, 37.10790648304291 ], [ -7.924371609182185, 37.107923246843285 ], [ -7.924316666163618, 37.107938649315855 ], [ -7.924267473300266, 37.107949916093766 ], [ -7.924214227042261, 37.107960724277092 ], [ -7.924173033363004, 37.10796659872203 ], [ -7.924130148075365, 37.10797517336426 ], [ -7.924069465407189, 37.107990025868546 ], [ -7.924027148463734, 37.107997700411083 ], [ -7.923877192582497, 37.108034289426918 ], [ -7.923606455625851, 37.108092925703829 ], [ -7.923559629986744, 37.108102842971498 ], [ -7.923623990893566, 37.108140170651211 ], [ -7.923639938600674, 37.108150294349386 ], [ -7.923710710493897, 37.108190331093638 ], [ -7.923768221690026, 37.10822215371023 ], [ -7.923823036234116, 37.108253966132779 ], [ -7.923869209705854, 37.108277475292653 ], [ -7.92391482890952, 37.108299630058085 ], [ -7.923982714330574, 37.108324078541571 ], [ -7.924045559188545, 37.108341307782773 ], [ -7.924099300748473, 37.10835383901464 ], [ -7.924146647080565, 37.10836040652147 ], [ -7.924187244872859, 37.108365528525646 ], [ -7.924226050819047, 37.10836847669556 ], [ -7.924291844099789, 37.108376430939494 ], [ -7.924337506380436, 37.108382548476477 ], [ -7.924402046804852, 37.10839608975494 ], [ -7.924482010447773, 37.108405958366369 ], [ -7.924560291835374, 37.10841348660442 ], [ -7.924615172052162, 37.10842151248179 ], [ -7.924692885669586, 37.108431376994645 ], [ -7.924746664263495, 37.108432915915436 ], [ -7.9247923299884, 37.108435337117804 ], [ -7.924840342243597, 37.108446502747441 ], [ -7.924871706841332, 37.108455746887302 ], [ -7.924907096526128, 37.108473744717216 ], [ -7.92493786885986, 37.108492629187026 ], [ -7.924969767591095, 37.108510614561808 ], [ -7.925020524585672, 37.108546206480575 ], [ -7.925032426017558, 37.108555416419442 ], [ -7.925046124476568, 37.108566975881679 ], [ -7.925140062300113, 37.108633736535261 ], [ -7.925268201324699, 37.108799893090591 ], [ -7.925478967163871, 37.109121396214874 ], [ -7.925585601332578, 37.10931469265303 ], [ -7.925761482184397, 37.109658306673936 ], [ -7.925794223344368, 37.109873924579674 ], [ -7.925792894754186, 37.109906902101869 ], [ -7.925795592824444, 37.109948531472661 ], [ -7.925805743254146, 37.109981529064314 ], [ -7.925807934572682, 37.110003521561026 ], [ -7.925796236938131, 37.110042427075072 ], [ -7.925782437365975, 37.11006988449828 ], [ -7.925775919508062, 37.110108799066822 ], [ -7.925783769858454, 37.110160532966738 ], [ -7.925798937560414, 37.110207773438617 ], [ -7.925811906936223, 37.110238072765007 ], [ -7.925817570891252, 37.11026601745305 ], [ -7.925823654002147, 37.110304052987949 ], [ -7.925823414038327, 37.110350817789033 ], [ -7.925820933497276, 37.110396134267191 ], [ -7.925826414604658, 37.110447416191057 ], [ -7.925825253195872, 37.110460747204144 ], [ -7.925821142806456, 37.110483629746071 ], [ -7.925814668750504, 37.110506054920236 ], [ -7.925808877557941, 37.11052478512353 ], [ -7.925797936334955, 37.110537113273459 ], [ -7.925783609468269, 37.110550783494091 ], [ -7.925769857004565, 37.11056175062452 ], [ -7.925754966769471, 37.110574070963757 ], [ -7.925737149043209, 37.1105905301742 ], [ -7.925718199736877, 37.110606895494158 ], [ -7.925702715508447, 37.11061259106679 ], [ -7.925669051200471, 37.110601765362524 ], [ -7.925116245172331, 37.110485402180672 ], [ -7.924693068428781, 37.110441745930821 ], [ -7.924540012745065, 37.110444361105692 ], [ -7.924521748991115, 37.110389948867557 ], [ -7.924200247546416, 37.110393674619225 ], [ -7.923894785651811, 37.110410301301982 ], [ -7.923860220284237, 37.110575802693866 ], [ -7.92384869522251, 37.110594528087873 ], [ -7.923838980126009, 37.110606404084145 ], [ -7.923833234107069, 37.110610991170674 ], [ -7.923825814965832, 37.110609084039368 ], [ -7.923803555602976, 37.110601206393319 ], [ -7.923744751931786, 37.110588666091843 ], [ -7.923674455386505, 37.110580702689596 ], [ -7.923604170754156, 37.110567603202426 ], [ -7.9235236687544, 37.110548993629259 ], [ -7.923488259186101, 37.110538387685054 ], [ -7.923426537353355, 37.110521698974829 ], [ -7.923256980161828, 37.1104826541576 ], [ -7.923261638212086, 37.110467073995807 ], [ -7.923262815240817, 37.110448244744042 ], [ -7.923261769844058, 37.110418959217427 ], [ -7.923262517351135, 37.110391473585238 ], [ -7.92326441667914, 37.110357148212941 ], [ -7.923268541737538, 37.110329225234452 ], [ -7.923270424378894, 37.110298499582619 ], [ -7.923269924634768, 37.110276964170936 ], [ -7.923269980079021, 37.110256868740869 ], [ -7.923267779651336, 37.110238033511116 ], [ -7.923268492713365, 37.110223438438069 ], [ -7.92292879088326, 37.110239238831049 ], [ -7.922589829435839, 37.110232603072909 ], [ -7.922561592875671, 37.110271842027267 ], [ -7.922495900032761, 37.110265689130109 ], [ -7.92242157640429, 37.110250326404469 ], [ -7.922155109541036, 37.110268237930235 ], [ -7.922191332260084, 37.110473562027025 ], [ -7.922193807036087, 37.110556464307557 ], [ -7.922185559709076, 37.110608169802653 ], [ -7.922176504623859, 37.110709344068248 ], [ -7.922169408084058, 37.110754204423806 ], [ -7.922161898369101, 37.110785367872964 ], [ -7.922154797559753, 37.110829328056667 ], [ -7.922147713735131, 37.11086959571022 ], [ -7.922150978239345, 37.110910330504929 ], [ -7.922145547668232, 37.11096257984174 ], [ -7.922136223426357, 37.110996892881964 ], [ -7.922126318634425, 37.111038505307221 ], [ -7.922111215091017, 37.111089750763973 ], [ -7.922097935032974, 37.111131357179744 ], [ -7.92208745666875, 37.111178552472353 ], [ -7.922088300106257, 37.111239916417368 ], [ -7.922071645869157, 37.111362613464308 ], [ -7.922072694772557, 37.11163374451047 ], [ -7.922068509314368, 37.111683654188766 ], [ -7.922171511208179, 37.111680162037814 ], [ -7.92219523023299, 37.111821818107565 ], [ -7.92226328027335, 37.111918493518203 ], [ -7.922287169061833, 37.11199899827934 ], [ -7.922438863778762, 37.11236617651511 ], [ -7.92250256597014, 37.112581928619946 ], [ -7.922168050956919, 37.112630760005764 ], [ -7.922333662325148, 37.112865392322036 ], [ -7.922638709928047, 37.112989133920692 ], [ -7.922574062406268, 37.113127590100163 ], [ -7.922649007832165, 37.113153471043468 ], [ -7.922620958857248, 37.113225363964013 ], [ -7.922609948998227, 37.113260128171873 ], [ -7.922600600755108, 37.113305522471236 ], [ -7.922586564810945, 37.113375056947241 ], [ -7.922572018426571, 37.11342900752296 ], [ -7.92255861795537, 37.113473408858717 ], [ -7.92254013775488, 37.113524642946089 ], [ -7.922522796728803, 37.113570387071753 ], [ -7.922508253379465, 37.113621180316919 ], [ -7.922501664898285, 37.113684877402328 ], [ -7.922476425556259, 37.11382035160284 ], [ -7.922775826694717, 37.113861157038464 ], [ -7.922800476919183, 37.11385714688042 ], [ -7.92283312659728, 37.113850356706806 ], [ -7.922890873281686, 37.113839104805734 ], [ -7.922956963154458, 37.113822822610587 ], [ -7.922958270074488, 37.113880401076095 ], [ -7.92291934526137, 37.113960979053559 ], [ -7.92289616368199, 37.114002296764994 ], [ -7.922868830671436, 37.113998733253382 ], [ -7.922833911028314, 37.114053725400098 ], [ -7.922522412275515, 37.114282497679916 ], [ -7.921749357354475, 37.114881273514946 ], [ -7.921872268662311, 37.115001650239222 ], [ -7.921847518793682, 37.115027200842377 ], [ -7.92183634661886, 37.11504079059366 ], [ -7.921821671135137, 37.115057073686216 ], [ -7.921806995893492, 37.115075696838467 ], [ -7.921793317861428, 37.115097032164208 ], [ -7.92177351047779, 37.115141688693356 ], [ -7.92176274828113, 37.115168068858942 ], [ -7.921744188294733, 37.115206780589197 ], [ -7.921726762445015, 37.115242251411907 ], [ -7.921682770860994, 37.115321380930965 ], [ -7.921659718357194, 37.115359183572529 ], [ -7.92163498390696, 37.11539085507895 ], [ -7.921614001354127, 37.115412171947661 ], [ -7.921594144819049, 37.115431149859305 ], [ -7.921568433504344, 37.115452371781693 ], [ -7.921540019965431, 37.115473045535445 ], [ -7.921517365577263, 37.115487421217345 ], [ -7.921490209851209, 37.115501250025041 ], [ -7.921452020781149, 37.115519564446281 ], [ -7.921412696036349, 37.115539227521012 ], [ -7.921389036758486, 37.115550805385084 ], [ -7.921368758919272, 37.115560231237112 ], [ -7.921343406129338, 37.115572265609792 ], [ -7.921305781471612, 37.115588683352797 ], [ -7.921254977629996, 37.115610042393321 ], [ -7.921219271955702, 37.115624212681936 ], [ -7.921150570697659, 37.115649050233039 ], [ -7.921098077319638, 37.115669413214071 ], [ -7.921046834233805, 37.115688063684928 ], [ -7.920990295299934, 37.115707422806366 ], [ -7.920947042352688, 37.115724289907639 ], [ -7.920885881550435, 37.115748776768051 ], [ -7.920847253110816, 37.115761955048455 ], [ -7.920775181450095, 37.115784892312575 ], [ -7.920741550958888, 37.115780326764423 ], [ -7.920699439427494, 37.115791338008478 ], [ -7.920745592898266, 37.115945770983664 ], [ -7.920806324819769, 37.116157176324187 ], [ -7.920864783612253, 37.116376870941011 ], [ -7.920988402292094, 37.116819592471025 ], [ -7.920933509107829, 37.116834342864948 ], [ -7.920607653724359, 37.116921902153869 ], [ -7.920044579184126, 37.117071087981778 ], [ -7.919867612062009, 37.117117973808952 ], [ -7.919712031017565, 37.117182064013527 ], [ -7.919631363135198, 37.11728491027624 ], [ -7.919582797506664, 37.117404979547722 ], [ -7.919501790525134, 37.117627982729729 ], [ -7.919474491429111, 37.117808168620847 ], [ -7.919468456968922, 37.118048472076666 ], [ -7.919462640642252, 37.118211531416634 ], [ -7.919397998608305, 37.118331572522891 ], [ -7.919242185340353, 37.118477196130577 ], [ -7.919048957647907, 37.118588421498252 ], [ -7.918919899995341, 37.118746967360678 ], [ -7.918780149642141, 37.118896911127358 ], [ -7.918426350531102, 37.11893918412072 ], [ -7.918340404577453, 37.119011981190482 ], [ -7.918302336200128, 37.119209312497254 ], [ -7.918269734968566, 37.119368032351872 ], [ -7.918215601430431, 37.119561043646677 ], [ -7.918161599946328, 37.119706850291053 ], [ -7.918086249106466, 37.119822579471531 ], [ -7.917946604428323, 37.119933900177926 ], [ -7.917849842052582, 37.120041007724076 ], [ -7.917822136016883, 37.12036280607601 ], [ -7.917773615287907, 37.120465709381953 ], [ -7.917703633553522, 37.120577157195612 ], [ -7.917429856463913, 37.120744020066596 ], [ -7.917322496372915, 37.120808194796133 ], [ -7.917161023176328, 37.121056797606279 ], [ -7.917139258466247, 37.121172622846096 ], [ -7.917133338216313, 37.121370013158867 ], [ -7.917186269194333, 37.121601840228145 ], [ -7.917212113837402, 37.121936610240397 ], [ -7.917275604996177, 37.122224243932514 ], [ -7.917323518498991, 37.122335905155126 ], [ -7.91729643177638, 37.122438848140128 ], [ -7.917194451982215, 37.122494449009181 ], [ -7.916990578465961, 37.122575612836926 ], [ -7.916819053892022, 37.122588173510174 ], [ -7.916642462960134, 37.122497734202199 ], [ -7.915685423052352, 37.121719254844777 ], [ -7.91477649656071, 37.120988060244727 ], [ -7.91462613945067, 37.12109506642237 ], [ -7.914539558218846, 37.121386715809621 ], [ -7.914505990991868, 37.121567604311728 ], [ -7.914519870170786, 37.121710674408092 ], [ -7.914602385102704, 37.121901789497791 ], [ -7.914564670395943, 37.121971811795191 ], [ -7.914484075713157, 37.122044615886544 ], [ -7.914210570489029, 37.122112772138699 ], [ -7.913926334464678, 37.122185199678505 ], [ -7.913851110861025, 37.122253721507292 ], [ -7.913647544157909, 37.122227597011943 ], [ -7.913277877897421, 37.122191150795558 ], [ -7.912972813690573, 37.122053262899314 ], [ -7.912651586070975, 37.12194538286559 ], [ -7.912528342053399, 37.121940862771446 ], [ -7.912431781263348, 37.121975013538524 ], [ -7.912404276930139, 37.12221956732639 ], [ -7.912350313370878, 37.122348206081064 ], [ -7.912328540953515, 37.122464031288516 ], [ -7.912311948257601, 37.122641374423331 ], [ -7.912322092949519, 37.122838794347352 ], [ -7.912294787378311, 37.123014686631116 ], [ -7.912283570697944, 37.123186318916702 ], [ -7.91228858014533, 37.12330648483794 ], [ -7.912050203419597, 37.123309742161688 ], [ -7.911919463865205, 37.123309551474989 ], [ -7.911859596234851, 37.123164608498634 ], [ -7.9116309566857, 37.123006475048143 ], [ -7.911386249863668, 37.122845093414185 ], [ -7.911281814523098, 37.122822368804577 ], [ -7.911177313474322, 37.122822173229267 ], [ -7.911020336803833, 37.122899122797676 ], [ -7.910919864463493, 37.122895715949284 ], [ -7.910883916746773, 37.122818405047589 ], [ -7.910820002725976, 37.122683108830621 ], [ -7.910775923427777, 37.122637967675772 ], [ -7.910679565005354, 37.122602383310223 ], [ -7.910567129124419, 37.122566768688408 ], [ -7.910398047049401, 37.122659787677101 ], [ -7.910337664103333, 37.122691859259028 ], [ -7.910068326510603, 37.122707444921502 ], [ -7.909835874766019, 37.122897341372386 ], [ -7.909822885386668, 37.122913988354703 ], [ -7.909824857497576, 37.122970848167547 ], [ -7.909887514583818, 37.123828747192313 ], [ -7.909949019774768, 37.124686975484074 ], [ -7.909628647602292, 37.124688085817418 ], [ -7.909631997551973, 37.124697281157708 ], [ -7.909637121586354, 37.124714682205116 ], [ -7.909642552939278, 37.124743528214005 ], [ -7.909644184911476, 37.124763711464034 ], [ -7.909642865188339, 37.124791190451738 ], [ -7.909634537055455, 37.124828660714577 ], [ -7.909628617244183, 37.124853427845991 ], [ -7.909620186833449, 37.12492568069063 ], [ -7.909617047176901, 37.124960543148553 ], [ -7.909610377791005, 37.125009460917482 ], [ -7.909605693121446, 37.125035131436952 ], [ -7.909591756415027, 37.125065738548962 ], [ -7.909576166060908, 37.125088507811704 ], [ -7.90956114199925, 37.125108120820755 ], [ -7.909545547462991, 37.125129627684295 ], [ -7.909535701020508, 37.125148802626072 ], [ -7.909525157333576, 37.125176626441963 ], [ -7.909519237803576, 37.125198598474292 ], [ -7.909517928883075, 37.125222386731195 ], [ -7.909519544448468, 37.125248522362249 ], [ -7.909521055784438, 37.125269158618593 ], [ -7.90946593667233, 37.125300498993788 ], [ -7.909147266467971, 37.125642759388676 ], [ -7.90851943057238, 37.12634106916569 ], [ -7.908501593140493, 37.126359775644509 ], [ -7.908430227103556, 37.12633044783086 ], [ -7.908376284645716, 37.126305568204629 ], [ -7.908311559845099, 37.126273725431815 ], [ -7.908249767746353, 37.126239188606519 ], [ -7.90819764879395, 37.126208095034627 ], [ -7.90816609302568, 37.126185235610834 ], [ -7.908114403542021, 37.12616000331964 ], [ -7.908055835992044, 37.126138266681735 ], [ -7.907988858198866, 37.126107320516539 ], [ -7.90791950686894, 37.12608142025347 ], [ -7.907827440208104, 37.126047908772826 ], [ -7.907780355970483, 37.126026374932849 ], [ -7.907730332620985, 37.126007444059098 ], [ -7.907649365009032, 37.125988730945139 ], [ -7.907563463137919, 37.125965412074848 ], [ -7.907528730880279, 37.125951289435385 ], [ -7.907454054096839, 37.125938172034886 ], [ -7.90740781263824, 37.125933396688076 ], [ -7.907311415712759, 37.125920509965255 ], [ -7.907266303105676, 37.125916819788976 ], [ -7.907223439485776, 37.125911783189821 ], [ -7.907171038433614, 37.12589933879525 ], [ -7.907106720288184, 37.125883536832106 ], [ -7.907051379407758, 37.12587469102553 ], [ -7.906986363714785, 37.125865287905476 ], [ -7.906921789408844, 37.125859581745374 ], [ -7.906780823518983, 37.125847959339204 ], [ -7.906710084346536, 37.125832593630918 ], [ -7.906646901309736, 37.125813551567454 ], [ -7.906591833156686, 37.125789123113009 ], [ -7.906543065318389, 37.125764790472346 ], [ -7.906496687329538, 37.125732261820694 ], [ -7.906456870638173, 37.125687403858016 ], [ -7.906420867614345, 37.125648590284939 ], [ -7.906400127247065, 37.125621789103242 ], [ -7.906364525017498, 37.125598022201402 ], [ -7.906254815331719, 37.125558347634936 ], [ -7.906218094606679, 37.125532326796396 ], [ -7.906188808903581, 37.125503616092757 ], [ -7.906170323029803, 37.125477811254193 ], [ -7.906165833480487, 37.125435090549573 ], [ -7.906165398740535, 37.12539111792281 ], [ -7.90615362156118, 37.125342441667634 ], [ -7.906129642521162, 37.125307433677804 ], [ -7.906096567873392, 37.125266731579757 ], [ -7.906055930216716, 37.125232415226897 ], [ -7.906008556913919, 37.125193847364571 ], [ -7.9059621810558, 37.125160421949488 ], [ -7.905890549205447, 37.125107034656359 ], [ -7.905472395154792, 37.125179938409026 ], [ -7.904930440155898, 37.125524549092297 ], [ -7.903828415237184, 37.125530181042215 ], [ -7.904114624226553, 37.126039470714439 ], [ -7.903731774273663, 37.126197051547933 ], [ -7.903739202895826, 37.126234189642219 ], [ -7.903597161526399, 37.12627941743024 ], [ -7.903548542662706, 37.126283473583939 ], [ -7.903479205436761, 37.126288741162995 ], [ -7.903396833609163, 37.1262907008798 ], [ -7.903285733989211, 37.126336126106409 ], [ -7.903253506738807, 37.126350842832032 ], [ -7.903198175525159, 37.126376413980843 ], [ -7.902995461973932, 37.126466759340275 ], [ -7.902789175303056, 37.126527689477037 ], [ -7.902732815437264, 37.126556546381089 ], [ -7.90282508725471, 37.126614658477067 ], [ -7.902740236838948, 37.126691710960039 ], [ -7.90252747896769, 37.126863494619336 ], [ -7.902458398071047, 37.126916483194094 ], [ -7.90228989262493, 37.126813163952967 ], [ -7.902153343066985, 37.126668047936818 ], [ -7.901864101698191, 37.126722216352697 ], [ -7.901783105966094, 37.126701138400485 ], [ -7.90104529170068, 37.12676194713567 ], [ -7.90086176713765, 37.126756815725962 ], [ -7.900672628854761, 37.126749326662797 ], [ -7.900441879143592, 37.126731756564709 ], [ -7.900294244393074, 37.126729933121325 ], [ -7.900052914184765, 37.126934544041958 ], [ -7.899967886547675, 37.127028719749042 ], [ -7.898873822152794, 37.127000530574165 ], [ -7.898707228613899, 37.127016601510114 ], [ -7.897653723112434, 37.126790970495861 ], [ -7.897781622378579, 37.12720778493766 ], [ -7.89781215826108, 37.127340752036446 ], [ -7.897679010616724, 37.127385541640251 ], [ -7.897381434800383, 37.127361701136799 ], [ -7.897321861286186, 37.127375459904293 ], [ -7.897393201714159, 37.127602114966031 ], [ -7.89732341315624, 37.127585481363276 ], [ -7.897170851957406, 37.127527245027075 ], [ -7.896978135685578, 37.12745605506263 ], [ -7.896733095545097, 37.127407288793158 ], [ -7.896359331597741, 37.127390450916607 ], [ -7.896062027893679, 37.127344798367417 ], [ -7.896232321529587, 37.127192995520844 ], [ -7.896262174964478, 37.127184048162299 ], [ -7.896673140392145, 37.127148280016733 ], [ -7.896730139814335, 37.126802115052925 ], [ -7.896826161005984, 37.126174357033022 ], [ -7.896628469102817, 37.126129176513757 ], [ -7.896417949004205, 37.126083976361286 ], [ -7.896204160837266, 37.126020139866256 ], [ -7.895908335962563, 37.126000336821996 ], [ -7.89591642190327, 37.125897360814967 ], [ -7.895986259061104, 37.125837939479553 ], [ -7.896068151653559, 37.125774489234196 ], [ -7.896116689916714, 37.125727730194313 ], [ -7.89615835482725, 37.125681318722073 ], [ -7.896217422506941, 37.125613584157541 ], [ -7.896260519066849, 37.125541043834041 ], [ -7.896298020244168, 37.125458493241169 ], [ -7.896343080993118, 37.125370911790171 ], [ -7.896367566270609, 37.125275897829582 ], [ -7.896326219398715, 37.125292934517816 ], [ -7.896308972738157, 37.125302453121236 ], [ -7.896259645548847, 37.125313975570329 ], [ -7.896173759952596, 37.125322908276452 ], [ -7.896114899522419, 37.125324230521606 ], [ -7.896030288253272, 37.125321811398976 ], [ -7.89596346301425, 37.125316270476844 ], [ -7.895899569713539, 37.125308394426533 ], [ -7.895842989679133, 37.125300169850725 ], [ -7.895802495075436, 37.125295763706234 ], [ -7.895757945221527, 37.125291259322978 ], [ -7.895680872862432, 37.125289036157483 ], [ -7.895638213489564, 37.125291383580432 ], [ -7.895581705473639, 37.125298657276851 ], [ -7.895514149064863, 37.125309967184073 ], [ -7.895456831623944, 37.125322379752788 ], [ -7.895348134794593, 37.125357302293807 ], [ -7.895273651736416, 37.125389589293214 ], [ -7.895198361145888, 37.125428909209553 ], [ -7.895142003021955, 37.12545870952593 ], [ -7.895066390527949, 37.125492258315994 ], [ -7.894986277085819, 37.125525707910981 ], [ -7.89489670434676, 37.125561660515174 ], [ -7.894827168228446, 37.125594500512172 ], [ -7.894762134059916, 37.125627440526436 ], [ -7.894706343613377, 37.125656612834845 ], [ -7.894656494592559, 37.12569156205636 ], [ -7.894628956266649, 37.125718812419656 ], [ -7.894613760571414, 37.125756353396277 ], [ -7.89455473371993, 37.125841424556533 ], [ -7.894484902759346, 37.125892779661619 ], [ -7.894371177987156, 37.125924819499524 ], [ -7.894289527302422, 37.125910415577017 ], [ -7.894146194577034, 37.125898775184254 ], [ -7.894035949201121, 37.125889636013937 ], [ -7.893938321151531, 37.125872859572901 ], [ -7.893822484560226, 37.125851812214691 ], [ -7.893722740115484, 37.125828182359143 ], [ -7.893668546873712, 37.12581275758216 ], [ -7.893580318241198, 37.125778970676528 ], [ -7.8934988207229, 37.125751773253647 ], [ -7.893430466788548, 37.125730639457231 ], [ -7.893354701505821, 37.125706700948143 ], [ -7.893263098996333, 37.125671642794323 ], [ -7.893194067997861, 37.125651862687633 ], [ -7.893140977537238, 37.125643644785633 ], [ -7.893091534938304, 37.125621289388093 ], [ -7.893010168838769, 37.12558679600339 ], [ -7.892946726290371, 37.125579458109513 ], [ -7.892836044289801, 37.125564818664415 ], [ -7.892784617679879, 37.125563542145521 ], [ -7.892717104991978, 37.125562957440486 ], [ -7.89266217881011, 37.125566628707297 ], [ -7.892582591015908, 37.125576562750432 ], [ -7.892503001045594, 37.125584689207116 ], [ -7.892435044843374, 37.125580947024268 ], [ -7.892369346052433, 37.125575410868578 ], [ -7.89230027628064, 37.125567971095656 ], [ -7.892144930404227, 37.125549363909343 ], [ -7.892090140996804, 37.12554573839634 ], [ -7.892019814896121, 37.125543794180743 ], [ -7.891975686910967, 37.125548930588096 ], [ -7.891944847583597, 37.12555193416857 ], [ -7.891882366184941, 37.125560549144957 ], [ -7.891817610746756, 37.125576544556701 ], [ -7.891690364339753, 37.125604850941102 ], [ -7.891609490787069, 37.125629464502559 ], [ -7.891543477659202, 37.125651318604476 ], [ -7.891467093823327, 37.125677744239887 ], [ -7.891391254601859, 37.125713363561253 ], [ -7.891298176400653, 37.125753359267677 ], [ -7.891219381284358, 37.125796270142629 ], [ -7.891179160942534, 37.125811056480075 ], [ -7.891071101414671, 37.12585598087378 ], [ -7.891013750708558, 37.125878482205977 ], [ -7.890978705835721, 37.125892826711159 ], [ -7.890932745762233, 37.125908503203789 ], [ -7.890900080897014, 37.125917897612858 ], [ -7.890851875930592, 37.125932124185674 ], [ -7.89080773155852, 37.125942306065689 ], [ -7.89076540548493, 37.12594654464349 ], [ -7.890732210608218, 37.125946749803632 ], [ -7.890693943398343, 37.125947844742669 ], [ -7.890631599927822, 37.125948704809552 ], [ -7.890576148158575, 37.125939583473063 ], [ -7.890523607710109, 37.125936410565259 ], [ -7.890459727409454, 37.125924477737101 ], [ -7.890394176111713, 37.125907945141293 ], [ -7.890326260598679, 37.125891406766499 ], [ -7.890192102060267, 37.125901226534495 ], [ -7.890036684038254, 37.125900907976956 ], [ -7.889747106281224, 37.125956101280494 ], [ -7.889484282678422, 37.126075757597725 ], [ -7.889442907736409, 37.126098828930715 ], [ -7.88941276573013, 37.12612922463709 ], [ -7.889388465073387, 37.126163861924596 ], [ -7.889349045082626, 37.126208924932577 ], [ -7.889336820481032, 37.12623079828051 ], [ -7.889300597146129, 37.126298752990408 ], [ -7.889274056127882, 37.126363484684887 ], [ -7.889260961080479, 37.126411481594204 ], [ -7.889252489230045, 37.126457238963475 ], [ -7.889255241564552, 37.12651131188322 ], [ -7.889270398894539, 37.126592889971732 ], [ -7.889288691740013, 37.126643836634088 ], [ -7.889296048608933, 37.126701156532832 ], [ -7.889294151166655, 37.126765756892389 ], [ -7.889286649890431, 37.126824315826816 ], [ -7.889272847986445, 37.126883213214946 ], [ -7.889241268205474, 37.126940728748039 ], [ -7.889215701558777, 37.126981223890226 ], [ -7.88920037883508, 37.127022369944541 ], [ -7.889179177796408, 37.127072515410681 ], [ -7.889167905354154, 37.127113221065571 ], [ -7.889148542145819, 37.1271510248731 ], [ -7.889120029208473, 37.127198905331632 ], [ -7.889090991128294, 37.127235789057181 ], [ -7.889071203248882, 37.127264940892523 ], [ -7.889054361875033, 37.127289054652046 ], [ -7.889053257590359, 37.127492781315446 ], [ -7.889102647520737, 37.127566953779535 ], [ -7.889156948943945, 37.127619595571481 ], [ -7.889171763600356, 37.127631610163725 ], [ -7.889185055688529, 37.127663262041885 ], [ -7.88913259556975, 37.127688349550418 ], [ -7.889007131152336, 37.127748347911108 ], [ -7.888862152271197, 37.127833875333614 ], [ -7.888855468457747, 37.128245827396583 ], [ -7.888824447684053, 37.128311558925446 ], [ -7.88880705298368, 37.128331618534268 ], [ -7.888772005107334, 37.12834641560606 ], [ -7.888660624657819, 37.128338704486332 ], [ -7.888592623212982, 37.128318238123065 ], [ -7.888195917547838, 37.128351749636124 ], [ -7.888144448080306, 37.128368099363101 ], [ -7.888108647238174, 37.128407672947738 ], [ -7.887980749145563, 37.128391548990571 ], [ -7.88783004868646, 37.128362764673426 ], [ -7.887666863170572, 37.128330350074258 ], [ -7.887548910540446, 37.128300103194704 ], [ -7.886974625395393, 37.128147528659824 ], [ -7.886874336631172, 37.128292688502221 ], [ -7.886814258700645, 37.128344267458473 ], [ -7.886768423595965, 37.128353996487434 ], [ -7.886648906263888, 37.128356271946124 ], [ -7.886423075947466, 37.128349494813975 ], [ -7.886082899228374, 37.128345008315861 ], [ -7.885925695052829, 37.128343236239203 ], [ -7.885814736677921, 37.12834147483111 ], [ -7.885620059023899, 37.128344790854761 ], [ -7.885292925133904, 37.128374451579653 ], [ -7.885208864281992, 37.128373824397478 ], [ -7.885125128411718, 37.128504680587739 ], [ -7.884819778488661, 37.128462201613246 ], [ -7.884550615517692, 37.12841657824066 ], [ -7.88394304022797, 37.128605193191518 ], [ -7.883733948719131, 37.128627283655902 ], [ -7.883199218528905, 37.128664778867176 ], [ -7.882704653048955, 37.128712012273454 ], [ -7.882049579623405, 37.128675224125118 ], [ -7.881744177560212, 37.128648829159275 ], [ -7.881374558720169, 37.12859333067275 ], [ -7.881262127880956, 37.128557688311489 ], [ -7.881133726200133, 37.128489826920806 ], [ -7.881001358437876, 37.128405864917774 ], [ -7.880881632361642, 37.128348214498281 ], [ -7.880624465978345, 37.128321919266135 ], [ -7.880351108009254, 37.128329919358947 ], [ -7.879927815708228, 37.128298976553523 ], [ -7.87962218693298, 37.128341236444562 ], [ -7.879026848198328, 37.128472992732291 ], [ -7.878779281917886, 37.128781436379619 ], [ -7.878549013093908, 37.128725154797444 ], [ -7.878083002434312, 37.128646909818748 ], [ -7.877691909056039, 37.128603154843368 ], [ -7.877434627469627, 37.128611182844402 ], [ -7.877241443166632, 37.128683718596093 ], [ -7.876951585355211, 37.12881612247714 ], [ -7.87636049659944, 37.129274014195509 ], [ -7.875884742696782, 37.129673909600868 ], [ -7.875702885714445, 37.129806512248855 ], [ -7.875502285028884, 37.129959079221521 ], [ -7.875299830076897, 37.130126238089268 ], [ -7.875191382428507, 37.130214307884216 ], [ -7.874891586265116, 37.130513259518423 ], [ -7.874634353828469, 37.130769232520983 ], [ -7.874223747951874, 37.131189227041432 ], [ -7.874173305104669, 37.131228495892536 ], [ -7.874091782324796, 37.1313289058156 ], [ -7.873893066763544, 37.131448628699182 ], [ -7.87377835163675, 37.131411723590155 ], [ -7.873731280794723, 37.131419454423131 ], [ -7.873687267082564, 37.131423055161797 ], [ -7.873660518076981, 37.131413087666907 ], [ -7.873565925696579, 37.131264925673968 ], [ -7.873546320393698, 37.13123856999816 ], [ -7.873501761626176, 37.131238024599327 ], [ -7.873442775222024, 37.131241501450354 ], [ -7.873396835029422, 37.131249687860603 ], [ -7.87335325780613, 37.131255993512433 ], [ -7.873299161622866, 37.131278759183154 ], [ -7.873247736693704, 37.131311178332652 ], [ -7.873207251834829, 37.131334965864227 ], [ -7.873156127967517, 37.131378377662749 ], [ -7.873111561686814, 37.131411255113612 ], [ -7.87306532453157, 37.13144008042039 ], [ -7.873013924105839, 37.131463306007468 ], [ -7.872962086445042, 37.131483734623949 ], [ -7.872879420470835, 37.131503019682434 ], [ -7.872804871406807, 37.131517181960334 ], [ -7.872744066034033, 37.131526599661704 ], [ -7.872677928956556, 37.131548710562271 ], [ -7.872603947102435, 37.13156251623893 ], [ -7.872542593471731, 37.131568690618749 ], [ -7.872499565317277, 37.131578239176044 ], [ -7.872459378868729, 37.131582832730572 ], [ -7.872421682999946, 37.13158149106107 ], [ -7.87238300273822, 37.131571855662195 ], [ -7.872353015051168, 37.131552686335326 ], [ -7.87232303691127, 37.131532706969075 ], [ -7.87229416560744, 37.131518137290321 ], [ -7.87226796339499, 37.13151186232669 ], [ -7.872238833240716, 37.131506481072869 ], [ -7.872199325143149, 37.131509189212842 ], [ -7.872145246883083, 37.131526910261783 ], [ -7.87212043906547, 37.131541270802657 ], [ -7.872093690308447, 37.131564372751178 ], [ -7.872078404360788, 37.131591186170169 ], [ -7.872047457447833, 37.131622930839974 ], [ -7.872022496183458, 37.13164918411028 ], [ -7.871983278650674, 37.131666216965414 ], [ -7.871960845743141, 37.131675543977423 ], [ -7.871917711692225, 37.131685085782415 ], [ -7.871861528996959, 37.131692263269223 ], [ -7.871819348356791, 37.131687664105172 ], [ -7.871785163581953, 37.131678490752002 ], [ -7.87173962882312, 37.131667484839127 ], [ -7.871706567593444, 37.131658852774223 ], [ -7.871684419279054, 37.131653486779591 ], [ -7.871654151017001, 37.131651799019593 ], [ -7.871612268786868, 37.13165729591384 ], [ -7.871582976978323, 37.131666511310797 ], [ -7.871550192363912, 37.131676262333066 ], [ -7.871515167343896, 37.131682670876955 ], [ -7.871476772600907, 37.131689167485831 ], [ -7.871399585872185, 37.131685482975016 ], [ -7.871352647934295, 37.131687182362846 ], [ -7.871326869166402, 37.131689647505112 ], [ -7.871286650677422, 37.131701543680428 ], [ -7.87125261821046, 37.131715792657737 ], [ -7.871225559819698, 37.131729700212439 ], [ -7.871196697430243, 37.131743604676281 ], [ -7.871163918252874, 37.131753713324208 ], [ -7.871132944648489, 37.131759772085374 ], [ -7.871103677009009, 37.131763581058465 ], [ -7.87105910966025, 37.131763482548756 ], [ -7.871027041031105, 37.131762690807506 ], [ -7.870989346658208, 37.13176089725485 ], [ -7.870956280383299, 37.13175406708924 ], [ -7.870915221506193, 37.131748568123442 ], [ -7.870875144059209, 37.13175217652325 ], [ -7.870841815868975, 37.131757328939969 ], [ -7.870814332574433, 37.131765198360213 ], [ -7.870798655306688, 37.131774171565795 ], [ -7.870724214593321, 37.131823583131315 ], [ -7.870648169736508, 37.131814120360325 ], [ -7.870629684150868, 37.131789659811595 ], [ -7.87061637886767, 37.131763860943195 ], [ -7.87060018247559, 37.131727960197679 ], [ -7.870576988630679, 37.131699168632807 ], [ -7.870549953632905, 37.131673697971635 ], [ -7.870524591107046, 37.131653727473385 ], [ -7.870480316666626, 37.131634345815073 ], [ -7.870434639573209, 37.131629743818657 ], [ -7.870396126755032, 37.131637497695259 ], [ -7.870357722092471, 37.131644889573032 ], [ -7.870302090904651, 37.13165657013856 ], [ -7.870259635043821, 37.13166422422222 ], [ -7.870199689340792, 37.131686891706167 ], [ -7.870162702051193, 37.131708435104159 ], [ -7.870137753012219, 37.131730634135444 ], [ -7.870120803773259, 37.131751049690457 ], [ -7.870098116244507, 37.131770465851432 ], [ -7.870078501384051, 37.131812862244509 ], [ -7.870059140892389, 37.131845164626405 ], [ -7.870004684716236, 37.131908118857737 ], [ -7.869977597729394, 37.131963026982902 ], [ -7.869959120619805, 37.132001820740264 ], [ -7.869944727268933, 37.132030619995582 ], [ -7.869940021996738, 37.132056293355355 ], [ -7.869939913603947, 37.132087918507494 ], [ -7.869950094648454, 37.132106233521462 ], [ -7.869969432165925, 37.132144301165695 ], [ -7.869980674337631, 37.13217955665197 ], [ -7.869981724719235, 37.132201546641426 ], [ -7.869967352356202, 37.132223951124672 ], [ -7.869955256725521, 37.132239512606709 ], [ -7.869921274595174, 37.132304400863859 ], [ -7.869898342122695, 37.132329489512124 ], [ -7.869883999228295, 37.132343697110549 ], [ -7.869862227518774, 37.132358245030254 ], [ -7.869836447843039, 37.132360892760744 ], [ -7.869811801372835, 37.132361286749273 ], [ -7.869778192297801, 37.132349319009947 ], [ -7.86973647718772, 37.132338592933451 ], [ -7.869699873976246, 37.1323472527855 ], [ -7.869667777310783, 37.132354481846782 ], [ -7.869633889661809, 37.132390085791883 ], [ -7.869598287260509, 37.132434340593015 ], [ -7.8695797729611, 37.1324837694116 ], [ -7.869568136975597, 37.132527714351696 ], [ -7.869569152562915, 37.132559704225457 ], [ -7.869565559795875, 37.132591321628034 ], [ -7.869545982671774, 37.132622365560373 ], [ -7.869529166656726, 37.132700633853929 ], [ -7.869514025326955, 37.132750965812704 ], [ -7.869508168712787, 37.132784385704056 ], [ -7.869509796303843, 37.132803129560067 ], [ -7.869532945904134, 37.132877428341722 ], [ -7.869556142239578, 37.132937940109848 ], [ -7.869569751476306, 37.132972753066205 ], [ -7.869571919788485, 37.132996543155251 ], [ -7.869563785708646, 37.133039595717598 ], [ -7.869543067556179, 37.133074784687182 ], [ -7.869516638733962, 37.133101306278242 ], [ -7.869493065216664, 37.133116752081861 ], [ -7.86947255290586, 37.133125356636484 ], [ -7.869454715227911, 37.13314090619555 ], [ -7.869439790587176, 37.133161506362299 ], [ -7.869429316896943, 37.133196713591474 ], [ -7.869433860578598, 37.133217357059522 ], [ -7.869441780518732, 37.133237021376772 ], [ -7.869478782599167, 37.133277017003081 ], [ -7.86949063829806, 37.133298577789198 ], [ -7.86950370724528, 37.133325640438031 ], [ -7.86949448856118, 37.133356258663646 ], [ -7.869467932269381, 37.13341981260217 ], [ -7.869440161120736, 37.133478317898863 ], [ -7.869421699422887, 37.133512159372962 ], [ -7.869398062755263, 37.133578513973667 ], [ -7.869368047177987, 37.133632871187459 ], [ -7.86934726797759, 37.133685899157605 ], [ -7.86933630835191, 37.133698306688544 ], [ -7.86931747639383, 37.133710073167428 ], [ -7.869289892277467, 37.133744789071237 ], [ -7.869279971872739, 37.133782342972502 ], [ -7.869267875218622, 37.13379970739728 ], [ -7.869267207462742, 37.133828989440666 ], [ -7.869276172451671, 37.133873428918974 ], [ -7.869302085862543, 37.133961434491582 ], [ -7.869304938550046, 37.133983877218569 ], [ -7.869300783595169, 37.134012698267952 ], [ -7.869281709812926, 37.134061677053204 ], [ -7.869235018115279, 37.134155372505873 ], [ -7.869204359938154, 37.134233604512396 ], [ -7.86917265418638, 37.134289404107498 ], [ -7.869148535482709, 37.134331428072933 ], [ -7.869108881067022, 37.134376121514322 ], [ -7.869073374168027, 37.134392533620868 ], [ -7.869033842540272, 37.134401548965641 ], [ -7.868994347081829, 37.134398212656805 ], [ -7.868942962108966, 37.134385304918879 ], [ -7.868907326207093, 37.13437342342575 ], [ -7.868868068431279, 37.134367117713076 ], [ -7.868829369665344, 37.134362526147413 ], [ -7.868793366379978, 37.134360824870186 ], [ -7.868765215037371, 37.134364996175108 ], [ -7.868733134497734, 37.134365378766638 ], [ -7.868708629878075, 37.134357484897365 ], [ -7.868688079673986, 37.13434419168582 ], [ -7.868637822106807, 37.134330741189565 ], [ -7.868586425774097, 37.134319187563932 ], [ -7.868539536642148, 37.134308000795002 ], [ -7.868471476107789, 37.134300010559336 ], [ -7.868405187466369, 37.134299320118501 ], [ -7.868324492486741, 37.13430049419236 ], [ -7.868274190420647, 37.134299838484836 ], [ -7.868230218146628, 37.13429099996327 ], [ -7.868173064479889, 37.134285827210675 ], [ -7.868118137321757, 37.134287960691296 ], [ -7.868060944077479, 37.134294137539271 ], [ -7.867990596429484, 37.13429623558018 ], [ -7.867891093473313, 37.134299619040974 ], [ -7.867829879562055, 37.134297589845303 ], [ -7.867776651626799, 37.134295577592162 ], [ -7.867646904542061, 37.134291053933097 ], [ -7.867596623266055, 37.134284451894295 ], [ -7.867553099440432, 37.13427516539857 ], [ -7.86748520148433, 37.134252577800339 ], [ -7.867459461540629, 37.134243331118071 ], [ -7.867414985241671, 37.134217100720115 ], [ -7.867366414302508, 37.134203205638855 ], [ -7.867307048476737, 37.134188294267091 ], [ -7.867260720878255, 37.134177200159648 ], [ -7.867224750379206, 37.134164234337227 ], [ -7.867184173795071, 37.13414990568117 ], [ -7.867157429164432, 37.134137051541174 ], [ -7.867144311078142, 37.134124227968684 ], [ -7.867132883483019, 37.134108160769948 ], [ -7.867099851499754, 37.13409295065653 ], [ -7.867057581894707, 37.134079070489712 ], [ -7.867027768858991, 37.13407665721661 ], [ -7.866990627908261, 37.134076573844162 ], [ -7.866926611116702, 37.134072196937915 ], [ -7.866876303718221, 37.134071182904933 ], [ -7.866829972734822, 37.134060450847414 ], [ -7.86678493315001, 37.134035119105782 ], [ -7.866757528585365, 37.134018567247495 ], [ -7.866721607149757, 37.133993256869772 ], [ -7.8667016473503, 37.13397122887033 ], [ -7.866667480318696, 37.133958805765161 ], [ -7.866640610428441, 37.133950906152144 ], [ -7.866609675184744, 37.133947594598389 ], [ -7.866570837373908, 37.133950659185267 ], [ -7.86653817365172, 37.133957887021658 ], [ -7.866488942122544, 37.133971019171973 ], [ -7.866431724624856, 37.133984137841914 ], [ -7.866367619379971, 37.134004990996964 ], [ -7.866109505913219, 37.134052707597078 ], [ -7.8656113021327, 37.133917510401538 ], [ -7.865529290486103, 37.133973099980281 ], [ -7.865168997279754, 37.134076965826473 ], [ -7.864746266605457, 37.134151550787024 ], [ -7.864784908775545, 37.13420425922056 ], [ -7.864598784212388, 37.134261415462767 ], [ -7.864304579405731, 37.134331483647301 ], [ -7.864276901714861, 37.134233836167631 ], [ -7.86424191883166, 37.134217016048225 ], [ -7.864201492272542, 37.134281294219441 ], [ -7.864133197626042, 37.134293796455907 ], [ -7.864110201124168, 37.134303835236338 ], [ -7.864082772804969, 37.134294130757503 ], [ -7.864056068419945, 37.134271633775398 ], [ -7.864028120650021, 37.134250035024088 ], [ -7.864010913240849, 37.134246754853507 ], [ -7.863917144766624, 37.134252845767165 ], [ -7.863767176226615, 37.134270260488826 ], [ -7.863722033733548, 37.134274210875844 ], [ -7.863692341997644, 37.134267749481594 ], [ -7.86363229743855, 37.134253374462645 ], [ -7.863587782661285, 37.134238047162299 ], [ -7.86355868134353, 37.134224734521567 ], [ -7.863520526825278, 37.134194372166867 ], [ -7.86347055639884, 37.13416245202415 ], [ -7.863405757404858, 37.134122925622002 ], [ -7.863364553508625, 37.134096252423959 ], [ -7.863323482942022, 37.134061830405436 ], [ -7.863283991048631, 37.13402750207181 ], [ -7.863268231170168, 37.133995655202462 ], [ -7.863260635468086, 37.133979238633522 ], [ -7.863243083225163, 37.133915585694723 ], [ -7.863228419783455, 37.133861490557869 ], [ -7.863202954799045, 37.133805116375278 ], [ -7.863174588317804, 37.133744047368296 ], [ -7.863145608098371, 37.133696404541979 ], [ -7.8631132878601, 37.13363857393297 ], [ -7.863084880506821, 37.133589044676611 ], [ -7.863046227033339, 37.133539936293268 ], [ -7.863005758364534, 37.133493980171913 ], [ -7.862960229774229, 37.133449003670769 ], [ -7.862904939661389, 37.13339382473378 ], [ -7.862854893205539, 37.133351541972772 ], [ -7.862800668408036, 37.133315197555653 ], [ -7.862752129674746, 37.133292650487682 ], [ -7.862705934280293, 37.133276055736822 ], [ -7.862670537483531, 37.133261287722455 ], [ -7.862639628672173, 37.133248780783639 ], [ -7.86262150089692, 37.133219909126609 ], [ -7.862601631212351, 37.133174537797956 ], [ -7.862578375218549, 37.133130423825158 ], [ -7.862547109682776, 37.133094220889511 ], [ -7.862522006270884, 37.133063887996137 ], [ -7.862466246873687, 37.13301519360629 ], [ -7.862407348502001, 37.132993432796781 ], [ -7.862348550660853, 37.132977263261132 ], [ -7.862267295457575, 37.132976533402406 ], [ -7.862189543581772, 37.132972665896169 ], [ -7.862147821505503, 37.13296473132084 ], [ -7.862082679099913, 37.132958546207227 ], [ -7.862024403407767, 37.13295471861408 ], [ -7.861976931229573, 37.13294911088046 ], [ -7.861936349052482, 37.132935232746952 ], [ -7.861859916076623, 37.13290838742288 ], [ -7.86179075013627, 37.132895345791958 ], [ -7.86170103934154, 37.132867659021535 ], [ -7.861638733072699, 37.132856435125845 ], [ -7.861574734233513, 37.132847095039899 ], [ -7.861519295985415, 37.132834083793107 ], [ -7.861435274947818, 37.132821007019189 ], [ -7.861379392057401, 37.132807093628578 ], [ -7.861330228853708, 37.132801397060284 ], [ -7.86127016623769, 37.132792519067095 ], [ -7.861162740938433, 37.132778935195546 ], [ -7.861088381964171, 37.132770478446815 ], [ -7.861040903839889, 37.132766583238777 ], [ -7.86099859478631, 37.132764236183355 ], [ -7.860959793500721, 37.132757208953855 ], [ -7.860916356161813, 37.132755668430157 ], [ -7.86087405504184, 37.132751423717444 ], [ -7.860813364102571, 37.132761827622097 ], [ -7.860724045668966, 37.13278117991841 ], [ -7.860658270245013, 37.132795625926747 ], [ -7.860615949405529, 37.132796878439912 ], [ -7.860575873179265, 37.132801741236968 ], [ -7.860540990126466, 37.132799858916897 ], [ -7.860487208974211, 37.132796492333227 ], [ -7.860447273922485, 37.13279180418202 ], [ -7.860410589569442, 37.132790733139174 ], [ -7.860327727015366, 37.132798292505328 ], [ -7.860212664979852, 37.132811632776423 ], [ -7.860106294177263, 37.132818145801494 ], [ -7.860036487283074, 37.132825735029918 ], [ -7.859959311805078, 37.132819072302837 ], [ -7.859909558457737, 37.132821662630818 ], [ -7.859879160310387, 37.132824744476338 ], [ -7.859844953764585, 37.132823764570105 ], [ -7.859820328489001, 37.132818210438984 ], [ -7.859714551216038, 37.132811450975254 ], [ -7.859587355038041, 37.132727209461507 ], [ -7.859561485200775, 37.132755084410903 ], [ -7.859147284103939, 37.132675015783164 ], [ -7.859042369064768, 37.132621784674171 ], [ -7.858994396557224, 37.132597445169559 ], [ -7.858894770658886, 37.132699034468139 ], [ -7.858821457344683, 37.132805367371191 ], [ -7.858748042523123, 37.132942252210348 ], [ -7.858668311211841, 37.133082995130174 ], [ -7.858510226548249, 37.133384664112356 ], [ -7.858483164296293, 37.133430284224076 ], [ -7.858465633242997, 37.13345439289791 ], [ -7.858449721348081, 37.13346706457142 ], [ -7.858430648154945, 37.133480982291104 ], [ -7.858413199750744, 37.133483464825751 ], [ -7.858392600262008, 37.133484680374643 ], [ -7.858375159917326, 37.133483376671457 ], [ -7.858357729004737, 37.133479464421086 ], [ -7.858296082947279, 37.133440033541426 ], [ -7.858120291067358, 37.133293217270186 ], [ -7.857980017214786, 37.133177026381446 ], [ -7.857932164877059, 37.133070705651413 ], [ -7.857876190107705, 37.132986895227894 ], [ -7.857712148732043, 37.132774094919846 ], [ -7.857419662803374, 37.13250950019264 ], [ -7.857139108870127, 37.132280335137203 ], [ -7.857035285082538, 37.132090203231918 ], [ -7.857241121446524, 37.131862171038406 ], [ -7.85751140032407, 37.131598883881793 ], [ -7.857290760404323, 37.131476069019079 ], [ -7.857206544608524, 37.131421158909468 ], [ -7.857126420025907, 37.13134694675653 ], [ -7.857010093728648, 37.131279088309249 ], [ -7.856793579570483, 37.131127314863896 ], [ -7.856625092171904, 37.131033586668096 ], [ -7.856340140594127, 37.130910619118026 ], [ -7.856227929283176, 37.130817021729854 ], [ -7.856163884380001, 37.130742846476679 ], [ -7.856061877509469, 37.130606895934399 ], [ -7.855949717853686, 37.13049935089807 ], [ -7.85578937032942, 37.130378819597716 ], [ -7.855635034227804, 37.130263130027231 ], [ -7.8555749161174, 37.130214711422092 ], [ -7.855499130462126, 37.130053610120548 ], [ -7.855334713859223, 37.129947015272371 ], [ -7.855190219954316, 37.129888743880464 ], [ -7.855113999854923, 37.129846725361176 ], [ -7.855014483168192, 37.129763347566865 ], [ -7.854930232773001, 37.129719164667613 ], [ -7.854747246884489, 37.129682973880954 ], [ -7.854653627256496, 37.129636264739666 ], [ -7.854511008407179, 37.129553680023562 ], [ -7.854372949299875, 37.129446072614108 ], [ -7.854279578339974, 37.129331418447691 ], [ -7.854185932061922, 37.129291860584374 ], [ -7.853882399772195, 37.129244656758999 ], [ -7.853886432701127, 37.129362677155967 ], [ -7.853841652907261, 37.129394756629033 ], [ -7.853787769230386, 37.129473303911702 ], [ -7.853769390637692, 37.129612728435248 ], [ -7.853724400317083, 37.129702023757226 ], [ -7.853661688459442, 37.129751941526415 ], [ -7.853514249892678, 37.129765898206749 ], [ -7.853460457723429, 37.129819412310241 ], [ -7.853319865277923, 37.130036149454149 ], [ -7.853201292510683, 37.130216103999608 ], [ -7.853088267873336, 37.130344576870442 ], [ -7.852937932374153, 37.13041717325315 ], [ -7.852250516474688, 37.130793181592431 ], [ -7.85170276060652, 37.131083691605951 ], [ -7.851585500663721, 37.130907469619181 ], [ -7.85140451637139, 37.130572317698629 ], [ -7.851207645578274, 37.13018563215396 ], [ -7.85108514181884, 37.129979358556035 ], [ -7.850941024427995, 37.129820237193925 ], [ -7.850860854746267, 37.129759968194691 ], [ -7.850737905064124, 37.129673849470471 ], [ -7.85050797490933, 37.129531688332918 ], [ -7.850176278249291, 37.129372118723026 ], [ -7.850155207904952, 37.129273368156703 ], [ -7.85006014430382, 37.128895507085716 ], [ -7.850028579183175, 37.128736653270849 ], [ -7.850045423981938, 37.128530710322245 ], [ -7.850083723294758, 37.12832052773954 ], [ -7.850181198441508, 37.128050408211422 ], [ -7.850283873108907, 37.127823213973393 ], [ -7.850300493454521, 37.127677349493162 ], [ -7.850301643083557, 37.127368377870233 ], [ -7.850307593718793, 37.127209613578486 ], [ -7.850326959517736, 37.127106132481963 ], [ -7.850282759605348, 37.127100878385448 ], [ -7.85008998304379, 37.127077963004652 ], [ -7.84979260952966, 37.12704048675193 ], [ -7.849648482317527, 37.127056998354362 ], [ -7.849315699947619, 37.127093328564321 ], [ -7.849055192865394, 37.126279697080257 ], [ -7.848873236034063, 37.126305013264073 ], [ -7.848815127282139, 37.126316767022558 ], [ -7.848750711870562, 37.126328329918771 ], [ -7.848690488388916, 37.126334132447923 ], [ -7.848639199269013, 37.126328063292704 ], [ -7.848589899278816, 37.126331727635268 ], [ -7.848563809771867, 37.126326710088989 ], [ -7.848525649810226, 37.12629895594641 ], [ -7.84848941918612, 37.126268054515123 ], [ -7.848450128928838, 37.126241647422489 ], [ -7.847920480608078, 37.126323185508703 ], [ -7.847609594801249, 37.126373258823008 ], [ -7.847561184940977, 37.126288533589168 ], [ -7.847529356439827, 37.126224214039233 ], [ -7.847493736540469, 37.126149790769439 ], [ -7.847440228139864, 37.126044419823977 ], [ -7.847383671821117, 37.126003011370862 ], [ -7.847325563054507, 37.12601476980614 ], [ -7.847261547975234, 37.126001278881787 ], [ -7.847208983524838, 37.126013945380713 ], [ -7.847183087302835, 37.126018026902059 ], [ -7.847136636703762, 37.12604143523501 ], [ -7.847066954837731, 37.126077222129169 ], [ -7.847018131795997, 37.12610278363114 ], [ -7.846978486352544, 37.126112597810703 ], [ -7.846945724439117, 37.126116122974139 ], [ -7.846902857911098, 37.12611439938798 ], [ -7.846845640771581, 37.126098225074458 ], [ -7.846800782775293, 37.126087755458492 ], [ -7.846768828736873, 37.126085331923115 ], [ -7.846726402148445, 37.126087212675181 ], [ -7.846680034225641, 37.126088632458469 ], [ -7.846631710753452, 37.12610014207452 ], [ -7.846600496719044, 37.126111868727804 ], [ -7.846566490702067, 37.126118544490097 ], [ -7.846526726435571, 37.126129711623513 ], [ -7.84647115253129, 37.126154360926392 ], [ -7.84641235683107, 37.126168271687057 ], [ -7.846385456802702, 37.126169651931363 ], [ -7.846333346169793, 37.126173216629745 ], [ -7.846282107909289, 37.126182377196869 ], [ -7.846236912671293, 37.126201638831503 ], [ -7.846166228015104, 37.126234629481431 ], [ -7.846126202748211, 37.126254985760049 ], [ -7.846016849411964, 37.126309327035713 ], [ -7.84580384176374, 37.126174234986408 ], [ -7.845523051115054, 37.126023358265641 ], [ -7.845318060900929, 37.125904849877713 ], [ -7.845206749165579, 37.125815177327034 ], [ -7.845095302192122, 37.125761265616866 ], [ -7.844997158188838, 37.125732418483587 ], [ -7.84476982580673, 37.125617431153337 ], [ -7.844440157139029, 37.125402063035594 ], [ -7.84425745963981, 37.125294335109345 ], [ -7.843588939775119, 37.12493151981522 ], [ -7.842947151909606, 37.124586645909538 ], [ -7.842590697979455, 37.124371207969737 ], [ -7.842390018877891, 37.124295618063293 ], [ -7.842117816161552, 37.124237732923902 ], [ -7.841832025734047, 37.124229878488656 ], [ -7.841582058591189, 37.124197079104476 ], [ -7.841071471785322, 37.124216470256101 ], [ -7.840764480434505, 37.124277316424298 ], [ -7.840663540171476, 37.124279801287308 ], [ -7.840621492265116, 37.124270055311378 ], [ -7.840549248874952, 37.124240956625663 ], [ -7.840336664008586, 37.12412779929862 ], [ -7.840248497992212, 37.124084154036538 ], [ -7.840078028955195, 37.124022548113395 ], [ -7.839979822234037, 37.123985363665071 ], [ -7.839737239873257, 37.123862403240658 ], [ -7.839586891231974, 37.123776703388572 ], [ -7.839512785554361, 37.123734708890844 ], [ -7.83947274318987, 37.12370081995865 ], [ -7.839411373371425, 37.123531566850779 ], [ -7.839353103333872, 37.123355478735078 ], [ -7.839257188359682, 37.123213628586782 ], [ -7.839220122653115, 37.123097671155435 ], [ -7.839183224103591, 37.122938801122167 ], [ -7.839120210654956, 37.122603922548471 ], [ -7.838895797200177, 37.12243171382412 ], [ -7.838831888408236, 37.122328563992589 ], [ -7.838746976048095, 37.122113787255721 ], [ -7.838699592644179, 37.121894812801607 ], [ -7.838657568973918, 37.121675851632723 ], [ -7.838599186833145, 37.121529802378149 ], [ -7.838428948692838, 37.12120753131272 ], [ -7.838376458008445, 37.120924174029241 ], [ -7.838361413526917, 37.120658075018227 ], [ -7.838335716945601, 37.120374785202422 ], [ -7.83833094104719, 37.120224577303723 ], [ -7.838256600199117, 37.12004844860158 ], [ -7.838208969777534, 37.119893843252527 ], [ -7.838182891136883, 37.119709251926487 ], [ -7.838440329125737, 37.119654104662679 ], [ -7.838805023792127, 37.119577767071597 ], [ -7.839228883766808, 37.119497838327909 ], [ -7.839255790562093, 37.119415815663871 ], [ -7.83938129691064, 37.118832507649635 ], [ -7.839484388894563, 37.118502332197927 ], [ -7.839499272376258, 37.118387677492848 ], [ -7.839512881460394, 37.118359147556532 ], [ -7.839515072184938, 37.118345457753364 ], [ -7.83950871745672, 37.11833021588582 ], [ -7.83949143764589, 37.118317464527074 ], [ -7.839462876075374, 37.118313612036843 ], [ -7.839414516080739, 37.11830790477088 ], [ -7.839337841810743, 37.118291133484249 ], [ -7.839287053617491, 37.118272631388962 ], [ -7.839226168231935, 37.118245627961748 ], [ -7.839212511578463, 37.118227932410029 ], [ -7.839202790788583, 37.118210250217835 ], [ -7.839180530734237, 37.118176313332903 ], [ -7.839170632151147, 37.118145832024517 ], [ -7.839174140042454, 37.11811160219942 ], [ -7.839178655370549, 37.118078724661231 ], [ -7.839183298625647, 37.118042151286893 ], [ -7.839184513579405, 37.117989532326241 ], [ -7.839181054898055, 37.117922843422015 ], [ -7.839172415052658, 37.117888675387512 ], [ -7.839151715558467, 37.11785798528372 ], [ -7.839125259758814, 37.117831340183756 ], [ -7.839106565879458, 37.117807503110093 ], [ -7.839092604551406, 37.117780168136193 ], [ -7.839089132492355, 37.117746640949889 ], [ -7.839073185642072, 37.117679921971018 ], [ -7.83906668583011, 37.117616111617188 ], [ -7.839067130745557, 37.117587185951763 ], [ -7.839088939542118, 37.11753408012715 ], [ -7.839103530903396, 37.117456082604662 ], [ -7.839129052366559, 37.117344864822662 ], [ -7.839151001714883, 37.117255083435154 ], [ -7.839170072519, 37.117094652600073 ], [ -7.839177249432372, 37.11698302799379 ], [ -7.839149177228508, 37.116968271095971 ], [ -7.839206324649752, 37.116767114765125 ], [ -7.839245185163173, 37.11658150143785 ], [ -7.839316124515374, 37.116283306973727 ], [ -7.839304567780997, 37.116090299806281 ], [ -7.839319755959162, 37.115945357550814 ], [ -7.83933084664404, 37.115870504118242 ], [ -7.839361516401696, 37.115589359706775 ], [ -7.839391818162277, 37.115317495296345 ], [ -7.839402976353551, 37.114523954337926 ], [ -7.839087168164051, 37.114519008701294 ], [ -7.838889040829412, 37.114484186761807 ], [ -7.838782021279046, 37.114445299837101 ], [ -7.838562277879771, 37.114457627609525 ], [ -7.838393160618404, 37.114467123541594 ], [ -7.838389574568505, 37.114347002201242 ], [ -7.838382639570273, 37.114249672098701 ], [ -7.838374448434323, 37.114185857467412 ], [ -7.838371247072301, 37.11411105868126 ], [ -7.838361930233513, 37.114047689076976 ], [ -7.83836955317102, 37.113908588594789 ], [ -7.838380716342607, 37.113814903215264 ], [ -7.838388572659462, 37.113732563893194 ], [ -7.838402380775463, 37.113681598116727 ], [ -7.838859001693826, 37.113670115542249 ], [ -7.838928997874763, 37.113374291316326 ], [ -7.838939390984788, 37.113305835498672 ], [ -7.838961960605972, 37.113229386832984 ], [ -7.838988851318804, 37.11314286599827 ], [ -7.839011588426428, 37.11308156008193 ], [ -7.838952659040717, 37.113045911155808 ], [ -7.838926459715516, 37.113011874317323 ], [ -7.839037701913187, 37.112068544627469 ], [ -7.839063798645662, 37.111650079516195 ], [ -7.839494875848479, 37.111753053410801 ], [ -7.839591444347937, 37.111772122903346 ], [ -7.839928177642276, 37.111808979576814 ], [ -7.840147815120878, 37.111822396841575 ], [ -7.840297844514003, 37.111843338691521 ], [ -7.84035879798261, 37.111614976236879 ], [ -7.840431017056178, 37.111149393667695 ], [ -7.840501883322842, 37.111152452874407 ], [ -7.840536063970688, 37.111157854389553 ], [ -7.840609031770369, 37.111172357703062 ], [ -7.84063814725989, 37.111178648656669 ], [ -7.840674563871603, 37.111187750002486 ], [ -7.840710415012274, 37.111198200634931 ], [ -7.840734915219684, 37.111204837003733 ], [ -7.840752561042889, 37.111210106675514 ], [ -7.840769077115098, 37.111214834723995 ], [ -7.840782681073811, 37.111218202195005 ], [ -7.840804946729621, 37.111220778260055 ], [ -7.84082036102321, 37.111220907266699 ], [ -7.840836457907277, 37.111218781694049 ], [ -7.840850873049361, 37.111213953292513 ], [ -7.840861804710478, 37.111209474024953 ], [ -7.840875676960411, 37.111200409289708 ], [ -7.840886055255737, 37.111194126531529 ], [ -7.840900491518915, 37.111183798993068 ], [ -7.840915618057902, 37.111170678959844 ], [ -7.840926011650263, 37.111160705484814 ], [ -7.840932449752528, 37.111153873276542 ], [ -7.840937653734651, 37.111146136964621 ], [ -7.840944224515783, 37.111134346537021 ], [ -7.840949558642277, 37.11112201873194 ], [ -7.840964573599587, 37.111079070553167 ], [ -7.84054345631351, 37.110656135018729 ], [ -7.840872302022466, 37.110525141279993 ], [ -7.840888047149519, 37.110439130432646 ], [ -7.84098907816842, 37.110379818261578 ], [ -7.841045556576902, 37.110350581859009 ], [ -7.841081831127465, 37.110337695907241 ], [ -7.841142525544509, 37.110294865601773 ], [ -7.84116341190329, 37.110276261434649 ], [ -7.841186659466338, 37.110256858428421 ], [ -7.841209227760013, 37.110240605661581 ], [ -7.841233487878299, 37.110221198831333 ], [ -7.841256178340619, 37.110201250198145 ], [ -7.841270193721538, 37.110184437531402 ], [ -7.841287721335943, 37.110161233260882 ], [ -7.841300636810797, 37.110137565303667 ], [ -7.841312544290188, 37.11011299830718 ], [ -7.841323797580821, 37.110083287336231 ], [ -7.84133165139872, 37.110059606919108 ], [ -7.841337669668756, 37.110044576689269 ], [ -7.841348773437733, 37.110024509418906 ], [ -7.841754714828145, 37.109607411010408 ], [ -7.84212181022856, 37.109256804372784 ], [ -7.842066511327767, 37.109212154356875 ], [ -7.842088500211592, 37.109199595254303 ], [ -7.842029752034855, 37.109117002020056 ], [ -7.841968217396621, 37.108996744705586 ], [ -7.842061402378442, 37.10892992991181 ], [ -7.842016775432602, 37.108861611722936 ], [ -7.841981287191784, 37.1085799425164 ], [ -7.841944134003831, 37.108439377419195 ], [ -7.841985450313898, 37.108431095380745 ], [ -7.842030710103315, 37.108422464385654 ], [ -7.842080711995092, 37.108409702827345 ], [ -7.842124283342426, 37.10840188311402 ], [ -7.842175957511816, 37.108392816372152 ], [ -7.842219526779165, 37.108385535454147 ], [ -7.84225846864922, 37.10838004259174 ], [ -7.842301465581024, 37.108375913058097 ], [ -7.842344891123883, 37.10837502748462 ], [ -7.842385520303994, 37.108372246411491 ], [ -7.842423334153149, 37.108368999781625 ], [ -7.842465756107186, 37.108365770742587 ], [ -7.842499520675863, 37.108362882697428 ], [ -7.842523045802227, 37.108359517215732 ], [ -7.842540151709996, 37.108357846215846 ], [ -7.842542275474801, 37.108331718799285 ], [ -7.842540612865944, 37.108296031740068 ], [ -7.842541893816886, 37.108255220341711 ], [ -7.842544889805916, 37.108208099399192 ], [ -7.842547144733811, 37.10817738048754 ], [ -7.842547994727219, 37.108160439887641 ], [ -7.842547749882907, 37.108135298735888 ], [ -7.842550421359658, 37.108114223117084 ], [ -7.842556744789037, 37.108078106896819 ], [ -7.842570926642324, 37.10804669275489 ], [ -7.842599938918957, 37.107991075457676 ], [ -7.842762377928051, 37.107611046415578 ], [ -7.842827606957339, 37.107438968859462 ], [ -7.84295640939164, 37.107383496607554 ], [ -7.843036924575694, 37.107345071345129 ], [ -7.843057201299458, 37.107337014084607 ], [ -7.843090586455014, 37.107323746499318 ], [ -7.843219227026848, 37.107321565126924 ], [ -7.843385073096778, 37.107318274313414 ], [ -7.843529629115234, 37.107291053108561 ], [ -7.843571429801959, 37.107288311432029 ], [ -7.843484975091594, 37.107039471802771 ], [ -7.843455020965631, 37.10699112148388 ], [ -7.843372694059684, 37.106944754385822 ], [ -7.843386310170754, 37.106831637576143 ], [ -7.843404586640958, 37.106780991131714 ], [ -7.843452834480952, 37.106716519006127 ], [ -7.843480317891181, 37.106679793936159 ], [ -7.843369691077422, 37.106623200022462 ], [ -7.843249458753109, 37.106539225350666 ], [ -7.843189404026285, 37.106481145584098 ], [ -7.843177444423196, 37.106444728713861 ], [ -7.843632015751528, 37.106161459329847 ], [ -7.843533454094935, 37.106104000263585 ], [ -7.843717888073835, 37.105944333422187 ], [ -7.844248420890427, 37.105385072041571 ], [ -7.844555189802078, 37.105508807779977 ], [ -7.844715021012435, 37.105279695821025 ], [ -7.844386882255047, 37.105243125975768 ], [ -7.844348397155946, 37.105216180577266 ], [ -7.844248708708223, 37.105127673219627 ], [ -7.844152379440394, 37.105098472034797 ], [ -7.844027812201465, 37.105098168412816 ], [ -7.843904343827221, 37.105131665321117 ], [ -7.843892303986726, 37.105131999084037 ], [ -7.843863477079416, 37.105079936519303 ], [ -7.843826691317584, 37.105019476444639 ], [ -7.843794675393598, 37.10494812152637 ], [ -7.843825064049621, 37.104944771627423 ], [ -7.843981531299932, 37.104919920774165 ], [ -7.843993439413336, 37.104924637140563 ], [ -7.844040349734261, 37.104926010294612 ], [ -7.844084326815119, 37.104928373757517 ], [ -7.844228632040885, 37.104846545733388 ], [ -7.844203586189932, 37.104837114555892 ], [ -7.844172785973481, 37.104829472379173 ], [ -7.844138057774696, 37.104819927488059 ], [ -7.844106812446156, 37.104812187795694 ], [ -7.844062291692977, 37.104805776340683 ], [ -7.844124026359868, 37.10466400663838 ], [ -7.844082824690821, 37.104670844405391 ], [ -7.84404431913905, 37.104679582765741 ], [ -7.843986883189073, 37.104695479859728 ], [ -7.843945560087695, 37.104704660047481 ], [ -7.843910530736025, 37.104716648867111 ], [ -7.843876494756983, 37.104731887531528 ], [ -7.843826349553527, 37.104754650411934 ], [ -7.843782083378125, 37.104768872020053 ], [ -7.843752237563899, 37.104776815051409 ], [ -7.843714408086751, 37.104784653890796 ], [ -7.843669013807959, 37.104799683660303 ], [ -7.843643107049411, 37.104808089513917 ], [ -7.843574736795243, 37.104831170022869 ], [ -7.843558506203715, 37.104839242663289 ], [ -7.843533133848613, 37.104854134750099 ], [ -7.843489696192807, 37.104887099486838 ], [ -7.843461383345065, 37.104906944729258 ], [ -7.843396958988082, 37.10489705495732 ], [ -7.843335746829951, 37.104930786264141 ], [ -7.843272690916725, 37.104974513933378 ], [ -7.843238494615331, 37.105003714897677 ], [ -7.843213128153037, 37.105017620265542 ], [ -7.843171663819891, 37.105035449143287 ], [ -7.843069996856747, 37.105026642209253 ], [ -7.843095217948649, 37.104991563332547 ], [ -7.843106300796037, 37.104975191087497 ], [ -7.843116833585974, 37.104957915531806 ], [ -7.843125669249743, 37.104941986518519 ], [ -7.843130430190427, 37.104931369219422 ], [ -7.843135907047833, 37.10491119699401 ], [ -7.843136761411352, 37.104893359832992 ], [ -7.843133552121844, 37.104879112482131 ], [ -7.843125844498561, 37.104866208428462 ], [ -7.843105006145774, 37.104842638813409 ], [ -7.843086392764683, 37.104825927222763 ], [ -7.843056002054968, 37.104801790893596 ], [ -7.843023675470454, 37.104782613778205 ], [ -7.842991202566281, 37.104771718869586 ], [ -7.842957716583167, 37.104761275609007 ], [ -7.842926919378602, 37.104753179881392 ], [ -7.842875669093111, 37.104741161315687 ], [ -7.84280832682404, 37.104730363018696 ], [ -7.842762106238423, 37.104724575856309 ], [ -7.842714767947078, 37.10471806148378 ], [ -7.842663934989499, 37.104713435270646 ], [ -7.842643469086321, 37.104711400997687 ], [ -7.842610862634017, 37.104707807874576 ], [ -7.842586353569322, 37.104702521660784 ], [ -7.842564783501433, 37.104694447545022 ], [ -7.842548839275914, 37.104687022460645 ], [ -7.842538737468545, 37.10468186164605 ], [ -7.842518862954335, 37.104671088487017 ], [ -7.842504724270221, 37.104661326859059 ], [ -7.842492823179401, 37.104654807332778 ], [ -7.842476320809893, 37.104646836628483 ], [ -7.842461050293813, 37.104638868941329 ], [ -7.842454201864591, 37.104634617157238 ], [ -7.842440618402928, 37.104627645673425 ], [ -7.842406580214115, 37.104613957976817 ], [ -7.842384318947281, 37.104611019095415 ], [ -7.842359690992872, 37.104608888967967 ], [ -7.842344276910207, 37.104608760164318 ], [ -7.842317947898302, 37.10461077074806 ], [ -7.842275628013043, 37.104615803018106 ], [ -7.842234189420895, 37.104625429253353 ], [ -7.84220896435157, 37.104632940809033 ], [ -7.842187111466257, 37.104640001090594 ], [ -7.842159517182003, 37.104647507723968 ], [ -7.84212686529468, 37.104655805688317 ], [ -7.842113016679574, 37.104657573830103 ], [ -7.842099284814544, 37.104659700879942 ], [ -7.842067347703589, 37.104657009412321 ], [ -7.841993637538995, 37.104630802159086 ], [ -7.841913358800473, 37.104608075755891 ], [ -7.841811128092416, 37.104554834928663 ], [ -7.841799232243614, 37.104546966453945 ], [ -7.841777127243633, 37.104531141736516 ], [ -7.841737498871848, 37.104509599961602 ], [ -7.841703348471692, 37.104497352587636 ], [ -7.841653198041511, 37.104489933421483 ], [ -7.841610357750355, 37.104484869563144 ], [ -7.841565823772946, 37.104480252957785 ], [ -7.841525217541173, 37.104479343056866 ], [ -7.841502383561197, 37.104478209233541 ], [ -7.84146932676258, 37.104474161454299 ], [ -7.841417383245447, 37.104465835814004 ], [ -7.841388819098165, 37.104463691296807 ], [ -7.841354628849609, 37.104460093931955 ], [ -7.841313593203577, 37.104453235884371 ], [ -7.841281681005219, 37.104443787192977 ], [ -7.841246402626924, 37.1044323469673 ], [ -7.841212802823442, 37.104422349861316 ], [ -7.841188975749327, 37.104416168479645 ], [ -7.841153694204965, 37.104405267054425 ], [ -7.841169555957361, 37.104375210593695 ], [ -7.841188201430534, 37.104353812092576 ], [ -7.841215814920323, 37.10431197882464 ], [ -7.841239226642882, 37.104278336685837 ], [ -7.841263078066701, 37.104248837812449 ], [ -7.841295035107284, 37.104216661999502 ], [ -7.841333426255838, 37.104179990385838 ], [ -7.84136370988091, 37.104145014436675 ], [ -7.841380103237612, 37.104124149199123 ], [ -7.841397636320247, 37.104099142772775 ], [ -7.841417546670392, 37.104069097137945 ], [ -7.841452862225871, 37.104013585694616 ], [ -7.841460904760361, 37.103998017079988 ], [ -7.841425421771198, 37.103980720393047 ], [ -7.841195486075719, 37.103655685242565 ], [ -7.840963014962291, 37.103257564436348 ], [ -7.840908373196697, 37.103190750203339 ], [ -7.840870189348883, 37.103232105023729 ], [ -7.840856408461966, 37.10321747473261 ], [ -7.840824347917734, 37.103186762256016 ], [ -7.840781852512962, 37.103150703266586 ], [ -7.840733729516404, 37.103115081818935 ], [ -7.840715997572612, 37.103103144959633 ], [ -7.840682761018264, 37.103087202480253 ], [ -7.840650064510609, 37.103076221677924 ], [ -7.840624326196139, 37.103069849849334 ], [ -7.840588812294501, 37.103060754314029 ], [ -7.840567694268151, 37.103053491906266 ], [ -7.840532105583505, 37.103034301555311 ], [ -7.840504067699559, 37.103011886898827 ], [ -7.840482861888753, 37.10299732834828 ], [ -7.840458818326646, 37.102989067531624 ], [ -7.840423318349455, 37.102976367727145 ], [ -7.840362582040461, 37.102943510093354 ], [ -7.840321846785597, 37.102917004754609 ], [ -7.840267428394411, 37.102880921546159 ], [ -7.840235313843031, 37.102865797174481 ], [ -7.840191263233034, 37.102853070774806 ], [ -7.840148422065057, 37.102846746699832 ], [ -7.840107713519984, 37.102843131970545 ], [ -7.840084880751531, 37.102841816764112 ], [ -7.840062608630983, 37.102841853633002 ], [ -7.840037433524584, 37.102835034339236 ], [ -7.840012834690648, 37.102825512372966 ], [ -7.839957876724952, 37.10281185786242 ], [ -7.839899612646864, 37.102986431819609 ], [ -7.839877058716402, 37.103087295156527 ], [ -7.839860167289575, 37.1031512288898 ], [ -7.839852372742799, 37.103188786662187 ], [ -7.839847947877161, 37.103227696253157 ], [ -7.839845182546092, 37.103273554443881 ], [ -7.8397698875003, 37.103634696428415 ], [ -7.839830221090765, 37.103711978493649 ], [ -7.839961035402141, 37.10376216591083 ], [ -7.839875746215177, 37.103996904590154 ], [ -7.839929874912573, 37.104040300286321 ], [ -7.839766318059453, 37.104211729455535 ], [ -7.839517599645025, 37.104131194993528 ], [ -7.839104217615107, 37.104001431340237 ], [ -7.838927551279629, 37.103965589497463 ], [ -7.838730707154582, 37.103952227487035 ], [ -7.838348960897795, 37.103954497752916 ], [ -7.838043611546452, 37.103944082526624 ], [ -7.838092254231103, 37.103834774827028 ], [ -7.838209968982125, 37.103529310719743 ], [ -7.838178771547784, 37.103284627762292 ], [ -7.837931379434778, 37.103274320346856 ], [ -7.837701791514055, 37.102977683502921 ], [ -7.837606211664578, 37.102998148185357 ], [ -7.837580432063665, 37.103002766765215 ], [ -7.837537004952472, 37.103003384782596 ], [ -7.837505515312367, 37.103000693202482 ], [ -7.837467183580591, 37.102993387329825 ], [ -7.837438073574253, 37.102986558575147 ], [ -7.837406035354296, 37.10298116150944 ], [ -7.837357901834198, 37.102976172120776 ], [ -7.837330461270025, 37.102974845792495 ], [ -7.837309311947036, 37.102973982980338 ], [ -7.837287029282037, 37.102976721590707 ], [ -7.83725900851866, 37.102979083653132 ], [ -7.837216222896539, 37.10298744689252 ], [ -7.837179069620721, 37.102996185499372 ], [ -7.837142465201972, 37.10300726732828 ], [ -7.837111694887827, 37.103021515628996 ], [ -7.837091171736129, 37.103034349603682 ], [ -7.837083721174139, 37.103041269192154 ], [ -7.837035701258172, 37.103037725262027 ], [ -7.837033302650835, 37.103017539057014 ], [ -7.837014900090259, 37.102976311805662 ], [ -7.836992986551302, 37.102942018477201 ], [ -7.836963173750465, 37.102912297235868 ], [ -7.836927634094725, 37.102880764962251 ], [ -7.83690174915008, 37.102856098570186 ], [ -7.836873643350974, 37.102822238480421 ], [ -7.836857001666141, 37.10279020915273 ], [ -7.836840279504917, 37.102751694667923 ], [ -7.836832635050683, 37.102720588879173 ], [ -7.836825140515499, 37.102680742247827 ], [ -7.836820999411851, 37.102646403185155 ], [ -7.836821995383098, 37.102621174995797 ], [ -7.83682931219762, 37.102592266437334 ], [ -7.836842374005312, 37.102560220312135 ], [ -7.836860608634018, 37.102528101507737 ], [ -7.836874754307622, 37.102506601430214 ], [ -7.836884493395395, 37.102490045290878 ], [ -7.836894114996745, 37.10247448092813 ], [ -7.836907704557997, 37.10245018525935 ], [ -7.836921399804074, 37.10242994824285 ], [ -7.836858132487995, 37.102325623651609 ], [ -7.836806965538955, 37.102263414334445 ], [ -7.835790687631506, 37.100933069531351 ], [ -7.835717538913984, 37.100939105244166 ], [ -7.835326739368313, 37.101025078951942 ], [ -7.835286687089964, 37.101027410335902 ], [ -7.834320493278295, 37.101195919628111 ], [ -7.833786620623779, 37.101247743182697 ], [ -7.833609032373047, 37.101294328496351 ], [ -7.833158863246693, 37.101358642099648 ], [ -7.832590309434257, 37.101524564314076 ], [ -7.83251495191886, 37.101543056863079 ], [ -7.832485490895159, 37.101572930825725 ], [ -7.832460576252662, 37.101590150057966 ], [ -7.832385158128139, 37.101607729593077 ], [ -7.832300914778325, 37.101613647655647 ], [ -7.832231983979149, 37.10161960541344 ], [ -7.832081395726437, 37.101623312251228 ], [ -7.831926390912125, 37.101625603823223 ], [ -7.831759727681076, 37.101649069391605 ], [ -7.83170917352794, 37.10159406613959 ], [ -7.831672399012512, 37.101552651692323 ], [ -7.831639444798599, 37.101511246945932 ], [ -7.831579948912416, 37.101502448166364 ], [ -7.831541475137398, 37.101493566760709 ], [ -7.831512938281148, 37.101487161509255 ], [ -7.831396465069849, 37.101464240410884 ], [ -7.831323377879843, 37.101450013154249 ], [ -7.831283596682064, 37.10143978935718 ], [ -7.831233996499322, 37.101432248246375 ], [ -7.831226624103325, 37.10140151402468 ], [ -7.831215670973637, 37.101333940615604 ], [ -7.831214108466353, 37.101299346610695 ], [ -7.831241266977663, 37.101064529206518 ], [ -7.831244246015451, 37.100986791222468 ], [ -7.831256777443172, 37.100900396707026 ], [ -7.831281010153543, 37.100734094114365 ], [ -7.831219817385113, 37.100719628551239 ], [ -7.831099960009414, 37.100696837309265 ], [ -7.83074552269339, 37.100627279337331 ], [ -7.830574221914669, 37.100592511898881 ], [ -7.830401769035244, 37.10051598328009 ], [ -7.830332730151997, 37.100479494156957 ], [ -7.830173269730024, 37.100376922497574 ], [ -7.830162468933261, 37.100323627625556 ], [ -7.830083596521055, 37.09987442696265 ], [ -7.830073820402605, 37.099843225175256 ], [ -7.830057564608938, 37.099800203793556 ], [ -7.830031634458043, 37.099730663706289 ], [ -7.830001153890557, 37.099672465384714 ], [ -7.82996375789479, 37.099599744952954 ], [ -7.829923937413494, 37.099514132196781 ], [ -7.830378105033206, 37.09780299534863 ], [ -7.829505101731966, 37.09782510030616 ], [ -7.82940748151032, 37.098357829680538 ], [ -7.828821548627511, 37.097900214444394 ], [ -7.82926704997882, 37.096503892826746 ], [ -7.829336183416264, 37.09566725153946 ], [ -7.829335245678359, 37.095421163953304 ], [ -7.828871737495467, 37.094027025545579 ], [ -7.829739668872537, 37.093316855597351 ], [ -7.830251898644266, 37.092753193634792 ], [ -7.829917881684771, 37.092542484854306 ], [ -7.830095200003297, 37.091935350905842 ], [ -7.830199398506972, 37.091697285418867 ], [ -7.830309599476099, 37.091505275072237 ], [ -7.830430256248644, 37.091230036496867 ], [ -7.830677273608271, 37.090744269055755 ], [ -7.831329178092093, 37.089525612582186 ], [ -7.831747556413694, 37.088765179797385 ], [ -7.831988498380118, 37.088816432590015 ], [ -7.832098316270434, 37.088834549767242 ], [ -7.832409575005871, 37.088796682769221 ], [ -7.832437706029849, 37.088793595858206 ], [ -7.832433660573481, 37.088764482989347 ], [ -7.833147567914183, 37.088671495126881 ], [ -7.833194783665655, 37.089050328752933 ], [ -7.833384891806904, 37.088900509845452 ], [ -7.833543916203622, 37.088818822773611 ], [ -7.833727449614778, 37.088739454529019 ], [ -7.83380094382475, 37.088727564856597 ], [ -7.834047945834741, 37.088725929909224 ], [ -7.834209712249132, 37.088690113990808 ], [ -7.834545827516293, 37.08870843950745 ], [ -7.834741815883637, 37.088693432617688 ], [ -7.83495280314371, 37.088669994899135 ], [ -7.834979240004365, 37.088667805092236 ], [ -7.83504074430997, 37.088673095762339 ], [ -7.835152380439919, 37.088687161689911 ], [ -7.835248089155028, 37.088717858124049 ], [ -7.835485511999224, 37.088750350111432 ], [ -7.835625788122283, 37.088745655194657 ], [ -7.835646860383134, 37.088590813079342 ], [ -7.835692244392938, 37.088055332604817 ], [ -7.835565920733043, 37.087684861565606 ], [ -7.8355255008853, 37.087031847906871 ], [ -7.836059065190415, 37.087091388070817 ], [ -7.836057116997634, 37.087071831865309 ], [ -7.836056773875753, 37.087043896163685 ], [ -7.836055301400489, 37.087016857797927 ], [ -7.836061259061693, 37.086989482121425 ], [ -7.836075890741929, 37.086958613111619 ], [ -7.836087144762739, 37.086927192297949 ], [ -7.836109457872878, 37.086887783296859 ], [ -7.836135825498155, 37.086845227109322 ], [ -7.836149592846489, 37.086805256962293 ], [ -7.836167163765803, 37.086770246792568 ], [ -7.836175488186734, 37.086740172936246 ], [ -7.836176709199918, 37.086715488590833 ], [ -7.836175280481505, 37.086669438745787 ], [ -7.836175117047458, 37.086633487610392 ], [ -7.836170978558173, 37.086599052927887 ], [ -7.836172830884562, 37.086555538786634 ], [ -7.836169814989482, 37.086521650257055 ], [ -7.836169421771345, 37.086478579223744 ], [ -7.836165844022702, 37.086443697213348 ], [ -7.836181122052305, 37.086390393264544 ], [ -7.836209649940961, 37.08631441382051 ], [ -7.836226477699644, 37.086266607543209 ], [ -7.836239560789989, 37.086228438701603 ], [ -7.83624789251269, 37.086197911619401 ], [ -7.836243571436913, 37.086152036546579 ], [ -7.836244745251276, 37.08611031832897 ], [ -7.836252727487704, 37.086053754069951 ], [ -7.836263961449677, 37.085999447009478 ], [ -7.836267199345186, 37.085947281591444 ], [ -7.836279273994413, 37.085908119046614 ], [ -7.836282295120202, 37.085882985965718 ], [ -7.836298919279889, 37.085859956677638 ], [ -7.836378263513439, 37.085787709515365 ], [ -7.836396564249955, 37.085766491946316 ], [ -7.836414689290208, 37.085734368332801 ], [ -7.83642845216089, 37.085694302621043 ], [ -7.836443601857481, 37.085644693581827 ], [ -7.836461175860643, 37.085608787709006 ], [ -7.836481674633964, 37.085572162889264 ], [ -7.836502604442155, 37.085540947342132 ], [ -7.836526333959986, 37.085512532097219 ], [ -7.83654670039826, 37.085480414067035 ], [ -7.836575869122893, 37.085441560046391 ], [ -7.836617908296, 37.085391027038696 ], [ -7.836634525982057, 37.085368450921322 ], [ -7.836683242500183, 37.085305769288325 ], [ -7.836706975381849, 37.085276453849247 ], [ -7.836721899821097, 37.085257477751718 ], [ -7.836728296586212, 37.085231905262447 ], [ -7.836729331271952, 37.085196672559192 ], [ -7.836722780227752, 37.085145745952687 ], [ -7.836713411928233, 37.085096525231393 ], [ -7.836701550947959, 37.085051441381268 ], [ -7.836687830437535, 37.084993467636309 ], [ -7.83667022789409, 37.084950987930235 ], [ -7.836659227766999, 37.084915906258665 ], [ -7.836653699704798, 37.084891115824746 ], [ -7.83664625092414, 37.084868569650382 ], [ -7.836594082633826, 37.084864925075891 ], [ -7.836455746048501, 37.084864398921404 ], [ -7.836427850557466, 37.084054543641535 ], [ -7.83665282013399, 37.084103849374195 ], [ -7.836820395485868, 37.083467033126517 ], [ -7.836898960665212, 37.083479484775424 ], [ -7.836850325365856, 37.082563875288969 ], [ -7.836808402743127, 37.081745153384915 ], [ -7.836777483046546, 37.081743636231145 ], [ -7.836803438489613, 37.081459952485687 ], [ -7.836840180342783, 37.081178823157451 ], [ -7.836837740031715, 37.081140344215754 ], [ -7.838052509552656, 37.081274830008148 ], [ -7.838060499726705, 37.081244754256538 ], [ -7.838311275594412, 37.080869813212836 ], [ -7.839472012372844, 37.081034354814911 ], [ -7.839945166859611, 37.081100106557145 ], [ -7.840704346469013, 37.081205960166329 ], [ -7.841348543002094, 37.081293772400336 ], [ -7.841418745658338, 37.081257903304305 ], [ -7.841334762338824, 37.080720748290418 ], [ -7.841262221591843, 37.080102168477225 ], [ -7.841153643946082, 37.07929229161762 ], [ -7.841515758558718, 37.079176762757143 ], [ -7.841863089722979, 37.079076060489619 ], [ -7.841920035707425, 37.079065117184889 ], [ -7.841932079690943, 37.079062623765331 ], [ -7.842237458481558, 37.079078511002145 ], [ -7.84220304533885, 37.079167720554359 ], [ -7.842363519787915, 37.079258940709352 ], [ -7.842817365826007, 37.079478199829765 ], [ -7.843394092481391, 37.079561239458506 ], [ -7.843398084809972, 37.079398695800379 ], [ -7.843930498389292, 37.079392870360472 ], [ -7.84393085309239, 37.079358995605766 ], [ -7.843918598779462, 37.079327153551439 ], [ -7.843894522920053, 37.079271230484267 ], [ -7.843851084155752, 37.079188499396764 ], [ -7.843820253152531, 37.079104081610211 ], [ -7.84378673773492, 37.07901641883084 ], [ -7.84376193361552, 37.07894355028985 ], [ -7.843746538270551, 37.078880081203216 ], [ -7.843727776858822, 37.078816058755656 ], [ -7.843712076783731, 37.078745196564128 ], [ -7.843690766109905, 37.078671074133865 ], [ -7.843674553722853, 37.07861607127159 ], [ -7.843658818589885, 37.078524575445797 ], [ -7.843995611767165, 37.078561974808693 ], [ -7.844076626534941, 37.078223464666017 ], [ -7.84410143477138, 37.078235416503851 ], [ -7.84417632220447, 37.078297229258617 ], [ -7.844227970023313, 37.078349527762676 ], [ -7.844270588333703, 37.078379635296137 ], [ -7.844324685637067, 37.078408512873843 ], [ -7.844379044167296, 37.0784269368799 ], [ -7.844442394678557, 37.078448716695128 ], [ -7.844487348481548, 37.07845639325879 ], [ -7.844531738829255, 37.078464970402884 ], [ -7.844585105456875, 37.078657929535652 ], [ -7.845090237424075, 37.078667621875596 ], [ -7.845162997218006, 37.078459112253881 ], [ -7.845304426877998, 37.078471347809604 ], [ -7.845402276585861, 37.077632507653739 ], [ -7.845616875818894, 37.077564997419245 ], [ -7.84630358335696, 37.077316428982883 ], [ -7.846760121508875, 37.07768939720394 ], [ -7.847189685808992, 37.07751679419178 ], [ -7.848018683898716, 37.077228190909025 ], [ -7.847602816799186, 37.076142665580072 ], [ -7.848991564598077, 37.07580655727164 ], [ -7.849035011323383, 37.076824146110766 ], [ -7.84917501847737, 37.076790777817592 ], [ -7.849372071298066, 37.076730097514087 ], [ -7.849480729303044, 37.076675642765089 ], [ -7.849713752136287, 37.076663326206742 ], [ -7.849922746178244, 37.076631640139802 ], [ -7.850055384528676, 37.076609427351897 ], [ -7.850175912190714, 37.076603277695106 ], [ -7.850436908790285, 37.076629648005479 ], [ -7.850617701406494, 37.076620422895509 ], [ -7.85076641923783, 37.076595028993509 ], [ -7.851000264364, 37.076360634707733 ], [ -7.85114131715224, 37.076235448669387 ], [ -7.851249949371089, 37.07618742855739 ], [ -7.85132646993392, 37.076132895734204 ], [ -7.851348108710468, 37.076108010088248 ], [ -7.85136277586395, 37.076091141798571 ], [ -7.851483410860409, 37.076056024438806 ], [ -7.851636618953012, 37.07590190003539 ], [ -7.851757562699608, 37.075783101856594 ], [ -7.851858326508466, 37.07569000461794 ], [ -7.852099914215528, 37.075532869622378 ], [ -7.8524461735933, 37.075311613164992 ], [ -7.852728031946506, 37.075125605526793 ], [ -7.852909085075473, 37.075181150802784 ], [ -7.853044525554923, 37.07521526523761 ], [ -7.853201275417664, 37.075189082581488 ], [ -7.853104754738401, 37.074401928614108 ], [ -7.853849130301877, 37.074326439445834 ], [ -7.853916975749982, 37.074720062262713 ], [ -7.854130963170066, 37.074694013087573 ], [ -7.85405705602435, 37.074310031974733 ], [ -7.853995261942795, 37.073909182466089 ], [ -7.854492668545331, 37.073816210095877 ], [ -7.854456924794703, 37.073705087491724 ], [ -7.854746433469915, 37.07362128130935 ], [ -7.855039141585229, 37.074173539672998 ], [ -7.855228171747824, 37.074106394454496 ], [ -7.855453317646651, 37.074048988427016 ], [ -7.855835123585472, 37.073988729675229 ], [ -7.85596783763312, 37.073943981022154 ], [ -7.856233020660766, 37.073922070924809 ], [ -7.856606746145101, 37.073874665286489 ], [ -7.856847641164375, 37.073904192342788 ], [ -7.85682410082246, 37.073749649357588 ], [ -7.856789983140286, 37.073497818607791 ], [ -7.85674485380603, 37.073322365569176 ], [ -7.856670442296216, 37.072925352647459 ], [ -7.856623235604516, 37.072651669235029 ], [ -7.856567580924111, 37.072650476231509 ], [ -7.856365983735566, 37.072642347866804 ], [ -7.856349609419674, 37.072631586046519 ], [ -7.856316446011982, 37.072598261939959 ], [ -7.85627126605178, 37.072497504451867 ], [ -7.856198842203741, 37.072342441726889 ], [ -7.85613885565286, 37.07220254684843 ], [ -7.856068675917721, 37.072049290513277 ], [ -7.85601406263455, 37.071914363091395 ], [ -7.855999492023798, 37.071868115949648 ], [ -7.856441547519517, 37.071804777327166 ], [ -7.856710925413403, 37.07173137985496 ], [ -7.856891845767927, 37.071683523847312 ], [ -7.856952245489889, 37.071641823363613 ], [ -7.856988604533852, 37.071583974703231 ], [ -7.857021215187594, 37.071452091815353 ], [ -7.857069494654013, 37.071429674761319 ], [ -7.857178057991389, 37.071397742087797 ], [ -7.857294584637988, 37.071385139535138 ], [ -7.857595976003141, 37.071343998850359 ], [ -7.857593763954063, 37.070845125135889 ], [ -7.857583111190118, 37.070458878890108 ], [ -7.857601296164887, 37.070058215821689 ], [ -7.857682200050307, 37.069899623658081 ], [ -7.857918808544992, 37.069629817910048 ], [ -7.857991134189033, 37.069518144104485 ], [ -7.858073345440244, 37.069509995361287 ], [ -7.858228584858403, 37.06952752057358 ], [ -7.858490945773827, 37.069541002744032 ], [ -7.858747874819168, 37.069575928024562 ], [ -7.858935308915825, 37.069576361410284 ], [ -7.859042352030194, 37.069593774146526 ], [ -7.859571643434976, 37.069839602779908 ], [ -7.859891937414361, 37.069960618346762 ], [ -7.860129151279827, 37.070068208781905 ], [ -7.860282849832159, 37.070133052800713 ], [ -7.860508755832674, 37.069858925473802 ], [ -7.860449798105846, 37.069768890315615 ], [ -7.860338385178144, 37.06957959620091 ], [ -7.860136177750232, 37.06921865747659 ], [ -7.860354868007794, 37.069145219717676 ], [ -7.860804177192112, 37.068995682480846 ], [ -7.860990170106019, 37.06893077819494 ], [ -7.861070723497597, 37.068886899782811 ], [ -7.861090926776281, 37.068865143847013 ], [ -7.861097548347259, 37.068837224086892 ], [ -7.861177281288878, 37.068709091053059 ], [ -7.861205455050717, 37.068691945217275 ], [ -7.861238795793681, 37.068675712286584 ], [ -7.861268755128136, 37.068661727874407 ], [ -7.861301964272396, 37.068650539710404 ], [ -7.861336973325233, 37.068640706363603 ], [ -7.861372546037813, 37.068629523595021 ], [ -7.861409240117773, 37.068618888531098 ], [ -7.861536910132801, 37.06860521161984 ], [ -7.862006368131786, 37.068543297155735 ], [ -7.862178168272364, 37.068516655802675 ], [ -7.862208543536948, 37.06851275596766 ], [ -7.862241294037882, 37.068503370433113 ], [ -7.862266520703157, 37.068493065740242 ], [ -7.862303929154313, 37.068470894740145 ], [ -7.862339092718929, 37.068449168237265 ], [ -7.862370070172119, 37.068433382830449 ], [ -7.862401017861131, 37.068427234282694 ], [ -7.862450141649385, 37.068430770444316 ], [ -7.862504436950805, 37.068435847497909 ], [ -7.862577071380674, 37.068436376307318 ], [ -7.862725176371688, 37.068432926801854 ], [ -7.862858437697629, 37.068428454820904 ], [ -7.863036232692465, 37.06841423090156 ], [ -7.863072867450366, 37.068654630363859 ], [ -7.863120471420805, 37.068822100610163 ], [ -7.863108848337264, 37.069079555562027 ], [ -7.863075697759808, 37.069367000435889 ], [ -7.863048205922354, 37.069568631343806 ], [ -7.86306897268976, 37.069753206747329 ], [ -7.863132688201641, 37.069907840064147 ], [ -7.863685842627026, 37.069919800670306 ], [ -7.863690628829421, 37.069902511016529 ], [ -7.863715459229963, 37.069619628132429 ], [ -7.863759016319307, 37.069353912572389 ], [ -7.863770845618789, 37.069315461079505 ], [ -7.863779324766808, 37.069269796128822 ], [ -7.863786697977335, 37.069220796512568 ], [ -7.863790683913249, 37.06917413018234 ], [ -7.863793823964013, 37.069144399327449 ], [ -7.863793565017749, 37.069122864088456 ], [ -7.863796107277395, 37.069102235377436 ], [ -7.863814305275532, 37.069107412787247 ], [ -7.863837119438102, 37.069111249970774 ], [ -7.863875336257589, 37.069116110584005 ], [ -7.863910868055853, 37.069116462448989 ], [ -7.863952031522933, 37.069114486104731 ], [ -7.863984098056372, 37.069108697408133 ], [ -7.864022612620635, 37.069091665372682 ], [ -7.86405822239716, 37.06906993847327 ], [ -7.864087647183672, 37.069048650773638 ], [ -7.864122272594578, 37.069019083221733 ], [ -7.864152417003572, 37.068984100886496 ], [ -7.864180764368967, 37.068949473094669 ], [ -7.864220006645352, 37.068918656286066 ], [ -7.86425629281853, 37.068895128721252 ], [ -7.864297759298056, 37.068871617390222 ], [ -7.864349437551025, 37.0688527210309 ], [ -7.864402670498507, 37.068840314967858 ], [ -7.864469711348415, 37.068832177881362 ], [ -7.864566884036888, 37.068826989694983 ], [ -7.864661352332708, 37.068824050684817 ], [ -7.864745902853945, 37.068825590903465 ], [ -7.864807064192384, 37.068827893627898 ], [ -7.864871047976028, 37.068827947327186 ], [ -7.864964846950537, 37.068822206939721 ], [ -7.865045054362776, 37.068813651459614 ], [ -7.865112545569668, 37.068805964660875 ], [ -7.865243713216609, 37.068791390592672 ], [ -7.865291747285356, 37.068784832043001 ], [ -7.865355312900871, 37.068775242195208 ], [ -7.865408646668001, 37.068766082460129 ], [ -7.865447578755699, 37.068759050968623 ], [ -7.865479630920087, 37.068756957119362 ], [ -7.865515602633272, 37.068759112535425 ], [ -7.86555325174803, 37.068764872396763 ], [ -7.865576202395428, 37.068761861427788 ], [ -7.865600307731641, 37.068750562320538 ], [ -7.86561418510995, 37.06873698837186 ], [ -7.865632677331122, 37.06872243275054 ], [ -7.865651040973793, 37.068712469586259 ], [ -7.865675685516403, 37.068706759209618 ], [ -7.865696276704294, 37.068703200454081 ], [ -7.865719803434811, 37.068695595302898 ], [ -7.865744048377223, 37.068676546384431 ], [ -7.865766624579668, 37.068651099712639 ], [ -7.865790452901699, 37.068621953364648 ], [ -7.865813041126687, 37.068593712495073 ], [ -7.865834505357581, 37.068565014949499 ], [ -7.865850649701065, 37.068545953162385 ], [ -7.865864540383035, 37.068530486968349 ], [ -7.865874466561518, 37.068520055125774 ], [ -7.865890611898342, 37.068501345653345 ], [ -7.86591950428484, 37.068472308002008 ], [ -7.865981709465264, 37.068432437924336 ], [ -7.866054708118433, 37.068395478239161 ], [ -7.866139169064406, 37.068357642336537 ], [ -7.866195476789112, 37.068333352777657 ], [ -7.866249968239685, 37.068314911550893 ], [ -7.866320540162994, 37.068293981670863 ], [ -7.866376824924203, 37.068276541001616 ], [ -7.866456114263869, 37.068240944113988 ], [ -7.866602463721995, 37.068190814934226 ], [ -7.866778831937127, 37.068111553824757 ], [ -7.866872711123898, 37.068050400846616 ], [ -7.866933804746568, 37.068006922592026 ], [ -7.86695918649722, 37.06798418609398 ], [ -7.867007124182852, 37.067941942482165 ], [ -7.867023967018497, 37.067915938458952 ], [ -7.867057633359198, 37.067870420764365 ], [ -7.86709202292516, 37.067810665082092 ], [ -7.86710977605857, 37.067750334145408 ], [ -7.867138010893053, 37.06768236671703 ], [ -7.867179035589818, 37.067590094575088 ], [ -7.867199956352488, 37.067556440577015 ], [ -7.867219738810699, 37.067526753234382 ], [ -7.867234884186045, 37.067504440660002 ], [ -7.867259730298937, 37.067473047221576 ], [ -7.867283562822709, 37.067442104744259 ], [ -7.867302090747584, 37.067417457861573 ], [ -7.867333659320918, 37.06736139196957 ], [ -7.867341817675839, 37.067342216567816 ], [ -7.867358804447153, 37.067307114718012 ], [ -7.867364732013437, 37.067284685961248 ], [ -7.867368407556164, 37.067263159535969 ], [ -7.867381058965812, 37.067148300616516 ], [ -7.86739578206797, 37.066988483865998 ], [ -7.867716205762197, 37.067017230761557 ], [ -7.867973309893316, 37.067000640334733 ], [ -7.868513694769062, 37.066988450749989 ], [ -7.868447928398002, 37.067572450270902 ], [ -7.868452374564471, 37.067834232576622 ], [ -7.869630148277079, 37.06793984674416 ], [ -7.86965994941926, 37.067834850041216 ], [ -7.871511334733844, 37.067873261072357 ], [ -7.871601047263758, 37.067884129350929 ], [ -7.871846611609519, 37.068112602294661 ], [ -7.871948530311897, 37.068099216076021 ], [ -7.87216905059612, 37.068062399812142 ], [ -7.872296759126873, 37.068038616717082 ], [ -7.872415488605743, 37.068009324435899 ], [ -7.872616400704388, 37.067982913045462 ], [ -7.872792802367758, 37.067957704519458 ], [ -7.872808578358505, 37.068080107978851 ], [ -7.872806621871618, 37.068158404819535 ], [ -7.872820366701053, 37.068316482561343 ], [ -7.872831761942504, 37.068404002307943 ], [ -7.872840151233205, 37.068516293964208 ], [ -7.872839442083452, 37.068624779361059 ], [ -7.872866741309812, 37.068903963514188 ], [ -7.872903964415631, 37.068981289342922 ], [ -7.872935641267771, 37.069114389997786 ], [ -7.87295644654419, 37.069294672917373 ], [ -7.873143439647396, 37.069423823156633 ], [ -7.873351709152144, 37.069595934018032 ], [ -7.873527848018576, 37.069767973299129 ], [ -7.873875064398934, 37.070026213164311 ], [ -7.873992369636912, 37.070176666893623 ], [ -7.874040348885843, 37.070241142273147 ], [ -7.874173837977374, 37.070357300429997 ], [ -7.874269606379831, 37.070542037596134 ], [ -7.874523343157588, 37.070911941944871 ], [ -7.874622146681237, 37.070891340800117 ], [ -7.874666850441528, 37.070871886812895 ], [ -7.874729486952081, 37.070837688032263 ], [ -7.874793175053762, 37.070792142543134 ], [ -7.874834014762111, 37.070753848634325 ], [ -7.87486236026515, 37.070716877311384 ], [ -7.874892988833259, 37.070671168778901 ], [ -7.874921249452821, 37.07062770685561 ], [ -7.874951896277269, 37.070576591030992 ], [ -7.874982547135524, 37.070524936367377 ], [ -7.875006840190753, 37.070488857258596 ], [ -7.875028204327582, 37.070455651589015 ], [ -7.875080367531622, 37.070393052460993 ], [ -7.875142746195581, 37.07033687041406 ], [ -7.875257484462927, 37.07025629488605 ], [ -7.875384092899917, 37.070158982446756 ], [ -7.875451408422484, 37.07010488612346 ], [ -7.875556305378496, 37.070009778105771 ], [ -7.875637685067955, 37.069919578433975 ], [ -7.87570903924842, 37.0698678299037 ], [ -7.875891413049738, 37.069738378731429 ], [ -7.876041041101477, 37.069617415570015 ], [ -7.876084918078685, 37.069576060563271 ], [ -7.876175208346743, 37.069510120388479 ], [ -7.876199894267524, 37.069493320256797 ], [ -7.876229733077551, 37.069480681604453 ], [ -7.876254377393, 37.0694748789223 ], [ -7.876312205548672, 37.069465179770482 ], [ -7.876381398660389, 37.069454156287712 ], [ -7.876516373292716, 37.06944309306477 ], [ -7.876607922040994, 37.069437707140217 ], [ -7.876948511493225, 37.069376085545379 ], [ -7.877101279575883, 37.069355960181362 ], [ -7.877190499615507, 37.069340472298691 ], [ -7.877265011429848, 37.069319007370204 ], [ -7.87735007099849, 37.069269992415066 ], [ -7.877460384361381, 37.069202018363598 ], [ -7.877533824518359, 37.06916441730823 ], [ -7.877783505736756, 37.069049165789394 ], [ -7.877818965995391, 37.069036990271414 ], [ -7.877908467902137, 37.069005013784228 ], [ -7.87798002626213, 37.068992639247256 ], [ -7.878116142322275, 37.06897653156858 ], [ -7.878201267455193, 37.068975183614086 ], [ -7.878261865995267, 37.068978827093183 ], [ -7.878321186691348, 37.068992020934765 ], [ -7.878377044444855, 37.069002411291613 ], [ -7.87840908995382, 37.069002571112897 ], [ -7.878452495910976, 37.069002392184338 ], [ -7.878482317295585, 37.068994797112687 ], [ -7.878516086280618, 37.068984960536014 ], [ -7.878619010485665, 37.06893886192502 ], [ -7.878700333070931, 37.068898669360507 ], [ -7.878807696679493, 37.068838345911779 ], [ -7.87900967013943, 37.068730738709981 ], [ -7.879036446428184, 37.068760533161196 ], [ -7.879048120400149, 37.068800023206656 ], [ -7.879079130883976, 37.068841448710899 ], [ -7.879106764674335, 37.068882866075128 ], [ -7.879143471022527, 37.06893664841035 ], [ -7.87918352803753, 37.068996923804541 ], [ -7.87950035250479, 37.069368923307778 ], [ -7.879608174948995, 37.069557935933453 ], [ -7.879648958448822, 37.069602176386326 ], [ -7.879693652225852, 37.069653719335427 ], [ -7.879735423942418, 37.069704809095299 ], [ -7.879780090701693, 37.069766539443449 ], [ -7.879813848937408, 37.069826262326046 ], [ -7.87983727748967, 37.06988235796458 ], [ -7.879865824844907, 37.069955317226103 ], [ -7.879897741621884, 37.070028822512143 ], [ -7.879936377733147, 37.070110630165935 ], [ -7.879967876524888, 37.070173590226432 ], [ -7.880000543476428, 37.070225113696146 ], [ -7.880035569254677, 37.070275735713466 ], [ -7.880061967536627, 37.070319406488245 ], [ -7.880089048681211, 37.070357579487805 ], [ -7.880153438950721, 37.070506841078732 ], [ -7.879917429011364, 37.070637353006326 ], [ -7.879943225199683, 37.070692014663074 ], [ -7.879998731808869, 37.07080648060316 ], [ -7.88016695982088, 37.0711112161204 ], [ -7.880227681369541, 37.071212806877107 ], [ -7.880329320327214, 37.071314674932353 ], [ -7.880544603659692, 37.071507047728765 ], [ -7.880610663069072, 37.071457989996006 ], [ -7.880831510121609, 37.071834113808883 ], [ -7.880926272994893, 37.071777457860982 ], [ -7.880996345286417, 37.071738049886243 ], [ -7.881297921405453, 37.071535594026066 ], [ -7.88157715289516, 37.071308744922348 ], [ -7.881697645536184, 37.071411091507294 ], [ -7.881710087846027, 37.071424455504044 ], [ -7.881724324815696, 37.071436469897137 ], [ -7.881737908293612, 37.071444785816965 ], [ -7.881753856485329, 37.07145040894531 ], [ -7.881770485239032, 37.071453233891781 ], [ -7.88200031414194, 37.071283893457171 ], [ -7.882112507731838, 37.071365665962169 ], [ -7.882248292299312, 37.07138260587066 ], [ -7.882486556490615, 37.07138770499089 ], [ -7.883242425324286, 37.071389508705373 ], [ -7.883521523944738, 37.07120127725792 ], [ -7.883552663309945, 37.071223627118719 ], [ -7.883676525384923, 37.071312532132438 ], [ -7.883874305350364, 37.071408003462409 ], [ -7.884927723474503, 37.071899426100387 ], [ -7.885323439175263, 37.072080490658337 ], [ -7.885590779522128, 37.072214079968127 ], [ -7.885724400134322, 37.072295894664094 ], [ -7.885889959854297, 37.072437854561137 ], [ -7.886098099479097, 37.072661437937491 ], [ -7.886115867252285, 37.072625942181048 ], [ -7.886174341884846, 37.07250912048643 ], [ -7.886225613835105, 37.072355528260438 ], [ -7.886322691279388, 37.071994083488988 ], [ -7.886340231288663, 37.071804254799915 ], [ -7.886357961600837, 37.071555659666068 ], [ -7.886415137658191, 37.071320708556982 ], [ -7.886480314703272, 37.071043907664766 ], [ -7.88667727773723, 37.07050754823274 ], [ -7.886933084031861, 37.069906840840211 ], [ -7.887137822717553, 37.06939643936127 ], [ -7.887291100530802, 37.069098398555084 ], [ -7.887593713954124, 37.068652551621447 ] ] ] } }
]
}
