{
"type": "FeatureCollection",
"name": "CAOP_Golegã_freg",
"crs": { "type": "name", "properties": { "name": "urn:ogc:def:crs:OGC:1.3:CRS84" } },
"features": [
{ "type": "Feature", "properties": { "dtmnfr": "141201", "freguesia": "Azinhaga", "municipio": "Golegã", "distrito_i": "Santarém", "nuts3_cod": "1D3", "nuts3": "Lezíria do Tejo", "nuts2": "Oeste e Vale do Tejo", "nuts1": "Continente", "area_ha": 3821.38, "perimetro_": 31, "designacao": "Azinhaga" }, "geometry": { "type": "Polygon", "coordinates": [ [ [ -8.488497814658535, 39.364011929357346 ], [ -8.488727445110335, 39.363875125276572 ], [ -8.488878674117753, 39.363790984788444 ], [ -8.489138067135732, 39.36359752667525 ], [ -8.489699829831746, 39.363243442309809 ], [ -8.490189203778584, 39.362937769239721 ], [ -8.490603023774447, 39.362675375920908 ], [ -8.491082689245921, 39.36240260141539 ], [ -8.491473714827444, 39.362175763295603 ], [ -8.491887721154598, 39.361951380419669 ], [ -8.492341209263074, 39.361711647601709 ], [ -8.492771529270033, 39.36145685078916 ], [ -8.49301455932887, 39.361311626450608 ], [ -8.493349379483746, 39.361057033621826 ], [ -8.49396995322382, 39.360616638058261 ], [ -8.494728245223232, 39.360066733721006 ], [ -8.495148461557209, 39.359768820581458 ], [ -8.495726287816863, 39.359346109823363 ], [ -8.496763844413008, 39.358620311635761 ], [ -8.497180828214368, 39.358329961822058 ], [ -8.497535446020146, 39.358093130910483 ], [ -8.498372626493529, 39.357530256421285 ], [ -8.498950484411518, 39.35714310864428 ], [ -8.499892804890344, 39.356521435217786 ], [ -8.500309797103016, 39.356236212687939 ], [ -8.500844939214776, 39.355871886470872 ], [ -8.501547768770982, 39.355405791910378 ], [ -8.502020671437732, 39.355100026407044 ], [ -8.502532818534755, 39.354756214241043 ], [ -8.503012135486328, 39.354435294991049 ], [ -8.503379891231603, 39.354190750126037 ], [ -8.503717986583396, 39.353953862765415 ], [ -8.504302357175597, 39.353559103310658 ], [ -8.504689852400917, 39.353319624509567 ], [ -8.505109765019149, 39.352958354864029 ], [ -8.505611857995744, 39.352584025103774 ], [ -8.505936478413791, 39.352304212891909 ], [ -8.506247753719794, 39.352001561639938 ], [ -8.506591860190808, 39.3516556652541 ], [ -8.506883602593755, 39.351368296173469 ], [ -8.507221264806425, 39.351055380334877 ], [ -8.507467091656325, 39.350816349319594 ], [ -8.507860376687063, 39.350427232154644 ], [ -8.508220952513675, 39.350083889031616 ], [ -8.508588026736799, 39.349720075729934 ], [ -8.508948463032326, 39.349374114189189 ], [ -8.509299223167337, 39.349040971177786 ], [ -8.509479538605706, 39.348875556945337 ], [ -8.509885839896647, 39.34847369153448 ], [ -8.510190629485075, 39.348178706685928 ], [ -8.51044627378497, 39.347914240854877 ], [ -8.51068220658882, 39.347695497572168 ], [ -8.511049440483992, 39.347344465168653 ], [ -8.51144907157224, 39.346934959783489 ], [ -8.511796402252797, 39.34659416599456 ], [ -8.511937081426611, 39.346416269515025 ], [ -8.512176085730358, 39.346144283452418 ], [ -8.512592078097377, 39.345696712303848 ], [ -8.512831091070586, 39.34542724685214 ], [ -8.513037407382349, 39.345203553128833 ], [ -8.513240496542062, 39.344984822620773 ], [ -8.513414062913478, 39.344776370837437 ], [ -8.513639832218908, 39.344484162404825 ], [ -8.513819807004646, 39.344280731269457 ], [ -8.51409498405847, 39.34396547937331 ], [ -8.514376660545405, 39.343673080158396 ], [ -8.514710838900795, 39.343329708530568 ], [ -8.514910443752507, 39.343090813996227 ], [ -8.515156008507709, 39.342813757955149 ], [ -8.515473487758953, 39.342429911997314 ], [ -8.515727757318141, 39.342113099050174 ], [ -8.515864451478151, 39.341930705424538 ], [ -8.516146889974188, 39.341568228861917 ], [ -8.516361067860595, 39.341323338182349 ], [ -8.516563298453439, 39.341078574731931 ], [ -8.516705901825597, 39.340896159723869 ], [ -8.517000070352019, 39.340517516818508 ], [ -8.517237991431308, 39.340224178495724 ], [ -8.517407543373064, 39.340027893573904 ], [ -8.517752661429533, 39.339655923249992 ], [ -8.517927989196641, 39.339434216401855 ], [ -8.518153858393161, 39.339145602448674 ], [ -8.518988377914514, 39.33823328762675 ], [ -8.519170009979518, 39.338042270675146 ], [ -8.519320374024437, 39.337881534873503 ], [ -8.519540886480376, 39.337611663689977 ], [ -8.519726281627095, 39.337388843389121 ], [ -8.520075908624735, 39.337017305034919 ], [ -8.520263342978478, 39.336806450339061 ], [ -8.520460544814812, 39.336601688621109 ], [ -8.520673393179708, 39.336351480929814 ], [ -8.520839258079882, 39.336163487099348 ], [ -8.521017034159115, 39.335969419415875 ], [ -8.521233743376087, 39.335726767455824 ], [ -8.521405750145563, 39.335559917421143 ], [ -8.521663481326064, 39.335268844742252 ], [ -8.521917270336795, 39.335000391801557 ], [ -8.522120236036484, 39.334768408952087 ], [ -8.522417147610351, 39.334454411823415 ], [ -8.522641534221844, 39.334196596729925 ], [ -8.522852559742672, 39.333976746218504 ], [ -8.523077019939963, 39.333732529084457 ], [ -8.523200048052537, 39.333602049358042 ], [ -8.523409116043936, 39.333385177656183 ], [ -8.523553712529344, 39.333254715298892 ], [ -8.523694401054017, 39.333109046416553 ], [ -8.523864181601056, 39.332919505636049 ], [ -8.524037948304926, 39.332716351251698 ], [ -8.524225066361517, 39.332454154610446 ], [ -8.524406331402892, 39.332202510349823 ], [ -8.524603321369884, 39.331962978030198 ], [ -8.52471052703612, 39.331805441834256 ], [ -8.524958152924674, 39.331475036065427 ], [ -8.525149219540479, 39.331214354023601 ], [ -8.525371691785788, 39.330950499778389 ], [ -8.525591877003057, 39.330629285064951 ], [ -8.525855221725603, 39.330312418897812 ], [ -8.526165927075898, 39.330002966361036 ], [ -8.526517387115977, 39.329640406612398 ], [ -8.526788964719351, 39.329385482704005 ], [ -8.527207328204705, 39.328960187285894 ], [ -8.527953113544896, 39.328272388495321 ], [ -8.530169140596945, 39.326470868978397 ], [ -8.530513320117862, 39.326242349037663 ], [ -8.530635398095471, 39.326132942331725 ], [ -8.530771751564581, 39.326025743033874 ], [ -8.530962149356082, 39.325878364183851 ], [ -8.531055895760263, 39.325804634120345 ], [ -8.531175197218339, 39.325717574201882 ], [ -8.531368571131257, 39.325583426897104 ], [ -8.531499329486092, 39.325491822943043 ], [ -8.531624312344688, 39.325404747620659 ], [ -8.531738068160546, 39.325322029565477 ], [ -8.531863192590418, 39.325239363427883 ], [ -8.531951195245723, 39.325174571248262 ], [ -8.532079202098384, 39.325089645001256 ], [ -8.53274310372703, 39.324638262073002 ], [ -8.533441653630371, 39.32420530922785 ], [ -8.533964710224756, 39.323847811022951 ], [ -8.534419847675524, 39.323579445759464 ], [ -8.534784003024068, 39.323400293825671 ], [ -8.535353036414127, 39.323095950665575 ], [ -8.535785410885987, 39.322863148000387 ], [ -8.536377283897032, 39.322558720811301 ], [ -8.536764284236417, 39.322361742026665 ], [ -8.53717411555753, 39.322182424204726 ], [ -8.537903033198649, 39.321895258567721 ], [ -8.538278657875233, 39.321698127847114 ], [ -8.538744912341208, 39.321412055503274 ], [ -8.539277183123886, 39.321132142478113 ], [ -8.539678351535834, 39.320981937537617 ], [ -8.54049861028356, 39.320712177175643 ], [ -8.541113804563704, 39.320496634577665 ], [ -8.54159204010203, 39.320299228034877 ], [ -8.542366594767808, 39.320029705845108 ], [ -8.543118725601886, 39.319813579269564 ], [ -8.544678280914733, 39.319438130807875 ], [ -8.545487002853282, 39.31924484910229 ], [ -8.546182917695559, 39.319094746376429 ], [ -8.547105921982086, 39.318932207395278 ], [ -8.548086388744188, 39.31874189870836 ], [ -8.548964311134116, 39.318565362571952 ], [ -8.549990989704552, 39.318387481051879 ], [ -8.551359490034248, 39.318186831119363 ], [ -8.552385887930191, 39.318040807817681 ], [ -8.553229550843238, 39.317877702594224 ], [ -8.553844646265661, 39.317791077252657 ], [ -8.554587419054428, 39.31782134322502 ], [ -8.555197762706026, 39.317889289885613 ], [ -8.556010202213651, 39.318030626883946 ], [ -8.556583542967241, 39.318133736937128 ], [ -8.556697113175057, 39.318927303886994 ], [ -8.556765075687544, 39.319388221159976 ], [ -8.556812840573489, 39.319769498982737 ], [ -8.556764661084003, 39.319799127904624 ], [ -8.555855985025348, 39.320316210582746 ], [ -8.555691480937949, 39.320419127945655 ], [ -8.554747919107102, 39.320980107210247 ], [ -8.553710323360537, 39.321604464534083 ], [ -8.55321052993517, 39.321915491168049 ], [ -8.552754101888713, 39.322205732825488 ], [ -8.55223374728601, 39.322493048547138 ], [ -8.551668179774616, 39.322802684939482 ], [ -8.551045996961692, 39.323147021249348 ], [ -8.551379366077901, 39.323335688525496 ], [ -8.551818911447041, 39.32357342342128 ], [ -8.551978027188609, 39.323672378772805 ], [ -8.552557803127309, 39.323990486351143 ], [ -8.552596028810715, 39.324003137031617 ], [ -8.552895150187826, 39.324164454072005 ], [ -8.553165438897031, 39.324313441743733 ], [ -8.553475521929734, 39.32448462834698 ], [ -8.553917308583507, 39.324726488663785 ], [ -8.553966559829211, 39.324758823902613 ], [ -8.554072444586103, 39.324817800289651 ], [ -8.554121669431774, 39.324845903073943 ], [ -8.554277014180109, 39.324933065853479 ], [ -8.554384681098314, 39.324999057519165 ], [ -8.554530982415104, 39.325105420006551 ], [ -8.554633868614482, 39.325201781209195 ], [ -8.554745649841776, 39.325298110100086 ], [ -8.554821930703262, 39.325408387244153 ], [ -8.554898499905692, 39.325511409793158 ], [ -8.554952864561109, 39.325565433430789 ], [ -8.555027848061131, 39.325625291933079 ], [ -8.555099370896707, 39.325683764113833 ], [ -8.555145566562985, 39.325731183471063 ], [ -8.555208094406858, 39.32581157208606 ], [ -8.555286947070002, 39.32590612923152 ], [ -8.555385993460289, 39.326003859261753 ], [ -8.555429988199736, 39.326029458441973 ], [ -8.555603373854447, 39.326185548210212 ], [ -8.555735506300055, 39.326307477280011 ], [ -8.555956988946264, 39.326495457501146 ], [ -8.555147286396188, 39.326919940948486 ], [ -8.553574680647046, 39.327747103697128 ], [ -8.550202088357761, 39.329504411933883 ], [ -8.550125895313524, 39.329543773446467 ], [ -8.550067140538253, 39.329570825363383 ], [ -8.550015260443816, 39.329603078602496 ], [ -8.548407064913519, 39.330609539275578 ], [ -8.548293487341727, 39.33068128501661 ], [ -8.547412667487885, 39.331275569997615 ], [ -8.546938813228902, 39.331595486023737 ], [ -8.546823177885777, 39.331673811988544 ], [ -8.546590755154037, 39.331830732475517 ], [ -8.546217995788188, 39.332085971442687 ], [ -8.5464287856023, 39.332193125696364 ], [ -8.546296561820089, 39.332330321587669 ], [ -8.546175851039145, 39.332451541849693 ], [ -8.545926841647537, 39.332707960141029 ], [ -8.546404103755007, 39.33286397341633 ], [ -8.546479730711162, 39.33288469161851 ], [ -8.546533097278481, 39.332907020059743 ], [ -8.546593369836691, 39.332919951062593 ], [ -8.546650220248095, 39.33294281020774 ], [ -8.546942496272074, 39.33306138062256 ], [ -8.547277983724452, 39.333170251634563 ], [ -8.546643652005706, 39.33365709915649 ], [ -8.546008069537439, 39.334129985590558 ], [ -8.545137039879014, 39.334781504993259 ], [ -8.544816725554574, 39.335023583372482 ], [ -8.544656278626462, 39.335136291155408 ], [ -8.543722290172163, 39.335855035054053 ], [ -8.543122805688721, 39.336318592747162 ], [ -8.542815186775199, 39.336637842157891 ], [ -8.543312560747362, 39.336484080617574 ], [ -8.543459228294296, 39.336459379348106 ], [ -8.544042216781056, 39.336491870548564 ], [ -8.544384872935421, 39.336507934288711 ], [ -8.544607351502902, 39.336514057380285 ], [ -8.545181342175649, 39.336529300703958 ], [ -8.545386066770577, 39.336542394570273 ], [ -8.545760250612727, 39.3366239833422 ], [ -8.546330506125324, 39.336760151182538 ], [ -8.546713568064437, 39.33683825110888 ], [ -8.547146554016729, 39.336947226262836 ], [ -8.547320942534759, 39.336996593874197 ], [ -8.547674679334779, 39.337108367458363 ], [ -8.54784679302738, 39.337165216541891 ], [ -8.548155526339466, 39.337277421922437 ], [ -8.548492635644084, 39.337401232753599 ], [ -8.548421551496594, 39.337522095287795 ], [ -8.548190916224927, 39.338002547738355 ], [ -8.547982053163002, 39.33843906162754 ], [ -8.547878489972039, 39.338656229060753 ], [ -8.547661798440595, 39.339123035255675 ], [ -8.547518395341825, 39.339156152808272 ], [ -8.547382513905355, 39.339459998340317 ], [ -8.54719452442645, 39.339877698793032 ], [ -8.547154439246096, 39.339963858152622 ], [ -8.547053403630642, 39.34017849830559 ], [ -8.546912439727931, 39.340487224293447 ], [ -8.547234979858375, 39.340559033486429 ], [ -8.547118930229461, 39.340823807002238 ], [ -8.547157896515344, 39.340842038531306 ], [ -8.547442594403185, 39.340986489530685 ], [ -8.547432491082883, 39.341239354255769 ], [ -8.547413539451824, 39.341408127038797 ], [ -8.547405616434522, 39.341539116886167 ], [ -8.547392459007376, 39.341746054055548 ], [ -8.547388798074966, 39.341852351763848 ], [ -8.547375632082584, 39.342077308706543 ], [ -8.547366017625212, 39.342217133390058 ], [ -8.547346441825683, 39.342553978639728 ], [ -8.547332415441776, 39.342732457088466 ], [ -8.547331901499369, 39.342782362267741 ], [ -8.547725025308168, 39.342764202873695 ], [ -8.548214597556074, 39.342734441946313 ], [ -8.548527508480243, 39.342705306922994 ], [ -8.548625342521959, 39.342693787900437 ], [ -8.548927621342221, 39.342652444504232 ], [ -8.549352458705185, 39.342583723432263 ], [ -8.549702142553167, 39.342536621333849 ], [ -8.550136910861312, 39.342479125325639 ], [ -8.550480833088413, 39.342457172449464 ], [ -8.550696358859412, 39.342457927006826 ], [ -8.550757491423042, 39.34247761171433 ], [ -8.550785165836436, 39.342507328855682 ], [ -8.55081954700818, 39.342593311354896 ], [ -8.550959887662822, 39.343133774855083 ], [ -8.551011460797394, 39.343495223182053 ], [ -8.551068491999679, 39.343876285696624 ], [ -8.551132082659819, 39.344422879109509 ], [ -8.551152752929799, 39.344659240405292 ], [ -8.551157047540261, 39.344931872934758 ], [ -8.551151718432433, 39.345301453562932 ], [ -8.551155207858825, 39.345885010128697 ], [ -8.55115691869589, 39.346500638542324 ], [ -8.551153981157398, 39.347057648731045 ], [ -8.55116851665805, 39.34750894024296 ], [ -8.551177046663913, 39.347596551133101 ], [ -8.551204731724956, 39.347648514005535 ], [ -8.551222487389376, 39.347669075730742 ], [ -8.551252107136996, 39.347675813865692 ], [ -8.551319831314078, 39.347670974177603 ], [ -8.551396454703042, 39.347661512415506 ], [ -8.551514239401079, 39.347629021733937 ], [ -8.551734931270831, 39.347559498069892 ], [ -8.551946949811127, 39.347494606060422 ], [ -8.552176565761304, 39.347443424963821 ], [ -8.552394591107531, 39.347412820608426 ], [ -8.552639209336849, 39.347386810022726 ], [ -8.55289848513927, 39.347349211479639 ], [ -8.553220420771277, 39.347313186732514 ], [ -8.553508190209467, 39.347267560373879 ], [ -8.553832325028319, 39.347212254258316 ], [ -8.553997719073056, 39.347188234933135 ], [ -8.554230837303951, 39.347160092763616 ], [ -8.554637079671991, 39.347119712105041 ], [ -8.555015815302607, 39.347096893738879 ], [ -8.555829888514243, 39.347068531555514 ], [ -8.556479587517654, 39.347040850890828 ], [ -8.557079089385052, 39.347019206825593 ], [ -8.557639262230012, 39.346997343748008 ], [ -8.557944117227416, 39.346976768692365 ], [ -8.558123853414981, 39.346945845708007 ], [ -8.558326733024611, 39.346886648168606 ], [ -8.558792717609574, 39.34673280744969 ], [ -8.559724479380172, 39.346410531366061 ], [ -8.560262999945296, 39.346224986551647 ], [ -8.560670946416868, 39.346086124854359 ], [ -8.56118906595297, 39.345903984248778 ], [ -8.561637319519139, 39.345736325413846 ], [ -8.561985710998563, 39.345571286464939 ], [ -8.562080312761438, 39.345523741178653 ], [ -8.562363795459762, 39.345368130322264 ], [ -8.562395718421321, 39.345391249272517 ], [ -8.563925560839838, 39.346406352582029 ], [ -8.565107881962543, 39.347195478816495 ], [ -8.566034311547368, 39.347852066066565 ], [ -8.566543856897859, 39.347241912289007 ], [ -8.566629611964782, 39.34718961976656 ], [ -8.566676885601112, 39.347237453653804 ], [ -8.566856372940263, 39.347465920810038 ], [ -8.566896620928265, 39.347521163959094 ], [ -8.566932674922022, 39.347591915946879 ], [ -8.567130639311051, 39.348068102618832 ], [ -8.567328349025541, 39.348465023239648 ], [ -8.56753034285339, 39.348880484054838 ], [ -8.567737965248467, 39.349322856675585 ], [ -8.567833125600664, 39.34949633765099 ], [ -8.567919516146681, 39.34963895404821 ], [ -8.568044792363532, 39.349842138722408 ], [ -8.568209438509422, 39.350089214777725 ], [ -8.568452651610004, 39.350507580386648 ], [ -8.568566166738039, 39.350721705315109 ], [ -8.568684284710635, 39.350948149099722 ], [ -8.568724455351525, 39.351026811375547 ], [ -8.568856371201969, 39.351289949823183 ], [ -8.568917653383021, 39.351424289982162 ], [ -8.568978876860413, 39.351567629374806 ], [ -8.569001431244505, 39.351631319171233 ], [ -8.569025313692848, 39.351721839908187 ], [ -8.569044573404287, 39.351777881448676 ], [ -8.569067199706236, 39.351834267958722 ], [ -8.569116435861341, 39.351897494791935 ], [ -8.56916456524354, 39.351950816077895 ], [ -8.569239339831618, 39.352016462868221 ], [ -8.569298491462243, 39.351995258122663 ], [ -8.569329756808278, 39.35202314959043 ], [ -8.569544814838116, 39.352222209395201 ], [ -8.569965988794099, 39.352655755863658 ], [ -8.570120894750206, 39.352827566726965 ], [ -8.570145859122205, 39.352978973309163 ], [ -8.570263668839679, 39.353544537652759 ], [ -8.57037596790242, 39.354062921445149 ], [ -8.57044185488658, 39.354450602886374 ], [ -8.570729377873434, 39.354770983706445 ], [ -8.571562909960591, 39.356093141309834 ], [ -8.572048075653932, 39.356827002792258 ], [ -8.572226057881299, 39.357085730903613 ], [ -8.572643200217696, 39.357332744453174 ], [ -8.573456096141985, 39.357818209196985 ], [ -8.573766476026792, 39.358004916229902 ], [ -8.574120175163698, 39.35821685932639 ], [ -8.574526297232982, 39.358443645342135 ], [ -8.57484580487643, 39.358623016355864 ], [ -8.575093837589613, 39.35876537919016 ], [ -8.575161980694736, 39.35880771965909 ], [ -8.575358649075925, 39.358918478195882 ], [ -8.575746648777974, 39.359140643260467 ], [ -8.57604870853605, 39.359311884402537 ], [ -8.576467527971088, 39.359544287047342 ], [ -8.576564867044553, 39.359598680501726 ], [ -8.57672417124043, 39.359689492250929 ], [ -8.576989304712074, 39.359838086313388 ], [ -8.577122263988677, 39.359910083896509 ], [ -8.577210838407971, 39.359953335985367 ], [ -8.577348843894475, 39.360016129469031 ], [ -8.57744765335079, 39.360063218079048 ], [ -8.577517182412723, 39.360086733243428 ], [ -8.577658444084591, 39.36013230488004 ], [ -8.577738627101319, 39.360151812469297 ], [ -8.57773512692324, 39.360166331841988 ], [ -8.578029322404365, 39.360978808017933 ], [ -8.57829241932907, 39.361699357447925 ], [ -8.577468852799372, 39.361098952838788 ], [ -8.577110880750686, 39.360838934644271 ], [ -8.575855457058838, 39.361975022369727 ], [ -8.575346917963159, 39.36249216967235 ], [ -8.574631737590765, 39.363214017770446 ], [ -8.574197360762348, 39.363644229029511 ], [ -8.573763386604444, 39.363973733741339 ], [ -8.573029919737317, 39.36452423893703 ], [ -8.572856895172892, 39.364632347102898 ], [ -8.572194863557272, 39.365047921282162 ], [ -8.571902423016887, 39.365227728563966 ], [ -8.571512088727415, 39.36546987121708 ], [ -8.571313502073849, 39.365591677749528 ], [ -8.571163738311419, 39.3656907814363 ], [ -8.570982676126341, 39.365831073427174 ], [ -8.570545549100865, 39.366180579171278 ], [ -8.570006486191801, 39.366614677289746 ], [ -8.569602500536721, 39.366939734876865 ], [ -8.569486583291321, 39.367034113995047 ], [ -8.56935288811677, 39.367142611668946 ], [ -8.569312922549901, 39.367190677621437 ], [ -8.569241137292744, 39.367178430366479 ], [ -8.568886771190046, 39.367144364377914 ], [ -8.568674937685344, 39.367134711868097 ], [ -8.567645696696736, 39.367082367750847 ], [ -8.566704477670603, 39.367040134868724 ], [ -8.566243399730149, 39.367012766975712 ], [ -8.565793041083484, 39.366991477746708 ], [ -8.565541071890491, 39.366984133166369 ], [ -8.565412531662776, 39.367007487060896 ], [ -8.565415642184727, 39.36705953853577 ], [ -8.565330636222368, 39.368493510460091 ], [ -8.565306635936231, 39.368947281551343 ], [ -8.565289710605359, 39.369230888857594 ], [ -8.565454363407806, 39.369867167740395 ], [ -8.565635190358551, 39.370509686685381 ], [ -8.565689397088297, 39.371130068142982 ], [ -8.565642801559273, 39.37132632738804 ], [ -8.56555183106042, 39.371683884499753 ], [ -8.565539978727875, 39.371737430871136 ], [ -8.565439070790948, 39.372139522699456 ], [ -8.56536992191848, 39.37242305185729 ], [ -8.565346130275957, 39.3724986217374 ], [ -8.565188890361245, 39.372968381382186 ], [ -8.565074980517663, 39.373332336294794 ], [ -8.564889062079791, 39.373894615006208 ], [ -8.564772895132915, 39.374251726228252 ], [ -8.564723174079196, 39.374374049934609 ], [ -8.564695253867226, 39.374457466664389 ], [ -8.564676490615335, 39.374520046578247 ], [ -8.564555320998235, 39.374875103563483 ], [ -8.564507384874224, 39.37498625171817 ], [ -8.564384829256962, 39.375342843047861 ], [ -8.56418989053171, 39.375892999692027 ], [ -8.564143049321544, 39.376031613536135 ], [ -8.564096133593564, 39.376158515677325 ], [ -8.564064045219283, 39.376261315678732 ], [ -8.563976330381058, 39.376490782502138 ], [ -8.563890085188476, 39.37673248898821 ], [ -8.563826962999951, 39.376923491612608 ], [ -8.563754645958253, 39.377109305899403 ], [ -8.563576168521168, 39.377601483781191 ], [ -8.563400032932101, 39.37807834239608 ], [ -8.563284810701631, 39.378401672625486 ], [ -8.563095378129857, 39.378963150383825 ], [ -8.562935033087181, 39.379404279870066 ], [ -8.562808651880642, 39.379764311536896 ], [ -8.56263026325232, 39.380273328940412 ], [ -8.562563268165315, 39.380456509783713 ], [ -8.562563676173577, 39.380522712358875 ], [ -8.562553986176082, 39.380891854188796 ], [ -8.562567310380841, 39.381151929508498 ], [ -8.562533762420356, 39.381679238653071 ], [ -8.562505931172417, 39.382438365154457 ], [ -8.562486974268428, 39.382884641910785 ], [ -8.562476462061637, 39.382950161484196 ], [ -8.562420681699093, 39.383391532786312 ], [ -8.562376867618449, 39.383684241703932 ], [ -8.56231034559802, 39.384154296029237 ], [ -8.562277029501823, 39.384266108845445 ], [ -8.56220297500469, 39.384907952760479 ], [ -8.561981885038866, 39.386044741286135 ], [ -8.561479757612371, 39.387311091029694 ], [ -8.560992969353112, 39.388375087874678 ], [ -8.560317994491069, 39.389947684842411 ], [ -8.560154989450501, 39.390303433120017 ], [ -8.559948595628006, 39.390757606864817 ], [ -8.559889672122461, 39.390897341149227 ], [ -8.559929418458285, 39.391683958954303 ], [ -8.559911262783238, 39.392549784874483 ], [ -8.559913924232996, 39.392985078983031 ], [ -8.559909626623334, 39.393591092013331 ], [ -8.559771456795104, 39.393795157272216 ], [ -8.55963266312412, 39.393991841534344 ], [ -8.559382065550047, 39.394357368822796 ], [ -8.558834231085426, 39.395208022814231 ], [ -8.558638301137419, 39.395517052279217 ], [ -8.558193447303001, 39.396238885337652 ], [ -8.557908504427065, 39.396686499326101 ], [ -8.55785440545135, 39.396743077607972 ], [ -8.557612404731982, 39.3971890028605 ], [ -8.557344176620523, 39.397693839497933 ], [ -8.557130359478336, 39.398098675970424 ], [ -8.556896916606222, 39.398521687757224 ], [ -8.556432586920963, 39.398595991457313 ], [ -8.555321568830637, 39.398862144669451 ], [ -8.554462770258251, 39.399048282001225 ], [ -8.554087995512392, 39.399139804995649 ], [ -8.55391846643926, 39.399133032472299 ], [ -8.55379503502888, 39.399128890631836 ], [ -8.553674736501103, 39.399124283378654 ], [ -8.553453652559448, 39.399117425412072 ], [ -8.55331839429595, 39.399115127211317 ], [ -8.55315711227599, 39.399109853195313 ], [ -8.553011151881327, 39.399104528163477 ], [ -8.55287773797601, 39.399100421376666 ], [ -8.552788786163129, 39.399097049368109 ], [ -8.552643995827641, 39.39909207723629 ], [ -8.552486196690458, 39.399087966957183 ], [ -8.552275789817847, 39.399079719003737 ], [ -8.552117386685881, 39.399070115176819 ], [ -8.551930641933234, 39.399059349466846 ], [ -8.551768656795049, 39.399052551156885 ], [ -8.551591364112278, 39.399049315040976 ], [ -8.551479781050261, 39.399046477387742 ], [ -8.551320257056803, 39.399043358005294 ], [ -8.551165007942389, 39.399038155917253 ], [ -8.551035653540229, 39.399033579374461 ], [ -8.550854160735314, 39.399026844458199 ], [ -8.550637606463686, 39.399019068669993 ], [ -8.550416411763022, 39.399012028789059 ], [ -8.550175002982581, 39.399003802660289 ], [ -8.54996438024177, 39.398997624730846 ], [ -8.549745157503974, 39.398991658259298 ], [ -8.549605133333069, 39.398988467595139 ], [ -8.549394968975468, 39.39898165739833 ], [ -8.549204662811235, 39.398976306107897 ], [ -8.548914148647478, 39.398967347757441 ], [ -8.548709667472595, 39.398959615302701 ], [ -8.548439697247064, 39.398950673352232 ], [ -8.548251486718062, 39.398946303801033 ], [ -8.547981616804822, 39.398933308140663 ], [ -8.54791763338001, 39.398931106164859 ], [ -8.547680040332761, 39.398918629723859 ], [ -8.54742631104274, 39.398908005373293 ], [ -8.54725290703324, 39.398894396950951 ], [ -8.547101963311947, 39.398889796504207 ], [ -8.546690685288386, 39.398876407427423 ], [ -8.546467406536422, 39.39887017808293 ], [ -8.54628138129732, 39.398862283914916 ], [ -8.545938612105019, 39.398850892534853 ], [ -8.545758964821431, 39.398842166063865 ], [ -8.545399477930097, 39.398830475706177 ], [ -8.545239703281071, 39.398824289165077 ], [ -8.545088044369793, 39.398817263029336 ], [ -8.544981339443602, 39.398814310897286 ], [ -8.544861502302998, 39.398809602824691 ], [ -8.544706601504984, 39.398803846855593 ], [ -8.544555648095328, 39.398797537196209 ], [ -8.544399011510752, 39.398792330083317 ], [ -8.544205460919132, 39.398787878288161 ], [ -8.544006778989349, 39.398779849564072 ], [ -8.543826217212176, 39.398773283237418 ], [ -8.543659815668368, 39.398765406572686 ], [ -8.543489122536382, 39.39875916608333 ], [ -8.54336812889648, 39.398754189437938 ], [ -8.543277325853019, 39.398751535448845 ], [ -8.54320008393848, 39.398743795925469 ], [ -8.543097131767551, 39.398728034267336 ], [ -8.542974763496847, 39.398706760125989 ], [ -8.542829612560999, 39.398680975174663 ], [ -8.542610031813501, 39.398632573125241 ], [ -8.54232955453053, 39.398572497307455 ], [ -8.542224936315716, 39.398549085610703 ], [ -8.542084635522329, 39.398518596284596 ], [ -8.541914212639504, 39.398478575946541 ], [ -8.541706713262082, 39.398431302460928 ], [ -8.541565678748286, 39.398394957773725 ], [ -8.541401375788571, 39.398348789475428 ], [ -8.541158462723757, 39.398281461596483 ], [ -8.540975556421808, 39.398229867216273 ], [ -8.540803926771554, 39.398181740394428 ], [ -8.540573217149344, 39.398116800441201 ], [ -8.540134027596899, 39.397993598512208 ], [ -8.539903105024779, 39.397929557779293 ], [ -8.539683908852796, 39.397867458970921 ], [ -8.539481696803582, 39.397809708498819 ], [ -8.539320068367674, 39.397764434023841 ], [ -8.539107490739251, 39.397702397486178 ], [ -8.539012162161086, 39.397678591993817 ], [ -8.538948106650162, 39.397663505192611 ], [ -8.538777995810813, 39.39761636265635 ], [ -8.538652532198851, 39.39758203266711 ], [ -8.538543854707815, 39.397538368545888 ], [ -8.538454940103913, 39.397500851266315 ], [ -8.538289372540142, 39.397436040986094 ], [ -8.538213887103254, 39.397410902937956 ], [ -8.538133863066733, 39.397385242016178 ], [ -8.537870483990318, 39.397309065074786 ], [ -8.537737340996093, 39.397271339016079 ], [ -8.537593506404226, 39.397231219860771 ], [ -8.537494454080331, 39.397206078605436 ], [ -8.537413403232836, 39.397182041131153 ], [ -8.537331776828976, 39.397159444933287 ], [ -8.53724853583873, 39.397139291605633 ], [ -8.53720778182841, 39.397137540768732 ], [ -8.537209176739564, 39.397157980223298 ], [ -8.53708788743277, 39.397222352681368 ], [ -8.536905721466853, 39.397318913287009 ], [ -8.536676423584986, 39.397435003248773 ], [ -8.536310928681734, 39.397647398487287 ], [ -8.536118749885105, 39.397759664896654 ], [ -8.535685375435989, 39.398018682493451 ], [ -8.53543232618798, 39.398164573778004 ], [ -8.534683535069869, 39.398606803990248 ], [ -8.534499559695764, 39.398712551593079 ], [ -8.533908902771399, 39.399059385570688 ], [ -8.53370482627771, 39.39918285775618 ], [ -8.533123404223176, 39.399521457680571 ], [ -8.532815497451708, 39.39969815325216 ], [ -8.532229077684432, 39.400037671073576 ], [ -8.532075076357188, 39.400128359331376 ], [ -8.531666627244356, 39.400366832136896 ], [ -8.531455343065529, 39.400489333372022 ], [ -8.531048300364915, 39.400730677849211 ], [ -8.530759464106897, 39.400895234133507 ], [ -8.530057075816506, 39.40130115652952 ], [ -8.529403881584059, 39.401681688170839 ], [ -8.529183116334352, 39.401813493057773 ], [ -8.528649277333965, 39.402115699154066 ], [ -8.528428352168591, 39.402240029967288 ], [ -8.527847075934206, 39.402572120534458 ], [ -8.527076948924286, 39.403015273809324 ], [ -8.526594587004562, 39.403287395297475 ], [ -8.52634743411714, 39.403435224766952 ], [ -8.525749328104821, 39.403792400496577 ], [ -8.525343549944576, 39.404038225117382 ], [ -8.524839633666543, 39.404341214397185 ], [ -8.524298928839885, 39.404668377706571 ], [ -8.523770128988609, 39.404986217619197 ], [ -8.523208818255862, 39.405325600091182 ], [ -8.522480205845691, 39.405728411127619 ], [ -8.522327100639341, 39.405817733273935 ], [ -8.522246075393092, 39.405862049848757 ], [ -8.522259329531167, 39.405532979481755 ], [ -8.522268557369886, 39.405313627038559 ], [ -8.522277492225941, 39.405063921694136 ], [ -8.522281644978447, 39.404871071539539 ], [ -8.522280695358166, 39.404700840823864 ], [ -8.522289818503848, 39.404484822220205 ], [ -8.522304394436825, 39.404288150599903 ], [ -8.522303254381232, 39.404083872821388 ], [ -8.522307408157914, 39.403891017225973 ], [ -8.522301123160092, 39.403701890350348 ], [ -8.522305677106608, 39.403580825284656 ], [ -8.522259479605584, 39.402750802035698 ], [ -8.522253467894354, 39.402588243313218 ], [ -8.52223684429919, 39.402418066756546 ], [ -8.522225088437541, 39.402163210885583 ], [ -8.522208254142837, 39.401955290811998 ], [ -8.522196761011765, 39.401747268199614 ], [ -8.522185218395299, 39.401550594676557 ], [ -8.522168606244206, 39.40136150315282 ], [ -8.52215741757178, 39.401229139952136 ], [ -8.522156320600317, 39.401032517946668 ], [ -8.522145311127444, 39.40091149946889 ], [ -8.522134213590933, 39.400794266061368 ], [ -8.522128331499349, 39.400677105282753 ], [ -8.522111635661878, 39.400472879386903 ], [ -8.522126622436994, 39.400370693368906 ], [ -8.522115620599777, 39.400249765820433 ], [ -8.522130279282697, 39.400068043773601 ], [ -8.522108146366907, 39.39982609722081 ], [ -8.522128128815462, 39.399682371793837 ], [ -8.521918645470395, 39.399403135210363 ], [ -8.521364597393289, 39.398830166244629 ], [ -8.520956789495406, 39.398415493233969 ], [ -8.52059086116442, 39.398038512691286 ], [ -8.519200511960028, 39.396643823803913 ], [ -8.51870914822933, 39.396146199774648 ], [ -8.517893701785857, 39.395316751563143 ], [ -8.517653061325248, 39.395043735806816 ], [ -8.517005612953037, 39.394508793951083 ], [ -8.516441665888868, 39.394041754412719 ], [ -8.516003088938602, 39.393680128539295 ], [ -8.515428939619543, 39.39321302660597 ], [ -8.515146972736034, 39.392979505975028 ], [ -8.514885824489557, 39.392753390434812 ], [ -8.514624810142685, 39.392550058230107 ], [ -8.51424883345142, 39.392233617051772 ], [ -8.513987815092305, 39.392007499032388 ], [ -8.513674384467183, 39.391728589172409 ], [ -8.513287960046258, 39.391389481093157 ], [ -8.512932861313582, 39.391088096598246 ], [ -8.512473381703094, 39.390696266931471 ], [ -8.512003456872174, 39.390304464025597 ], [ -8.511736596227856, 39.390068993389711 ], [ -8.51110201869337, 39.389536950343405 ], [ -8.510152138723974, 39.388736434052689 ], [ -8.509872113162746, 39.388489469911676 ], [ -8.509592165776102, 39.388257549410085 ], [ -8.509167098214657, 39.38789090057174 ], [ -8.508783596035123, 39.387568341786086 ], [ -8.508586511499072, 39.387396225098755 ], [ -8.508451763640902, 39.387291459457479 ], [ -8.508285792205509, 39.387141759667273 ], [ -8.508120012240301, 39.387007098197579 ], [ -8.507829587084506, 39.386745215254585 ], [ -8.507673943865816, 39.386595481311545 ], [ -8.507487352253735, 39.386453410911635 ], [ -8.507331906831583, 39.386318719549926 ], [ -8.507031237095612, 39.386071815732052 ], [ -8.506782377033989, 39.385854827621138 ], [ -8.506637109138, 39.385712532146542 ], [ -8.506429744162279, 39.385548008913204 ], [ -8.506160345661543, 39.385330999772307 ], [ -8.505911415789393, 39.385121484092949 ], [ -8.505486392369772, 39.3847548268132 ], [ -8.505170133169662, 39.384498596981601 ], [ -8.50506646558677, 39.384408771657036 ], [ -8.504869589130816, 39.384251687074553 ], [ -8.504765712679649, 39.384143129136746 ], [ -8.504796540389949, 39.384112942383588 ], [ -8.505074175916548, 39.383916783538034 ], [ -8.505254052552342, 39.383781007010271 ], [ -8.505428860685425, 39.383652816905077 ], [ -8.505619020881024, 39.383509441823335 ], [ -8.505716474675239, 39.383392758698299 ], [ -8.505741840437711, 39.383317558081721 ], [ -8.505715657053381, 39.383261257352508 ], [ -8.505570496129897, 39.383137879586485 ], [ -8.505373719286803, 39.382977015211182 ], [ -8.505150769211694, 39.382782457478321 ], [ -8.504916531641078, 39.382583702930816 ], [ -8.504735123634212, 39.382430262456324 ], [ -8.504579587162308, 39.382297817572308 ], [ -8.504496625883965, 39.382215399705359 ], [ -8.504429141224241, 39.382140497473578 ], [ -8.504320103354059, 39.382020692155791 ], [ -8.503972524216632, 39.381656030200148 ], [ -8.50374318767363, 39.381416363475452 ], [ -8.503634212800264, 39.381307817101955 ], [ -8.503520067413165, 39.381188026376059 ], [ -8.503385061657896, 39.381030745809682 ], [ -8.503250161257759, 39.380892198665819 ], [ -8.503151629922346, 39.380783617706477 ], [ -8.503081041758765, 39.380713676657017 ], [ -8.502972118199596, 39.380593778704217 ], [ -8.502728239795836, 39.380346325350537 ], [ -8.502619207631874, 39.380226517474213 ], [ -8.502499836973433, 39.380084225397212 ], [ -8.502375232347898, 39.37993816951213 ], [ -8.502286950467145, 39.379837029386238 ], [ -8.502203882027224, 39.379732093264046 ], [ -8.5021674429294, 39.379689426788723 ], [ -8.502099861750409, 39.379595694973091 ], [ -8.502021957863398, 39.379502091319281 ], [ -8.501855975658088, 39.379323471963076 ], [ -8.501793586052804, 39.379244857286878 ], [ -8.501705312852655, 39.379143716677497 ], [ -8.5016533648296, 39.379064982379049 ], [ -8.501596295602164, 39.379005083767602 ], [ -8.501528777858606, 39.378922705792334 ], [ -8.501347041364033, 39.378703961971297 ], [ -8.501253580412682, 39.37861031604379 ], [ -8.50118606922879, 39.378527932437834 ], [ -8.501123850459157, 39.378460575760762 ], [ -8.501082237122395, 39.378404327235174 ], [ -8.500999265193542, 39.378318213015845 ], [ -8.500926488197432, 39.378228372686849 ], [ -8.500884951966626, 39.378164644323718 ], [ -8.500822662793041, 39.37810476632292 ], [ -8.50074499710615, 39.378033583381729 ], [ -8.500682721339173, 39.377954972232722 ], [ -8.500604801333623, 39.377857582852748 ], [ -8.500552857010822, 39.377801272182417 ], [ -8.50045417666573, 39.377685214320884 ], [ -8.500366004780245, 39.377580292049714 ], [ -8.500303618411749, 39.377501677436605 ], [ -8.500210238504922, 39.377400550869737 ], [ -8.500137463025629, 39.377310623556774 ], [ -8.500049175320825, 39.377205786970379 ], [ -8.499945372799658, 39.377085965422481 ], [ -8.499862326278876, 39.376984806892025 ], [ -8.49978442016927, 39.376891200795406 ], [ -8.499701399710684, 39.376793826860798 ], [ -8.499618260229509, 39.376697172909715 ], [ -8.499530108281341, 39.376596029313468 ], [ -8.499373971995551, 39.37634486968517 ], [ -8.499316651897209, 39.376236154752007 ], [ -8.499300881754234, 39.376194499552795 ], [ -8.499264294387089, 39.376100763058638 ], [ -8.499206914695536, 39.375980789336971 ], [ -8.499164818028712, 39.375831857311717 ], [ -8.499138626098462, 39.37574925151155 ], [ -8.499101940216342, 39.375636783131746 ], [ -8.499070345130994, 39.3755204211567 ], [ -8.499049153783496, 39.375419066566998 ], [ -8.499033149274274, 39.375310220640195 ], [ -8.499017125425761, 39.37522011411366 ], [ -8.499042493996406, 39.375122396999558 ], [ -8.499067865643031, 39.375047288678196 ], [ -8.499108628159091, 39.374941952636632 ], [ -8.499159756656086, 39.374866672306744 ], [ -8.499241853891656, 39.374764997285858 ], [ -8.499313543545759, 39.374670918250416 ], [ -8.499765171006736, 39.374198236455825 ], [ -8.499785594578507, 39.374153135520572 ], [ -8.499809738937788, 39.373823673862752 ], [ -8.499798902156629, 39.373726070648942 ], [ -8.499808732590285, 39.373632188006809 ], [ -8.499797883343835, 39.373531973659873 ], [ -8.499802669390984, 39.373471877370335 ], [ -8.499802057867397, 39.373355418813063 ], [ -8.499785974029571, 39.373231535786097 ], [ -8.499774992839628, 39.373107630371187 ], [ -8.499639517062054, 39.372854959290237 ], [ -8.499587516052925, 39.372764966118361 ], [ -8.499509565456332, 39.372660096475428 ], [ -8.499436834898388, 39.372577642624378 ], [ -8.499343481468598, 39.372480300881485 ], [ -8.499281101981952, 39.372401684720195 ], [ -8.499182666888879, 39.372308052662625 ], [ -8.499052887880651, 39.3721680449544 ], [ -8.498954336214815, 39.372074413065555 ], [ -8.498871374441464, 39.371988297187826 ], [ -8.498793562987846, 39.371909729260814 ], [ -8.498674214574917, 39.371789950802437 ], [ -8.498586110367691, 39.371696286674222 ], [ -8.498503013718899, 39.371606385249386 ], [ -8.498435544036433, 39.371530039090551 ], [ -8.498368034471365, 39.37144756906163 ], [ -8.49828511356437, 39.371369016822968 ], [ -8.498207301827989, 39.371290358422975 ], [ -8.498119136117227, 39.371208043121975 ], [ -8.498046505519294, 39.371121893333665 ], [ -8.497953048049062, 39.371024551672022 ], [ -8.497854537708694, 39.370915965042592 ], [ -8.497766339336994, 39.370826084471673 ], [ -8.497673011381414, 39.370732520669144 ], [ -8.49755873697633, 39.370605160942482 ], [ -8.497460307186323, 39.370511618347152 ], [ -8.497366810875556, 39.37040671032392 ], [ -8.49730456373446, 39.370331787384444 ], [ -8.497247310300173, 39.370234329126305 ], [ -8.497205555018205, 39.37014808307886 ], [ -8.497189801179772, 39.37008805202256 ], [ -8.497184034099147, 39.369982868435912 ], [ -8.497193619345021, 39.369840074325708 ], [ -8.497147027014137, 39.369806448705141 ], [ -8.497054800186849, 39.369700813171406 ], [ -8.497060660663612, 39.369667107224814 ], [ -8.496982924474136, 39.369603491473391 ], [ -8.496858755969317, 39.369536327887126 ], [ -8.496775942022207, 39.369476512669308 ], [ -8.496672445763421, 39.369435495067314 ], [ -8.496548419530923, 39.369394542392925 ], [ -8.4963985459515, 39.369316198758028 ], [ -8.49629509406261, 39.369260136947439 ], [ -8.496243180147069, 39.369207789105154 ], [ -8.496206743271214, 39.369140259144558 ], [ -8.496214878109555, 39.369053588632809 ], [ -8.496206138481444, 39.368913016171923 ], [ -8.496154153960259, 39.368845625673572 ], [ -8.495946855725164, 39.368658474122817 ], [ -8.495780792025267, 39.368478764200795 ], [ -8.495629513787843, 39.368351516935334 ], [ -8.4953707799505, 39.368202178933934 ], [ -8.495122487048198, 39.368075235667007 ], [ -8.494801987080379, 39.367963555547028 ], [ -8.494595357051349, 39.367904124421031 ], [ -8.494295704827451, 39.367829939744361 ], [ -8.493965187868795, 39.36777836877507 ], [ -8.493789741652066, 39.367756396615192 ], [ -8.493624538448014, 39.367741867490125 ], [ -8.493397296323485, 39.367690063188739 ], [ -8.49319051916706, 39.367623061311804 ], [ -8.492259348724296, 39.367543357705514 ], [ -8.492052920826366, 39.367521388465263 ], [ -8.491891630575424, 39.367476761834951 ], [ -8.491715984369764, 39.367417230056127 ], [ -8.491591861831413, 39.367357539304656 ], [ -8.491198002360736, 39.367013244899468 ], [ -8.490793701093505, 39.366646463355679 ], [ -8.490638100909909, 39.366489226314478 ], [ -8.490584845917443, 39.366173966725491 ], [ -8.490522617906361, 39.366099039127548 ], [ -8.490408595991884, 39.365994189347958 ], [ -8.490335769946038, 39.365889297671465 ], [ -8.490253036653966, 39.365844515850711 ], [ -8.490149690658482, 39.365807277652358 ], [ -8.490066804198822, 39.365754931962698 ], [ -8.489942492530947, 39.365657677485721 ], [ -8.489786895325773, 39.365500444668626 ], [ -8.489652111341114, 39.365373134482766 ], [ -8.489475743720321, 39.365170928212912 ], [ -8.489288823821207, 39.364946146011732 ], [ -8.489081293506825, 39.36470647377147 ], [ -8.488977414742322, 39.364564032603248 ], [ -8.488749074803261, 39.364316859176931 ], [ -8.488497814658535, 39.364011929357346 ] ] ] } },
{ "type": "Feature", "properties": { "dtmnfr": "141202", "freguesia": "Golegã", "municipio": "Golegã", "distrito_i": "Santarém", "nuts3_cod": "1D3", "nuts3": "Lezíria do Tejo", "nuts2": "Oeste e Vale do Tejo", "nuts1": "Continente", "area_ha": 3840.34, "perimetro_": 29, "designacao": "Golegã" }, "geometry": { "type": "Polygon", "coordinates": [ [ [ -8.437493816576222, 39.451777907958011 ], [ -8.437823637732794, 39.451589785512247 ], [ -8.438191483041859, 39.451382830476824 ], [ -8.438628745503955, 39.451135963746033 ], [ -8.439181775608024, 39.450797732412155 ], [ -8.439495521103499, 39.450600819719689 ], [ -8.439803997080757, 39.450395908319592 ], [ -8.440138143583615, 39.450137421175107 ], [ -8.440456669354402, 39.449867178735602 ], [ -8.440775120559646, 39.449581079635678 ], [ -8.440988159734861, 39.449364530908596 ], [ -8.441252456935214, 39.449076592274331 ], [ -8.441634824651542, 39.448665486681833 ], [ -8.442058146802568, 39.448190859722267 ], [ -8.442461223228664, 39.447761865129998 ], [ -8.442799872130665, 39.447398429941281 ], [ -8.443000200052971, 39.447225496343982 ], [ -8.443197935992316, 39.447046721941895 ], [ -8.443567912194723, 39.446726610358226 ], [ -8.443853172370615, 39.446505986874435 ], [ -8.444112620244127, 39.446307134157856 ], [ -8.444428722821893, 39.446074538391535 ], [ -8.444658752039087, 39.445921336982025 ], [ -8.444818411923741, 39.445801388550976 ], [ -8.444974144373225, 39.445660008280925 ], [ -8.445240277387731, 39.44542448006991 ], [ -8.445497352824303, 39.445190686006107 ], [ -8.445732114250976, 39.444979560808022 ], [ -8.446004939560792, 39.44473527421151 ], [ -8.446270956263474, 39.444475333955275 ], [ -8.446615125685641, 39.444157985064869 ], [ -8.446966360926844, 39.443735597614818 ], [ -8.447190859122802, 39.443363630515016 ], [ -8.447459448799322, 39.442878148783862 ], [ -8.447537442003282, 39.442683022932265 ], [ -8.447709383406078, 39.44204513696706 ], [ -8.448083794624317, 39.440687579427532 ], [ -8.448478531596706, 39.439282491845965 ], [ -8.448833252677627, 39.438125123052203 ], [ -8.449032528747779, 39.437473912897062 ], [ -8.449090669422498, 39.436848308256238 ], [ -8.449210240040312, 39.436015108747895 ], [ -8.449304564792387, 39.435351576797032 ], [ -8.449473917343605, 39.43407428566379 ], [ -8.449542034511325, 39.433345973794019 ], [ -8.449533104960711, 39.432812424693488 ], [ -8.449525694793627, 39.432612940387514 ], [ -8.449380275284152, 39.432024818465202 ], [ -8.449149525551066, 39.431187617331183 ], [ -8.448772888999573, 39.429707540041839 ], [ -8.448437911540315, 39.428497370018533 ], [ -8.44836319086621, 39.428231687684871 ], [ -8.448275419677834, 39.427956131079668 ], [ -8.448129387437961, 39.427202104051133 ], [ -8.448053677461861, 39.42671710302254 ], [ -8.447986783374025, 39.426255316267834 ], [ -8.447897903731144, 39.425733782016273 ], [ -8.44781761604531, 39.42518565445782 ], [ -8.447773153604976, 39.424906556560643 ], [ -8.447749823700532, 39.424524455194685 ], [ -8.447683504220457, 39.424189031198779 ], [ -8.447487197017891, 39.423793981340346 ], [ -8.447270181782097, 39.423390603267372 ], [ -8.447249204109223, 39.423348060081878 ], [ -8.447018999188527, 39.422955079757635 ], [ -8.446826875497127, 39.422559286928994 ], [ -8.446544110009103, 39.422020086926203 ], [ -8.446230358142222, 39.421510147101166 ], [ -8.446059470111837, 39.421212747549369 ], [ -8.445787534798152, 39.42078249572296 ], [ -8.44550183338306, 39.420336342174188 ], [ -8.445167182387033, 39.419797273410346 ], [ -8.444930171671583, 39.419409531042533 ], [ -8.444613065529492, 39.418923648085425 ], [ -8.44432353514301, 39.418371122739771 ], [ -8.444138345654334, 39.417988463211593 ], [ -8.444047187757644, 39.417728045641169 ], [ -8.443959528132737, 39.417470231592873 ], [ -8.443850317151716, 39.417042241224124 ], [ -8.443775687370662, 39.416632800331286 ], [ -8.443739254970634, 39.416223257373701 ], [ -8.443720110888368, 39.415811060666741 ], [ -8.443722433082909, 39.415550392209951 ], [ -8.443769675425758, 39.41533742780171 ], [ -8.443837316477067, 39.414986154661285 ], [ -8.443901741847853, 39.414669472750148 ], [ -8.443972541219999, 39.414272973690331 ], [ -8.44403655398845, 39.413889825887836 ], [ -8.444124742815839, 39.413485262999906 ], [ -8.444215759056727, 39.412987651058181 ], [ -8.444297174115581, 39.412628323471246 ], [ -8.444361513574439, 39.412292998543116 ], [ -8.444415830086262, 39.412080013931195 ], [ -8.444508206701665, 39.411835047730335 ], [ -8.444631312671541, 39.411502267421767 ], [ -8.44478858507998, 39.411073560908463 ], [ -8.444914978388208, 39.410724736130838 ], [ -8.444990130618322, 39.410498458532665 ], [ -8.445116677609716, 39.410184310390505 ], [ -8.445294613842972, 39.409728977665793 ], [ -8.445407314853782, 39.409436036591217 ], [ -8.445540766253909, 39.409108541607019 ], [ -8.445735862816377, 39.408623884489899 ], [ -8.445865980893558, 39.408330895215251 ], [ -8.445995970714138, 39.407984766976071 ], [ -8.446156822292737, 39.40760657584628 ], [ -8.446259366060243, 39.407327079048059 ], [ -8.446379037898355, 39.40701015928515 ], [ -8.446536481558011, 39.406624054107688 ], [ -8.446645804000481, 39.40635516883826 ], [ -8.44679658803765, 39.406038159342827 ], [ -8.446868467869839, 39.405859809644383 ], [ -8.447050133342808, 39.405465620258802 ], [ -8.447207644059954, 39.405121932826965 ], [ -8.447396109130683, 39.404717094320972 ], [ -8.44761546457597, 39.404261644859403 ], [ -8.447800684567909, 39.403936619121716 ], [ -8.448017049609232, 39.403592860476891 ], [ -8.44826109931158, 39.403235789588265 ], [ -8.448446707437094, 39.402971919036837 ], [ -8.448687404714635, 39.402617468367353 ], [ -8.448990118313514, 39.402244290588044 ], [ -8.449155324811734, 39.402039019522775 ], [ -8.449276194271862, 39.401888089667494 ], [ -8.449345649276115, 39.401766668003155 ], [ -8.449415067212291, 39.401611646298974 ], [ -8.449488770076275, 39.401480031366027 ], [ -8.449688567065948, 39.401095606935598 ], [ -8.449896935019954, 39.400707732500308 ], [ -8.450131592003308, 39.400279440514169 ], [ -8.450283520840204, 39.400016468421612 ], [ -8.450535445171193, 39.399557859221993 ], [ -8.450635365073458, 39.399372307695089 ], [ -8.450800422864159, 39.399085613972701 ], [ -8.450939601349106, 39.398852940571224 ], [ -8.451047995501485, 39.398589996269855 ], [ -8.451164970235991, 39.398327029301292 ], [ -8.451329538948707, 39.397908922409592 ], [ -8.451394568771025, 39.397760574893141 ], [ -8.451563839064239, 39.397433427474567 ], [ -8.45177674401198, 39.39705229056954 ], [ -8.452163730178381, 39.396482340940899 ], [ -8.452320160406675, 39.39621584182202 ], [ -8.452546051330133, 39.395807740151291 ], [ -8.45277640387593, 39.395409712823628 ], [ -8.452937310574598, 39.395160045634867 ], [ -8.453263448777765, 39.394640515522937 ], [ -8.453545745818566, 39.394131287748017 ], [ -8.453706547192802, 39.393884952370534 ], [ -8.453927909197766, 39.393453260811746 ], [ -8.454110046913117, 39.393075632348705 ], [ -8.454279564986187, 39.392782161273438 ], [ -8.454466498383329, 39.392488647243987 ], [ -8.454805647930801, 39.39195223605897 ], [ -8.45528801270247, 39.391159533349253 ], [ -8.455405346603571, 39.390953756027876 ], [ -8.455692226593488, 39.390488192795381 ], [ -8.456000726555423, 39.389928354354574 ], [ -8.456291742730562, 39.389405495509344 ], [ -8.456456910718515, 39.389152474256683 ], [ -8.456652544574142, 39.388838753724528 ], [ -8.456848214447945, 39.388531698018959 ], [ -8.457069619413801, 39.388116845136111 ], [ -8.457360464664447, 39.387560383779103 ], [ -8.457542796649216, 39.387256785821407 ], [ -8.457829358639462, 39.386754199569324 ], [ -8.458068355047889, 39.386356227174723 ], [ -8.45848979000913, 39.385630968414269 ], [ -8.458889909398421, 39.385040509848473 ], [ -8.459459608917831, 39.384203861709025 ], [ -8.459751112846138, 39.3837954703029 ], [ -8.459933873333458, 39.383562662361271 ], [ -8.46005599646767, 39.383444416863604 ], [ -8.460269572087237, 39.383248450125649 ], [ -8.460430568464806, 39.38302912139882 ], [ -8.460800757624753, 39.382620686069664 ], [ -8.461131625875126, 39.382219025669912 ], [ -8.461414577818481, 39.381871363056902 ], [ -8.461706166366112, 39.381510252021215 ], [ -8.462093710942316, 39.381044386245499 ], [ -8.462463804394551, 39.380595415486489 ], [ -8.462729503659126, 39.380284816847265 ], [ -8.462860040306062, 39.380105926509934 ], [ -8.463103571374289, 39.379744948960607 ], [ -8.463464651497398, 39.379258885696224 ], [ -8.463712628437872, 39.378931586297732 ], [ -8.464221741567981, 39.378263337741899 ], [ -8.464617730640933, 39.377750333792712 ], [ -8.464831082631552, 39.377490408492427 ], [ -8.464996749148707, 39.377331768965831 ], [ -8.466489003308574, 39.376263387338319 ], [ -8.466611232005826, 39.376172066790545 ], [ -8.466846748496364, 39.375986201173873 ], [ -8.466992242471957, 39.375833651413608 ], [ -8.467245477761374, 39.375616030809361 ], [ -8.467392781307117, 39.375501846663148 ], [ -8.467687725888515, 39.375319684367888 ], [ -8.467978144461028, 39.375162391352333 ], [ -8.468268857177412, 39.37504067496868 ], [ -8.468720776019254, 39.374825988796772 ], [ -8.469186820167332, 39.374629186984713 ], [ -8.469897125248506, 39.374307190718831 ], [ -8.47069025925118, 39.373931536598135 ], [ -8.471351957663392, 39.373663899931465 ], [ -8.471924240474578, 39.373410028785891 ], [ -8.472214294441224, 39.373275963760364 ], [ -8.472477338314372, 39.373148465529979 ], [ -8.472878668306237, 39.372987685145581 ], [ -8.47329962989059, 39.372809012742771 ], [ -8.473740290591637, 39.3726226205778 ], [ -8.474072565568559, 39.372487345557559 ], [ -8.474572257003587, 39.372247545940567 ], [ -8.475101630835669, 39.371979829371647 ], [ -8.475423779174466, 39.371814043324882 ], [ -8.475683408240331, 39.371678983676382 ], [ -8.475851147111007, 39.371594812480055 ], [ -8.47602857053708, 39.371497998897333 ], [ -8.476307852150745, 39.371324778813097 ], [ -8.476757908243099, 39.37102431702835 ], [ -8.477053570826232, 39.370830777990179 ], [ -8.477237554080173, 39.370723771398275 ], [ -8.477375664450294, 39.370657517957724 ], [ -8.477865206024308, 39.370364505555507 ], [ -8.478364722011506, 39.370071455187627 ], [ -8.478795085361243, 39.369781227388302 ], [ -8.479248379010805, 39.369483268305622 ], [ -8.47956682679966, 39.369254170515447 ], [ -8.479868980135143, 39.369040336177925 ], [ -8.480082476712511, 39.368895312524259 ], [ -8.480319145011942, 39.368767876055543 ], [ -8.48094694335288, 39.368421200387971 ], [ -8.481525303698906, 39.368097550210386 ], [ -8.481929502193042, 39.367870705749446 ], [ -8.482244918936509, 39.367689797025889 ], [ -8.482731271335135, 39.367417036116159 ], [ -8.483319608160546, 39.367095869018236 ], [ -8.483769667276805, 39.366830869046005 ], [ -8.484118059399131, 39.366632018097597 ], [ -8.484584601680419, 39.366369578217594 ], [ -8.485018220275789, 39.366112191760145 ], [ -8.485649311201211, 39.365760438474801 ], [ -8.486095950681461, 39.365464999258222 ], [ -8.486690662914098, 39.365103259027698 ], [ -8.487377189489067, 39.364680445200044 ], [ -8.48803426894977, 39.364287975749257 ], [ -8.488497814658535, 39.364011929357346 ], [ -8.488749074803261, 39.364316859176931 ], [ -8.488977414742322, 39.364564032603248 ], [ -8.489081293506825, 39.36470647377147 ], [ -8.489288823821207, 39.364946146011732 ], [ -8.489475743720321, 39.365170928212912 ], [ -8.489652111341114, 39.365373134482766 ], [ -8.489786895325773, 39.365500444668626 ], [ -8.489942492530947, 39.365657677485721 ], [ -8.490066804198822, 39.365754931962698 ], [ -8.490149690658482, 39.365807277652358 ], [ -8.490253036653966, 39.365844515850711 ], [ -8.490335769946038, 39.365889297671465 ], [ -8.490408595991884, 39.365994189347958 ], [ -8.490522617906361, 39.366099039127548 ], [ -8.490584845917443, 39.366173966725491 ], [ -8.490638100909909, 39.366489226314478 ], [ -8.490793701093505, 39.366646463355679 ], [ -8.491198002360736, 39.367013244899468 ], [ -8.491591861831413, 39.367357539304656 ], [ -8.491715984369764, 39.367417230056127 ], [ -8.491891630575424, 39.367476761834951 ], [ -8.492052920826366, 39.367521388465263 ], [ -8.492259348724296, 39.367543357705514 ], [ -8.49319051916706, 39.367623061311804 ], [ -8.493397296323485, 39.367690063188739 ], [ -8.493624538448014, 39.367741867490125 ], [ -8.493789741652066, 39.367756396615192 ], [ -8.493965187868795, 39.36777836877507 ], [ -8.494295704827451, 39.367829939744361 ], [ -8.494595357051349, 39.367904124421031 ], [ -8.494801987080379, 39.367963555547028 ], [ -8.495122487048198, 39.368075235667007 ], [ -8.4953707799505, 39.368202178933934 ], [ -8.495629513787843, 39.368351516935334 ], [ -8.495780792025267, 39.368478764200795 ], [ -8.495946855725164, 39.368658474122817 ], [ -8.496154153960259, 39.368845625673572 ], [ -8.496206138481444, 39.368913016171923 ], [ -8.496214878109555, 39.369053588632809 ], [ -8.496206743271214, 39.369140259144558 ], [ -8.496243180147069, 39.369207789105154 ], [ -8.49629509406261, 39.369260136947439 ], [ -8.4963985459515, 39.369316198758028 ], [ -8.496548419530923, 39.369394542392925 ], [ -8.496672445763421, 39.369435495067314 ], [ -8.496775942022207, 39.369476512669308 ], [ -8.496858755969317, 39.369536327887126 ], [ -8.496982924474136, 39.369603491473391 ], [ -8.497060660663612, 39.369667107224814 ], [ -8.497054800186849, 39.369700813171406 ], [ -8.497147027014137, 39.369806448705141 ], [ -8.497193619345021, 39.369840074325708 ], [ -8.497184034099147, 39.369982868435912 ], [ -8.497189801179772, 39.37008805202256 ], [ -8.497205555018205, 39.37014808307886 ], [ -8.497247310300173, 39.370234329126305 ], [ -8.49730456373446, 39.370331787384444 ], [ -8.497366810875556, 39.37040671032392 ], [ -8.497460307186323, 39.370511618347152 ], [ -8.49755873697633, 39.370605160942482 ], [ -8.497673011381414, 39.370732520669144 ], [ -8.497766339336994, 39.370826084471673 ], [ -8.497854537708694, 39.370915965042592 ], [ -8.497953048049062, 39.371024551672022 ], [ -8.498046505519294, 39.371121893333665 ], [ -8.498119136117227, 39.371208043121975 ], [ -8.498207301827989, 39.371290358422975 ], [ -8.49828511356437, 39.371369016822968 ], [ -8.498368034471365, 39.37144756906163 ], [ -8.498435544036433, 39.371530039090551 ], [ -8.498503013718899, 39.371606385249386 ], [ -8.498586110367691, 39.371696286674222 ], [ -8.498674214574917, 39.371789950802437 ], [ -8.498793562987846, 39.371909729260814 ], [ -8.498871374441464, 39.371988297187826 ], [ -8.498954336214815, 39.372074413065555 ], [ -8.499052887880651, 39.3721680449544 ], [ -8.499182666888879, 39.372308052662625 ], [ -8.499281101981952, 39.372401684720195 ], [ -8.499343481468598, 39.372480300881485 ], [ -8.499436834898388, 39.372577642624378 ], [ -8.499509565456332, 39.372660096475428 ], [ -8.499587516052925, 39.372764966118361 ], [ -8.499639517062054, 39.372854959290237 ], [ -8.499774992839628, 39.373107630371187 ], [ -8.499785974029571, 39.373231535786097 ], [ -8.499802057867397, 39.373355418813063 ], [ -8.499802669390984, 39.373471877370335 ], [ -8.499797883343835, 39.373531973659873 ], [ -8.499808732590285, 39.373632188006809 ], [ -8.499798902156629, 39.373726070648942 ], [ -8.499809738937788, 39.373823673862752 ], [ -8.499785594578507, 39.374153135520572 ], [ -8.499765171006736, 39.374198236455825 ], [ -8.499313543545759, 39.374670918250416 ], [ -8.499241853891656, 39.374764997285858 ], [ -8.499159756656086, 39.374866672306744 ], [ -8.499108628159091, 39.374941952636632 ], [ -8.499067865643031, 39.375047288678196 ], [ -8.499042493996406, 39.375122396999558 ], [ -8.499017125425761, 39.37522011411366 ], [ -8.499033149274274, 39.375310220640195 ], [ -8.499049153783496, 39.375419066566998 ], [ -8.499070345130994, 39.3755204211567 ], [ -8.499101940216342, 39.375636783131746 ], [ -8.499138626098462, 39.37574925151155 ], [ -8.499164818028712, 39.375831857311717 ], [ -8.499206914695536, 39.375980789336971 ], [ -8.499264294387089, 39.376100763058638 ], [ -8.499300881754234, 39.376194499552795 ], [ -8.499316651897209, 39.376236154752007 ], [ -8.499373971995551, 39.37634486968517 ], [ -8.499530108281341, 39.376596029313468 ], [ -8.499618260229509, 39.376697172909715 ], [ -8.499701399710684, 39.376793826860798 ], [ -8.49978442016927, 39.376891200795406 ], [ -8.499862326278876, 39.376984806892025 ], [ -8.499945372799658, 39.377085965422481 ], [ -8.500049175320825, 39.377205786970379 ], [ -8.500137463025629, 39.377310623556774 ], [ -8.500210238504922, 39.377400550869737 ], [ -8.500303618411749, 39.377501677436605 ], [ -8.500366004780245, 39.377580292049714 ], [ -8.50045417666573, 39.377685214320884 ], [ -8.500552857010822, 39.377801272182417 ], [ -8.500604801333623, 39.377857582852748 ], [ -8.500682721339173, 39.377954972232722 ], [ -8.50074499710615, 39.378033583381729 ], [ -8.500822662793041, 39.37810476632292 ], [ -8.500884951966626, 39.378164644323718 ], [ -8.500926488197432, 39.378228372686849 ], [ -8.500999265193542, 39.378318213015845 ], [ -8.501082237122395, 39.378404327235174 ], [ -8.501123850459157, 39.378460575760762 ], [ -8.50118606922879, 39.378527932437834 ], [ -8.501253580412682, 39.37861031604379 ], [ -8.501347041364033, 39.378703961971297 ], [ -8.501528777858606, 39.378922705792334 ], [ -8.501596295602164, 39.379005083767602 ], [ -8.5016533648296, 39.379064982379049 ], [ -8.501705312852655, 39.379143716677497 ], [ -8.501793586052804, 39.379244857286878 ], [ -8.501855975658088, 39.379323471963076 ], [ -8.502021957863398, 39.379502091319281 ], [ -8.502099861750409, 39.379595694973091 ], [ -8.5021674429294, 39.379689426788723 ], [ -8.502203882027224, 39.379732093264046 ], [ -8.502286950467145, 39.379837029386238 ], [ -8.502375232347898, 39.37993816951213 ], [ -8.502499836973433, 39.380084225397212 ], [ -8.502619207631874, 39.380226517474213 ], [ -8.502728239795836, 39.380346325350537 ], [ -8.502972118199596, 39.380593778704217 ], [ -8.503081041758765, 39.380713676657017 ], [ -8.503151629922346, 39.380783617706477 ], [ -8.503250161257759, 39.380892198665819 ], [ -8.503385061657896, 39.381030745809682 ], [ -8.503520067413165, 39.381188026376059 ], [ -8.503634212800264, 39.381307817101955 ], [ -8.50374318767363, 39.381416363475452 ], [ -8.503972524216632, 39.381656030200148 ], [ -8.504320103354059, 39.382020692155791 ], [ -8.504429141224241, 39.382140497473578 ], [ -8.504496625883965, 39.382215399705359 ], [ -8.504579587162308, 39.382297817572308 ], [ -8.504735123634212, 39.382430262456324 ], [ -8.504916531641078, 39.382583702930816 ], [ -8.505150769211694, 39.382782457478321 ], [ -8.505373719286803, 39.382977015211182 ], [ -8.505570496129897, 39.383137879586485 ], [ -8.505715657053381, 39.383261257352508 ], [ -8.505741840437711, 39.383317558081721 ], [ -8.505716474675239, 39.383392758698299 ], [ -8.505619020881024, 39.383509441823335 ], [ -8.505428860685425, 39.383652816905077 ], [ -8.505254052552342, 39.383781007010271 ], [ -8.505074175916548, 39.383916783538034 ], [ -8.504796540389949, 39.384112942383588 ], [ -8.504765712679649, 39.384143129136746 ], [ -8.504869589130816, 39.384251687074553 ], [ -8.50506646558677, 39.384408771657036 ], [ -8.505170133169662, 39.384498596981601 ], [ -8.505486392369772, 39.3847548268132 ], [ -8.505911415789393, 39.385121484092949 ], [ -8.506160345661543, 39.385330999772307 ], [ -8.506429744162279, 39.385548008913204 ], [ -8.506637109138, 39.385712532146542 ], [ -8.506782377033989, 39.385854827621138 ], [ -8.507031237095612, 39.386071815732052 ], [ -8.507331906831583, 39.386318719549926 ], [ -8.507487352253735, 39.386453410911635 ], [ -8.507673943865816, 39.386595481311545 ], [ -8.507829587084506, 39.386745215254585 ], [ -8.508120012240301, 39.387007098197579 ], [ -8.508285792205509, 39.387141759667273 ], [ -8.508451763640902, 39.387291459457479 ], [ -8.508586511499072, 39.387396225098755 ], [ -8.508783596035123, 39.387568341786086 ], [ -8.509167098214657, 39.38789090057174 ], [ -8.509592165776102, 39.388257549410085 ], [ -8.509872113162746, 39.388489469911676 ], [ -8.510152138723974, 39.388736434052689 ], [ -8.51110201869337, 39.389536950343405 ], [ -8.511736596227856, 39.390068993389711 ], [ -8.512003456872174, 39.390304464025597 ], [ -8.512473381703094, 39.390696266931471 ], [ -8.512932861313582, 39.391088096598246 ], [ -8.513287960046258, 39.391389481093157 ], [ -8.513674384467183, 39.391728589172409 ], [ -8.513987815092305, 39.392007499032388 ], [ -8.51424883345142, 39.392233617051772 ], [ -8.514624810142685, 39.392550058230107 ], [ -8.514885824489557, 39.392753390434812 ], [ -8.515146972736034, 39.392979505975028 ], [ -8.515428939619543, 39.39321302660597 ], [ -8.516003088938602, 39.393680128539295 ], [ -8.516441665888868, 39.394041754412719 ], [ -8.517005612953037, 39.394508793951083 ], [ -8.517653061325248, 39.395043735806816 ], [ -8.517893701785857, 39.395316751563143 ], [ -8.51870914822933, 39.396146199774648 ], [ -8.519200511960028, 39.396643823803913 ], [ -8.52059086116442, 39.398038512691286 ], [ -8.520956789495406, 39.398415493233969 ], [ -8.521364597393289, 39.398830166244629 ], [ -8.521918645470395, 39.399403135210363 ], [ -8.522128128815462, 39.399682371793837 ], [ -8.522108146366907, 39.39982609722081 ], [ -8.522130279282697, 39.400068043773601 ], [ -8.522115620599777, 39.400249765820433 ], [ -8.522126622436994, 39.400370693368906 ], [ -8.522111635661878, 39.400472879386903 ], [ -8.522128331499349, 39.400677105282753 ], [ -8.522134213590933, 39.400794266061368 ], [ -8.522145311127444, 39.40091149946889 ], [ -8.522156320600317, 39.401032517946668 ], [ -8.52215741757178, 39.401229139952136 ], [ -8.522168606244206, 39.40136150315282 ], [ -8.522185218395299, 39.401550594676557 ], [ -8.522196761011765, 39.401747268199614 ], [ -8.522208254142837, 39.401955290811998 ], [ -8.522225088437541, 39.402163210885583 ], [ -8.52223684429919, 39.402418066756546 ], [ -8.522253467894354, 39.402588243313218 ], [ -8.522259479605584, 39.402750802035698 ], [ -8.522305677106608, 39.403580825284656 ], [ -8.522301123160092, 39.403701890350348 ], [ -8.522307408157914, 39.403891017225973 ], [ -8.522303254381232, 39.404083872821388 ], [ -8.522304394436825, 39.404288150599903 ], [ -8.522289818503848, 39.404484822220205 ], [ -8.522280695358166, 39.404700840823864 ], [ -8.522281644978447, 39.404871071539539 ], [ -8.522277492225941, 39.405063921694136 ], [ -8.522268557369886, 39.405313627038559 ], [ -8.522259329531167, 39.405532979481755 ], [ -8.522246075393092, 39.405862049848757 ], [ -8.521568701038568, 39.406232531184472 ], [ -8.520409901303372, 39.406886625760642 ], [ -8.520319441858822, 39.406904402406482 ], [ -8.520230156088624, 39.406904520296415 ], [ -8.520125062816222, 39.406901539125954 ], [ -8.519991853725722, 39.406894413529344 ], [ -8.519846712562035, 39.40689318745239 ], [ -8.519411033513117, 39.406862756149749 ], [ -8.519046044851317, 39.406849652544402 ], [ -8.518904092184131, 39.406835807501643 ], [ -8.518542353385067, 39.406843765408155 ], [ -8.518107162591663, 39.406859530330834 ], [ -8.517732424228369, 39.406869150011829 ], [ -8.517414136679754, 39.406882008321126 ], [ -8.51718791647777, 39.406893654838377 ], [ -8.517090490614024, 39.406891457151588 ], [ -8.51691835283361, 39.406899591112541 ], [ -8.516706137749429, 39.406903716412501 ], [ -8.516569861893954, 39.406931009466746 ], [ -8.516421664225193, 39.406965095151484 ], [ -8.516138524129968, 39.407077810973895 ], [ -8.515942906071622, 39.407144837940137 ], [ -8.51570977740017, 39.407231446841514 ], [ -8.515386866154151, 39.407375180504857 ], [ -8.515041292231867, 39.407558354922884 ], [ -8.514636473454139, 39.407778284159306 ], [ -8.514151370196624, 39.408031176070573 ], [ -8.513805802445152, 39.408215606878663 ], [ -8.513497068045385, 39.408385051846544 ], [ -8.5129733246531, 39.408665088207442 ], [ -8.512579005614912, 39.408875614020658 ], [ -8.512303235487474, 39.409023150250547 ], [ -8.511758665650165, 39.409318288127785 ], [ -8.511346838453616, 39.409534267380053 ], [ -8.510570025143176, 39.40995508810169 ], [ -8.510084912699432, 39.410212015323417 ], [ -8.509397189942797, 39.410578225888685 ], [ -8.508943479027669, 39.410824240074085 ], [ -8.508306574582974, 39.411163075914459 ], [ -8.508233296284393, 39.411204116981914 ], [ -8.508168615490774, 39.411224679717158 ], [ -8.508102188095036, 39.411243899686866 ], [ -8.508063759131884, 39.411245372809773 ], [ -8.508007594915997, 39.411229252804944 ], [ -8.507927106067072, 39.411225460770105 ], [ -8.50790265847273, 39.411234997865115 ], [ -8.507803259608366, 39.411297828964379 ], [ -8.507588024669486, 39.411434618919799 ], [ -8.507259033199103, 39.411621497949007 ], [ -8.50704036180489, 39.411745508790624 ], [ -8.506231330406353, 39.412209366864126 ], [ -8.505764775672803, 39.41248927101082 ], [ -8.505616228148948, 39.412569916031131 ], [ -8.505133567404647, 39.412857797234494 ], [ -8.504779407831622, 39.413072758107852 ], [ -8.504495926074508, 39.413261017795215 ], [ -8.504167044708366, 39.413492651055321 ], [ -8.503858153745297, 39.413685394680726 ], [ -8.503478671801171, 39.41392304633397 ], [ -8.503313308935308, 39.414029942612515 ], [ -8.503239125235938, 39.414076116535696 ], [ -8.502909926741017, 39.41425055141314 ], [ -8.502820524219384, 39.414295425085491 ], [ -8.502751329897141, 39.414341672910865 ], [ -8.502510359234563, 39.414532847851753 ], [ -8.502292613817778, 39.414682067499108 ], [ -8.502148458070486, 39.414781782826765 ], [ -8.502140836807804, 39.41551380456599 ], [ -8.502143078983433, 39.415937309051905 ], [ -8.502139451678449, 39.416172585251203 ], [ -8.502139806595183, 39.416569159132095 ], [ -8.502142700083009, 39.416808285859211 ], [ -8.50213446688061, 39.417117256262749 ], [ -8.502125556374518, 39.417277515784924 ], [ -8.501491893095073, 39.41798280231383 ], [ -8.500937924799388, 39.418610186140988 ], [ -8.500748947807459, 39.418821821798119 ], [ -8.500335079715583, 39.41928474026659 ], [ -8.500115145566259, 39.419528267537629 ], [ -8.499644436564914, 39.420048649553394 ], [ -8.499509255782794, 39.42020165418721 ], [ -8.498981322496912, 39.42077292887285 ], [ -8.498528310437568, 39.421283164516296 ], [ -8.498269233895069, 39.421572561659204 ], [ -8.498145160993415, 39.421708450615618 ], [ -8.498273099094606, 39.421895329334909 ], [ -8.497836206923878, 39.422079009198633 ], [ -8.497619076544884, 39.422291838510894 ], [ -8.497244389847392, 39.422704997684043 ], [ -8.497076612271133, 39.422888637207677 ], [ -8.496923430011302, 39.423065924995662 ], [ -8.496709776318783, 39.423294114060781 ], [ -8.496505516968032, 39.423497139177655 ], [ -8.496409934668854, 39.423607864289409 ], [ -8.496218602544847, 39.423818690067229 ], [ -8.496023039422084, 39.424043127583097 ], [ -8.495809106784776, 39.424284734552046 ], [ -8.495682578857458, 39.424430323686302 ], [ -8.49559939496363, 39.424513714481613 ], [ -8.495237268112943, 39.424799471722501 ], [ -8.4948785792417, 39.425078456436566 ], [ -8.494721503678422, 39.425200359073209 ], [ -8.494245308770338, 39.425573923569324 ], [ -8.494108590848164, 39.425681623790524 ], [ -8.493646467922142, 39.426036770448526 ], [ -8.493480829490483, 39.426165361356247 ], [ -8.493013165450581, 39.42652961797009 ], [ -8.492508156409924, 39.426925691111485 ], [ -8.492209028703606, 39.427160530858075 ], [ -8.49200472299481, 39.427313744504211 ], [ -8.491720615811394, 39.427533402085587 ], [ -8.491374299978046, 39.427761720813685 ], [ -8.490671901718342, 39.428216672940358 ], [ -8.490179694771845, 39.428533709184208 ], [ -8.48989204897344, 39.4287220258825 ], [ -8.489621859731907, 39.428894081974128 ], [ -8.489090512769453, 39.429234918484696 ], [ -8.4887953213918, 39.42942488132126 ], [ -8.488642751592058, 39.429524611767256 ], [ -8.488631309725337, 39.429580488663248 ], [ -8.488634929470836, 39.429652620488412 ], [ -8.488641761729491, 39.429694123019019 ], [ -8.488646408241282, 39.429762834428502 ], [ -8.488651487235611, 39.42989333109179 ], [ -8.488644749283351, 39.43002899248593 ], [ -8.48863852082148, 39.430084138283284 ], [ -8.488635502982268, 39.43012999340079 ], [ -8.488636773259413, 39.430174034001432 ], [ -8.488624360486694, 39.430313134511167 ], [ -8.488618359692889, 39.430388633743753 ], [ -8.488613178132262, 39.430442961198708 ], [ -8.488609197722843, 39.430527729715799 ], [ -8.488606401873311, 39.430616818896553 ], [ -8.488601613245534, 39.430748246404463 ], [ -8.488594074448338, 39.430795825771121 ], [ -8.488584785733618, 39.430911140803353 ], [ -8.488573165860066, 39.43100106757764 ], [ -8.488564053098742, 39.431126564536868 ], [ -8.48855909685747, 39.431225025839858 ], [ -8.488547346721148, 39.431243613565833 ], [ -8.488537737056639, 39.431296243200762 ], [ -8.488540508289896, 39.431428367254426 ], [ -8.488476882263679, 39.431570151572927 ], [ -8.488306365368835, 39.431954283517122 ], [ -8.4879831144488, 39.43268024838121 ], [ -8.48783543847277, 39.433012339219943 ], [ -8.487476441219544, 39.433814516602588 ], [ -8.487346591621968, 39.434112593188644 ], [ -8.48704086325286, 39.434770586910311 ], [ -8.486870333843608, 39.435156699049855 ], [ -8.486618174466352, 39.435728688796594 ], [ -8.486470501949793, 39.436040779399335 ], [ -8.486310711663673, 39.436460901936897 ], [ -8.485841010117156, 39.437498137048294 ], [ -8.485650061042623, 39.437912591265288 ], [ -8.485584456201604, 39.438055638142046 ], [ -8.485404767890007, 39.438469155291443 ], [ -8.485301628853728, 39.438701220554805 ], [ -8.485097244732268, 39.43914786419073 ], [ -8.485039609725865, 39.439282155192032 ], [ -8.484949568875578, 39.43950823043361 ], [ -8.484862923158467, 39.439509667012601 ], [ -8.484646406264803, 39.439579317301295 ], [ -8.48426109165332, 39.439738650181845 ], [ -8.483966760293347, 39.439856992861685 ], [ -8.483630381901277, 39.439975462415092 ], [ -8.483293902615424, 39.440099064409289 ], [ -8.483076610544664, 39.44017627911807 ], [ -8.482859233286794, 39.440238182614166 ], [ -8.482564666755474, 39.440310591964185 ], [ -8.482382271774785, 39.440352029955918 ], [ -8.482108613296083, 39.440378347604536 ], [ -8.481870019420214, 39.440424997344039 ], [ -8.481512338736696, 39.44051290431787 ], [ -8.481323046942082, 39.440569677773489 ], [ -8.481098703098741, 39.440631599735688 ], [ -8.480923378419126, 39.440693372892206 ], [ -8.480495808424411, 39.440837595044258 ], [ -8.480236288372343, 39.440904758008969 ], [ -8.479983908008586, 39.440982162620891 ], [ -8.47964019769039, 39.441054615636943 ], [ -8.479268407395406, 39.441132376190872 ], [ -8.47893877531398, 39.441209923749973 ], [ -8.478573973328851, 39.441292703445164 ], [ -8.478223138487296, 39.441334643183964 ], [ -8.47792132164324, 39.441376339285348 ], [ -8.477818212114746, 39.441384398164672 ], [ -8.477270894846036, 39.441462492255553 ], [ -8.476965642535273, 39.441514469468601 ], [ -8.476692116599182, 39.441568873236868 ], [ -8.476548369108478, 39.441605054802224 ], [ -8.476554516101722, 39.441556492328814 ], [ -8.476358177176634, 39.441597963848245 ], [ -8.476133545674912, 39.441626733890949 ], [ -8.47591615883398, 39.441688623538369 ], [ -8.475691769042262, 39.441742880126931 ], [ -8.475475069562634, 39.441802246756517 ], [ -8.475205121543935, 39.441877079766755 ], [ -8.475054340014028, 39.441923461727342 ], [ -8.47483351008229, 39.441993107325324 ], [ -8.474581162015818, 39.442080586197541 ], [ -8.474360318382049, 39.44214762249922 ], [ -8.474202651036762, 39.442211945757087 ], [ -8.474072918591348, 39.442263394222238 ], [ -8.473929242934133, 39.442314886101798 ], [ -8.473792612608502, 39.442381670029242 ], [ -8.473673496505699, 39.442443272108044 ], [ -8.473593004149857, 39.442492052080283 ], [ -8.473491616710501, 39.442568913133009 ], [ -8.47340764707597, 39.442643195764255 ], [ -8.47331678077783, 39.442732809565783 ], [ -8.473243302543102, 39.442791751231482 ], [ -8.47314553815877, 39.442896699730944 ], [ -8.472998662316096, 39.443029891818064 ], [ -8.472855295284065, 39.44314515127094 ], [ -8.472732853536405, 39.443239996251307 ], [ -8.472613822029981, 39.443319514685648 ], [ -8.47252982917089, 39.443365697499104 ], [ -8.472424819498166, 39.443437519741373 ], [ -8.472347805014206, 39.443486204034279 ], [ -8.472211294502264, 39.443578476553697 ], [ -8.472046809465771, 39.443699021549534 ], [ -8.471903302159248, 39.443786175581181 ], [ -8.471752726156998, 39.443876057530105 ], [ -8.471595297304043, 39.443979188757226 ], [ -8.47145279261027, 39.44406539537556 ], [ -8.471296542126764, 39.444169515343397 ], [ -8.471020820092845, 39.444356199352555 ], [ -8.470836940118982, 39.444467548749081 ], [ -8.470726653973555, 39.444542937144021 ], [ -8.47051977379809, 39.444665075669846 ], [ -8.470331299945006, 39.444780012480983 ], [ -8.470207233597597, 39.444866164105868 ], [ -8.470110725333727, 39.444930787307555 ], [ -8.469898646831265, 39.44493140159382 ], [ -8.469838814766854, 39.444953023273861 ], [ -8.469703911106999, 39.445054830233722 ], [ -8.469578258105985, 39.445208399809061 ], [ -8.469228809171478, 39.44556681190813 ], [ -8.468788592503662, 39.446012313616571 ], [ -8.4681737357716, 39.446647195188532 ], [ -8.467747318289884, 39.447067161443684 ], [ -8.467699470212786, 39.447045774100289 ], [ -8.467298642668217, 39.447255983235422 ], [ -8.467078026968673, 39.447376592347609 ], [ -8.466829411248986, 39.447520247504755 ], [ -8.466101024749637, 39.447935853242171 ], [ -8.465428813637622, 39.448318151648088 ], [ -8.464637483459969, 39.448767166646789 ], [ -8.464223873662743, 39.449004329892617 ], [ -8.463477582596242, 39.44942339818207 ], [ -8.463099520588639, 39.449638837770834 ], [ -8.462875329442571, 39.449767109502055 ], [ -8.462371860086499, 39.45019231826835 ], [ -8.460924114446044, 39.451411284316457 ], [ -8.46061575873852, 39.451655615580208 ], [ -8.460292781290287, 39.451926379532466 ], [ -8.459964662852439, 39.452193457842228 ], [ -8.459824113541625, 39.452323108026597 ], [ -8.459490834747209, 39.452605243010993 ], [ -8.459360726948766, 39.452731078575745 ], [ -8.459094375327995, 39.452792622823061 ], [ -8.458864522075595, 39.452831280075785 ], [ -8.458645189910488, 39.452885131095087 ], [ -8.458190841262116, 39.45299286582496 ], [ -8.457752122534268, 39.453089120738561 ], [ -8.456664783775286, 39.453339226878477 ], [ -8.456215673609023, 39.453450730373746 ], [ -8.455557619361107, 39.453600817637607 ], [ -8.45442322829172, 39.453856348304029 ], [ -8.45295032584559, 39.45419863713083 ], [ -8.452006545273598, 39.454396779273544 ], [ -8.451170818735584, 39.45459678719758 ], [ -8.45037692356011, 39.454773787270256 ], [ -8.449948623285186, 39.454866200476154 ], [ -8.449332266997379, 39.455019923661482 ], [ -8.448924910455075, 39.455119934819635 ], [ -8.448245930724427, 39.455273823181841 ], [ -8.447848940589912, 39.455381276506628 ], [ -8.447420772419354, 39.455504123772663 ], [ -8.44656525867242, 39.455753415065367 ], [ -8.446001336841642, 39.455918413673629 ], [ -8.444727175019963, 39.456294380241694 ], [ -8.444309471684063, 39.456420973658631 ], [ -8.443556620607783, 39.456638081411789 ], [ -8.443588731685674, 39.456518832832799 ], [ -8.443328233037931, 39.456438736806845 ], [ -8.443210386768014, 39.456404918985442 ], [ -8.443181489904145, 39.456438501241358 ], [ -8.442989942027362, 39.456397582181253 ], [ -8.442848673445587, 39.456504243125515 ], [ -8.442906243836836, 39.456647954399052 ], [ -8.442637775860652, 39.456768497692693 ], [ -8.442555628424133, 39.456804509284353 ], [ -8.44247585128084, 39.456849211690084 ], [ -8.442212119209525, 39.456330397972842 ], [ -8.44202246283627, 39.456007733611337 ], [ -8.441860743262442, 39.456114629623876 ], [ -8.441761724209043, 39.456187126948187 ], [ -8.441652268367163, 39.456263437526552 ], [ -8.441547853947398, 39.456297946563737 ], [ -8.441422520003986, 39.456332504660956 ], [ -8.441286568344299, 39.45635565634695 ], [ -8.441150814594247, 39.456397897727854 ], [ -8.441030680760175, 39.456424786563517 ], [ -8.440894945733929, 39.456470817749839 ], [ -8.44072796199567, 39.456543313895139 ], [ -8.440623546642934, 39.456604481080277 ], [ -8.440493271934352, 39.456703630666617 ], [ -8.440383798440775, 39.456776160748639 ], [ -8.44023783699509, 39.456875441560918 ], [ -8.440117987216105, 39.45696699819797 ], [ -8.439966614325114, 39.457050989126863 ], [ -8.439700683965205, 39.457215166056415 ], [ -8.439523456699368, 39.45733731884372 ], [ -8.43948188233944, 39.457394442796385 ], [ -8.439503062782945, 39.457455186173455 ], [ -8.439566124768774, 39.457527253604127 ], [ -8.439692225573403, 39.457667607274736 ], [ -8.439802741375578, 39.457830792360852 ], [ -8.439886951733977, 39.457956037114791 ], [ -8.439981603597849, 39.458077379435345 ], [ -8.440028974072657, 39.458149488008686 ], [ -8.439992475973519, 39.458172463946603 ], [ -8.4397680551695, 39.458264297892079 ], [ -8.439554208554801, 39.458382677844234 ], [ -8.439397555924902, 39.458455325881808 ], [ -8.439099150554533, 39.458608153419448 ], [ -8.438911341421662, 39.458703673223539 ], [ -8.438759897127589, 39.458772527360907 ], [ -8.438456245805131, 39.458921492212617 ], [ -8.438237128648638, 39.459032313175747 ], [ -8.438028288133934, 39.459127977697179 ], [ -8.437746615429319, 39.459280756982004 ], [ -8.437595268432752, 39.459345824596184 ], [ -8.437396928894556, 39.459452719257108 ], [ -8.437130839119749, 39.45958266672298 ], [ -8.437026567488887, 39.4596513952728 ], [ -8.436958612709768, 39.459655358482514 ], [ -8.436680750687788, 39.459511614279748 ], [ -8.436303538724202, 39.459341561362372 ], [ -8.435805762376832, 39.459126157301256 ], [ -8.435668348179298, 39.458788217635828 ], [ -8.435499070528664, 39.458362900698127 ], [ -8.435328319795955, 39.457572538256251 ], [ -8.434543614054613, 39.457232500758934 ], [ -8.434626823056728, 39.457129605044059 ], [ -8.434710017805909, 39.457022924555439 ], [ -8.434814040547456, 39.456897185164763 ], [ -8.434965119982367, 39.456771328058586 ], [ -8.435600809628051, 39.45624338901964 ], [ -8.435725858164844, 39.45611759411203 ], [ -8.43595504840895, 39.455919382596711 ], [ -8.436116493355918, 39.45577449217221 ], [ -8.436304132963627, 39.45561430236237 ], [ -8.43653856196058, 39.455419769806539 ], [ -8.43696581741251, 39.455056748583296 ], [ -8.437222095322806, 39.454838286238733 ], [ -8.437654462791912, 39.454449399835468 ], [ -8.437946707800213, 39.454300377712485 ], [ -8.438588371059817, 39.45395272983972 ], [ -8.439177768915272, 39.453635657007872 ], [ -8.437493816576222, 39.451777907958011 ] ] ] } },
{ "type": "Feature", "properties": { "dtmnfr": "141203", "freguesia": "Pombalinho", "municipio": "Golegã", "distrito_i": "Santarém", "nuts3_cod": "1D3", "nuts3": "Lezíria do Tejo", "nuts2": "Oeste e Vale do Tejo", "nuts1": "Continente", "area_ha": 769.94, "perimetro_": 15, "designacao": "Pombalinho" }, "geometry": { "type": "Polygon", "coordinates": [ [ [ -8.569298491462243, 39.351995258122663 ], [ -8.569239339831618, 39.352016462868221 ], [ -8.56916456524354, 39.351950816077895 ], [ -8.569116435861341, 39.351897494791935 ], [ -8.569067199706236, 39.351834267958722 ], [ -8.569044573404287, 39.351777881448676 ], [ -8.569025313692848, 39.351721839908187 ], [ -8.569001431244505, 39.351631319171233 ], [ -8.568978876860413, 39.351567629374806 ], [ -8.568917653383021, 39.351424289982162 ], [ -8.568856371201969, 39.351289949823183 ], [ -8.568724455351525, 39.351026811375547 ], [ -8.568684284710635, 39.350948149099722 ], [ -8.568566166738039, 39.350721705315109 ], [ -8.568452651610004, 39.350507580386648 ], [ -8.568209438509422, 39.350089214777725 ], [ -8.568044792363532, 39.349842138722408 ], [ -8.567919516146681, 39.34963895404821 ], [ -8.567833125600664, 39.34949633765099 ], [ -8.567737965248467, 39.349322856675585 ], [ -8.56753034285339, 39.348880484054838 ], [ -8.567328349025541, 39.348465023239648 ], [ -8.567130639311051, 39.348068102618832 ], [ -8.566932674922022, 39.347591915946879 ], [ -8.566896620928265, 39.347521163959094 ], [ -8.566856372940263, 39.347465920810038 ], [ -8.566676885601112, 39.347237453653804 ], [ -8.566629611964782, 39.34718961976656 ], [ -8.566543856897859, 39.347241912289007 ], [ -8.566034311547368, 39.347852066066565 ], [ -8.565107881962543, 39.347195478816495 ], [ -8.563925560839838, 39.346406352582029 ], [ -8.562395718421321, 39.345391249272517 ], [ -8.562363795459762, 39.345368130322264 ], [ -8.562080312761438, 39.345523741178653 ], [ -8.561985710998563, 39.345571286464939 ], [ -8.561637319519139, 39.345736325413846 ], [ -8.56118906595297, 39.345903984248778 ], [ -8.560670946416868, 39.346086124854359 ], [ -8.560262999945296, 39.346224986551647 ], [ -8.559724479380172, 39.346410531366061 ], [ -8.558792717609574, 39.34673280744969 ], [ -8.558326733024611, 39.346886648168606 ], [ -8.558123853414981, 39.346945845708007 ], [ -8.557944117227416, 39.346976768692365 ], [ -8.557639262230012, 39.346997343748008 ], [ -8.557079089385052, 39.347019206825593 ], [ -8.556479587517654, 39.347040850890828 ], [ -8.555829888514243, 39.347068531555514 ], [ -8.555015815302607, 39.347096893738879 ], [ -8.554637079671991, 39.347119712105041 ], [ -8.554230837303951, 39.347160092763616 ], [ -8.553997719073056, 39.347188234933135 ], [ -8.553832325028319, 39.347212254258316 ], [ -8.553508190209467, 39.347267560373879 ], [ -8.553220420771277, 39.347313186732514 ], [ -8.55289848513927, 39.347349211479639 ], [ -8.552639209336849, 39.347386810022726 ], [ -8.552394591107531, 39.347412820608426 ], [ -8.552176565761304, 39.347443424963821 ], [ -8.551946949811127, 39.347494606060422 ], [ -8.551734931270831, 39.347559498069892 ], [ -8.551514239401079, 39.347629021733937 ], [ -8.551396454703042, 39.347661512415506 ], [ -8.551319831314078, 39.347670974177603 ], [ -8.551252107136996, 39.347675813865692 ], [ -8.551222487389376, 39.347669075730742 ], [ -8.551204731724956, 39.347648514005535 ], [ -8.551177046663913, 39.347596551133101 ], [ -8.55116851665805, 39.34750894024296 ], [ -8.551153981157398, 39.347057648731045 ], [ -8.55115691869589, 39.346500638542324 ], [ -8.551155207858825, 39.345885010128697 ], [ -8.551151718432433, 39.345301453562932 ], [ -8.551157047540261, 39.344931872934758 ], [ -8.551152752929799, 39.344659240405292 ], [ -8.551132082659819, 39.344422879109509 ], [ -8.551068491999679, 39.343876285696624 ], [ -8.551011460797394, 39.343495223182053 ], [ -8.550959887662822, 39.343133774855083 ], [ -8.55081954700818, 39.342593311354896 ], [ -8.550785165836436, 39.342507328855682 ], [ -8.550757491423042, 39.34247761171433 ], [ -8.550696358859412, 39.342457927006826 ], [ -8.550480833088413, 39.342457172449464 ], [ -8.550136910861312, 39.342479125325639 ], [ -8.549702142553167, 39.342536621333849 ], [ -8.549352458705185, 39.342583723432263 ], [ -8.548927621342221, 39.342652444504232 ], [ -8.548625342521959, 39.342693787900437 ], [ -8.548527508480243, 39.342705306922994 ], [ -8.548214597556074, 39.342734441946313 ], [ -8.547725025308168, 39.342764202873695 ], [ -8.547331901499369, 39.342782362267741 ], [ -8.547332415441776, 39.342732457088466 ], [ -8.547346441825683, 39.342553978639728 ], [ -8.547366017625212, 39.342217133390058 ], [ -8.547375632082584, 39.342077308706543 ], [ -8.547388798074966, 39.341852351763848 ], [ -8.547392459007376, 39.341746054055548 ], [ -8.547405616434522, 39.341539116886167 ], [ -8.547413539451824, 39.341408127038797 ], [ -8.547432491082883, 39.341239354255769 ], [ -8.547442594403185, 39.340986489530685 ], [ -8.547157896515344, 39.340842038531306 ], [ -8.547118930229461, 39.340823807002238 ], [ -8.547234979858375, 39.340559033486429 ], [ -8.546912439727931, 39.340487224293447 ], [ -8.547053403630642, 39.34017849830559 ], [ -8.547154439246096, 39.339963858152622 ], [ -8.54719452442645, 39.339877698793032 ], [ -8.547382513905355, 39.339459998340317 ], [ -8.547518395341825, 39.339156152808272 ], [ -8.547661798440595, 39.339123035255675 ], [ -8.547878489972039, 39.338656229060753 ], [ -8.547982053163002, 39.33843906162754 ], [ -8.548190916224927, 39.338002547738355 ], [ -8.548421551496594, 39.337522095287795 ], [ -8.548492635644084, 39.337401232753599 ], [ -8.548155526339466, 39.337277421922437 ], [ -8.54784679302738, 39.337165216541891 ], [ -8.547674679334779, 39.337108367458363 ], [ -8.547320942534759, 39.336996593874197 ], [ -8.547146554016729, 39.336947226262836 ], [ -8.546713568064437, 39.33683825110888 ], [ -8.546330506125324, 39.336760151182538 ], [ -8.545760250612727, 39.3366239833422 ], [ -8.545386066770577, 39.336542394570273 ], [ -8.545181342175649, 39.336529300703958 ], [ -8.544607351502902, 39.336514057380285 ], [ -8.544384872935421, 39.336507934288711 ], [ -8.544042216781056, 39.336491870548564 ], [ -8.543459228294296, 39.336459379348106 ], [ -8.543312560747362, 39.336484080617574 ], [ -8.542815186775199, 39.336637842157891 ], [ -8.543122805688721, 39.336318592747162 ], [ -8.543722290172163, 39.335855035054053 ], [ -8.544656278626462, 39.335136291155408 ], [ -8.544816725554574, 39.335023583372482 ], [ -8.545137039879014, 39.334781504993259 ], [ -8.546008069537439, 39.334129985590558 ], [ -8.546643652005706, 39.33365709915649 ], [ -8.547277983724452, 39.333170251634563 ], [ -8.546942496272074, 39.33306138062256 ], [ -8.546650220248095, 39.33294281020774 ], [ -8.546593369836691, 39.332919951062593 ], [ -8.546533097278481, 39.332907020059743 ], [ -8.546479730711162, 39.33288469161851 ], [ -8.546404103755007, 39.33286397341633 ], [ -8.545926841647537, 39.332707960141029 ], [ -8.546175851039145, 39.332451541849693 ], [ -8.546296561820089, 39.332330321587669 ], [ -8.5464287856023, 39.332193125696364 ], [ -8.546217995788188, 39.332085971442687 ], [ -8.546590755154037, 39.331830732475517 ], [ -8.546823177885777, 39.331673811988544 ], [ -8.546938813228902, 39.331595486023737 ], [ -8.547412667487885, 39.331275569997615 ], [ -8.548293487341727, 39.33068128501661 ], [ -8.548407064913519, 39.330609539275578 ], [ -8.550015260443816, 39.329603078602496 ], [ -8.550067140538253, 39.329570825363383 ], [ -8.550125895313524, 39.329543773446467 ], [ -8.550202088357761, 39.329504411933883 ], [ -8.553574680647046, 39.327747103697128 ], [ -8.555147286396188, 39.326919940948486 ], [ -8.555956988946264, 39.326495457501146 ], [ -8.555735506300055, 39.326307477280011 ], [ -8.555603373854447, 39.326185548210212 ], [ -8.555429988199736, 39.326029458441973 ], [ -8.555385993460289, 39.326003859261753 ], [ -8.555286947070002, 39.32590612923152 ], [ -8.555208094406858, 39.32581157208606 ], [ -8.555145566562985, 39.325731183471063 ], [ -8.555099370896707, 39.325683764113833 ], [ -8.555027848061131, 39.325625291933079 ], [ -8.554952864561109, 39.325565433430789 ], [ -8.554898499905692, 39.325511409793158 ], [ -8.554821930703262, 39.325408387244153 ], [ -8.554745649841776, 39.325298110100086 ], [ -8.554633868614482, 39.325201781209195 ], [ -8.554530982415104, 39.325105420006551 ], [ -8.554384681098314, 39.324999057519165 ], [ -8.554277014180109, 39.324933065853479 ], [ -8.554121669431774, 39.324845903073943 ], [ -8.554072444586103, 39.324817800289651 ], [ -8.553966559829211, 39.324758823902613 ], [ -8.553917308583507, 39.324726488663785 ], [ -8.553475521929734, 39.32448462834698 ], [ -8.553165438897031, 39.324313441743733 ], [ -8.552895150187826, 39.324164454072005 ], [ -8.552596028810715, 39.324003137031617 ], [ -8.552557803127309, 39.323990486351143 ], [ -8.551978027188609, 39.323672378772805 ], [ -8.551818911447041, 39.32357342342128 ], [ -8.551379366077901, 39.323335688525496 ], [ -8.551045996961692, 39.323147021249348 ], [ -8.551668179774616, 39.322802684939482 ], [ -8.55223374728601, 39.322493048547138 ], [ -8.552754101888713, 39.322205732825488 ], [ -8.55321052993517, 39.321915491168049 ], [ -8.553710323360537, 39.321604464534083 ], [ -8.554747919107102, 39.320980107210247 ], [ -8.555691480937949, 39.320419127945655 ], [ -8.555855985025348, 39.320316210582746 ], [ -8.556764661084003, 39.319799127904624 ], [ -8.556812840573489, 39.319769498982737 ], [ -8.556765075687544, 39.319388221159976 ], [ -8.556697113175057, 39.318927303886994 ], [ -8.556583542967241, 39.318133736937128 ], [ -8.557477123587407, 39.318020045475357 ], [ -8.557956435041024, 39.317953800163046 ], [ -8.558329331156028, 39.317911000994137 ], [ -8.558820550239867, 39.317858577031082 ], [ -8.559453626322448, 39.317755014625831 ], [ -8.559992111557021, 39.31767475956736 ], [ -8.561323477410186, 39.317495927964913 ], [ -8.562332027807793, 39.317337638250571 ], [ -8.563179441405627, 39.31720614529759 ], [ -8.563940448973627, 39.317090553871182 ], [ -8.565018486374273, 39.316883070048767 ], [ -8.565941518741019, 39.316680302297264 ], [ -8.566341607387372, 39.316575045567951 ], [ -8.566528203359638, 39.316503734462614 ], [ -8.567296378088848, 39.318312648599793 ], [ -8.567349757592082, 39.318487098347468 ], [ -8.567370137203133, 39.318538450776686 ], [ -8.567398109827774, 39.318580232639682 ], [ -8.567419817041403, 39.318620864231981 ], [ -8.567438663535013, 39.318668617683414 ], [ -8.56747138813536, 39.318747127599686 ], [ -8.567518402017523, 39.318867737911056 ], [ -8.567555707714639, 39.31893695418303 ], [ -8.567649322279426, 39.319129267119045 ], [ -8.567697402739508, 39.319197270382787 ], [ -8.567741096955492, 39.319268531695876 ], [ -8.567837292698259, 39.319408777684572 ], [ -8.567867180269998, 39.319460456599657 ], [ -8.567899754583435, 39.31953347074765 ], [ -8.567970313792094, 39.319654529743083 ], [ -8.568040215105924, 39.319837654397787 ], [ -8.568070908819463, 39.319906352060386 ], [ -8.568174116901558, 39.320111327048195 ], [ -8.568340977800423, 39.320409201162349 ], [ -8.568454673222178, 39.320603959430471 ], [ -8.568529084117596, 39.320784631344829 ], [ -8.568638233917097, 39.321050473255085 ], [ -8.568688608217498, 39.321206557945871 ], [ -8.56875062705797, 39.321501040636861 ], [ -8.56880419149155, 39.321704127318256 ], [ -8.568884138013576, 39.321935582469656 ], [ -8.56898049407892, 39.322213361399463 ], [ -8.569114870974911, 39.322562784322947 ], [ -8.569233281128804, 39.322824897046907 ], [ -8.569361873732769, 39.323064182360739 ], [ -8.56954206971754, 39.323378573347185 ], [ -8.569697065108437, 39.323611995564796 ], [ -8.569858093007182, 39.323826207796948 ], [ -8.570068610622858, 39.324073654343309 ], [ -8.570223371580539, 39.324268884386107 ], [ -8.570378184750659, 39.32445448172188 ], [ -8.570594798133806, 39.324711446609143 ], [ -8.570775270672829, 39.324938017075588 ], [ -8.571015108671826, 39.325273977913419 ], [ -8.57127371499806, 39.325624370073761 ], [ -8.571542654472438, 39.325995347389529 ], [ -8.571641703561024, 39.326127197198943 ], [ -8.571917802721073, 39.326511026022303 ], [ -8.572002766383656, 39.326596545162104 ], [ -8.572099075605683, 39.326678683385744 ], [ -8.572232386992637, 39.326798963419677 ], [ -8.572361871164805, 39.326900615551878 ], [ -8.573335183003532, 39.327742334826659 ], [ -8.574086209864072, 39.328419341355868 ], [ -8.574695314631946, 39.328953309522781 ], [ -8.574953725759654, 39.329194795250373 ], [ -8.575177146668949, 39.329405073668994 ], [ -8.575321051213123, 39.329529362192766 ], [ -8.57549140519226, 39.329655894588491 ], [ -8.575661536077604, 39.329764232158638 ], [ -8.575828518633594, 39.329833937913349 ], [ -8.576056925774404, 39.329914849730393 ], [ -8.576423553535069, 39.330046756778785 ], [ -8.576980802123108, 39.330262599884783 ], [ -8.577301561034842, 39.3303665748317 ], [ -8.577406748215729, 39.330383465381161 ], [ -8.577997983334805, 39.330618174523039 ], [ -8.578532028180039, 39.330831124674432 ], [ -8.578756035119712, 39.330912142582413 ], [ -8.579174632132323, 39.331007537583027 ], [ -8.579843415260966, 39.3311233181795 ], [ -8.58027875599416, 39.33118964360515 ], [ -8.580875417722899, 39.331290294820974 ], [ -8.581142916078008, 39.331333934834682 ], [ -8.581601859821875, 39.331407825062108 ], [ -8.581910685098293, 39.331458149527386 ], [ -8.582102079271687, 39.331480557175304 ], [ -8.582303041120845, 39.331474917046343 ], [ -8.582412774619122, 39.331459628971828 ], [ -8.582584854555158, 39.331418249443999 ], [ -8.582629448304935, 39.331408891711867 ], [ -8.58267834467166, 39.331419779905517 ], [ -8.582835444773426, 39.331447633033918 ], [ -8.583064625476609, 39.331484663979786 ], [ -8.583481996761437, 39.331568345167362 ], [ -8.583605875786834, 39.331588218422027 ], [ -8.584126682525904, 39.331687073949084 ], [ -8.584384830677287, 39.3317375944956 ], [ -8.584874110911404, 39.331821434124919 ], [ -8.585092217934232, 39.331866249326019 ], [ -8.585435839536711, 39.331933995112124 ], [ -8.585629298303958, 39.331970803124257 ], [ -8.585781458011045, 39.332022991767893 ], [ -8.585905349705001, 39.33206330612262 ], [ -8.586143275938616, 39.332142092100341 ], [ -8.586329102597658, 39.332217839675451 ], [ -8.58642279155441, 39.33224998716728 ], [ -8.586605062588161, 39.332313135390358 ], [ -8.586760483400743, 39.332368279710501 ], [ -8.587206161851432, 39.332523353301966 ], [ -8.587400890734747, 39.332593658317123 ], [ -8.587530785576673, 39.332646736800179 ], [ -8.587711303909918, 39.332726197625576 ], [ -8.588036644031298, 39.332852999635705 ], [ -8.588245662389449, 39.332926670109458 ], [ -8.588375479686208, 39.332967955747527 ], [ -8.588563610315228, 39.333022521149339 ], [ -8.588789344317348, 39.333098193283448 ], [ -8.588937339962778, 39.333152105447731 ], [ -8.589212538018383, 39.333254515408193 ], [ -8.589524505708546, 39.333357231800996 ], [ -8.589846200813966, 39.333456753970161 ], [ -8.590089882585785, 39.333546315171716 ], [ -8.590156211724704, 39.333580369392415 ], [ -8.59020084408281, 39.333594699291723 ], [ -8.590259162182658, 39.333608788975781 ], [ -8.590347310593396, 39.333590876042315 ], [ -8.590538569337516, 39.333538692688251 ], [ -8.590721114736962, 39.333501045734472 ], [ -8.590981890681302, 39.333454980724035 ], [ -8.5912344245385, 39.333407326277317 ], [ -8.591252239398047, 39.333435899888109 ], [ -8.591263969102002, 39.33345548756725 ], [ -8.591263424515617, 39.333461434448616 ], [ -8.59125930608684, 39.333541074116518 ], [ -8.591246066033452, 39.333644254818118 ], [ -8.591226931981215, 39.333822135425635 ], [ -8.5912083159697, 39.33393740599422 ], [ -8.591188152142633, 39.333992699349416 ], [ -8.591172861947689, 39.334102557017573 ], [ -8.591162969086366, 39.334150649240804 ], [ -8.591152905102792, 39.334171629631484 ], [ -8.591125436589143, 39.334193173902761 ], [ -8.591057292646077, 39.334236496332004 ], [ -8.590978896411135, 39.334273019900969 ], [ -8.590923715649682, 39.334295840462111 ], [ -8.59085839474592, 39.334327807131203 ], [ -8.590811955402103, 39.334356271386703 ], [ -8.590743904775497, 39.334396170537659 ], [ -8.59065523975824, 39.334441375746898 ], [ -8.590526762620506, 39.334481604158213 ], [ -8.590385890343416, 39.334507827225245 ], [ -8.590313012926339, 39.334519197739247 ], [ -8.590173502294428, 39.334539562337177 ], [ -8.590047645927585, 39.334555550622277 ], [ -8.589918126711183, 39.334579565030538 ], [ -8.589775590337908, 39.334615705387819 ], [ -8.589632893402486, 39.33464644099336 ], [ -8.589563918072782, 39.334668782688674 ], [ -8.589486507079906, 39.334697730856227 ], [ -8.589417914741135, 39.334726190439419 ], [ -8.589312983264859, 39.334766862932113 ], [ -8.589216236647603, 39.334818042555526 ], [ -8.589098980042316, 39.334889933387245 ], [ -8.589004963276896, 39.33495037773092 ], [ -8.588969950774226, 39.334971141294837 ], [ -8.588893603860237, 39.335020080832592 ], [ -8.588802033514714, 39.335082227696297 ], [ -8.588720094387345, 39.335145423054186 ], [ -8.588641077182427, 39.335229227948545 ], [ -8.588562274003035, 39.335329243967593 ], [ -8.588512546120928, 39.335405282565745 ], [ -8.588501552437393, 39.335427028369111 ], [ -8.588486305340229, 39.335454292395163 ], [ -8.588483814986883, 39.335498793985131 ], [ -8.588473244924499, 39.335585486172022 ], [ -8.58847509075469, 39.335656002435698 ], [ -8.588474098574771, 39.335716716483446 ], [ -8.588475788994934, 39.33576327606778 ], [ -8.58851024237021, 39.335906714751424 ], [ -8.588537292302235, 39.335998659545261 ], [ -8.588565746792671, 39.336076641316637 ], [ -8.588588509232473, 39.336152390858139 ], [ -8.588609946795547, 39.336220581353366 ], [ -8.588638214660365, 39.336286579787995 ], [ -8.588662382172984, 39.336346112700106 ], [ -8.588673622634044, 39.336362375295494 ], [ -8.588716128392331, 39.336460204281138 ], [ -8.588750048568652, 39.336539241864209 ], [ -8.588775948953241, 39.336650738461017 ], [ -8.588756698951155, 39.336687656764717 ], [ -8.588718034823332, 39.336752836308662 ], [ -8.588596021144619, 39.336877975834263 ], [ -8.588505941092679, 39.336956418702421 ], [ -8.588419925632607, 39.337034940175911 ], [ -8.588378324835741, 39.337076264783626 ], [ -8.588321549845265, 39.337139356010567 ], [ -8.588275845814843, 39.337191507038121 ], [ -8.588173170308957, 39.337277568528656 ], [ -8.588099262693367, 39.337345412158413 ], [ -8.58805883364527, 39.33738844253228 ], [ -8.587989704107624, 39.337460682731887 ], [ -8.587952327822823, 39.337491903542379 ], [ -8.587850503608593, 39.337583452191481 ], [ -8.587781430655507, 39.337645151850936 ], [ -8.587732927055777, 39.337695694108419 ], [ -8.587701191959365, 39.33772130565427 ], [ -8.587663580545073, 39.337752260677163 ], [ -8.587568241565217, 39.337841443686401 ], [ -8.587490467311531, 39.337921910262551 ], [ -8.587460950354497, 39.337948685816954 ], [ -8.587418208414162, 39.337993080573192 ], [ -8.587380515118189, 39.338029526595605 ], [ -8.587289433816471, 39.33813292589015 ], [ -8.587253265681857, 39.338171524938637 ], [ -8.587202517337394, 39.338215859880862 ], [ -8.58716482438161, 39.338252214858734 ], [ -8.587134450354077, 39.3382908822392 ], [ -8.587101264515093, 39.338341902206068 ], [ -8.587075407540741, 39.338397488137424 ], [ -8.587051082842047, 39.338456490811971 ], [ -8.58705572571348, 39.33851078504982 ], [ -8.587064767497743, 39.338544708624738 ], [ -8.587136683615384, 39.338635037563066 ], [ -8.587182301191298, 39.338675028893093 ], [ -8.587272794026546, 39.338767540668066 ], [ -8.587287031616968, 39.33879918855439 ], [ -8.587310059937002, 39.338879889416788 ], [ -8.587317485068896, 39.33893336754155 ], [ -8.587340112471791, 39.338971465141185 ], [ -8.587364262879472, 39.3389921774559 ], [ -8.587409316074927, 39.339018213384435 ], [ -8.587390873696148, 39.339071696988405 ], [ -8.587372621328434, 39.339136620755674 ], [ -8.587354216767263, 39.339178034596571 ], [ -8.587314337063479, 39.33923520561661 ], [ -8.587265731760368, 39.339287997155743 ], [ -8.587228420639859, 39.339311561377322 ], [ -8.587163828404528, 39.339331992135172 ], [ -8.587119331100514, 39.339338831017926 ], [ -8.587030169205963, 39.339344761416775 ], [ -8.586938097047165, 39.339348544075939 ], [ -8.586866089552457, 39.339352161973757 ], [ -8.586752533922049, 39.339370438808942 ], [ -8.58664056234546, 39.339399968324216 ], [ -8.586548648382948, 39.339428251364225 ], [ -8.586480463585298, 39.339449591051412 ], [ -8.586406296113838, 39.339477985896401 ], [ -8.586345925070828, 39.339504791249041 ], [ -8.586246299932, 39.33954319030677 ], [ -8.58616439629786, 39.339576924842213 ], [ -8.586086396204776, 39.339603895055617 ], [ -8.58602100245183, 39.339626935874506 ], [ -8.585950688191792, 39.339640809387546 ], [ -8.585892068705553, 39.339651668601455 ], [ -8.585779600213026, 39.339658952411732 ], [ -8.585688052924127, 39.339654804830829 ], [ -8.585569661195928, 39.339643111744586 ], [ -8.585459950217077, 39.33962759458398 ], [ -8.585341484822917, 39.339604456140158 ], [ -8.585217143422554, 39.339586746503635 ], [ -8.585147591059471, 39.339574856965235 ], [ -8.585042781522692, 39.339564640910659 ], [ -8.584847938041214, 39.339532704860488 ], [ -8.58454239657202, 39.33947687851775 ], [ -8.584428773231325, 39.339448496204049 ], [ -8.584390546218172, 39.339438740138917 ], [ -8.5841291586247, 39.33937589065286 ], [ -8.584012641660454, 39.339348244221689 ], [ -8.58368806473111, 39.339290240281741 ], [ -8.583530382360866, 39.339264278532198 ], [ -8.583339486932518, 39.339233134418656 ], [ -8.583213281595157, 39.339213809457775 ], [ -8.582905425314856, 39.339176272319698 ], [ -8.582645070022838, 39.339147647260923 ], [ -8.582556036742945, 39.33913727705982 ], [ -8.582413054123498, 39.339124230961922 ], [ -8.582311287859948, 39.339118499779481 ], [ -8.582207598251513, 39.339118901706811 ], [ -8.582151854108004, 39.339126681902478 ], [ -8.582099160286607, 39.33913985640951 ], [ -8.582020155985703, 39.339174296522657 ], [ -8.581967540488666, 39.339198820605418 ], [ -8.581864253264476, 39.339263080623645 ], [ -8.581797935519447, 39.339303601052549 ], [ -8.581736751761088, 39.33934959422858 ], [ -8.581691660156242, 39.33939020932128 ], [ -8.581606627882834, 39.33946088121499 ], [ -8.581521468501101, 39.339530203360731 ], [ -8.581418066356219, 39.339612748882594 ], [ -8.581307990575198, 39.339703066177762 ], [ -8.581227446315326, 39.339786604367681 ], [ -8.581129098364345, 39.339879487517699 ], [ -8.581118500123745, 39.339891326805301 ], [ -8.580986362308217, 39.340014332867902 ], [ -8.580895158652945, 39.34010043384918 ], [ -8.580817521908024, 39.340184590166977 ], [ -8.580763227409538, 39.340237762964335 ], [ -8.580621567736424, 39.340378098996474 ], [ -8.580552522980284, 39.340445829950156 ], [ -8.580498665563542, 39.340495391769082 ], [ -8.580378837497681, 39.340602772816588 ], [ -8.58029523331807, 39.340680281902841 ], [ -8.580228763363005, 39.340734040755358 ], [ -8.580166044684923, 39.340793637119567 ], [ -8.580143251906325, 39.340820475957699 ], [ -8.580086223161222, 39.340863754652894 ], [ -8.580053145309135, 39.340897025358437 ], [ -8.579945158213192, 39.340988233147705 ], [ -8.579907045868953, 39.341032963144947 ], [ -8.579823681383298, 39.341110568246016 ], [ -8.579760127071969, 39.34116746544526 ], [ -8.579674259673, 39.341253006351977 ], [ -8.579502450130615, 39.341377422116025 ], [ -8.579370554101068, 39.34150376255235 ], [ -8.579299413085302, 39.341588611710122 ], [ -8.579209695742932, 39.341690016943652 ], [ -8.579136003795389, 39.341793519715026 ], [ -8.579012191438633, 39.341950721547462 ], [ -8.578907195029458, 39.342110729869411 ], [ -8.578795803572669, 39.342287608687585 ], [ -8.578719721917734, 39.342398956573788 ], [ -8.578633057172096, 39.342542053752126 ], [ -8.578583390620244, 39.34263024388288 ], [ -8.578499414197232, 39.342740811190936 ], [ -8.578455185428018, 39.342808535086938 ], [ -8.578335235966064, 39.343007959606439 ], [ -8.578219698919833, 39.343189715777974 ], [ -8.578151726117731, 39.343299234437978 ], [ -8.578061117963824, 39.343443514480484 ], [ -8.577958736517054, 39.343596575498715 ], [ -8.577888785853661, 39.343687727840553 ], [ -8.577866985200719, 39.343761938323141 ], [ -8.577886939294224, 39.343852835347292 ], [ -8.57790986728908, 39.343901025234722 ], [ -8.577921355420534, 39.343938990669066 ], [ -8.577906622219125, 39.343993179139026 ], [ -8.577830273232045, 39.344117949916928 ], [ -8.577724051821276, 39.344305614701703 ], [ -8.577621553380119, 39.344477143241569 ], [ -8.577503190084196, 39.344689173531108 ], [ -8.577445823927278, 39.34478928470687 ], [ -8.577386512395321, 39.344893451098407 ], [ -8.57732591560311, 39.344996187522341 ], [ -8.577269698664171, 39.34509466932839 ], [ -8.577232100063249, 39.345147141725413 ], [ -8.577176818013207, 39.345228417134997 ], [ -8.577090128713559, 39.34535052470855 ], [ -8.577043050300631, 39.345407991647875 ], [ -8.576966718341133, 39.345499075879367 ], [ -8.576846590147246, 39.345653462754207 ], [ -8.576767924563137, 39.345742487704868 ], [ -8.576699648775088, 39.345823540394861 ], [ -8.576587256090416, 39.345954664437251 ], [ -8.576479861932162, 39.346067660427074 ], [ -8.576378858186978, 39.346165054991339 ], [ -8.57627594925513, 39.346273086073595 ], [ -8.57616346756272, 39.34638943378868 ], [ -8.576039398281155, 39.346508261028781 ], [ -8.575892213783316, 39.346658969556401 ], [ -8.57582606061057, 39.346727406325094 ], [ -8.575708269774083, 39.346847920686059 ], [ -8.575497643073666, 39.347056521186921 ], [ -8.575318749041275, 39.347219147983466 ], [ -8.575161000671065, 39.347368819354521 ], [ -8.575109498701911, 39.347424138778322 ], [ -8.574966324154021, 39.347549610840041 ], [ -8.574793294472309, 39.347705103402724 ], [ -8.574658273886737, 39.347834776602014 ], [ -8.574561065562515, 39.347927202132148 ], [ -8.574358623762357, 39.348109823474921 ], [ -8.574252879378713, 39.348210832504272 ], [ -8.574149698313114, 39.348312737843116 ], [ -8.574116336582163, 39.348302954583502 ], [ -8.5740404321722, 39.34825938000602 ], [ -8.573913069251896, 39.348188167259067 ], [ -8.573849984261262, 39.348155530036188 ], [ -8.573699996186399, 39.348065398522763 ], [ -8.573467130876439, 39.347929734868941 ], [ -8.573281348825461, 39.347828570255423 ], [ -8.573004872475297, 39.347676682966686 ], [ -8.572633617786138, 39.347467862923935 ], [ -8.572298708429376, 39.347283404922365 ], [ -8.571890529822383, 39.347050134963276 ], [ -8.571509716528533, 39.346815049123023 ], [ -8.571345608023703, 39.346710014939383 ], [ -8.57116564831691, 39.346574956257726 ], [ -8.5709932402207, 39.34644140460378 ], [ -8.57082982955319, 39.346318171686313 ], [ -8.570728527439908, 39.346238844631017 ], [ -8.570640473877686, 39.346163513700439 ], [ -8.570569833916286, 39.346109196718075 ], [ -8.570144068074747, 39.345807445746424 ], [ -8.570060372923804, 39.345761194748405 ], [ -8.569934550857095, 39.345711946596424 ], [ -8.569755733577905, 39.345666416236966 ], [ -8.569621256035372, 39.345642959807684 ], [ -8.569438287731494, 39.345619690423803 ], [ -8.569217944331545, 39.345610251693373 ], [ -8.569027574990642, 39.34560898417562 ], [ -8.568922837857867, 39.345630184760061 ], [ -8.568641904501233, 39.345746352439839 ], [ -8.568401035704181, 39.34586867011879 ], [ -8.568134241053418, 39.346002167520375 ], [ -8.567891320258205, 39.3461502514022 ], [ -8.567764011559307, 39.346253771573487 ], [ -8.567711671878998, 39.346305758221099 ], [ -8.567651141030037, 39.346365431516972 ], [ -8.567603355841545, 39.346422897282281 ], [ -8.567583858496365, 39.34645881587862 ], [ -8.567577214043315, 39.346490907087293 ], [ -8.567571047085845, 39.346768167912373 ], [ -8.567563754023995, 39.346845207286485 ], [ -8.567540016310529, 39.346983017224339 ], [ -8.567522014632287, 39.34709134601605 ], [ -8.567511966732154, 39.347211358932427 ], [ -8.567511589280674, 39.347392853773613 ], [ -8.567528736707461, 39.347501595396359 ], [ -8.567547953867786, 39.347588621126519 ], [ -8.567565644213957, 39.347672054190149 ], [ -8.567595711186746, 39.347750573576647 ], [ -8.567639908113554, 39.347843539930444 ], [ -8.567698008974572, 39.347934115189382 ], [ -8.56776393867379, 39.348014840672079 ], [ -8.567842864514841, 39.348076965522118 ], [ -8.567904028570718, 39.348118887857439 ], [ -8.567933468467583, 39.348133007386778 ], [ -8.568028868148076, 39.348177413822441 ], [ -8.56824559868706, 39.348256224335906 ], [ -8.56831979179967, 39.34828576243077 ], [ -8.568518056962176, 39.348380309437879 ], [ -8.568602564248465, 39.348425482125805 ], [ -8.568668734524055, 39.348470717071798 ], [ -8.568731318902039, 39.348517048962819 ], [ -8.568862866529225, 39.348627342794572 ], [ -8.56905181706837, 39.348790470949766 ], [ -8.569232067469295, 39.348953363880845 ], [ -8.569383141609441, 39.349088171686446 ], [ -8.56950147030769, 39.349181220585919 ], [ -8.569626294551073, 39.349274241398106 ], [ -8.569663194492344, 39.349312746411051 ], [ -8.569693580607016, 39.34936730138444 ], [ -8.56971617807022, 39.34941909785195 ], [ -8.569768274874583, 39.349587606493635 ], [ -8.569807229925031, 39.34975084929318 ], [ -8.569816954759618, 39.349840251185697 ], [ -8.569836347700845, 39.350010861365121 ], [ -8.569839699531375, 39.350138748631217 ], [ -8.569836329332048, 39.350231174718097 ], [ -8.569832654280741, 39.350273884237957 ], [ -8.569822797111552, 39.350367683936078 ], [ -8.569815665391619, 39.350470299519003 ], [ -8.569814796708959, 39.350757723869364 ], [ -8.569809647032795, 39.350973189881394 ], [ -8.569800611748622, 39.351217496067278 ], [ -8.569800853453566, 39.351256139463835 ], [ -8.569795171062049, 39.351386221418132 ], [ -8.569786772647648, 39.35150920150965 ], [ -8.569779181564009, 39.3515570534855 ], [ -8.569758559756337, 39.351598563772839 ], [ -8.569732605417927, 39.351640366077895 ], [ -8.569692444783653, 39.351693298668906 ], [ -8.569597437682683, 39.35176886657451 ], [ -8.569485471899981, 39.35185980835184 ], [ -8.569394307721984, 39.351938330439744 ], [ -8.569298491462243, 39.351995258122663 ] ] ] } }
]
}
