{
"type": "FeatureCollection",
"name": "CAOP_Condeixa-a-Nova_freg",
"crs": { "type": "name", "properties": { "name": "urn:ogc:def:crs:OGC:1.3:CRS84" } },
"features": [
{ "type": "Feature", "properties": { "dtmnfr": "060401", "freguesia": "Anobra", "municipio": "Condeixa-a-Nova", "distrito_i": "Coimbra", "nuts3_cod": "192", "nuts3": "Região de Coimbra", "nuts2": "Centro", "nuts1": "Continente", "area_ha": 1638.29, "perimetro_": 22, "designacao": "Anobra" }, "geometry": { "type": "Polygon", "coordinates": [ [ [ -8.492024605262277, 40.166060253822174 ], [ -8.491346863797521, 40.165959516044957 ], [ -8.49107005833487, 40.165825558171584 ], [ -8.490785397182728, 40.165715312146538 ], [ -8.490502316338919, 40.165592629681584 ], [ -8.490238218227592, 40.165440619660885 ], [ -8.490180528784212, 40.165408736539973 ], [ -8.489902983222555, 40.165288829163565 ], [ -8.489638568061736, 40.165187253647986 ], [ -8.489364461230874, 40.165073815939905 ], [ -8.489092183854263, 40.164951097666524 ], [ -8.489063559081295, 40.164931553681768 ], [ -8.488952133333562, 40.164860120858975 ], [ -8.488812995241364, 40.164807595422779 ], [ -8.488511626437404, 40.164755930834545 ], [ -8.488210243252423, 40.164722821287462 ], [ -8.487901635460529, 40.164700356467982 ], [ -8.487610126985619, 40.164624972864708 ], [ -8.487310229943279, 40.164450284368584 ], [ -8.487108720764121, 40.164345082048087 ], [ -8.486948273690063, 40.164213640349701 ], [ -8.486760010635509, 40.163947646774432 ], [ -8.486567533938237, 40.163728764873831 ], [ -8.486329742692467, 40.163577476092165 ], [ -8.486305009011698, 40.163561251737256 ], [ -8.486268881968011, 40.163543889558234 ], [ -8.486151517760959, 40.163524256140121 ], [ -8.486087849449614, 40.163516076552355 ], [ -8.486025799822087, 40.163502217368823 ], [ -8.485726083282191, 40.163359313253864 ], [ -8.485439439449589, 40.163247887482456 ], [ -8.485409452544502, 40.163236993310647 ], [ -8.485373451898282, 40.163221070512044 ], [ -8.485353428411823, 40.162869004625151 ], [ -8.485334270780131, 40.162638332231261 ], [ -8.485315791286368, 40.162448456366057 ], [ -8.485310107534829, 40.162370753493889 ], [ -8.485308581642888, 40.162211986521299 ], [ -8.485303794879396, 40.162150669885285 ], [ -8.485289586954465, 40.161923048013513 ], [ -8.485320735669411, 40.161411328871722 ], [ -8.4853044492287, 40.160603104391178 ], [ -8.485338773227744, 40.159460071225901 ], [ -8.485374838949753, 40.158539116786137 ], [ -8.485377169586039, 40.158491559323856 ], [ -8.485400188520352, 40.158018769282648 ], [ -8.485353378087494, 40.156599055619445 ], [ -8.4853260345746, 40.155809776552054 ], [ -8.485387093943807, 40.155136404926772 ], [ -8.485353678148735, 40.153831468208423 ], [ -8.485433684120757, 40.152423518507518 ], [ -8.485557231000097, 40.151263728601656 ], [ -8.487626726515984, 40.150777550651569 ], [ -8.490724489809283, 40.149220501981262 ], [ -8.491378395577021, 40.148082831996675 ], [ -8.492081553980286, 40.147453478981888 ], [ -8.492456698203569, 40.147401603886152 ], [ -8.492417927964089, 40.146529331433882 ], [ -8.492412328230881, 40.146269259049681 ], [ -8.492426140844566, 40.145885926945674 ], [ -8.492463036827916, 40.145362299766603 ], [ -8.492520631891702, 40.14491435186784 ], [ -8.492606087391426, 40.144454514228585 ], [ -8.49275815957993, 40.143809312802702 ], [ -8.492927352641354, 40.143229075433688 ], [ -8.493257044557312, 40.142333135992367 ], [ -8.493571004804979, 40.141636181339287 ], [ -8.49386479700615, 40.141098872197887 ], [ -8.493561742617894, 40.140997335411591 ], [ -8.493478518769633, 40.140970037127218 ], [ -8.493461937182015, 40.140964141198481 ], [ -8.49345668808073, 40.140549621802862 ], [ -8.493572697766671, 40.138419912606707 ], [ -8.493666513781072, 40.137613681389979 ], [ -8.501652326910728, 40.138666694160122 ], [ -8.507289386389045, 40.141330660400484 ], [ -8.507241783171327, 40.141507060563477 ], [ -8.50730965035879, 40.141515576144108 ], [ -8.507626341350257, 40.14155309149897 ], [ -8.507660087292047, 40.141565587076336 ], [ -8.507927223226289, 40.141682336779425 ], [ -8.508044464021694, 40.141727076127097 ], [ -8.514857864904057, 40.140778100319487 ], [ -8.517234282725264, 40.140024432554092 ], [ -8.517215367982294, 40.139812495320442 ], [ -8.517217633632844, 40.139611567840248 ], [ -8.51730236005206, 40.13948799626769 ], [ -8.517480622272355, 40.139429766658594 ], [ -8.517634510062246, 40.139334961707668 ], [ -8.517647258112593, 40.139161556695015 ], [ -8.517744613661486, 40.139092876431469 ], [ -8.522226694458151, 40.138067105712011 ], [ -8.522138164530483, 40.137914036355141 ], [ -8.522010849735729, 40.137708952739764 ], [ -8.52180159199693, 40.137414984246163 ], [ -8.521559182284989, 40.137109332373804 ], [ -8.521245103403407, 40.136705129433984 ], [ -8.520988561255445, 40.136368000158413 ], [ -8.520760289565517, 40.136133537170267 ], [ -8.52060159655888, 40.136000062420322 ], [ -8.520466629326023, 40.135892355172835 ], [ -8.520423782872694, 40.135806223263856 ], [ -8.520424327930874, 40.135737508728411 ], [ -8.520426775719175, 40.135693099396384 ], [ -8.520456641212954, 40.135663101545504 ], [ -8.520925298149839, 40.135173224876709 ], [ -8.521350397353526, 40.134720693207612 ], [ -8.521777420265057, 40.134154944146395 ], [ -8.522059783903467, 40.133776373758742 ], [ -8.522072733751385, 40.13370203744045 ], [ -8.522105537268759, 40.133569628876913 ], [ -8.522143198416886, 40.133426757975258 ], [ -8.522232798668465, 40.133275608089342 ], [ -8.522385057018001, 40.13316675203653 ], [ -8.522605874301203, 40.133085225242681 ], [ -8.522863345159147, 40.133011228835784 ], [ -8.523197599535502, 40.132885274551342 ], [ -8.523471175065291, 40.132735393293551 ], [ -8.52368395654053, 40.13260354372941 ], [ -8.523974403289603, 40.13248971736224 ], [ -8.524282232044845, 40.132380873989419 ], [ -8.524548671582167, 40.132296395727735 ], [ -8.524683643761684, 40.132221911367793 ], [ -8.524779876864528, 40.132123959566201 ], [ -8.52490037672216, 40.131961985094321 ], [ -8.525219037758136, 40.131372455520498 ], [ -8.52538743314622, 40.13101101738841 ], [ -8.525579038718741, 40.130993255081457 ], [ -8.526175271361584, 40.130927644568871 ], [ -8.526725673103849, 40.13091000570688 ], [ -8.527058566512029, 40.130916523432546 ], [ -8.527173874392837, 40.130932967767855 ], [ -8.52749622279709, 40.130981762563572 ], [ -8.527619558291047, 40.131005474842915 ], [ -8.527935431514138, 40.131030869578119 ], [ -8.528217960184785, 40.131031341556643 ], [ -8.528848811317927, 40.131068808346029 ], [ -8.529224661299809, 40.131077421832174 ], [ -8.529612951453922, 40.131146963640582 ], [ -8.529706779249324, 40.131160691649299 ], [ -8.52988265412508, 40.13118070925416 ], [ -8.52994622476086, 40.131238126861433 ], [ -8.530268677559485, 40.131484677186982 ], [ -8.530655806682487, 40.131756312235559 ], [ -8.530986006140417, 40.131982573242333 ], [ -8.531177116379222, 40.132078993493209 ], [ -8.531632311739184, 40.132152620471942 ], [ -8.531748660844531, 40.132205356065299 ], [ -8.531906331762194, 40.132321346674487 ], [ -8.531996493287977, 40.132370296931263 ], [ -8.532090012066764, 40.132391406248892 ], [ -8.532230804071201, 40.13239154882055 ], [ -8.53246988970556, 40.132405671766804 ], [ -8.532694927710851, 40.132445690681926 ], [ -8.53280473736173, 40.132463048967203 ], [ -8.53293839639603, 40.132486720838962 ], [ -8.533002538687111, 40.13254053149398 ], [ -8.53309207718236, 40.132682964854396 ], [ -8.533371846540057, 40.133268728929146 ], [ -8.533642522457276, 40.133825069745306 ], [ -8.533810806020169, 40.13412843307912 ], [ -8.533888652875291, 40.134237582409668 ], [ -8.534001882722546, 40.13435741814682 ], [ -8.534293601004185, 40.134600375545098 ], [ -8.534489707235355, 40.13472604230202 ], [ -8.534791982695586, 40.134888809772441 ], [ -8.534910978612634, 40.134971967682425 ], [ -8.535131930153565, 40.135171846224225 ], [ -8.535214755993536, 40.135228745545177 ], [ -8.535400759588352, 40.135313023852824 ], [ -8.535979602261133, 40.135555059317198 ], [ -8.5364432449172, 40.135722569063134 ], [ -8.536928564342382, 40.13590296812351 ], [ -8.537326700518175, 40.136083041772338 ], [ -8.53764710734292, 40.136254203135145 ], [ -8.538005666529612, 40.136487364950547 ], [ -8.538229292910051, 40.136641930043851 ], [ -8.538054579333508, 40.137920565967775 ], [ -8.537943290779026, 40.137951307809146 ], [ -8.537656552649374, 40.13807668466012 ], [ -8.537370318627207, 40.138168105726223 ], [ -8.5370765514678, 40.138235508290904 ], [ -8.536744326602355, 40.138289265065914 ], [ -8.536445444692081, 40.138365419623973 ], [ -8.536333106800321, 40.138417595920366 ], [ -8.536089611873447, 40.138552636589559 ], [ -8.536002096408476, 40.138635704831167 ], [ -8.535935934059324, 40.138717889996045 ], [ -8.535906743778533, 40.138742670522156 ], [ -8.535882612366802, 40.138768691576196 ], [ -8.535861313637803, 40.138798301548775 ], [ -8.535843896482291, 40.138829885630159 ], [ -8.535830366621093, 40.138862623360623 ], [ -8.535797152255661, 40.139079958636273 ], [ -8.535780582355258, 40.139135221790909 ], [ -8.535746734786517, 40.139204777110258 ], [ -8.535722290250074, 40.139237824754659 ], [ -8.535549647693216, 40.139430972832287 ], [ -8.535530189338123, 40.139453555311768 ], [ -8.536100520512473, 40.140411224512647 ], [ -8.536096264945286, 40.140505259554011 ], [ -8.536093554670952, 40.140759955213191 ], [ -8.53627884176211, 40.14115583645669 ], [ -8.536837192461702, 40.14161399116059 ], [ -8.53712461025061, 40.1414821315445 ], [ -8.537535800655691, 40.141819578029938 ], [ -8.537005414833994, 40.142256242200887 ], [ -8.537054814948368, 40.142353959041372 ], [ -8.537115130264736, 40.142354291686758 ], [ -8.537151292971277, 40.142357587773162 ], [ -8.537217718043808, 40.14237842448216 ], [ -8.537461963280213, 40.142504013459828 ], [ -8.537657567816492, 40.142561234863187 ], [ -8.537698933634848, 40.142571808311715 ], [ -8.537760851879375, 40.142584560513086 ], [ -8.53784103154605, 40.142609315013644 ], [ -8.541497797172502, 40.145456048372807 ], [ -8.547705569863798, 40.146543954605576 ], [ -8.547742132050656, 40.146497082015813 ], [ -8.547756554480744, 40.146475960098527 ], [ -8.547771386273009, 40.146444383530117 ], [ -8.547775668623409, 40.146415637476231 ], [ -8.547780054036716, 40.146365820778101 ], [ -8.54809898680821, 40.146283441148434 ], [ -8.548194292424089, 40.146246532778591 ], [ -8.548142597106674, 40.146179716650124 ], [ -8.548277004521269, 40.146070623315339 ], [ -8.548396451471516, 40.146259315945017 ], [ -8.550773114163627, 40.145670934775062 ], [ -8.552420226344275, 40.145263749080186 ], [ -8.552198153742427, 40.145751139847171 ], [ -8.551340058750178, 40.147902060844388 ], [ -8.551100377273171, 40.148124742258574 ], [ -8.551047157574432, 40.148840266093359 ], [ -8.550713939650615, 40.150379401066054 ], [ -8.550423480786568, 40.15112568565474 ], [ -8.550702612225308, 40.151896384191772 ], [ -8.551108356046093, 40.152986603488699 ], [ -8.551266044977739, 40.153740811203868 ], [ -8.549088789832579, 40.15245887145182 ], [ -8.549217122578282, 40.152773612169085 ], [ -8.549394342757463, 40.153366816528944 ], [ -8.549683591276342, 40.154141711836488 ], [ -8.549561199712743, 40.154796340136308 ], [ -8.549515495280295, 40.15507541684925 ], [ -8.54942141149262, 40.15519706214549 ], [ -8.548021890371681, 40.156232192926076 ], [ -8.547770043754459, 40.156390698603694 ], [ -8.547628320644183, 40.156439568707192 ], [ -8.547106790706748, 40.156393081795322 ], [ -8.54704352850842, 40.15639330886539 ], [ -8.547043972070695, 40.156466166032608 ], [ -8.547107825789178, 40.156562750431924 ], [ -8.547202721380726, 40.156610862024124 ], [ -8.54744013055072, 40.156682862497206 ], [ -8.547598968644898, 40.15680333081032 ], [ -8.54777381958182, 40.157008934803656 ], [ -8.547805910145877, 40.157093564626805 ], [ -8.547823199525451, 40.157311627734295 ], [ -8.547871019118496, 40.157396376813942 ], [ -8.547920022320099, 40.157674844225305 ], [ -8.547984619028796, 40.157892730595997 ], [ -8.548017748138802, 40.158147296388805 ], [ -8.54803418624113, 40.158244051039809 ], [ -8.548067435427823, 40.158498614571002 ], [ -8.548135619146889, 40.158823478194208 ], [ -8.548164778449733, 40.158946576337392 ], [ -8.548243905814267, 40.159237269141734 ], [ -8.548327356220172, 40.159697614112481 ], [ -8.548393351414441, 40.160182070969867 ], [ -8.548393915786212, 40.160542302589072 ], [ -8.548397935544582, 40.160566690580993 ], [ -8.54841298048906, 40.160800249876246 ], [ -8.548415871381657, 40.161272776776102 ], [ -8.548307643287133, 40.161636817135864 ], [ -8.548167017739813, 40.161904075364475 ], [ -8.548093918245838, 40.162849683682303 ], [ -8.548159396574778, 40.163249392199518 ], [ -8.548497535171302, 40.164278441439379 ], [ -8.54891478990926, 40.1653435874385 ], [ -8.549247222661984, 40.165475761515076 ], [ -8.549374011451674, 40.165535822708151 ], [ -8.549406003794903, 40.165584159430146 ], [ -8.54943854678398, 40.165741646573409 ], [ -8.549329188413193, 40.165960068978755 ], [ -8.549000876300564, 40.16651871119354 ], [ -8.548797235731506, 40.166810423972279 ], [ -8.548680083355732, 40.167041128037376 ], [ -8.5486996877357, 40.167635170441635 ], [ -8.548718504843434, 40.168119702105344 ], [ -8.548767742600724, 40.16843472812058 ], [ -8.548768486087932, 40.168556035770266 ], [ -8.548659461572443, 40.1688108409667 ], [ -8.548423411014944, 40.168969295596845 ], [ -8.547983419125892, 40.169370732958939 ], [ -8.547670150939556, 40.169783876519467 ], [ -8.547576704731611, 40.170014761954789 ], [ -8.547706723847634, 40.170620384062481 ], [ -8.547739116345268, 40.170753374258787 ], [ -8.547598061465536, 40.17093571098269 ], [ -8.547601577669312, 40.171529539702682 ], [ -8.54753904105373, 40.171650980161346 ], [ -8.547131576586297, 40.172173703408731 ], [ -8.547029590926805, 40.172295109026336 ], [ -8.547018105054207, 40.173010206032238 ], [ -8.546927460282605, 40.173701457330232 ], [ -8.546851333503991, 40.174174538509767 ], [ -8.546838559264955, 40.174659453915972 ], [ -8.546746188062762, 40.175047665691366 ], [ -8.546621252272999, 40.175314775360036 ], [ -8.546559462046837, 40.175520780518973 ], [ -8.546482030422544, 40.175799877412061 ], [ -8.546420832324154, 40.176103232178832 ], [ -8.546391354736652, 40.176466987809626 ], [ -8.546250948378798, 40.176758201553909 ], [ -8.546126273565376, 40.177049625570397 ], [ -8.546097195469734, 40.177268119259409 ], [ -8.546034106686305, 40.177454135646322 ], [ -8.546002784167861, 40.177534666284068 ], [ -8.545885944290625, 40.177801926300532 ], [ -8.54563537806135, 40.178166386818454 ], [ -8.545600295572855, 40.178227575295438 ], [ -8.54541462901908, 40.178548303862122 ], [ -8.545361816364089, 40.178552905710433 ], [ -8.544866266282176, 40.178520094714187 ], [ -8.544274951890703, 40.178376940350013 ], [ -8.544036429926194, 40.178289356634963 ], [ -8.543804016610004, 40.178201836313036 ], [ -8.543728333007133, 40.178131501349412 ], [ -8.543545772222288, 40.177977069197382 ], [ -8.543412591904245, 40.177874248287935 ], [ -8.543251581033957, 40.177788727052572 ], [ -8.542856821359845, 40.17762748398907 ], [ -8.541690020725449, 40.177159090463633 ], [ -8.541035342234547, 40.176863587011134 ], [ -8.540257695837711, 40.176461345002174 ], [ -8.539632178128832, 40.176131510444385 ], [ -8.539235801601595, 40.175932528677549 ], [ -8.539121098639418, 40.1758549409019 ], [ -8.539096042303616, 40.175846927972351 ], [ -8.53883732152601, 40.175734992055808 ], [ -8.538602695219282, 40.175589475578448 ], [ -8.538363513756305, 40.175427040795213 ], [ -8.538139198079238, 40.175277250908046 ], [ -8.537906579319767, 40.175112632598449 ], [ -8.537677825696642, 40.174965650048549 ], [ -8.537435659561357, 40.174834475087025 ], [ -8.537183499647309, 40.174718914681023 ], [ -8.537119750143209, 40.174680232614961 ], [ -8.536937888762067, 40.174482831187113 ], [ -8.536798058148859, 40.17428375102179 ], [ -8.536779979016442, 40.174264092960946 ], [ -8.536769154285322, 40.174241077426124 ], [ -8.53675470357366, 40.174219151636031 ], [ -8.536664429811449, 40.174121577711439 ], [ -8.536573963546507, 40.174050927492416 ], [ -8.536300570350353, 40.173918777335949 ], [ -8.536175544686159, 40.173861759584504 ], [ -8.536018857773668, 40.173769727109182 ], [ -8.53576354467857, 40.173637239876854 ], [ -8.535700122608729, 40.173612335793599 ], [ -8.53566555525466, 40.17360426332818 ], [ -8.535588303311211, 40.173583729194874 ], [ -8.535439711057231, 40.173531382867289 ], [ -8.535409545923191, 40.17351230513917 ], [ -8.535388313033156, 40.173495268623576 ], [ -8.535163775872116, 40.173324855585875 ], [ -8.534955615662765, 40.173164916755759 ], [ -8.534752293902288, 40.172989738102387 ], [ -8.534541230395618, 40.172814320253757 ], [ -8.534393841771019, 40.17264678664209 ], [ -8.534274385958781, 40.172418093403053 ], [ -8.534118035160487, 40.172223390881378 ], [ -8.534104636393158, 40.172200655980795 ], [ -8.533973904033529, 40.171990555407831 ], [ -8.533828378959337, 40.171780234799883 ], [ -8.533680887637026, 40.1715747821844 ], [ -8.53352994206441, 40.171360519144756 ], [ -8.533388097606359, 40.171156762232407 ], [ -8.533232336336896, 40.170941972379929 ], [ -8.533157748803786, 40.170835333745842 ], [ -8.533152096546692, 40.170812209025122 ], [ -8.533137638451347, 40.170790101774926 ], [ -8.53312774953325, 40.170765008592362 ], [ -8.532960392017534, 40.170553957142218 ], [ -8.532728259498054, 40.170387883829747 ], [ -8.532467248257515, 40.170241364195704 ], [ -8.532222224613053, 40.170078127048704 ], [ -8.532000047796499, 40.169926605690755 ], [ -8.531821256388683, 40.16976683189975 ], [ -8.531808569690778, 40.169745799986849 ], [ -8.531716897276333, 40.169588518727799 ], [ -8.531697589205724, 40.169519057868634 ], [ -8.53142991330485, 40.169515749882073 ], [ -8.531325999859721, 40.169512686884332 ], [ -8.531105112298887, 40.169519936034895 ], [ -8.531082678156602, 40.169538025844936 ], [ -8.531070132821052, 40.169560850284512 ], [ -8.531033001103417, 40.169635275660312 ], [ -8.531011048814577, 40.169655074920662 ], [ -8.530840244848193, 40.169855776428612 ], [ -8.53069549612569, 40.170076643373044 ], [ -8.530544720412971, 40.170290245047646 ], [ -8.530524632796679, 40.170307962854729 ], [ -8.530512801857547, 40.170331957346924 ], [ -8.530477254093013, 40.170395936563594 ], [ -8.530468577266184, 40.17041766605 ], [ -8.530452624409959, 40.170440235539644 ], [ -8.530294112663118, 40.170635848030663 ], [ -8.530195197568602, 40.170744802022135 ], [ -8.530142920942527, 40.170778483231977 ], [ -8.530111384281522, 40.17078588344603 ], [ -8.530074439227205, 40.170791687437543 ], [ -8.529784453604805, 40.170828616637401 ], [ -8.529457737750088, 40.170889178043147 ], [ -8.52942417830084, 40.170891547996973 ], [ -8.529394826848511, 40.170891377384599 ], [ -8.529306168377985, 40.170886910379437 ], [ -8.529271610173948, 40.170878832364508 ], [ -8.529244083903299, 40.170869918849149 ], [ -8.529218658825066, 40.17085793793521 ], [ -8.529194975602515, 40.170843073673069 ], [ -8.529064608565541, 40.170773184434751 ], [ -8.528783767951932, 40.170667431861268 ], [ -8.528502601357079, 40.170566450140029 ], [ -8.528206409143706, 40.170464708477233 ], [ -8.527945892253959, 40.170360953161513 ], [ -8.527681708590904, 40.170232445336545 ], [ -8.527421720806734, 40.170098517275243 ], [ -8.527138073124153, 40.169993036824465 ], [ -8.526860365592423, 40.169900599430065 ], [ -8.526580842628238, 40.169777450219293 ], [ -8.526520954834174, 40.169754510368129 ], [ -8.526096195514608, 40.16964825222442 ], [ -8.525054323169879, 40.169425209845521 ], [ -8.524115215216277, 40.169065106923725 ], [ -8.523835165611242, 40.16897230811945 ], [ -8.523529988058089, 40.168857073215861 ], [ -8.523222462585258, 40.168640353420223 ], [ -8.52266845366103, 40.168245971712345 ], [ -8.52251140695504, 40.168168515197131 ], [ -8.522432023523603, 40.16814257407848 ], [ -8.522430442117788, 40.168133305118673 ], [ -8.522363089036743, 40.168036447955259 ], [ -8.522228588971304, 40.167919018204941 ], [ -8.52210510579488, 40.167818928170576 ], [ -8.521914852578307, 40.167620634930884 ], [ -8.521776516086506, 40.167468539399174 ], [ -8.521631202757565, 40.167245867134184 ], [ -8.521376691734897, 40.16689468913264 ], [ -8.521137581531574, 40.166527874217856 ], [ -8.520962166531682, 40.166295483709987 ], [ -8.520859533209125, 40.166206579849181 ], [ -8.520779901445827, 40.166158758570937 ], [ -8.520675778651885, 40.166116872156486 ], [ -8.520575609027111, 40.166110182805532 ], [ -8.520439931726767, 40.166114871338344 ], [ -8.520239096226263, 40.166096367639668 ], [ -8.520060769916432, 40.166053014024769 ], [ -8.519851074046686, 40.165942228734643 ], [ -8.519719622136181, 40.165864406414897 ], [ -8.519645950277848, 40.165769823801796 ], [ -8.519551797316987, 40.165623797519174 ], [ -8.519511850746731, 40.165453720114613 ], [ -8.519514254701335, 40.165442721284158 ], [ -8.519491567921181, 40.165271420000522 ], [ -8.519500175902639, 40.16517637986194 ], [ -8.51945239225631, 40.165174108618238 ], [ -8.519391504428983, 40.165159990575162 ], [ -8.519189823392313, 40.165095914379663 ], [ -8.518914674581994, 40.165014163601917 ], [ -8.518626580724359, 40.164946681901988 ], [ -8.518354264548353, 40.164868251642183 ], [ -8.518268757148164, 40.164838459084748 ], [ -8.518222946014218, 40.164812946431226 ], [ -8.51820184289927, 40.164796444850076 ], [ -8.518186473474323, 40.164776502851964 ], [ -8.518146104439117, 40.16477862110478 ], [ -8.517537688286234, 40.164487690478332 ], [ -8.516744731851215, 40.164214486651204 ], [ -8.516053108960492, 40.164090705134974 ], [ -8.51526334284279, 40.163965262146149 ], [ -8.51521235078903, 40.163957323315522 ], [ -8.514543915066421, 40.163760240005864 ], [ -8.513803682530387, 40.163654349500156 ], [ -8.51318085686561, 40.163802118442995 ], [ -8.512934683573148, 40.163757361751095 ], [ -8.512260760986567, 40.163543076548564 ], [ -8.511672789588921, 40.163291497534843 ], [ -8.510900334160288, 40.162961354740382 ], [ -8.509335513850576, 40.162306529950847 ], [ -8.5093936146834, 40.162242756703343 ], [ -8.509438746674316, 40.162146606092108 ], [ -8.509438088803112, 40.162028095816716 ], [ -8.509353713625538, 40.161820155102198 ], [ -8.509133778402679, 40.161424883125221 ], [ -8.508884367132159, 40.160962802322885 ], [ -8.508761447101381, 40.160746698976787 ], [ -8.508646708609785, 40.160628917157325 ], [ -8.50846186900101, 40.160507041451353 ], [ -8.508038311146198, 40.160306147157669 ], [ -8.507989864404996, 40.160290186132059 ], [ -8.507598958338155, 40.160155557205485 ], [ -8.50724726135376, 40.160022781569616 ], [ -8.506735704175483, 40.159889894894555 ], [ -8.506245935418436, 40.159875993066713 ], [ -8.505312097316999, 40.159921702005398 ], [ -8.504354567331337, 40.159949282921623 ], [ -8.50396180254444, 40.159967119639887 ], [ -8.503703167207233, 40.159978942140448 ], [ -8.5025351602411, 40.160154970380027 ], [ -8.502372223201663, 40.160173147119842 ], [ -8.501220722042632, 40.160298045911432 ], [ -8.500338363195922, 40.160422438405121 ], [ -8.499765402823506, 40.160632840207121 ], [ -8.498902918115045, 40.161005362797631 ], [ -8.498782135902079, 40.161070497746046 ], [ -8.49865754860221, 40.161148879675793 ], [ -8.497652387992447, 40.161927285105726 ], [ -8.496500914280769, 40.162854019936852 ], [ -8.495636941186534, 40.163549651361222 ], [ -8.494588385911225, 40.164369864093985 ], [ -8.494562770724448, 40.164387054393188 ], [ -8.493940192157567, 40.165055164436794 ], [ -8.492109192201454, 40.166072958294038 ], [ -8.492024605262277, 40.166060253822174 ] ] ] } },
{ "type": "Feature", "properties": { "dtmnfr": "060406", "freguesia": "Ega", "municipio": "Condeixa-a-Nova", "distrito_i": "Coimbra", "nuts3_cod": "192", "nuts3": "Região de Coimbra", "nuts2": "Centro", "nuts1": "Continente", "area_ha": 3255.06, "perimetro_": 32, "designacao": "Ega" }, "geometry": { "type": "Polygon", "coordinates": [ [ [ -8.582236858335776, 40.132710646402664 ], [ -8.582226019724633, 40.132739056262054 ], [ -8.579879721869633, 40.133142979444663 ], [ -8.578114913544418, 40.13342421261266 ], [ -8.576853983730205, 40.133590630341757 ], [ -8.57673140229989, 40.133631542977497 ], [ -8.57655010555024, 40.133610625769592 ], [ -8.576331492152603, 40.13358895051023 ], [ -8.576188456139409, 40.133606071499891 ], [ -8.575892797906183, 40.13364484987305 ], [ -8.575753664421034, 40.133647905230397 ], [ -8.575716627872655, 40.133653990712212 ], [ -8.575422092867084, 40.133721492554159 ], [ -8.575123739689987, 40.13379666777633 ], [ -8.574847015271436, 40.13389706283116 ], [ -8.574577709251853, 40.134001117779299 ], [ -8.574370491681453, 40.13408972089622 ], [ -8.574319403344942, 40.134118012294124 ], [ -8.57405028889718, 40.134251967720395 ], [ -8.573800791530273, 40.134389897842809 ], [ -8.573518038862403, 40.134501570088048 ], [ -8.573245203840573, 40.134605101301688 ], [ -8.572962494621573, 40.13472379215694 ], [ -8.572687195433486, 40.134863082307326 ], [ -8.572433129167816, 40.135020211279134 ], [ -8.572406696694591, 40.135034005088009 ], [ -8.572165562703898, 40.135176494784346 ], [ -8.571919582162346, 40.135315037024753 ], [ -8.571690315483453, 40.135479185080904 ], [ -8.571487102609975, 40.135645399085334 ], [ -8.571395879468062, 40.135709324525131 ], [ -8.571123829380587, 40.1358268943289 ], [ -8.571089236178278, 40.135829817910157 ], [ -8.571046289112264, 40.1358479922147 ], [ -8.571013606725398, 40.135856308510178 ], [ -8.570947093528588, 40.135876283017559 ], [ -8.570798998464451, 40.13590998921503 ], [ -8.570665019185633, 40.135931120027109 ], [ -8.570521202723311, 40.135973545466847 ], [ -8.570475452164844, 40.135975968849628 ], [ -8.569725844270026, 40.135709805322115 ], [ -8.56529699755435, 40.134304545679868 ], [ -8.56154869349133, 40.133115440339154 ], [ -8.560180814252879, 40.132681116948 ], [ -8.559968183780507, 40.132620483916725 ], [ -8.559836814061802, 40.13257116876639 ], [ -8.559329230551151, 40.132381129321665 ], [ -8.559187874834775, 40.132386156062225 ], [ -8.559131856951824, 40.132358805744431 ], [ -8.558684269611279, 40.132231849162849 ], [ -8.558584107114541, 40.132106951637347 ], [ -8.558529150622208, 40.132042759186312 ], [ -8.558150345818596, 40.131601157287747 ], [ -8.557240691886292, 40.130471476900041 ], [ -8.556536309291639, 40.129613108660344 ], [ -8.556353929603736, 40.129415647035835 ], [ -8.556244880953646, 40.129349946313589 ], [ -8.553586717991353, 40.127046509964686 ], [ -8.551442340315639, 40.124912889594043 ], [ -8.54915331022727, 40.122968064828804 ], [ -8.549139169797389, 40.122957397624631 ], [ -8.544793852044268, 40.119718986631817 ], [ -8.541517510777636, 40.117681161720157 ], [ -8.535959132429054, 40.114787848385191 ], [ -8.531535086659202, 40.113471338006711 ], [ -8.52291579463472, 40.111498332454701 ], [ -8.516373287693968, 40.110172979592065 ], [ -8.513996957509097, 40.109691292455587 ], [ -8.509835503355641, 40.109145789888572 ], [ -8.510515323944176, 40.107606074812253 ], [ -8.510512673692752, 40.107592576252678 ], [ -8.510480672633166, 40.107596374780947 ], [ -8.510573156050306, 40.107142352144955 ], [ -8.510922661824642, 40.106929840022431 ], [ -8.511187424438587, 40.106790821360903 ], [ -8.511597283017855, 40.106528307900561 ], [ -8.511970355828357, 40.10631580024544 ], [ -8.512154285320211, 40.106236392375145 ], [ -8.512281494559971, 40.106206977588592 ], [ -8.512322196477038, 40.106186311559377 ], [ -8.512258647237594, 40.106148243203812 ], [ -8.512148783713876, 40.106049002733052 ], [ -8.513885177274849, 40.101566259418277 ], [ -8.515434497993017, 40.100832193417247 ], [ -8.517566490678254, 40.099822474333557 ], [ -8.519405439879597, 40.098951219860993 ], [ -8.527660063611517, 40.097727377724624 ], [ -8.537051166671374, 40.095473469939954 ], [ -8.535946144034426, 40.094182730891845 ], [ -8.529126035718908, 40.09305025797638 ], [ -8.523721519807676, 40.094335102588268 ], [ -8.523659477585124, 40.09435305634257 ], [ -8.523356749793294, 40.094402982007431 ], [ -8.523046094271681, 40.094418984492059 ], [ -8.522980445126869, 40.094422627757993 ], [ -8.522665529707277, 40.094432967068229 ], [ -8.522357554659198, 40.094467508382742 ], [ -8.52205883608627, 40.094479772938072 ], [ -8.521763710206228, 40.094484371356351 ], [ -8.521463180860009, 40.094488176597586 ], [ -8.521378509651443, 40.094487652603632 ], [ -8.521167896556403, 40.094485749336521 ], [ -8.520798172381774, 40.094488975003529 ], [ -8.520591870602773, 40.094461748453149 ], [ -8.520384216279689, 40.094403999264273 ], [ -8.52006372698801, 40.094382468838681 ], [ -8.519762156202312, 40.094388885790437 ], [ -8.519721361382564, 40.094390462018623 ], [ -8.519603154854627, 40.094410489606673 ], [ -8.519335847162065, 40.09442012154512 ], [ -8.519197191535893, 40.094432653648518 ], [ -8.519097568934628, 40.094441452216799 ], [ -8.519060441183703, 40.094449502125642 ], [ -8.518727013570837, 40.094462147515571 ], [ -8.518418717401598, 40.094460922841535 ], [ -8.51812027674122, 40.09441941489959 ], [ -8.517827542523714, 40.094349782158474 ], [ -8.517785863344288, 40.094340917265107 ], [ -8.517706457632697, 40.094337489373423 ], [ -8.517600958320608, 40.094344327544853 ], [ -8.517287749754088, 40.094387608591077 ], [ -8.516974080249831, 40.094430528276249 ], [ -8.516680631805245, 40.094483918094234 ], [ -8.516491222136729, 40.09450049030422 ], [ -8.516327935430532, 40.094490047792831 ], [ -8.516245706863419, 40.094485544815129 ], [ -8.516172376558998, 40.094478763550214 ], [ -8.51593537271753, 40.094476399480357 ], [ -8.515633178122176, 40.094496586050134 ], [ -8.515334592310198, 40.094512704514024 ], [ -8.515015290649847, 40.094556810064475 ], [ -8.514886901780992, 40.09457984109963 ], [ -8.514651371680237, 40.094631236367938 ], [ -8.514333938021368, 40.094695057064754 ], [ -8.51402518505475, 40.094779922425289 ], [ -8.513741462299851, 40.094874342053679 ], [ -8.513555757531787, 40.094944387626207 ], [ -8.513501833178037, 40.094968519828505 ], [ -8.513183090128742, 40.094987581768407 ], [ -8.51314846188277, 40.094980942674738 ], [ -8.513017666903053, 40.094931300977166 ], [ -8.512930413259587, 40.094887373879217 ], [ -8.51285862189585, 40.094945875490779 ], [ -8.512758270447167, 40.095055717605 ], [ -8.512637978255365, 40.095207504746419 ], [ -8.512568531735532, 40.095287346353992 ], [ -8.51248644535316, 40.095349757646424 ], [ -8.512318182743462, 40.095457839552822 ], [ -8.512102269872093, 40.095578961136603 ], [ -8.511880369202137, 40.095720719368593 ], [ -8.511668152959063, 40.095833091316074 ], [ -8.5114866363832, 40.095919334308803 ], [ -8.511360298346714, 40.095954870395204 ], [ -8.511280711355763, 40.095961346211148 ], [ -8.511191457536347, 40.095958217089134 ], [ -8.511034044321994, 40.095888394704104 ], [ -8.510952727521245, 40.095878304869615 ], [ -8.51084839661978, 40.095864776784296 ], [ -8.510801604563303, 40.095821343853366 ], [ -8.51035114516135, 40.095687999824491 ], [ -8.509436993401174, 40.095232495115802 ], [ -8.509443964091334, 40.095200410147442 ], [ -8.50944512372604, 40.095176542235826 ], [ -8.509454371304967, 40.095089243884345 ], [ -8.509458760386352, 40.09505599561917 ], [ -8.5095865141598, 40.094831241474886 ], [ -8.509670766029046, 40.094650940919941 ], [ -8.509690839519791, 40.094485613430301 ], [ -8.509681550208196, 40.094015084568049 ], [ -8.509668530387046, 40.093951275120993 ], [ -8.509572955110235, 40.093738507873475 ], [ -8.509413779487899, 40.093516940250851 ], [ -8.509219114608062, 40.093325119244476 ], [ -8.5090270306276, 40.09313266000656 ], [ -8.508856496009464, 40.092935083567852 ], [ -8.508708688555615, 40.092712666620557 ], [ -8.508583458210662, 40.0924803642339 ], [ -8.508564865151735, 40.092426385670457 ], [ -8.507939512775613, 40.090191799258655 ], [ -8.508034653842101, 40.086285881369648 ], [ -8.507962697368637, 40.086228116301562 ], [ -8.5076454731993, 40.085941229477505 ], [ -8.507204479719498, 40.08555369295317 ], [ -8.507077656600734, 40.08543342521557 ], [ -8.50662420063885, 40.085038900164378 ], [ -8.520155978140437, 40.07893868081937 ], [ -8.522784502240718, 40.077349916528995 ], [ -8.522806316979594, 40.077330478355179 ], [ -8.522906548149122, 40.077165779063129 ], [ -8.522959603796672, 40.076932525042551 ], [ -8.522962173774532, 40.076909735608176 ], [ -8.522970658064231, 40.076876834098222 ], [ -8.522984684866778, 40.0768485952756 ], [ -8.523019837203705, 40.076804890419062 ], [ -8.523036582499511, 40.076781145461581 ], [ -8.52307969448289, 40.07673425897768 ], [ -8.523331954751058, 40.07658706041623 ], [ -8.523363030130771, 40.076567324362124 ], [ -8.523425727384181, 40.076501814816289 ], [ -8.523485813774865, 40.076410654915101 ], [ -8.523515598504156, 40.076330397151324 ], [ -8.523526671266987, 40.076298569400997 ], [ -8.523690933404708, 40.07611780565869 ], [ -8.523763335638638, 40.076027862228649 ], [ -8.523783364531566, 40.076004378070273 ], [ -8.523802486064623, 40.075986030413652 ], [ -8.523824527806166, 40.07596623283839 ], [ -8.52391125418559, 40.075982058420486 ], [ -8.524065245222223, 40.075626072961235 ], [ -8.524403615476457, 40.07483717265773 ], [ -8.524883733959063, 40.073767889444078 ], [ -8.525270269625997, 40.072918573021568 ], [ -8.525324914847564, 40.072799057880538 ], [ -8.526066883805084, 40.071200497613731 ], [ -8.526528769174433, 40.070129280292932 ], [ -8.526849326036182, 40.069370880336038 ], [ -8.527101838657106, 40.068827406174883 ], [ -8.527319733471973, 40.06841941383415 ], [ -8.527479526134668, 40.068179844776679 ], [ -8.528007895190765, 40.067422169355346 ], [ -8.528540804666585, 40.06668140463146 ], [ -8.5289460923115, 40.066108943729567 ], [ -8.529451298391304, 40.065404745672751 ], [ -8.529455091652558, 40.065391220904424 ], [ -8.529743267885385, 40.065059531248068 ], [ -8.529867934624145, 40.064931039999799 ], [ -8.529876470305089, 40.064907413989133 ], [ -8.532254016702138, 40.061463249659298 ], [ -8.532288333877306, 40.061419182727661 ], [ -8.53230744067228, 40.061399394511746 ], [ -8.532341189126878, 40.061339028545312 ], [ -8.532356950093224, 40.061308084329305 ], [ -8.532359789455059, 40.0611121908169 ], [ -8.5323689220682, 40.061051099119368 ], [ -8.532375257280238, 40.060911758850594 ], [ -8.532374413592645, 40.060888702626556 ], [ -8.532361468442401, 40.060838583449176 ], [ -8.532349844177848, 40.060655713001992 ], [ -8.53234911278212, 40.060630406674385 ], [ -8.532351542071977, 40.060605633421368 ], [ -8.532358194264758, 40.060580845615924 ], [ -8.532368137654686, 40.060557666659477 ], [ -8.532381728821802, 40.060536544725068 ], [ -8.532443991098219, 40.060481213008273 ], [ -8.532673628131063, 40.060326232901886 ], [ -8.532919742942701, 40.060183805770855 ], [ -8.533138290799576, 40.060016710218363 ], [ -8.533349374620084, 40.059856750326134 ], [ -8.53337261385372, 40.059841451588674 ], [ -8.53338325858798, 40.059818626760062 ], [ -8.53345331448439, 40.059713376656681 ], [ -8.533461267787182, 40.059690294541078 ], [ -8.533466854409363, 40.05964353284368 ], [ -8.533469395727206, 40.059617949531052 ], [ -8.533475107254375, 40.059592530881382 ], [ -8.533498501280466, 40.059544626014898 ], [ -8.533513721973343, 40.059522058243061 ], [ -8.533664259363986, 40.059310794991582 ], [ -8.533676324509683, 40.059288781173208 ], [ -8.533691311491181, 40.059266752748123 ], [ -8.533889302219031, 40.059072977910368 ], [ -8.533906766813375, 40.059053552645999 ], [ -8.533919653065453, 40.05903207452387 ], [ -8.533994220243155, 40.058857912948362 ], [ -8.534007423767799, 40.058831385816383 ], [ -8.534010203353125, 40.058804900156652 ], [ -8.534004253817583, 40.058790060729706 ], [ -8.534176841446795, 40.058681387877314 ], [ -8.534303094650648, 40.058566394455511 ], [ -8.534415661185674, 40.05843595876388 ], [ -8.534449291575283, 40.058414765366429 ], [ -8.534693015899935, 40.058286393987451 ], [ -8.534745618497404, 40.05826171243482 ], [ -8.534850955301058, 40.058217216582158 ], [ -8.535086564830349, 40.058084367674788 ], [ -8.535113766378583, 40.058065990071682 ], [ -8.535193325990958, 40.058022664974622 ], [ -8.535222860168561, 40.058022290489809 ], [ -8.535288267205885, 40.058024588762983 ], [ -8.53532312718203, 40.058033199133199 ], [ -8.536408220231264, 40.05536571108982 ], [ -8.539232258128566, 40.051067061775854 ], [ -8.539932970222852, 40.05187792362802 ], [ -8.541018264983961, 40.054399732244796 ], [ -8.541784049912296, 40.055733515995897 ], [ -8.542196404689902, 40.056521787861932 ], [ -8.543100525104009, 40.058243492041889 ], [ -8.543431388671211, 40.058846350479413 ], [ -8.543795995083762, 40.059544367070309 ], [ -8.544353654006278, 40.060573294312988 ], [ -8.545196901899962, 40.062191092162692 ], [ -8.545535214921594, 40.062857763392884 ], [ -8.546387237988249, 40.064483356790028 ], [ -8.547410925317646, 40.06640192072615 ], [ -8.548699112573887, 40.068722085139754 ], [ -8.549137436860025, 40.069629838373416 ], [ -8.553306511494148, 40.074885196564217 ], [ -8.553551132640401, 40.075334333627701 ], [ -8.554130171846763, 40.076685633799762 ], [ -8.554891946565348, 40.077743575699834 ], [ -8.556687355293748, 40.081615768875061 ], [ -8.557633934179584, 40.083226330792485 ], [ -8.55831360832628, 40.084052644513385 ], [ -8.558919479032843, 40.084567711554364 ], [ -8.560111810721114, 40.084929667811146 ], [ -8.561431478343202, 40.085066077782685 ], [ -8.562051267178564, 40.08497524981756 ], [ -8.562720601399764, 40.084876755298232 ], [ -8.563334022653876, 40.084780175729314 ], [ -8.564691240519556, 40.084811134995931 ], [ -8.567106192088799, 40.084662844248868 ], [ -8.568997078896921, 40.084721908193899 ], [ -8.570976172844558, 40.084696404283719 ], [ -8.573235052468142, 40.084694383103596 ], [ -8.575733051589076, 40.084446530741303 ], [ -8.577839660541883, 40.085725109902725 ], [ -8.579584161335745, 40.086736046785532 ], [ -8.580084014754194, 40.087005455981078 ], [ -8.581991230164157, 40.088213854312023 ], [ -8.58269182281817, 40.088889632327515 ], [ -8.585134361276616, 40.091113829739768 ], [ -8.587044891120726, 40.093141398064795 ], [ -8.587388795676848, 40.094402317843532 ], [ -8.587699376423073, 40.096185615156912 ], [ -8.587941376500059, 40.097846249416385 ], [ -8.587941674192123, 40.097872995159321 ], [ -8.587945548001741, 40.097891891641957 ], [ -8.587972992562268, 40.09803218917024 ], [ -8.588033264547228, 40.098276819221681 ], [ -8.588089036830464, 40.098498324196605 ], [ -8.588092987942552, 40.098527582667998 ], [ -8.588099481278752, 40.098552049869554 ], [ -8.588108786605405, 40.098575428907552 ], [ -8.58811665406181, 40.098629073740476 ], [ -8.588118130065485, 40.098657526890435 ], [ -8.588187967064119, 40.098893927405292 ], [ -8.588194916275901, 40.09891587203056 ], [ -8.588205971980726, 40.099009220768551 ], [ -8.588211331549218, 40.099038467395133 ], [ -8.5882215943964, 40.099064908300669 ], [ -8.588255436160424, 40.099110342961708 ], [ -8.588272467084842, 40.09913170850632 ], [ -8.588285284672574, 40.09915417402685 ], [ -8.588290431501861, 40.099222237324774 ], [ -8.588290586288139, 40.099245290263191 ], [ -8.588361502572425, 40.099468541256094 ], [ -8.588433388055671, 40.099696196820631 ], [ -8.588491562517385, 40.099889590696975 ], [ -8.588581974002407, 40.100099705289118 ], [ -8.58865076660747, 40.100319538540056 ], [ -8.588720048637837, 40.100561339936199 ], [ -8.588725247523442, 40.100584378431044 ], [ -8.588856682663661, 40.100807833189712 ], [ -8.588979872190224, 40.10102520157097 ], [ -8.589054312018895, 40.101230692790111 ], [ -8.590277115302323, 40.106514388785165 ], [ -8.59040903733179, 40.107051698110773 ], [ -8.590627502759006, 40.106994000398565 ], [ -8.591432747946971, 40.110121255863589 ], [ -8.591445753630675, 40.110171276732871 ], [ -8.590796137962824, 40.110895315336933 ], [ -8.590594815776955, 40.110940605646391 ], [ -8.590047566941509, 40.111609746740307 ], [ -8.588872988139682, 40.113045791590679 ], [ -8.586333317659079, 40.116448306220626 ], [ -8.586384194461337, 40.116601480566914 ], [ -8.586484543516727, 40.116785433660873 ], [ -8.586497018627657, 40.116809254244302 ], [ -8.586506209877655, 40.116833171437328 ], [ -8.586511676803365, 40.117002280317898 ], [ -8.58651382824514, 40.117025959392677 ], [ -8.586633020788213, 40.117239379047199 ], [ -8.586807789971047, 40.117395124598239 ], [ -8.586954902021661, 40.117608434530858 ], [ -8.587026899933635, 40.117832220830337 ], [ -8.587031187167677, 40.117912621906029 ], [ -8.587028465918037, 40.117943884175993 ], [ -8.586970759440458, 40.118173222114478 ], [ -8.586968408664802, 40.118419180655884 ], [ -8.586977289095534, 40.118466158797638 ], [ -8.587064851320998, 40.118702847229976 ], [ -8.587199665021807, 40.11893503107126 ], [ -8.58731215722031, 40.119022665593079 ], [ -8.587335731435145, 40.119039773630369 ], [ -8.587356519618753, 40.119060762453095 ], [ -8.587500260752364, 40.119260305718868 ], [ -8.587643256028896, 40.119487414478165 ], [ -8.587711469820777, 40.119707248897647 ], [ -8.587810972587135, 40.119939027519003 ], [ -8.587899626156307, 40.120161840884229 ], [ -8.587941045706884, 40.120233998811443 ], [ -8.587956225917928, 40.120258165234283 ], [ -8.587969682379908, 40.120306201524308 ], [ -8.587973689384858, 40.120343652392663 ], [ -8.586943868154545, 40.119980175298338 ], [ -8.585728700612943, 40.119561671091049 ], [ -8.585081631559625, 40.11931429788693 ], [ -8.584843267008736, 40.119261464052144 ], [ -8.584583819552279, 40.119196645721082 ], [ -8.584070443319307, 40.119101845212654 ], [ -8.583117471180415, 40.118946968601065 ], [ -8.582632996558933, 40.118857719564467 ], [ -8.582320049460439, 40.118808503992504 ], [ -8.582013936776413, 40.118746925611596 ], [ -8.581682351867837, 40.118752719649969 ], [ -8.581432860200248, 40.118773411466883 ], [ -8.581108189283746, 40.11886644401153 ], [ -8.580588072207011, 40.119102072222503 ], [ -8.580017120029028, 40.119384007513169 ], [ -8.579404962232976, 40.119591710401252 ], [ -8.578789584026374, 40.119791677314616 ], [ -8.578780514684951, 40.119802969671575 ], [ -8.578760559434089, 40.119819890316982 ], [ -8.578718016620041, 40.119860580855494 ], [ -8.578702324299256, 40.119882884164902 ], [ -8.578577824052768, 40.120091944860611 ], [ -8.578402987164058, 40.120300564944678 ], [ -8.578396810591926, 40.120324270777346 ], [ -8.578394746247829, 40.12034931439549 ], [ -8.578384632872069, 40.12059674802294 ], [ -8.578384370902267, 40.120843236863095 ], [ -8.578390218078093, 40.120894189038125 ], [ -8.578398980922453, 40.120941977914853 ], [ -8.57833891365132, 40.120977692345512 ], [ -8.57808062069787, 40.121124222292302 ], [ -8.577843483837421, 40.121260137047756 ], [ -8.577821431016321, 40.121278232755756 ], [ -8.577803374883455, 40.1212977522664 ], [ -8.577756927206277, 40.121370252990488 ], [ -8.57765994852751, 40.121591897289882 ], [ -8.57763570247587, 40.121633331327047 ], [ -8.577630460505587, 40.12165667779125 ], [ -8.577614065173943, 40.121912327235229 ], [ -8.577597652906908, 40.121931749442467 ], [ -8.577570473966826, 40.12195554213335 ], [ -8.577486879326317, 40.122034662383506 ], [ -8.577461120282896, 40.12207835187607 ], [ -8.577424755609499, 40.122168279934755 ], [ -8.577312468393067, 40.122326585178108 ], [ -8.577193998546399, 40.122545161197266 ], [ -8.57715832380612, 40.12261536526627 ], [ -8.577124752788464, 40.122863069652929 ], [ -8.577119818250942, 40.122916583078812 ], [ -8.577064028829117, 40.123139961058605 ], [ -8.577008025531839, 40.123366765690541 ], [ -8.576912022330173, 40.123593991953832 ], [ -8.576841268922308, 40.123825806289055 ], [ -8.576849843235079, 40.123935284102799 ], [ -8.576944141980166, 40.124165109669264 ], [ -8.577030180503934, 40.124352281269005 ], [ -8.577033565923333, 40.124384873465161 ], [ -8.577061187657204, 40.124573074971941 ], [ -8.57712259947848, 40.124796816820663 ], [ -8.57713709748707, 40.124843502157567 ], [ -8.577154502729876, 40.12486766055013 ], [ -8.577173504086666, 40.124885236669485 ], [ -8.577245082311993, 40.124940981950679 ], [ -8.577285565851444, 40.124960547936716 ], [ -8.577389818861915, 40.125008599197784 ], [ -8.577445440782231, 40.125046299086677 ], [ -8.57746588112988, 40.125068463575275 ], [ -8.577479997620832, 40.125091824900629 ], [ -8.577487424197717, 40.125115659490071 ], [ -8.577488053551399, 40.125139884001257 ], [ -8.577498483230386, 40.12526421445051 ], [ -8.577508616308306, 40.125288940148856 ], [ -8.577520611209305, 40.125310598477476 ], [ -8.577535127794153, 40.125360077336438 ], [ -8.577535098167692, 40.125588287496704 ], [ -8.577521596733499, 40.125659035166585 ], [ -8.577504121832517, 40.125677379811883 ], [ -8.57748428541165, 40.125694662707559 ], [ -8.577447137680677, 40.125736141679212 ], [ -8.577433576999576, 40.125761768822294 ], [ -8.57742750346528, 40.125784307015046 ], [ -8.577424487773818, 40.125807462992249 ], [ -8.577379069563985, 40.126056108861739 ], [ -8.577331140492658, 40.126297743291346 ], [ -8.577320776185294, 40.126542650471464 ], [ -8.577296365870017, 40.126667653994978 ], [ -8.577215800019308, 40.126888072113978 ], [ -8.577145313509318, 40.127125013474199 ], [ -8.577132840643499, 40.127227008699357 ], [ -8.577139994997896, 40.127280390179749 ], [ -8.577151986603226, 40.127302587107451 ], [ -8.577168323716185, 40.127324767371661 ], [ -8.577325860158199, 40.127518326175426 ], [ -8.577420030089003, 40.127746264048483 ], [ -8.577455770648479, 40.127900577219762 ], [ -8.577469190846051, 40.127925562277248 ], [ -8.577574208709287, 40.128071771690074 ], [ -8.57760157426525, 40.128093909563297 ], [ -8.577819340845105, 40.128258330073322 ], [ -8.578005650093948, 40.128437097721459 ], [ -8.578198940443377, 40.1286254755017 ], [ -8.578378979224595, 40.128814805398299 ], [ -8.578565118803503, 40.129021220146356 ], [ -8.578747919830228, 40.129220356215257 ], [ -8.578955533443819, 40.129426956060058 ], [ -8.579113552271238, 40.129549549005219 ], [ -8.579140858862573, 40.129562678082451 ], [ -8.579475407603255, 40.129713675215008 ], [ -8.579495251642024, 40.129734402471897 ], [ -8.579503842645247, 40.129755802617503 ], [ -8.579509278306862, 40.129779645630961 ], [ -8.57952023231443, 40.129804639046526 ], [ -8.579534097016371, 40.12982548030503 ], [ -8.579670685703991, 40.130024793014272 ], [ -8.5797063000905, 40.13010597940081 ], [ -8.579705747033591, 40.130129573518161 ], [ -8.579697816143588, 40.130154911719863 ], [ -8.579687520451538, 40.130176384680716 ], [ -8.579660584781841, 40.130219808062137 ], [ -8.579613376709784, 40.13028501483754 ], [ -8.579603434161539, 40.130307568944026 ], [ -8.579549346206285, 40.130521122087849 ], [ -8.579556708325109, 40.130641776118779 ], [ -8.57956764717135, 40.1306642488194 ], [ -8.579588674138643, 40.130685328131591 ], [ -8.579615438891192, 40.130705757602975 ], [ -8.57975338160538, 40.130807622403864 ], [ -8.579792941351593, 40.130828631100854 ], [ -8.580062914437351, 40.130937005435378 ], [ -8.580337146770987, 40.131031679051929 ], [ -8.580599434651726, 40.131147463982877 ], [ -8.580730583445135, 40.131232782917294 ], [ -8.580938959346051, 40.13141208995085 ], [ -8.581158727225635, 40.131573612614417 ], [ -8.581370590718807, 40.131746422883865 ], [ -8.581597110579187, 40.131918638344949 ], [ -8.581838317570984, 40.132074761360961 ], [ -8.581917206371601, 40.132134974710496 ], [ -8.582016676719393, 40.132255893855138 ], [ -8.582017140660163, 40.132308218400574 ], [ -8.582355281515886, 40.132396419046927 ], [ -8.582236858335776, 40.132710646402664 ] ] ] } },
{ "type": "Feature", "properties": { "dtmnfr": "060407", "freguesia": "Furadouro", "municipio": "Condeixa-a-Nova", "distrito_i": "Coimbra", "nuts3_cod": "192", "nuts3": "Região de Coimbra", "nuts2": "Centro", "nuts1": "Continente", "area_ha": 1441.22, "perimetro_": 16, "designacao": "Furadouro" }, "geometry": { "type": "Polygon", "coordinates": [ [ [ -8.536893563037662, 40.04831043414363 ], [ -8.537298462702774, 40.048315225771404 ], [ -8.53823077124982, 40.049908182687297 ], [ -8.539232258128566, 40.051067061775854 ], [ -8.536408220231264, 40.05536571108982 ], [ -8.53532312718203, 40.058033199133199 ], [ -8.535288267205885, 40.058024588762983 ], [ -8.535222860168561, 40.058022290489809 ], [ -8.535193325990958, 40.058022664974622 ], [ -8.535113766378583, 40.058065990071682 ], [ -8.535086564830349, 40.058084367674788 ], [ -8.534850955301058, 40.058217216582158 ], [ -8.534745618497404, 40.05826171243482 ], [ -8.534693015899935, 40.058286393987451 ], [ -8.534449291575283, 40.058414765366429 ], [ -8.534415661185674, 40.05843595876388 ], [ -8.534303094650648, 40.058566394455511 ], [ -8.534176841446795, 40.058681387877314 ], [ -8.534004253817583, 40.058790060729706 ], [ -8.534010203353125, 40.058804900156652 ], [ -8.534007423767799, 40.058831385816383 ], [ -8.533994220243155, 40.058857912948362 ], [ -8.533919653065453, 40.05903207452387 ], [ -8.533906766813375, 40.059053552645999 ], [ -8.533889302219031, 40.059072977910368 ], [ -8.533691311491181, 40.059266752748123 ], [ -8.533676324509683, 40.059288781173208 ], [ -8.533664259363986, 40.059310794991582 ], [ -8.533513721973343, 40.059522058243061 ], [ -8.533498501280466, 40.059544626014898 ], [ -8.533475107254375, 40.059592530881382 ], [ -8.533469395727206, 40.059617949531052 ], [ -8.533466854409363, 40.05964353284368 ], [ -8.533461267787182, 40.059690294541078 ], [ -8.53345331448439, 40.059713376656681 ], [ -8.53338325858798, 40.059818626760062 ], [ -8.53337261385372, 40.059841451588674 ], [ -8.533349374620084, 40.059856750326134 ], [ -8.533138290799576, 40.060016710218363 ], [ -8.532919742942701, 40.060183805770855 ], [ -8.532673628131063, 40.060326232901886 ], [ -8.532443991098219, 40.060481213008273 ], [ -8.532381728821802, 40.060536544725068 ], [ -8.532368137654686, 40.060557666659477 ], [ -8.532358194264758, 40.060580845615924 ], [ -8.532351542071977, 40.060605633421368 ], [ -8.53234911278212, 40.060630406674385 ], [ -8.532349844177848, 40.060655713001992 ], [ -8.532361468442401, 40.060838583449176 ], [ -8.532374413592645, 40.060888702626556 ], [ -8.532375257280238, 40.060911758850594 ], [ -8.5323689220682, 40.061051099119368 ], [ -8.532359789455059, 40.0611121908169 ], [ -8.532356950093224, 40.061308084329305 ], [ -8.532341189126878, 40.061339028545312 ], [ -8.53230744067228, 40.061399394511746 ], [ -8.532288333877306, 40.061419182727661 ], [ -8.532254016702138, 40.061463249659298 ], [ -8.529876470305089, 40.064907413989133 ], [ -8.529867934624145, 40.064931039999799 ], [ -8.529743267885385, 40.065059531248068 ], [ -8.529455091652558, 40.065391220904424 ], [ -8.529451298391304, 40.065404745672751 ], [ -8.5289460923115, 40.066108943729567 ], [ -8.528540804666585, 40.06668140463146 ], [ -8.528007895190765, 40.067422169355346 ], [ -8.527479526134668, 40.068179844776679 ], [ -8.527319733471973, 40.06841941383415 ], [ -8.527101838657106, 40.068827406174883 ], [ -8.526849326036182, 40.069370880336038 ], [ -8.526528769174433, 40.070129280292932 ], [ -8.526066883805084, 40.071200497613731 ], [ -8.525324914847564, 40.072799057880538 ], [ -8.525270269625997, 40.072918573021568 ], [ -8.524883733959063, 40.073767889444078 ], [ -8.524403615476457, 40.07483717265773 ], [ -8.524065245222223, 40.075626072961235 ], [ -8.52391125418559, 40.075982058420486 ], [ -8.523824527806166, 40.07596623283839 ], [ -8.523802486064623, 40.075986030413652 ], [ -8.523783364531566, 40.076004378070273 ], [ -8.523763335638638, 40.076027862228649 ], [ -8.523690933404708, 40.07611780565869 ], [ -8.523526671266987, 40.076298569400997 ], [ -8.523515598504156, 40.076330397151324 ], [ -8.523485813774865, 40.076410654915101 ], [ -8.523425727384181, 40.076501814816289 ], [ -8.523363030130771, 40.076567324362124 ], [ -8.523331954751058, 40.07658706041623 ], [ -8.52307969448289, 40.07673425897768 ], [ -8.523036582499511, 40.076781145461581 ], [ -8.523019837203705, 40.076804890419062 ], [ -8.522984684866778, 40.0768485952756 ], [ -8.522970658064231, 40.076876834098222 ], [ -8.522962173774532, 40.076909735608176 ], [ -8.522959603796672, 40.076932525042551 ], [ -8.522906548149122, 40.077165779063129 ], [ -8.522806316979594, 40.077330478355179 ], [ -8.522784502240718, 40.077349916528995 ], [ -8.520155978140437, 40.07893868081937 ], [ -8.50662420063885, 40.085038900164378 ], [ -8.497040154133984, 40.081878471091571 ], [ -8.496884195597957, 40.081851315106171 ], [ -8.496661462312499, 40.081724585169084 ], [ -8.496340720380726, 40.081533949084779 ], [ -8.496231656725964, 40.081484486704113 ], [ -8.473090401920347, 40.072399685573245 ], [ -8.472361272654588, 40.072099049252309 ], [ -8.472611533305916, 40.071884422210481 ], [ -8.47293868461994, 40.071644260269402 ], [ -8.473190992252238, 40.0715112172605 ], [ -8.473481524013645, 40.071403368431149 ], [ -8.473761517490772, 40.07132094965192 ], [ -8.473787373388262, 40.071310697673162 ], [ -8.473874095779113, 40.071259824955987 ], [ -8.474063205227516, 40.07107770907205 ], [ -8.474243386666735, 40.070892010436282 ], [ -8.474431299829007, 40.070705479091409 ], [ -8.474610162323128, 40.070537981409068 ], [ -8.474801898553764, 40.07036576052414 ], [ -8.474990576656054, 40.070192375753479 ], [ -8.475180305735826, 40.070019077628906 ], [ -8.475341056357138, 40.069839021991697 ], [ -8.475494460047221, 40.069668624327115 ], [ -8.475649396577358, 40.069498759585095 ], [ -8.475807016338898, 40.069327177343858 ], [ -8.475940921512173, 40.06914863943377 ], [ -8.476042464483653, 40.068944622646072 ], [ -8.476055657245865, 40.068911081937379 ], [ -8.476073314281596, 40.068879505742743 ], [ -8.476105303321166, 40.068830962919137 ], [ -8.476137007645722, 40.068794841191924 ], [ -8.486985855553035, 40.057963964581447 ], [ -8.488891537144857, 40.056993920285642 ], [ -8.492561661780538, 40.053639689190319 ], [ -8.496773363802879, 40.047025807030955 ], [ -8.496899519293477, 40.04706008266492 ], [ -8.497474802878729, 40.047262611554345 ], [ -8.497761186881519, 40.04737005030757 ], [ -8.49807269708673, 40.047463354299055 ], [ -8.498374464776619, 40.047489146969134 ], [ -8.498688882233576, 40.047491572259545 ], [ -8.499008732221219, 40.047522891801329 ], [ -8.499275492160697, 40.047619131156452 ], [ -8.499541348356557, 40.047721313171586 ], [ -8.4998274412357, 40.047773898819202 ], [ -8.499893555833991, 40.047778193492732 ], [ -8.500535039639171, 40.047781193642514 ], [ -8.500868444428214, 40.047782652194051 ], [ -8.50118965365, 40.047783881949158 ], [ -8.501271111503609, 40.047787311141327 ], [ -8.50131145305107, 40.047793039611292 ], [ -8.501593794305723, 40.047864812189886 ], [ -8.501862222462687, 40.048009403884741 ], [ -8.502126318295728, 40.04815292621835 ], [ -8.502408400530301, 40.048264866597222 ], [ -8.502700920332698, 40.048355975226386 ], [ -8.502958349043098, 40.048392611017384 ], [ -8.503266302854865, 40.048391714059562 ], [ -8.503572887643141, 40.048353533643336 ], [ -8.503861295202899, 40.048291548043593 ], [ -8.504169505239425, 40.048250030396083 ], [ -8.504492478554621, 40.048187659638479 ], [ -8.504804490214983, 40.048113522465087 ], [ -8.505116403314455, 40.048042720624011 ], [ -8.505336303388809, 40.048011303616299 ], [ -8.505662648455727, 40.048007728539645 ], [ -8.505984539320135, 40.048005243106161 ], [ -8.506302811988713, 40.047982871275771 ], [ -8.506612254693152, 40.047954311932415 ], [ -8.506914467013388, 40.047909922568465 ], [ -8.507205836752753, 40.047855215823503 ], [ -8.507505086278305, 40.047825695436025 ], [ -8.50781449980947, 40.047813433100849 ], [ -8.508113426641525, 40.047811288901165 ], [ -8.508739915646665, 40.047814025572755 ], [ -8.509037458803972, 40.047816206398416 ], [ -8.509070633621192, 40.047818892446728 ], [ -8.509377918445733, 40.047887141890193 ], [ -8.509629722881852, 40.048008983241061 ], [ -8.509891755049455, 40.048137632708432 ], [ -8.51002282914447, 40.048190614309632 ], [ -8.510078569039658, 40.048205111998655 ], [ -8.510169862186588, 40.048227058180245 ], [ -8.512354111104882, 40.048631922847555 ], [ -8.51385339636024, 40.048926522128426 ], [ -8.51586282745178, 40.049329014731121 ], [ -8.516699966791094, 40.049528600415535 ], [ -8.518857859191064, 40.049301116722511 ], [ -8.522818612345167, 40.048941971117308 ], [ -8.523915502647712, 40.048863512526879 ], [ -8.52465744913667, 40.048830016759823 ], [ -8.527370271816721, 40.048599855799509 ], [ -8.529301669534728, 40.048427801500125 ], [ -8.530477318229952, 40.048333430037729 ], [ -8.531973811851806, 40.048239643838087 ], [ -8.53462457590966, 40.048284306855898 ], [ -8.536893563037662, 40.04831043414363 ] ] ] } },
{ "type": "Feature", "properties": { "dtmnfr": "060410", "freguesia": "Zambujal", "municipio": "Condeixa-a-Nova", "distrito_i": "Coimbra", "nuts3_cod": "192", "nuts3": "Região de Coimbra", "nuts2": "Centro", "nuts1": "Continente", "area_ha": 1841.8, "perimetro_": 21, "designacao": "Zambujal" }, "geometry": { "type": "Polygon", "coordinates": [ [ [ -8.496773363802879, 40.047025807030955 ], [ -8.492561661780538, 40.053639689190319 ], [ -8.488891537144857, 40.056993920285642 ], [ -8.486985855553035, 40.057963964581447 ], [ -8.476137007645722, 40.068794841191924 ], [ -8.476105303321166, 40.068830962919137 ], [ -8.476073314281596, 40.068879505742743 ], [ -8.476055657245865, 40.068911081937379 ], [ -8.476042464483653, 40.068944622646072 ], [ -8.475940921512173, 40.06914863943377 ], [ -8.475807016338898, 40.069327177343858 ], [ -8.475649396577358, 40.069498759585095 ], [ -8.475494460047221, 40.069668624327115 ], [ -8.475341056357138, 40.069839021991697 ], [ -8.475180305735826, 40.070019077628906 ], [ -8.474990576656054, 40.070192375753479 ], [ -8.474801898553764, 40.07036576052414 ], [ -8.474610162323128, 40.070537981409068 ], [ -8.474431299829007, 40.070705479091409 ], [ -8.474243386666735, 40.070892010436282 ], [ -8.474063205227516, 40.07107770907205 ], [ -8.473874095779113, 40.071259824955987 ], [ -8.473787373388262, 40.071310697673162 ], [ -8.473761517490772, 40.07132094965192 ], [ -8.473481524013645, 40.071403368431149 ], [ -8.473190992252238, 40.0715112172605 ], [ -8.47293868461994, 40.071644260269402 ], [ -8.472611533305916, 40.071884422210481 ], [ -8.472361272654588, 40.072099049252309 ], [ -8.470036647550852, 40.072827340257028 ], [ -8.470036040509839, 40.072847602952237 ], [ -8.46999305411639, 40.072925450246998 ], [ -8.46997220802975, 40.072954151030849 ], [ -8.46996059175993, 40.072975079763694 ], [ -8.469950708549996, 40.073038688569682 ], [ -8.469950870350409, 40.073071293632104 ], [ -8.469965785039747, 40.073100247070343 ], [ -8.470022845990993, 40.073142045766247 ], [ -8.470045778877518, 40.07315665804385 ], [ -8.470074495192282, 40.073180172194078 ], [ -8.470089040624973, 40.073204356181002 ], [ -8.470091265847572, 40.073227946480472 ], [ -8.470085073463652, 40.073256423635556 ], [ -8.470070169020161, 40.073276189354054 ], [ -8.469979438043699, 40.073324007008146 ], [ -8.469950197775407, 40.073337870398589 ], [ -8.469923519016954, 40.073347223305554 ], [ -8.469895070669354, 40.073355505126898 ], [ -8.469773472616863, 40.073538498709446 ], [ -8.469610310693781, 40.073732604789107 ], [ -8.469551337838995, 40.073778074737142 ], [ -8.46952750355589, 40.07379471599905 ], [ -8.469507070675881, 40.073811709422607 ], [ -8.469482466394869, 40.073838166811377 ], [ -8.469456653285214, 40.073928932752018 ], [ -8.469471983339782, 40.074017776221702 ], [ -8.469485157021392, 40.074049799533178 ], [ -8.469487028319257, 40.074073210747542 ], [ -8.469485900521985, 40.074106086128822 ], [ -8.469469311138983, 40.074141346176589 ], [ -8.469412959555161, 40.074195006653923 ], [ -8.469165329724111, 40.074376928007943 ], [ -8.469134017500259, 40.074398452348788 ], [ -8.469101163283625, 40.074416559752592 ], [ -8.469028629478721, 40.074446311764454 ], [ -8.468976531391979, 40.074460786051482 ], [ -8.468830570173656, 40.074554422713568 ], [ -8.468780929931397, 40.074614187549265 ], [ -8.468651214989835, 40.074816925800285 ], [ -8.46859372706456, 40.074879596121725 ], [ -8.462567429133864, 40.078552320323865 ], [ -8.454631558174635, 40.081291295447642 ], [ -8.454396297631568, 40.081301231608649 ], [ -8.45439468292539, 40.081280970678314 ], [ -8.454412733152651, 40.081181584808128 ], [ -8.454416463606011, 40.081078277792351 ], [ -8.455011072265568, 40.07995411400384 ], [ -8.455553792825242, 40.078968692734286 ], [ -8.455948632573994, 40.078175062301561 ], [ -8.45613122074926, 40.077790627995022 ], [ -8.456003356636899, 40.077700925730227 ], [ -8.455559613712074, 40.077377956403112 ], [ -8.455159149605837, 40.077058818704735 ], [ -8.454715152253698, 40.076731614859717 ], [ -8.454326862626472, 40.076505566654973 ], [ -8.453971016548763, 40.076297710475529 ], [ -8.453549920092419, 40.076224939913097 ], [ -8.452830408767422, 40.076189743701292 ], [ -8.452417393498552, 40.076114611444915 ], [ -8.452342517970601, 40.075972702232896 ], [ -8.452248872420579, 40.07565298136263 ], [ -8.452178921368045, 40.075111373241313 ], [ -8.452078010885762, 40.074841473892725 ], [ -8.45186266423303, 40.074667623771191 ], [ -8.45154174176896, 40.074455164519847 ], [ -8.451185180583639, 40.074191279461402 ], [ -8.450499849284377, 40.073738097314006 ], [ -8.450295564866922, 40.073572321185388 ], [ -8.450349015128708, 40.073369269185861 ], [ -8.450758057925526, 40.072623168757161 ], [ -8.451156216197115, 40.072058925485173 ], [ -8.451441701062041, 40.0716652969151 ], [ -8.451675437568673, 40.071538566829169 ], [ -8.451800689305028, 40.071450504184568 ], [ -8.451929550632059, 40.071331628030613 ], [ -8.452398994187956, 40.070848508943214 ], [ -8.452644233331235, 40.070574856274284 ], [ -8.452675637636162, 40.070547211994217 ], [ -8.452696943442559, 40.070515900375554 ], [ -8.452726570335169, 40.070435036942563 ], [ -8.45271958520026, 40.070320230686107 ], [ -8.452665117107847, 40.069830635603708 ], [ -8.452582646163059, 40.069167844556041 ], [ -8.452471454768041, 40.069128436171759 ], [ -8.452362708005888, 40.069086857686344 ], [ -8.452258717170961, 40.069057605209352 ], [ -8.452183421859196, 40.069049082128217 ], [ -8.451874202186643, 40.069051558052678 ], [ -8.451764372859286, 40.069052762603704 ], [ -8.451474786601091, 40.06899277051086 ], [ -8.4511023150997, 40.068879511889484 ], [ -8.450811842150104, 40.068779265248452 ], [ -8.450519876290544, 40.06866101073134 ], [ -8.450227774117081, 40.068536904605438 ], [ -8.44997262103962, 40.068419357574776 ], [ -8.449696706652505, 40.068298265187998 ], [ -8.449417254651797, 40.068172676963457 ], [ -8.449028993476313, 40.067963816609122 ], [ -8.448783027204245, 40.067829670722027 ], [ -8.448499404063893, 40.067687700587591 ], [ -8.448247068306422, 40.067543752476048 ], [ -8.448008831048224, 40.067407067611548 ], [ -8.447778869797135, 40.067234326486052 ], [ -8.447554039383975, 40.067029246381885 ], [ -8.44737239224046, 40.066836112334123 ], [ -8.447151082237783, 40.066656593721248 ], [ -8.446895454949042, 40.066510673821426 ], [ -8.446667150678559, 40.06636467850528 ], [ -8.446646207202855, 40.066346995026123 ], [ -8.446611572920396, 40.066310433138156 ], [ -8.446509327849112, 40.066100242361777 ], [ -8.446393435346057, 40.065877659110939 ], [ -8.446381841465428, 40.065854636716232 ], [ -8.44636685210954, 40.06583270062773 ], [ -8.446204163838528, 40.065707330068825 ], [ -8.445929426337786, 40.065583159785007 ], [ -8.445636756905664, 40.065459495629561 ], [ -8.445326257753598, 40.065357937358769 ], [ -8.445052658559144, 40.065277086537279 ], [ -8.444764247461114, 40.065211668996398 ], [ -8.444439350508429, 40.065166439539453 ], [ -8.444409451279675, 40.065163637038182 ], [ -8.444057836033906, 40.065066961752017 ], [ -8.44392699893482, 40.065010215227801 ], [ -8.443676621525789, 40.064880484118923 ], [ -8.443586892235913, 40.064815434177845 ], [ -8.443344093463743, 40.064651188765957 ], [ -8.44307757114672, 40.064501057592985 ], [ -8.442806425557274, 40.064392268843584 ], [ -8.442777671212406, 40.064383615214865 ], [ -8.442443344634448, 40.06437667757212 ], [ -8.442141408993413, 40.064377754434958 ], [ -8.442109279517789, 40.064374152144943 ], [ -8.442016324273801, 40.064348283312093 ], [ -8.441885418669781, 40.06427568305989 ], [ -8.441852831233959, 40.064249293844767 ], [ -8.441856234002755, 40.064171925283851 ], [ -8.441958722182045, 40.064001346308061 ], [ -8.442408477512892, 40.063461848747224 ], [ -8.442555213785427, 40.063201995422844 ], [ -8.442498165063311, 40.062977000340666 ], [ -8.442321460695704, 40.06285868191862 ], [ -8.442090144218275, 40.062690981756717 ], [ -8.441504735268882, 40.06241903862329 ], [ -8.440110455350128, 40.061702824446023 ], [ -8.438735596706193, 40.061207995376769 ], [ -8.438172329511403, 40.060980918143756 ], [ -8.437536088445279, 40.060552292782951 ], [ -8.436849349206774, 40.059864875890653 ], [ -8.436771047953453, 40.059416760981399 ], [ -8.436467091854613, 40.058250567618437 ], [ -8.436200072532971, 40.057743239411423 ], [ -8.43609664775944, 40.057547364551546 ], [ -8.435552973800332, 40.057473049260629 ], [ -8.434732722742568, 40.057482854451344 ], [ -8.433904519544415, 40.057496458838799 ], [ -8.433726468989168, 40.057412175472244 ], [ -8.43350302703136, 40.056975158188955 ], [ -8.433084749511123, 40.055995222997922 ], [ -8.432785268278259, 40.05556065078391 ], [ -8.432555646507339, 40.055393470005171 ], [ -8.432029517317838, 40.055360791887153 ], [ -8.431224102149473, 40.05529947947683 ], [ -8.430235029432465, 40.055210800174365 ], [ -8.429556579062615, 40.055185261322741 ], [ -8.429262374036188, 40.055148914919783 ], [ -8.429253359850547, 40.055124172107874 ], [ -8.429234806416588, 40.05487457335142 ], [ -8.429223166266448, 40.05473104508394 ], [ -8.429110771762224, 40.054487902993316 ], [ -8.429016930027249, 40.054252546901026 ], [ -8.428922281808363, 40.054047902661097 ], [ -8.428854833848092, 40.053952704814378 ], [ -8.428742055454512, 40.053809165310312 ], [ -8.428729748116345, 40.053781910048492 ], [ -8.428721297310064, 40.053752391620861 ], [ -8.428685100581106, 40.053594065865362 ], [ -8.428677383332239, 40.053572113383495 ], [ -8.428554762072109, 40.053347008078433 ], [ -8.428531830257448, 40.053329321842519 ], [ -8.428279176834298, 40.05317173768865 ], [ -8.42805592731702, 40.053011098913316 ], [ -8.427873158301725, 40.052833969231664 ], [ -8.427723420132287, 40.052624964650619 ], [ -8.427605397705287, 40.052433619467109 ], [ -8.427457710438231, 40.052237844673506 ], [ -8.427446944404851, 40.052215356781652 ], [ -8.427431037258739, 40.052168384464139 ], [ -8.427427306282295, 40.05214587779853 ], [ -8.427423473284275, 40.052071588134687 ], [ -8.427412290420897, 40.052061440551498 ], [ -8.42735281920592, 40.051994046769728 ], [ -8.427324574544556, 40.051939274965385 ], [ -8.427258049575906, 40.051705015155456 ], [ -8.427251521606914, 40.051685852342359 ], [ -8.42717663606113, 40.051468635225007 ], [ -8.427073882008248, 40.051230507253003 ], [ -8.426953548707845, 40.050990175841321 ], [ -8.426811489238652, 40.050768181750648 ], [ -8.426665371568527, 40.050555558698264 ], [ -8.426565191051203, 40.050341021497033 ], [ -8.426410194078681, 40.050106720395299 ], [ -8.426397369927475, 40.050095495232306 ], [ -8.426536381719339, 40.049993011387805 ], [ -8.42657981394534, 40.049955705291879 ], [ -8.426797241863916, 40.049856896912658 ], [ -8.426791934944264, 40.049794230604945 ], [ -8.426590852116398, 40.049253748116989 ], [ -8.426537651843374, 40.049010452428753 ], [ -8.426628586701066, 40.04895537584018 ], [ -8.426787185973025, 40.048911023276752 ], [ -8.427178535773642, 40.048844999420474 ], [ -8.427339106293536, 40.04876920800011 ], [ -8.427318612353751, 40.048636421831439 ], [ -8.42726373673907, 40.048439242854236 ], [ -8.427110106895888, 40.047788947216738 ], [ -8.426956553939654, 40.047046973458897 ], [ -8.426969332787904, 40.046858086626862 ], [ -8.427067266373239, 40.046824602076533 ], [ -8.427864719010817, 40.046748082170204 ], [ -8.429052056085821, 40.046648766830543 ], [ -8.429354537708601, 40.046601518743678 ], [ -8.429440299361936, 40.04649070446419 ], [ -8.429428772835701, 40.046345828404505 ], [ -8.429305093370406, 40.045634670341151 ], [ -8.429182315608687, 40.044860467895717 ], [ -8.429070139854103, 40.044204754028385 ], [ -8.429016211662503, 40.043661381155374 ], [ -8.428912982551948, 40.043177302423231 ], [ -8.428748052871947, 40.042757234331482 ], [ -8.428506434054205, 40.0422442410093 ], [ -8.42829985436911, 40.04173097685095 ], [ -8.42806738505643, 40.041111234052295 ], [ -8.427955721164171, 40.04084025768605 ], [ -8.427866270384291, 40.040775733105868 ], [ -8.427902253709641, 40.040723856405165 ], [ -8.427962246831951, 40.040670569482558 ], [ -8.427987483153149, 40.040653032498547 ], [ -8.428042645693859, 40.040621372502677 ], [ -8.428323178286009, 40.040517894734535 ], [ -8.428586879408851, 40.040397078306931 ], [ -8.428726792728755, 40.040318724876798 ], [ -8.428864314504276, 40.040202195955139 ], [ -8.428880821329228, 40.040172250816234 ], [ -8.428935301550759, 40.040061788624179 ], [ -8.429085792676068, 40.039992234645055 ], [ -8.429350315547575, 40.039845747843998 ], [ -8.429611738429937, 40.039713948338296 ], [ -8.429866348404161, 40.039578743365297 ], [ -8.430087703229031, 40.039422547854969 ], [ -8.430329946017444, 40.039246036380042 ], [ -8.430794241815295, 40.038886845045724 ], [ -8.430973848728549, 40.038749129355146 ], [ -8.431202345029623, 40.038646051235141 ], [ -8.431585001170955, 40.038561485811627 ], [ -8.431907066743229, 40.038527687963089 ], [ -8.432214386758705, 40.038471502050683 ], [ -8.432511163225692, 40.038387966671074 ], [ -8.432757134284467, 40.038263225645515 ], [ -8.433013531911312, 40.03813674054426 ], [ -8.433291117880197, 40.038007411690934 ], [ -8.433506056451975, 40.037940114830469 ], [ -8.433833264768179, 40.037903510902495 ], [ -8.433934790920851, 40.037889739091653 ], [ -8.434238216499301, 40.037828781976245 ], [ -8.434527424239118, 40.037758500992808 ], [ -8.434730305028857, 40.037718792848722 ], [ -8.434760038586564, 40.037713133455469 ], [ -8.434780095242829, 40.037718123766282 ], [ -8.434841558404699, 40.037705895534636 ], [ -8.434911503036275, 40.037679502872145 ], [ -8.435051662477624, 40.037632755318732 ], [ -8.435142388791535, 40.037615317182343 ], [ -8.435450565015694, 40.037567494342554 ], [ -8.435742254330615, 40.03750197529294 ], [ -8.436024543090712, 40.037377761090681 ], [ -8.436132263504444, 40.037308582629976 ], [ -8.436216923017186, 40.037218298213844 ], [ -8.43623645699854, 40.037183844640225 ], [ -8.436251292915696, 40.037148682864512 ], [ -8.436335136724619, 40.036979596950154 ], [ -8.436370584535638, 40.036941770343653 ], [ -8.436396172763725, 40.036924591745191 ], [ -8.436487112488244, 40.036877338138723 ], [ -8.436522918448473, 40.036865629194622 ], [ -8.43669319910615, 40.036821860155072 ], [ -8.436755616169457, 40.036815210401201 ], [ -8.437079459886446, 40.036814088433594 ], [ -8.437190143181438, 40.03680596090161 ], [ -8.437228761425247, 40.036795140468158 ], [ -8.437268178614527, 40.036779545581936 ], [ -8.437555968592612, 40.036681970412836 ], [ -8.43762962794877, 40.036648003007812 ], [ -8.437799545048033, 40.036574425743083 ], [ -8.43781557903309, 40.036570151604991 ], [ -8.437890286367088, 40.036770066602379 ], [ -8.438034033631119, 40.037158025068983 ], [ -8.438159981841626, 40.037602410289928 ], [ -8.438279354175203, 40.038119945031582 ], [ -8.438384186517764, 40.038634628747452 ], [ -8.438664649028922, 40.038626049684154 ], [ -8.43957153480647, 40.038598605069708 ], [ -8.441379518576273, 40.038665294315422 ], [ -8.445113091671606, 40.038837347281437 ], [ -8.447243303624024, 40.038879198106216 ], [ -8.450232566903784, 40.039036183552035 ], [ -8.454097828519599, 40.039173273173958 ], [ -8.454296003854795, 40.039157860330306 ], [ -8.455357759670189, 40.039074381513721 ], [ -8.456631885033801, 40.038955718541381 ], [ -8.459089420011885, 40.039155214063427 ], [ -8.460323446675714, 40.039347597159427 ], [ -8.461848989825297, 40.039733305860203 ], [ -8.463310325949852, 40.040235717386857 ], [ -8.464098441769337, 40.04052948881791 ], [ -8.465030788297247, 40.040914694198896 ], [ -8.465535995653742, 40.041146495095866 ], [ -8.46655107440851, 40.041577295488509 ], [ -8.467341482223793, 40.041949294026161 ], [ -8.468319136720082, 40.04243818701088 ], [ -8.468978537399956, 40.042806322162768 ], [ -8.469873735983397, 40.043226995420717 ], [ -8.470204361006346, 40.043264397316719 ], [ -8.470912188866425, 40.043375440849864 ], [ -8.471772952642057, 40.043488009090453 ], [ -8.47219059537168, 40.043540276695786 ], [ -8.472252776758832, 40.043484348729663 ], [ -8.472473627081879, 40.043643283950423 ], [ -8.472786826645988, 40.043804469761824 ], [ -8.472872923590044, 40.043846186671409 ], [ -8.472927677986894, 40.043851878267041 ], [ -8.473068255888922, 40.043845611028935 ], [ -8.4732557443257, 40.043845057183368 ], [ -8.472928448719134, 40.039240071259918 ], [ -8.472975815227008, 40.039151580594947 ], [ -8.473083025942998, 40.038917379195048 ], [ -8.473111208114362, 40.038811748488357 ], [ -8.47312110318591, 40.038564050499204 ], [ -8.473132847842242, 40.038452611339331 ], [ -8.473138355625432, 40.038429182889594 ], [ -8.473188291777271, 40.038269178761396 ], [ -8.473191420528526, 40.038238818081666 ], [ -8.473197395335099, 40.038004914521665 ], [ -8.473201632972023, 40.037772993792963 ], [ -8.473204194685946, 40.037536040854938 ], [ -8.473191488144158, 40.037337042151805 ], [ -8.473194963702365, 40.037094409960702 ], [ -8.473203356334258, 40.036898867104192 ], [ -8.47324528116591, 40.036777428989545 ], [ -8.473352479452112, 40.036540705574623 ], [ -8.473467296720388, 40.036304770222998 ], [ -8.473626920803085, 40.036079415858275 ], [ -8.473797721736398, 40.035863308306247 ], [ -8.473935979783271, 40.035653240256508 ], [ -8.474166290295758, 40.035390124390993 ], [ -8.474172675843056, 40.035377674454146 ], [ -8.474354612487462, 40.034976638612228 ], [ -8.474555202230725, 40.034463870741789 ], [ -8.47456815268904, 40.034453385484198 ], [ -8.474605234150001, 40.034441750178296 ], [ -8.474735673420819, 40.034308255271128 ], [ -8.474751736996694, 40.034287940544012 ], [ -8.47476240580084, 40.03426539379398 ], [ -8.474773523254346, 40.034215830969444 ], [ -8.474779432153145, 40.033969853765157 ], [ -8.474751956328253, 40.033793958829349 ], [ -8.47474684054164, 40.033732103680144 ], [ -8.474747289830534, 40.033704273449402 ], [ -8.474752313106876, 40.033678321017746 ], [ -8.474760984077985, 40.033655512674201 ], [ -8.474773881321108, 40.033633225931489 ], [ -8.474791945360501, 40.033615161330872 ], [ -8.475015289262595, 40.033481661390582 ], [ -8.475038621697513, 40.033462140226987 ], [ -8.475057970148573, 40.033441817562895 ], [ -8.475089005177013, 40.033369135755649 ], [ -8.4750963662717, 40.033342366758163 ], [ -8.475103837594665, 40.033313976333325 ], [ -8.475178875697376, 40.033184518834389 ], [ -8.475330766747643, 40.032984851385152 ], [ -8.47548489827129, 40.032788246396848 ], [ -8.475536336595288, 40.032695776270216 ], [ -8.47561450138245, 40.032467244617109 ], [ -8.475650426075047, 40.032411749885618 ], [ -8.475682419705805, 40.032367434353588 ], [ -8.475688583639618, 40.032357868742338 ], [ -8.475713189470591, 40.032358339964382 ], [ -8.475745381581993, 40.032353467933618 ], [ -8.475845250040194, 40.032316610442024 ], [ -8.475874151787352, 40.03230976586044 ], [ -8.476150272983256, 40.03228219608026 ], [ -8.476180832615663, 40.03227841670067 ], [ -8.476312783866057, 40.032307294052934 ], [ -8.476355150324908, 40.032322114221031 ], [ -8.476438707041178, 40.032349422708542 ], [ -8.476521467700001, 40.032382682937836 ], [ -8.47656117385516, 40.032403635076086 ], [ -8.476588300820003, 40.032415985817821 ], [ -8.476618630629758, 40.032343034596828 ], [ -8.476814079363194, 40.032000854685108 ], [ -8.477140886270377, 40.031640719868264 ], [ -8.477646903508466, 40.031226371316592 ], [ -8.47833859760909, 40.0308111081589 ], [ -8.478882046149414, 40.030549741332351 ], [ -8.479417442745735, 40.03036405555298 ], [ -8.479732905883992, 40.030242694175442 ], [ -8.479999262325704, 40.030139406541728 ], [ -8.48026891859997, 40.030041506679304 ], [ -8.480544949409454, 40.029952325717709 ], [ -8.48084562671864, 40.029872167225008 ], [ -8.481147261132895, 40.029796056031593 ], [ -8.481238989700568, 40.029772724814549 ], [ -8.481420217043901, 40.029793520227095 ], [ -8.483692063815084, 40.030475331336241 ], [ -8.486089991273154, 40.031221459673482 ], [ -8.487469971436914, 40.031693105976409 ], [ -8.489535759783053, 40.03269298600673 ], [ -8.491765493052574, 40.033620178143714 ], [ -8.49193622105394, 40.034314823511018 ], [ -8.492012559382468, 40.034660777625312 ], [ -8.492120783703642, 40.035055261390468 ], [ -8.492241073718105, 40.035492851414723 ], [ -8.492439458240746, 40.036186236587369 ], [ -8.492620829651353, 40.036941457838104 ], [ -8.492851185807865, 40.037763711306354 ], [ -8.493216828896474, 40.038910565242944 ], [ -8.493569820218704, 40.039788364610686 ], [ -8.493846764592318, 40.040531666412576 ], [ -8.494212438908043, 40.041677077346201 ], [ -8.494381975094871, 40.042292916608169 ], [ -8.494647188831285, 40.043140631630216 ], [ -8.494932175804452, 40.044024848930682 ], [ -8.495219247562508, 40.044639690085916 ], [ -8.495413330455476, 40.044976268074706 ], [ -8.495594050997044, 40.045157801628228 ], [ -8.495751262321505, 40.045347510359164 ], [ -8.495898787380755, 40.04554545285162 ], [ -8.495991031541569, 40.045769502249073 ], [ -8.496029705165846, 40.046011910783349 ], [ -8.496027619857072, 40.046258409648566 ], [ -8.496070261273745, 40.046453888468086 ], [ -8.496202298858625, 40.046667902690423 ], [ -8.496347840231644, 40.046866207418212 ], [ -8.496434973345666, 40.046966352176831 ], [ -8.496549120796599, 40.046968876135111 ], [ -8.496587948969228, 40.046975773685496 ], [ -8.496773363802879, 40.047025807030955 ] ] ] } },
{ "type": "Feature", "properties": { "dtmnfr": "060411", "freguesia": "União das freguesias de Condeixa-a-Velha e Condeixa-a-Nova", "municipio": "Condeixa-a-Nova", "distrito_i": "Coimbra", "nuts3_cod": "192", "nuts3": "Região de Coimbra", "nuts2": "Centro", "nuts1": "Continente", "area_ha": 2765.36, "perimetro_": 28, "designacao": "Condeixa-a-Velha e Condeixa-a-Nova" }, "geometry": { "type": "Polygon", "coordinates": [ [ [ -8.509835503355641, 40.109145789888572 ], [ -8.509618067557506, 40.109699822540556 ], [ -8.509638182837628, 40.109753161796114 ], [ -8.509738749696396, 40.109910438819021 ], [ -8.50985362835997, 40.110131153348831 ], [ -8.509891328101434, 40.110245855332657 ], [ -8.509982004666067, 40.110437296116935 ], [ -8.510060009056099, 40.110691999235954 ], [ -8.510132311648908, 40.110913220360175 ], [ -8.510134066833206, 40.110996788455509 ], [ -8.510146993219898, 40.111318706092796 ], [ -8.510179125830367, 40.114911687633196 ], [ -8.509783348869245, 40.117787479375757 ], [ -8.509163010454634, 40.118863999759647 ], [ -8.50868837409398, 40.123126683767964 ], [ -8.506050180731506, 40.125983000285572 ], [ -8.50283187387015, 40.12748825069724 ], [ -8.499932006977966, 40.127895399020389 ], [ -8.495564640726631, 40.128876085658419 ], [ -8.496270886116696, 40.12717832758424 ], [ -8.496761014030504, 40.125768169328332 ], [ -8.497256158048662, 40.124642039517759 ], [ -8.497237766170375, 40.124515385098626 ], [ -8.495907674005879, 40.124588836062692 ], [ -8.494766801485572, 40.124639429057815 ], [ -8.493631900859615, 40.124466563012355 ], [ -8.492882133390106, 40.124356057832031 ], [ -8.492821678322247, 40.124348864322634 ], [ -8.49283237690735, 40.124573976852304 ], [ -8.491750855426378, 40.124533671016202 ], [ -8.490914569557857, 40.124501415430927 ], [ -8.489449957236623, 40.124516309583001 ], [ -8.48943130196653, 40.124516638961573 ], [ -8.487250387260673, 40.124538760180975 ], [ -8.483447708003695, 40.124654850992748 ], [ -8.483142199263281, 40.124629570076053 ], [ -8.482346280023069, 40.122818110540777 ], [ -8.482146622811991, 40.122364190570835 ], [ -8.48182939942415, 40.121219778183757 ], [ -8.48178671803546, 40.12115596602267 ], [ -8.481779628016355, 40.121145000971069 ], [ -8.481682686596123, 40.120953921072861 ], [ -8.481606211895002, 40.120499084340736 ], [ -8.481526793130396, 40.11944680482322 ], [ -8.481470867010197, 40.119361684583382 ], [ -8.480858434774772, 40.11909309067299 ], [ -8.47949611546621, 40.118557651558746 ], [ -8.475838504367015, 40.117371068101747 ], [ -8.474034774627125, 40.116798241383755 ], [ -8.469839157703086, 40.115466176968624 ], [ -8.468410487044167, 40.114930889874643 ], [ -8.46559967262486, 40.113621828585721 ], [ -8.464463369606023, 40.113181562231745 ], [ -8.464232188471739, 40.113134947311345 ], [ -8.464068244497554, 40.113190805479277 ], [ -8.463858294122391, 40.113289389565601 ], [ -8.463442533282857, 40.11383201749657 ], [ -8.46243584222689, 40.115154265272359 ], [ -8.461308573421729, 40.116511158619041 ], [ -8.46079972979031, 40.117073226906619 ], [ -8.460617623413814, 40.117209373131729 ], [ -8.460416593034413, 40.117360525196233 ], [ -8.460200782492034, 40.117464434499261 ], [ -8.459897809679102, 40.117566612551173 ], [ -8.459602015085277, 40.117625626377226 ], [ -8.459289511309553, 40.117649117348051 ], [ -8.458946049147121, 40.117626401083569 ], [ -8.457412046066411, 40.117401804041933 ], [ -8.457045827320322, 40.117304666309352 ], [ -8.456682034567031, 40.117126654938687 ], [ -8.456111199752792, 40.116797826584069 ], [ -8.455631838881654, 40.116488557484871 ], [ -8.455183815168132, 40.116307082544317 ], [ -8.454528789893169, 40.116156172274749 ], [ -8.453683326440006, 40.116018031911061 ], [ -8.452361823485116, 40.116022245913811 ], [ -8.451477760799481, 40.116155817516578 ], [ -8.45052276707791, 40.11634865970948 ], [ -8.449722490239759, 40.116516661336981 ], [ -8.448949536671254, 40.116683409445358 ], [ -8.447800429006463, 40.117061647819945 ], [ -8.447064679908761, 40.117360851366719 ], [ -8.446531761438138, 40.117716058247836 ], [ -8.446187864437661, 40.118055791999836 ], [ -8.446118316043894, 40.118999352147199 ], [ -8.446009609812103, 40.119873219684365 ], [ -8.44595352014889, 40.120201003676016 ], [ -8.445846577808826, 40.120337195567629 ], [ -8.445637055543735, 40.12038558744954 ], [ -8.445241833835855, 40.120384947538668 ], [ -8.444206414316234, 40.12039981676984 ], [ -8.443947344054505, 40.120107015307873 ], [ -8.44392673320144, 40.120089864681226 ], [ -8.443879283649691, 40.120051721061785 ], [ -8.443811952397807, 40.120000928714148 ], [ -8.443699054243123, 40.119913694217793 ], [ -8.443680380421004, 40.119883938072292 ], [ -8.443548713682015, 40.119667338584932 ], [ -8.443433101541315, 40.119551385592608 ], [ -8.443411205898405, 40.119535145217938 ], [ -8.443388270581442, 40.119521155519521 ], [ -8.443285655977201, 40.119450464983309 ], [ -8.443264113492766, 40.119434222734064 ], [ -8.443063582835219, 40.11924392804584 ], [ -8.442930831276996, 40.119149453766937 ], [ -8.442888076815404, 40.119137501004367 ], [ -8.442773450858146, 40.119107905850164 ], [ -8.44265748268147, 40.119092728257854 ], [ -8.442346596899535, 40.119088520803714 ], [ -8.442120364644806, 40.119074810511798 ], [ -8.442084583128823, 40.119073734295327 ], [ -8.441978256451009, 40.119064201373185 ], [ -8.44190220084992, 40.119054857828004 ], [ -8.441944630409832, 40.118995306054465 ], [ -8.4419570461336, 40.118810924810795 ], [ -8.441937813368083, 40.118605008171933 ], [ -8.441876862931364, 40.118332201770507 ], [ -8.441857437808192, 40.118214908180214 ], [ -8.441818010655734, 40.118030393137026 ], [ -8.441764938456441, 40.117865546602921 ], [ -8.441699732901036, 40.117687316140916 ], [ -8.441549560443727, 40.11742510590777 ], [ -8.441361565606622, 40.117150480507888 ], [ -8.441155650694423, 40.116907868328553 ], [ -8.441033000728437, 40.11676302055011 ], [ -8.440973704953995, 40.116621068089131 ], [ -8.44082357981908, 40.116341927265005 ], [ -8.440734507063622, 40.116229050383239 ], [ -8.440544391591789, 40.11605511355728 ], [ -8.440211697370465, 40.115711792429217 ], [ -8.439932918078709, 40.115488199124378 ], [ -8.439702164212571, 40.115328147714585 ], [ -8.439550425059767, 40.115260467556674 ], [ -8.439313066794089, 40.11519490755105 ], [ -8.438408079868227, 40.112454469919484 ], [ -8.436183302211186, 40.106036962166854 ], [ -8.436195521052563, 40.105699745095698 ], [ -8.436161586086236, 40.105691098057228 ], [ -8.435965478680764, 40.105504743435212 ], [ -8.435768691446153, 40.105324328815499 ], [ -8.435554385007194, 40.10513324694891 ], [ -8.4353123975581, 40.104941969425219 ], [ -8.435107474318785, 40.10477643571209 ], [ -8.434899135002571, 40.104607579206586 ], [ -8.434665757699726, 40.104452210073724 ], [ -8.434408854461639, 40.104309054381865 ], [ -8.434199733014662, 40.104147495309348 ], [ -8.434005693295193, 40.103949331351792 ], [ -8.433846816726978, 40.103747114922378 ], [ -8.433707945194326, 40.103532234326096 ], [ -8.433618000432929, 40.103295701346909 ], [ -8.430815747310614, 40.096135519878551 ], [ -8.446076742169874, 40.094989221016888 ], [ -8.446098202895747, 40.09498916213019 ], [ -8.446703260831583, 40.094983283810429 ], [ -8.446803897427277, 40.094987243247687 ], [ -8.447104536605242, 40.09500560791831 ], [ -8.447402243300626, 40.095075763522253 ], [ -8.447697892336613, 40.095156819439602 ], [ -8.447994431772681, 40.095226348067712 ], [ -8.448193113042487, 40.095284609046935 ], [ -8.448218292111649, 40.095302284227699 ], [ -8.449697179472771, 40.093095737365879 ], [ -8.449795096682545, 40.091008429925573 ], [ -8.44981644965079, 40.090558342744274 ], [ -8.450017300681436, 40.087890406369219 ], [ -8.451010733450035, 40.083065339792761 ], [ -8.451069164609473, 40.08307472583521 ], [ -8.451370323330549, 40.083214928997094 ], [ -8.451516298080609, 40.083441027187938 ], [ -8.451644821266699, 40.083746063421188 ], [ -8.451859606620047, 40.084069051672856 ], [ -8.452159479772016, 40.084308320966727 ], [ -8.4525194575558, 40.084439622324837 ], [ -8.453035230414638, 40.08453869475796 ], [ -8.453524853547851, 40.084687286702732 ], [ -8.453848189126557, 40.084878933886415 ], [ -8.45411804614349, 40.085091710643987 ], [ -8.454396967759115, 40.08518864843029 ], [ -8.454703755898526, 40.085177707666347 ], [ -8.455865663576116, 40.08507232964098 ], [ -8.456799517379817, 40.08504125225766 ], [ -8.457003957250812, 40.085007805161254 ], [ -8.456993282240576, 40.084982441573636 ], [ -8.456911288901296, 40.084753376969118 ], [ -8.45680833585492, 40.084529328693776 ], [ -8.456694159761211, 40.084312065299407 ], [ -8.456542178440321, 40.084109317012349 ], [ -8.45651978942008, 40.084085425247864 ], [ -8.456411116725061, 40.083866526003966 ], [ -8.456316795139479, 40.08363434592345 ], [ -8.456201955551034, 40.083399343752177 ], [ -8.456064444292544, 40.083181602607915 ], [ -8.45589644571562, 40.082986556822952 ], [ -8.455680741448068, 40.082794884912602 ], [ -8.455429889762684, 40.082658245469382 ], [ -8.455217523832705, 40.082501232167466 ], [ -8.455034802125139, 40.082317121557601 ], [ -8.454886930942189, 40.082113276168634 ], [ -8.454734986099156, 40.081915844291551 ], [ -8.454566310602317, 40.081699541433331 ], [ -8.454427218006597, 40.081468294489149 ], [ -8.454404793322832, 40.081411530328488 ], [ -8.454396297631568, 40.081301231608649 ], [ -8.454631558174635, 40.081291295447642 ], [ -8.462567429133864, 40.078552320323865 ], [ -8.46859372706456, 40.074879596121725 ], [ -8.468651214989835, 40.074816925800285 ], [ -8.468780929931397, 40.074614187549265 ], [ -8.468830570173656, 40.074554422713568 ], [ -8.468976531391979, 40.074460786051482 ], [ -8.469028629478721, 40.074446311764454 ], [ -8.469101163283625, 40.074416559752592 ], [ -8.469134017500259, 40.074398452348788 ], [ -8.469165329724111, 40.074376928007943 ], [ -8.469412959555161, 40.074195006653923 ], [ -8.469469311138983, 40.074141346176589 ], [ -8.469485900521985, 40.074106086128822 ], [ -8.469487028319257, 40.074073210747542 ], [ -8.469485157021392, 40.074049799533178 ], [ -8.469471983339782, 40.074017776221702 ], [ -8.469456653285214, 40.073928932752018 ], [ -8.469482466394869, 40.073838166811377 ], [ -8.469507070675881, 40.073811709422607 ], [ -8.46952750355589, 40.07379471599905 ], [ -8.469551337838995, 40.073778074737142 ], [ -8.469610310693781, 40.073732604789107 ], [ -8.469773472616863, 40.073538498709446 ], [ -8.469895070669354, 40.073355505126898 ], [ -8.469923519016954, 40.073347223305554 ], [ -8.469950197775407, 40.073337870398589 ], [ -8.469979438043699, 40.073324007008146 ], [ -8.470070169020161, 40.073276189354054 ], [ -8.470085073463652, 40.073256423635556 ], [ -8.470091265847572, 40.073227946480472 ], [ -8.470089040624973, 40.073204356181002 ], [ -8.470074495192282, 40.073180172194078 ], [ -8.470045778877518, 40.07315665804385 ], [ -8.470022845990993, 40.073142045766247 ], [ -8.469965785039747, 40.073100247070343 ], [ -8.469950870350409, 40.073071293632104 ], [ -8.469950708549996, 40.073038688569682 ], [ -8.46996059175993, 40.072975079763694 ], [ -8.46997220802975, 40.072954151030849 ], [ -8.46999305411639, 40.072925450246998 ], [ -8.470036040509839, 40.072847602952237 ], [ -8.470036647550852, 40.072827340257028 ], [ -8.472361272654588, 40.072099049252309 ], [ -8.473090401920347, 40.072399685573245 ], [ -8.496231656725964, 40.081484486704113 ], [ -8.496340720380726, 40.081533949084779 ], [ -8.496661462312499, 40.081724585169084 ], [ -8.496884195597957, 40.081851315106171 ], [ -8.497040154133984, 40.081878471091571 ], [ -8.50662420063885, 40.085038900164378 ], [ -8.507077656600734, 40.08543342521557 ], [ -8.507204479719498, 40.08555369295317 ], [ -8.5076454731993, 40.085941229477505 ], [ -8.507962697368637, 40.086228116301562 ], [ -8.508034653842101, 40.086285881369648 ], [ -8.507939512775613, 40.090191799258655 ], [ -8.508564865151735, 40.092426385670457 ], [ -8.508583458210662, 40.0924803642339 ], [ -8.508708688555615, 40.092712666620557 ], [ -8.508856496009464, 40.092935083567852 ], [ -8.5090270306276, 40.09313266000656 ], [ -8.509219114608062, 40.093325119244476 ], [ -8.509413779487899, 40.093516940250851 ], [ -8.509572955110235, 40.093738507873475 ], [ -8.509668530387046, 40.093951275120993 ], [ -8.509681550208196, 40.094015084568049 ], [ -8.509690839519791, 40.094485613430301 ], [ -8.509670766029046, 40.094650940919941 ], [ -8.5095865141598, 40.094831241474886 ], [ -8.509458760386352, 40.09505599561917 ], [ -8.509454371304967, 40.095089243884345 ], [ -8.50944512372604, 40.095176542235826 ], [ -8.509443964091334, 40.095200410147442 ], [ -8.509436993401174, 40.095232495115802 ], [ -8.51035114516135, 40.095687999824491 ], [ -8.510801604563303, 40.095821343853366 ], [ -8.51084839661978, 40.095864776784296 ], [ -8.510952727521245, 40.095878304869615 ], [ -8.511034044321994, 40.095888394704104 ], [ -8.511191457536347, 40.095958217089134 ], [ -8.511280711355763, 40.095961346211148 ], [ -8.511360298346714, 40.095954870395204 ], [ -8.5114866363832, 40.095919334308803 ], [ -8.511668152959063, 40.095833091316074 ], [ -8.511880369202137, 40.095720719368593 ], [ -8.512102269872093, 40.095578961136603 ], [ -8.512318182743462, 40.095457839552822 ], [ -8.51248644535316, 40.095349757646424 ], [ -8.512568531735532, 40.095287346353992 ], [ -8.512637978255365, 40.095207504746419 ], [ -8.512758270447167, 40.095055717605 ], [ -8.51285862189585, 40.094945875490779 ], [ -8.512930413259587, 40.094887373879217 ], [ -8.513017666903053, 40.094931300977166 ], [ -8.51314846188277, 40.094980942674738 ], [ -8.513183090128742, 40.094987581768407 ], [ -8.513501833178037, 40.094968519828505 ], [ -8.513555757531787, 40.094944387626207 ], [ -8.513741462299851, 40.094874342053679 ], [ -8.51402518505475, 40.094779922425289 ], [ -8.514333938021368, 40.094695057064754 ], [ -8.514651371680237, 40.094631236367938 ], [ -8.514886901780992, 40.09457984109963 ], [ -8.515015290649847, 40.094556810064475 ], [ -8.515334592310198, 40.094512704514024 ], [ -8.515633178122176, 40.094496586050134 ], [ -8.51593537271753, 40.094476399480357 ], [ -8.516172376558998, 40.094478763550214 ], [ -8.516245706863419, 40.094485544815129 ], [ -8.516327935430532, 40.094490047792831 ], [ -8.516491222136729, 40.09450049030422 ], [ -8.516680631805245, 40.094483918094234 ], [ -8.516974080249831, 40.094430528276249 ], [ -8.517287749754088, 40.094387608591077 ], [ -8.517600958320608, 40.094344327544853 ], [ -8.517706457632697, 40.094337489373423 ], [ -8.517785863344288, 40.094340917265107 ], [ -8.517827542523714, 40.094349782158474 ], [ -8.51812027674122, 40.09441941489959 ], [ -8.518418717401598, 40.094460922841535 ], [ -8.518727013570837, 40.094462147515571 ], [ -8.519060441183703, 40.094449502125642 ], [ -8.519097568934628, 40.094441452216799 ], [ -8.519197191535893, 40.094432653648518 ], [ -8.519335847162065, 40.09442012154512 ], [ -8.519603154854627, 40.094410489606673 ], [ -8.519721361382564, 40.094390462018623 ], [ -8.519762156202312, 40.094388885790437 ], [ -8.52006372698801, 40.094382468838681 ], [ -8.520384216279689, 40.094403999264273 ], [ -8.520591870602773, 40.094461748453149 ], [ -8.520798172381774, 40.094488975003529 ], [ -8.521167896556403, 40.094485749336521 ], [ -8.521378509651443, 40.094487652603632 ], [ -8.521463180860009, 40.094488176597586 ], [ -8.521763710206228, 40.094484371356351 ], [ -8.52205883608627, 40.094479772938072 ], [ -8.522357554659198, 40.094467508382742 ], [ -8.522665529707277, 40.094432967068229 ], [ -8.522980445126869, 40.094422627757993 ], [ -8.523046094271681, 40.094418984492059 ], [ -8.523356749793294, 40.094402982007431 ], [ -8.523659477585124, 40.09435305634257 ], [ -8.523721519807676, 40.094335102588268 ], [ -8.529126035718908, 40.09305025797638 ], [ -8.535946144034426, 40.094182730891845 ], [ -8.537051166671374, 40.095473469939954 ], [ -8.527660063611517, 40.097727377724624 ], [ -8.519405439879597, 40.098951219860993 ], [ -8.517566490678254, 40.099822474333557 ], [ -8.515434497993017, 40.100832193417247 ], [ -8.513885177274849, 40.101566259418277 ], [ -8.512148783713876, 40.106049002733052 ], [ -8.512258647237594, 40.106148243203812 ], [ -8.512322196477038, 40.106186311559377 ], [ -8.512281494559971, 40.106206977588592 ], [ -8.512154285320211, 40.106236392375145 ], [ -8.511970355828357, 40.10631580024544 ], [ -8.511597283017855, 40.106528307900561 ], [ -8.511187424438587, 40.106790821360903 ], [ -8.510922661824642, 40.106929840022431 ], [ -8.510573156050306, 40.107142352144955 ], [ -8.510480672633166, 40.107596374780947 ], [ -8.510512673692752, 40.107592576252678 ], [ -8.510515323944176, 40.107606074812253 ], [ -8.509835503355641, 40.109145789888572 ] ] ] } },
{ "type": "Feature", "properties": { "dtmnfr": "060412", "freguesia": "União das freguesias de Sebal e Belide", "municipio": "Condeixa-a-Nova", "distrito_i": "Coimbra", "nuts3_cod": "192", "nuts3": "Região de Coimbra", "nuts2": "Centro", "nuts1": "Continente", "area_ha": 1298.61, "perimetro_": 20, "designacao": "Sebal e Belide" }, "geometry": { "type": "Polygon", "coordinates": [ [ [ -8.493666513781072, 40.137613681389979 ], [ -8.493723630197978, 40.137122686240211 ], [ -8.493813957214165, 40.13596991910137 ], [ -8.493898323129455, 40.135396703620259 ], [ -8.494000782269531, 40.133833594796471 ], [ -8.494151260527298, 40.132962076477021 ], [ -8.494555557076547, 40.13150338858911 ], [ -8.495087967579037, 40.130199194876212 ], [ -8.495533131135824, 40.128951922653066 ], [ -8.495564640726631, 40.128876085658419 ], [ -8.499932006977966, 40.127895399020389 ], [ -8.50283187387015, 40.12748825069724 ], [ -8.506050180731506, 40.125983000285572 ], [ -8.50868837409398, 40.123126683767964 ], [ -8.509163010454634, 40.118863999759647 ], [ -8.509783348869245, 40.117787479375757 ], [ -8.510179125830367, 40.114911687633196 ], [ -8.510146993219898, 40.111318706092796 ], [ -8.510134066833206, 40.110996788455509 ], [ -8.510132311648908, 40.110913220360175 ], [ -8.510060009056099, 40.110691999235954 ], [ -8.509982004666067, 40.110437296116935 ], [ -8.509891328101434, 40.110245855332657 ], [ -8.50985362835997, 40.110131153348831 ], [ -8.509738749696396, 40.109910438819021 ], [ -8.509638182837628, 40.109753161796114 ], [ -8.509618067557506, 40.109699822540556 ], [ -8.509835503355641, 40.109145789888572 ], [ -8.513996957509097, 40.109691292455587 ], [ -8.516373287693968, 40.110172979592065 ], [ -8.52291579463472, 40.111498332454701 ], [ -8.531535086659202, 40.113471338006711 ], [ -8.535959132429054, 40.114787848385191 ], [ -8.541517510777636, 40.117681161720157 ], [ -8.544793852044268, 40.119718986631817 ], [ -8.549139169797389, 40.122957397624631 ], [ -8.54915331022727, 40.122968064828804 ], [ -8.551442340315639, 40.124912889594043 ], [ -8.553586717991353, 40.127046509964686 ], [ -8.556244880953646, 40.129349946313589 ], [ -8.556353929603736, 40.129415647035835 ], [ -8.556536309291639, 40.129613108660344 ], [ -8.557240691886292, 40.130471476900041 ], [ -8.558150345818596, 40.131601157287747 ], [ -8.558529150622208, 40.132042759186312 ], [ -8.558584107114541, 40.132106951637347 ], [ -8.558684269611279, 40.132231849162849 ], [ -8.559131856951824, 40.132358805744431 ], [ -8.559187874834775, 40.132386156062225 ], [ -8.559329230551151, 40.132381129321665 ], [ -8.559836814061802, 40.13257116876639 ], [ -8.559968183780507, 40.132620483916725 ], [ -8.560180814252879, 40.132681116948 ], [ -8.56154869349133, 40.133115440339154 ], [ -8.56529699755435, 40.134304545679868 ], [ -8.569725844270026, 40.135709805322115 ], [ -8.570475452164844, 40.135975968849628 ], [ -8.570370392476292, 40.135986813380491 ], [ -8.570164429758531, 40.136017400550337 ], [ -8.57010066807347, 40.13602808986807 ], [ -8.569826145615654, 40.13616250886426 ], [ -8.569680353542944, 40.136244384933931 ], [ -8.569635241018432, 40.136272469811964 ], [ -8.56961284185984, 40.136292729354352 ], [ -8.569416703683327, 40.136519251053528 ], [ -8.569229594638328, 40.136709076124369 ], [ -8.569059818146236, 40.136911991518708 ], [ -8.56884735910516, 40.137082466664602 ], [ -8.568628580659718, 40.137255572403518 ], [ -8.568364280780933, 40.137412730898404 ], [ -8.568138365048739, 40.137515982739657 ], [ -8.567826445737058, 40.137620725092262 ], [ -8.567670354612654, 40.1376708427102 ], [ -8.567406048222267, 40.137790899968515 ], [ -8.567170772226619, 40.137935878921404 ], [ -8.566973114696967, 40.138036223516757 ], [ -8.566926022735618, 40.138049370294198 ], [ -8.566632593389139, 40.138090998583685 ], [ -8.56629585226799, 40.138095146929786 ], [ -8.566251182662088, 40.138100629322885 ], [ -8.566206241732901, 40.138100526329147 ], [ -8.565897961691585, 40.138096012329981 ], [ -8.565678454094623, 40.138101606531151 ], [ -8.565372429824354, 40.138156791186667 ], [ -8.565330586342139, 40.138164602418669 ], [ -8.565093290768495, 40.138214662985007 ], [ -8.565023749414536, 40.138239416731068 ], [ -8.564786849616395, 40.138332255207651 ], [ -8.564748452673392, 40.138346806935722 ], [ -8.564463750686256, 40.138434238333637 ], [ -8.564172016315863, 40.138522323823373 ], [ -8.564089677539471, 40.13856423953149 ], [ -8.564009453987914, 40.1386075873599 ], [ -8.563725231092441, 40.138715098402997 ], [ -8.563612944680813, 40.138770904215612 ], [ -8.56358779683587, 40.138784239133749 ], [ -8.563563613495962, 40.138800357799347 ], [ -8.563541446762457, 40.138821605951925 ], [ -8.56348690461966, 40.138861702277183 ], [ -8.563464640054553, 40.138884933886253 ], [ -8.563435407542732, 40.13890107128892 ], [ -8.563389036262075, 40.138935287846991 ], [ -8.563252938962592, 40.139048908946492 ], [ -8.563236417645083, 40.13907094210176 ], [ -8.563224132413518, 40.139095214608027 ], [ -8.563182207665312, 40.139108878325125 ], [ -8.563114782485508, 40.139134709180425 ], [ -8.563092219361717, 40.139148028088513 ], [ -8.562883326374932, 40.139273178247933 ], [ -8.562655779409313, 40.139418390406867 ], [ -8.562392528903892, 40.139558420972868 ], [ -8.562159628806091, 40.139710677529116 ], [ -8.561933334946087, 40.139868852169641 ], [ -8.561706492851718, 40.140033691887503 ], [ -8.561486258210982, 40.140203905775124 ], [ -8.561254371432494, 40.140387408254007 ], [ -8.561016072172803, 40.140540311973496 ], [ -8.560952580725736, 40.140576841394058 ], [ -8.560331191365828, 40.141257643678934 ], [ -8.560062720421715, 40.141111480436841 ], [ -8.559788737903485, 40.140983352350162 ], [ -8.559485216723242, 40.140879197206338 ], [ -8.559204933572246, 40.14075613425328 ], [ -8.559172107251332, 40.140742203971428 ], [ -8.558902586320189, 40.140613967300361 ], [ -8.558852160696762, 40.140582358139596 ], [ -8.558720439897002, 40.140459556454992 ], [ -8.558697677563545, 40.140422536550233 ], [ -8.558659329160948, 40.140407460147216 ], [ -8.558647680172216, 40.140402727105823 ], [ -8.558616354449279, 40.140403385272727 ], [ -8.557932986207893, 40.140465881004822 ], [ -8.557902382904203, 40.140469868525322 ], [ -8.557883139872544, 40.140470297548895 ], [ -8.557576429417747, 40.140473947456641 ], [ -8.557341607490155, 40.140415283204533 ], [ -8.55715949864074, 40.140321756200152 ], [ -8.556980941267984, 40.140272249541624 ], [ -8.556839779709044, 40.140273034528853 ], [ -8.556604471085288, 40.140342344940343 ], [ -8.556574246202644, 40.140350019558291 ], [ -8.556392418505386, 40.14039652725117 ], [ -8.556377106338095, 40.140406759029197 ], [ -8.556194243186217, 40.140399508347897 ], [ -8.556138744881242, 40.140400613494194 ], [ -8.555795444129755, 40.140370348997827 ], [ -8.555528248858286, 40.140350166323813 ], [ -8.554872783269728, 40.140315189821443 ], [ -8.554354250167238, 40.140335368278521 ], [ -8.55411404317698, 40.140978451657823 ], [ -8.553275475011027, 40.143022956605911 ], [ -8.55292745881717, 40.144149681355238 ], [ -8.552431339713948, 40.145238944327836 ], [ -8.552420226344275, 40.145263749080186 ], [ -8.550773114163627, 40.145670934775062 ], [ -8.548396451471516, 40.146259315945017 ], [ -8.548277004521269, 40.146070623315339 ], [ -8.548142597106674, 40.146179716650124 ], [ -8.548194292424089, 40.146246532778591 ], [ -8.54809898680821, 40.146283441148434 ], [ -8.547780054036716, 40.146365820778101 ], [ -8.547775668623409, 40.146415637476231 ], [ -8.547771386273009, 40.146444383530117 ], [ -8.547756554480744, 40.146475960098527 ], [ -8.547742132050656, 40.146497082015813 ], [ -8.547705569863798, 40.146543954605576 ], [ -8.541497797172502, 40.145456048372807 ], [ -8.53784103154605, 40.142609315013644 ], [ -8.537760851879375, 40.142584560513086 ], [ -8.537698933634848, 40.142571808311715 ], [ -8.537657567816492, 40.142561234863187 ], [ -8.537461963280213, 40.142504013459828 ], [ -8.537217718043808, 40.14237842448216 ], [ -8.537151292971277, 40.142357587773162 ], [ -8.537115130264736, 40.142354291686758 ], [ -8.537054814948368, 40.142353959041372 ], [ -8.537005414833994, 40.142256242200887 ], [ -8.537535800655691, 40.141819578029938 ], [ -8.53712461025061, 40.1414821315445 ], [ -8.536837192461702, 40.14161399116059 ], [ -8.53627884176211, 40.14115583645669 ], [ -8.536093554670952, 40.140759955213191 ], [ -8.536096264945286, 40.140505259554011 ], [ -8.536100520512473, 40.140411224512647 ], [ -8.535530189338123, 40.139453555311768 ], [ -8.535549647693216, 40.139430972832287 ], [ -8.535722290250074, 40.139237824754659 ], [ -8.535746734786517, 40.139204777110258 ], [ -8.535780582355258, 40.139135221790909 ], [ -8.535797152255661, 40.139079958636273 ], [ -8.535830366621093, 40.138862623360623 ], [ -8.535843896482291, 40.138829885630159 ], [ -8.535861313637803, 40.138798301548775 ], [ -8.535882612366802, 40.138768691576196 ], [ -8.535906743778533, 40.138742670522156 ], [ -8.535935934059324, 40.138717889996045 ], [ -8.536002096408476, 40.138635704831167 ], [ -8.536089611873447, 40.138552636589559 ], [ -8.536333106800321, 40.138417595920366 ], [ -8.536445444692081, 40.138365419623973 ], [ -8.536744326602355, 40.138289265065914 ], [ -8.5370765514678, 40.138235508290904 ], [ -8.537370318627207, 40.138168105726223 ], [ -8.537656552649374, 40.13807668466012 ], [ -8.537943290779026, 40.137951307809146 ], [ -8.538054579333508, 40.137920565967775 ], [ -8.538229292910051, 40.136641930043851 ], [ -8.538005666529612, 40.136487364950547 ], [ -8.53764710734292, 40.136254203135145 ], [ -8.537326700518175, 40.136083041772338 ], [ -8.536928564342382, 40.13590296812351 ], [ -8.5364432449172, 40.135722569063134 ], [ -8.535979602261133, 40.135555059317198 ], [ -8.535400759588352, 40.135313023852824 ], [ -8.535214755993536, 40.135228745545177 ], [ -8.535131930153565, 40.135171846224225 ], [ -8.534910978612634, 40.134971967682425 ], [ -8.534791982695586, 40.134888809772441 ], [ -8.534489707235355, 40.13472604230202 ], [ -8.534293601004185, 40.134600375545098 ], [ -8.534001882722546, 40.13435741814682 ], [ -8.533888652875291, 40.134237582409668 ], [ -8.533810806020169, 40.13412843307912 ], [ -8.533642522457276, 40.133825069745306 ], [ -8.533371846540057, 40.133268728929146 ], [ -8.53309207718236, 40.132682964854396 ], [ -8.533002538687111, 40.13254053149398 ], [ -8.53293839639603, 40.132486720838962 ], [ -8.53280473736173, 40.132463048967203 ], [ -8.532694927710851, 40.132445690681926 ], [ -8.53246988970556, 40.132405671766804 ], [ -8.532230804071201, 40.13239154882055 ], [ -8.532090012066764, 40.132391406248892 ], [ -8.531996493287977, 40.132370296931263 ], [ -8.531906331762194, 40.132321346674487 ], [ -8.531748660844531, 40.132205356065299 ], [ -8.531632311739184, 40.132152620471942 ], [ -8.531177116379222, 40.132078993493209 ], [ -8.530986006140417, 40.131982573242333 ], [ -8.530655806682487, 40.131756312235559 ], [ -8.530268677559485, 40.131484677186982 ], [ -8.52994622476086, 40.131238126861433 ], [ -8.52988265412508, 40.13118070925416 ], [ -8.529706779249324, 40.131160691649299 ], [ -8.529612951453922, 40.131146963640582 ], [ -8.529224661299809, 40.131077421832174 ], [ -8.528848811317927, 40.131068808346029 ], [ -8.528217960184785, 40.131031341556643 ], [ -8.527935431514138, 40.131030869578119 ], [ -8.527619558291047, 40.131005474842915 ], [ -8.52749622279709, 40.130981762563572 ], [ -8.527173874392837, 40.130932967767855 ], [ -8.527058566512029, 40.130916523432546 ], [ -8.526725673103849, 40.13091000570688 ], [ -8.526175271361584, 40.130927644568871 ], [ -8.525579038718741, 40.130993255081457 ], [ -8.52538743314622, 40.13101101738841 ], [ -8.525219037758136, 40.131372455520498 ], [ -8.52490037672216, 40.131961985094321 ], [ -8.524779876864528, 40.132123959566201 ], [ -8.524683643761684, 40.132221911367793 ], [ -8.524548671582167, 40.132296395727735 ], [ -8.524282232044845, 40.132380873989419 ], [ -8.523974403289603, 40.13248971736224 ], [ -8.52368395654053, 40.13260354372941 ], [ -8.523471175065291, 40.132735393293551 ], [ -8.523197599535502, 40.132885274551342 ], [ -8.522863345159147, 40.133011228835784 ], [ -8.522605874301203, 40.133085225242681 ], [ -8.522385057018001, 40.13316675203653 ], [ -8.522232798668465, 40.133275608089342 ], [ -8.522143198416886, 40.133426757975258 ], [ -8.522105537268759, 40.133569628876913 ], [ -8.522072733751385, 40.13370203744045 ], [ -8.522059783903467, 40.133776373758742 ], [ -8.521777420265057, 40.134154944146395 ], [ -8.521350397353526, 40.134720693207612 ], [ -8.520925298149839, 40.135173224876709 ], [ -8.520456641212954, 40.135663101545504 ], [ -8.520426775719175, 40.135693099396384 ], [ -8.520424327930874, 40.135737508728411 ], [ -8.520423782872694, 40.135806223263856 ], [ -8.520466629326023, 40.135892355172835 ], [ -8.52060159655888, 40.136000062420322 ], [ -8.520760289565517, 40.136133537170267 ], [ -8.520988561255445, 40.136368000158413 ], [ -8.521245103403407, 40.136705129433984 ], [ -8.521559182284989, 40.137109332373804 ], [ -8.52180159199693, 40.137414984246163 ], [ -8.522010849735729, 40.137708952739764 ], [ -8.522138164530483, 40.137914036355141 ], [ -8.522226694458151, 40.138067105712011 ], [ -8.517744613661486, 40.139092876431469 ], [ -8.517647258112593, 40.139161556695015 ], [ -8.517634510062246, 40.139334961707668 ], [ -8.517480622272355, 40.139429766658594 ], [ -8.51730236005206, 40.13948799626769 ], [ -8.517217633632844, 40.139611567840248 ], [ -8.517215367982294, 40.139812495320442 ], [ -8.517234282725264, 40.140024432554092 ], [ -8.514857864904057, 40.140778100319487 ], [ -8.508044464021694, 40.141727076127097 ], [ -8.507927223226289, 40.141682336779425 ], [ -8.507660087292047, 40.141565587076336 ], [ -8.507626341350257, 40.14155309149897 ], [ -8.50730965035879, 40.141515576144108 ], [ -8.507241783171327, 40.141507060563477 ], [ -8.507289386389045, 40.141330660400484 ], [ -8.501652326910728, 40.138666694160122 ], [ -8.493666513781072, 40.137613681389979 ] ] ] } },
{ "type": "Feature", "properties": { "dtmnfr": "060413", "freguesia": "União das freguesias de Vila Seca e Bem da Fé", "municipio": "Condeixa-a-Nova", "distrito_i": "Coimbra", "nuts3_cod": "192", "nuts3": "Região de Coimbra", "nuts2": "Centro", "nuts1": "Continente", "area_ha": 1627.14, "perimetro_": 21, "designacao": "Vila Seca e Bem da Fé" }, "geometry": { "type": "Polygon", "coordinates": [ [ [ -8.444206414316234, 40.12039981676984 ], [ -8.444075737070092, 40.120401519510644 ], [ -8.442395801922711, 40.120438733104585 ], [ -8.440356409252734, 40.120472384302076 ], [ -8.439091369476294, 40.120504028414707 ], [ -8.437565941334132, 40.120440798969327 ], [ -8.436257784845624, 40.120405701025717 ], [ -8.435496992573238, 40.120397253755527 ], [ -8.434311892185972, 40.12038775332794 ], [ -8.432762325571467, 40.120435025075707 ], [ -8.432258669081003, 40.121887096464093 ], [ -8.43195563736254, 40.123136370660589 ], [ -8.431797767769231, 40.124077086536126 ], [ -8.431589951954646, 40.125266313090414 ], [ -8.431410480187839, 40.125831899986515 ], [ -8.431403396915606, 40.125874422862722 ], [ -8.431341536791813, 40.126241216585434 ], [ -8.431250935671057, 40.126233614656286 ], [ -8.430953915963052, 40.126214662113512 ], [ -8.430875175143465, 40.126209817639342 ], [ -8.430759423894029, 40.126194360126405 ], [ -8.430631952500116, 40.126178928104402 ], [ -8.430458393234927, 40.126169467269449 ], [ -8.430146687455627, 40.126172254776776 ], [ -8.429822065586048, 40.126171744125081 ], [ -8.429782163779457, 40.126169592149928 ], [ -8.429751984593818, 40.12616291586945 ], [ -8.429599300790967, 40.126123593176935 ], [ -8.429446028611178, 40.126111920152084 ], [ -8.429370021942738, 40.126116348322306 ], [ -8.429188383444593, 40.126163199940692 ], [ -8.429160506814732, 40.126173175083089 ], [ -8.429041625553349, 40.126218510627567 ], [ -8.428905868716251, 40.126242455817497 ], [ -8.428719480679579, 40.126303450116424 ], [ -8.428666800491984, 40.126329522697603 ], [ -8.428583594292004, 40.126376120320643 ], [ -8.428462315211128, 40.126437128192386 ], [ -8.428371084226233, 40.126474289846954 ], [ -8.428069747684088, 40.126569264775725 ], [ -8.427966980821513, 40.126596541707471 ], [ -8.427899605961292, 40.12661589776534 ], [ -8.427864432956735, 40.126621573700127 ], [ -8.427553553563159, 40.126626601820881 ], [ -8.427243229290976, 40.126623791593019 ], [ -8.427091028945398, 40.126615716024055 ], [ -8.427052546522619, 40.126614102566428 ], [ -8.426832403513103, 40.126576387483766 ], [ -8.426757529115642, 40.126569825572034 ], [ -8.426723269361881, 40.126570179011559 ], [ -8.426520169509825, 40.126619693487925 ], [ -8.42648958655097, 40.126628774245553 ], [ -8.426442002738233, 40.126638713098018 ], [ -8.426409052858784, 40.126643302242321 ], [ -8.426193261309145, 40.126715895493447 ], [ -8.425918701340906, 40.126818183764996 ], [ -8.425833603874727, 40.126862886632409 ], [ -8.425616467396209, 40.127031486863594 ], [ -8.425435909218649, 40.127221879793716 ], [ -8.425370576461368, 40.127278966984989 ], [ -8.425348588703525, 40.127295862753854 ], [ -8.425309933648316, 40.127336486300841 ], [ -8.425116103404415, 40.127523580897616 ], [ -8.425090257043044, 40.127543010722064 ], [ -8.424925851588521, 40.12769886921533 ], [ -8.42490356098917, 40.127725939717202 ], [ -8.424878563176444, 40.127750411605192 ], [ -8.424860488015581, 40.127776122382578 ], [ -8.424847459668907, 40.127801735787621 ], [ -8.424838871705301, 40.127824810927898 ], [ -8.424835700316271, 40.127931536172433 ], [ -8.424732765826404, 40.128305274276343 ], [ -8.42431323335463, 40.128772843236497 ], [ -8.424016301156112, 40.129131037655704 ], [ -8.424010463698371, 40.129138072478476 ], [ -8.423777141266331, 40.129064634585767 ], [ -8.423517053850189, 40.128959474940025 ], [ -8.423261159799146, 40.128847544314119 ], [ -8.422985818412711, 40.128742420785343 ], [ -8.422702645224499, 40.128670182602008 ], [ -8.422369188845519, 40.12863788295865 ], [ -8.422041286525708, 40.128640956591354 ], [ -8.421728866023907, 40.128645343411442 ], [ -8.421395139265396, 40.128658603784338 ], [ -8.421263478419649, 40.128653262187015 ], [ -8.421211005283274, 40.128645557534369 ], [ -8.421175648290962, 40.128636100049292 ], [ -8.420885575441774, 40.128541093956962 ], [ -8.420826221511698, 40.128517287325998 ], [ -8.420802100494935, 40.12849996570921 ], [ -8.420779493574809, 40.12848083822994 ], [ -8.420758750101946, 40.128459004324029 ], [ -8.42073195268072, 40.128419627392525 ], [ -8.420660040622256, 40.128283638260505 ], [ -8.420581515461913, 40.128053551205511 ], [ -8.420564035769029, 40.12802522665698 ], [ -8.420405564325728, 40.127785258385231 ], [ -8.420217322511888, 40.12757688102316 ], [ -8.420007321744663, 40.127411964278792 ], [ -8.419937690086426, 40.127369361947672 ], [ -8.419922985895674, 40.127360389681471 ], [ -8.419820598265174, 40.127284635425561 ], [ -8.419628496246913, 40.127079060297092 ], [ -8.419472020966914, 40.126864745608231 ], [ -8.419329147554615, 40.126648152793152 ], [ -8.419195556681091, 40.126462154501922 ], [ -8.419134344570891, 40.126385753041909 ], [ -8.418951019473605, 40.126200687816826 ], [ -8.418744644736535, 40.126004511726237 ], [ -8.418498854801706, 40.125835719624881 ], [ -8.418268128505378, 40.125676979310185 ], [ -8.41802302030327, 40.125502870077113 ], [ -8.417755098275615, 40.125341966931529 ], [ -8.417473850306818, 40.125194063598784 ], [ -8.417222995727878, 40.125046357001523 ], [ -8.416987763078872, 40.124904554614709 ], [ -8.416735126590407, 40.124723345450157 ], [ -8.416520442060378, 40.124556999100996 ], [ -8.416471937172313, 40.124516048691689 ], [ -8.415508315053101, 40.123814247710392 ], [ -8.414744023175412, 40.123168777335145 ], [ -8.414382225723207, 40.122915241906597 ], [ -8.413969124011363, 40.122820337871211 ], [ -8.41394208344949, 40.122834992244982 ], [ -8.413902583645346, 40.122841847914415 ], [ -8.413873738331057, 40.12284641633785 ], [ -8.41355880530149, 40.122888253901721 ], [ -8.413435359641429, 40.12290881533842 ], [ -8.413404514622968, 40.122909524015363 ], [ -8.413311685690031, 40.122902362831631 ], [ -8.41318734211397, 40.122875379958565 ], [ -8.413125009354992, 40.122866250911855 ], [ -8.413000439284884, 40.122841790062324 ], [ -8.412700330519137, 40.122836304420488 ], [ -8.412629766199386, 40.122823240448945 ], [ -8.412541989208981, 40.122788327107742 ], [ -8.41248614794911, 40.122758926683971 ], [ -8.412356398667972, 40.1226449544979 ], [ -8.412159501829604, 40.122463334273185 ], [ -8.412110056657376, 40.122420945126478 ], [ -8.412049824739182, 40.122352197090095 ], [ -8.411944298646576, 40.122194846375656 ], [ -8.411810434246542, 40.122048555569144 ], [ -8.411645711809985, 40.12184434024126 ], [ -8.41162862111802, 40.121824659123938 ], [ -8.411609507410391, 40.121798230176864 ], [ -8.411598021603039, 40.121772138621417 ], [ -8.411591006037899, 40.121721182482794 ], [ -8.411573104562743, 40.121703753002926 ], [ -8.411499609188516, 40.121661155735552 ], [ -8.411129577353343, 40.121425102376797 ], [ -8.411050085970277, 40.121379725556444 ], [ -8.410943608476277, 40.121331530604181 ], [ -8.410715651051605, 40.121240942902098 ], [ -8.410221148470924, 40.121088402972859 ], [ -8.41007837000566, 40.121056413898366 ], [ -8.409960664271752, 40.121045438737205 ], [ -8.409870370567454, 40.12105466503904 ], [ -8.409302843027788, 40.121146355353055 ], [ -8.408806618803352, 40.121232020177644 ], [ -8.408633674720409, 40.121283049916762 ], [ -8.40848600982914, 40.121348875577858 ], [ -8.408346015963721, 40.121424948750324 ], [ -8.408211805915013, 40.121511364904919 ], [ -8.408054731398259, 40.121599550826787 ], [ -8.407927916867928, 40.121657038059411 ], [ -8.407904382302714, 40.121667993853698 ], [ -8.407832473075413, 40.121697705903387 ], [ -8.407539898495235, 40.121379049776372 ], [ -8.407230499685889, 40.121018382832005 ], [ -8.406946833990482, 40.12075509633852 ], [ -8.406835596787891, 40.120601987231829 ], [ -8.406790497644385, 40.120501591429388 ], [ -8.406741391147044, 40.120397058716001 ], [ -8.40677169287842, 40.120318454854996 ], [ -8.406928784191054, 40.120234774512831 ], [ -8.407387541967665, 40.120051946226212 ], [ -8.408439448692132, 40.119647230900753 ], [ -8.408978170627845, 40.119369276687308 ], [ -8.409295424175507, 40.119094197963932 ], [ -8.409596618217513, 40.118736030458585 ], [ -8.409807161446357, 40.118384561274496 ], [ -8.409874789742156, 40.11796868828155 ], [ -8.409813880551443, 40.117415870076755 ], [ -8.409578405161639, 40.116713433182952 ], [ -8.409535414678142, 40.116411932086592 ], [ -8.409366348273272, 40.116087221585211 ], [ -8.408934957036449, 40.115751077709582 ], [ -8.408184539147815, 40.115423343639478 ], [ -8.407495920697874, 40.115291793629318 ], [ -8.406800715110624, 40.114777859336193 ], [ -8.406105608111266, 40.11425662391791 ], [ -8.405342905726432, 40.113695203476944 ], [ -8.405125222986022, 40.113525505948161 ], [ -8.405012085832155, 40.11339320321656 ], [ -8.404915328472242, 40.113249071270786 ], [ -8.404864892421781, 40.113103742638827 ], [ -8.404837581455867, 40.112902614356834 ], [ -8.404812522601814, 40.112328275485162 ], [ -8.404824021201222, 40.112240441748028 ], [ -8.4048617806059, 40.112179559912974 ], [ -8.404924821550075, 40.11210619404924 ], [ -8.404991944147651, 40.112053713405658 ], [ -8.405135962111183, 40.111991141937438 ], [ -8.405615801170198, 40.111840869987155 ], [ -8.405753277148074, 40.111783446565923 ], [ -8.405818884695885, 40.111736006067332 ], [ -8.405856549042205, 40.111680982535404 ], [ -8.405885149557905, 40.111617062588977 ], [ -8.405886980749468, 40.11154753009739 ], [ -8.405826000790876, 40.111404390817519 ], [ -8.405294856723435, 40.110402660869944 ], [ -8.405117522559484, 40.110053560539242 ], [ -8.405062876952712, 40.109910405941584 ], [ -8.404909603331662, 40.109419942652437 ], [ -8.404729324630853, 40.108832190163568 ], [ -8.404716882889185, 40.108743246245972 ], [ -8.404739283130638, 40.108625031233778 ], [ -8.4048022643395, 40.108448997893959 ], [ -8.404954358412372, 40.108236726843778 ], [ -8.405158151852548, 40.108046044062512 ], [ -8.405824530273659, 40.107567153748668 ], [ -8.406308247864223, 40.107222969331204 ], [ -8.406389061900603, 40.107165316712681 ], [ -8.4066715662318, 40.106951656683293 ], [ -8.406758883260638, 40.106849230353575 ], [ -8.406782072072973, 40.106783074118766 ], [ -8.406789316452656, 40.106718575736224 ], [ -8.406783480556022, 40.106638165811589 ], [ -8.406731272385858, 40.106400985159013 ], [ -8.406552860366425, 40.105611408671145 ], [ -8.406377215885671, 40.104806335817074 ], [ -8.406206267689722, 40.104061590935785 ], [ -8.406138942542334, 40.103885770236637 ], [ -8.406057938900492, 40.103748622054319 ], [ -8.405747188659529, 40.103321397756844 ], [ -8.40541433547439, 40.102851354093417 ], [ -8.405339310300935, 40.10277137956151 ], [ -8.405192773340717, 40.102669510933708 ], [ -8.404755472502398, 40.102413873823281 ], [ -8.40382876193828, 40.101891639900757 ], [ -8.403804079031353, 40.101877919273463 ], [ -8.403390765352954, 40.101607001626085 ], [ -8.403202244171544, 40.101445967878909 ], [ -8.402828472987725, 40.101087959595652 ], [ -8.40273795053267, 40.100973974861965 ], [ -8.402714588312751, 40.100909639769888 ], [ -8.402710280049927, 40.100828053414048 ], [ -8.402735274163046, 40.10071397986389 ], [ -8.40282648882604, 40.100471417170048 ], [ -8.403052601020876, 40.100177922627701 ], [ -8.403251466083855, 40.099934297205898 ], [ -8.40327600069471, 40.099881373710076 ], [ -8.403287316968312, 40.099807047599967 ], [ -8.403264282690706, 40.09958843590767 ], [ -8.403251550040112, 40.099395647474154 ], [ -8.403284181148393, 40.099313979465499 ], [ -8.403330079485642, 40.099236779006851 ], [ -8.40339593397877, 40.099164847321177 ], [ -8.403561835793058, 40.099037205813914 ], [ -8.403665179189575, 40.098984635851409 ], [ -8.403628811504957, 40.098922761125166 ], [ -8.403250274630837, 40.098278372565325 ], [ -8.402799451416369, 40.097503479829193 ], [ -8.402489167433806, 40.096975380356326 ], [ -8.402490406357998, 40.096962136808813 ], [ -8.402496313229808, 40.096914843211628 ], [ -8.402512158827458, 40.096888687068677 ], [ -8.40252260422942, 40.096860475699167 ], [ -8.402554281352124, 40.096806096552008 ], [ -8.40256299133523, 40.09678328923146 ], [ -8.402563825197873, 40.096757440883472 ], [ -8.40255961562416, 40.096702243705757 ], [ -8.40254425440844, 40.096672201095423 ], [ -8.402377827218324, 40.096430236695049 ], [ -8.402260774608839, 40.096219142579891 ], [ -8.402105243908506, 40.096002823241392 ], [ -8.401976826655329, 40.095764464232879 ], [ -8.401880988809099, 40.095548548165787 ], [ -8.401754585094501, 40.095076572212314 ], [ -8.401616773189414, 40.09483436285749 ], [ -8.401489711007487, 40.094581139258452 ], [ -8.40138638462523, 40.094368300335724 ], [ -8.401271470508245, 40.094132701068851 ], [ -8.401127567926894, 40.09389077807193 ], [ -8.400997303721896, 40.093687005334971 ], [ -8.400888004286363, 40.093475619810768 ], [ -8.400875163165368, 40.093431161476971 ], [ -8.400858580415235, 40.093358340073486 ], [ -8.400807473758421, 40.093126825632588 ], [ -8.400802909703648, 40.093009760401792 ], [ -8.400796927565938, 40.092979694963127 ], [ -8.400778812986076, 40.092875898115473 ], [ -8.400792278663834, 40.092723035445189 ], [ -8.400804856974862, 40.092700762365396 ], [ -8.400829539945176, 40.092655946214485 ], [ -8.400862182310901, 40.092607145401182 ], [ -8.400887537414615, 40.09258484367848 ], [ -8.400923486269082, 40.092571881035042 ], [ -8.400938832835211, 40.092568690737423 ], [ -8.400938239882736, 40.092476653104235 ], [ -8.400938709367626, 40.092447746239586 ], [ -8.400943344323519, 40.091958528424819 ], [ -8.400931023975808, 40.091896687226438 ], [ -8.400789294808304, 40.091698884674173 ], [ -8.400757885357573, 40.091642940589757 ], [ -8.400741245437983, 40.091585615069683 ], [ -8.400684424432223, 40.09136167607587 ], [ -8.400604016720809, 40.091131400829042 ], [ -8.400508390598908, 40.090908368182198 ], [ -8.400490333343315, 40.090878597169016 ], [ -8.400318195635963, 40.090698607890388 ], [ -8.40029568693609, 40.090669930540734 ], [ -8.400283608854535, 40.090581069676979 ], [ -8.400283281854424, 40.090558016767723 ], [ -8.400280265772556, 40.0905357797037 ], [ -8.400273846977836, 40.090513280306283 ], [ -8.400126588253125, 40.090309544756558 ], [ -8.400012951287481, 40.090067817012844 ], [ -8.399942584003831, 40.08982535905951 ], [ -8.39991619933503, 40.089585593431053 ], [ -8.399893131414993, 40.089416242899368 ], [ -8.399839998934654, 40.08917239785692 ], [ -8.399772060537813, 40.088951005608131 ], [ -8.399673478269614, 40.088721043433218 ], [ -8.39956871437359, 40.088496948412335 ], [ -8.399497407813417, 40.088254850720851 ], [ -8.399435760473443, 40.088023091321752 ], [ -8.399352569329743, 40.087797682928212 ], [ -8.39927888042963, 40.087576037873191 ], [ -8.399223235268074, 40.08734903594403 ], [ -8.399117068183092, 40.087125305724669 ], [ -8.398986827527628, 40.086922702103024 ], [ -8.398970031871917, 40.08691508190946 ], [ -8.39895814669395, 40.086845047545815 ], [ -8.398958047187483, 40.086819467899247 ], [ -8.398974045056748, 40.086741980080234 ], [ -8.398986470402741, 40.086622349455226 ], [ -8.398926519308381, 40.086433368151603 ], [ -8.398813614055914, 40.086224776033838 ], [ -8.398701479856982, 40.086004120229667 ], [ -8.398682497295058, 40.085978588374623 ], [ -8.398665309243531, 40.085959534956132 ], [ -8.398619769341167, 40.085857963760418 ], [ -8.398597286918523, 40.085716532067437 ], [ -8.39863036609837, 40.085600729424577 ], [ -8.39864212539692, 40.085578453927077 ], [ -8.398482719186765, 40.085291804533647 ], [ -8.398198870138414, 40.084755161617103 ], [ -8.398237168561106, 40.084623408215329 ], [ -8.398498443519822, 40.084425482864809 ], [ -8.399350850775734, 40.083920890174269 ], [ -8.399916061803175, 40.083525030132371 ], [ -8.400952950264017, 40.083039721105521 ], [ -8.40158690777942, 40.082686745530275 ], [ -8.401963549137122, 40.082373444819169 ], [ -8.402493765449268, 40.081556088937432 ], [ -8.404932239606975, 40.078582617030705 ], [ -8.405549261035768, 40.077997481279901 ], [ -8.405620965888948, 40.07792805422438 ], [ -8.405628914797335, 40.077979276403397 ], [ -8.405806360560071, 40.078258943686834 ], [ -8.407481245029187, 40.079689703516742 ], [ -8.408417275485219, 40.080409932408998 ], [ -8.40893251271763, 40.080834230281603 ], [ -8.409707795799878, 40.080451235580533 ], [ -8.41065046644793, 40.080091429730864 ], [ -8.411383021258283, 40.079843351313194 ], [ -8.411724392762117, 40.080093339539211 ], [ -8.411759823355096, 40.080098295910098 ], [ -8.411820159123907, 40.080117243601116 ], [ -8.411932629148884, 40.080154710127459 ], [ -8.412128218087609, 40.080191426105877 ], [ -8.412453240164115, 40.08019874555788 ], [ -8.412758967603025, 40.080247265648332 ], [ -8.413058911903969, 40.080313811017191 ], [ -8.413364526361173, 40.080363140325531 ], [ -8.413657144990703, 40.080416466567058 ], [ -8.413960523867338, 40.080463636460934 ], [ -8.414278302313017, 40.080533199289256 ], [ -8.414308708143587, 40.080542671903984 ], [ -8.414384691899427, 40.080546175415236 ], [ -8.414406162984211, 40.080549726602648 ], [ -8.414474281254224, 40.080550732862491 ], [ -8.414609206918826, 40.08054616952456 ], [ -8.414646843643032, 40.080545806078469 ], [ -8.414721623423784, 40.080541930031785 ], [ -8.414755225170357, 40.080530589873256 ], [ -8.414787989901853, 40.080515291777999 ], [ -8.414887820245838, 40.080472899757027 ], [ -8.415084908828602, 40.080360111986153 ], [ -8.415148442462858, 40.080329787938254 ], [ -8.415186391464994, 40.08032131540547 ], [ -8.415225896690025, 40.080320050218504 ], [ -8.41541303125106, 40.080325263646792 ], [ -8.415442730030614, 40.080333565098854 ], [ -8.415711001939014, 40.080451970101429 ], [ -8.415909440581881, 40.080524157494267 ], [ -8.416067589250012, 40.08055043103279 ], [ -8.416364214521828, 40.08055167934657 ], [ -8.416666264540151, 40.08056111093309 ], [ -8.41729267904709, 40.080559838907007 ], [ -8.417516141912451, 40.080532091316385 ], [ -8.417796773034471, 40.080437643572715 ], [ -8.418035295556876, 40.080394276595705 ], [ -8.418011357160747, 40.080361373312215 ], [ -8.41832378930933, 40.079994236400438 ], [ -8.418619936759418, 40.079631550829298 ], [ -8.419169149101341, 40.07889566200754 ], [ -8.419628337921774, 40.078358667718952 ], [ -8.419888758536928, 40.077868001929509 ], [ -8.420352277607469, 40.077194642236677 ], [ -8.420498378206302, 40.076949674415197 ], [ -8.420552187742141, 40.076949540012365 ], [ -8.420637447977391, 40.076956890817385 ], [ -8.420690948563458, 40.076967477029363 ], [ -8.420771135886277, 40.076994295218405 ], [ -8.42120981572228, 40.077074518992731 ], [ -8.421442260505497, 40.077066916861213 ], [ -8.421745044369858, 40.077030674481257 ], [ -8.421775026761122, 40.077023839826921 ], [ -8.42183780064105, 40.07700909357392 ], [ -8.421872254663031, 40.077006486000933 ], [ -8.421907663070773, 40.077006396834399 ], [ -8.422258895396737, 40.077032535272686 ], [ -8.422287871396604, 40.077037233455009 ], [ -8.422313209649001, 40.077041674132225 ], [ -8.422350137440482, 40.077041581937962 ], [ -8.4223514168844, 40.07706661468692 ], [ -8.422610960950177, 40.077172595406942 ], [ -8.42274481753967, 40.077221788738413 ], [ -8.422854403362777, 40.077241779235102 ], [ -8.423096662324633, 40.077309615504603 ], [ -8.423165885528844, 40.077349067059281 ], [ -8.423268776864631, 40.077421396421933 ], [ -8.42346444108574, 40.077613717774845 ], [ -8.423598586206342, 40.077730189146386 ], [ -8.423810429485242, 40.077866457057709 ], [ -8.423834678253519, 40.077888639366492 ], [ -8.423858480637026, 40.077916674926584 ], [ -8.424256289329191, 40.077704028966707 ], [ -8.425110963684002, 40.077190238258957 ], [ -8.425853253154694, 40.076771825645913 ], [ -8.426898615304502, 40.076199356018691 ], [ -8.427488110102837, 40.075856166033944 ], [ -8.42850345677193, 40.075234133835636 ], [ -8.429377491402912, 40.074792578103207 ], [ -8.430049851407327, 40.074399450515351 ], [ -8.431303542650619, 40.073631782184947 ], [ -8.432026647885959, 40.073159617521256 ], [ -8.432602555916489, 40.072806074065291 ], [ -8.433261056467154, 40.072361088641834 ], [ -8.433731870184467, 40.071971071532587 ], [ -8.433901694319601, 40.07241246016541 ], [ -8.434268405256137, 40.073344881497142 ], [ -8.434747347916822, 40.07452089168028 ], [ -8.435138041282682, 40.075383089341784 ], [ -8.435642253734489, 40.076753198298377 ], [ -8.435846489994123, 40.077124424892375 ], [ -8.436181909900604, 40.077362741525469 ], [ -8.436626802538155, 40.077516112577314 ], [ -8.436824232734978, 40.077676259577615 ], [ -8.43721717516666, 40.078139570143563 ], [ -8.437630868705135, 40.078628493843453 ], [ -8.437822733434494, 40.078852324736062 ], [ -8.437922804711942, 40.079102516223479 ], [ -8.437969180855145, 40.07914345818989 ], [ -8.43798991411111, 40.079166462725247 ], [ -8.43801180712819, 40.079185316916671 ], [ -8.438135314587775, 40.079197958695232 ], [ -8.438218193276871, 40.079196028389923 ], [ -8.438258046625375, 40.079193939384567 ], [ -8.438296695155813, 40.07918563936267 ], [ -8.438416048164505, 40.079133811145645 ], [ -8.438443305469056, 40.079119960044288 ], [ -8.438499611739148, 40.079100716988272 ], [ -8.438528531804156, 40.079092713617044 ], [ -8.438571521959854, 40.079084226438781 ], [ -8.438631607259394, 40.079071908015088 ], [ -8.438756542828663, 40.079062574197017 ], [ -8.438787015865985, 40.07906051065919 ], [ -8.438883904836207, 40.079045029324789 ], [ -8.438912238009296, 40.079037934316474 ], [ -8.43901974972418, 40.078986765357108 ], [ -8.439083388377952, 40.07895480141687 ], [ -8.439113345722937, 40.078942834297472 ], [ -8.439218819975068, 40.078934180909563 ], [ -8.439262755120232, 40.078927576845345 ], [ -8.43933095096836, 40.078867146998931 ], [ -8.439335003014618, 40.078830303328878 ], [ -8.439407017259891, 40.078837137664976 ], [ -8.439618497620476, 40.0788852037956 ], [ -8.439910575153299, 40.078944408245647 ], [ -8.440026324570182, 40.078978411100358 ], [ -8.440196712717908, 40.079064953524259 ], [ -8.440390086838738, 40.079258067296486 ], [ -8.440549636552877, 40.07946252897657 ], [ -8.440727034391999, 40.079673424691158 ], [ -8.440903170877471, 40.07986406256142 ], [ -8.440951197838293, 40.079905809484572 ], [ -8.440985388490708, 40.079922919280406 ], [ -8.441007935406258, 40.079931056664186 ], [ -8.441029485718834, 40.080002686656094 ], [ -8.441106981004079, 40.080184851387017 ], [ -8.44125493454435, 40.080389700428995 ], [ -8.441297423194642, 40.080426419448017 ], [ -8.441324110366617, 40.08044319156361 ], [ -8.442636004135268, 40.08095139136568 ], [ -8.443709055175821, 40.081219220403646 ], [ -8.444283973571013, 40.081493523779912 ], [ -8.445529119747771, 40.081933695972864 ], [ -8.44676459035114, 40.082254013140364 ], [ -8.447629585074509, 40.082475997673605 ], [ -8.448675011975112, 40.082694320533321 ], [ -8.449525684124943, 40.082858597535726 ], [ -8.450213565459521, 40.0829355104756 ], [ -8.451010733450035, 40.083065339792761 ], [ -8.450017300681436, 40.087890406369219 ], [ -8.44981644965079, 40.090558342744274 ], [ -8.449795096682545, 40.091008429925573 ], [ -8.449697179472771, 40.093095737365879 ], [ -8.448218292111649, 40.095302284227699 ], [ -8.448193113042487, 40.095284609046935 ], [ -8.447994431772681, 40.095226348067712 ], [ -8.447697892336613, 40.095156819439602 ], [ -8.447402243300626, 40.095075763522253 ], [ -8.447104536605242, 40.09500560791831 ], [ -8.446803897427277, 40.094987243247687 ], [ -8.446703260831583, 40.094983283810429 ], [ -8.446098202895747, 40.09498916213019 ], [ -8.446076742169874, 40.094989221016888 ], [ -8.430815747310614, 40.096135519878551 ], [ -8.433618000432929, 40.103295701346909 ], [ -8.433707945194326, 40.103532234326096 ], [ -8.433846816726978, 40.103747114922378 ], [ -8.434005693295193, 40.103949331351792 ], [ -8.434199733014662, 40.104147495309348 ], [ -8.434408854461639, 40.104309054381865 ], [ -8.434665757699726, 40.104452210073724 ], [ -8.434899135002571, 40.104607579206586 ], [ -8.435107474318785, 40.10477643571209 ], [ -8.4353123975581, 40.104941969425219 ], [ -8.435554385007194, 40.10513324694891 ], [ -8.435768691446153, 40.105324328815499 ], [ -8.435965478680764, 40.105504743435212 ], [ -8.436161586086236, 40.105691098057228 ], [ -8.436195521052563, 40.105699745095698 ], [ -8.436183302211186, 40.106036962166854 ], [ -8.438408079868227, 40.112454469919484 ], [ -8.439313066794089, 40.11519490755105 ], [ -8.439550425059767, 40.115260467556674 ], [ -8.439702164212571, 40.115328147714585 ], [ -8.439932918078709, 40.115488199124378 ], [ -8.440211697370465, 40.115711792429217 ], [ -8.440544391591789, 40.11605511355728 ], [ -8.440734507063622, 40.116229050383239 ], [ -8.44082357981908, 40.116341927265005 ], [ -8.440973704953995, 40.116621068089131 ], [ -8.441033000728437, 40.11676302055011 ], [ -8.441155650694423, 40.116907868328553 ], [ -8.441361565606622, 40.117150480507888 ], [ -8.441549560443727, 40.11742510590777 ], [ -8.441699732901036, 40.117687316140916 ], [ -8.441764938456441, 40.117865546602921 ], [ -8.441818010655734, 40.118030393137026 ], [ -8.441857437808192, 40.118214908180214 ], [ -8.441876862931364, 40.118332201770507 ], [ -8.441937813368083, 40.118605008171933 ], [ -8.4419570461336, 40.118810924810795 ], [ -8.441944630409832, 40.118995306054465 ], [ -8.44190220084992, 40.119054857828004 ], [ -8.441978256451009, 40.119064201373185 ], [ -8.442084583128823, 40.119073734295327 ], [ -8.442120364644806, 40.119074810511798 ], [ -8.442346596899535, 40.119088520803714 ], [ -8.44265748268147, 40.119092728257854 ], [ -8.442773450858146, 40.119107905850164 ], [ -8.442888076815404, 40.119137501004367 ], [ -8.442930831276996, 40.119149453766937 ], [ -8.443063582835219, 40.11924392804584 ], [ -8.443264113492766, 40.119434222734064 ], [ -8.443285655977201, 40.119450464983309 ], [ -8.443388270581442, 40.119521155519521 ], [ -8.443411205898405, 40.119535145217938 ], [ -8.443433101541315, 40.119551385592608 ], [ -8.443548713682015, 40.119667338584932 ], [ -8.443680380421004, 40.119883938072292 ], [ -8.443699054243123, 40.119913694217793 ], [ -8.443811952397807, 40.120000928714148 ], [ -8.443879283649691, 40.120051721061785 ], [ -8.44392673320144, 40.120089864681226 ], [ -8.443947344054505, 40.120107015307873 ], [ -8.444206414316234, 40.12039981676984 ] ] ] } }
]
}
