{
"type": "FeatureCollection",
"name": "CAOP_Albergaria-a-Velha_freg",
"crs": { "type": "name", "properties": { "name": "urn:ogc:def:crs:OGC:1.3:CRS84" } },
"features": [
{ "type": "Feature", "properties": { "dtmnfr": "010202", "freguesia": "Alquerubim", "municipio": "Albergaria-a-Velha", "distrito_i": "Aveiro", "nuts3_cod": "191", "nuts3": "Região de Aveiro", "nuts2": "Centro", "nuts1": "Continente", "area_ha": 1535.86, "perimetro_": 17, "designacao": "Alquerubim" }, "geometry": { "type": "Polygon", "coordinates": [ [ [ -8.520503814539646, 40.609473894414265 ], [ -8.52084770817965, 40.609340721299411 ], [ -8.521899918905522, 40.609318890095629 ], [ -8.522915266476456, 40.60936074514013 ], [ -8.523428229203123, 40.609364948117886 ], [ -8.525507745435746, 40.609409380220676 ], [ -8.527235460780188, 40.60946650615805 ], [ -8.527733405824922, 40.609469029366785 ], [ -8.526403239754655, 40.613052758056575 ], [ -8.526060879253675, 40.613448980960889 ], [ -8.524574599725337, 40.615468675707909 ], [ -8.524433690347019, 40.615681314959126 ], [ -8.525059584428408, 40.616074596737242 ], [ -8.525376864764931, 40.616273878158673 ], [ -8.525406874433973, 40.616292595305865 ], [ -8.525444595283272, 40.616316423719702 ], [ -8.525404320786818, 40.616339884002095 ], [ -8.525381939799098, 40.616353194967857 ], [ -8.52534178514324, 40.61637674577387 ], [ -8.524280320676525, 40.616913824783396 ], [ -8.523391439665195, 40.618089673082416 ], [ -8.523498312003868, 40.618339289072487 ], [ -8.520598446828146, 40.624697513879724 ], [ -8.520524001705793, 40.625045092964768 ], [ -8.520500462222664, 40.625102804248797 ], [ -8.520493679651457, 40.625135786899335 ], [ -8.520457827050892, 40.62533176735321 ], [ -8.520395406840287, 40.625492628391008 ], [ -8.520392499526992, 40.625521094542343 ], [ -8.520383982343784, 40.625702303930794 ], [ -8.520314741877623, 40.625929646087073 ], [ -8.520258006600546, 40.626031503982709 ], [ -8.520198624459523, 40.626266556571835 ], [ -8.52019878511407, 40.626294382068359 ], [ -8.520206295558342, 40.626345865677223 ], [ -8.520217008545222, 40.626399318791698 ], [ -8.520217156225124, 40.626424895735319 ], [ -8.520212882018054, 40.626523693383319 ], [ -8.520212756781014, 40.626543147712709 ], [ -8.520213627576277, 40.626775023000533 ], [ -8.518352737195675, 40.629439129028562 ], [ -8.515181962930443, 40.636360659881817 ], [ -8.515262896050517, 40.636580474045878 ], [ -8.515361323927582, 40.636800774150082 ], [ -8.515523684893292, 40.637017524251355 ], [ -8.515651072078631, 40.637236554815694 ], [ -8.515766397755982, 40.637455354141437 ], [ -8.515862889630643, 40.637687812676248 ], [ -8.515870106975093, 40.637915168449567 ], [ -8.515816625371455, 40.638153977346548 ], [ -8.515734801683607, 40.638375958500895 ], [ -8.515620562505879, 40.638594440392616 ], [ -8.515548013302279, 40.638827103229794 ], [ -8.515461347735114, 40.639071161067129 ], [ -8.515471861375184, 40.639318491972411 ], [ -8.515505058239667, 40.639581598656228 ], [ -8.515568005236219, 40.639819215819365 ], [ -8.51567881181853, 40.640052435664579 ], [ -8.515576505215144, 40.646699863899357 ], [ -8.515869202245252, 40.651348737197601 ], [ -8.515684304371135, 40.651496226637271 ], [ -8.51512071069464, 40.651955646885874 ], [ -8.514908633554837, 40.652168599670013 ], [ -8.514905511527388, 40.652201479689936 ], [ -8.51475146228662, 40.652451340618839 ], [ -8.514103220565309, 40.65338965831468 ], [ -8.513875211916478, 40.653691541628277 ], [ -8.513657241369003, 40.653805366622215 ], [ -8.513347980960148, 40.653939214019047 ], [ -8.512627382087834, 40.654344842308404 ], [ -8.511874267371113, 40.654773629520051 ], [ -8.51121882185163, 40.655120589153682 ], [ -8.510698981253331, 40.655403076026843 ], [ -8.510567912896969, 40.655476445318719 ], [ -8.510563676892184, 40.655458721730511 ], [ -8.510184465694691, 40.655499315857327 ], [ -8.508524393976257, 40.655672517778697 ], [ -8.507984249594411, 40.655733623709899 ], [ -8.507599158019543, 40.655820427535524 ], [ -8.507254494407876, 40.655907099091543 ], [ -8.506979190263346, 40.655942937054668 ], [ -8.506661142908923, 40.655946492319899 ], [ -8.506369678272719, 40.655925736943168 ], [ -8.506071685305567, 40.655964167522704 ], [ -8.505630000185578, 40.656039349018343 ], [ -8.505057835999921, 40.656147553215952 ], [ -8.504000536307094, 40.656363671804506 ], [ -8.503035582308049, 40.656560121145461 ], [ -8.50262833308228, 40.656684347125051 ], [ -8.502371476451311, 40.656742265023354 ], [ -8.502101542973955, 40.656788431000919 ], [ -8.501691150802761, 40.656815682812052 ], [ -8.501334996940161, 40.656858157213939 ], [ -8.501121438098611, 40.656855509730924 ], [ -8.50069571383745, 40.656804193754489 ], [ -8.500276886819782, 40.656781666237542 ], [ -8.499897896336263, 40.656777205564936 ], [ -8.499370980638609, 40.656794375035268 ], [ -8.498982551061493, 40.656817043182443 ], [ -8.498265703015274, 40.656871103594533 ], [ -8.497620925972313, 40.656915293864202 ], [ -8.497240222272392, 40.656922714868124 ], [ -8.497219460318769, 40.656910443288652 ], [ -8.4971911079436, 40.656893333760351 ], [ -8.497083929980031, 40.656819653850995 ], [ -8.496829044285407, 40.656698893827304 ], [ -8.496527327264028, 40.656597457094939 ], [ -8.496234292674325, 40.656527429232668 ], [ -8.495955286184763, 40.656448705301742 ], [ -8.495759442701095, 40.656378090727273 ], [ -8.495511272867335, 40.656250825684914 ], [ -8.495307555110927, 40.656166820086099 ], [ -8.495274308057837, 40.656163231356025 ], [ -8.495242501063265, 40.65616333201136 ], [ -8.495137534772779, 40.656168976888303 ], [ -8.495097177829505, 40.656183781797822 ], [ -8.495012324046884, 40.656213586453418 ], [ -8.494925564327559, 40.656241682438711 ], [ -8.494645089975194, 40.656350087782378 ], [ -8.494583426129397, 40.656360455747127 ], [ -8.494514193392416, 40.656371029272364 ], [ -8.494448108539439, 40.656373759328744 ], [ -8.494380809966135, 40.656370910854278 ], [ -8.494344244400342, 40.656364811698523 ], [ -8.494032840444005, 40.656352284040068 ], [ -8.493804304764776, 40.65635696220059 ], [ -8.493767444620474, 40.656363559237981 ], [ -8.493478960868798, 40.656434257902951 ], [ -8.493188305129415, 40.656518735091034 ], [ -8.49291494926074, 40.656609644049468 ], [ -8.492587924342072, 40.656661002253884 ], [ -8.492271312273489, 40.656690448241157 ], [ -8.491964284165963, 40.656721755557641 ], [ -8.491657962512427, 40.656730909005304 ], [ -8.491347426829348, 40.656747633633977 ], [ -8.4910334696552, 40.656765810657625 ], [ -8.490731095053061, 40.656782784789989 ], [ -8.490419317843285, 40.656788525389921 ], [ -8.489785177344423, 40.656788784833246 ], [ -8.489461071642408, 40.656788713884609 ], [ -8.489143738300868, 40.656816981953973 ], [ -8.489006330956434, 40.656837938176459 ], [ -8.488686025936955, 40.656840640431284 ], [ -8.488357952241703, 40.656850929120935 ], [ -8.488058280343877, 40.656864465984334 ], [ -8.487760885237055, 40.65688483358575 ], [ -8.487431541919378, 40.656900170027235 ], [ -8.487112227449954, 40.656911601670679 ], [ -8.486809766700222, 40.656913700103502 ], [ -8.48649131990574, 40.656932961850011 ], [ -8.486207109987919, 40.656964184027501 ], [ -8.485890006713037, 40.657013877403855 ], [ -8.485851621288258, 40.657021830048343 ], [ -8.485561259167847, 40.65707566784581 ], [ -8.485240062498759, 40.657133473862075 ], [ -8.484945400796928, 40.657201644107147 ], [ -8.484876444925783, 40.657220136440834 ], [ -8.484580858317232, 40.657337299271646 ], [ -8.484538454627208, 40.657345264610782 ], [ -8.484495077306084, 40.657349086027217 ], [ -8.484463030853494, 40.657349183542031 ], [ -8.484205874076125, 40.657353572288862 ], [ -8.484175052338028, 40.657360152406973 ], [ -8.483880939508683, 40.657398509430706 ], [ -8.483573167316537, 40.6574467245741 ], [ -8.483269429164711, 40.65747547734901 ], [ -8.482975928721229, 40.657540036087475 ], [ -8.482913922737954, 40.657553374158439 ], [ -8.482629136371317, 40.657634475086034 ], [ -8.482454148713908, 40.657659232069975 ], [ -8.482133943970695, 40.657660204872556 ], [ -8.481805863542263, 40.657669035948111 ], [ -8.48149997364535, 40.657693649100239 ], [ -8.481189862302495, 40.657703053669096 ], [ -8.481177449425367, 40.65770362959406 ], [ -8.481087424992223, 40.657559822180097 ], [ -8.480934202299983, 40.657360734271791 ], [ -8.48079032155839, 40.657161350571492 ], [ -8.480651881308999, 40.656962035858491 ], [ -8.480512026075617, 40.656762639679869 ], [ -8.480363406601157, 40.656538230865898 ], [ -8.480237133512462, 40.656313753775507 ], [ -8.480120678915323, 40.656089253335296 ], [ -8.480007773492206, 40.655864735802169 ], [ -8.479782784835992, 40.655415794262815 ], [ -8.479644100647281, 40.655191359139081 ], [ -8.479497293887633, 40.654995671034257 ], [ -8.479480370905495, 40.654969787863493 ], [ -8.479459904215661, 40.654944814933792 ], [ -8.479402342765212, 40.654881410303453 ], [ -8.479244875620601, 40.654682065324764 ], [ -8.479091771970831, 40.654457668225064 ], [ -8.478960188769195, 40.654233210961749 ], [ -8.478833455124379, 40.654008915520436 ], [ -8.478720669893772, 40.653784397180118 ], [ -8.478620070011502, 40.653560117818408 ], [ -8.478534487827313, 40.653335516978785 ], [ -8.478442040226057, 40.653110935697612 ], [ -8.478344156792396, 40.652886377788889 ], [ -8.478266378775848, 40.652661752489401 ], [ -8.478179725177705, 40.652436887999315 ], [ -8.478032545061698, 40.652212833704439 ], [ -8.477893167570173, 40.651988398410715 ], [ -8.477788434764454, 40.651763855031064 ], [ -8.477692683692347, 40.651539283844755 ], [ -8.477626846319591, 40.651314628729523 ], [ -8.47757047153568, 40.651089938136991 ], [ -8.477496714624179, 40.650865305652282 ], [ -8.47747743567543, 40.650794765412698 ], [ -8.477463010207728, 40.650749511587151 ], [ -8.477373071021542, 40.650528258272708 ], [ -8.477362025726277, 40.650403121302602 ], [ -8.477353738095946, 40.650378378221617 ], [ -8.477228313296571, 40.65015390135283 ], [ -8.477064361090308, 40.649954568041274 ], [ -8.476905142654573, 40.649755224898236 ], [ -8.476759632035691, 40.649555926283846 ], [ -8.476613417173793, 40.649356539521598 ], [ -8.476468276900341, 40.649159493414437 ], [ -8.476461891987448, 40.649135651425681 ], [ -8.47645722645461, 40.649079110188431 ], [ -8.476467071127651, 40.648879261803877 ], [ -8.476488450589413, 40.648829396990905 ], [ -8.476612845904294, 40.648603899797514 ], [ -8.476778514346208, 40.648403041129754 ], [ -8.476969008664971, 40.648202379351439 ], [ -8.477171208727452, 40.648001682376645 ], [ -8.477353421078142, 40.647800773573032 ], [ -8.477454207042568, 40.647650447973028 ], [ -8.477480324716385, 40.647625335736791 ], [ -8.477695174965813, 40.647449362499472 ], [ -8.477923864819308, 40.647273346633618 ], [ -8.478121221924443, 40.647097783233896 ], [ -8.478321873358702, 40.646896822287125 ], [ -8.47853009274831, 40.646696371454489 ], [ -8.478732521237768, 40.646495671920619 ], [ -8.478908345623607, 40.646295045391781 ], [ -8.47908168372717, 40.646094165789059 ], [ -8.479264481222083, 40.645893518715162 ], [ -8.479454603729931, 40.645692582824111 ], [ -8.479602423077882, 40.645517708429828 ], [ -8.479622833899089, 40.645486941371445 ], [ -8.479642922151699, 40.64546238523959 ], [ -8.479836600313986, 40.64528647239856 ], [ -8.480042928892329, 40.645110610374509 ], [ -8.480233771674271, 40.644934795428846 ], [ -8.48041917715063, 40.644758905564522 ], [ -8.48059333474432, 40.644558559692832 ], [ -8.480763115482484, 40.644357682817343 ], [ -8.480941769070226, 40.64415705001651 ], [ -8.48112987189306, 40.643956117401089 ], [ -8.481328738921544, 40.643755423070971 ], [ -8.481514011779094, 40.64357953271999 ], [ -8.481710747859037, 40.643378929699573 ], [ -8.481864565757775, 40.643178909822048 ], [ -8.481887091867847, 40.64312310249526 ], [ -8.481924216256031, 40.643078507530774 ], [ -8.481947348223882, 40.643049166354523 ], [ -8.482138523564663, 40.642870734805854 ], [ -8.482342204337861, 40.64268866755301 ], [ -8.4825357330371, 40.642508518139138 ], [ -8.482635464957474, 40.642388086453622 ], [ -8.482636354391706, 40.642354852882868 ], [ -8.482626882642974, 40.642305895226215 ], [ -8.482614570950977, 40.642280898115423 ], [ -8.482473889479161, 40.642055391285069 ], [ -8.482444956538535, 40.641925443247004 ], [ -8.482417979753592, 40.641875457000779 ], [ -8.482322736952915, 40.641725722507154 ], [ -8.48218431312905, 40.641501556547034 ], [ -8.482085672970257, 40.641356426555099 ], [ -8.482056059526071, 40.641301044183066 ], [ -8.482055222471917, 40.641276285191282 ], [ -8.482043719138975, 40.641201217716514 ], [ -8.482005187589905, 40.640976474986516 ], [ -8.481975163036976, 40.640751708336587 ], [ -8.481917836908966, 40.640526756683151 ], [ -8.481873867436308, 40.640301854706308 ], [ -8.481827061111408, 40.640077409727716 ], [ -8.481792664875471, 40.639852655294717 ], [ -8.481746922482962, 40.639649909523634 ], [ -8.481743955809151, 40.639625694560564 ], [ -8.481712279953216, 40.639400665319585 ], [ -8.481674931562042, 40.63917592513905 ], [ -8.481633680525304, 40.638951281364292 ], [ -8.481589630293989, 40.638801391673937 ], [ -8.481583268180525, 40.638601586017316 ], [ -8.481590708228184, 40.638576530077223 ], [ -8.481673572155179, 40.638351152389262 ], [ -8.481717561557524, 40.638172358703166 ], [ -8.481736099099063, 40.638146366932666 ], [ -8.481759393908277, 40.638124322174001 ], [ -8.481788845683099, 40.638104874824755 ], [ -8.481823620359407, 40.638086760370456 ], [ -8.481861010877159, 40.63807088569812 ], [ -8.481889096770896, 40.638061793898956 ], [ -8.482038222776479, 40.638029014829208 ], [ -8.482068771827787, 40.638016227023414 ], [ -8.482362164424867, 40.637901597504353 ], [ -8.482523338151683, 40.637844824898799 ], [ -8.482560384546023, 40.637831476993078 ], [ -8.482836284053644, 40.637739775952653 ], [ -8.482879035152981, 40.637732082129119 ], [ -8.482963328890442, 40.637712105455122 ], [ -8.483000376783318, 40.637697943335596 ], [ -8.483064812006621, 40.637677482840466 ], [ -8.483124145624981, 40.637654160617629 ], [ -8.48315138629961, 40.637641738256804 ], [ -8.483162830270292, 40.637637205482186 ], [ -8.4831601760275, 40.637627396083317 ], [ -8.483162049197274, 40.637600373972553 ], [ -8.48319112259856, 40.637464939823921 ], [ -8.483308854334517, 40.637239364269092 ], [ -8.483406256351723, 40.637013942107195 ], [ -8.483486802749367, 40.636797663525172 ], [ -8.483518270185147, 40.636644389057217 ], [ -8.483505798941747, 40.636587606019617 ], [ -8.483439786374831, 40.636465968021604 ], [ -8.483324904567198, 40.63633376563245 ], [ -8.483297497864687, 40.636314757762172 ], [ -8.483267151076555, 40.63629819019841 ], [ -8.483105649476849, 40.636225024608528 ], [ -8.482977116977514, 40.63614967871721 ], [ -8.482952413494335, 40.636126974953477 ], [ -8.482931234044301, 40.636101370747255 ], [ -8.482894762355132, 40.636044122727569 ], [ -8.482883487645699, 40.636012636045209 ], [ -8.482881946981648, 40.635989680204105 ], [ -8.482891854498318, 40.635849800649623 ], [ -8.482900952367315, 40.635826359624701 ], [ -8.483011660896645, 40.635614402505588 ], [ -8.483034904206033, 40.635516178311619 ], [ -8.483034773028152, 40.635491053354308 ], [ -8.48302882291715, 40.635415969075865 ], [ -8.483019829438151, 40.635391234779952 ], [ -8.482884921057146, 40.635181736295436 ], [ -8.482872389472311, 40.63515898934029 ], [ -8.482863012797255, 40.635129214190492 ], [ -8.482842442858884, 40.634881003630987 ], [ -8.482858232512427, 40.634780819091397 ], [ -8.482878518974765, 40.634705836338739 ], [ -8.482958779303871, 40.634480465473082 ], [ -8.483027578573683, 40.634255215720579 ], [ -8.483064742710599, 40.634130112971917 ], [ -8.483065444155708, 40.634105077338383 ], [ -8.483033892806393, 40.633905353335081 ], [ -8.482987151738641, 40.633805359115179 ], [ -8.482936746283313, 40.633705552476236 ], [ -8.482862641075819, 40.633480923796704 ], [ -8.482762170822157, 40.633256461337773 ], [ -8.482633541668491, 40.633048297844759 ], [ -8.482611107301182, 40.633029812359453 ], [ -8.482376071854144, 40.632885817306153 ], [ -8.482165371046591, 40.632715360326863 ], [ -8.482085979092856, 40.632609522780399 ], [ -8.48207650975985, 40.632584516979058 ], [ -8.4820584294617, 40.632359712126593 ], [ -8.482042841131713, 40.632136073108917 ], [ -8.482051495549385, 40.631938476774828 ], [ -8.482076308049505, 40.631913910395696 ], [ -8.482195298431087, 40.631793148734197 ], [ -8.482327063203751, 40.631698196808721 ], [ -8.482354186934584, 40.631686223437534 ], [ -8.482582392780426, 40.631543794152144 ], [ -8.482648752090199, 40.631485865572714 ], [ -8.482672528126706, 40.631466615261381 ], [ -8.482694836885749, 40.631438448848293 ], [ -8.48284965657357, 40.631230951741564 ], [ -8.482885326051061, 40.631158533860329 ], [ -8.48285699738897, 40.631143398187454 ], [ -8.482827054379857, 40.631136465718924 ], [ -8.482542046669256, 40.631040260608465 ], [ -8.482267849899515, 40.630931049233546 ], [ -8.482030099157683, 40.630785441590795 ], [ -8.482005290308027, 40.630764986514684 ], [ -8.481989113092713, 40.630745582378417 ], [ -8.481964110392193, 40.630710812330989 ], [ -8.482020324113476, 40.630679392706689 ], [ -8.48204816202991, 40.63066912823377 ], [ -8.482291597689134, 40.630568523108266 ], [ -8.482364096463652, 40.630508961489952 ], [ -8.482381806643938, 40.630482972086028 ], [ -8.482484448959161, 40.630267080097227 ], [ -8.482517768665545, 40.630173594582033 ], [ -8.48246871234346, 40.630150329499983 ], [ -8.482204633969245, 40.630076840647902 ], [ -8.482063363040442, 40.630072766800502 ], [ -8.481713931850409, 40.630042312043855 ], [ -8.481389724597285, 40.630020781750943 ], [ -8.481148825772763, 40.629971982145371 ], [ -8.481068829637664, 40.62993143058911 ], [ -8.480839713829594, 40.629762199047953 ], [ -8.480822915361822, 40.629737759111563 ], [ -8.480766402808444, 40.629666159682778 ], [ -8.480708146406201, 40.628989241053361 ], [ -8.480800624256668, 40.628727001656337 ], [ -8.48127920606032, 40.627370558412174 ], [ -8.48161049803625, 40.626512179132817 ], [ -8.481976407742499, 40.625945457166701 ], [ -8.482442215014968, 40.625340972951605 ], [ -8.482889981915774, 40.624723569455867 ], [ -8.483313565686975, 40.623845992661863 ], [ -8.483656758558411, 40.622943353615341 ], [ -8.484039663854459, 40.622155679231646 ], [ -8.484682784408763, 40.621050589620921 ], [ -8.485206723074533, 40.620231773984003 ], [ -8.485935456910166, 40.61959161324598 ], [ -8.487082501885977, 40.618813916882715 ], [ -8.488559055106998, 40.61764779319774 ], [ -8.489512742328042, 40.617009977101823 ], [ -8.490760442929034, 40.616332154084532 ], [ -8.490777170872152, 40.616321389685503 ], [ -8.49185116471739, 40.615627439299722 ], [ -8.492800734897473, 40.615068677141331 ], [ -8.493764771590712, 40.614632867756249 ], [ -8.494644939834584, 40.614226580705648 ], [ -8.495656277489511, 40.613649681245739 ], [ -8.497191604627472, 40.61290811714327 ], [ -8.497952155030605, 40.612504348478168 ], [ -8.49812162519021, 40.612291378211168 ], [ -8.498244717538499, 40.611788139729342 ], [ -8.498429777365372, 40.61135981129344 ], [ -8.498656585041726, 40.61100248801953 ], [ -8.49907315177783, 40.610600433112353 ], [ -8.499193047901842, 40.610249118933766 ], [ -8.499327687072906, 40.609591320188954 ], [ -8.499577944323441, 40.609288400429193 ], [ -8.500005514079039, 40.608936376167961 ], [ -8.500638577854525, 40.608521557877374 ], [ -8.501431620721217, 40.608237337555984 ], [ -8.502083741864281, 40.608066940481351 ], [ -8.502567621628787, 40.608071329026686 ], [ -8.503332418589244, 40.608278777377436 ], [ -8.504162720688681, 40.608746616776955 ], [ -8.505370747163647, 40.60950445490203 ], [ -8.50622210530576, 40.610247139863397 ], [ -8.506983651997881, 40.610730579779691 ], [ -8.507573119168168, 40.610996292547469 ], [ -8.508038463658206, 40.611127061403408 ], [ -8.508398864313895, 40.61121089114247 ], [ -8.509424555203017, 40.611301192743397 ], [ -8.50994608249237, 40.611293627244549 ], [ -8.510230242775501, 40.611268742296886 ], [ -8.510396151009909, 40.611248478143139 ], [ -8.51061156901571, 40.611166725531326 ], [ -8.511022420953573, 40.610956904032911 ], [ -8.511729994880053, 40.610543491419939 ], [ -8.512269216393648, 40.610344142702473 ], [ -8.514087447358833, 40.610234033126552 ], [ -8.516011269625753, 40.610157308178707 ], [ -8.517767210356277, 40.61004590903643 ], [ -8.51845649770134, 40.61003432160922 ], [ -8.518662115064313, 40.609996441175483 ], [ -8.519049167398194, 40.60986628206863 ], [ -8.519882149639434, 40.609714354001966 ], [ -8.520503814539646, 40.609473894414265 ] ] ] } },
{ "type": "Feature", "properties": { "dtmnfr": "010203", "freguesia": "Angeja", "municipio": "Albergaria-a-Velha", "distrito_i": "Aveiro", "nuts3_cod": "191", "nuts3": "Região de Aveiro", "nuts2": "Centro", "nuts1": "Continente", "area_ha": 2125.17, "perimetro_": 37, "designacao": "Angeja" }, "geometry": { "type": "Polygon", "coordinates": [ [ [ -8.606468198644828, 40.723787743253069 ], [ -8.606412237180484, 40.723790495033853 ], [ -8.60626193953482, 40.723777246173583 ], [ -8.606216531942083, 40.723766714514326 ], [ -8.606168058874941, 40.723757368754569 ], [ -8.606049086721233, 40.723738857470849 ], [ -8.605906757529857, 40.723713242220661 ], [ -8.605777019560501, 40.723694775652412 ], [ -8.605678739377817, 40.723673023894719 ], [ -8.605542485268172, 40.723636755595734 ], [ -8.605393753834429, 40.723593332368075 ], [ -8.60522629348079, 40.723546473593082 ], [ -8.605089980686445, 40.723501826725233 ], [ -8.604810417846648, 40.723402391481187 ], [ -8.604614605232179, 40.723329442154558 ], [ -8.603852237805507, 40.723010731283495 ], [ -8.604251462856114, 40.721455660957126 ], [ -8.604416774886642, 40.720982494169419 ], [ -8.604431206781991, 40.720797653890671 ], [ -8.604414584352664, 40.720673273184886 ], [ -8.60443510800847, 40.720596824952658 ], [ -8.60449233425512, 40.72048817344627 ], [ -8.604607046207828, 40.720290945992971 ], [ -8.604737571420909, 40.720105000147534 ], [ -8.60500874949523, 40.719674078255778 ], [ -8.605265003770489, 40.719359836375467 ], [ -8.605584202429426, 40.71899301797302 ], [ -8.605841245453323, 40.71878934702135 ], [ -8.606250225752555, 40.718450251127379 ], [ -8.606626621286546, 40.718171892198008 ], [ -8.606870538204262, 40.718021587064044 ], [ -8.60700399628618, 40.71796583660997 ], [ -8.607137667278606, 40.717939799028045 ], [ -8.607305037108755, 40.717943341266782 ], [ -8.607561527421103, 40.717946514295825 ], [ -8.607762185129884, 40.717937222855063 ], [ -8.60797367042205, 40.717870075126179 ], [ -8.608307033117681, 40.717698865692313 ], [ -8.60859576897737, 40.71752774547253 ], [ -8.608689991900052, 40.717446674938778 ], [ -8.608828431754148, 40.717310214964655 ], [ -8.608949998493216, 40.717148434689925 ], [ -8.609077255172235, 40.717003467531001 ], [ -8.609214850089941, 40.716748147743907 ], [ -8.609379515993071, 40.716390785425361 ], [ -8.609468348859192, 40.716102799017101 ], [ -8.609575574446731, 40.715888308638185 ], [ -8.609618886917765, 40.715722529083045 ], [ -8.60960144328055, 40.715616428134226 ], [ -8.609616942146184, 40.715450764278124 ], [ -8.609636693312659, 40.715085442139937 ], [ -8.60964559587741, 40.714775455678861 ], [ -8.6096379072996, 40.714478238394015 ], [ -8.609620204742619, 40.714335943651484 ], [ -8.609601426480992, 40.714060017701058 ], [ -8.609582583879064, 40.71375860864547 ], [ -8.609486361024645, 40.713559373103102 ], [ -8.60931155760707, 40.713292645623383 ], [ -8.609208266615356, 40.713180334904528 ], [ -8.609050847573467, 40.713011154428081 ], [ -8.608860144234038, 40.712854807114383 ], [ -8.608473605143804, 40.712601655968925 ], [ -8.608081961792044, 40.712412188343812 ], [ -8.607835405193233, 40.712256070013346 ], [ -8.607499535118324, 40.71207069794076 ], [ -8.607175122244325, 40.711932189589604 ], [ -8.60694950614857, 40.711824425065771 ], [ -8.606735602918638, 40.711715806991386 ], [ -8.606611300469837, 40.711659679717798 ], [ -8.60647451979294, 40.711596126593008 ], [ -8.60633031379184, 40.71153629761227 ], [ -8.60616644917128, 40.711491679282297 ], [ -8.605980380918869, 40.711452818547095 ], [ -8.605694918332645, 40.711399244995647 ], [ -8.605429566846599, 40.711360713321028 ], [ -8.605321734014044, 40.711340536531459 ], [ -8.60519751420841, 40.711312766968923 ], [ -8.605073375209795, 40.711279331870273 ], [ -8.604922004164967, 40.711244110580267 ], [ -8.604832607887317, 40.711219896660367 ], [ -8.604748177709629, 40.711195747929274 ], [ -8.604666165329924, 40.711162043014653 ], [ -8.604569250330037, 40.711128495260105 ], [ -8.604479753330786, 40.711091133215291 ], [ -8.60440018809788, 40.711051833190957 ], [ -8.604328122963816, 40.711018182876877 ], [ -8.604228567150829, 40.710963838563664 ], [ -8.604131391171572, 40.710894358683433 ], [ -8.604046707989589, 40.710834373101015 ], [ -8.603962137970148, 40.710789422714008 ], [ -8.603908283078079, 40.710754706402412 ], [ -8.603833685198312, 40.710715391128488 ], [ -8.603771426904176, 40.710679803111482 ], [ -8.603674636962197, 40.710648055100108 ], [ -8.603602506309571, 40.71062196342978 ], [ -8.603465944043423, 40.710588572725904 ], [ -8.603287291613249, 40.710544011448185 ], [ -8.603121078683827, 40.710518217085159 ], [ -8.602926474211518, 40.710492806385695 ], [ -8.602767628487708, 40.710470761846707 ], [ -8.602596297451818, 40.710424367801124 ], [ -8.602459748720795, 40.710392775957601 ], [ -8.602365499738937, 40.710368665398541 ], [ -8.602320732607039, 40.710346160060588 ], [ -8.602255902483888, 40.710299234419914 ], [ -8.602206003164966, 40.710254146333611 ], [ -8.602131359655241, 40.710207262300344 ], [ -8.60208641374996, 40.710160261175524 ], [ -8.602063929689992, 40.71012640259945 ], [ -8.601876424894682, 40.710135273204045 ], [ -8.601808850442474, 40.710151218165109 ], [ -8.601778765144497, 40.710181597260842 ], [ -8.601715998068562, 40.710224625131211 ], [ -8.601653190692788, 40.71026225280589 ], [ -8.601548299031776, 40.710307076063025 ], [ -8.601476091925051, 40.710337627799227 ], [ -8.601392218122163, 40.71037533629962 ], [ -8.601301230315553, 40.71039353895025 ], [ -8.601196169082222, 40.710397479675507 ], [ -8.601100396725975, 40.71040858218074 ], [ -8.600995449991004, 40.710428547635345 ], [ -8.600913804642202, 40.710446713915168 ], [ -8.600850921601191, 40.710473622755764 ], [ -8.600764755537035, 40.710522058791696 ], [ -8.60070173569291, 40.710529429861531 ], [ -8.600589430711501, 40.710512059223099 ], [ -8.600470280007158, 40.710514344485077 ], [ -8.600266754493548, 40.710483113939773 ], [ -8.600107799533617, 40.710462414236424 ], [ -8.60001941634779, 40.710464754661714 ], [ -8.600008662355611, 40.710652911723642 ], [ -8.600022293708072, 40.710908869977963 ], [ -8.60001795148762, 40.711133470616296 ], [ -8.600024876956816, 40.711277158586903 ], [ -8.600031306175683, 40.711366911957569 ], [ -8.599936928200822, 40.711358293118025 ], [ -8.599753940023659, 40.711336614017931 ], [ -8.599517977212205, 40.711337571231937 ], [ -8.599305650505316, 40.711333929089612 ], [ -8.5990460147482, 40.711317057302324 ], [ -8.598768843290921, 40.711331600422099 ], [ -8.598726951831125, 40.711246495243202 ], [ -8.598667644074109, 40.711192792435767 ], [ -8.59860266923504, 40.711175137124869 ], [ -8.598537825623696, 40.711193318618719 ], [ -8.598155226432906, 40.711293652194371 ], [ -8.597831250383203, 40.711366823436919 ], [ -8.59743894384458, 40.711450443436689 ], [ -8.597201636585419, 40.711512811214888 ], [ -8.597018791839991, 40.711562715492818 ], [ -8.596760426019365, 40.711592484987818 ], [ -8.596464537298575, 40.711655181979545 ], [ -8.596184577070577, 40.71167675042129 ], [ -8.595953075702738, 40.711690020262047 ], [ -8.595716070775092, 40.711711413530892 ], [ -8.595468076959371, 40.711683774643966 ], [ -8.595058490511555, 40.711664891026302 ], [ -8.594826932323635, 40.711669962445896 ], [ -8.594686704863875, 40.711654051205102 ], [ -8.594602965035495, 40.71164339805437 ], [ -8.594367070453623, 40.711619944402479 ], [ -8.594109581921042, 40.711588374712001 ], [ -8.593798711173507, 40.711589621157394 ], [ -8.593509544862124, 40.711615184772342 ], [ -8.593273638657298, 40.711608022657352 ], [ -8.593016318620265, 40.711600860727948 ], [ -8.592801899632557, 40.711585419252351 ], [ -8.592630196076776, 40.711569807349747 ], [ -8.592319444872398, 40.711571049335362 ], [ -8.59211562146044, 40.711547368044066 ], [ -8.591922613197134, 40.711548138027723 ], [ -8.59154686272821, 40.711459948720545 ], [ -8.591257256910071, 40.711420400169253 ], [ -8.590924736679881, 40.71138903738337 ], [ -8.590602821763142, 40.711349616219366 ], [ -8.59038834565966, 40.711325974092723 ], [ -8.590205711618216, 40.711269613529453 ], [ -8.590109995600411, 40.71123748248116 ], [ -8.590039958162373, 40.711188865935689 ], [ -8.589980942375309, 40.7111768526578 ], [ -8.589841124237591, 40.711116266181662 ], [ -8.589733454638973, 40.711067792931495 ], [ -8.589685015128296, 40.711027197076049 ], [ -8.589588004355987, 40.71096238420045 ], [ -8.589453286096969, 40.710869179720632 ], [ -8.589297010915333, 40.710755616116863 ], [ -8.589124557192951, 40.710629959397714 ], [ -8.588973786609982, 40.710524479047173 ], [ -8.588833774941309, 40.710435345208118 ], [ -8.588683019746544, 40.710350395918056 ], [ -8.588623839237533, 40.710313892468974 ], [ -8.588548442627152, 40.710277539416076 ], [ -8.588435570938035, 40.710229090871756 ], [ -8.588333379586274, 40.710184651470321 ], [ -8.588263545389026, 40.710164488080707 ], [ -8.588215176299224, 40.71015243191767 ], [ -8.588134801123884, 40.710148694688954 ], [ -8.587914798506391, 40.710129215662207 ], [ -8.587711049679976, 40.710134072284227 ], [ -8.587571541817546, 40.710118325153353 ], [ -8.587366469693253, 40.710119135906623 ], [ -8.587210867115489, 40.710103452572547 ], [ -8.586975027759532, 40.710104383655342 ], [ -8.586782106652896, 40.710117393360704 ], [ -8.58663190941815, 40.710113843916098 ], [ -8.586492401846316, 40.71009809637993 ], [ -8.586299259625063, 40.71007850337331 ], [ -8.586073878283933, 40.710050845558243 ], [ -8.585961027094998, 40.710022745015607 ], [ -8.585830312114302, 40.709994894521863 ], [ -8.585720881872501, 40.709965159419227 ], [ -8.58544167347292, 40.709905115829415 ], [ -8.585275175468784, 40.709852728378976 ], [ -8.585033445674711, 40.709788485621267 ], [ -8.584775489379979, 40.709703861684133 ], [ -8.584641223058178, 40.70967584363472 ], [ -8.584576713798558, 40.709655747232816 ], [ -8.584506686110887, 40.709607031817235 ], [ -8.584420531202049, 40.709554424392131 ], [ -8.584340073107574, 40.70953844157976 ], [ -8.58425941406389, 40.709510212630569 ], [ -8.584114079705637, 40.709437392078698 ], [ -8.583936473893067, 40.70933615317356 ], [ -8.583748139954489, 40.709239096393951 ], [ -8.583516659802452, 40.709097273360044 ], [ -8.583258019897077, 40.708910802472417 ], [ -8.583099632700998, 40.708815253256901 ], [ -8.582970195235523, 40.708713822375138 ], [ -8.582851666938382, 40.708632700258725 ], [ -8.582626758209678, 40.70846338981724 ], [ -8.582507681531979, 40.708353902668264 ], [ -8.582432951772327, 40.708257663019282 ], [ -8.582358284957225, 40.708169524919448 ], [ -8.582304735881069, 40.708073201854134 ], [ -8.582293008905287, 40.707896390979549 ], [ -8.582270201931561, 40.707655236189026 ], [ -8.5822364832269, 40.707357845862596 ], [ -8.582276296359648, 40.706979662456703 ], [ -8.58229654306154, 40.706859005117963 ], [ -8.582452560827898, 40.70646434130736 ], [ -8.582588269851099, 40.706128107286858 ], [ -8.582607806712792, 40.70595549707928 ], [ -8.582617254237059, 40.705794630019369 ], [ -8.58253102443814, 40.705553722132862 ], [ -8.582412860462659, 40.705280795819732 ], [ -8.582177520380634, 40.704879644795895 ], [ -8.581985292271398, 40.704606911541397 ], [ -8.581931806964517, 40.704518694343243 ], [ -8.581825265868098, 40.7044065471012 ], [ -8.581623537128646, 40.704286668669404 ], [ -8.581294252202165, 40.704078856403157 ], [ -8.580848402925755, 40.70381530737648 ], [ -8.580550618511404, 40.703575226331367 ], [ -8.580373161262104, 40.703457320076893 ], [ -8.580327495622306, 40.703440208179636 ], [ -8.580273794317073, 40.703425557855802 ], [ -8.580193362646872, 40.703412274440453 ], [ -8.580130054628587, 40.703412520501381 ], [ -8.580063548101405, 40.703410976998867 ], [ -8.579985768558934, 40.703422356131291 ], [ -8.579959755358605, 40.703424982743876 ], [ -8.579924772373971, 40.703431061487855 ], [ -8.57991213846309, 40.703400762437326 ], [ -8.579777971886715, 40.703420012152002 ], [ -8.579684906894629, 40.703428747804715 ], [ -8.579594616655775, 40.70342703038461 ], [ -8.57952614622239, 40.703433510471477 ], [ -8.579421968199267, 40.703425627725842 ], [ -8.579301416482629, 40.703411417282091 ], [ -8.579177930697965, 40.703382721705609 ], [ -8.578994182873947, 40.703350027290483 ], [ -8.578824169636516, 40.703317365103267 ], [ -8.578714508176558, 40.703303202950174 ], [ -8.578563766952692, 40.703287040700111 ], [ -8.57844042200724, 40.703279231024965 ], [ -8.57827881186609, 40.703265269743106 ], [ -8.578095168978624, 40.703247161686882 ], [ -8.577869563520494, 40.703217595784444 ], [ -8.5778253677432, 40.703208583587305 ], [ -8.577658114636192, 40.70318212434006 ], [ -8.57758402117722, 40.703161517897719 ], [ -8.577444073508641, 40.7031308162817 ], [ -8.577194499704326, 40.703073334672389 ], [ -8.577073705213312, 40.703040394110133 ], [ -8.576948029638931, 40.703002425751698 ], [ -8.576774057469219, 40.702961673908668 ], [ -8.576633857837043, 40.70292908031346 ], [ -8.576510457114685, 40.70289470566204 ], [ -8.576399190696765, 40.702852811885393 ], [ -8.576210524726076, 40.702791047373339 ], [ -8.576099283700112, 40.702752931732341 ], [ -8.575987877762765, 40.702725806392372 ], [ -8.57586702758292, 40.702702319190649 ], [ -8.575731855937553, 40.702695544334553 ], [ -8.575553071255552, 40.702677774705322 ], [ -8.575415567216961, 40.702676503305867 ], [ -8.575203251824112, 40.702688303644848 ], [ -8.575181377014907, 40.702690818779523 ], [ -8.575030980078761, 40.702813954380701 ], [ -8.574598842681967, 40.703168522436151 ], [ -8.574469411297876, 40.703295809495991 ], [ -8.574260570045979, 40.703474906131994 ], [ -8.57402517301175, 40.703665004439543 ], [ -8.57357388278786, 40.704023330242784 ], [ -8.573376725076557, 40.704162312675798 ], [ -8.572644385799368, 40.703838594264596 ], [ -8.572613128514213, 40.703835020294136 ], [ -8.572530825959735, 40.703825704490299 ], [ -8.572403825593158, 40.703802050673715 ], [ -8.572271382421256, 40.703778423726156 ], [ -8.572123093385882, 40.703738830582502 ], [ -8.572001169594545, 40.703694990184985 ], [ -8.571937484075757, 40.703655074223455 ], [ -8.571831144231465, 40.703571014539378 ], [ -8.571788769512608, 40.703551094285935 ], [ -8.57178837248301, 40.703490761891587 ], [ -8.571766823219596, 40.703434563050031 ], [ -8.571739919286102, 40.703374333172626 ], [ -8.571691744056931, 40.703282035136013 ], [ -8.571669613760996, 40.703137411486885 ], [ -8.571658339942095, 40.703024891054 ], [ -8.571641738081013, 40.702911490351354 ], [ -8.571609445200574, 40.702823186918344 ], [ -8.571566554703679, 40.702742935528555 ], [ -8.57151295234641, 40.702634540759398 ], [ -8.571470286080327, 40.70257040663931 ], [ -8.571432909942862, 40.70251832280168 ], [ -8.571379724667272, 40.702474219822811 ], [ -8.571331895864704, 40.702434241516016 ], [ -8.571262863237548, 40.702390289588969 ], [ -8.57113019172882, 40.702314340076235 ], [ -8.571018824271389, 40.702274605403382 ], [ -8.57093401706547, 40.70224277989773 ], [ -8.57083454096612, 40.702212544412809 ], [ -8.570766995941279, 40.702178670415186 ], [ -8.570733006201998, 40.702155748109647 ], [ -8.570666581450029, 40.702112957495643 ], [ -8.570637735456263, 40.70208119070427 ], [ -8.570597082562777, 40.70203433744296 ], [ -8.570588814666314, 40.702018699065242 ], [ -8.570544888205765, 40.701960873814613 ], [ -8.570506262176083, 40.701898438583719 ], [ -8.570454351144194, 40.701813627459529 ], [ -8.570446131622115, 40.701805375740889 ], [ -8.570437233911885, 40.701783526244014 ], [ -8.570417744328894, 40.701734433329115 ], [ -8.570408791279654, 40.701704300281691 ], [ -8.570385600231251, 40.701650270397842 ], [ -8.570378040549324, 40.701616801997375 ], [ -8.570362869999085, 40.701540767572553 ], [ -8.570368409736675, 40.701483201532668 ], [ -8.570366863273327, 40.701464206705886 ], [ -8.570353477120015, 40.70144354666084 ], [ -8.570337778126131, 40.701412810602925 ], [ -8.5703087153223, 40.701347995061447 ], [ -8.570264816629432, 40.701257572160536 ], [ -8.570234377137576, 40.701198617804693 ], [ -8.570214936699793, 40.701157898473205 ], [ -8.570179385972054, 40.701112735799455 ], [ -8.570141711430313, 40.701069207468983 ], [ -8.570084148580586, 40.701024671999171 ], [ -8.570002972519193, 40.700969689940308 ], [ -8.569955714796775, 40.700944026041213 ], [ -8.569900485549921, 40.700912358890392 ], [ -8.569865096277322, 40.700892949090893 ], [ -8.569827446069636, 40.700871212820154 ], [ -8.569776622997024, 40.700843127365054 ], [ -8.569719844626846, 40.700809216521378 ], [ -8.569678990458502, 40.700786047906725 ], [ -8.569574425725294, 40.700701436373869 ], [ -8.569426392592707, 40.70059078790208 ], [ -8.569268926407096, 40.700467117532185 ], [ -8.569136773340828, 40.700378468394945 ], [ -8.569061437010733, 40.700328595596218 ], [ -8.568958391075618, 40.700258570470282 ], [ -8.568881708277122, 40.700202669242188 ], [ -8.568822166134979, 40.700162826841868 ], [ -8.568746778651169, 40.700105028669761 ], [ -8.568704414505262, 40.700068088553714 ], [ -8.568671305607385, 40.700035164882337 ], [ -8.568656054730752, 40.700019287056264 ], [ -8.568622822128063, 40.699967362247087 ], [ -8.568594825447061, 40.699920369562761 ], [ -8.568549711964142, 40.699860389491086 ], [ -8.568479192849169, 40.699769346783491 ], [ -8.568393962059611, 40.699673228415236 ], [ -8.56831427089711, 40.699609231784777 ], [ -8.56821852681553, 40.699533145065558 ], [ -8.568069749316241, 40.699417183740579 ], [ -8.567985012725583, 40.699377248517813 ], [ -8.567889506475433, 40.699337450146928 ], [ -8.567767628031499, 40.69928162922011 ], [ -8.567661511049158, 40.699229799315987 ], [ -8.567565966135817, 40.699165776288844 ], [ -8.567486330214157, 40.699109886134011 ], [ -8.567406587986179, 40.699037789002197 ], [ -8.567363966359178, 40.69899778492951 ], [ -8.567294769380352, 40.698909528979776 ], [ -8.567193530403189, 40.698789337229456 ], [ -8.567150732050735, 40.698721149677226 ], [ -8.56711314567206, 40.698636911691437 ], [ -8.567033116363197, 40.698520604988602 ], [ -8.566974550768339, 40.698448511698508 ], [ -8.566915758475375, 40.698358597297286 ], [ -8.566867619249839, 40.698270257447795 ], [ -8.566797958955252, 40.698129862675671 ], [ -8.566760576464398, 40.698057605044596 ], [ -8.566701710529795, 40.697957329570848 ], [ -8.566674880328453, 40.69788917280799 ], [ -8.566653206451278, 40.697812804762044 ], [ -8.566594171459309, 40.697668319471596 ], [ -8.566561835844889, 40.697571994778968 ], [ -8.566518752408939, 40.697459597652902 ], [ -8.566507696637153, 40.697379224777954 ], [ -8.566502028134481, 40.69732701484682 ], [ -8.566528035449108, 40.69725055691206 ], [ -8.566585683040115, 40.697181991083816 ], [ -8.566664401684795, 40.697097228820397 ], [ -8.566758973440345, 40.697012496104968 ], [ -8.566804320050807, 40.696980896262183 ], [ -8.566829112900052, 40.696954596562691 ], [ -8.566848690104232, 40.696926429890887 ], [ -8.566872155197272, 40.696896265691223 ], [ -8.566891707158494, 40.696865124731644 ], [ -8.566928035632863, 40.696792854900679 ], [ -8.566932983124856, 40.696753753398227 ], [ -8.566945841021562, 40.696692561544673 ], [ -8.56694807286887, 40.696636452461412 ], [ -8.566958284881627, 40.696587247293742 ], [ -8.566968457146524, 40.696532099827209 ], [ -8.566986479646573, 40.696466203218812 ], [ -8.567006947056013, 40.696392916860844 ], [ -8.567036377078633, 40.696261513194621 ], [ -8.567034891007713, 40.696233424755576 ], [ -8.567043910711908, 40.696201242744905 ], [ -8.567056314668008, 40.696088903767695 ], [ -8.567061369876839, 40.696047823435805 ], [ -8.567090378754559, 40.695942174939105 ], [ -8.567089739485635, 40.695844024749377 ], [ -8.567105278705002, 40.695795695541307 ], [ -8.567109957213153, 40.695715352701598 ], [ -8.567114787453788, 40.695638885073699 ], [ -8.567130091119227, 40.695554450904524 ], [ -8.567166464075306, 40.695453816635641 ], [ -8.567192221275542, 40.695357278154596 ], [ -8.56722350682959, 40.69529277063755 ], [ -8.567259853803572, 40.695188176901773 ], [ -8.567259277439259, 40.695099752844449 ], [ -8.567237525468217, 40.695011312962279 ], [ -8.567216017474918, 40.694943136275995 ], [ -8.567156872652756, 40.694798652513377 ], [ -8.567145946899776, 40.694738360490746 ], [ -8.567140127163338, 40.694643560734384 ], [ -8.567118798521047, 40.694621038180259 ], [ -8.567091987176848, 40.694572963620573 ], [ -8.567054638741682, 40.694524838610633 ], [ -8.567033267891675, 40.694476652635359 ], [ -8.567016943080084, 40.694404400537671 ], [ -8.566958472009322, 40.694364371199647 ], [ -8.566873257450675, 40.694268251545715 ], [ -8.566825279529679, 40.694204133758817 ], [ -8.566766692351072, 40.694127905254447 ], [ -8.56670278438113, 40.694051781350453 ], [ -8.566644025432408, 40.693967628059227 ], [ -8.566590570088449, 40.693879398936794 ], [ -8.566526555757777, 40.693787158945788 ], [ -8.566478520113419, 40.693714940258566 ], [ -8.566436133499886, 40.693691057607886 ], [ -8.566367053567198, 40.693639001881003 ], [ -8.566266197035295, 40.693575083185493 ], [ -8.566197221708334, 40.693539143348936 ], [ -8.566112349762562, 40.693495247675052 ], [ -8.566033848378499, 40.693467540789698 ], [ -8.565977511798861, 40.693427140037642 ], [ -8.565925145174269, 40.693397437714594 ], [ -8.565872581056, 40.693355855709768 ], [ -8.565779599993748, 40.693284974054222 ], [ -8.565715393237481, 40.693234790735339 ], [ -8.565658210753277, 40.693192501028314 ], [ -8.56559055511341, 40.693140615093462 ], [ -8.565564858998663, 40.69311856156127 ], [ -8.565546162687006, 40.693100083835319 ], [ -8.5655075341017, 40.693054212573443 ], [ -8.565411482519256, 40.692928593945595 ], [ -8.565342309250109, 40.692806925992045 ], [ -8.565280755934529, 40.692710262686774 ], [ -8.565249107657435, 40.692665264811914 ], [ -8.565222696380939, 40.692624213163086 ], [ -8.565213770211512, 40.692597684292807 ], [ -8.565199430883768, 40.692539382351711 ], [ -8.565183435950393, 40.692481001956651 ], [ -8.565172372201326, 40.692398826995053 ], [ -8.565159973394891, 40.692365648257862 ], [ -8.565136956091189, 40.692300716824782 ], [ -8.565099250475839, 40.692142282980292 ], [ -8.565072803674024, 40.692077364364181 ], [ -8.565035530517678, 40.691984575002493 ], [ -8.564996523825069, 40.691880172858106 ], [ -8.564987591629329, 40.691835090823808 ], [ -8.564983705841886, 40.691783326152041 ], [ -8.564970739761124, 40.691662619236851 ], [ -8.56498448503563, 40.691629341776178 ], [ -8.565005137393097, 40.69158549712806 ], [ -8.565027319853602, 40.691521749126728 ], [ -8.565054848046943, 40.691460860044181 ], [ -8.565084010897607, 40.691396996763736 ], [ -8.565102942155489, 40.691361088409984 ], [ -8.56509399456286, 40.691331940927171 ], [ -8.5650881210676, 40.691228497231663 ], [ -8.565071792183071, 40.691118338843282 ], [ -8.565068018032576, 40.691083864405812 ], [ -8.565062533035729, 40.691040388586771 ], [ -8.565042906868873, 40.690970136836796 ], [ -8.565037265490147, 40.690902438833355 ], [ -8.565039955980598, 40.690788334389985 ], [ -8.565032148706788, 40.690660945300557 ], [ -8.565026628331321, 40.690611981011777 ], [ -8.565029765711353, 40.690548213297184 ], [ -8.565025682270788, 40.690466013079174 ], [ -8.565019722907868, 40.690386068446784 ], [ -8.56502382531284, 40.690362191433422 ], [ -8.564972852126548, 40.690364455989098 ], [ -8.564335752180412, 40.690358921947514 ], [ -8.563479498542444, 40.690362131420912 ], [ -8.563474905062238, 40.69047470666667 ], [ -8.562946546262737, 40.690508833069771 ], [ -8.562391858891068, 40.690551161331207 ], [ -8.562214275828017, 40.690549303684563 ], [ -8.562233609882892, 40.690263769813384 ], [ -8.562322493651161, 40.690122690862481 ], [ -8.562353747934214, 40.690034147452444 ], [ -8.562384543347047, 40.689893284405585 ], [ -8.562410148713148, 40.689772518379968 ], [ -8.562432682814498, 40.689597922373238 ], [ -8.56244660800993, 40.68953798588322 ], [ -8.562460563975467, 40.689481741360822 ], [ -8.562474546938393, 40.689430812436761 ], [ -8.562474395495002, 40.689407217879463 ], [ -8.5624719121497, 40.689389126896572 ], [ -8.562457484126238, 40.689371081235372 ], [ -8.562433482474679, 40.689354781239153 ], [ -8.562402522521197, 40.689342201897723 ], [ -8.562338077053843, 40.689327945129016 ], [ -8.562306987241497, 40.689313559824818 ], [ -8.562223579915303, 40.689293883983176 ], [ -8.562142345056936, 40.689263386703033 ], [ -8.562097050870547, 40.689247167561405 ], [ -8.562039709138205, 40.689234685246689 ], [ -8.561996770002411, 40.689216745449464 ], [ -8.561909920080543, 40.689195004696408 ], [ -8.561869387837723, 40.689184352731878 ], [ -8.561804884331611, 40.689160998043668 ], [ -8.561730866693395, 40.689130388125228 ], [ -8.561690271208112, 40.689108746527396 ], [ -8.561632825265702, 40.689079966094496 ], [ -8.561551703064829, 40.68904758141354 ], [ -8.561527667723702, 40.689025968352801 ], [ -8.561475050887173, 40.688993476935629 ], [ -8.561417606947904, 40.688946502514277 ], [ -8.561345770087403, 40.688886889684845 ], [ -8.56128832192976, 40.688838118699287 ], [ -8.561226106891107, 40.68880385544341 ], [ -8.561143133885942, 40.688851354240896 ], [ -8.560974666987695, 40.688960851981157 ], [ -8.560722019803784, 40.689151436002433 ], [ -8.560394760960572, 40.689384891477694 ], [ -8.560088942866727, 40.689605479506213 ], [ -8.559880660629025, 40.689760149204304 ], [ -8.559817824521575, 40.689793789424307 ], [ -8.559417987697417, 40.68939112916663 ], [ -8.55938414657324, 40.689408272830306 ], [ -8.55926259117474, 40.689473293436464 ], [ -8.559188409697407, 40.689508957212048 ], [ -8.559113153561677, 40.689543816248673 ], [ -8.559062183397479, 40.689565254509972 ], [ -8.559020402200586, 40.689580444441532 ], [ -8.558851014190433, 40.689638617097081 ], [ -8.55880955177598, 40.689647773270877 ], [ -8.558764065876206, 40.689657487270537 ], [ -8.558662925488468, 40.689677405653725 ], [ -8.558563902559955, 40.689694518265547 ], [ -8.558514737234155, 40.689702535660693 ], [ -8.558472895731022, 40.689708274780521 ], [ -8.558440626108061, 40.689712898912433 ], [ -8.558397348295822, 40.68971638932382 ], [ -8.558362952897623, 40.689720476457168 ], [ -8.558314491184801, 40.689726780209384 ], [ -8.558298867424375, 40.689726299246409 ], [ -8.558268833642598, 40.689728121718943 ], [ -8.558228497805272, 40.689729347260389 ], [ -8.558201292250361, 40.689729991341714 ], [ -8.558166037878332, 40.689729039632567 ], [ -8.558136683868973, 40.689727437636073 ], [ -8.55810509552397, 40.689727016319047 ], [ -8.558038346879531, 40.689722759471053 ], [ -8.557998574643081, 40.689719031862531 ], [ -8.557969918515507, 40.689715176884725 ], [ -8.557909779801847, 40.689708737118927 ], [ -8.557860508819457, 40.689699011006503 ], [ -8.557827466511553, 40.689693553016056 ], [ -8.557770136075408, 40.68968259940381 ], [ -8.557739926818902, 40.689675414598462 ], [ -8.557632677242063, 40.689646726193466 ], [ -8.557600213455309, 40.689638468130923 ], [ -8.557541435057658, 40.689622476881496 ], [ -8.557492810294439, 40.689604199709542 ], [ -8.557458308063815, 40.689591445657307 ], [ -8.5574163271279, 40.689575392602521 ], [ -8.557383921528288, 40.689558765840118 ], [ -8.557341194971171, 40.689536501089165 ], [ -8.557303659778153, 40.689512592730878 ], [ -8.557270538286968, 40.689494438602878 ], [ -8.557224200243784, 40.689463809646355 ], [ -8.55711056020281, 40.689378142043431 ], [ -8.557072897755832, 40.689352794163518 ], [ -8.557033794022393, 40.689324397038625 ], [ -8.556984361922796, 40.689289365953478 ], [ -8.556957136751707, 40.689268216607296 ], [ -8.556943805522979, 40.689255928581943 ], [ -8.556911995393907, 40.689220837274362 ], [ -8.556901614936308, 40.68920691659639 ], [ -8.556886103796955, 40.68918572333282 ], [ -8.556874971967011, 40.689165053397474 ], [ -8.556857014748211, 40.689132341698567 ], [ -8.556845150964051, 40.689107799558457 ], [ -8.556834745458199, 40.689089919430074 ], [ -8.556826549890872, 40.689066445335612 ], [ -8.556811669274161, 40.689032911879906 ], [ -8.556795922126286, 40.688994430606101 ], [ -8.556786206824183, 40.688954210825443 ], [ -8.556783985632633, 40.688939721689422 ], [ -8.556503215303975, 40.688914731500276 ], [ -8.556460303200938, 40.688919303156084 ], [ -8.556417809954123, 40.688989880537513 ], [ -8.556382966627684, 40.689054573849248 ], [ -8.556340500532459, 40.689129469039663 ], [ -8.556292495538692, 40.689189979081512 ], [ -8.556244385522627, 40.689251480047162 ], [ -8.556163293190913, 40.689317158646361 ], [ -8.556024069781946, 40.689413030774439 ], [ -8.555878243346813, 40.689512619898494 ], [ -8.555801829504269, 40.689569546177381 ], [ -8.555713558541866, 40.68952898623813 ], [ -8.55566289708768, 40.689525303086512 ], [ -8.555651865731825, 40.689520301513923 ], [ -8.5556444707097, 40.689511321693011 ], [ -8.555642184337714, 40.689505206603073 ], [ -8.555623807747621, 40.68949798243969 ], [ -8.555611264546384, 40.689497484435933 ], [ -8.555599550517893, 40.689497528204129 ], [ -8.555590820927584, 40.689500891130358 ], [ -8.555583093778116, 40.689504882544597 ], [ -8.555574626012215, 40.689503247589883 ], [ -8.555567232868002, 40.689494001206604 ], [ -8.555557318677456, 40.689488497555814 ], [ -8.555540739642042, 40.689486040397234 ], [ -8.555524670586193, 40.68948884394198 ], [ -8.555503170853717, 40.689493988864356 ], [ -8.555487929078341, 40.689487854531997 ], [ -8.555483517905101, 40.689482284816037 ], [ -8.555472395520654, 40.689481787002208 ], [ -8.555461396018918, 40.689481827241877 ], [ -8.555446026539428, 40.689484133837276 ], [ -8.555420359062701, 40.689484227729558 ], [ -8.55541299712184, 40.68948029512282 ], [ -8.555409302730059, 40.689475265788715 ], [ -8.555398911140164, 40.689459725902324 ], [ -8.555395925453748, 40.689455457606719 ], [ -8.555382662498944, 40.689453570925131 ], [ -8.555365036007739, 40.689453096890126 ], [ -8.55533203042387, 40.689453218501662 ], [ -8.555321013029904, 40.689451547827233 ], [ -8.555313678576459, 40.689451031642861 ], [ -8.555296386850712, 40.689448303300864 ], [ -8.555279108312764, 40.689447289476242 ], [ -8.555266553142928, 40.689445080512613 ], [ -8.55525342204475, 40.689444590923237 ], [ -8.555238268749624, 40.689443473867684 ], [ -8.555224769590899, 40.689441274654612 ], [ -8.555212937534492, 40.68944023550339 ], [ -8.555204161019205, 40.689437476014639 ], [ -8.555192323814856, 40.689435808325179 ], [ -8.555177687695926, 40.689440909183162 ], [ -8.555170349572652, 40.689440936009717 ], [ -8.555164531843214, 40.689437620893713 ], [ -8.555154914493313, 40.689431532593588 ], [ -8.555148258822134, 40.689427597388061 ], [ -8.555138310905944, 40.689425741784419 ], [ -8.5551166422152, 40.689422671012856 ], [ -8.555104113255686, 40.689424427775236 ], [ -8.555093084171785, 40.68941996464487 ], [ -8.555087259086177, 40.689415482492798 ], [ -8.555076944831775, 40.689412189210238 ], [ -8.555056392514734, 40.689417306273008 ], [ -8.555042563027035, 40.689418439226863 ], [ -8.554999960891756, 40.689416702946104 ], [ -8.554941864529317, 40.689432947884875 ], [ -8.554886491424053, 40.689451251313642 ], [ -8.554778386259686, 40.689491898932665 ], [ -8.554654411023895, 40.689530535029 ], [ -8.554564819857033, 40.689561030051919 ], [ -8.554490915026213, 40.68958543524689 ], [ -8.554432892737038, 40.689595639948607 ], [ -8.554366799931561, 40.689601916334219 ], [ -8.554284994559914, 40.689610322974367 ], [ -8.554247974443095, 40.689612440940543 ], [ -8.554192492977164, 40.689612644210861 ], [ -8.554142208958174, 40.689610845580653 ], [ -8.554107848604042, 40.689602864504941 ], [ -8.554091971506752, 40.68959896376505 ], [ -8.554073358091907, 40.689592998228747 ], [ -8.55403643960957, 40.689591150817584 ], [ -8.553967537820068, 40.68956520171308 ], [ -8.553880023504691, 40.689513290304376 ], [ -8.553792452724021, 40.689471378281098 ], [ -8.553731445742347, 40.689439452408564 ], [ -8.553670616427059, 40.689417524202618 ], [ -8.553624695393626, 40.689394998657477 ], [ -8.553588407499992, 40.68939972521985 ], [ -8.553562177204801, 40.689423954377574 ], [ -8.553504226767179, 40.689464417238852 ], [ -8.553430390221061, 40.689480718731325 ], [ -8.553351156067551, 40.689485058557963 ], [ -8.553277131296049, 40.689489295624277 ], [ -8.553187164203818, 40.689461526244145 ], [ -8.553150386241532, 40.6895018245391 ], [ -8.553044961815083, 40.689554526696554 ], [ -8.55291841953489, 40.689599204574456 ], [ -8.552754655795226, 40.689611868558501 ], [ -8.55255350530798, 40.68956838816365 ], [ -8.552442339715563, 40.689536644729742 ], [ -8.552368282865443, 40.689536914589823 ], [ -8.552310246715916, 40.689545141659252 ], [ -8.552199139009012, 40.689541496348745 ], [ -8.552035325069872, 40.689546144068188 ], [ -8.551955939645763, 40.689526351658301 ], [ -8.551871175330191, 40.689498476828547 ], [ -8.551839295124424, 40.689470494791145 ], [ -8.551738863431579, 40.689470860803638 ], [ -8.551659652794839, 40.689479164323402 ], [ -8.55160687076555, 40.68949538921899 ], [ -8.551580210962454, 40.689451269983621 ], [ -8.551576940255163, 40.689439034021731 ], [ -8.551415010799678, 40.689423772790803 ], [ -8.551298600947145, 40.689404028521395 ], [ -8.551145328169527, 40.689392610443726 ], [ -8.550981236612632, 40.689373033991458 ], [ -8.5509072228717, 40.689361236843432 ], [ -8.550854245249031, 40.689345397693714 ], [ -8.550780055590463, 40.689305416982407 ], [ -8.550700501321424, 40.689277612493299 ], [ -8.550621243118458, 40.689277900045653 ], [ -8.550563106365631, 40.68927000479529 ], [ -8.550525905744703, 40.689242047033922 ], [ -8.550467649546022, 40.689234151266739 ], [ -8.550388366699359, 40.689230480112322 ], [ -8.550303684538425, 40.689214665244528 ], [ -8.55021382016808, 40.689202924027313 ], [ -8.550160860458881, 40.689191050333889 ], [ -8.550081501275953, 40.689175311528189 ], [ -8.549970419527192, 40.689175714465627 ], [ -8.54992309061125, 40.689211995742745 ], [ -8.54991273639242, 40.689240216342618 ], [ -8.549886436745604, 40.689252379002816 ], [ -8.549785971839285, 40.689248692047599 ], [ -8.549680194692719, 40.689245116024509 ], [ -8.549405436418224, 40.68925412160403 ], [ -8.549326083982752, 40.689258464497854 ], [ -8.549225863466742, 40.689274853914689 ], [ -8.54909251995192, 40.68929055393798 ], [ -8.54899915524431, 40.689191299449583 ], [ -8.548629918715775, 40.689321225192451 ], [ -8.54808151750788, 40.689536355233393 ], [ -8.547986808456166, 40.689601080176288 ], [ -8.54796054974085, 40.689621257677587 ], [ -8.547918447396611, 40.689661574341358 ], [ -8.547908042561032, 40.689681779515283 ], [ -8.547749077829517, 40.689630035494552 ], [ -8.547680174935174, 40.689602186167463 ], [ -8.547373310630165, 40.689546924835284 ], [ -8.547400168521307, 40.689623278940473 ], [ -8.547405100867389, 40.689655228396028 ], [ -8.547209670751975, 40.689579749202132 ], [ -8.54695011381528, 40.689484152566443 ], [ -8.546748692837854, 40.68939645074731 ], [ -8.546495209647928, 40.689268681362037 ], [ -8.546007541027636, 40.689816765075555 ], [ -8.546076084672295, 40.689881355635272 ], [ -8.546155743544416, 40.689945453431505 ], [ -8.546171795519227, 40.689977544157976 ], [ -8.546193392220289, 40.690045815487629 ], [ -8.546183086983142, 40.690082051903097 ], [ -8.546167309178763, 40.690094175168326 ], [ -8.546114656920997, 40.690130563978315 ], [ -8.546030124784711, 40.690138883573582 ], [ -8.546040698288639, 40.690146856680116 ], [ -8.545988065304444, 40.690167219012565 ], [ -8.545961538513994, 40.690163263387824 ], [ -8.545724007708655, 40.69020436708572 ], [ -8.545333138813357, 40.690262051453331 ], [ -8.545264477811431, 40.690274364305736 ], [ -8.545195697242683, 40.690266504351591 ], [ -8.54479404270619, 40.690263984071144 ], [ -8.544572071509577, 40.690276844897461 ], [ -8.544196774971486, 40.690270081755251 ], [ -8.544112285122806, 40.690286507074596 ], [ -8.543811026965436, 40.690295594580959 ], [ -8.543666354767408, 40.690316284136784 ], [ -8.543602921594042, 40.690312459207568 ], [ -8.543497034677884, 40.690292756106906 ], [ -8.543454776278473, 40.690288855825422 ], [ -8.543386145651812, 40.690305217940711 ], [ -8.543296310673965, 40.690317605767277 ], [ -8.543222321470397, 40.690309762242457 ], [ -8.543169444343032, 40.690309950964718 ], [ -8.543100632612873, 40.690298131237135 ], [ -8.542941989448792, 40.690278619466419 ], [ -8.542762269757191, 40.690275204113796 ], [ -8.542624729851442, 40.690263627949008 ], [ -8.542455462215285, 40.690248203682501 ], [ -8.542191105925609, 40.690237079276336 ], [ -8.542064239236879, 40.690229514211396 ], [ -8.541884513834178, 40.690226103815888 ], [ -8.541673043054098, 40.690214789159327 ], [ -8.541699689508327, 40.690258903527877 ], [ -8.541683985762795, 40.690283098137392 ], [ -8.541684503477052, 40.690367471259577 ], [ -8.541716725388143, 40.690451823127759 ], [ -8.541717539714638, 40.690584552507353 ], [ -8.54174434209459, 40.690652806243392 ], [ -8.541766256484923, 40.690773394118565 ], [ -8.541798652731975, 40.690885843007123 ], [ -8.541831097404797, 40.691006392687235 ], [ -8.541852868785197, 40.691102757366565 ], [ -8.541879673248328, 40.691171101108104 ], [ -8.541890611360184, 40.691219237781169 ], [ -8.541880141093593, 40.691247464370022 ], [ -8.541885858174002, 40.691311826879662 ], [ -8.541896709895667, 40.691364019746814 ], [ -8.541923476458374, 40.691408135429917 ], [ -8.541939551520628, 40.691444277144022 ], [ -8.541934377770326, 40.691468434493814 ], [ -8.541913440109715, 40.691488586370674 ], [ -8.541871289231958, 40.691520974719026 ], [ -8.541823733611061, 40.691521143984701 ], [ -8.541760594273034, 40.691565585156376 ], [ -8.541739190883318, 40.691529461376959 ], [ -8.541617212375909, 40.691469562586818 ], [ -8.54158027395582, 40.691465727444275 ], [ -8.541543124195575, 40.691445686587407 ], [ -8.541479566287979, 40.691421780497244 ], [ -8.541448034266798, 40.69145008064325 ], [ -8.541405828979055, 40.691474363538269 ], [ -8.541374272157947, 40.691498609662759 ], [ -8.541342788946615, 40.691534920530067 ], [ -8.541253297700338, 40.69160358642668 ], [ -8.541166407958768, 40.691652881227256 ], [ -8.541119025336815, 40.691681233703243 ], [ -8.541024131057439, 40.691717769465498 ], [ -8.54084487127674, 40.691790809875243 ], [ -8.540633959118351, 40.691871968159575 ], [ -8.540549615162655, 40.691912432128305 ], [ -8.540412466657965, 40.691965235600676 ], [ -8.540338339458172, 40.691953431183158 ], [ -8.54028542531594, 40.691929485992752 ], [ -8.540211242329073, 40.691909671668213 ], [ -8.540121263657046, 40.691897923906247 ], [ -8.540047347653292, 40.691902144904752 ], [ -8.539962830032641, 40.691914511394693 ], [ -8.539878369952429, 40.69193498309599 ], [ -8.539830836923654, 40.691939111897348 ], [ -8.539788601134768, 40.691939261583599 ], [ -8.539746154335052, 40.691923383848845 ], [ -8.539677269369644, 40.691899495530919 ], [ -8.539634985521191, 40.691891538953655 ], [ -8.539608513555663, 40.691895682651122 ], [ -8.5395717223288, 40.691915895325174 ], [ -8.539513521401856, 40.691916101117748 ], [ -8.539455385353799, 40.691908291227435 ], [ -8.539360148009539, 40.691888545055015 ], [ -8.539317768165139, 40.691884644589074 ], [ -8.539285989380907, 40.691872689585111 ], [ -8.539201332233848, 40.691860922383476 ], [ -8.539099826139692, 40.691861281184394 ], [ -8.539025643546236, 40.691841461593334 ], [ -8.538925083403536, 40.69182164822773 ], [ -8.538835243208034, 40.69181394946294 ], [ -8.538771735061486, 40.691798147184144 ], [ -8.538623537772265, 40.691766430515614 ], [ -8.538575771239323, 40.691750572835858 ], [ -8.538501684999513, 40.691726694877943 ], [ -8.538480380474182, 40.691706602798355 ], [ -8.538443110353992, 40.691666569178381 ], [ -8.538416310959743, 40.691598320977214 ], [ -8.538400188631943, 40.691554070758833 ], [ -8.538362868934019, 40.691506027262925 ], [ -8.538330796925912, 40.691445807570574 ], [ -8.53830942823965, 40.69141373351755 ], [ -8.538277397749455, 40.69136152458718 ], [ -8.538213523591908, 40.691285390114508 ], [ -8.538112183013027, 40.69113689340633 ], [ -8.538074912282152, 40.691096865068062 ], [ -8.5380637708416, 40.690996316442835 ], [ -8.53804750217261, 40.690928024905716 ], [ -8.538015455274417, 40.690871860021105 ], [ -8.538009785077849, 40.69081559812097 ], [ -8.538020018557432, 40.690747213628278 ], [ -8.538019627651179, 40.690682831335735 ], [ -8.538023184447606, 40.690664357534281 ], [ -8.53801248259874, 40.690636210048687 ], [ -8.537968552493101, 40.690590258068475 ], [ -8.537878283389578, 40.690492422747155 ], [ -8.537776555178558, 40.690377696155387 ], [ -8.537652736075472, 40.690288533977508 ], [ -8.537585092481468, 40.690233390599332 ], [ -8.537460903487357, 40.690101542694642 ], [ -8.537370740919661, 40.69002090721041 ], [ -8.537308776897531, 40.689986993084005 ], [ -8.53725242362259, 40.689940278363025 ], [ -8.537196034824809, 40.689889236793881 ], [ -8.537112326180363, 40.689916905214915 ], [ -8.537028345095143, 40.689938454670951 ], [ -8.536910673121618, 40.689964440747737 ], [ -8.536860379067145, 40.689981725410419 ], [ -8.536804334759873, 40.689986154684163 ], [ -8.536759444131816, 40.689977848662139 ], [ -8.536708855546975, 40.689965149148598 ], [ -8.536630396609917, 40.689961193712627 ], [ -8.536602230599341, 40.689939950997314 ], [ -8.536579703596836, 40.689931566744008 ], [ -8.536557066924535, 40.689905978649797 ], [ -8.536539985856924, 40.689859217286525 ], [ -8.536511821073921, 40.689837970041864 ], [ -8.536466800178838, 40.68980823405316 ], [ -8.536455383074747, 40.689778464399183 ], [ -8.536421581176038, 40.68974445590495 ], [ -8.536404551239409, 40.689706152820591 ], [ -8.536404318256062, 40.689667704610656 ], [ -8.536392745859803, 40.689612363743791 ], [ -8.536386653590009, 40.689544126456994 ], [ -8.536403312010334, 40.689501388651877 ], [ -8.536413836236251, 40.68940328377564 ], [ -8.536413449597964, 40.689339349899242 ], [ -8.536424505464701, 40.689309416184877 ], [ -8.536446825815871, 40.689283761056636 ], [ -8.53651382985235, 40.689232380752976 ], [ -8.536558378848603, 40.689185306771165 ], [ -8.536591719600263, 40.689142503434333 ], [ -8.5366194712041, 40.689095493533955 ], [ -8.536641558838204, 40.689031480203674 ], [ -8.536663586287721, 40.688975930962016 ], [ -8.536668799447778, 40.688899191182237 ], [ -8.536679710754028, 40.688864935503936 ], [ -8.536685026547184, 40.688805212280329 ], [ -8.536712621269812, 40.688732625748322 ], [ -8.536734718612122, 40.688689862572531 ], [ -8.536734511526737, 40.688655736709137 ], [ -8.536739957201901, 40.688617354188523 ], [ -8.536728461345609, 40.688574713856127 ], [ -8.536705573411247, 40.688506627142367 ], [ -8.536665877362058, 40.688417162559965 ], [ -8.536682415837104, 40.688374423325087 ], [ -8.536732598922118, 40.688340115002035 ], [ -8.536771723078965, 40.688314406462602 ], [ -8.536833418749497, 40.688305725951309 ], [ -8.536934143953161, 40.688275472280765 ], [ -8.536995520601565, 40.688232575257608 ], [ -8.537001069386411, 40.688211301132064 ], [ -8.537000733329791, 40.688155835455042 ], [ -8.537002415077039, 40.688141060323275 ], [ -8.536955016383935, 40.68802965396273 ], [ -8.536921028102096, 40.687965838505683 ], [ -8.536887098057138, 40.687910484917793 ], [ -8.536875628325562, 40.687872167847459 ], [ -8.536869691253253, 40.687829501779412 ], [ -8.536846966897929, 40.687769878397553 ], [ -8.536829885636818, 40.687723026108735 ], [ -8.536807048966555, 40.687663402210063 ], [ -8.536795449332425, 40.687603739015906 ], [ -8.536755453227123, 40.687484472249018 ], [ -8.536715750663909, 40.687395013093131 ], [ -8.536720949205662, 40.687335290262773 ], [ -8.536698241538407, 40.687297011556417 ], [ -8.536625086996546, 40.687250350732604 ], [ -8.536574515539598, 40.687220725121392 ], [ -8.536473119258911, 40.687140030891904 ], [ -8.536399845051092, 40.687093284793384 ], [ -8.536360538556201, 40.687067845826682 ], [ -8.536298397655539, 40.687004042052813 ], [ -8.53627578428916, 40.686961526035532 ], [ -8.536258454348193, 40.686893328852577 ], [ -8.536230052689145, 40.686833725162948 ], [ -8.536206897213518, 40.686701613054737 ], [ -8.536189635347929, 40.686624860782494 ], [ -8.536155252329506, 40.686514132628652 ], [ -8.536143647569066, 40.686454469374048 ], [ -8.53613214154845, 40.686390574279734 ], [ -8.536143053246626, 40.686356404184451 ], [ -8.53613141814875, 40.686271079218635 ], [ -8.536113910186128, 40.686173077568775 ], [ -8.536102147126313, 40.686066497421045 ], [ -8.536112826545022, 40.68599396914005 ], [ -8.536095385461193, 40.685887414210981 ], [ -8.53608391532328, 40.68584909164592 ], [ -8.536072176702726, 40.685746747399989 ], [ -8.536054720466277, 40.685657295888433 ], [ -8.536037607181369, 40.685606121130405 ], [ -8.536014788947474, 40.685529479159641 ], [ -8.53601427301043, 40.685444199113185 ], [ -8.536047406744004, 40.685367270923493 ], [ -8.536047055143404, 40.685309283843104 ], [ -8.536074938399784, 40.685284328862735 ], [ -8.536102506329161, 40.685207420081298 ], [ -8.536107808349605, 40.685164811077357 ], [ -8.536135659963461, 40.685134813339062 ], [ -8.536180228206026, 40.685070721576956 ], [ -8.536202299227112, 40.685023730676789 ], [ -8.536224515165713, 40.684980967158289 ], [ -8.536235288272527, 40.684904207931822 ], [ -8.5362685245761, 40.684844387194367 ], [ -8.536290508083939, 40.684763266368599 ], [ -8.536318179837382, 40.684703465047527 ], [ -8.536340386357539, 40.684677814821377 ], [ -8.536463527763562, 40.684638928416007 ], [ -8.536564197807797, 40.684600216761972 ], [ -8.536648095874167, 40.684565790635027 ], [ -8.536843770096972, 40.684471273445652 ], [ -8.536921999550128, 40.684419848210872 ], [ -8.53696649939633, 40.684364225670961 ], [ -8.536938337355299, 40.684343069449305 ], [ -8.536859506754569, 40.684296428599524 ], [ -8.536561303529639, 40.684122601078215 ], [ -8.536319451724458, 40.683995488045454 ], [ -8.536083089367331, 40.683855568104562 ], [ -8.53592855211533, 40.68376912354956 ], [ -8.535790420904915, 40.683677125755551 ], [ -8.535660327730225, 40.683603562019712 ], [ -8.535570923858177, 40.683548312253031 ], [ -8.535498528140433, 40.683508405459129 ], [ -8.535453777420184, 40.683483075190168 ], [ -8.535397840535724, 40.683446442860863 ], [ -8.535345640038816, 40.68342113850715 ], [ -8.535263459615752, 40.6833676697565 ], [ -8.53522311594223, 40.683346556442586 ], [ -8.535175525792095, 40.6833215124106 ], [ -8.535105982204149, 40.683283120899588 ], [ -8.534995375812297, 40.683223985863684 ], [ -8.534900440085698, 40.683173983188482 ], [ -8.534807524968173, 40.683124777559698 ], [ -8.534713666860808, 40.683077287905441 ], [ -8.534651747571802, 40.683048147550657 ], [ -8.534601573636708, 40.68302554364297 ], [ -8.534506683830079, 40.682983099361685 ], [ -8.53441501266129, 40.682943978402562 ], [ -8.534299039899528, 40.682896565274113 ], [ -8.534164333767034, 40.682842469583143 ], [ -8.533996511024091, 40.682768401052741 ], [ -8.533891577211255, 40.682727615657512 ], [ -8.533804309162726, 40.682692977873721 ], [ -8.533745835525087, 40.682666255548142 ], [ -8.533707158314167, 40.6826471233435 ], [ -8.533651856885957, 40.682617960387496 ], [ -8.533585628911853, 40.682581266519726 ], [ -8.533551363986369, 40.682567069961387 ], [ -8.533513867485519, 40.682548738652287 ], [ -8.533468590633477, 40.682533498746047 ], [ -8.533573373349977, 40.682116293780595 ], [ -8.533573084383601, 40.682068209348856 ], [ -8.533591225343212, 40.681997276285543 ], [ -8.533590902394453, 40.681943516055959 ], [ -8.533605346857218, 40.681886826571258 ], [ -8.533638485248479, 40.681830065930974 ], [ -8.533712287941535, 40.681730664620503 ], [ -8.533667546215854, 40.681705339020887 ], [ -8.533596705341695, 40.681668752107754 ], [ -8.533555523996379, 40.681626396274602 ], [ -8.533529103129846, 40.681599919259362 ], [ -8.533492042935562, 40.681573756490934 ], [ -8.533362008521697, 40.681391048099542 ], [ -8.533319591615554, 40.681340226264702 ], [ -8.533274775872005, 40.681302652928743 ], [ -8.533175219969948, 40.681231229082634 ], [ -8.533127952565676, 40.681199244645477 ], [ -8.533031832089076, 40.681128619230556 ], [ -8.532967063270782, 40.681077876485602 ], [ -8.532865055583313, 40.68101213587488 ], [ -8.532797902947829, 40.680978329078251 ], [ -8.532686105787388, 40.680935312352695 ], [ -8.532584235257842, 40.680892265675624 ], [ -8.532551987497682, 40.680879138846116 ], [ -8.532504769977551, 40.680856609336004 ], [ -8.532440069527444, 40.680817211584177 ], [ -8.532395278394516, 40.68078342266179 ], [ -8.532318059120168, 40.680728847710007 ], [ -8.532258317935938, 40.680687541636111 ], [ -8.532153823386858, 40.680619917916751 ], [ -8.532084297912593, 40.680605028718176 ], [ -8.531960330803702, 40.680584747099395 ], [ -8.53188091700129, 40.68057746072634 ], [ -8.531801007960617, 40.680566662217636 ], [ -8.531738127490714, 40.680554274894654 ], [ -8.531690138601595, 40.680540573614124 ], [ -8.531670352744708, 40.680535599960116 ], [ -8.53161738499527, 40.680519480856489 ], [ -8.531584151643523, 40.680500685743311 ], [ -8.531537798663987, 40.680483199311489 ], [ -8.53149143872842, 40.680464540420566 ], [ -8.531421794664984, 40.68042947799939 ], [ -8.531348927570043, 40.680389480149799 ], [ -8.53132394540995, 40.680365614543128 ], [ -8.531297333715182, 40.68032671422732 ], [ -8.531258917999342, 40.680271466223758 ], [ -8.531212272086787, 40.680204899254356 ], [ -8.531170665099921, 40.680150834688206 ], [ -8.531137377237519, 40.680103135951512 ], [ -8.531102318694261, 40.680055438805944 ], [ -8.531057431665944, 40.68000651841318 ], [ -8.531015936953871, 40.679970099803825 ], [ -8.530981097070473, 40.679940053671416 ], [ -8.530966097864983, 40.679924435577028 ], [ -8.530946147408818, 40.679910637363342 ], [ -8.53091635974565, 40.679894351611466 ], [ -8.530886460135767, 40.679879328753103 ], [ -8.530863317786093, 40.67986563157276 ], [ -8.530838419981803, 40.67985689144124 ], [ -8.530803683011746, 40.679843143238053 ], [ -8.530765605770801, 40.679825628887727 ], [ -8.530648085933594, 40.679794605774056 ], [ -8.530586815042106, 40.679774644389489 ], [ -8.53051227566012, 40.679752213517403 ], [ -8.530492489722484, 40.679745977145124 ], [ -8.530431698554567, 40.679727905999286 ], [ -8.530368766732389, 40.679706693101771 ], [ -8.530292703198562, 40.679685524444281 ], [ -8.5302048904916, 40.679658182624209 ], [ -8.530108890641159, 40.67962573687975 ], [ -8.530027728904994, 40.679603322161 ], [ -8.529965432300854, 40.679589851249183 ], [ -8.529921624702785, 40.679583338941512 ], [ -8.529825225401112, 40.679563680681568 ], [ -8.52961503761118, 40.679524512789826 ], [ -8.529492267284121, 40.679484952578733 ], [ -8.529360572727999, 40.679418859606166 ], [ -8.529307862896854, 40.67938572520783 ], [ -8.52925534436015, 40.679365914082432 ], [ -8.529167419351952, 40.679299669801381 ], [ -8.529070664640443, 40.67922003992809 ], [ -8.528965119595231, 40.679133864582923 ], [ -8.528868517623671, 40.679080980078083 ], [ -8.528815846577467, 40.679034515061595 ], [ -8.528710375003639, 40.678961663182889 ], [ -8.52864011728434, 40.678921926623019 ], [ -8.528491003181996, 40.678869131630485 ], [ -8.528359555222602, 40.678843014830612 ], [ -8.528201889234156, 40.678803578097273 ], [ -8.528061644129902, 40.678770739032089 ], [ -8.527903978113896, 40.678751288724634 ], [ -8.527842709413664, 40.678731598725207 ], [ -8.527763702020684, 40.678691891542989 ], [ -8.527667147464697, 40.678645575990608 ], [ -8.527561794411456, 40.678592715788227 ], [ -8.527456252320679, 40.6785065435432 ], [ -8.527359501292167, 40.678426997756979 ], [ -8.527262827292489, 40.678360691834307 ], [ -8.527166227770522, 40.678307804986147 ], [ -8.527069595155893, 40.678228173901338 ], [ -8.527043218631489, 40.678208363512162 ], [ -8.527043061733163, 40.678181709830234 ], [ -8.527034152085051, 40.678155081508905 ], [ -8.526981004055166, 40.678048736909744 ], [ -8.526910394715475, 40.67794911021825 ], [ -8.526892105674245, 40.677815992454128 ], [ -8.526839037725194, 40.677722973268644 ], [ -8.526768310157136, 40.677603353745695 ], [ -8.52674165792329, 40.677536813115637 ], [ -8.526697458206847, 40.677463748662781 ], [ -8.526690271427231, 40.677447656718826 ], [ -8.526616277765827, 40.677375958109906 ], [ -8.526550373327673, 40.677312882195203 ], [ -8.52645813849087, 40.677256643476319 ], [ -8.526444637540008, 40.67719338805756 ], [ -8.526448600772554, 40.677123495810086 ], [ -8.52644808926015, 40.677036868402347 ], [ -8.52645640800511, 40.676963630324636 ], [ -8.526385957257343, 40.676890661477238 ], [ -8.526341724601741, 40.676810844960073 ], [ -8.526306362576239, 40.676751080511266 ], [ -8.526271314465154, 40.676744538782827 ], [ -8.526209968425354, 40.676731423701824 ], [ -8.526196717468189, 40.676711477472473 ], [ -8.526174442924475, 40.676645006443962 ], [ -8.526174226476343, 40.676608354582342 ], [ -8.526147580464441, 40.676541898429342 ], [ -8.526125482791837, 40.676505326454425 ], [ -8.526073563983593, 40.676485783780805 ], [ -8.526028700585323, 40.67639976026048 ], [ -8.525997772782608, 40.676349973593169 ], [ -8.525953730632544, 40.676303478781499 ], [ -8.525940390348838, 40.676266876072056 ], [ -8.525883340996566, 40.676240508684437 ], [ -8.525782258628743, 40.676167547302732 ], [ -8.525703209812372, 40.676121262396137 ], [ -8.525615390954512, 40.676071586207435 ], [ -8.525505774394206, 40.676015410303179 ], [ -8.525461813281664, 40.675982238987409 ], [ -8.525374059299299, 40.675942560767957 ], [ -8.525272990921716, 40.675873026233205 ], [ -8.52517658785202, 40.675831388910666 ], [ -8.52514142204312, 40.675804854989394 ], [ -8.525071131234744, 40.675758539008271 ], [ -8.525071012973461, 40.675738548062263 ], [ -8.525132083501195, 40.675705022712499 ], [ -8.525193233211024, 40.675684821925017 ], [ -8.525280402300796, 40.675644541382887 ], [ -8.52537632533233, 40.675584333339437 ], [ -8.525437277169514, 40.67553081238033 ], [ -8.525506901324121, 40.675464027102727 ], [ -8.525515455992251, 40.675430680915937 ], [ -8.525523781486475, 40.675357442861113 ], [ -8.525549718886637, 40.675304045341832 ], [ -8.525584569601996, 40.675277268147639 ], [ -8.525619506111241, 40.675263914571872 ], [ -8.52575027736008, 40.675196829405309 ], [ -8.525855026954336, 40.675149825757849 ], [ -8.525924813829031, 40.675109693903366 ], [ -8.525985726899513, 40.675049515303677 ], [ -8.526029091900863, 40.674982819956369 ], [ -8.526080979078833, 40.674876110185352 ], [ -8.526090527397994, 40.674830962072377 ], [ -8.525749832231019, 40.674760270265708 ], [ -8.525521925265693, 40.674681171521321 ], [ -8.525434167014771, 40.674641487948037 ], [ -8.525206057392868, 40.674549064400011 ], [ -8.525135180054159, 40.674402796379873 ], [ -8.524994207262997, 40.674243437775218 ], [ -8.524853585070977, 40.674124061410737 ], [ -8.524450674635968, 40.674072125561956 ], [ -8.524222928475409, 40.67401967883265 ], [ -8.523924963929417, 40.673954058935472 ], [ -8.523766488813671, 40.673794849007457 ], [ -8.523555465081843, 40.673609072277088 ], [ -8.523676822351266, 40.673408926572478 ], [ -8.523920822664744, 40.67324825744101 ], [ -8.524095239726179, 40.673141138228701 ], [ -8.524172071740773, 40.672993012224993 ], [ -8.524121682123983, 40.67281011247362 ], [ -8.524099312460649, 40.672726980051657 ], [ -8.524146551346076, 40.672573646647116 ], [ -8.524233576287093, 40.672490051854361 ], [ -8.52434662828265, 40.672386472000852 ], [ -8.524350376862726, 40.672279927865219 ], [ -8.524406717377406, 40.672186533980792 ], [ -8.524428130302383, 40.672106589623503 ], [ -8.524512663360909, 40.671980498005468 ], [ -8.524440701689901, 40.672051613099363 ], [ -8.524397290286126, 40.672111737006695 ], [ -8.524336222114687, 40.672145170124892 ], [ -8.524222797345667, 40.672205532976243 ], [ -8.524065225705604, 40.672199401035947 ], [ -8.523942386002339, 40.672146510215626 ], [ -8.52373219098531, 40.672120570879137 ], [ -8.523592122115678, 40.672094483170945 ], [ -8.523451821522594, 40.672048313763426 ], [ -8.52339596006469, 40.672041926163367 ], [ -8.523333792781063, 40.672089775158064 ], [ -8.523296669594535, 40.672091793492186 ], [ -8.523254446241092, 40.672091936172222 ], [ -8.523212197904082, 40.672067498552465 ], [ -8.52319198871683, 40.672009031764738 ], [ -8.523191911594697, 40.67199579810444 ], [ -8.523196453549067, 40.671924011971598 ], [ -8.523205878151609, 40.67183707714139 ], [ -8.523228069742997, 40.671808727894344 ], [ -8.523235495107308, 40.671804923357612 ], [ -8.523314281418061, 40.671727209509235 ], [ -8.523378393070169, 40.671668460459024 ], [ -8.523462420842044, 40.671617115588937 ], [ -8.523573197387558, 40.671569554204922 ], [ -8.5236346134624, 40.671555030158281 ], [ -8.523668734171588, 40.671544825413179 ], [ -8.523710555867556, 40.671537119641485 ], [ -8.52373354517505, 40.671525337915739 ], [ -8.523764268691851, 40.671500468994175 ], [ -8.523791727172057, 40.671483172709969 ], [ -8.523829104051787, 40.671463688831857 ], [ -8.523853344315979, 40.671463606801318 ], [ -8.523895053553099, 40.671455895940284 ], [ -8.523911618732274, 40.67145755084627 ], [ -8.52393361898798, 40.67145747548004 ], [ -8.523965624340992, 40.671450614203664 ], [ -8.523995168861703, 40.671426198566941 ], [ -8.524002795043138, 40.671416088817473 ], [ -8.524011620991628, 40.671407685978131 ], [ -8.524018193898058, 40.671399285362959 ], [ -8.524065347846451, 40.671373281019314 ], [ -8.524074176147341, 40.671366498188 ], [ -8.524083977460409, 40.671343861251657 ], [ -8.524084892261644, 40.671318648324693 ], [ -8.524081454650823, 40.671296866677537 ], [ -8.524064746314592, 40.671270897559815 ], [ -8.524046994227444, 40.671248264767932 ], [ -8.524030284736501, 40.671223106109572 ], [ -8.524004845820933, 40.67120140435042 ], [ -8.523967292978369, 40.671170464719246 ], [ -8.523929561818219, 40.671128626783883 ], [ -8.523873150890962, 40.67108937799172 ], [ -8.523820124570452, 40.671061822572277 ], [ -8.523780244770345, 40.671037643692195 ], [ -8.523751860733411, 40.67101811036833 ], [ -8.523717131111534, 40.67100498943757 ], [ -8.523662335911357, 40.670978702446881 ], [ -8.523635090291659, 40.67097123300352 ], [ -8.52359785621101, 40.670954336556363 ], [ -8.523570359299118, 40.670924262396746 ], [ -8.523510598675673, 40.670877190299414 ], [ -8.523485541348229, 40.670839546271637 ], [ -8.523418370585881, 40.67080006257877 ], [ -8.523383692715754, 40.67079639584702 ], [ -8.523363893551213, 40.670807811019763 ], [ -8.52333700315949, 40.670860852906614 ], [ -8.523332210607295, 40.670891035353151 ], [ -8.523322387576853, 40.670909979301634 ], [ -8.52331758451607, 40.670938360759003 ], [ -8.523300379791378, 40.670968586050826 ], [ -8.523280770073795, 40.67099323809407 ], [ -8.5232685295303, 40.671023536657046 ], [ -8.523243761330539, 40.671034877647898 ], [ -8.523233883142662, 40.671044365499235 ], [ -8.523184424675746, 40.67106155227372 ], [ -8.523144806223437, 40.671061686112559 ], [ -8.523081032066084, 40.671057308914762 ], [ -8.523040980148856, 40.671043127843568 ], [ -8.52296890527729, 40.671015098754637 ], [ -8.522909209856191, 40.670979368073922 ], [ -8.522829577713296, 40.670932453659887 ], [ -8.522740102214035, 40.670881697504505 ], [ -8.522680364733954, 40.670838495298625 ], [ -8.522665098059573, 40.670776231379875 ], [ -8.522677437902162, 40.670762955822482 ], [ -8.522741338858571, 40.670668273797688 ], [ -8.52274605460053, 40.670624852306226 ], [ -8.522740952964478, 40.670602180221884 ], [ -8.522688716299054, 40.670568316229812 ], [ -8.522661199126759, 40.67053445976893 ], [ -8.522641200665239, 40.670511837938093 ], [ -8.522670777838261, 40.67047391754749 ], [ -8.522697834213115, 40.670449330530914 ], [ -8.522717563432289, 40.670424677280543 ], [ -8.522732277909341, 40.670392482951392 ], [ -8.522761759235829, 40.670358432360409 ], [ -8.52280369343276, 40.670309213832724 ], [ -8.522830828605802, 40.670297774894692 ], [ -8.522867810457781, 40.670251542046984 ], [ -8.52295159797532, 40.670179487472147 ], [ -8.522973659168118, 40.670130245025966 ], [ -8.522988307904145, 40.670086795384456 ], [ -8.523022708803824, 40.67004318178514 ], [ -8.523034673254774, 40.669965699143667 ], [ -8.52303939269035, 40.669924170499172 ], [ -8.523041700020837, 40.669893905500835 ], [ -8.523036516647933, 40.669856193349737 ], [ -8.523021404723156, 40.669820311248245 ], [ -8.523013696458257, 40.669776931694138 ], [ -8.522993739268646, 40.669741071353279 ], [ -8.522958699609797, 40.669695897508376 ], [ -8.522880479120806, 40.669626913102071 ], [ -8.522807959512216, 40.669602663954116 ], [ -8.522531556976583, 40.669539846547117 ], [ -8.522355594003807, 40.669502169014265 ], [ -8.522070612658286, 40.669407503091669 ], [ -8.521861370072248, 40.669401814138986 ], [ -8.521736260254283, 40.669465997867043 ], [ -8.521661414078658, 40.669549186931114 ], [ -8.521577795645907, 40.669568555545219 ], [ -8.521536080506406, 40.669575093123576 ], [ -8.521427277931881, 40.669575460892119 ], [ -8.521335081742427, 40.669543894592373 ], [ -8.521234493570429, 40.669512357328763 ], [ -8.521209308376518, 40.669493351126498 ], [ -8.521083454655873, 40.669449112278826 ], [ -8.521032640875481, 40.66933456045583 ], [ -8.521084210535554, 40.669213449294894 ], [ -8.521083582780427, 40.669105746538328 ], [ -8.521056087273978, 40.669075588015673 ], [ -8.521043439914807, 40.669036004367477 ], [ -8.521015920773815, 40.668981349279029 ], [ -8.521018141317059, 40.668935954199455 ], [ -8.521032791636383, 40.668913215672468 ], [ -8.521045066202509, 40.668888678697989 ], [ -8.521106769820758, 40.668843086451105 ], [ -8.521136452216457, 40.668822274921915 ], [ -8.52115607306386, 40.668799515172346 ], [ -8.521195669785143, 40.668776686479141 ], [ -8.521249871857405, 40.668721755841389 ], [ -8.52128671288469, 40.668670572943938 ], [ -8.521294095835387, 40.668659290818631 ], [ -8.521306191918374, 40.668604407150355 ], [ -8.521311040714313, 40.668583589013643 ], [ -8.521328278650152, 40.668559039822973 ], [ -8.521335523212931, 40.668523082321151 ], [ -8.521340175141386, 40.668489120966797 ], [ -8.521349843652713, 40.668443700834359 ], [ -8.521404165979208, 40.66840957065201 ], [ -8.521458585986579, 40.668372105518152 ], [ -8.521488176785596, 40.668356964731636 ], [ -8.521507948570624, 40.668339880342444 ], [ -8.521522708213787, 40.668315244004013 ], [ -8.521534895456485, 40.668296293147236 ], [ -8.521569298363927, 40.668233861053082 ], [ -8.521581473890846, 40.668192311872374 ], [ -8.52159607993587, 40.668162004613791 ], [ -8.52161071813595, 40.668116657787522 ], [ -8.521655148117592, 40.668069232285809 ], [ -8.521704730571642, 40.66807473595339 ], [ -8.521744138031233, 40.668038764728422 ], [ -8.521746369032389, 40.667995260668938 ], [ -8.521701286057736, 40.667910408533331 ], [ -8.52165120917098, 40.667819897253608 ], [ -8.52159372354047, 40.667757776119522 ], [ -8.521535593163788, 40.667686020741087 ], [ -8.521523945250733, 40.66767642354052 ], [ -8.521484120374934, 40.66764063065618 ], [ -8.521436878487638, 40.667610624181542 ], [ -8.521414390701853, 40.667588005094153 ], [ -8.521364698970809, 40.667563592707303 ], [ -8.521312566952638, 40.667546836555985 ], [ -8.521285192566033, 40.667537473206835 ], [ -8.521233038159945, 40.667516848493094 ], [ -8.521158500699677, 40.667490625753082 ], [ -8.521133622002868, 40.667483147758212 ], [ -8.52110634636356, 40.667470000081096 ], [ -8.521066469039116, 40.667426729371371 ], [ -8.521014064394164, 40.667383505236309 ], [ -8.520951977444208, 40.66736291376278 ], [ -8.520892386144913, 40.667344204050067 ], [ -8.520817832123624, 40.667316086466236 ], [ -8.520721212904844, 40.667316411754662 ], [ -8.5206617749916, 40.667324180078289 ], [ -8.520594839270659, 40.667324405625934 ], [ -8.520495496094448, 40.667304029879375 ], [ -8.520378825446226, 40.667272273854543 ], [ -8.520311835088664, 40.667263044039572 ], [ -8.520275043211706, 40.667321699827141 ], [ -8.520212535151629, 40.667351357066643 ], [ -8.520107395131065, 40.667350272289156 ], [ -8.519996654155323, 40.667341819278775 ], [ -8.519927169365905, 40.667330705621943 ], [ -8.519766871788242, 40.667342592582038 ], [ -8.51966615942397, 40.667350494999674 ], [ -8.519575251884191, 40.667357104695654 ], [ -8.519413517265832, 40.667385385303433 ], [ -8.519316032510902, 40.667399491054304 ], [ -8.519221919613686, 40.667403585255705 ], [ -8.519139321685607, 40.667415210591813 ], [ -8.519028602529838, 40.667410540533794 ], [ -8.518843510458563, 40.667408640286688 ], [ -8.518843466885613, 40.667401077927856 ], [ -8.518843881207566, 40.667288873579423 ], [ -8.518832354772714, 40.667197240805713 ], [ -8.518782464487062, 40.667077999489003 ], [ -8.518721643022729, 40.666969786311832 ], [ -8.518645949723544, 40.666846490543811 ], [ -8.518578571117912, 40.666809972783426 ], [ -8.518563691029081, 40.666753020907869 ], [ -8.518535920839044, 40.66667396214801 ], [ -8.518517450379635, 40.666629541177009 ], [ -8.51847337798616, 40.666575564762809 ], [ -8.518440285680512, 40.666538127426129 ], [ -8.518427022396789, 40.666453433442726 ], [ -8.518399268539413, 40.666377162578414 ], [ -8.518393581601115, 40.666335492318318 ], [ -8.51848521988817, 40.666209923382254 ], [ -8.518421215102855, 40.666185371984746 ], [ -8.518354106001865, 40.666134718740686 ], [ -8.518302827123655, 40.666081133709248 ], [ -8.518241957873883, 40.666026404573572 ], [ -8.518235142669059, 40.666013278017751 ], [ -8.518231325863594, 40.665986460870585 ], [ -8.518230020490659, 40.665965119469519 ], [ -8.518216506176518, 40.665940131189011 ], [ -8.518209113986751, 40.665929080436776 ], [ -8.518205340103528, 40.665910545161346 ], [ -8.518196641904231, 40.665878244860998 ], [ -8.518180614016488, 40.665826428776739 ], [ -8.518165742767092, 40.665770915829548 ], [ -8.518152070426384, 40.665717205310614 ], [ -8.518142075430056, 40.665685808941724 ], [ -8.518138306763483, 40.665668175059245 ], [ -8.518134618364673, 40.665644140063691 ], [ -8.51813077963962, 40.66561452869319 ], [ -8.518131849310949, 40.665594891244901 ], [ -8.518126860318622, 40.665569873623546 ], [ -8.518123017610819, 40.665539362653327 ], [ -8.518118063983053, 40.665521727317817 ], [ -8.518115613900992, 40.66550696707651 ], [ -8.51811543667003, 40.665476352931776 ], [ -8.518111624880417, 40.665451422335813 ], [ -8.518105383224349, 40.665434782758851 ], [ -8.51810523927038, 40.665409748981041 ], [ -8.518099081871386, 40.665388429157282 ], [ -8.518098878727152, 40.665353307130822 ], [ -8.518096303540494, 40.665337560343644 ], [ -8.51809613717263, 40.665308833636793 ], [ -8.518092483500777, 40.665289392038844 ], [ -8.51809223742479, 40.665246803101951 ], [ -8.518087165428229, 40.665229349161955 ], [ -8.518101215169979, 40.665205168571845 ], [ -8.518155589386263, 40.6651598697648 ], [ -8.518296388172983, 40.665069260614281 ], [ -8.518437161888178, 40.664995936720487 ], [ -8.518509786867526, 40.664936708038866 ], [ -8.518527857790003, 40.664912423922722 ], [ -8.518554915398401, 40.664867221506654 ], [ -8.518604607610053, 40.664790780367071 ], [ -8.518613553663972, 40.664763013799735 ], [ -8.518781549046485, 40.664651420447989 ], [ -8.518949477500325, 40.664550267621586 ], [ -8.51907215508899, 40.66447700882037 ], [ -8.519280984813202, 40.664351494984544 ], [ -8.519389843740921, 40.664260900356517 ], [ -8.519530491515299, 40.664145970941227 ], [ -8.519661468706689, 40.664035310641779 ], [ -8.519692963816833, 40.664021517401771 ], [ -8.51974937789365, 40.664001336222967 ], [ -8.519823256151234, 40.66397623465798 ], [ -8.519951411535773, 40.663929338002781 ], [ -8.520046979799105, 40.663890834231211 ], [ -8.520146856673374, 40.663842412095441 ], [ -8.520255487777368, 40.663793956019013 ], [ -8.520418253359464, 40.66372037856047 ], [ -8.520561542779687, 40.663653529122712 ], [ -8.520633020646398, 40.663621229187562 ], [ -8.520726391048552, 40.66357111290818 ], [ -8.520845760806901, 40.663519294630639 ], [ -8.520954383363183, 40.663469132352056 ], [ -8.521028217288794, 40.66343574184107 ], [ -8.521093278151284, 40.663398959712246 ], [ -8.521214880747452, 40.663343802551537 ], [ -8.521316893918575, 40.663296992243779 ], [ -8.52153985156929, 40.663203394123443 ], [ -8.52164629248059, 40.663164852449732 ], [ -8.521737424623383, 40.663116458359603 ], [ -8.521880829341823, 40.663069508233946 ], [ -8.522009000883429, 40.663025940235322 ], [ -8.522098173617168, 40.663007357644567 ], [ -8.522200326573381, 40.662983779324215 ], [ -8.522334612541858, 40.662955231631734 ], [ -8.522422147223097, 40.662939084797493 ], [ -8.522548319470204, 40.662918665229249 ], [ -8.522683099385366, 40.66289335551204 ], [ -8.522961422563874, 40.662864221980065 ], [ -8.523060394476119, 40.66286388597868 ], [ -8.523210568812123, 40.662861756895872 ], [ -8.523382573495606, 40.662852799985721 ], [ -8.523445625338692, 40.662855916954946 ], [ -8.523556731519568, 40.66286715702838 ], [ -8.523674300412647, 40.662871709536532 ], [ -8.523820271209297, 40.662879586873672 ], [ -8.52405745304719, 40.662893638936239 ], [ -8.524575709473595, 40.662925105701035 ], [ -8.524884905950474, 40.662938997440378 ], [ -8.525274538462355, 40.662955858840967 ], [ -8.525575045440707, 40.662979776641109 ], [ -8.525762327993183, 40.662994086646094 ], [ -8.525906118909717, 40.663013496226675 ], [ -8.525996199228512, 40.663028048223062 ], [ -8.526083458035606, 40.663046030800949 ], [ -8.526203263274359, 40.663068853538306 ], [ -8.526349347510983, 40.663094916754886 ], [ -8.526652256603068, 40.663165198191763 ], [ -8.526821363615136, 40.663205594151556 ], [ -8.527000357673463, 40.663238660179225 ], [ -8.52737960065966, 40.66331867587855 ], [ -8.527717373464407, 40.663383882644567 ], [ -8.527978883608908, 40.663432690655462 ], [ -8.528054162984468, 40.663443868808663 ], [ -8.528479070600126, 40.663527055687751 ], [ -8.528725340702822, 40.663577625162361 ], [ -8.528906269670406, 40.663616805089724 ], [ -8.528989145664926, 40.663633089516601 ], [ -8.529167879344618, 40.663660748192868 ], [ -8.529292071742804, 40.663685178097793 ], [ -8.529387928937037, 40.66369646127378 ], [ -8.529440226712685, 40.663701231897583 ], [ -8.529568704350826, 40.66371078743159 ], [ -8.529737905873105, 40.663726683034589 ], [ -8.530064520991221, 40.663745456584181 ], [ -8.530306231876249, 40.663764523105385 ], [ -8.530639429355405, 40.663776695939326 ], [ -8.530933398879011, 40.663793869344033 ], [ -8.53124042389339, 40.663799467718604 ], [ -8.531503472734608, 40.663807654703952 ], [ -8.531829745755381, 40.663827415903825 ], [ -8.531887168628025, 40.663839459174064 ], [ -8.531954431906891, 40.663854713873903 ], [ -8.532178575903641, 40.66388338348915 ], [ -8.532506821929875, 40.663936633233398 ], [ -8.532910315169145, 40.663995744113123 ], [ -8.53306107127387, 40.664012242618689 ], [ -8.533264915864152, 40.664047189469962 ], [ -8.533368677060338, 40.664074836683547 ], [ -8.53371327730067, 40.664154318574276 ], [ -8.534080251689369, 40.664236785284373 ], [ -8.534149505511138, 40.664248972748958 ], [ -8.534263740431969, 40.664268746516186 ], [ -8.534339116712568, 40.664276228128585 ], [ -8.534449158362477, 40.664286738299964 ], [ -8.534601869006005, 40.664293949114395 ], [ -8.534800280360653, 40.664290105445964 ], [ -8.53511358950197, 40.66425803292389 ], [ -8.535516786477572, 40.66422897641911 ], [ -8.535805399681758, 40.664201306042976 ], [ -8.536102648852415, 40.664173610208337 ], [ -8.536522404735491, 40.664145573914645 ], [ -8.537108427549979, 40.664116861721403 ], [ -8.537283284181319, 40.664089592815614 ], [ -8.537423504156317, 40.664142407763897 ], [ -8.537502298767871, 40.664148793825809 ], [ -8.537738975868594, 40.664214507169575 ], [ -8.537835437060481, 40.664247488971903 ], [ -8.537940647743714, 40.664300336846011 ], [ -8.53802852181285, 40.664360002868406 ], [ -8.53809010124102, 40.664413004503707 ], [ -8.538169267336871, 40.664479362951859 ], [ -8.538257416433686, 40.664585578934798 ], [ -8.538390023892569, 40.664824828231311 ], [ -8.538575414395531, 40.665090540894653 ], [ -8.538796252972014, 40.665429343076035 ], [ -8.538981445375258, 40.665681730868315 ], [ -8.539087347353522, 40.665827776489692 ], [ -8.539299646686748, 40.666199923039237 ], [ -8.539458223250447, 40.666392434035096 ], [ -8.539484680172947, 40.666425657179936 ], [ -8.539511096676623, 40.666452217569834 ], [ -8.539616717212098, 40.666551713489739 ], [ -8.53971334454406, 40.666611342881353 ], [ -8.539766054764149, 40.666644386158005 ], [ -8.540007519934829, 40.666775545190355 ], [ -8.540314748269401, 40.666947531565462 ], [ -8.540604433275334, 40.667113006191897 ], [ -8.540929283183567, 40.667284933229489 ], [ -8.54121010626876, 40.66743044625256 ], [ -8.541359605793897, 40.667549771427595 ], [ -8.54176404447305, 40.667874585473008 ], [ -8.542010228544566, 40.668080105873628 ], [ -8.542238789334855, 40.66824580000668 ], [ -8.542441130562779, 40.668418243219747 ], [ -8.542889667603392, 40.668796114472144 ], [ -8.54324189965817, 40.669014582468002 ], [ -8.5433990372683, 40.669085339338899 ], [ -8.543639355602089, 40.669200648468319 ], [ -8.54381554445964, 40.66927313895502 ], [ -8.54400324513543, 40.669352073691677 ], [ -8.544450731265403, 40.669538948494441 ], [ -8.544629808230964, 40.669619619398674 ], [ -8.544856903075395, 40.669718312738922 ], [ -8.544987867036889, 40.669782589733941 ], [ -8.545088970889799, 40.669818788909694 ], [ -8.545169694586892, 40.669848395142424 ], [ -8.545329240904609, 40.669945708571966 ], [ -8.545370800328392, 40.669972032534083 ], [ -8.545429823906728, 40.670011714443461 ], [ -8.545528282672006, 40.670097629122097 ], [ -8.545624668047493, 40.670193458552156 ], [ -8.545659791712286, 40.670231510252222 ], [ -8.545690517896027, 40.670266251164783 ], [ -8.545729965008556, 40.670314194823099 ], [ -8.545758538732281, 40.67036389280274 ], [ -8.545792559778041, 40.670415096772032 ], [ -8.545892223020072, 40.670370885599723 ], [ -8.545926092623606, 40.670358968708094 ], [ -8.546011981736525, 40.670325429113589 ], [ -8.546116282063366, 40.670285252566835 ], [ -8.546157799825046, 40.670267364872856 ], [ -8.546200297372543, 40.670253973515244 ], [ -8.54622828170141, 40.670247210506822 ], [ -8.546249513890805, 40.6702383086228 ], [ -8.546268865097032, 40.670230856985761 ], [ -8.546287146255729, 40.670222685163218 ], [ -8.546323874782946, 40.670213726911143 ], [ -8.546367387248162, 40.670193669874635 ], [ -8.546490994859989, 40.670139196700234 ], [ -8.546544049128954, 40.670112441648662 ], [ -8.54661257033818, 40.67008202913587 ], [ -8.546719782991099, 40.670035173324415 ], [ -8.546782547291544, 40.670009823297598 ], [ -8.546875749278453, 40.669972658414686 ], [ -8.546964561164044, 40.669933980123147 ], [ -8.54702028266288, 40.669917657625582 ], [ -8.547130379094551, 40.669877458483008 ], [ -8.547221102215953, 40.669842461636556 ], [ -8.547255212294468, 40.669831263000965 ], [ -8.547327016119024, 40.669814439617959 ], [ -8.547401035840759, 40.669812456776853 ], [ -8.547492395744831, 40.669802224205498 ], [ -8.547555535102155, 40.669800285716178 ], [ -8.547583872341118, 40.66981179789768 ], [ -8.547634276126319, 40.669853129642135 ], [ -8.547675809258468, 40.669876217329801 ], [ -8.547728268215392, 40.669905832300266 ], [ -8.547800191409564, 40.669927184486504 ], [ -8.547800140104341, 40.669918902664932 ], [ -8.547843791178783, 40.669920365902442 ], [ -8.547872128512152, 40.669931877111978 ], [ -8.547898213801034, 40.669923500499991 ], [ -8.547972200602759, 40.669916570900284 ], [ -8.548067925734898, 40.669904606714418 ], [ -8.548170214044832, 40.669884335950073 ], [ -8.548215983824587, 40.669884170509668 ], [ -8.548233402429361, 40.669889149850803 ], [ -8.548257272510989, 40.669885733035663 ], [ -8.548318419559472, 40.669905412671966 ], [ -8.548383801167079, 40.66992174695369 ], [ -8.548475528635997, 40.669951310395348 ], [ -8.54860430983635, 40.670007218175563 ], [ -8.548735356007581, 40.670064827729831 ], [ -8.54877689671609, 40.670087910490068 ], [ -8.548803149867508, 40.670107716382013 ], [ -8.548831535911841, 40.670125889165 ], [ -8.548851350136529, 40.670155717509886 ], [ -8.548871118255597, 40.670177167657137 ], [ -8.548888701412693, 40.670208619546784 ], [ -8.548950141212483, 40.670351309477375 ], [ -8.548992049582095, 40.670452375136939 ], [ -8.549016504254151, 40.670523604865835 ], [ -8.549040848334288, 40.670578360128253 ], [ -8.549038787637494, 40.670608170881586 ], [ -8.54905357460628, 40.670664666136346 ], [ -8.549053800669501, 40.670701046888354 ], [ -8.549074507972929, 40.670759593789342 ], [ -8.549099631439759, 40.670824793063147 ], [ -8.549131936880231, 40.670884379680246 ], [ -8.549153927555917, 40.670920856707781 ], [ -8.549189013098573, 40.670971608277725 ], [ -8.549196307418907, 40.670966001522075 ], [ -8.549196141682215, 40.670939528882627 ], [ -8.54919738966654, 40.670911788631386 ], [ -8.549191344812131, 40.670872006906215 ], [ -8.549189799922244, 40.670851030555404 ], [ -8.549185328585668, 40.67083663938466 ], [ -8.549180808311595, 40.670813423377261 ], [ -8.549171831072263, 40.670776985010349 ], [ -8.549168851815848, 40.670753762548763 ], [ -8.549162902707099, 40.670729380123504 ], [ -8.549161239177963, 40.67070948391261 ], [ -8.549161093599984, 40.670686252140293 ], [ -8.549166953252632, 40.670677405112286 ], [ -8.549168312700283, 40.670667406336683 ], [ -8.549176957879729, 40.670650804871549 ], [ -8.549185527413185, 40.670640871065721 ], [ -8.549201409341331, 40.670627483560949 ], [ -8.549212932970828, 40.670616366641333 ], [ -8.54923901497982, 40.670607446730642 ], [ -8.549295525672388, 40.670585091367847 ], [ -8.549376702810296, 40.670554988201587 ], [ -8.549482450454397, 40.670519215906388 ], [ -8.549627278346449, 40.67047330776591 ], [ -8.549823346781801, 40.670414422757325 ], [ -8.55019130944606, 40.670286927993274 ], [ -8.550321338404089, 40.670239089511767 ], [ -8.550363407925996, 40.670233441668543 ], [ -8.550389558703168, 40.670235602044194 ], [ -8.550408555812538, 40.670247689393285 ], [ -8.550388387619281, 40.670275407987539 ], [ -8.550371186316438, 40.67030419286823 ], [ -8.55033799205869, 40.670348619791454 ], [ -8.550320826712374, 40.670382990407589 ], [ -8.550335454756164, 40.670396175970275 ], [ -8.550388046653421, 40.670446863018391 ], [ -8.550450676609522, 40.670495354333106 ], [ -8.55048435016827, 40.670528367837115 ], [ -8.550509191286361, 40.670548270295136 ], [ -8.550542345422347, 40.670573273808579 ], [ -8.550578671616464, 40.670614026595999 ], [ -8.550628254524293, 40.670655898498374 ], [ -8.550688687759161, 40.670712408575469 ], [ -8.550742120700551, 40.670746165502663 ], [ -8.550805129740798, 40.670759985558512 ], [ -8.550822703503188, 40.670790898677197 ], [ -8.550831725445519, 40.670834356239745 ], [ -8.550846555844981, 40.670878608650092 ], [ -8.550898895037054, 40.670888684208052 ], [ -8.550904643181841, 40.670882091476123 ], [ -8.550920981722347, 40.670865733097202 ], [ -8.550949902659681, 40.670838340241403 ], [ -8.55097291381357, 40.670810973268715 ], [ -8.550991264604253, 40.670794698548896 ], [ -8.551020106475223, 40.670773973348453 ], [ -8.551051084699344, 40.670753506058645 ], [ -8.551104732162118, 40.67072783008409 ], [ -8.551148181876844, 40.670715514074004 ], [ -8.551197550110196, 40.670705336043426 ], [ -8.551232381270184, 40.670696388504552 ], [ -8.551259801336894, 40.670674133921167 ], [ -8.55128145155205, 40.670656316336476 ], [ -8.551294484363817, 40.670641857348684 ], [ -8.551294408451707, 40.67062970612146 ], [ -8.551298540871407, 40.670608708336005 ], [ -8.551314507153105, 40.670590907729135 ], [ -8.551336157332498, 40.670573091034612 ], [ -8.551350702898214, 40.670573037446502 ], [ -8.551375300260016, 40.670571866830358 ], [ -8.551395676954717, 40.670577377085422 ], [ -8.551405513740855, 40.670581029944458 ], [ -8.551421050422434, 40.670588360553268 ], [ -8.551457565092571, 40.670545451259734 ], [ -8.551479804190418, 40.670527633304928 ], [ -8.551551011750476, 40.670472802468858 ], [ -8.55156319968092, 40.670483071857099 ], [ -8.551581082469598, 40.670477105093383 ], [ -8.551633190016258, 40.670450352939369 ], [ -8.551679633034981, 40.670444688763794 ], [ -8.55170346048738, 40.670435775569196 ], [ -8.551731742408601, 40.670419373775019 ], [ -8.551770941005721, 40.67038924641691 ], [ -8.551801241798316, 40.670374367254368 ], [ -8.551825665737526, 40.670365904828827 ], [ -8.551841077119937, 40.67035207111325 ], [ -8.551864270560724, 40.670335778691609 ], [ -8.551888160265532, 40.670335692047125 ], [ -8.551908148194777, 40.670336157155404 ], [ -8.551922875639967, 40.670327186870857 ], [ -8.551931953320471, 40.670322741436905 ], [ -8.551948672981005, 40.67030989442452 ], [ -8.551964688636449, 40.670300023452675 ], [ -8.551982749483834, 40.670294553063101 ], [ -8.552000205592163, 40.670286564332862 ], [ -8.552013616267727, 40.670275259284857 ], [ -8.552021557472418, 40.670259112217408 ], [ -8.552034962553318, 40.670246725672811 ], [ -8.552065783096882, 40.670220049654581 ], [ -8.552076095208617, 40.670204790889926 ], [ -8.552089508684412, 40.670193937879624 ], [ -8.552104326721086, 40.670180554736447 ], [ -8.552121057829316, 40.670170681146487 ], [ -8.552129982814277, 40.670160741329468 ], [ -8.552129898788115, 40.670147506816008 ], [ -8.552121327060739, 40.670119977766504 ], [ -8.552121356496531, 40.670114666442473 ], [ -8.552134842436594, 40.670106513797968 ], [ -8.552150841474695, 40.670092677907931 ], [ -8.55217016596997, 40.670081260427033 ], [ -8.552203720543233, 40.67007627677738 ], [ -8.552220523710364, 40.670078107760737 ], [ -8.5522418421879, 40.670081989925649 ], [ -8.552256616354082, 40.670080497276757 ], [ -8.552276684087593, 40.670075020456309 ], [ -8.552295293790378, 40.67006315709461 ], [ -8.552310091948142, 40.670046799607263 ], [ -8.552322479374233, 40.67004189457176 ], [ -8.552368883205071, 40.670029839330617 ], [ -8.5524242655209, 40.670016397996051 ], [ -8.552484875322966, 40.670006364995267 ], [ -8.552536526041552, 40.67000176307436 ], [ -8.552608201612092, 40.670002402296866 ], [ -8.552664944647731, 40.669998320322996 ], [ -8.552772050671878, 40.66999099534425 ], [ -8.552800075545756, 40.669990445927191 ], [ -8.552852955171174, 40.669993221791742 ], [ -8.552883310881581, 40.669987167158524 ], [ -8.552909792229785, 40.669985088854702 ], [ -8.552973618741248, 40.669979003451438 ], [ -8.552998777696263, 40.669973507091427 ], [ -8.553023216582048, 40.669967474838742 ], [ -8.553060708212595, 40.66995797316342 ], [ -8.553087996025294, 40.669962287318739 ], [ -8.553105993179862, 40.669965732950132 ], [ -8.553129885556951, 40.669966093593423 ], [ -8.553156387514289, 40.669968433067865 ], [ -8.553179000705317, 40.669971318886475 ], [ -8.553201620428814, 40.669976187603339 ], [ -8.553237156869463, 40.669985874781268 ], [ -8.553267615721408, 40.669995128368384 ], [ -8.553297362218837, 40.670005827159308 ], [ -8.553323908567894, 40.670014104406931 ], [ -8.553355536771654, 40.670022361351307 ], [ -8.553381531255335, 40.670037488984633 ], [ -8.553387943785594, 40.670040885786463 ], [ -8.553415803834683, 40.670052131720226 ], [ -8.55343914577808, 40.670058436778888 ], [ -8.553459755350918, 40.670064304225974 ], [ -8.553481780583654, 40.670068098040282 ], [ -8.553496573362734, 40.670069574151583 ], [ -8.553512069987484, 40.670070509192335 ], [ -8.553529586321883, 40.670072336487991 ], [ -8.553555025963568, 40.670073682872584 ], [ -8.553595816097657, 40.670090732302093 ], [ -8.55370913858315, 40.670150832129359 ], [ -8.553734425934337, 40.670165956855548 ], [ -8.553762210822583, 40.670184045065731 ], [ -8.553787514066293, 40.670201694756578 ], [ -8.553817344259064, 40.670224365408664 ], [ -8.553831612977715, 40.67023710428294 ], [ -8.553870008802971, 40.670267397156913 ], [ -8.553919223944165, 40.670307109559744 ], [ -8.553943303327038, 40.670337007931252 ], [ -8.553955688404498, 40.670350739715388 ], [ -8.553964177428551, 40.670365930119544 ], [ -8.553976666168559, 40.670395959880992 ], [ -8.553985187199618, 40.670415110616297 ], [ -8.553995637120693, 40.670440644349206 ], [ -8.554011632470942, 40.670426270610598 ], [ -8.554034812936571, 40.670407994874829 ], [ -8.554068279394921, 40.670388243516875 ], [ -8.55411444710685, 40.670376454987249 ], [ -8.554147956888887, 40.670364537898152 ], [ -8.554179441427731, 40.670350101349733 ], [ -8.554207175723045, 40.670340187331163 ], [ -8.554232317060263, 40.670332261186878 ], [ -8.554242814176986, 40.670328438050873 ], [ -8.55429880375258, 40.670316795526603 ], [ -8.554354878945734, 40.670301283164946 ], [ -8.554382639746644, 40.67029577611077 ], [ -8.55440388618444, 40.670289308560257 ], [ -8.55445350610848, 40.670281291248052 ], [ -8.5544818711665, 40.670278214246537 ], [ -8.554514851997524, 40.670275662499819 ], [ -8.554562665364973, 40.670280891054155 ], [ -8.554597507383274, 40.670292557870368 ], [ -8.554615079469446, 40.670302849605662 ], [ -8.554659819138143, 40.670345462368203 ], [ -8.554676134201415, 40.670364040687531 ], [ -8.55468593599077, 40.670379765651688 ], [ -8.554691368948037, 40.67043530287026 ], [ -8.55469366727006, 40.670480053500476 ], [ -8.55468478484282, 40.670515476032627 ], [ -8.55467856963655, 40.670543053475363 ], [ -8.554669007425776, 40.67056424770545 ], [ -8.554659462061709, 40.670588869219721 ], [ -8.554653823474437, 40.670613923123554 ], [ -8.554649437178702, 40.670630685948758 ], [ -8.554743753312868, 40.670601974562516 ], [ -8.55482593597214, 40.67058168217266 ], [ -8.554955461298812, 40.670547260639815 ], [ -8.555036688662307, 40.6705253506695 ], [ -8.555159481652774, 40.670492388924281 ], [ -8.555224302987808, 40.67047522325025 ], [ -8.555279400245601, 40.670454309145512 ], [ -8.555312399176183, 40.670473369379735 ], [ -8.555329871879502, 40.670486630355391 ], [ -8.555373685182879, 40.670514476938465 ], [ -8.555387310604718, 40.670537296496107 ], [ -8.555377733977473, 40.670555794706075 ], [ -8.555357712756356, 40.67058756412726 ], [ -8.555340556129245, 40.670615230244969 ], [ -8.555382049074503, 40.67062151535913 ], [ -8.555417873670478, 40.670619221306545 ], [ -8.55548080025434, 40.670621152360681 ], [ -8.555543665778934, 40.670612095563463 ], [ -8.555570936924383, 40.67062307117542 ], [ -8.555614682104622, 40.670659019816654 ], [ -8.555647730770517, 40.67066700438221 ], [ -8.555681498055405, 40.670658053992092 ], [ -8.555714347068575, 40.67065352126005 ], [ -8.555737719010107, 40.670664510203402 ], [ -8.555765891385672, 40.670687280970888 ], [ -8.555791106641779, 40.670690882564251 ], [ -8.555818018439499, 40.670738959602531 ], [ -8.55584289444249, 40.670744271597165 ], [ -8.555866113212884, 40.670750849469719 ], [ -8.555887539900796, 40.670772920894507 ], [ -8.555905247125338, 40.67080455675891 ], [ -8.555894765172427, 40.670830438917207 ], [ -8.555899722204611, 40.670847348579137 ], [ -8.555903692304026, 40.670876152206993 ], [ -8.555870888636292, 40.670888067219117 ], [ -8.555871918384456, 40.670901302767014 ], [ -8.555887561388699, 40.670925378293873 ], [ -8.555901303163504, 40.670947478754776 ], [ -8.555908137655004, 40.670962222114973 ], [ -8.555935476731555, 40.671002643212212 ], [ -8.555952003594658, 40.6710159129589 ], [ -8.555971605333552, 40.671048255979116 ], [ -8.55598049129982, 40.671069654704993 ], [ -8.556001076787382, 40.67110794289492 ], [ -8.556039193250866, 40.671169035352875 ], [ -8.556050986081344, 40.671200689254313 ], [ -8.556073791914336, 40.671234912493567 ], [ -8.556126897242104, 40.671216707718038 ], [ -8.556296957535567, 40.671159980888582 ], [ -8.556440129472167, 40.671114568263654 ], [ -8.556697330124043, 40.671034055795658 ], [ -8.556942757738561, 40.670963091768655 ], [ -8.557114842856182, 40.670907890772497 ], [ -8.557106948261612, 40.670893870885401 ], [ -8.557088404718478, 40.67086062366068 ], [ -8.557107721152901, 40.670848032018974 ], [ -8.557152222506964, 40.670835354187211 ], [ -8.557212042146555, 40.670812977398363 ], [ -8.557268104197748, 40.670794312782462 ], [ -8.557305756468484, 40.670782375057875 ], [ -8.557351237575084, 40.670774824663667 ], [ -8.557361879370504, 40.670774066053617 ], [ -8.557406404776474, 40.670764265169325 ], [ -8.557439254903336, 40.670759731942624 ], [ -8.557465387239441, 40.67075891549306 ], [ -8.557496354620119, 40.67075663774655 ], [ -8.557518720870091, 40.670757998155608 ], [ -8.55753313786842, 40.670756501641918 ], [ -8.5575418695836, 40.67075350055908 ], [ -8.557556376320374, 40.670747504757827 ], [ -8.55762868693218, 40.670699328109997 ], [ -8.558256733437986, 40.670538520966993 ], [ -8.558237958970901, 40.670079783125004 ], [ -8.558475169573446, 40.669519424388845 ], [ -8.559067123795856, 40.669061307704538 ], [ -8.559821891002828, 40.668378360768635 ], [ -8.560091363781018, 40.667964298050833 ], [ -8.560205840087272, 40.66757612149356 ], [ -8.560216783588702, 40.667235870340512 ], [ -8.560090157262835, 40.666539080385668 ], [ -8.559906563137524, 40.665644035125226 ], [ -8.559707438769459, 40.665000911076902 ], [ -8.559903956886616, 40.664387572663223 ], [ -8.560415126693075, 40.663991702558349 ], [ -8.561069124415479, 40.663629883268634 ], [ -8.561547013920807, 40.663209636621275 ], [ -8.561919455839133, 40.662648046151581 ], [ -8.562189083573731, 40.66198859511239 ], [ -8.562218305186791, 40.661916986716356 ], [ -8.56241373929435, 40.66121386305111 ], [ -8.5627428036449, 40.660584802507934 ], [ -8.563030819184826, 40.659863955038581 ], [ -8.563016735192068, 40.659018076339187 ], [ -8.562878857746924, 40.658559335996536 ], [ -8.562363625601412, 40.6573971788048 ], [ -8.562101027331723, 40.656701892129327 ], [ -8.562017483266359, 40.656066809138572 ], [ -8.561975229011527, 40.655729815588707 ], [ -8.562051261260214, 40.655399496723867 ], [ -8.562614429877941, 40.654570914549225 ], [ -8.562942623963313, 40.65377616504189 ], [ -8.563000241784474, 40.653598547507166 ], [ -8.563316773892927, 40.653673547639507 ], [ -8.563581624647275, 40.653875168126696 ], [ -8.563663985722869, 40.653884948618689 ], [ -8.56372260006448, 40.653917053998413 ], [ -8.563787701460722, 40.654129239726444 ], [ -8.563788001990929, 40.654175793370143 ], [ -8.56381509369603, 40.654232512944617 ], [ -8.563764981332731, 40.654327976013548 ], [ -8.563751261371051, 40.654399979135405 ], [ -8.563734430195536, 40.65452232897605 ], [ -8.563719554976071, 40.654598749818071 ], [ -8.563728454660028, 40.654694886997326 ], [ -8.563737079805511, 40.654749607869356 ], [ -8.563694196877425, 40.654864853439982 ], [ -8.56369256851513, 40.654979040149591 ], [ -8.563668158178594, 40.655043877205941 ], [ -8.563662663643221, 40.655108644628285 ], [ -8.563654580806421, 40.655139203080694 ], [ -8.563677536416488, 40.655159829301596 ], [ -8.563731759363261, 40.655152420292829 ], [ -8.563737736194819, 40.65516230635572 ], [ -8.563763748744, 40.655162208443834 ], [ -8.563807230691383, 40.655138632012566 ], [ -8.563824827347265, 40.655135863035447 ], [ -8.563870976384987, 40.655159104243978 ], [ -8.563926272836367, 40.655134583180242 ], [ -8.563959525593935, 40.655157872467676 ], [ -8.564032441956302, 40.655133284707645 ], [ -8.564073842937427, 40.655153841112345 ], [ -8.564130420232058, 40.655144626604702 ], [ -8.564223569125977, 40.655141574628246 ], [ -8.564274234533654, 40.65513147710579 ], [ -8.564312029172058, 40.655143945869767 ], [ -8.56438440414648, 40.655145112799474 ], [ -8.56452063488199, 40.655148562569934 ], [ -8.56458623964903, 40.655163175022125 ], [ -8.564816236793312, 40.655166362284547 ], [ -8.56487454748954, 40.655151289394077 ], [ -8.564924075691179, 40.65514840174913 ], [ -8.565186969373896, 40.655046286153585 ], [ -8.565192345860053, 40.655055273873799 ], [ -8.565325008457691, 40.655054775587885 ], [ -8.565379680567597, 40.655024850381842 ], [ -8.565410932470172, 40.654920904157962 ], [ -8.565444256353627, 40.654881695300475 ], [ -8.565574361259213, 40.654759820659237 ], [ -8.565588362533253, 40.65473149299072 ], [ -8.565661830911889, 40.654609825853392 ], [ -8.565687958035898, 40.654536880019968 ], [ -8.565638096628039, 40.654487180137721 ], [ -8.565584860220886, 40.654464505585118 ], [ -8.565581018281931, 40.654419227733904 ], [ -8.565520494647075, 40.65436686078732 ], [ -8.56553802614472, 40.654335728310627 ], [ -8.565498291856768, 40.654206475072563 ], [ -8.565485386889243, 40.6541309738883 ], [ -8.565448230772427, 40.654127063399379 ], [ -8.565380670342702, 40.654082830048495 ], [ -8.565376833790554, 40.65403836172905 ], [ -8.565335532099294, 40.653941349989424 ], [ -8.565324574033585, 40.653892852409051 ], [ -8.565478358183549, 40.653868051067171 ], [ -8.565906285596821, 40.653834563473495 ], [ -8.566091614497617, 40.653842872941127 ], [ -8.566500639836967, 40.653812513065418 ], [ -8.567369457733928, 40.653758900324995 ], [ -8.567444151039785, 40.653826061582748 ], [ -8.567497179967331, 40.653998493308585 ], [ -8.567483597108703, 40.654055455975445 ], [ -8.567527166160648, 40.654227192948589 ], [ -8.567535839807661, 40.65434251792999 ], [ -8.567494377242179, 40.654494317722872 ], [ -8.567413418210423, 40.654698950608392 ], [ -8.567398013107999, 40.654784733848466 ], [ -8.567332870823604, 40.654966969939373 ], [ -8.567254410690493, 40.655138453499369 ], [ -8.566849257593489, 40.655693075111152 ], [ -8.566570458671158, 40.656076479154017 ], [ -8.566315244665272, 40.6564152168066 ], [ -8.566227378802649, 40.656377189043951 ], [ -8.566057776466371, 40.656206282664627 ], [ -8.566017013146206, 40.656175545181647 ], [ -8.565857554238315, 40.656018831287291 ], [ -8.565646034358023, 40.656094005315538 ], [ -8.565583556442578, 40.656123777074278 ], [ -8.565704258051598, 40.656246963648968 ], [ -8.565677321397001, 40.656360168151515 ], [ -8.565570298207504, 40.656631621768881 ], [ -8.565486669143066, 40.656808974981743 ], [ -8.565435369228997, 40.656939290345555 ], [ -8.565592941252806, 40.657077735044545 ], [ -8.565632074166121, 40.657132431533562 ], [ -8.565687735491636, 40.65719957962412 ], [ -8.565774976685457, 40.657287767823114 ], [ -8.565861895728412, 40.657343633236785 ], [ -8.566017391451014, 40.657435711393077 ], [ -8.566111456726832, 40.657463450208425 ], [ -8.56615762161039, 40.657470301089312 ], [ -8.566311095575788, 40.657469812764319 ], [ -8.566444526005917, 40.657458773399419 ], [ -8.566515740195269, 40.657445356831339 ], [ -8.566635202057471, 40.657433020705987 ], [ -8.56677698221425, 40.6574337490337 ], [ -8.566839123082135, 40.657425408316037 ], [ -8.567027507229575, 40.657428481809617 ], [ -8.567194536461018, 40.657420282506003 ], [ -8.567363368184177, 40.657435314827509 ], [ -8.567494732756487, 40.657452918340141 ], [ -8.5675141110945, 40.657414124269792 ], [ -8.567573549937631, 40.657354019212121 ], [ -8.567619965764685, 40.657327547771928 ], [ -8.567636829240868, 40.657338920832778 ], [ -8.567738762776951, 40.657376447008986 ], [ -8.568054855328961, 40.657488893475957 ], [ -8.568087729110019, 40.657507503021698 ], [ -8.568327465344437, 40.657588269029418 ], [ -8.568718721226922, 40.657748605104686 ], [ -8.568891595161157, 40.657802612160808 ], [ -8.569210447013763, 40.657921082977758 ], [ -8.569329754623768, 40.657902440155077 ], [ -8.569563692731585, 40.657946034297638 ], [ -8.569826851249211, 40.658009780801706 ], [ -8.569967573725361, 40.658011320572456 ], [ -8.570225200291612, 40.658042666822716 ], [ -8.570341918736226, 40.658044205150389 ], [ -8.570570061747777, 40.658015063138286 ], [ -8.570583422698839, 40.658033202884198 ], [ -8.570697806221117, 40.658021420303179 ], [ -8.570791583511722, 40.658004854747574 ], [ -8.570865658120663, 40.657976293334144 ], [ -8.570858499326425, 40.65796686508574 ], [ -8.570884887537902, 40.657934349273724 ], [ -8.570884710348718, 40.657907424603025 ], [ -8.570903934535568, 40.657881687994156 ], [ -8.570932445436712, 40.657901838738006 ], [ -8.570957128962068, 40.657896345667183 ], [ -8.571004370584392, 40.657816560261878 ], [ -8.571053956874007, 40.657804213477817 ], [ -8.571040225199857, 40.657874415530486 ], [ -8.571079858454294, 40.65785949679568 ], [ -8.57117483196868, 40.657772776418113 ], [ -8.571299722333949, 40.657668470679639 ], [ -8.571389090871618, 40.657539176219963 ], [ -8.571432625111253, 40.657416271025909 ], [ -8.571437379298462, 40.657347547423946 ], [ -8.571498582726061, 40.657232589695035 ], [ -8.571581631407385, 40.65720264568094 ], [ -8.571618483577987, 40.657160724625363 ], [ -8.571617702530888, 40.657096339094053 ], [ -8.571601009816268, 40.657056780802492 ], [ -8.57161133378427, 40.657009103546002 ], [ -8.571833548983092, 40.65643887031262 ], [ -8.571994516847825, 40.656157750504001 ], [ -8.572057680120595, 40.656071150280297 ], [ -8.572114086439528, 40.656035903172913 ], [ -8.572176480730528, 40.656030265563253 ], [ -8.572317073001731, 40.656048638970184 ], [ -8.572401123190495, 40.656099553053856 ], [ -8.572497142920776, 40.656172038353596 ], [ -8.572710647671009, 40.656417149624559 ], [ -8.57274311299593, 40.656498970034129 ], [ -8.572868050901844, 40.656743342052089 ], [ -8.572836522976001, 40.656785962742944 ], [ -8.572909239449801, 40.656946516573022 ], [ -8.572965392085417, 40.65701608976164 ], [ -8.572961646827476, 40.657040327833975 ], [ -8.572989717611312, 40.657082725126969 ], [ -8.572898741051867, 40.657165018364857 ], [ -8.572899001231196, 40.657204458051204 ], [ -8.572843749002219, 40.65727148835591 ], [ -8.572847887514948, 40.657307853328341 ], [ -8.572608472687396, 40.657831871114858 ], [ -8.572545316815956, 40.657901900344648 ], [ -8.572521971640834, 40.657983934075673 ], [ -8.572506168268035, 40.658008308966927 ], [ -8.572535071766735, 40.658159932727933 ], [ -8.572579473263103, 40.6582582780743 ], [ -8.572604020471525, 40.658358319895129 ], [ -8.572596318514917, 40.658391756441766 ], [ -8.572572631103295, 40.65842219478472 ], [ -8.57258951596131, 40.658579902201247 ], [ -8.572621737539452, 40.658625343716892 ], [ -8.572626462300123, 40.658749775725511 ], [ -8.572592096069428, 40.65897142911335 ], [ -8.572574166743545, 40.659265780467841 ], [ -8.572602357656885, 40.659308177380566 ], [ -8.572606716604691, 40.659377948736314 ], [ -8.572615063348509, 40.659711012164273 ], [ -8.572688402445268, 40.660092098356209 ], [ -8.572689638475946, 40.660279488550984 ], [ -8.572856002174898, 40.660564219467688 ], [ -8.573027203337389, 40.660757802521339 ], [ -8.573033939600174, 40.660971554052395 ], [ -8.573097541721541, 40.661238310997369 ], [ -8.573103763520763, 40.661374985095563 ], [ -8.573171795623663, 40.661488008513345 ], [ -8.573138688411364, 40.66155963447811 ], [ -8.57311220345264, 40.661578555216039 ], [ -8.572899932090897, 40.662115436280494 ], [ -8.572741975277044, 40.662370611755662 ], [ -8.572548158447223, 40.662477974704629 ], [ -8.572348789723719, 40.662569053769658 ], [ -8.572255152482164, 40.66258967596027 ], [ -8.57245136922252, 40.663312746931382 ], [ -8.57220435616062, 40.663315853164335 ], [ -8.572095940626525, 40.663302037300028 ], [ -8.571991085971465, 40.663271104369642 ], [ -8.571747701322764, 40.663215031276664 ], [ -8.571545620011007, 40.663181670255497 ], [ -8.571313270073521, 40.663077105881918 ], [ -8.570999043019304, 40.663055523106891 ], [ -8.570616193159262, 40.663082191414063 ], [ -8.570336945225659, 40.662984018095599 ], [ -8.570186765659301, 40.662876261334574 ], [ -8.570009962617714, 40.662711779181556 ], [ -8.569603984812563, 40.662926923333842 ], [ -8.569240651173036, 40.663388458961393 ], [ -8.569058624649287, 40.663545833691252 ], [ -8.569003251458351, 40.663668510610172 ], [ -8.568994130605843, 40.663973364833737 ], [ -8.569040255331748, 40.664172561404357 ], [ -8.569007936305775, 40.664385022385851 ], [ -8.569058773105006, 40.664726659460257 ], [ -8.569157362830049, 40.664937093462839 ], [ -8.569583473448105, 40.665392755403751 ], [ -8.569834721479562, 40.665511385267791 ], [ -8.570250441494318, 40.665643711063993 ], [ -8.570784600840561, 40.665821419825065 ], [ -8.571147716469133, 40.665902610787178 ], [ -8.571451266073264, 40.666006904255248 ], [ -8.571746885835639, 40.666057016234014 ], [ -8.57212844716552, 40.666101123895174 ], [ -8.572423569730379, 40.666074424172237 ], [ -8.573056701122963, 40.666177363516645 ], [ -8.57321750394873, 40.666190973394123 ], [ -8.573487241856384, 40.666278280646495 ], [ -8.573820781668722, 40.666410907856175 ], [ -8.573948316112386, 40.666490109992722 ], [ -8.573937069884499, 40.666434323002754 ], [ -8.574032132975461, 40.66644953797978 ], [ -8.574209197435927, 40.666525761792805 ], [ -8.574575354396787, 40.667207744511288 ], [ -8.574670502849999, 40.667591986477269 ], [ -8.574717580058344, 40.668360922492369 ], [ -8.574739714916131, 40.669149226531246 ], [ -8.574809792187253, 40.669570212245688 ], [ -8.575572294042068, 40.670413390575462 ], [ -8.576080199745656, 40.670885730581332 ], [ -8.576604462541749, 40.671309370682678 ], [ -8.577019305596462, 40.671711649339926 ], [ -8.577205420000878, 40.671864737296843 ], [ -8.577433817004261, 40.672062500476656 ], [ -8.577807250233414, 40.672567410103944 ], [ -8.578384165018571, 40.673308722116396 ], [ -8.578545273080696, 40.673506748820721 ], [ -8.578596291958796, 40.673583540232855 ], [ -8.578790422197235, 40.673678871920316 ], [ -8.579026367793682, 40.673748464592542 ], [ -8.579127671664768, 40.673792921429936 ], [ -8.579217571125632, 40.673847772709678 ], [ -8.579235413255637, 40.673862382092132 ], [ -8.579150289750341, 40.673974014064193 ], [ -8.579053867990574, 40.674128732208573 ], [ -8.57899781328055, 40.674182620920021 ], [ -8.579021014899883, 40.674202970202423 ], [ -8.579013434646086, 40.674219659821077 ], [ -8.579025300646958, 40.674260583617155 ], [ -8.579020466839438, 40.674297703315318 ], [ -8.579007709589522, 40.674318288723825 ], [ -8.579013674246429, 40.674432444105797 ], [ -8.579006438817519, 40.674499831127221 ], [ -8.579012901677398, 40.674510523142246 ], [ -8.579012278563319, 40.674612100418827 ], [ -8.578997180285342, 40.674654125211973 ], [ -8.579000000587452, 40.67468634898961 ], [ -8.578995034101299, 40.674721490775184 ], [ -8.578982436353817, 40.674747922577311 ], [ -8.578991684297232, 40.674786969013454 ], [ -8.578972648660745, 40.674823152088109 ], [ -8.578952681620887, 40.674897249340759 ], [ -8.578954225533025, 40.674933352942837 ], [ -8.578973652806729, 40.674973351533389 ], [ -8.579026553805619, 40.675030777195424 ], [ -8.579020272690059, 40.675047371743823 ], [ -8.579102787853532, 40.675111525972696 ], [ -8.579090279449657, 40.675169119598429 ], [ -8.579103258276453, 40.675181764859033 ], [ -8.579114907849728, 40.675208103009233 ], [ -8.579101007886056, 40.675234543454444 ], [ -8.579124563932785, 40.675307662145237 ], [ -8.579129678569918, 40.675312503341942 ], [ -8.57912101860644, 40.675343785401786 ], [ -8.579096867061342, 40.67537512730145 ], [ -8.579090710056109, 40.675427920985008 ], [ -8.579071640189582, 40.675441590547685 ], [ -8.579087365624249, 40.675493308245677 ], [ -8.579072372194181, 40.675550912365054 ], [ -8.579059806620643, 40.675581303591201 ], [ -8.57906786530018, 40.675636924897375 ], [ -8.579050091502625, 40.675667251590568 ], [ -8.579050307493599, 40.67569948992243 ], [ -8.579026113863364, 40.675725604506411 ], [ -8.57903901353548, 40.675744106996952 ], [ -8.579036751138695, 40.675777341859657 ], [ -8.579017569528681, 40.675792008709109 ], [ -8.57900896033456, 40.675848680446812 ], [ -8.579012917983597, 40.675856500501581 ], [ -8.579002859003685, 40.675891028888927 ], [ -8.579014523219096, 40.67590268687244 ], [ -8.57899185482697, 40.675961397628214 ], [ -8.578990972522622, 40.67602389734148 ], [ -8.578883120946257, 40.676185775263477 ], [ -8.578939348981551, 40.676352239882213 ], [ -8.579043170422814, 40.676542291423992 ], [ -8.579203118778373, 40.676706642489584 ], [ -8.579226630994571, 40.67682649778024 ], [ -8.579307018374289, 40.677032580438883 ], [ -8.579477032168981, 40.677392931425317 ], [ -8.579629537138764, 40.677610891887888 ], [ -8.579720405648885, 40.677756057424389 ], [ -8.579411887475151, 40.677997510045209 ], [ -8.579928575858961, 40.678426483015485 ], [ -8.580332734137817, 40.678794834113489 ], [ -8.580780970852215, 40.679420290265618 ], [ -8.580973877632982, 40.679805583377004 ], [ -8.581294122626307, 40.680270705543407 ], [ -8.581295528950795, 40.68047979117221 ], [ -8.581577237270384, 40.6814919377777 ], [ -8.581692463726942, 40.682900407848194 ], [ -8.58156954772774, 40.683496028147871 ], [ -8.581787222256226, 40.684411886056189 ], [ -8.582109880813157, 40.685230890686526 ], [ -8.582804506770366, 40.68672102233154 ], [ -8.583262663198923, 40.687893298018452 ], [ -8.583828724134902, 40.689153127354416 ], [ -8.584066697868543, 40.689478353956666 ], [ -8.585748275408989, 40.690825281691147 ], [ -8.586825534743754, 40.691571148977701 ], [ -8.587578373012727, 40.691926936579527 ], [ -8.587922337254188, 40.69205596923009 ], [ -8.588351853086785, 40.692152155214117 ], [ -8.588716568050126, 40.69218330675217 ], [ -8.589253376889598, 40.692295363291649 ], [ -8.589768438778298, 40.692358512147024 ], [ -8.590626472558197, 40.69240399635212 ], [ -8.591741583389172, 40.692432155820285 ], [ -8.592577758371299, 40.692412513819463 ], [ -8.593607221874439, 40.692441087947266 ], [ -8.595026028627679, 40.692521120343109 ], [ -8.595996149509958, 40.692623750374764 ], [ -8.596589234983719, 40.692711503576746 ], [ -8.597183408873452, 40.692971420925218 ], [ -8.597475344257719, 40.693134131251043 ], [ -8.599413958233667, 40.694642362292107 ], [ -8.599054730440226, 40.694924770828827 ], [ -8.598808825674606, 40.695119918611553 ], [ -8.599092298537586, 40.695610528912958 ], [ -8.599406532867748, 40.695863285870111 ], [ -8.59985121940057, 40.696295791547954 ], [ -8.600535246329057, 40.697079682254149 ], [ -8.600872003886574, 40.697471652287582 ], [ -8.601285681325516, 40.698084556592207 ], [ -8.601403501040494, 40.698300197535382 ], [ -8.601502479805324, 40.698578406323698 ], [ -8.601571286288298, 40.699176415335415 ], [ -8.601540079003369, 40.69933223947428 ], [ -8.601542730123272, 40.699709174257009 ], [ -8.601458554966563, 40.699988129642065 ], [ -8.601394860381143, 40.70013409350021 ], [ -8.601374076050359, 40.700240703161668 ], [ -8.601320937001521, 40.700339253041996 ], [ -8.601311664810048, 40.700552437700907 ], [ -8.601345121629977, 40.700716190479746 ], [ -8.601454233645361, 40.700904221053953 ], [ -8.601584243028002, 40.701018414389267 ], [ -8.602038593599902, 40.701286982618498 ], [ -8.602569014098004, 40.70165357134708 ], [ -8.602959176312931, 40.701979755529869 ], [ -8.603382338074644, 40.702420622913138 ], [ -8.603588244330368, 40.702591861552698 ], [ -8.60417755556252, 40.703035014977615 ], [ -8.604578099044021, 40.703303792632582 ], [ -8.605302942995793, 40.703735127622956 ], [ -8.606299082708647, 40.704394338490573 ], [ -8.607281687396572, 40.704928246842577 ], [ -8.607632034776874, 40.705140576375911 ], [ -8.607690667738213, 40.705199319333055 ], [ -8.607768196017991, 40.70515226257276 ], [ -8.608334223245539, 40.705542539647944 ], [ -8.608638182331314, 40.705704180318335 ], [ -8.608919062085763, 40.705815401484251 ], [ -8.609192796008035, 40.705870187972707 ], [ -8.609445728422109, 40.705911287322294 ], [ -8.609776443340703, 40.705942513315861 ], [ -8.610046180433541, 40.705967329268603 ], [ -8.61024943745686, 40.706012141342768 ], [ -8.610472488777102, 40.706044622540524 ], [ -8.611365018444925, 40.706303951422036 ], [ -8.611796737431233, 40.706458476187265 ], [ -8.612856021432963, 40.706866848650925 ], [ -8.613269392028242, 40.706987323110887 ], [ -8.613551005027336, 40.707067190549026 ], [ -8.613803949331917, 40.707191393257581 ], [ -8.614008862482773, 40.707382161795124 ], [ -8.614067814887218, 40.707499877796309 ], [ -8.614117393393023, 40.707647079323024 ], [ -8.614138023817176, 40.707816468316139 ], [ -8.61423754236816, 40.708177241442925 ], [ -8.614355289513199, 40.708390433141894 ], [ -8.614423530496349, 40.708434362505081 ], [ -8.614520553302905, 40.708448726209269 ], [ -8.614695237949531, 40.708484822826506 ], [ -8.614801746030555, 40.708469698427749 ], [ -8.615982614506187, 40.708258353173065 ], [ -8.617077813930955, 40.708261135683287 ], [ -8.61728177428334, 40.708319261657223 ], [ -8.617679772733396, 40.708406009522918 ], [ -8.61787381187807, 40.708434638649223 ], [ -8.618304473586875, 40.708472625357835 ], [ -8.618916595358444, 40.708648336417362 ], [ -8.619159469158994, 40.708735830938465 ], [ -8.619363640976527, 40.708823394321321 ], [ -8.620005711099015, 40.709144947869383 ], [ -8.620424258970461, 40.709386396241051 ], [ -8.620794288107202, 40.709628049865117 ], [ -8.621119974039985, 40.709873136073362 ], [ -8.621392730264551, 40.710048834480695 ], [ -8.62168520176092, 40.710283432708678 ], [ -8.621998441662457, 40.710702179032936 ], [ -8.622145002450885, 40.710871120429104 ], [ -8.622223651365733, 40.711025582035241 ], [ -8.622370055600912, 40.711157600438241 ], [ -8.622516184115913, 40.711267560178257 ], [ -8.622722758615188, 40.71167937699061 ], [ -8.622801637505482, 40.711848600060819 ], [ -8.623538497566486, 40.712646181747253 ], [ -8.623763023683111, 40.712858908131722 ], [ -8.623889750445855, 40.712968948555414 ], [ -8.624113731768869, 40.713108019874213 ], [ -8.624317711764684, 40.713166133252514 ], [ -8.624463152125758, 40.713165511577856 ], [ -8.624811195498935, 40.713053442378779 ], [ -8.624907682128249, 40.712994045672339 ], [ -8.625354018434837, 40.713051120844732 ], [ -8.625848973732758, 40.713137431432827 ], [ -8.626029832160624, 40.713173575438368 ], [ -8.626067219716495, 40.712996468652797 ], [ -8.626117526778724, 40.712998593319732 ], [ -8.626464657805871, 40.713002145881283 ], [ -8.626842527372558, 40.712971077548623 ], [ -8.627181575963487, 40.712954853248007 ], [ -8.627579232917324, 40.712989976668226 ], [ -8.627928273523588, 40.712995857957537 ], [ -8.628325977499964, 40.713038360929652 ], [ -8.628539444132523, 40.713066978782855 ], [ -8.628898724315953, 40.71316124262561 ], [ -8.629044602728305, 40.713219507119994 ], [ -8.629171338778024, 40.713329536281194 ], [ -8.629297921413025, 40.71340274347704 ], [ -8.629405313208599, 40.713505388550246 ], [ -8.629473395543807, 40.713542013758705 ], [ -8.629541431106325, 40.713556398496507 ], [ -8.629824197711423, 40.713783720850955 ], [ -8.629951330625149, 40.713930580719008 ], [ -8.630125600676056, 40.71411460928519 ], [ -8.630233684275483, 40.714309459419972 ], [ -8.630253559804109, 40.714372050647796 ], [ -8.630249450232041, 40.714471569445749 ], [ -8.630168919681902, 40.714733420550097 ], [ -8.630070008500754, 40.715117096936083 ], [ -8.63003723669288, 40.715260960108402 ], [ -8.630003959196376, 40.715353222118004 ], [ -8.629965893642911, 40.715438215153561 ], [ -8.629942372757379, 40.715537821974252 ], [ -8.629905192235922, 40.715757341823085 ], [ -8.629886773828696, 40.715890153426159 ], [ -8.629830348711407, 40.716115161775448 ], [ -8.629792712749408, 40.716273809530854 ], [ -8.629749847215308, 40.716366112706709 ], [ -8.629601173395137, 40.71658413725568 ], [ -8.629544108988945, 40.716724406370794 ], [ -8.629540958021108, 40.716952968438996 ], [ -8.629566753290355, 40.717158258586387 ], [ -8.629547481933988, 40.717176708121322 ], [ -8.629586510013011, 40.71722075495564 ], [ -8.629611263124977, 40.717287014643617 ], [ -8.629616528517095, 40.717342281964385 ], [ -8.629587939511071, 40.717412373991372 ], [ -8.629526431673561, 40.71760795755872 ], [ -8.629536636308316, 40.71767427892172 ], [ -8.629532688236713, 40.717795861961946 ], [ -8.629542773768447, 40.717847420093186 ], [ -8.629582198411912, 40.717928384025733 ], [ -8.629611922978473, 40.718025597812883 ], [ -8.629661296312721, 40.718139659221386 ], [ -8.629686137373579, 40.718216901033664 ], [ -8.629716118617893, 40.718349412485502 ], [ -8.629775696208542, 40.718529796076098 ], [ -8.629824922530501, 40.718640072323566 ], [ -8.629875781963808, 40.718953133783131 ], [ -8.629901273615815, 40.719133572121443 ], [ -8.629926142810204, 40.719214509408793 ], [ -8.629945897137233, 40.719261431513587 ], [ -8.629946254474422, 40.719309333103112 ], [ -8.629961092639375, 40.719346103388254 ], [ -8.629942011726452, 40.719390395682169 ], [ -8.629913196182995, 40.719431041411454 ], [ -8.629865178789773, 40.719482851351216 ], [ -8.62984612523308, 40.719530837371522 ], [ -8.629827237521969, 40.719600978635491 ], [ -8.629837358593321, 40.719656134078278 ], [ -8.629852328052435, 40.719711359606286 ], [ -8.629881962255205, 40.719781290260634 ], [ -8.629926039549227, 40.719851068694609 ], [ -8.629984710937382, 40.719909799063849 ], [ -8.630018998249986, 40.719968628969859 ], [ -8.630033884401488, 40.720012781352622 ], [ -8.630053624196615, 40.720056911036899 ], [ -8.630097980207669, 40.720148837856549 ], [ -8.630152008886963, 40.720251802788184 ], [ -8.630220520967182, 40.720344254991495 ], [ -8.630259802839916, 40.720406671624147 ], [ -8.630304221400559, 40.720505980406159 ], [ -8.630343419168714, 40.720572181280971 ], [ -8.630377990886604, 40.720653075753816 ], [ -8.63040279983035, 40.720726715505194 ], [ -8.630427165506983, 40.720756056954578 ], [ -8.630505550974968, 40.720855222908988 ], [ -8.630544666676196, 40.720910345186283 ], [ -8.630598676387949, 40.720994847879879 ], [ -8.630613453866681, 40.721024321561927 ], [ -8.630642806144321, 40.721072098163845 ], [ -8.630751803518811, 40.721149519946053 ], [ -8.63079544473443, 40.721145727984805 ], [ -8.630892819281986, 40.721204199149241 ], [ -8.630975714848244, 40.721273899807294 ], [ -8.631063434935616, 40.721339795682745 ], [ -8.631151213251412, 40.721413162705048 ], [ -8.63123910829386, 40.721486443607965 ], [ -8.631302517669031, 40.721545152840577 ], [ -8.63136118231192, 40.721618646249006 ], [ -8.631415002768115, 40.721677396807657 ], [ -8.631449209705966, 40.721725157643654 ], [ -8.631523267123436, 40.721894305173898 ], [ -8.631538125957899, 40.721934761803574 ], [ -8.631548261760008, 40.722008470950641 ], [ -8.631553310016507, 40.722034202607908 ], [ -8.631616131100008, 40.722140549855006 ], [ -8.632433273938849, 40.723528532872876 ], [ -8.632367648564003, 40.723552860130056 ], [ -8.631781157537777, 40.723741086886953 ], [ -8.631384067970172, 40.72386995882156 ], [ -8.631016758601913, 40.724007612301079 ], [ -8.63044880107053, 40.724221866887468 ], [ -8.629822846655523, 40.724452576390576 ], [ -8.62961376678488, 40.724556855295127 ], [ -8.629429352883818, 40.72465166164762 ], [ -8.628777844280496, 40.725011605477768 ], [ -8.628494946336343, 40.72515375202731 ], [ -8.627129526968657, 40.725779885556079 ], [ -8.626514760555954, 40.726102105708193 ], [ -8.625493765939993, 40.7265857231449 ], [ -8.624459868362903, 40.726975648770043 ], [ -8.623359637989111, 40.726829962120725 ], [ -8.622331813998596, 40.726776165859327 ], [ -8.621388627381769, 40.726689676243602 ], [ -8.620650255044481, 40.726738106935294 ], [ -8.620132720675306, 40.726798467706971 ], [ -8.619267315850449, 40.726892634244102 ], [ -8.618910784572382, 40.726907016994801 ], [ -8.618435177045926, 40.726889663216994 ], [ -8.61831204372656, 40.726869380188809 ], [ -8.617630460548362, 40.726849294826202 ], [ -8.616944752253412, 40.726832098931041 ], [ -8.616633517392794, 40.726809275059793 ], [ -8.616226917999876, 40.72674272675448 ], [ -8.615662009607941, 40.726652800049266 ], [ -8.614487248031262, 40.72642755499183 ], [ -8.613167869774436, 40.726140054382277 ], [ -8.612989356879385, 40.726105138596274 ], [ -8.6127990719439, 40.726045242910459 ], [ -8.612279934997058, 40.725883247562535 ], [ -8.61190647549352, 40.725765215133322 ], [ -8.611737201164052, 40.725715042404872 ], [ -8.611417736760069, 40.725616419026451 ], [ -8.610943032871782, 40.725443514842809 ], [ -8.610703203573701, 40.725341044232792 ], [ -8.610370616279063, 40.725195107641262 ], [ -8.610166098500903, 40.725097803763838 ], [ -8.610022645098038, 40.725032391559417 ], [ -8.609787317853849, 40.724897752513641 ], [ -8.609627213009274, 40.724803867166386 ], [ -8.609388026422595, 40.724658616406721 ], [ -8.609176090062821, 40.724516764719517 ], [ -8.609050189215239, 40.724423007641441 ], [ -8.608856787475004, 40.724241724293968 ], [ -8.608705629564408, 40.724090708944317 ], [ -8.608519228809364, 40.7239112926299 ], [ -8.608253637545484, 40.72374723859059 ], [ -8.608112714403546, 40.723654802111085 ], [ -8.608020990204871, 40.723638792186271 ], [ -8.607850629027256, 40.723633553259155 ], [ -8.607684970667785, 40.723640179573842 ], [ -8.607541312208431, 40.723644284775432 ], [ -8.607364888366423, 40.723668873070594 ], [ -8.606890785102651, 40.723742150570359 ], [ -8.606744017908973, 40.72375941036934 ], [ -8.606591014980678, 40.723781471823898 ], [ -8.606468198644828, 40.723787743253069 ] ] ] } },
{ "type": "Feature", "properties": { "dtmnfr": "010204", "freguesia": "Branca", "municipio": "Albergaria-a-Velha", "distrito_i": "Aveiro", "nuts3_cod": "191", "nuts3": "Região de Aveiro", "nuts2": "Centro", "nuts1": "Continente", "area_ha": 3028.86, "perimetro_": 28, "designacao": "Branca" }, "geometry": { "type": "Polygon", "coordinates": [ [ [ -8.460592565721738, 40.77503124586724 ], [ -8.460599324770619, 40.774944655641164 ], [ -8.460474632731236, 40.774496481937419 ], [ -8.460479360342626, 40.773175273101359 ], [ -8.460476454557551, 40.772586634581025 ], [ -8.460441886512594, 40.772349455269996 ], [ -8.460352308181777, 40.772247865801717 ], [ -8.46007254959207, 40.772011472329162 ], [ -8.459704390256491, 40.771885641978677 ], [ -8.459325971100947, 40.771937328339604 ], [ -8.458903545312419, 40.772074142830199 ], [ -8.458625332989723, 40.772151200019806 ], [ -8.458447440175499, 40.77220267249978 ], [ -8.457801678336962, 40.772229806863486 ], [ -8.457523380567546, 40.772289935893212 ], [ -8.457267302529049, 40.772290659081634 ], [ -8.456865780920909, 40.77217311060997 ], [ -8.456362784279284, 40.771844138137347 ], [ -8.456150170859368, 40.771624385423522 ], [ -8.456192385515683, 40.771124497571556 ], [ -8.456368850937961, 40.770756242099644 ], [ -8.456632962188019, 40.770120113728382 ], [ -8.456986169335346, 40.769466897176258 ], [ -8.457129582497418, 40.769195174689692 ], [ -8.45700570817543, 40.768907368590042 ], [ -8.456840186456258, 40.768531613204956 ], [ -8.456403634003452, 40.768075574135381 ], [ -8.456089763747615, 40.767661062342668 ], [ -8.45604407114533, 40.767398698686428 ], [ -8.456053634161336, 40.767076747526502 ], [ -8.456328575704482, 40.766381158081295 ], [ -8.456803276152224, 40.765532639902055 ], [ -8.45689047084751, 40.765100433524701 ], [ -8.456799246707314, 40.764707264433618 ], [ -8.456642522906856, 40.764504559584708 ], [ -8.456307312265816, 40.764302080751321 ], [ -8.455950579045185, 40.764226817820195 ], [ -8.455471637132463, 40.764202767964029 ], [ -8.454558400922712, 40.764180025644634 ], [ -8.454068443330923, 40.764181397402567 ], [ -8.453744953476969, 40.764097569605802 ], [ -8.453565485330241, 40.763843770018298 ], [ -8.453327404019138, 40.762929540546331 ], [ -8.452979854664996, 40.762472971788327 ], [ -8.452636181570941, 40.76188581978878 ], [ -8.452724047468172, 40.761614528146112 ], [ -8.453146250423076, 40.761393000656163 ], [ -8.453635279156586, 40.761205235749138 ], [ -8.454447095372249, 40.760982885511616 ], [ -8.45555835065981, 40.760505301479768 ], [ -8.456369240760683, 40.7600960876537 ], [ -8.4567683268811, 40.759705228650105 ], [ -8.457276992284129, 40.758983670971112 ], [ -8.457491910145851, 40.758276452564168 ], [ -8.457766139340659, 40.757445338227505 ], [ -8.45831897192291, 40.756681508972441 ], [ -8.458473133221966, 40.756265674928443 ], [ -8.458505560386833, 40.75606918454401 ], [ -8.458538415443661, 40.755958782504116 ], [ -8.458570849804657, 40.755738339680335 ], [ -8.458636472532749, 40.755500965691361 ], [ -8.458790404363347, 40.755136372027877 ], [ -8.459055368420024, 40.75464404029136 ], [ -8.459165216036705, 40.754321804014843 ], [ -8.459207083201623, 40.753804986077377 ], [ -8.459160429462885, 40.753347581041524 ], [ -8.458901481729656, 40.752797661895897 ], [ -8.458118425606946, 40.752051667454047 ], [ -8.457435908703649, 40.751375708781978 ], [ -8.457200312473899, 40.751020681034412 ], [ -8.457143040717529, 40.750664877614923 ], [ -8.457163361470473, 40.750266627341105 ], [ -8.457361297221421, 40.749749364194599 ], [ -8.457559319196466, 40.749248761486797 ], [ -8.457558159272798, 40.749011576461733 ], [ -8.457434278011993, 40.74874097026521 ], [ -8.457143404415948, 40.748460298815935 ], [ -8.456863963077582, 40.748215520932327 ], [ -8.456528544067206, 40.747953706868884 ], [ -8.456260146432259, 40.747691879784163 ], [ -8.456147160951417, 40.747370273272956 ], [ -8.456056316141403, 40.747023026851117 ], [ -8.455888006779627, 40.746718684354292 ], [ -8.455494691998256, 40.746016598473503 ], [ -8.455371027650507, 40.745737254440009 ], [ -8.455280709961544, 40.745449351570123 ], [ -8.455290860559145, 40.745271476024179 ], [ -8.455434224682481, 40.745000025737234 ], [ -8.455788782281012, 40.74464900653939 ], [ -8.456209798786597, 40.744232695754974 ], [ -8.45646424278954, 40.743918517717205 ], [ -8.456507722495946, 40.743680935438256 ], [ -8.456461100656417, 40.743249189989598 ], [ -8.456369130490202, 40.742622435482701 ], [ -8.456289825871995, 40.742334503302757 ], [ -8.456033131136529, 40.74223365146829 ], [ -8.455732368151391, 40.74220072913468 ], [ -8.455119747601309, 40.74214310853506 ], [ -8.454974334491451, 40.74199097001592 ], [ -8.454917675552185, 40.741781766718525 ], [ -8.4550724023917, 40.74153567649455 ], [ -8.455516112849434, 40.741212505779608 ], [ -8.45591595635257, 40.740999498285099 ], [ -8.456283031436557, 40.740939033444775 ], [ -8.457017975355342, 40.740979460789553 ], [ -8.458310300987533, 40.741187693386664 ], [ -8.458890154426163, 40.741397665331881 ], [ -8.459125809298175, 40.741769888765766 ], [ -8.459261232560751, 40.742150769632687 ], [ -8.459419234962036, 40.742573915465513 ], [ -8.459621347380828, 40.742912373766998 ], [ -8.459766480351714, 40.743005161428322 ], [ -8.460022766407565, 40.743021273394625 ], [ -8.460200134666039, 40.742902262167874 ], [ -8.460443253155663, 40.742528766143309 ], [ -8.460774961919084, 40.742138085087113 ], [ -8.46082156429817, 40.742009633078041 ], [ -8.460844485121608, 40.741831987242463 ], [ -8.460843157526332, 40.74156319842038 ], [ -8.460835512532908, 40.741212657448663 ], [ -8.460676478837344, 40.74053459237799 ], [ -8.460519177206297, 40.740183035146515 ], [ -8.460494102321304, 40.739996257492649 ], [ -8.460487036241622, 40.739763859739448 ], [ -8.460898294976186, 40.739398346658945 ], [ -8.461130860588604, 40.739215331563507 ], [ -8.461315212387854, 40.738932500954384 ], [ -8.461565339429692, 40.73866280941575 ], [ -8.461714596031326, 40.738584936883441 ], [ -8.461881432408784, 40.738447767335416 ], [ -8.461868709207854, 40.738292198573376 ], [ -8.461488102626433, 40.737600718234454 ], [ -8.461030502368876, 40.737041474394296 ], [ -8.46081366484106, 40.736786890501691 ], [ -8.460830443782299, 40.736540828250178 ], [ -8.460830052116821, 40.7364614968807 ], [ -8.460857644232274, 40.736367406959467 ], [ -8.460884311784751, 40.736302042088901 ], [ -8.461208470990721, 40.735971355219213 ], [ -8.461626280730618, 40.735690467969953 ], [ -8.461953954215508, 40.735568507322739 ], [ -8.462442712484686, 40.73532117660168 ], [ -8.462667337503186, 40.735141517318617 ], [ -8.462930444849944, 40.734820094036479 ], [ -8.463065712367516, 40.734454374311667 ], [ -8.463113824652753, 40.734273601280158 ], [ -8.463014848262848, 40.734057494249775 ], [ -8.462708750720132, 40.73361065122225 ], [ -8.462442612306976, 40.733320465531129 ], [ -8.462343973180799, 40.733194141589628 ], [ -8.462254623227556, 40.732985568830131 ], [ -8.461938802809286, 40.732508947436706 ], [ -8.461770432582288, 40.732166339724948 ], [ -8.46175938413564, 40.731920175376047 ], [ -8.461797681017124, 40.731716283319457 ], [ -8.46189447122936, 40.731469811834366 ], [ -8.462079527868635, 40.731237944336165 ], [ -8.462372673255022, 40.731080687441597 ], [ -8.462685773416212, 40.730960206118993 ], [ -8.463087495104173, 40.730951754412345 ], [ -8.46340140079397, 40.73099551977846 ], [ -8.463695702130911, 40.731047079365773 ], [ -8.463861915039454, 40.731001847286755 ], [ -8.464106023995509, 40.730792047937094 ], [ -8.464325740814276, 40.73065327863732 ], [ -8.464492799642494, 40.730540232604689 ], [ -8.46453755479444, 40.730471488440557 ], [ -8.464555747858114, 40.730250812832423 ], [ -8.464502663043197, 40.72993210503477 ], [ -8.464398368640659, 40.729716647348177 ], [ -8.464346096647096, 40.729583342719181 ], [ -8.464338623635003, 40.729367516131354 ], [ -8.464357303390177, 40.729220323821956 ], [ -8.464440594521314, 40.729117065341008 ], [ -8.464556110741302, 40.729043070692676 ], [ -8.464736233015895, 40.728964027612292 ], [ -8.464974213215307, 40.728880046149875 ], [ -8.46535394193247, 40.728736489580164 ], [ -8.465752727190941, 40.728593233443128 ], [ -8.466164327538658, 40.728410233035774 ], [ -8.466559817595273, 40.728365231284023 ], [ -8.466830941610683, 40.728447736242771 ], [ -8.467044021875658, 40.728520597508634 ], [ -8.467243585915956, 40.728495520892587 ], [ -8.467449136836423, 40.728342924256047 ], [ -8.46756469016392, 40.728229751865854 ], [ -8.4675898054832, 40.728116848661145 ], [ -8.467491962346079, 40.727891467671427 ], [ -8.467465853561622, 40.727807078737939 ], [ -8.467353264611647, 40.727238384470375 ], [ -8.467384633383549, 40.72702731004582 ], [ -8.467576498535646, 40.726766687791311 ], [ -8.46778766495293, 40.726461974596297 ], [ -8.467818924796692, 40.726275572355355 ], [ -8.467849637399564, 40.725980930184633 ], [ -8.467834678038074, 40.725549276345198 ], [ -8.467824639458048, 40.72480270723662 ], [ -8.46775894988953, 40.724591820370449 ], [ -8.467557150684778, 40.724170619763051 ], [ -8.467510160386507, 40.723817581639466 ], [ -8.467419183046747, 40.723660801672153 ], [ -8.467187386564959, 40.723676154587707 ], [ -8.466595243119066, 40.723844739325827 ], [ -8.466260605215785, 40.723934046916931 ], [ -8.465886868420169, 40.723944675718521 ], [ -8.46531971096868, 40.72395145126395 ], [ -8.464906604655955, 40.723805417750583 ], [ -8.464587458036917, 40.723654155695478 ], [ -8.464354512096202, 40.723438979744834 ], [ -8.464198283951511, 40.72315496573809 ], [ -8.464054652305894, 40.72276276117087 ], [ -8.463884317806031, 40.722213954084772 ], [ -8.463741646126516, 40.722037684676373 ], [ -8.463599148613275, 40.721920404860576 ], [ -8.463250107370447, 40.721705288783625 ], [ -8.462887729357838, 40.721402413211202 ], [ -8.462680435815653, 40.721177433241039 ], [ -8.462472211742281, 40.720765787148679 ], [ -8.462289252422119, 40.720314980377879 ], [ -8.462080662679536, 40.719756372102935 ], [ -8.462040159328842, 40.719607638510105 ], [ -8.467780468465568, 40.719864252018539 ], [ -8.467947726101881, 40.719868268601928 ], [ -8.46798784932477, 40.719867880257269 ], [ -8.468031755335891, 40.719867751975315 ], [ -8.468328959926186, 40.719870576845743 ], [ -8.468647244147958, 40.719875590942394 ], [ -8.468866207799467, 40.719900254853414 ], [ -8.470756878208537, 40.720100111960782 ], [ -8.470886649704459, 40.7202027491794 ], [ -8.471453642481872, 40.720519311838743 ], [ -8.471623817274724, 40.720630830334123 ], [ -8.471839151940403, 40.720733213718852 ], [ -8.472122091478916, 40.720792529635219 ], [ -8.472427415909143, 40.720808826774494 ], [ -8.472766620119877, 40.720807823777271 ], [ -8.473568849055763, 40.72076267567877 ], [ -8.474303483666604, 40.720691517125388 ], [ -8.474659390930229, 40.720647415960585 ], [ -8.47495285387645, 40.720543252156247 ], [ -8.475073793719506, 40.720470583396541 ], [ -8.475268359320456, 40.720353208651062 ], [ -8.476023204007143, 40.71984334776824 ], [ -8.47710579057552, 40.719315573506343 ], [ -8.477839150483035, 40.719072491628417 ], [ -8.478494251360774, 40.718915725758258 ], [ -8.479883583551665, 40.718661919718961 ], [ -8.481103683923264, 40.718503521400606 ], [ -8.482165991586909, 40.718431410080932 ], [ -8.482810228641325, 40.718395142859237 ], [ -8.482895114922464, 40.718400464300771 ], [ -8.483341687393304, 40.71842783006101 ], [ -8.483851763438503, 40.718445363952192 ], [ -8.483911772992311, 40.718423839628954 ], [ -8.483947034271637, 40.718422288955914 ], [ -8.484275923438366, 40.718419934543263 ], [ -8.484598378235541, 40.718410483894857 ], [ -8.484714204886533, 40.71840256691118 ], [ -8.485016284879251, 40.719506276120988 ], [ -8.48513164707375, 40.719857385142504 ], [ -8.486281764316345, 40.719823235085194 ], [ -8.486670774199592, 40.719775843842399 ], [ -8.486987552123919, 40.719719758650378 ], [ -8.487296089097402, 40.71962785597929 ], [ -8.487569476239583, 40.719560107505004 ], [ -8.487783785657175, 40.719465163666293 ], [ -8.487906835568179, 40.719391664526803 ], [ -8.48794346657721, 40.719380295620567 ], [ -8.488258886067459, 40.71931457481142 ], [ -8.488574633180139, 40.719266951380128 ], [ -8.488890354820652, 40.719213294681161 ], [ -8.489220520813349, 40.719161122517136 ], [ -8.489536367297328, 40.719109983279061 ], [ -8.489846330631368, 40.719043466325608 ], [ -8.490083245169222, 40.719014902918076 ], [ -8.490400011549367, 40.71900347164123 ], [ -8.490714931740802, 40.718934142746235 ], [ -8.491030410695735, 40.718858331225711 ], [ -8.491093500060346, 40.718837876030065 ], [ -8.491305810023194, 40.718768503488953 ], [ -8.491581033790167, 40.718668590884427 ], [ -8.491849750407239, 40.718546996575647 ], [ -8.492124939267068, 40.718440687394242 ], [ -8.492398582930551, 40.718333753812722 ], [ -8.492651018168807, 40.718200679143116 ], [ -8.492907979259803, 40.718072632641331 ], [ -8.493202991056908, 40.717956895645671 ], [ -8.493478109910756, 40.717860401657809 ], [ -8.493753294593274, 40.717754541554868 ], [ -8.494028658701412, 40.71765993204523 ], [ -8.494313617515555, 40.717588438439364 ], [ -8.494634483315684, 40.717525833129429 ], [ -8.494949428037867, 40.717441275864275 ], [ -8.495238489888001, 40.717364635134579 ], [ -8.495505435204304, 40.71728896271987 ], [ -8.495711426104783, 40.717257064720393 ], [ -8.496013033990844, 40.717179566782939 ], [ -8.496292558038412, 40.717089446720337 ], [ -8.496573181033979, 40.717005895307331 ], [ -8.49688581287708, 40.716930881792017 ], [ -8.497200593072028, 40.71690449243593 ], [ -8.497452209373378, 40.716862090705497 ], [ -8.497763893100956, 40.716810133438706 ], [ -8.498072526267755, 40.716805821699182 ], [ -8.498383707439437, 40.716856067182533 ], [ -8.498445966935442, 40.716857761217923 ], [ -8.498756500068898, 40.716853713588904 ], [ -8.499065920773875, 40.716842553759953 ], [ -8.499373895505299, 40.716826712361303 ], [ -8.499681967971782, 40.716806276353957 ], [ -8.499998166787433, 40.716801034935365 ], [ -8.500310226781764, 40.716752491518776 ], [ -8.500340834851896, 40.71674455795452 ], [ -8.500527550471324, 40.716738018676033 ], [ -8.501143994329874, 40.716730464623801 ], [ -8.501448694019452, 40.716743531645307 ], [ -8.501754224472558, 40.716798833402194 ], [ -8.502052374040822, 40.716888464482572 ], [ -8.502375126882894, 40.716933263688546 ], [ -8.502412894381649, 40.716936563886954 ], [ -8.502449861637094, 40.716943469554288 ], [ -8.502632627077412, 40.717035181911918 ], [ -8.50266239165998, 40.717045531586194 ], [ -8.502828520854356, 40.716997093653866 ], [ -8.503125949924456, 40.716935441212819 ], [ -8.503483921577246, 40.716908081314003 ], [ -8.503623293701136, 40.716920599526524 ], [ -8.503913820819173, 40.71691678233617 ], [ -8.504240500047768, 40.716838915822379 ], [ -8.504285533151966, 40.716827513815801 ], [ -8.504539571348706, 40.716817146834657 ], [ -8.504856762092185, 40.71682008081045 ], [ -8.505187963031814, 40.716809372931429 ], [ -8.505489738175326, 40.71680650247297 ], [ -8.505536729824563, 40.716807431480319 ], [ -8.505574030592351, 40.716811276955788 ], [ -8.505887939343793, 40.716882294168002 ], [ -8.506051805109006, 40.716895539901415 ], [ -8.50637658136211, 40.716899526699848 ], [ -8.506451628626076, 40.716901803618811 ], [ -8.506669802170251, 40.716953773735789 ], [ -8.506935339123903, 40.71709356670484 ], [ -8.507153663578492, 40.717152020852616 ], [ -8.507473993674866, 40.717207168551518 ], [ -8.507788943694123, 40.71725233451658 ], [ -8.508129354548133, 40.717279678761962 ], [ -8.508451729015336, 40.71731969132167 ], [ -8.508600327886096, 40.717331900667411 ], [ -8.508917494850751, 40.717328881126896 ], [ -8.509218944210895, 40.717310428645256 ], [ -8.509551453354785, 40.717300332535324 ], [ -8.509860856509389, 40.717285812860069 ], [ -8.510180866879692, 40.717242256946449 ], [ -8.510211619612001, 40.717238735469692 ], [ -8.510771178228774, 40.717113795424531 ], [ -8.511140636088966, 40.717045857786623 ], [ -8.511478654987634, 40.716985131506441 ], [ -8.5114803182516, 40.717006738173239 ], [ -8.511678036859177, 40.717997443118755 ], [ -8.511757818014351, 40.718809872547531 ], [ -8.511997222010155, 40.719366220199142 ], [ -8.513619524255949, 40.720879632359797 ], [ -8.514512749224728, 40.721908812707888 ], [ -8.515261763299403, 40.722575118195302 ], [ -8.516025866898961, 40.723248846457444 ], [ -8.517146503350196, 40.724333530091521 ], [ -8.51720471575678, 40.724801055309918 ], [ -8.517308446310372, 40.725668871178776 ], [ -8.517353884082834, 40.72623963371975 ], [ -8.51737025782595, 40.726676317045936 ], [ -8.517540785817637, 40.727631077840542 ], [ -8.517585550005633, 40.728658843137687 ], [ -8.517693611103926, 40.729740242925217 ], [ -8.518142216568213, 40.730104519020237 ], [ -8.51909671080498, 40.730500324112207 ], [ -8.519716000856638, 40.730696080287061 ], [ -8.524198323181194, 40.730971675199989 ], [ -8.52424074534026, 40.73114064223391 ], [ -8.524802742548383, 40.732679291701899 ], [ -8.524958835692834, 40.733093522430622 ], [ -8.525149034586569, 40.733749696557346 ], [ -8.525402637842159, 40.734296416719005 ], [ -8.52553291622314, 40.734748196962357 ], [ -8.525607629827013, 40.735011069588744 ], [ -8.525671898756162, 40.735129083323194 ], [ -8.525833303630206, 40.735578418688334 ], [ -8.526066348924749, 40.736271000178064 ], [ -8.52652239346215, 40.737575958337295 ], [ -8.526693730719275, 40.738020215632524 ], [ -8.526848151250004, 40.738467680299237 ], [ -8.527234237156499, 40.739409618775163 ], [ -8.527501776754232, 40.74016430280669 ], [ -8.527758649679903, 40.740776027533734 ], [ -8.527961035006266, 40.74148302552112 ], [ -8.527964179119023, 40.741494361976478 ], [ -8.52809277617737, 40.7419361516246 ], [ -8.528224305243581, 40.742591615370564 ], [ -8.528194786625917, 40.742685455836359 ], [ -8.527989485983305, 40.743341538253866 ], [ -8.527570121140558, 40.74399889593073 ], [ -8.527171961121462, 40.744460146090361 ], [ -8.525982531058421, 40.745601626488693 ], [ -8.525162526956031, 40.746451609883991 ], [ -8.527854909368275, 40.749107030113741 ], [ -8.527834310303039, 40.750263686924711 ], [ -8.528101223420617, 40.751202788898432 ], [ -8.528294218432123, 40.751479657626312 ], [ -8.529041280765201, 40.752215754243132 ], [ -8.5295491306593, 40.753243891024766 ], [ -8.529188820981082, 40.754996224707263 ], [ -8.529361646041599, 40.756036592602094 ], [ -8.530518297439444, 40.758123347734568 ], [ -8.530536793410054, 40.758146696997422 ], [ -8.530669245409879, 40.758334440434155 ], [ -8.530745222223176, 40.758444218666305 ], [ -8.530872506117536, 40.758658180558648 ], [ -8.531014497629558, 40.758855979882512 ], [ -8.531161658116377, 40.759067085866086 ], [ -8.531301740854468, 40.759281902712232 ], [ -8.531423395970036, 40.759504624516467 ], [ -8.531525128420512, 40.75972210112274 ], [ -8.531646827534745, 40.759933289843765 ], [ -8.531515608659014, 40.760050267330058 ], [ -8.529898744077638, 40.760904573939222 ], [ -8.528906459067064, 40.762835492916956 ], [ -8.528859480059584, 40.762880946347558 ], [ -8.528865963204094, 40.762896146125733 ], [ -8.528871133369504, 40.762908823610026 ], [ -8.528938996548307, 40.763128039408151 ], [ -8.528941681612178, 40.763240859829693 ], [ -8.528961597265539, 40.763283566950165 ], [ -8.528964956582103, 40.763290845854918 ], [ -8.528744750776143, 40.763482689221043 ], [ -8.528487706625178, 40.763733190704009 ], [ -8.528257661795427, 40.763924795787126 ], [ -8.527846999033443, 40.764194643002071 ], [ -8.527647507772162, 40.764325085029398 ], [ -8.527166339326296, 40.764629483371209 ], [ -8.526778036431029, 40.764895646619948 ], [ -8.526616735639303, 40.76503775579036 ], [ -8.526455524713434, 40.765213905021199 ], [ -8.526382881172326, 40.765305249589225 ], [ -8.526374160661002, 40.765304846166799 ], [ -8.52636584149386, 40.765304416162195 ], [ -8.526357525609157, 40.765303940220456 ], [ -8.526349211949944, 40.765303439957073 ], [ -8.526340898248389, 40.765302932489298 ], [ -8.52633258460534, 40.765302434926184 ], [ -8.526324269793989, 40.765301940067921 ], [ -8.526315954972143, 40.76530144340812 ], [ -8.526307641329449, 40.765300945843194 ], [ -8.526281976977071, 40.765301299827669 ], [ -8.526256312613771, 40.765301652005469 ], [ -8.526230650624136, 40.765302005069977 ], [ -8.526204986265498, 40.765302358136843 ], [ -8.526179321906556, 40.765302711198004 ], [ -8.526153657541979, 40.765303063352988 ], [ -8.526127994366732, 40.765303416398723 ], [ -8.526102331191181, 40.765303769438724 ], [ -8.52607666683096, 40.765304122477048 ], [ -8.526051000824655, 40.765304397172024 ], [ -8.526025333744899, 40.765304087442296 ], [ -8.525999694559314, 40.765303084229053 ], [ -8.525974121040463, 40.765301365791807 ], [ -8.52594864982427, 40.765298918498424 ], [ -8.525923321099752, 40.765295728704729 ], [ -8.525898178593042, 40.765291780053076 ], [ -8.52587326375169, 40.76528707150198 ], [ -8.525848600560236, 40.765281653397814 ], [ -8.52582420234935, 40.765275577023729 ], [ -8.525800075391194, 40.765268901791359 ], [ -8.525776170829021, 40.765261778250135 ], [ -8.525752306094423, 40.765254578926665 ], [ -8.525728464792145, 40.765247335394172 ], [ -8.525704646901023, 40.765240044050749 ], [ -8.525680857142586, 40.765232702178857 ], [ -8.525657099022219, 40.765225301662113 ], [ -8.525633394798772, 40.765217801001938 ], [ -8.525609731592914, 40.76521022545613 ], [ -8.525586084808966, 40.765202621934193 ], [ -8.525562427477244, 40.765195036453179 ], [ -8.52553873499137, 40.765187514121671 ], [ -8.525514982755514, 40.76518010184909 ], [ -8.525491049001504, 40.765173038681191 ], [ -8.525466862447972, 40.765166488750694 ], [ -8.525442432775698, 40.765160487143916 ], [ -8.525417769628314, 40.765155062643849 ], [ -8.525392888602896, 40.76515024941618 ], [ -8.525367832038597, 40.765145996889075 ], [ -8.52534270000937, 40.765142002155194 ], [ -8.525317514689212, 40.76513820930834 ], [ -8.525292285388538, 40.765134590401381 ], [ -8.525267019059699, 40.765131119296285 ], [ -8.525241726176354, 40.765127764440031 ], [ -8.525216412506621, 40.765124499698537 ], [ -8.525191087345176, 40.765121294423373 ], [ -8.525165748355045, 40.765118154025423 ], [ -8.525140366784818, 40.765115224482912 ], [ -8.525114956523595, 40.765112450818251 ], [ -8.525089533601747, 40.765109739325332 ], [ -8.525064117597514, 40.765106995385402 ], [ -8.5250387257206, 40.76510412438784 ], [ -8.525013399560066, 40.76510094789294 ], [ -8.524988250263497, 40.765097031483698 ], [ -8.524963310015181, 40.765092410170318 ], [ -8.524938577013076, 40.765087180312285 ], [ -8.524914040017261, 40.765081444604547 ], [ -8.52488976713304, 40.765075102860827 ], [ -8.524866526531911, 40.76506686296166 ], [ -8.524845048413946, 40.765056227155576 ], [ -8.524826135086279, 40.765043077456696 ], [ -8.524809754820652, 40.765028061431451 ], [ -8.524794972707239, 40.76501211156716 ], [ -8.524781408049023, 40.76499554342994 ], [ -8.524768504851027, 40.764978670479188 ], [ -8.524755828455216, 40.764961695001077 ], [ -8.524743694366142, 40.764944494357842 ], [ -8.524732554086089, 40.764926911231569 ], [ -8.524723000121833, 40.76490879953235 ], [ -8.524714954945617, 40.764890268483839 ], [ -8.524707682067602, 40.764871551112684 ], [ -8.524700424568932, 40.764852830086859 ], [ -8.524692426710581, 40.764834287169556 ], [ -8.524682973264785, 40.764816145409242 ], [ -8.52467251144102, 40.764798323143928 ], [ -8.524661511839042, 40.764780688204631 ], [ -8.52465000880489, 40.76476324047465 ], [ -8.524638037837198, 40.764745974430433 ], [ -8.524625639171882, 40.764728884532367 ], [ -8.524612843570155, 40.764711965272923 ], [ -8.524599452645395, 40.764695316379722 ], [ -8.524585414556686, 40.764678983953722 ], [ -8.524570809691005, 40.764662942508096 ], [ -8.5245557207828, 40.764647162946126 ], [ -8.524540225776301, 40.764631607182331 ], [ -8.524524350721649, 40.76461627422772 ], [ -8.524506038670197, 40.764602624460842 ], [ -8.524486117836608, 40.764590313783373 ], [ -8.524466760199841, 40.764577503217566 ], [ -8.524450180870488, 40.764562639998942 ], [ -8.524436296397406, 40.764546236794665 ], [ -8.524425034638556, 40.764528715283028 ], [ -8.524416883218407, 40.764510221492991 ], [ -8.52441003391233, 40.764491409914292 ], [ -8.524403567889365, 40.764472521393813 ], [ -8.524397434291712, 40.764453567810506 ], [ -8.524391582272161, 40.764434562844279 ], [ -8.524385971610837, 40.764415514736015 ], [ -8.52438079164166, 40.764396395828904 ], [ -8.524375999807697, 40.764377219774758 ], [ -8.524371438719763, 40.764358008719178 ], [ -8.524366956931622, 40.764338788389516 ], [ -8.524362394675228, 40.764319579138387 ], [ -8.524357599293973, 40.764300402194742 ], [ -8.524352414610101, 40.764281284202447 ], [ -8.524346648984883, 40.764262263631984 ], [ -8.524339317153352, 40.764243561743712 ], [ -8.524330204377366, 40.764225317041351 ], [ -8.524319538265091, 40.76420756567331 ], [ -8.524307549766151, 40.764190307756834 ], [ -8.524294467286946, 40.764173513701394 ], [ -8.52428032070012, 40.764157228430214 ], [ -8.524264798701408, 40.764141684425859 ], [ -8.524248078897573, 40.764126873881885 ], [ -8.524230409516365, 40.764112714011212 ], [ -8.524212050311901, 40.764099067958064 ], [ -8.524192983894096, 40.764085999716343 ], [ -8.524172828906885, 40.764073914000761 ], [ -8.524151482691851, 40.76406307770587 ], [ -8.524128961995578, 40.7640537213016 ], [ -8.524105255011591, 40.764046255454097 ], [ -8.524080739581565, 40.764040484375137 ], [ -8.524055755614278, 40.764036004390455 ], [ -8.524030461137459, 40.764032700601248 ], [ -8.524004852088245, 40.764031496931487 ], [ -8.523979277725894, 40.764032979322309 ], [ -8.523954372176521, 40.764037638198303 ], [ -8.523930240984525, 40.764044284545882 ], [ -8.523906929967744, 40.76405245085224 ], [ -8.523884587895928, 40.764062059171344 ], [ -8.523863323013792, 40.764072987570067 ], [ -8.523843107994518, 40.764085019121694 ], [ -8.523823513401682, 40.764097629390108 ], [ -8.5238048364919, 40.764111018180245 ], [ -8.523787587006169, 40.764125468324146 ], [ -8.523771882971024, 40.764140910084606 ], [ -8.523756597234321, 40.764156593561268 ], [ -8.523741539634708, 40.76417240503482 ], [ -8.523726629353469, 40.764188296152 ], [ -8.52371177848172, 40.764204221285034 ], [ -8.523696902642452, 40.764220131192175 ], [ -8.523681913926694, 40.764235980245552 ], [ -8.523666730331273, 40.764251720095785 ], [ -8.52365133640191, 40.764267340889596 ], [ -8.523635858082987, 40.764282911539048 ], [ -8.523620194374654, 40.764298375654498 ], [ -8.523604237097281, 40.764313664263625 ], [ -8.523587880439827, 40.764328708386032 ], [ -8.523571038719563, 40.764343438072657 ], [ -8.523552855262727, 40.764357179948036 ], [ -8.523531582852092, 40.764368061484866 ], [ -8.523508514299474, 40.764376604198617 ], [ -8.523484687358042, 40.764383864463326 ], [ -8.523460250969787, 40.764389793147899 ], [ -8.523435021170135, 40.764393311177813 ], [ -8.523409421677343, 40.764394370293672 ], [ -8.523384207445369, 40.764391034574381 ], [ -8.523360954607853, 40.764382857446712 ], [ -8.523340795379962, 40.764370846342011 ], [ -8.523323982576523, 40.76435610711831 ], [ -8.523308628395579, 40.764340471468017 ], [ -8.523294820971971, 40.764324023740507 ], [ -8.523282451094779, 40.76430692369356 ], [ -8.523270273795264, 40.764289741949405 ], [ -8.523258162666357, 40.7642725329653 ], [ -8.523246176792663, 40.764255274029075 ], [ -8.523234375253514, 40.764237941528137 ], [ -8.523222821881284, 40.764220514535317 ], [ -8.523211576950029, 40.764202971235008 ], [ -8.523200704313076, 40.764185294302038 ], [ -8.523190271376679, 40.764167466399208 ], [ -8.52318034084127, 40.764149475608257 ], [ -8.523170951778704, 40.764131319996231 ], [ -8.523161903253692, 40.764113068680203 ], [ -8.523153090061273, 40.764094756234762 ], [ -8.523144450711245, 40.764076399076636 ], [ -8.523135930824662, 40.764058014499177 ], [ -8.523127468895638, 40.764039616217666 ], [ -8.523119004607942, 40.764021218843965 ], [ -8.523110482387947, 40.764002837874322 ], [ -8.52310183836128, 40.763984487031976 ], [ -8.523093019328339, 40.763966182705687 ], [ -8.523083962620269, 40.763947942216618 ], [ -8.523074681254226, 40.763929763719716 ], [ -8.523065239109963, 40.763911634392123 ], [ -8.523055646825416, 40.763893550595895 ], [ -8.523045915038505, 40.763875508693012 ], [ -8.523036060308756, 40.763857505025534 ], [ -8.523026093268788, 40.763839535054998 ], [ -8.523016026925138, 40.763821595135475 ], [ -8.523005851819111, 40.763803688000365 ], [ -8.522994783168739, 40.763786090952621 ], [ -8.522982485586097, 40.763768969015544 ], [ -8.522969076403456, 40.763752336200348 ], [ -8.522954685859366, 40.763736185763236 ], [ -8.522938177918988, 40.763721285163037 ], [ -8.522918951784908, 40.76370838744306 ], [ -8.522898532222161, 40.763696568044161 ], [ -8.522877321735438, 40.76368559507894 ], [ -8.522853606782252, 40.763678340617339 ], [ -8.522828175557303, 40.763675720503592 ], [ -8.52281641197418, 40.763674582376588 ], [ -8.52280464839146, 40.763673444248383 ], [ -8.522792885993434, 40.76367230611497 ], [ -8.522781098629533, 40.763671354467618 ], [ -8.522769262202269, 40.763671735721033 ], [ -8.522757627822722, 40.76367345533081 ], [ -8.522746344204975, 40.763676222834768 ], [ -8.522735433388901, 40.763679756302878 ], [ -8.522724850203069, 40.763683824459868 ], [ -8.522714551228384, 40.763688293278292 ], [ -8.522704589890436, 40.763693185090325 ], [ -8.522695055275717, 40.76369854462019 ], [ -8.522686035170757, 40.763704396785549 ], [ -8.522677612472409, 40.763710740406246 ], [ -8.522669842706838, 40.763717551882024 ], [ -8.522662636361547, 40.763724713549983 ], [ -8.522655647480768, 40.763732000553105 ], [ -8.522648807106007, 40.763739367198824 ], [ -8.522642052268699, 40.763746779480783 ], [ -8.522635320010787, 40.763754205193585 ], [ -8.522628546168834, 40.763761608533912 ], [ -8.522621670148128, 40.763768956387857 ], [ -8.522614634912159, 40.763776216529962 ], [ -8.522607545027824, 40.763783448040172 ], [ -8.52260044563061, 40.763790673278571 ], [ -8.522593312955308, 40.763797878817869 ], [ -8.522586117294077, 40.763805047648901 ], [ -8.522578832507815, 40.763812165451888 ], [ -8.522571433620676, 40.763819214301151 ], [ -8.52256389923083, 40.763826179860942 ], [ -8.522556209104952, 40.76383304509006 ], [ -8.52254834540468, 40.763839797441683 ], [ -8.52254028548602, 40.763846412678795 ], [ -8.522531541486565, 40.763852499830634 ], [ -8.522521972263915, 40.763857820741457 ], [ -8.522511743638633, 40.763862377553075 ], [ -8.522501007387744, 40.763866201270631 ], [ -8.522489894065169, 40.763869339179834 ], [ -8.522478507017052, 40.763871844061278 ], [ -8.522466931887791, 40.76387377956123 ], [ -8.52245529306076, 40.763875353274933 ], [ -8.522443640577087, 40.76387661636192 ], [ -8.522431975468876, 40.763877542704286 ], [ -8.522420288088334, 40.763878102618115 ], [ -8.522408565240026, 40.763878267332004 ], [ -8.522396804376861, 40.763878006237668 ], [ -8.522385024274795, 40.763877289555275 ], [ -8.522373251871752, 40.763876268477595 ], [ -8.522361480611348, 40.763875240190885 ], [ -8.522349709330284, 40.763874208301033 ], [ -8.522337939202371, 40.763873171003112 ], [ -8.522326170217118, 40.763872126496139 ], [ -8.52231440117443, 40.763871072082729 ], [ -8.522302634421958, 40.763870004152885 ], [ -8.522290869959699, 40.763868922706692 ], [ -8.522279107771899, 40.763867825042674 ], [ -8.522267347842824, 40.763866708459368 ], [ -8.522255591341043, 40.763865570251376 ], [ -8.522243838256053, 40.763864408617742 ], [ -8.522232089766929, 40.763863222653974 ], [ -8.5222203458527, 40.763862008758167 ], [ -8.522208606497607, 40.763860764228873 ], [ -8.522196872880739, 40.763859488161614 ], [ -8.522185144986359, 40.763858177854999 ], [ -8.522173424040812, 40.763856840508808 ], [ -8.522161706548919, 40.763855486040356 ], [ -8.522149991331613, 40.763854115354071 ], [ -8.522138277241341, 40.763852734757329 ], [ -8.522126565483424, 40.763851347848075 ], [ -8.522114853720748, 40.763849960037128 ], [ -8.522103141958537, 40.763848572224994 ], [ -8.522091429049247, 40.763847190719034 ], [ -8.522079713829537, 40.763845819125116 ], [ -8.522067995141333, 40.763844461949674 ], [ -8.522056273000388, 40.763843121894126 ], [ -8.522044546253857, 40.763841804365342 ], [ -8.522032813733164, 40.763840512068754 ], [ -8.522021076638369, 40.763839247701824 ], [ -8.52200933836493, 40.763837984238137 ], [ -8.52199760008669, 40.763836719872806 ], [ -8.521985860624557, 40.763835455510254 ], [ -8.521974120004787, 40.763834195652905 ], [ -8.521962378237859, 40.763832942101708 ], [ -8.521950634144726, 40.763831695761112 ], [ -8.521938888935917, 40.763830461129565 ], [ -8.521927140248053, 40.763829239115509 ], [ -8.521915389286422, 40.763828033316869 ], [ -8.521903634871959, 40.763826844638103 ], [ -8.521891877025633, 40.763825676681158 ], [ -8.521880115763185, 40.763824532147446 ], [ -8.521868351089839, 40.763823411937445 ], [ -8.521856580663181, 40.763822320561573 ], [ -8.521844808041408, 40.763821258908287 ], [ -8.521833028502963, 40.763820229695028 ], [ -8.521821245616518, 40.763819235611216 ], [ -8.521809457029162, 40.763818279366319 ], [ -8.521797663935693, 40.763817362757287 ], [ -8.521785865162254, 40.763816487589047 ], [ -8.521774066473037, 40.763815626827281 ], [ -8.521762266605055, 40.763814766968785 ], [ -8.521748155056768, 40.763813730291758 ], [ -8.521734043503672, 40.763812692712534 ], [ -8.521719933140563, 40.763811656028068 ], [ -8.521705822788357, 40.763810621142859 ], [ -8.521691711257516, 40.763809587160353 ], [ -8.521677599737588, 40.763808554977103 ], [ -8.521663488228558, 40.763807524593076 ], [ -8.521649375551378, 40.76380649691275 ], [ -8.521635264048438, 40.763805467425748 ], [ -8.521621152545931, 40.76380443793704 ], [ -8.521599564634508, 40.763802856395344 ], [ -8.52157796295791, 40.763801351438225 ], [ -8.521556346468067, 40.76379994648218 ], [ -8.521534723124832, 40.763798584768999 ], [ -8.52151309405482, 40.763797256389445 ], [ -8.521491462758535, 40.763795952326788 ], [ -8.521469829162561, 40.763794659974273 ], [ -8.52144819559361, 40.763793372120077 ], [ -8.521426563157359, 40.763792075253036 ], [ -8.521404932990986, 40.763790761264872 ], [ -8.521377322511809, 40.763789145014378 ], [ -8.521349713212985, 40.763787527852791 ], [ -8.52132210274161, 40.763785912489553 ], [ -8.521294493445358, 40.76378429531475 ], [ -8.521266854133151, 40.763783015020351 ], [ -8.521239208061772, 40.763781794174918 ], [ -8.52121181689664, 40.763778787679591 ], [ -8.521185357177586, 40.763772618199894 ], [ -8.521159149536498, 40.763765804911337 ], [ -8.521132943095513, 40.763758993413774 ], [ -8.521075322412853, 40.763741046609432 ], [ -8.521023557434754, 40.763714799118809 ], [ -8.520980917188856, 40.763680495704143 ], [ -8.520945524760284, 40.763641644717829 ], [ -8.520914591935798, 40.763600643655153 ], [ -8.520884108682667, 40.763559350212574 ], [ -8.520854514643938, 40.763517604425765 ], [ -8.520828348813534, 40.763474553098824 ], [ -8.520803772897253, 40.763430976837462 ], [ -8.520779264435264, 40.763387385935943 ], [ -8.520761230142366, 40.763356735044503 ], [ -8.520740379719069, 40.763327137285614 ], [ -8.520715633950642, 40.763299358103268 ], [ -8.520686530380766, 40.763274114943712 ], [ -8.52065506663466, 40.763250533015864 ], [ -8.520622342706387, 40.763227957564524 ], [ -8.520588415698763, 40.763206432521308 ], [ -8.520553375650071, 40.763185962985894 ], [ -8.520517262086226, 40.763166625366885 ], [ -8.520477312499311, 40.763152387523157 ], [ -8.520434961404765, 40.763139424725516 ], [ -8.52039077858444, 40.763131226288507 ], [ -8.520345480490112, 40.763126965850773 ], [ -8.520300249819432, 40.763122281935175 ], [ -8.52025486852186, 40.763118580049522 ], [ -8.52020936725155, 40.763115836677883 ], [ -8.520163857152916, 40.763113204079112 ], [ -8.520118382026673, 40.76311027057892 ], [ -8.520072923807154, 40.763107188422012 ], [ -8.520027464407379, 40.763104106251149 ], [ -8.520005358348554, 40.76310217225231 ], [ -8.519983184162774, 40.763100948069763 ], [ -8.519960967675228, 40.763100598407924 ], [ -8.519938752244924, 40.763101043877661 ], [ -8.519916569581101, 40.763102238447345 ], [ -8.51989452954815, 40.763104542848303 ], [ -8.519872798016351, 40.763108172644181 ], [ -8.519851585420925, 40.763113267607601 ], [ -8.519831176876199, 40.763119978967516 ], [ -8.519811465202737, 40.763127796501387 ], [ -8.519803068595818, 40.763131115954728 ], [ -8.519794671988048, 40.763134435407451 ], [ -8.519786275384671, 40.763137755760049 ], [ -8.519777878775235, 40.763141075211543 ], [ -8.519769482175397, 40.763144396463396 ], [ -8.519761086748586, 40.76314771590971 ], [ -8.519752748663413, 40.763151120710589 ], [ -8.519744666017656, 40.763154869545687 ], [ -8.51973683740254, 40.76315892369837 ], [ -8.519729234034616, 40.763163221130789 ], [ -8.519721814118682, 40.763167702550177 ], [ -8.519714534711822, 40.76317231497103 ], [ -8.51970734340707, 40.763177007240593 ], [ -8.519700189007896, 40.763181732704489 ], [ -8.51969302032297, 40.763186445608817 ], [ -8.519685783787139, 40.763191099307143 ], [ -8.519678431735942, 40.763195643531233 ], [ -8.519670915331021, 40.763200029817753 ], [ -8.519663328633582, 40.763204344299446 ], [ -8.519655738371799, 40.763208656991573 ], [ -8.519648145724771, 40.763212966989691 ], [ -8.519640549497744, 40.763217272496803 ], [ -8.519632948506418, 40.763221573516894 ], [ -8.519625342740367, 40.763225868248988 ], [ -8.519617729836188, 40.763230157601498 ], [ -8.51961011215206, 40.763234439765526 ], [ -8.519602487314156, 40.763238713848537 ], [ -8.519594855322477, 40.763242979850496 ], [ -8.519587216171798, 40.763247236870988 ], [ -8.519579568662188, 40.763251482212461 ], [ -8.519571912793623, 40.763255715874969 ], [ -8.519564248566121, 40.763259937858464 ], [ -8.519556554521293, 40.763264123921417 ], [ -8.519548799668922, 40.76326823994863 ], [ -8.519540989946217, 40.763272288621756 ], [ -8.519533125379256, 40.763276274443136 ], [ -8.519525213094777, 40.763280200990906 ], [ -8.519517256661363, 40.763284070954612 ], [ -8.519509259663247, 40.763287889725206 ], [ -8.519501225679436, 40.763291661793204 ], [ -8.51949316064715, 40.763295389840209 ], [ -8.519485064597674, 40.763299079269103 ], [ -8.519476941110012, 40.76330273457036 ], [ -8.519468794942286, 40.763306359330066 ], [ -8.519460629683934, 40.763309959839695 ], [ -8.51945244652968, 40.763313537896181 ], [ -8.51944424547955, 40.763317093499545 ], [ -8.519435966812274, 40.763320539501478 ], [ -8.519427599749166, 40.763323855226538 ], [ -8.519419151427417, 40.763327046053824 ], [ -8.519410626610375, 40.763330116469874 ], [ -8.519402033635153, 40.763333074551227 ], [ -8.519393378470259, 40.763335928382375 ], [ -8.519384667078999, 40.763338685147325 ], [ -8.519375903061245, 40.763341352938482 ], [ -8.519367092390711, 40.763343940740839 ], [ -8.519358239851574, 40.763346456642864 ], [ -8.519349334623472, 40.763348872765292 ], [ -8.519340369491118, 40.763351170221824 ], [ -8.519331351570818, 40.763353350789629 ], [ -8.519322285615512, 40.763355417154301 ], [ -8.519313171620015, 40.763357368415321 ], [ -8.519304017895415, 40.763359208146866 ], [ -8.519294825636473, 40.763360938145937 ], [ -8.51928559959611, 40.763362561098091 ], [ -8.51927634214821, 40.763364077895893 ], [ -8.519267059245637, 40.763365493922379 ], [ -8.519257752088381, 40.763366811875059 ], [ -8.519248426608442, 40.763368033535031 ], [ -8.519239080416417, 40.763369155308332 ], [ -8.519229706109416, 40.763370125891328 ], [ -8.519220307214393, 40.763370940769754 ], [ -8.519210888525974, 40.763371609833023 ], [ -8.519201454807519, 40.763372137567679 ], [ -8.51919201085364, 40.763372533863148 ], [ -8.519182559064291, 40.763372804114397 ], [ -8.519173104234083, 40.763372958210859 ], [ -8.519163647573416, 40.763373000650958 ], [ -8.519154191497872, 40.763372939531124 ], [ -8.519144739612511, 40.76337278384424 ], [ -8.519135290764336, 40.763372538997167 ], [ -8.519125847744, 40.763372277920858 ], [ -8.519116412972229, 40.763372009612219 ], [ -8.519106988525914, 40.763371683636421 ], [ -8.519097574134186, 40.763371253168515 ], [ -8.519088177821574, 40.763370672256265 ], [ -8.519078806407508, 40.763369891349512 ], [ -8.519069473806891, 40.763368859073367 ], [ -8.519060203409115, 40.763367524021263 ], [ -8.519051028072916, 40.763365833854436 ], [ -8.519041990131493, 40.763363736202542 ], [ -8.51903314618191, 40.763361187652414 ], [ -8.519024501341793, 40.763358253923315 ], [ -8.5190158752639, 40.763355287712919 ], [ -8.519007249186771, 40.763352321501891 ], [ -8.518998624289516, 40.763349354385753 ], [ -8.518989998208706, 40.763346387272939 ], [ -8.518981372133865, 40.763343421059957 ], [ -8.518972746059788, 40.763340454846315 ], [ -8.518964119986475, 40.763337488632033 ], [ -8.518957736587966, 40.763335263232584 ], [ -8.518951428329597, 40.763332924118878 ], [ -8.518945418595198, 40.763330187787858 ], [ -8.518939737211298, 40.763327091960718 ], [ -8.518934373862852, 40.763323696104855 ], [ -8.518929307555144, 40.763320056121358 ], [ -8.518924500681859, 40.763316222563837 ], [ -8.518919910847369, 40.76331223699696 ], [ -8.518915495619581, 40.763308134682006 ], [ -8.518911207808332, 40.763303947294133 ], [ -8.518907006108583, 40.763299700185428 ], [ -8.518902843298923, 40.763295419628129 ], [ -8.518898678069124, 40.763291130073782 ], [ -8.5188945163251, 40.763286828801178 ], [ -8.518890438386419, 40.763282478621392 ], [ -8.518886457254437, 40.76327807498852 ], [ -8.518882587104425, 40.763273611551675 ], [ -8.518878843321977, 40.763269086458443 ], [ -8.518875238918845, 40.763264496963885 ], [ -8.518871783359076, 40.763259841235332 ], [ -8.518868492038665, 40.763255119221405 ], [ -8.518865372053034, 40.763250329097339 ], [ -8.518862432902642, 40.763245475333903 ], [ -8.518859684077565, 40.763240560600885 ], [ -8.518857119692667, 40.763235591221459 ], [ -8.518854696011784, 40.763230581749788 ], [ -8.518852417777342, 40.763225533070511 ], [ -8.518850300385308, 40.763220445132191 ], [ -8.518848360410772, 40.763215316978929 ], [ -8.518846612070588, 40.763210149463724 ], [ -8.518845071950247, 40.76320494343161 ], [ -8.518843754276997, 40.7631997015366 ], [ -8.518842673288537, 40.763194428233554 ], [ -8.518841842043408, 40.763189128881834 ], [ -8.518841266489138, 40.763183807964054 ], [ -8.518840809334494, 40.763178481247571 ], [ -8.518840399536591, 40.763173151671282 ], [ -8.51884003827975, 40.763167819231271 ], [ -8.51883972202145, 40.763162485740331 ], [ -8.518839449577348, 40.763157151202464 ], [ -8.518839219763157, 40.763151815621626 ], [ -8.518839031394529, 40.763146479001726 ], [ -8.518838880918564, 40.76314114135468 ], [ -8.51883876952475, 40.763135803577036 ], [ -8.518838692470633, 40.763130464784091 ], [ -8.518838650945746, 40.763125125872399 ], [ -8.518838642581441, 40.763119786849877 ], [ -8.518838666193426, 40.763114447720454 ], [ -8.518838718233953, 40.763109109396517 ], [ -8.518838799882149, 40.763103770973636 ], [ -8.518838908769361, 40.763098432459678 ], [ -8.518839041347892, 40.763093094767044 ], [ -8.518839198796831, 40.763087756991283 ], [ -8.518839378752771, 40.763082420040767 ], [ -8.518839598980287, 40.763077083856167 ], [ -8.518839935295748, 40.763071751786043 ], [ -8.51884037823511, 40.763066425663027 ], [ -8.518840908839046, 40.763061103749479 ], [ -8.518841508153429, 40.763055785208266 ], [ -8.518842156050264, 40.763050471007155 ], [ -8.518842837117967, 40.763045158496176 ], [ -8.518843530039018, 40.763039847746526 ], [ -8.518844217033241, 40.76303453611623 ], [ -8.518844881515145, 40.763029222760139 ], [ -8.518845502162049, 40.763023906849064 ], [ -8.518846061193779, 40.763018585740959 ], [ -8.51884653966667, 40.763013260399596 ], [ -8.518846919816195, 40.763007930884363 ], [ -8.518847181503972, 40.763002596362099 ], [ -8.518847215763627, 40.76299725539598 ], [ -8.518846939740763, 40.762991916367447 ], [ -8.518846366514868, 40.762986588237744 ], [ -8.518845511549646, 40.762981282661677 ], [ -8.518844392635758, 40.762976004082219 ], [ -8.518843024026546, 40.762970759655722 ], [ -8.518841427060355, 40.762965552912867 ], [ -8.518839620701737, 40.762960386491734 ], [ -8.518837621536177, 40.762955261237387 ], [ -8.518835447343877, 40.762950179791858 ], [ -8.518833055588875, 40.76294515940679 ], [ -8.518830140156144, 40.762940308264483 ], [ -8.518826646927005, 40.762935688680116 ], [ -8.518822606891241, 40.762931334768972 ], [ -8.518818088806183, 40.762927258007686 ], [ -8.518813179032266, 40.7629234418986 ], [ -8.518808022822345, 40.762919813916405 ], [ -8.518802746376259, 40.762916283589561 ], [ -8.518797293211859, 40.762912914141644 ], [ -8.51879159864534, 40.762909784132084 ], [ -8.51878560290705, 40.762907002720809 ], [ -8.518779267659278, 40.762904698807077 ], [ -8.518772598560439, 40.76290303175999 ], [ -8.518765676996535, 40.762902148989127 ], [ -8.518758662031033, 40.762901908584809 ], [ -8.518751642536564, 40.762901704215118 ], [ -8.518744624226446, 40.762901499841043 ], [ -8.518737604737263, 40.76290129637097 ], [ -8.518730585242913, 40.762901092 ], [ -8.518723566932904, 40.762900887624617 ], [ -8.51871654743343, 40.762900682352324 ], [ -8.518706861345485, 40.762903229805524 ], [ -8.518697175251592, 40.762905776357428 ], [ -8.518687489162158, 40.762908323809022 ], [ -8.518677803071977, 40.762910871259798 ], [ -8.518668119344451, 40.76291341780135 ], [ -8.518658434457908, 40.762915968848468 ], [ -8.518649070398029, 40.76291911315149 ], [ -8.518640437083237, 40.762923285181927 ], [ -8.518632890053992, 40.762928526976218 ], [ -8.518625904605814, 40.762934215341872 ], [ -8.518613125951394, 40.762931384539712 ], [ -8.518600344934635, 40.762928554644525 ], [ -8.518587565098048, 40.76292572384348 ], [ -8.518574784078236, 40.762922893044959 ], [ -8.518562004249013, 40.76292006314155 ], [ -8.51854922323135, 40.762917232340193 ], [ -8.518536725349918, 40.762913595546912 ], [ -8.51852526391737, 40.762908141688655 ], [ -8.51851494191124, 40.762901475556241 ], [ -8.518505708352789, 40.762893998041719 ], [ -8.518498710817427, 40.762885292885223 ], [ -8.518493618986341, 40.762875788926578 ], [ -8.518489308487654, 40.762866023915791 ], [ -8.518486198595145, 40.762856001855866 ], [ -8.518484748080366, 40.762845798657729 ], [ -8.518484115699973, 40.762835554906715 ], [ -8.518484282691992, 40.762825303083417 ], [ -8.518485389027235, 40.762815081441815 ], [ -8.518486778514118, 40.762804876864621 ], [ -8.518488189323211, 40.762794673116694 ], [ -8.518489486402611, 40.762784463445037 ], [ -8.51849062125846, 40.762774258817537 ], [ -8.51849173505664, 40.762764099285206 ], [ -8.518492838351829, 40.762753966802855 ], [ -8.518493933351396, 40.762743833447672 ], [ -8.51849502225749, 40.762733670396393 ], [ -8.518496095507322, 40.762723462372492 ], [ -8.518497129482501, 40.762713221161277 ], [ -8.51849812782438, 40.762702962059087 ], [ -8.518499091790087, 40.762692697668683 ], [ -8.518500021405636, 40.762682432492461 ], [ -8.51850092148627, 40.762672180021795 ], [ -8.5185017944682, 40.762661951955053 ], [ -8.518502616769522, 40.76265176638092 ], [ -8.518502962993168, 40.76264158419756 ], [ -8.518502736000929, 40.762631401226891 ], [ -8.518502019966634, 40.762621232496251 ], [ -8.518500902575328, 40.762611085817326 ], [ -8.518499471470403, 40.762600961797951 ], [ -8.518497805984296, 40.762590857471636 ], [ -8.518495807924499, 40.762580791176269 ], [ -8.518493408679966, 40.762570776648403 ], [ -8.518490595280799, 40.762560823836807 ], [ -8.518487359515138, 40.76255094627632 ], [ -8.518483699050963, 40.762541150278189 ], [ -8.518479720371079, 40.762531417476843 ], [ -8.518475629220651, 40.762521691354372 ], [ -8.518471405544719, 40.76251198548524 ], [ -8.518467021003463, 40.762502314371972 ], [ -8.518462451978627, 40.762492689799913 ], [ -8.51845767133031, 40.762483128969087 ], [ -8.518452655455901, 40.762473646366281 ], [ -8.518447381957884, 40.762464260076165 ], [ -8.518441853267346, 40.762454980896592 ], [ -8.518436186395505, 40.762445767914429 ], [ -8.518430434505651, 40.762436598439713 ], [ -8.518424643676093, 40.762427453408144 ], [ -8.518418856411396, 40.762418310165366 ], [ -8.518413117595159, 40.762409147850079 ], [ -8.518407469731919, 40.762399943807935 ], [ -8.51840195654693, 40.762390681684025 ], [ -8.518396549783501, 40.762381390388605 ], [ -8.518391180856568, 40.762372088160646 ], [ -8.518385803490299, 40.762362759846162 ], [ -8.518380375024165, 40.762353401085051 ], [ -8.518374843448081, 40.762344029160431 ], [ -8.518369151085325, 40.762334705498652 ], [ -8.518363351151136, 40.762325416414562 ], [ -8.518357502745779, 40.762316141899973 ], [ -8.51835166497988, 40.762306863747526 ], [ -8.518345898137955, 40.76229756194509 ], [ -8.518340262488897, 40.762288213779037 ], [ -8.518334852625205, 40.762278792819238 ], [ -8.518329776119778, 40.762269264487706 ], [ -8.518325001095429, 40.762259646000352 ], [ -8.518320488569183, 40.76224995459679 ], [ -8.518316200726831, 40.762240204811242 ], [ -8.518312098554274, 40.762230408480427 ], [ -8.518308145406003, 40.762220577433112 ], [ -8.518304271507594, 40.762210729011692 ], [ -8.518300474516431, 40.762200867726456 ], [ -8.518296783987756, 40.762190984473804 ], [ -8.518293237797987, 40.762181075525334 ], [ -8.518289865517946, 40.762171134478884 ], [ -8.518286701471146, 40.762161157617911 ], [ -8.51828372557658, 40.762151154014475 ], [ -8.518280793517206, 40.762141152966109 ], [ -8.518277889907658, 40.762131156325218 ], [ -8.518275009995158, 40.762121161406121 ], [ -8.51827215021645, 40.762111166419757 ], [ -8.518269303450177, 40.762101168688361 ], [ -8.5182663702941, 40.762091182051179 ], [ -8.518263318788065, 40.762081209316335 ], [ -8.518260280320519, 40.762071238338876 ], [ -8.518257383906057, 40.762061256081267 ], [ -8.518254763317136, 40.762051253092139 ], [ -8.518252553572815, 40.762041230721891 ], [ -8.518250700252855, 40.762031199057645 ], [ -8.518248858776346, 40.762021167353851 ], [ -8.51824701730559, 40.762011136550448 ], [ -8.518243551041419, 40.761991886469517 ], [ -8.518239720045115, 40.76197264210802 ], [ -8.518234138105518, 40.761953509848098 ], [ -8.518227060588721, 40.761934617608489 ], [ -8.518218334458794, 40.761916125287719 ], [ -8.518206945030359, 40.761898489221664 ], [ -8.5181922282767, 40.761882388799563 ], [ -8.518175613577336, 40.761867399618971 ], [ -8.51815899889063, 40.761852411336385 ], [ -8.518140877529264, 40.761836149371057 ], [ -8.518134629018549, 40.761831204872287 ], [ -8.518127972471705, 40.761826560699724 ], [ -8.518120988253774, 40.761822187769262 ], [ -8.518115585151149, 40.76181905765376 ], [ -8.518110056058127, 40.761816054028017 ], [ -8.518102560726332, 40.761812178975795 ], [ -8.518094966585849, 40.761808420416912 ], [ -8.518087314857963, 40.761804738591955 ], [ -8.518079534994817, 40.761801221985017 ], [ -8.518071563637351, 40.761797973464169 ], [ -8.518063382185057, 40.761795053424763 ], [ -8.518054987443442, 40.761792524011796 ], [ -8.518046389260704, 40.76179045002818 ], [ -8.518037642794221, 40.761788949255134 ], [ -8.518028885560877, 40.761788045547434 ], [ -8.518020167944258, 40.761787439771695 ], [ -8.518011457293236, 40.761786809658659 ], [ -8.518002723315025, 40.761785831130055 ], [ -8.517993998478866, 40.761784384311447 ], [ -8.517985293017535, 40.761782805954866 ], [ -8.517976610743633, 40.761781141072511 ], [ -8.51796795397382, 40.76177938065166 ], [ -8.51795932856203, 40.761777512966368 ], [ -8.517950736824936, 40.76177552900392 ], [ -8.517942185821523, 40.761773420636281 ], [ -8.51793579877293, 40.761771762505319 ], [ -8.517929431582203, 40.761770056581405 ], [ -8.517920978662891, 40.761767705651216 ], [ -8.517912587794486, 40.761765230244819 ], [ -8.517904280086384, 40.761762594271914 ], [ -8.517898116724302, 40.761760499552082 ], [ -8.517892034288767, 40.761758267686425 ], [ -8.517886031689009, 40.761755914887566 ], [ -8.517880139487904, 40.761753401431697 ], [ -8.517872458737031, 40.761749817843466 ], [ -8.517865014407645, 40.761745952511184 ], [ -8.517857714717717, 40.76174190839766 ], [ -8.51785048083963, 40.761737775815469 ], [ -8.517843313988822, 40.761733560163577 ], [ -8.517836222496815, 40.76172926861819 ], [ -8.517829209952827, 40.761724907470871 ], [ -8.517822279946047, 40.761720483013107 ], [ -8.517815436076043, 40.761716003337433 ], [ -8.51780868430057, 40.761711474727484 ], [ -8.517802028239966, 40.761706908877684 ], [ -8.517795465608716, 40.761702320203611 ], [ -8.517788924259101, 40.761697725154747 ], [ -8.51778238410504, 40.761693131902504 ], [ -8.517775842762417, 40.761688537753358 ], [ -8.517769302604973, 40.761683943599891 ], [ -8.517762761264141, 40.761679349449992 ], [ -8.517757856139541, 40.761675902483638 ], [ -8.517759503680807, 40.761668742536855 ], [ -8.517761702372294, 40.761659195334197 ], [ -8.517763901063162, 40.761649648131481 ], [ -8.517766099758601, 40.761640101829187 ], [ -8.517768297263956, 40.76163055463028 ], [ -8.517770495952977, 40.761621007427394 ], [ -8.517772145854941, 40.76161384657199 ], [ -8.517774801484611, 40.761606935404323 ], [ -8.517781237339033, 40.761598574442075 ], [ -8.517787004202049, 40.761592497570959 ], [ -8.517790753913937, 40.761588220314451 ], [ -8.517794457916661, 40.761583820742473 ], [ -8.517798357662443, 40.761579479050276 ], [ -8.517802245414375, 40.76157511128347 ], [ -8.517805931220524, 40.761570637030445 ], [ -8.517809243028161, 40.761565999232843 ], [ -8.517811897379318, 40.761561126795769 ], [ -8.517813706056831, 40.761556034754598 ], [ -8.517814698002764, 40.761550813062733 ], [ -8.517814939998972, 40.761545541641858 ], [ -8.517814522393474, 40.761540279623695 ], [ -8.517813815985031, 40.761535046483644 ], [ -8.517812967629425, 40.761529842632697 ], [ -8.517811945382322, 40.761524673580304 ], [ -8.517810723231172, 40.761519546617137 ], [ -8.517809272800074, 40.761514469942284 ], [ -8.517807568086875, 40.761509452647402 ], [ -8.517805667162785, 40.761504501742856 ], [ -8.517802742587884, 40.761497219259347 ], [ -8.517798776037367, 40.761487713317628 ], [ -8.517794770053218, 40.76147835158686 ], [ -8.517790766433553, 40.761468988947556 ], [ -8.517786804582039, 40.76145947578572 ], [ -8.517783888238846, 40.761452182468268 ], [ -8.517781990819085, 40.761447222546622 ], [ -8.517780108561604, 40.761442222052004 ], [ -8.517778220310333, 40.761437208970342 ], [ -8.517776327259956, 40.761432185098684 ], [ -8.517774431789404, 40.761427152230056 ], [ -8.51777253628279, 40.761422113058039 ], [ -8.517770644303342, 40.761417069371753 ], [ -8.517768757030147, 40.761412020266746 ], [ -8.517766876857705, 40.761406970237537 ], [ -8.517765004965097, 40.761401918379704 ], [ -8.517763144910347, 40.761396865581865 ], [ -8.517761296703835, 40.76139181364502 ], [ -8.517759463908762, 40.761386764358257 ], [ -8.517757646530326, 40.761381718622083 ], [ -8.517755850505466, 40.761376679118172 ], [ -8.51775407703402, 40.761371648544056 ], [ -8.517752328494927, 40.761366628692784 ], [ -8.517750647444236, 40.76136160591507 ], [ -8.517749040961617, 40.7613565756848 ], [ -8.517747498388584, 40.76135153803753 ], [ -8.517746009082213, 40.761346495710221 ], [ -8.517744561199741, 40.761341448742321 ], [ -8.517743142908799, 40.761336398974322 ], [ -8.517741743545711, 40.761331345541187 ], [ -8.517740351278105, 40.761326290283414 ], [ -8.517738953078968, 40.761321233244367 ], [ -8.517737539474075, 40.761316174455658 ], [ -8.517736098631095, 40.761311115757721 ], [ -8.517734616338725, 40.761306057197885 ], [ -8.517733084322636, 40.761301001505217 ], [ -8.517731488366337, 40.761295947826639 ], [ -8.517729822558875, 40.761290897982803 ], [ -8.517728128355046, 40.761285852736059 ], [ -8.517726416397743, 40.761280809349451 ], [ -8.517724690244979, 40.761275768711627 ], [ -8.517722947528219, 40.761270730830461 ], [ -8.517721190610825, 40.761265694797572 ], [ -8.517719419497988, 40.761260661513475 ], [ -8.517717634184509, 40.761255630077656 ], [ -8.517715834680795, 40.761250602291078 ], [ -8.517714023344988, 40.761245576344898 ], [ -8.51771219780337, 40.761240551346525 ], [ -8.517710361619148, 40.761235529085091 ], [ -8.517708514787124, 40.761230508660091 ], [ -8.517706654943948, 40.761225490979918 ], [ -8.517704785632066, 40.761220474231749 ], [ -8.517702906856659, 40.761215459316091 ], [ -8.517701018617728, 40.761210446232916 ], [ -8.517699124488873, 40.761205438572311 ], [ -8.517697222101541, 40.761200436342214 ], [ -8.517695305518789, 40.761195436860852 ], [ -8.517693372382466, 40.761190441937124 ], [ -8.517691417950287, 40.761185450686298 ], [ -8.516644757941659, 40.760940866375996 ], [ -8.516612505483661, 40.760933950570845 ], [ -8.516532802628658, 40.760913324740997 ], [ -8.516461131634399, 40.760888981035663 ], [ -8.516379450265129, 40.760853774504035 ], [ -8.516293704727516, 40.760812007772593 ], [ -8.516198959248156, 40.760770541001172 ], [ -8.516143171632597, 40.760748575717876 ], [ -8.516053175429503, 40.760708984109485 ], [ -8.515869347591583, 40.760642420374367 ], [ -8.515825540347658, 40.760623746145207 ], [ -8.515772172604299, 40.760631127993818 ], [ -8.515653094265124, 40.760641520089507 ], [ -8.515524755927601, 40.760647980554658 ], [ -8.515443051737714, 40.760649783904526 ], [ -8.515354351615462, 40.760650078620579 ], [ -8.515272026404569, 40.760646841116994 ], [ -8.51519002126453, 40.760637659207674 ], [ -8.51512079432279, 40.760626362898201 ], [ -8.51502382747074, 40.760610026409076 ], [ -8.514910035228752, 40.760592394754617 ], [ -8.514829876238561, 40.760574471650152 ], [ -8.514724550021068, 40.76054618593303 ], [ -8.514623066042862, 40.760527072498881 ], [ -8.514444378326193, 40.760489035287982 ], [ -8.51433798399821, 40.760460302497478 ], [ -8.514311074551603, 40.760455709693616 ], [ -8.514201359419848, 40.760425907147763 ], [ -8.514153439241452, 40.760412738902275 ], [ -8.514014185683534, 40.760374389818629 ], [ -8.513910731301312, 40.760341955788121 ], [ -8.513869574868378, 40.760331106402006 ], [ -8.513795668209463, 40.76030901875783 ], [ -8.513700734000315, 40.760275384885709 ], [ -8.513616845305593, 40.760247297607144 ], [ -8.513419766887381, 40.760182215344656 ], [ -8.513372913891878, 40.76016922335706 ], [ -8.513262831384356, 40.760137349981086 ], [ -8.513168997364428, 40.760109655334091 ], [ -8.513090479262418, 40.760088753971019 ], [ -8.513023816040445, 40.760069973825466 ], [ -8.512976507599587, 40.760059954819852 ], [ -8.512945798032117, 40.760053483158707 ], [ -8.512877125248698, 40.760035340791312 ], [ -8.512764456285494, 40.760006717243215 ], [ -8.512666143497729, 40.75998272896237 ], [ -8.512654877740685, 40.759980064517649 ], [ -8.512583013937315, 40.759962832967204 ], [ -8.51238755093132, 40.759910980048751 ], [ -8.512263763904324, 40.75988455464438 ], [ -8.512180865640795, 40.759863846250148 ], [ -8.512098539611918, 40.759839624874395 ], [ -8.511948564232794, 40.759789692972994 ], [ -8.511833289563112, 40.759740005407451 ], [ -8.511805646007804, 40.759731182085417 ], [ -8.511712632421446, 40.759701772612125 ], [ -8.51168665093018, 40.759693664207724 ], [ -8.511624009822413, 40.75967396955938 ], [ -8.511598392820202, 40.759667480836526 ], [ -8.511473144441149, 40.759634034587449 ], [ -8.511249859787949, 40.759583172343696 ], [ -8.511146901038378, 40.759554155197314 ], [ -8.511109181372417, 40.759543563716228 ], [ -8.511099098974574, 40.759540715143757 ], [ -8.511063753076021, 40.759530836271871 ], [ -8.510981692753008, 40.759511565967706 ], [ -8.51086749666403, 40.759484836609644 ], [ -8.510770142903173, 40.7594626445674 ], [ -8.510713571640641, 40.759447973251994 ], [ -8.510616764255937, 40.759417674807338 ], [ -8.51054723729095, 40.759394850352173 ], [ -8.510476281650325, 40.759370680679424 ], [ -8.510406525061759, 40.759349117587711 ], [ -8.510311169587688, 40.759324217129482 ], [ -8.510209035015629, 40.759294206802771 ], [ -8.510145941027602, 40.759277844673605 ], [ -8.509977774308595, 40.759235623867568 ], [ -8.509916941504425, 40.759221415425202 ], [ -8.509816020981882, 40.759196622776123 ], [ -8.50972195352545, 40.759168836030831 ], [ -8.50961662760133, 40.759139826140817 ], [ -8.509598592648702, 40.759133761586277 ], [ -8.509496083091836, 40.759100148956037 ], [ -8.509391235129559, 40.759071857699709 ], [ -8.509231574571249, 40.759025825076201 ], [ -8.509134797049088, 40.759000387978929 ], [ -8.509041202151531, 40.758972509087663 ], [ -8.508946553186192, 40.758946704699326 ], [ -8.508876234827881, 40.758930366300888 ], [ -8.5087900178673, 40.758908766672349 ], [ -8.508727770276353, 40.75889537265568 ], [ -8.508662576147721, 40.75888468968899 ], [ -8.508600124522621, 40.758877329606975 ], [ -8.508529866777998, 40.7588715266319 ], [ -8.508443630512319, 40.758867305526813 ], [ -8.508340922626468, 40.75886142786559 ], [ -8.508253027452055, 40.758857032812379 ], [ -8.508120839476568, 40.758852332275559 ], [ -8.507981077991918, 40.758848645835286 ], [ -8.507875656220046, 40.758844307422422 ], [ -8.507757699801251, 40.758843251398652 ], [ -8.507615561301849, 40.758838042285042 ], [ -8.507495562399489, 40.758831769729952 ], [ -8.507369408043143, 40.758825968161183 ], [ -8.507244193515037, 40.758818811759568 ], [ -8.507109843274401, 40.758808624033264 ], [ -8.507041019237557, 40.758805245950846 ], [ -8.506993637541139, 40.758802969012841 ], [ -8.506887727907873, 40.75879628998171 ], [ -8.506769381520654, 40.758789020770983 ], [ -8.506747343901367, 40.758786930922696 ], [ -8.506730755593082, 40.75878536462875 ], [ -8.506714167280531, 40.758783797431967 ], [ -8.506662980266888, 40.758778921230906 ], [ -8.506580404766451, 40.758772796737865 ], [ -8.506509667881723, 40.758766182733851 ], [ -8.506498296241347, 40.758765679226038 ], [ -8.506469393957607, 40.758764512932721 ], [ -8.506443018213441, 40.758829060442146 ], [ -8.50514583881942, 40.759036766468668 ], [ -8.504976356054611, 40.759092840125518 ], [ -8.504617918495645, 40.759113810868826 ], [ -8.503668419865519, 40.75927198778809 ], [ -8.50344251668696, 40.759317336196801 ], [ -8.503235279054516, 40.759358751259747 ], [ -8.503150783028362, 40.759375827313477 ], [ -8.501862954818391, 40.759844306637383 ], [ -8.501760172892125, 40.759886932306955 ], [ -8.501648557355802, 40.759931919284909 ], [ -8.501641358985621, 40.75993442764684 ], [ -8.501549211212456, 40.759955542283514 ], [ -8.500122106692679, 40.760455012323199 ], [ -8.499658092744669, 40.760655682628091 ], [ -8.499438103516622, 40.761003450270692 ], [ -8.499273334887565, 40.761175374894542 ], [ -8.49923455217141, 40.761244548140382 ], [ -8.49913164412688, 40.761374555309786 ], [ -8.498898672184307, 40.761529407012787 ], [ -8.498710798025996, 40.761669446271981 ], [ -8.498743802719442, 40.761699147301464 ], [ -8.498752127399388, 40.761716257407365 ], [ -8.498744711558928, 40.761735110318845 ], [ -8.498723638838216, 40.761745199623427 ], [ -8.49870118251649, 40.761761929978555 ], [ -8.498639005246956, 40.761783109434134 ], [ -8.498580277657148, 40.761807069476234 ], [ -8.498526789483599, 40.761836234887795 ], [ -8.498464345556622, 40.761873624060101 ], [ -8.498395904286536, 40.761918596365462 ], [ -8.498360830212096, 40.761936627287795 ], [ -8.498326435446074, 40.761949163911623 ], [ -8.498270120676626, 40.761959607787475 ], [ -8.49822908125036, 40.761969644011408 ], [ -8.498211001541561, 40.761976995243757 ], [ -8.498199092943247, 40.761986668246593 ], [ -8.498197177254431, 40.76204736788052 ], [ -8.498196532699561, 40.762059435693857 ], [ -8.498202851838091, 40.762088591842591 ], [ -8.498210493407532, 40.762121344899192 ], [ -8.498225647277305, 40.762163440269617 ], [ -8.498231488740769, 40.762170444773673 ], [ -8.498243156404975, 40.762181664086008 ], [ -8.49823383682822, 40.762231401066138 ], [ -8.498233200655559, 40.762244999699526 ], [ -8.498235072400336, 40.762262193291299 ], [ -8.498247947451137, 40.762342115886142 ], [ -8.498258851567142, 40.762408357143833 ], [ -8.498268555683433, 40.762493152456486 ], [ -8.498267581104558, 40.762520439730523 ], [ -8.498256330188939, 40.762531281304966 ], [ -8.498248416576685, 40.762535178484576 ], [ -8.49824002304134, 40.762537727335456 ], [ -8.498207718779424, 40.762542782274707 ], [ -8.498216842004595, 40.762608218719734 ], [ -8.498215280449136, 40.762690348179568 ], [ -8.498197297036249, 40.762822687327855 ], [ -8.498187396692114, 40.762852884429087 ], [ -8.4981701160083, 40.762876442090473 ], [ -8.498159744581651, 40.762885480777442 ], [ -8.498149490393494, 40.76289451819212 ], [ -8.498075280013895, 40.762967603185075 ], [ -8.49806068790274, 40.762984488642303 ], [ -8.498034395768208, 40.763005913583989 ], [ -8.497987864271025, 40.763029654656272 ], [ -8.49784057845822, 40.76310216186441 ], [ -8.497777551632403, 40.763141532695798 ], [ -8.497435150786067, 40.763516909678309 ], [ -8.497412811362338, 40.763671258900374 ], [ -8.49740908084406, 40.763699267155346 ], [ -8.49740176114547, 40.763746682563223 ], [ -8.497397582297401, 40.763775007406892 ], [ -8.49735513697731, 40.764021281659325 ], [ -8.497350522104409, 40.764052182399425 ], [ -8.49734817088887, 40.764057336165195 ], [ -8.497345479225681, 40.764062391050118 ], [ -8.4973421159061, 40.764067204920366 ], [ -8.497337890513608, 40.76407160908321 ], [ -8.497332879503317, 40.764075506944053 ], [ -8.4973271807073, 40.764078812646702 ], [ -8.497320901442169, 40.76408144210609 ], [ -8.497314202722377, 40.764083384908517 ], [ -8.497307235164023, 40.764084678399534 ], [ -8.497300157639382, 40.764085570615123 ], [ -8.497179813723884, 40.764069066886869 ], [ -8.49718229513525, 40.764111860620702 ], [ -8.497747308541241, 40.77112686042021 ], [ -8.497634810256171, 40.771110046052854 ], [ -8.497523351425858, 40.771089875744096 ], [ -8.497409381911254, 40.771082560639961 ], [ -8.497330386555371, 40.771078546129431 ], [ -8.49732129079316, 40.771078074159725 ], [ -8.497211312212366, 40.771091881823232 ], [ -8.497106718349812, 40.771107671500708 ], [ -8.497002961883295, 40.771113044198266 ], [ -8.496991352048314, 40.771108984446542 ], [ -8.496984177046834, 40.771106475773699 ], [ -8.496975262588363, 40.771100373299497 ], [ -8.496965962849105, 40.771093124806512 ], [ -8.496956972087208, 40.771085627702021 ], [ -8.49694857952055, 40.771077702775898 ], [ -8.496942700329981, 40.771071501580451 ], [ -8.496939019425204, 40.77106723762671 ], [ -8.496935448389927, 40.771062921097659 ], [ -8.496931944687052, 40.77105857103782 ], [ -8.496928504787785, 40.771054191960843 ], [ -8.496925122789513, 40.771049787487328 ], [ -8.496921790420723, 40.771045361245328 ], [ -8.49691850295342, 40.771040915050705 ], [ -8.496915248577496, 40.771036455244278 ], [ -8.49691200601703, 40.771031989997482 ], [ -8.496908774092498, 40.771027520214602 ], [ -8.496905550449734, 40.771023048604505 ], [ -8.49690233153046, 40.77101857427796 ], [ -8.496899116150228, 40.771014097238648 ], [ -8.496895903144249, 40.771009621092269 ], [ -8.496892687764895, 40.771005144052779 ], [ -8.496889468842443, 40.771000668825359 ], [ -8.496886246376894, 40.770996195410014 ], [ -8.496883015640293, 40.770991725622622 ], [ -8.496879775453079, 40.770987260367413 ], [ -8.496876524630812, 40.770982799648117 ], [ -8.496873257261065, 40.770978345284355 ], [ -8.496869967441251, 40.770973900896742 ], [ -8.496866655171372, 40.770969466485255 ], [ -8.496863324009679, 40.770965042939181 ], [ -8.496859972766813, 40.770960629361745 ], [ -8.496856606170768, 40.770956223937084 ], [ -8.496851523201348, 40.770949632113101 ], [ -8.496846411870028, 40.770943052084718 ], [ -8.496842988559729, 40.770938672052303 ], [ -8.496839551065982, 40.77093429746747 ], [ -8.496836073399644, 40.770929941019098 ], [ -8.496832535479134, 40.770925612675903 ], [ -8.496828919586823, 40.770921321498726 ], [ -8.49682521037894, 40.770917077441347 ], [ -8.49682139251165, 40.770912890457595 ], [ -8.496817449461648, 40.770908771405509 ], [ -8.496811250334181, 40.770902758514815 ], [ -8.496802446994957, 40.770895087011432 ], [ -8.496793217692458, 40.770887714013689 ], [ -8.496783928265033, 40.77088039253298 ], [ -8.496774605846973, 40.770873102672859 ], [ -8.496765252792425, 40.770865841724429 ], [ -8.496755869091569, 40.770858607886652 ], [ -8.496748815704338, 40.770853197415242 ], [ -8.496741745799824, 40.77084779870188 ], [ -8.496734665285519, 40.770842409026493 ], [ -8.49672757060809, 40.770837028400223 ], [ -8.496718093726995, 40.77082986509172 ], [ -8.496708597936061, 40.770822709045952 ], [ -8.496701466643167, 40.770817346543389 ], [ -8.496694325905306, 40.770811989473088 ], [ -8.496684797067861, 40.770804854240886 ], [ -8.496675263533945, 40.770797726226661 ], [ -8.496665725279005, 40.770790600928002 ], [ -8.496656184647398, 40.770783473835039 ], [ -8.496649030932069, 40.770778124907267 ], [ -8.496641878387607, 40.770772773273848 ], [ -8.496632345949154, 40.770765627242646 ], [ -8.496622822914697, 40.770758467673573 ], [ -8.496615689168532, 40.770753087163399 ], [ -8.496610937651912, 40.770749494739803 ], [ -8.496606190844144, 40.770745896898198 ], [ -8.496601448745228, 40.770742293638591 ], [ -8.496596714893769, 40.770738682248314 ], [ -8.496591988120048, 40.770735065432604 ], [ -8.496587257798421, 40.770731449528334 ], [ -8.496582518045903, 40.770727841758067 ], [ -8.496577768852685, 40.770724240320803 ], [ -8.496573020844433, 40.770720638879595 ], [ -8.496568272831787, 40.770717036537725 ], [ -8.496563524824561, 40.770713435096141 ], [ -8.496542379963342, 40.770689994219211 ], [ -8.496521203235172, 40.770666571448579 ], [ -8.496500592236536, 40.770642847027112 ], [ -8.496480851817502, 40.770618684920692 ], [ -8.496461609952469, 40.770594283509922 ], [ -8.496442732007115, 40.770569715258667 ], [ -8.496424084487549, 40.770545044522613 ], [ -8.496405533865662, 40.770520329354056 ], [ -8.496386945453557, 40.770495632311295 ], [ -8.496368184543851, 40.770471012350619 ], [ -8.496358222764213, 40.770446566402001 ], [ -8.496348259817296, 40.770422122257067 ], [ -8.496342044938208, 40.770396887384436 ], [ -8.496341664570963, 40.770370974983805 ], [ -8.496339625042035, 40.770345111029037 ], [ -8.496337699191324, 40.770319241313359 ], [ -8.496335712950611, 40.770293374489086 ], [ -8.496333430715168, 40.770267529307688 ], [ -8.496330629909435, 40.770241724479668 ], [ -8.496327582865943, 40.770215942938869 ], [ -8.496311089948012, 40.770104030666083 ], [ -8.49618799538707, 40.770021958603792 ], [ -8.496013092786118, 40.7699543888505 ], [ -8.495747839331226, 40.769963476624866 ], [ -8.495689496840463, 40.769973288054778 ], [ -8.495632965110596, 40.769988066311022 ], [ -8.495578340423458, 40.770006350487783 ], [ -8.495524349184446, 40.770025687131309 ], [ -8.495469511747931, 40.770043847656034 ], [ -8.495412380891482, 40.770056721333411 ], [ -8.495353446760481, 40.770049870755393 ], [ -8.495295802132102, 40.770037496954664 ], [ -8.495241396072938, 40.77001862488234 ], [ -8.495193909854748, 40.769991069193303 ], [ -8.495147742316696, 40.769960085658347 ], [ -8.495094780137434, 40.769936835273256 ], [ -8.495034915918522, 40.769927067138084 ], [ -8.494974398538908, 40.769930953454029 ], [ -8.494916888031289, 40.769945240055989 ], [ -8.494859857998186, 40.769960983928193 ], [ -8.494800024985002, 40.769970730242541 ], [ -8.494738640306901, 40.769970423737874 ], [ -8.494677155719991, 40.769967855465261 ], [ -8.49461564612105, 40.769965697864819 ], [ -8.49457479601419, 40.769964904613097 ], [ -8.49453394482623, 40.769964130260746 ], [ -8.49449306885662, 40.76996293543943 ], [ -8.494452200710183, 40.769961435310698 ], [ -8.494411337166627, 40.769959909939146 ], [ -8.494370473561444, 40.769958372846872 ], [ -8.494354128359674, 40.769957758545445 ], [ -8.494337789109617, 40.769957149626059 ], [ -8.494321486664971, 40.769956556798114 ], [ -8.494305225763457, 40.769955980046788 ], [ -8.494289000956256, 40.769955725558113 ], [ -8.494272868945687, 40.769956421701515 ], [ -8.494256981806309, 40.769958154448837 ], [ -8.494241282225955, 40.7699604016913 ], [ -8.494225572004156, 40.769962652566917 ], [ -8.494209853495137, 40.769964904366837 ], [ -8.494173084456204, 40.769977356219698 ], [ -8.494074864160766, 40.769999748166093 ], [ -8.493974410481297, 40.770016988966162 ], [ -8.49387242972635, 40.770026953934753 ], [ -8.493769509192738, 40.770027191880786 ], [ -8.493669868126338, 40.77004315477253 ], [ -8.493581088178653, 40.770082519986779 ], [ -8.493493429767364, 40.770123632196295 ], [ -8.493404951495005, 40.770163627581006 ], [ -8.4933089362013, 40.77018998228219 ], [ -8.49320659147989, 40.770197319247977 ], [ -8.493168520125678, 40.770200063885405 ], [ -8.493130448763381, 40.770202807609778 ], [ -8.493092376223137, 40.770205553126267 ], [ -8.493054323805371, 40.770208296766455 ], [ -8.493016474450902, 40.770211796178202 ], [ -8.492980745695036, 40.770221082762028 ], [ -8.492950167423391, 40.770238362294812 ], [ -8.492920126075823, 40.770256151627677 ], [ -8.492894888124606, 40.770277316348555 ], [ -8.492871948240492, 40.770299403212626 ], [ -8.492849050355169, 40.770317640316875 ], [ -8.492825768320147, 40.770335588653921 ], [ -8.492799273192169, 40.77035074735592 ], [ -8.492770324639357, 40.770363195998378 ], [ -8.492741244942662, 40.770375488355775 ], [ -8.492712991066298, 40.770388708345848 ], [ -8.49268461003108, 40.770401852182935 ], [ -8.492655649779451, 40.770414335952374 ], [ -8.492624023881435, 40.770422093206108 ], [ -8.492589119734433, 40.770428815185944 ], [ -8.492578323757703, 40.77042998344065 ], [ -8.492567445380107, 40.770430807060713 ], [ -8.492556505523829, 40.770431212140181 ], [ -8.492545552857855, 40.770431218338373 ], [ -8.492534631245491, 40.770430832722674 ], [ -8.492523794370545, 40.770429906543868 ], [ -8.492513090436296, 40.77042837301515 ], [ -8.492502529699678, 40.770426377084547 ], [ -8.492492084525139, 40.770424065619203 ], [ -8.492481716607418, 40.770421583718402 ], [ -8.492471429897703, 40.770419005210641 ], [ -8.492461271147809, 40.770416213786234 ], [ -8.492451298730861, 40.770413051676513 ], [ -8.492441598354331, 40.77040937813711 ], [ -8.492432211415577, 40.770405182233283 ], [ -8.492422951354543, 40.770400792326804 ], [ -8.492413772371076, 40.770396281500574 ], [ -8.492404674513677, 40.770391658759394 ], [ -8.492395656631929, 40.770386930410396 ], [ -8.492386712847276, 40.770382104576321 ], [ -8.492377843193728, 40.770377187560577 ], [ -8.492369041797575, 40.770372188386439 ], [ -8.492360305144345, 40.770367114268844 ], [ -8.492351614413964, 40.770361989579804 ], [ -8.492342959048333, 40.770356833262625 ], [ -8.492334331950538, 40.770351647140387 ], [ -8.492325728421617, 40.770346438431716 ], [ -8.492317144932494, 40.770341211650099 ], [ -8.492310715857647, 40.770337282982155 ], [ -8.492304292681512, 40.770333349792978 ], [ -8.492295731574004, 40.77032809952717 ], [ -8.492287172831867, 40.770322848352833 ], [ -8.492278608188279, 40.770317600798236 ], [ -8.492270035313171, 40.770312364074584 ], [ -8.492261447114426, 40.770307140905409 ], [ -8.49225499447375, 40.770303233919599 ], [ -8.492248526518555, 40.770299342289512 ], [ -8.492242044418742, 40.770295463310056 ], [ -8.492235543470491, 40.770291603299306 ], [ -8.492229023668955, 40.770287761356784 ], [ -8.49222238726335, 40.770284041343857 ], [ -8.492213241989127, 40.770279406128054 ], [ -8.492203896646492, 40.770275010165776 ], [ -8.492194506572798, 40.770270665670218 ], [ -8.492185224751095, 40.770266187563543 ], [ -8.492176217183639, 40.770261388926393 ], [ -8.492167694958862, 40.770256097107136 ], [ -8.492159848291299, 40.770250222364936 ], [ -8.492154158502697, 40.770245664642189 ], [ -8.492148468710035, 40.770241106018716 ], [ -8.492140881531403, 40.770235027856053 ], [ -8.492133294358991, 40.770228950593385 ], [ -8.492124114277795, 40.77022158697303 ], [ -8.492116831589032, 40.770215743791724 ], [ -8.492109547717106, 40.770209900613636 ], [ -8.492102263841613, 40.770204056534595 ], [ -8.492095182929502, 40.770198070445709 ], [ -8.492088549354484, 40.770191792104363 ], [ -8.492082295976836, 40.770185291057743 ], [ -8.492076343754333, 40.770178626084089 ], [ -8.492070602975126, 40.770171854193805 ], [ -8.492064986242967, 40.770165022484584 ], [ -8.492059399040459, 40.770158175374767 ], [ -8.492053753961702, 40.770151358161101 ], [ -8.492047958853359, 40.770144614354017 ], [ -8.49204192515421, 40.770137994656793 ], [ -8.492035603307009, 40.770131534342909 ], [ -8.492029204710212, 40.770125118391711 ], [ -8.492022773052236, 40.7701187214534 ], [ -8.492016301250706, 40.770112348052507 ], [ -8.492009781043649, 40.77010600361767 ], [ -8.492003202979829, 40.77009969268078 ], [ -8.491996561170996, 40.770093421563615 ], [ -8.491989846170757, 40.770087195698494 ], [ -8.491983052081173, 40.77008101960628 ], [ -8.491976171824719, 40.770074898711918 ], [ -8.49196919714427, 40.770068839344539 ], [ -8.491962120976833, 40.77006284963057 ], [ -8.491954942147679, 40.770056931374661 ], [ -8.49194766537515, 40.770051080960094 ], [ -8.491940298940602, 40.770045296560141 ], [ -8.491932847567234, 40.77003957545859 ], [ -8.491925318337442, 40.770033913130938 ], [ -8.491917715979246, 40.770028307761464 ], [ -8.49191004875461, 40.770022753921467 ], [ -8.491902322566341, 40.77001724799063 ], [ -8.491894540953188, 40.770011787256422 ], [ -8.491886709813109, 40.770006367198015 ], [ -8.491878836228464, 40.770000983290913 ], [ -8.49187092491761, 40.769995631918412 ], [ -8.491862969982598, 40.76999031760139 ], [ -8.4918549148419, 40.769985090943507 ], [ -8.491846761883739, 40.769979955539306 ], [ -8.491838522889459, 40.769974899645717 ], [ -8.491830209659799, 40.769969915121543 ], [ -8.491821832806197, 40.769964992928806 ], [ -8.491813402935268, 40.769960123129081 ], [ -8.491804931842898, 40.76995529668072 ], [ -8.491796430121164, 40.7699505009438 ], [ -8.491787906022346, 40.769945728688732 ], [ -8.4917793713278, 40.769940968172428 ], [ -8.491770834280151, 40.769936210364293 ], [ -8.491762304291875, 40.769931443528591 ], [ -8.491753794343321, 40.769926658620065 ], [ -8.491745312667389, 40.769921844807143 ], [ -8.49173686869114, 40.769916993055546 ], [ -8.491728473021189, 40.769912093426868 ], [ -8.491720137438929, 40.769907134178069 ], [ -8.491711872560655, 40.769902107171674 ], [ -8.491703691361886, 40.769897002461946 ], [ -8.491695603274479, 40.76989181191508 ], [ -8.491687623647664, 40.769886526478459 ], [ -8.491679764282162, 40.769881138010959 ], [ -8.491672035799136, 40.769875639275625 ], [ -8.491664385165469, 40.769870079964598 ], [ -8.491656782896252, 40.769864483582424 ], [ -8.491649228991481, 40.769858850129097 ], [ -8.49164172109683, 40.769853182313433 ], [ -8.491634258027856, 40.769847480139148 ], [ -8.49162683743023, 40.769841746315024 ], [ -8.491619459308792, 40.769835981741558 ], [ -8.491612122483945, 40.769830187322938 ], [ -8.491604822222804, 40.769824363974351 ], [ -8.491597560899088, 40.769818512588941 ], [ -8.491590333789583, 40.769812635882865 ], [ -8.491583139714701, 40.769806734760294 ], [ -8.491575978669601, 40.769800808320745 ], [ -8.491568848309626, 40.769794861074018 ], [ -8.491561742717467, 40.769788893938959 ], [ -8.491554658364029, 40.769782911429061 ], [ -8.491547592904642, 40.769776918054063 ], [ -8.491540539227918, 40.76977091293557 ], [ -8.491533493809591, 40.769764901487527 ], [ -8.491526453110895, 40.769758886422366 ], [ -8.491519413593055, 40.769752870452614 ], [ -8.491512369358126, 40.769746858099062 ], [ -8.49150531685283, 40.769740849372759 ], [ -8.491498250179218, 40.769734848794478 ], [ -8.491491166987782, 40.769728859973519 ], [ -8.49148406256017, 40.769722886526516 ], [ -8.491476932163513, 40.769716929368641 ], [ -8.491469721512496, 40.769711025588869 ], [ -8.49146239759798, 40.769705204105563 ], [ -8.491454959245203, 40.76969946672336 ], [ -8.491447402925083, 40.769693817955677 ], [ -8.491439733385002, 40.769688259588754 ], [ -8.491431858665338, 40.769682871151808 ], [ -8.491423598492029, 40.769677828801449 ], [ -8.491414920121906, 40.769673210982532 ], [ -8.491405802752773, 40.769669114112702 ], [ -8.49139624696487, 40.769665646249713 ], [ -8.49138629591004, 40.769662902712163 ], [ -8.491379312281323, 40.769661113493335 ], [ -8.491372329842239, 40.769659325170863 ], [ -8.4913653462191, 40.769657536851668 ], [ -8.491356035511778, 40.769655152422949 ], [ -8.491346724800282, 40.769652767092992 ], [ -8.49133741409428, 40.769650382662768 ], [ -8.491328103384115, 40.769647997331283 ], [ -8.491318757601201, 40.769645697655143 ], [ -8.491311637298599, 40.769644262751775 ], [ -8.491304414522084, 40.769643155046438 ], [ -8.491294703218358, 40.769642046059452 ], [ -8.491284929928717, 40.769641304666834 ], [ -8.491275124340993, 40.769640945184349 ], [ -8.491265318502355, 40.769641200741312 ], [ -8.491255573852794, 40.769642043231606 ], [ -8.491245926654825, 40.769643387896011 ], [ -8.491236393064737, 40.769645155440671 ], [ -8.491229317216346, 40.769646705541923 ], [ -8.491222312230143, 40.76964843822379 ], [ -8.491213066947232, 40.769650958587889 ], [ -8.491206205715571, 40.769652993389698 ], [ -8.491199410318194, 40.769655156757885 ], [ -8.491190434279908, 40.769658188667535 ], [ -8.491181550258538, 40.769661372474985 ], [ -8.491172742692159, 40.76966467761163 ], [ -8.491163996023676, 40.76966807440936 ], [ -8.491155291137909, 40.769671532310596 ], [ -8.491148778877271, 40.769674147747374 ], [ -8.491142269023635, 40.769676770380293 ], [ -8.491133579658806, 40.769680251644658 ], [ -8.49112486046007, 40.769683691578059 ], [ -8.491116092292971, 40.769687056020942 ], [ -8.491107256047215, 40.769690315316211 ], [ -8.491098334966876, 40.769693437097906 ], [ -8.491089312291209, 40.769696388099632 ], [ -8.491080179540814, 40.769699133228258 ], [ -8.491073256052683, 40.769701045747674 ], [ -8.491066258250205, 40.769702794606708 ], [ -8.491056830625601, 40.769704887787768 ], [ -8.491047311626126, 40.769706728211794 ], [ -8.491037721527293, 40.769708341930297 ], [ -8.491028070960038, 40.769709723507312 ], [ -8.491018365846584, 40.769710872924449 ], [ -8.491008615652801, 40.769711788351344 ], [ -8.490998825102, 40.769712467071862 ], [ -8.490989009524197, 40.769712896431486 ], [ -8.490981638392519, 40.769713057966335 ], [ -8.490974267628781, 40.769713067315614 ], [ -8.490964452604013, 40.769712937462764 ], [ -8.490954667689328, 40.769712459023346 ], [ -8.490944978793449, 40.769711332828031 ], [ -8.490935559569525, 40.769709252169392 ], [ -8.490928712980093, 40.769707174339317 ], [ -8.490921889823627, 40.769705048709874 ], [ -8.490912519907068, 40.769708185376267 ], [ -8.490905424381518, 40.769712031786149 ], [ -8.49089832767072, 40.769715878199236 ], [ -8.490891230959104, 40.76971972461191 ], [ -8.49088413543109, 40.769723571020471 ], [ -8.490877038722664, 40.769727418332735 ], [ -8.490869942008587, 40.769731264744102 ], [ -8.490862847662541, 40.769735111147696 ], [ -8.490855750946823, 40.769738957558175 ], [ -8.490848687582611, 40.769742838984236 ], [ -8.490841882614772, 40.769746976250524 ], [ -8.490835351411858, 40.769751363906472 ], [ -8.490829056966851, 40.769755948037009 ], [ -8.49082295519513, 40.769760680152018 ], [ -8.490816991371537, 40.769765515396266 ], [ -8.490811113159118, 40.769770412509125 ], [ -8.490805267046126, 40.769775332034619 ], [ -8.490799397166439, 40.769780237225532 ], [ -8.490793451207223, 40.769785091323605 ], [ -8.49078748036449, 40.769789943697511 ], [ -8.490781583293453, 40.769794858877248 ], [ -8.490775830078226, 40.769799874466493 ], [ -8.490770290788426, 40.769805025367511 ], [ -8.490765054454197, 40.769810348224809 ], [ -8.490760151894886, 40.769815847445322 ], [ -8.490755502279644, 40.769821469249855 ], [ -8.490751014127433, 40.76982716169308 ], [ -8.490746587699977, 40.769832879158763 ], [ -8.490742256185449, 40.769838626046528 ], [ -8.490738145350671, 40.769844442489017 ], [ -8.490734218381819, 40.769850310590407 ], [ -8.490730432538054, 40.769856211572744 ], [ -8.490726748670474, 40.76986213385085 ], [ -8.490723121703155, 40.769868064957485 ], [ -8.490719506574671, 40.769873995126822 ], [ -8.490715861772037, 40.76987991368155 ], [ -8.490712142243442, 40.769885812656753 ], [ -8.490708305286597, 40.769891680478295 ], [ -8.490704310558437, 40.769897503763751 ], [ -8.490700118890651, 40.769903267325994 ], [ -8.490695695833322, 40.769908952361298 ], [ -8.490690961850927, 40.769914525797738 ], [ -8.490685874043233, 40.769919939141317 ], [ -8.490680467856235, 40.769925176073244 ], [ -8.49067477762393, 40.769930233785573 ], [ -8.490668828253135, 40.769935118504598 ], [ -8.490662649373924, 40.769939833740459 ], [ -8.490656281261815, 40.769944380268839 ], [ -8.490649777158302, 40.769948747118768 ], [ -8.490643053718802, 40.769952853503746 ], [ -8.490635827499307, 40.769956411242276 ], [ -8.490628109760243, 40.769959311339264 ], [ -8.490620353795336, 40.769962151220874 ], [ -8.490612593034109, 40.769964980310831 ], [ -8.490604827486242, 40.769967800410143 ], [ -8.490597054792516, 40.769970613327082 ], [ -8.490589276132537, 40.769973418157505 ], [ -8.49058148797231, 40.769976218514358 ], [ -8.490573692675882, 40.769979013489788 ], [ -8.490565887908172, 40.76998180939453 ], [ -8.490558070154476, 40.769984613443434 ], [ -8.490550241754704, 40.769987420226293 ], [ -8.490542399102482, 40.769990219848779 ], [ -8.490534540974769, 40.769993005110692 ], [ -8.490526666153373, 40.769995769712366 ], [ -8.490518772216367, 40.769998503755779 ], [ -8.490510853159547, 40.770001191951117 ], [ -8.490502743852257, 40.770003521436799 ], [ -8.490494431977474, 40.770005404002205 ], [ -8.490485995083091, 40.770006943864814 ], [ -8.490477483513635, 40.770008252530317 ], [ -8.490468934608929, 40.77000944604719 ], [ -8.49046037858766, 40.77001063778448 ], [ -8.49045179025355, 40.770011767486892 ], [ -8.490443154930317, 40.770012748752158 ], [ -8.490434489397863, 40.770013618448694 ], [ -8.490425805707966, 40.770014415260533 ], [ -8.490417114742439, 40.770015180576856 ], [ -8.490408426174509, 40.770015951288073 ], [ -8.490399747337479, 40.770016769694855 ], [ -8.490391089084145, 40.770017671783478 ], [ -8.490382464650629, 40.770018696234352 ], [ -8.490373884904171, 40.770019881735195 ], [ -8.490365381189767, 40.770021330845637 ], [ -8.49035701694299, 40.770023166737431 ], [ -8.490348878016754, 40.770025496304001 ], [ -8.490341076147903, 40.77002839394072 ], [ -8.49033400276045, 40.770032184415975 ], [ -8.490327891004343, 40.770036832789302 ], [ -8.49032265534775, 40.770042070977524 ], [ -8.490318071882767, 40.770047669146599 ], [ -8.490313733027545, 40.770053381821953 ], [ -8.490309656538994, 40.770059207147689 ], [ -8.490306003784619, 40.770065197753681 ], [ -8.490302901624313, 40.770071376660255 ], [ -8.490299963185352, 40.77007760548782 ], [ -8.490297023561403, 40.770083834318974 ], [ -8.490294083936908, 40.770090063150064 ], [ -8.490291144311868, 40.770096291981069 ], [ -8.490288205870726, 40.770102520808337 ], [ -8.490285774276371, 40.77010762514707 ], [ -8.490283346230134, 40.770112728574276 ], [ -8.490280839904765, 40.770117812432773 ], [ -8.490278173424779, 40.77012284906052 ], [ -8.490275431020033, 40.770127863410778 ], [ -8.490260542330251, 40.770154169781925 ], [ -8.490245327118281, 40.77018032948002 ], [ -8.49022828702253, 40.770205452948112 ], [ -8.490213881140729, 40.770231460654863 ], [ -8.490200537367734, 40.770257847784471 ], [ -8.49018719835092, 40.77028424030069 ], [ -8.490173105143727, 40.770310471258313 ], [ -8.490160282054623, 40.770336996348959 ], [ -8.490149628715203, 40.770363932555817 ], [ -8.490138977745774, 40.770390870555268 ], [ -8.490130057557057, 40.770409011647587 ], [ -8.490121137368334, 40.770427153639638 ], [ -8.490112218359242, 40.770445295627304 ], [ -8.490103296976441, 40.770463437621579 ], [ -8.490093898648324, 40.770481432508475 ], [ -8.490082910267391, 40.770498891114364 ], [ -8.490070771723131, 40.770515898525815 ], [ -8.490057974299122, 40.770532626118381 ], [ -8.490044982172034, 40.770549270565468 ], [ -8.490032246538215, 40.770566037585823 ], [ -8.490019684327782, 40.770582897720097 ], [ -8.490006793355349, 40.770599634601091 ], [ -8.489993463144703, 40.770616188237057 ], [ -8.489979350374812, 40.770632369684733 ], [ -8.48996346751569, 40.770647573261492 ], [ -8.489946203541439, 40.770661886913174 ], [ -8.489928085780738, 40.770675577356712 ], [ -8.48990939227992, 40.770688809423518 ], [ -8.489889569387, 40.77070104542733 ], [ -8.489868434023016, 40.770711938341741 ], [ -8.489846049055435, 40.77072128355892 ], [ -8.489822662106628, 40.770729093820187 ], [ -8.489798543876709, 40.77073548895482 ], [ -8.489774066933053, 40.770741032422492 ], [ -8.48974936273552, 40.770745942637475 ], [ -8.489724411524806, 40.770750068377183 ], [ -8.489699225618189, 40.770753276329856 ], [ -8.489673869400352, 40.770755645540142 ], [ -8.489648405917428, 40.770757226240981 ], [ -8.489622883698898, 40.770758011978906 ], [ -8.489597357138752, 40.770757985476386 ], [ -8.489571872874675, 40.77075700791287 ], [ -8.489546501247933, 40.77075494309608 ], [ -8.489521241762544, 40.770752141320905 ], [ -8.489496079217936, 40.770748861077003 ], [ -8.489471127876612, 40.77074476252421 ], [ -8.489446560082692, 40.770739513747699 ], [ -8.489422501662789, 40.770733165687545 ], [ -8.489398673560157, 40.770726694443681 ], [ -8.489374776485322, 40.770720171179008 ], [ -8.48935083285626, 40.770713579615318 ], [ -8.489326853717785, 40.770706991758239 ], [ -8.48930264710981, 40.77070083683676 ], [ -8.489277785331849, 40.770696425493256 ], [ -8.48925260526474, 40.770693184872101 ], [ -8.489227237409455, 40.770690932670078 ], [ -8.489201745845103, 40.770689691201724 ], [ -8.489176247680621, 40.77068898824524 ], [ -8.48915077918212, 40.770689182986999 ], [ -8.489125411603309, 40.770690754271598 ], [ -8.489100445100403, 40.770694459391578 ], [ -8.489076781978747, 40.770701582374073 ], [ -8.489054086255891, 40.770710424118008 ], [ -8.489031970568824, 40.770720088923746 ], [ -8.489010540524855, 40.770730612485757 ], [ -8.488989906411453, 40.770742019678273 ], [ -8.488970130821301, 40.770754276089797 ], [ -8.488951746149112, 40.770767710561515 ], [ -8.48893637126768, 40.770783156465214 ], [ -8.488925212965787, 40.770800579464364 ], [ -8.488917331654076, 40.770819033333368 ], [ -8.4889117022314, 40.77083797283079 ], [ -8.488907114857508, 40.770857082010579 ], [ -8.488902170673907, 40.770876138260341 ], [ -8.488895558320866, 40.770894890782344 ], [ -8.488886917905214, 40.770913152481953 ], [ -8.488876514554796, 40.770930887422018 ], [ -8.488865396825068, 40.770948374225185 ], [ -8.48885365004883, 40.770965622533687 ], [ -8.488841243266727, 40.77098260182585 ], [ -8.48882814431574, 40.770999277981737 ], [ -8.4888143376344, 40.771015620432181 ], [ -8.488799807646874, 40.77103159590655 ], [ -8.488784554204003, 40.771047176489667 ], [ -8.488768624678826, 40.77106236113471 ], [ -8.488752127072321, 40.77107719003093 ], [ -8.488735169447979, 40.771091715073936 ], [ -8.488717870591811, 40.771105999832727 ], [ -8.488700341027528, 40.771120113304882 ], [ -8.48868266747939, 40.771134103849931 ], [ -8.488664615549322, 40.771147773180132 ], [ -8.488645771276442, 40.771160790287375 ], [ -8.488625807150685, 40.771172821195329 ], [ -8.488604312365531, 40.77118323772163 ], [ -8.488581438459025, 40.771191803468497 ], [ -8.488557660605766, 40.771198778115618 ], [ -8.488533395885199, 40.771204633138737 ], [ -8.488508882336646, 40.771209805445935 ], [ -8.488484078643458, 40.771214098856014 ], [ -8.488459149633774, 40.77121799282606 ], [ -8.488434207371483, 40.77122184540864 ], [ -8.4884092143279, 40.771225504535366 ], [ -8.488384136523146, 40.77122881722633 ], [ -8.488358949424404, 40.771231625069568 ], [ -8.488333646309091, 40.771233777702719 ], [ -8.488308219922535, 40.771235469655373 ], [ -8.488282757483148, 40.771237064459697 ], [ -8.488257353843141, 40.771238802256484 ], [ -8.488232041083291, 40.77124070185743 ], [ -8.488204392849171, 40.771243327235553 ], [ -8.488195318208026, 40.771246147598433 ], [ -8.488186243566108, 40.771248967960602 ], [ -8.48816814014714, 40.771259219985971 ], [ -8.488152528098711, 40.771268884423755 ], [ -8.488140302579774, 40.771281019309811 ], [ -8.488129864766732, 40.771294107724088 ], [ -8.488119413685746, 40.771307152053886 ], [ -8.488109346018758, 40.771320352790191 ], [ -8.488100006082611, 40.771333863759438 ], [ -8.488091456677783, 40.771347689271117 ], [ -8.488083245448282, 40.771361628105005 ], [ -8.488075199161614, 40.771375624062749 ], [ -8.488067156448926, 40.771389624511357 ], [ -8.488058954771157, 40.771403579523003 ], [ -8.488050430371132, 40.771417432869981 ], [ -8.488041530993565, 40.771431158598531 ], [ -8.488032586521483, 40.771444869156603 ], [ -8.488023643234975, 40.771458580610791 ], [ -8.48801469875078, 40.771472290266971 ], [ -8.488005755452157, 40.771486000819273 ], [ -8.487996812149886, 40.771499711370865 ], [ -8.487987867664275, 40.771513422825848 ], [ -8.487978189516674, 40.771527714655114 ], [ -8.487968510180487, 40.771542006487167 ], [ -8.487958771487785, 40.771556274187496 ], [ -8.487948601887988, 40.771570365814057 ], [ -8.48793802031788, 40.771584278607001 ], [ -8.48792711935209, 40.771598047400971 ], [ -8.48791598803586, 40.771611711543983 ], [ -8.487904718958275, 40.771625308572155 ], [ -8.487893396441221, 40.771638880549588 ], [ -8.487882053740599, 40.771652444483443 ], [ -8.487870393955335, 40.771665853604986 ], [ -8.487858412304369, 40.771679099824333 ], [ -8.487846175270771, 40.771692211752885 ], [ -8.48783374461415, 40.77170522071814 ], [ -8.487821188026054, 40.771718159830385 ], [ -8.487808547096748, 40.771731054175611 ], [ -8.487794748702374, 40.771743238883417 ], [ -8.487779251043472, 40.771754176220917 ], [ -8.487759698099095, 40.771755385345386 ], [ -8.487749114531267, 40.771741534010594 ], [ -8.487741766933389, 40.771724110365533 ], [ -8.487735922142562, 40.771706406549924 ], [ -8.48773444396088, 40.771688148117242 ], [ -8.487733544852935, 40.771669863591626 ], [ -8.487732980914815, 40.771651571732512 ], [ -8.487732476200119, 40.771633279691372 ], [ -8.487731755928106, 40.771614991014019 ], [ -8.487730486162276, 40.771596722035099 ], [ -8.487728220662952, 40.771578530857091 ], [ -8.487723039290024, 40.771561067235382 ], [ -8.48767930481225, 40.77154325561466 ], [ -8.487632993573502, 40.77152957616854 ], [ -8.487587631622953, 40.771514208057894 ], [ -8.487542526840899, 40.771498415906045 ], [ -8.487497468999155, 40.771482537144649 ], [ -8.48745253794266, 40.771466440056088 ], [ -8.487407692641419, 40.771450204910636 ], [ -8.4873627863105, 40.771434071691189 ], [ -8.487316562431259, 40.7714203108048 ], [ -8.487267914827859, 40.771413408317812 ], [ -8.48721839764338, 40.77141249498144 ], [ -8.487168854508234, 40.771414056268718 ], [ -8.48711930565146, 40.771416325342777 ], [ -8.487069764973093, 40.77141879698226 ], [ -8.487020220723199, 40.771421265909943 ], [ -8.486970668240073, 40.771423523224847 ], [ -8.486921085048014, 40.771425351075663 ], [ -8.486871493958404, 40.77142636037776 ], [ -8.486822060081323, 40.771425968904111 ], [ -8.486778921276017, 40.771409636432907 ], [ -8.486753161327117, 40.771408754544794 ], [ -8.48672805954758, 40.771413382575275 ], [ -8.486704234492358, 40.77142111250199 ], [ -8.486680800348557, 40.771429520200755 ], [ -8.486657234700811, 40.7714377004719 ], [ -8.486633936656913, 40.771446312156932 ], [ -8.486611161571014, 40.771455709269574 ], [ -8.486589191710269, 40.771466183606996 ], [ -8.486567842963737, 40.771477414256204 ], [ -8.486546860024424, 40.771489056208679 ], [ -8.486526193899861, 40.771501028569915 ], [ -8.486505777806919, 40.771513245997404 ], [ -8.486485558072692, 40.771525638416868 ], [ -8.48646570372056, 40.771538361997315 ], [ -8.486446330081977, 40.771551499231542 ], [ -8.486427489378078, 40.771565069770809 ], [ -8.486410329394564, 40.771579749076146 ], [ -8.486396783180476, 40.771596427224864 ], [ -8.486378366794616, 40.771610277412073 ], [ -8.48635516896924, 40.771619043619332 ], [ -8.48628884074134, 40.771635660884577 ], [ -8.486220544571918, 40.771647488087247 ], [ -8.486150702032015, 40.771651146170704 ], [ -8.486080801967297, 40.771647516667208 ], [ -8.486021923414704, 40.771671180793689 ], [ -8.485974131881543, 40.771709679993315 ], [ -8.485920319540487, 40.771743695996463 ], [ -8.485865174000566, 40.771776478767023 ], [ -8.485798826010543, 40.771789859425432 ], [ -8.485728884886674, 40.771790137990529 ], [ -8.485658950088116, 40.771793406143253 ], [ -8.485589154499495, 40.771797690489265 ], [ -8.485519411094185, 40.771801989041684 ], [ -8.485455505376452, 40.771780831594789 ], [ -8.485398686876778, 40.771749660565149 ], [ -8.485342914479881, 40.771717396713257 ], [ -8.485284392822912, 40.771688473062284 ], [ -8.485214958978046, 40.771686548953539 ], [ -8.485145111987533, 40.771690728730192 ], [ -8.485075400104487, 40.771695373609361 ], [ -8.484999158900512, 40.771703751104297 ], [ -8.484923728014994, 40.771715301230302 ], [ -8.484848268460139, 40.771727035095743 ], [ -8.484772468073002, 40.771738156712132 ], [ -8.484700029455425, 40.771757636353556 ], [ -8.484632873650893, 40.7717863416566 ], [ -8.484565054589851, 40.771814169155029 ], [ -8.484497498046982, 40.77184237402286 ], [ -8.484428898918836, 40.771869195259917 ], [ -8.484358899529406, 40.771893964883908 ], [ -8.48434752548758, 40.771901497038506 ], [ -8.484336280104367, 40.771908944153687 ], [ -8.484325099632004, 40.771916346945886 ], [ -8.484313854243792, 40.771923794058878 ], [ -8.484302480201256, 40.77193132800997 ], [ -8.484292872487304, 40.771937786794666 ], [ -8.484283264771502, 40.77194424557856 ], [ -8.484273657053828, 40.771950704361664 ], [ -8.484264050518759, 40.771957163140357 ], [ -8.48425444279737, 40.771963621921834 ], [ -8.484232213694048, 40.771968828692863 ], [ -8.484209985776443, 40.771974036356482 ], [ -8.484187756666135, 40.771979243118963 ], [ -8.484165527552328, 40.771984449877174 ], [ -8.484143300808697, 40.771989657524365 ], [ -8.484121071687882, 40.771994864274021 ], [ -8.484102931187538, 40.772004079302242 ], [ -8.484107356729677, 40.772021241917535 ], [ -8.484116178488703, 40.77203761403257 ], [ -8.484123042551534, 40.772054485573726 ], [ -8.484118845917754, 40.772071368244696 ], [ -8.484106890217502, 40.772086550063577 ], [ -8.484093404805359, 40.772100955802941 ], [ -8.484076018516085, 40.772112594471189 ], [ -8.484053910496701, 40.772117638750146 ], [ -8.484030945021646, 40.772120454201271 ], [ -8.484007977170943, 40.772123268754541 ], [ -8.483985010512214, 40.772126085100631 ], [ -8.483962043846779, 40.772128900541645 ], [ -8.483939077184107, 40.772131716878611 ], [ -8.483804494099655, 40.772164807666812 ], [ -8.483703969795236, 40.772159149113648 ], [ -8.483605072502952, 40.772157679144833 ], [ -8.483520534841187, 40.772155316321928 ], [ -8.483435974134672, 40.772153526223015 ], [ -8.483351372087036, 40.772153336370351 ], [ -8.483266818969932, 40.77215253937235 ], [ -8.483182562429366, 40.772147540595327 ], [ -8.483099560975909, 40.772135225916607 ], [ -8.483017062531902, 40.77212102311227 ], [ -8.482935631449465, 40.772103677881574 ], [ -8.482854206303015, 40.772086327172339 ], [ -8.482770201089572, 40.772080443945043 ], [ -8.48269978928467, 40.772095389392341 ], [ -8.482636148523573, 40.772123320164056 ], [ -8.482573400209427, 40.772152491784148 ], [ -8.482505893934286, 40.772174464796294 ], [ -8.482433439132993, 40.772183382037518 ], [ -8.482359918285049, 40.772183932342003 ], [ -8.48228642771433, 40.772185062427965 ], [ -8.482214106747811, 40.772193532480173 ], [ -8.482140650187114, 40.772193468311706 ], [ -8.482067204032868, 40.772191091589256 ], [ -8.482028636411012, 40.772191658452741 ], [ -8.481990199246288, 40.772194068225815 ], [ -8.481952009435668, 40.772198251217048 ], [ -8.481913959502936, 40.772203135259851 ], [ -8.481875880416775, 40.772207881602213 ], [ -8.48185282213421, 40.772211094019532 ], [ -8.481829732337482, 40.772214169651939 ], [ -8.481806614617811, 40.772217115692563 ], [ -8.481783482399941, 40.772220007742568 ], [ -8.481760353789941, 40.772222910582997 ], [ -8.481722058255224, 40.772227494538626 ], [ -8.481683599556506, 40.772231002880709 ], [ -8.481644997883457, 40.772233445453622 ], [ -8.481606326084778, 40.772235162424991 ], [ -8.481567598928425, 40.772235806158392 ], [ -8.481528874768788, 40.772234982960498 ], [ -8.481490293619286, 40.772232285384092 ], [ -8.481452024387835, 40.7722276219693 ], [ -8.48141381516484, 40.772222653992756 ], [ -8.481375607127221, 40.772217685099506 ], [ -8.48129255899204, 40.772213852842086 ], [ -8.481209444235246, 40.772221765004922 ], [ -8.481126341218015, 40.77222988778874 ], [ -8.481042858343086, 40.7722342241685 ], [ -8.480959580162088, 40.772228526535692 ], [ -8.4808763565443, 40.77222238653443 ], [ -8.480793912015137, 40.772231636317535 ], [ -8.480716062554448, 40.772255063129798 ], [ -8.480634756477006, 40.772270265255791 ], [ -8.480553327294739, 40.772282761702293 ], [ -8.480521891008605, 40.772319858656545 ], [ -8.480498940522413, 40.772360844517586 ], [ -8.480460290707235, 40.772392959108281 ], [ -8.480403175027581, 40.772401502924957 ], [ -8.480345038821898, 40.772406961980614 ], [ -8.480286906198812, 40.772412656025864 ], [ -8.480228751188253, 40.772418602248287 ], [ -8.480170699134236, 40.772424987574183 ], [ -8.480112862838951, 40.772432320445212 ], [ -8.480054518536971, 40.77243672279706 ], [ -8.479995756212473, 40.77243180893587 ], [ -8.479936933488487, 40.772427350877649 ], [ -8.479877875786764, 40.772425311329307 ], [ -8.479818753287088, 40.772424933361982 ], [ -8.479759640707464, 40.772425096533134 ], [ -8.479734133042793, 40.77242563780726 ], [ -8.479708630845575, 40.772426319536805 ], [ -8.479683168688695, 40.772427640493198 ], [ -8.479657752751903, 40.772429422359536 ], [ -8.479632340577686, 40.772431244731315 ], [ -8.479601655186627, 40.772434921744633 ], [ -8.47957108843417, 40.772439091865856 ], [ -8.479540898161574, 40.772444594484547 ], [ -8.479510998956327, 40.772450948992081 ], [ -8.479481223518835, 40.772457644408675 ], [ -8.479451504713687, 40.772464526050463 ], [ -8.47942199456368, 40.772471900530654 ], [ -8.47939289502623, 40.772480110332715 ], [ -8.479364296265633, 40.772489183101776 ], [ -8.479335740498374, 40.772498325073023 ], [ -8.479313505278487, 40.772505200436036 ], [ -8.479289786539058, 40.77250786682059 ], [ -8.479265838067978, 40.772506665355287 ], [ -8.479243196013542, 40.77250088274149 ], [ -8.47922215261733, 40.772492052550049 ], [ -8.479202137652555, 40.772481907246693 ], [ -8.479183624796624, 40.772470195073375 ], [ -8.47916564126405, 40.772457996842498 ], [ -8.479148288812558, 40.772445291537814 ], [ -8.479131191233687, 40.772432396361943 ], [ -8.479114520958051, 40.77241989882242 ], [ -8.47909785188248, 40.77240740307785 ], [ -8.479080549458414, 40.772395431517708 ], [ -8.479060976063245, 40.772385685586926 ], [ -8.479039920396531, 40.772377903577052 ], [ -8.479018068823818, 40.772371505311064 ], [ -8.478995816624114, 40.772365968216121 ], [ -8.478972647201809, 40.772364688713139 ], [ -8.478949968174998, 40.772368894462879 ], [ -8.47892781258013, 40.772374449384792 ], [ -8.478906251143762, 40.77238128753104 ], [ -8.478885218175863, 40.772389075914937 ], [ -8.478864628032785, 40.77239751672893 ], [ -8.478844636627368, 40.772406753585642 ], [ -8.478825407902384, 40.772416879645924 ], [ -8.47880712229464, 40.772427970911856 ], [ -8.478789781542737, 40.772439905811616 ], [ -8.478773467160815, 40.772452642678608 ], [ -8.478758914337902, 40.772466564723885 ], [ -8.478747084931964, 40.772481909499952 ], [ -8.478725041962297, 40.772517438881728 ], [ -8.478702998969261, 40.772552968259191 ], [ -8.478680955957497, 40.772588498532812 ], [ -8.478658521269329, 40.772623880492326 ], [ -8.478635232000299, 40.772658930921708 ], [ -8.478613190069545, 40.772694454875072 ], [ -8.478591398526317, 40.77273007172613 ], [ -8.478569614076147, 40.772765690352621 ], [ -8.478547638481192, 40.772801228502246 ], [ -8.47852525558679, 40.772836575160298 ], [ -8.478500607719102, 40.772870972265224 ], [ -8.478474254237154, 40.772904701798055 ], [ -8.478445442860314, 40.772937283342571 ], [ -8.47841369845411, 40.772968231149896 ], [ -8.478378170090604, 40.772996542809224 ], [ -8.478342505066008, 40.773024774722096 ], [ -8.478309009004747, 40.773054639940419 ], [ -8.478275524837613, 40.773084520421747 ], [ -8.478240665153875, 40.773113432470552 ], [ -8.478205063471485, 40.773141796524087 ], [ -8.478151567365998, 40.773182062805816 ], [ -8.478098601458576, 40.773222710188612 ], [ -8.478046307048482, 40.77326380488762 ], [ -8.477993888972291, 40.773304819788081 ], [ -8.477940551903323, 40.773345196256926 ], [ -8.477892995724012, 40.773389342018099 ], [ -8.47785080562706, 40.773436754039665 ], [ -8.47780816808927, 40.773483778367414 ], [ -8.477764183147183, 40.773529779236547 ], [ -8.477730347980629, 40.773580769147344 ], [ -8.477488067590009, 40.773932083645839 ], [ -8.477407674029402, 40.774060800971846 ], [ -8.477363745838773, 40.774132151393275 ], [ -8.477277985840784, 40.774220460443942 ], [ -8.476849681291373, 40.774399573359084 ], [ -8.476467245715464, 40.774552036698182 ], [ -8.476277748288597, 40.774696503299033 ], [ -8.476267130045025, 40.774702476349596 ], [ -8.476266833308298, 40.774712949105364 ], [ -8.476261541362403, 40.774722266969825 ], [ -8.476253391725145, 40.774730549655956 ], [ -8.476243714661001, 40.77473780311319 ], [ -8.476232269828643, 40.774743359887438 ], [ -8.476220473300641, 40.774748478263916 ], [ -8.476209633892143, 40.774754750931535 ], [ -8.476199053162048, 40.774761341604815 ], [ -8.47618856784454, 40.774768058963481 ], [ -8.476178131456122, 40.774774847314923 ], [ -8.476167695158226, 40.774781653675113 ], [ -8.476157205369546, 40.774788424173472 ], [ -8.476146610891751, 40.774795107633942 ], [ -8.476135861692509, 40.77480164927487 ], [ -8.476125144649183, 40.774808225038093 ], [ -8.476114447879501, 40.77481482775493 ], [ -8.476103312944401, 40.774820992330831 ], [ -8.476091360364865, 40.774826175093139 ], [ -8.476078735633466, 40.774830335987339 ], [ -8.476066088195477, 40.774834458226294 ], [ -8.476069585354661, 40.774846514485596 ], [ -8.475910528898522, 40.774874363966823 ], [ -8.475875279959254, 40.774883924781896 ], [ -8.475817510965339, 40.774891031076251 ], [ -8.475734101279846, 40.774910100024314 ], [ -8.475699812605944, 40.774922359424089 ], [ -8.475692475971861, 40.7749238219983 ], [ -8.475684783980901, 40.774925285626978 ], [ -8.475651650004332, 40.774931507357991 ], [ -8.475531769259062, 40.774930244941658 ], [ -8.475451070963304, 40.774924181789068 ], [ -8.47538206043019, 40.774910250496944 ], [ -8.475311423599964, 40.774890787733824 ], [ -8.475277754320025, 40.774711175489415 ], [ -8.474984090461017, 40.774539562935999 ], [ -8.474297103382195, 40.774585533099994 ], [ -8.474468708530129, 40.775221368645703 ], [ -8.473823315202262, 40.775458601751623 ], [ -8.473743977729452, 40.775515439364199 ], [ -8.473658111180143, 40.775566537515061 ], [ -8.47357011091391, 40.775615506819818 ], [ -8.473480765411002, 40.775662958186082 ], [ -8.473392083132739, 40.775711106312443 ], [ -8.473306038917416, 40.775762077754017 ], [ -8.473219583553819, 40.77581282161681 ], [ -8.473131113355588, 40.775861751448026 ], [ -8.473042862088459, 40.775911129913908 ], [ -8.472955920939921, 40.775961928138479 ], [ -8.472869224945072, 40.776012975012961 ], [ -8.472782088202107, 40.776063564766666 ], [ -8.472694626181111, 40.776113808720396 ], [ -8.472605205138699, 40.776162032254113 ], [ -8.472514187270162, 40.776208644924367 ], [ -8.472423101599235, 40.776255227105061 ], [ -8.47233210830078, 40.776301829653512 ], [ -8.472241167086569, 40.776348449986813 ], [ -8.472152668204835, 40.776397610576673 ], [ -8.472061495746107, 40.776443998218745 ], [ -8.472042452691745, 40.776452863704861 ], [ -8.472023378664694, 40.776461695960442 ], [ -8.472004293916715, 40.776470517438391 ], [ -8.471985221068667, 40.776479350584665 ], [ -8.471966179192293, 40.776488218756214 ], [ -8.471947190912989, 40.77649714529948 ], [ -8.471928277657856, 40.776506150863021 ], [ -8.471909487078808, 40.776515288436237 ], [ -8.471890884632543, 40.776524618160273 ], [ -8.471872308378419, 40.776533974819309 ], [ -8.471847097449993, 40.776546616149794 ], [ -8.471821848391384, 40.776559215263354 ], [ -8.47179479936835, 40.776569364901306 ], [ -8.47176608003018, 40.7765764694539 ], [ -8.471736702854731, 40.776581863185868 ], [ -8.471707211285791, 40.776586891644499 ], [ -8.471677918647032, 40.776592605690091 ], [ -8.471648515721002, 40.776598296638902 ], [ -8.471619012620174, 40.7766038564016 ], [ -8.471589476068131, 40.776609361324624 ], [ -8.471559953885741, 40.776614897715291 ], [ -8.471530498604542, 40.776620546464244 ], [ -8.471501191180645, 40.776626387478309 ], [ -8.471472157528208, 40.776632489726623 ], [ -8.471443563708231, 40.776638896846833 ], [ -8.471415119570349, 40.776645389068285 ], [ -8.471386675436031, 40.776651883083723 ], [ -8.471358231286985, 40.776658375291184 ], [ -8.471329787136924, 40.776664868392146 ], [ -8.471301341801295, 40.776671362390054 ], [ -8.471282458092103, 40.776676877437644 ], [ -8.471263616336842, 40.776682490513295 ], [ -8.471244719449711, 40.776687977677945 ], [ -8.471225678605041, 40.776693108664759 ], [ -8.471206450268941, 40.776697708004477 ], [ -8.471187096613811, 40.776701888977385 ], [ -8.47116767281878, 40.7767057873967 ], [ -8.471148216285343, 40.776709537326767 ], [ -8.471128754943013, 40.77671327376018 ], [ -8.471109321459377, 40.776717131675724 ], [ -8.471073465691568, 40.776722748626632 ], [ -8.471036786842141, 40.776724665136165 ], [ -8.470999941841081, 40.776724416427101 ], [ -8.47096309138262, 40.77672355808631 ], [ -8.470926235695361, 40.77672353811105 ], [ -8.470889329987028, 40.776724166627687 ], [ -8.470852437337578, 40.776724333139754 ], [ -8.470815751081311, 40.776723150993199 ], [ -8.470779173762384, 40.776721492153705 ], [ -8.470742595256086, 40.776719832405604 ], [ -8.470708012342971, 40.776715049289926 ], [ -8.470673499286429, 40.776710024626581 ], [ -8.470638993223833, 40.77670497651954 ], [ -8.470604431269374, 40.776700118570318 ], [ -8.470569752951457, 40.776695673378299 ], [ -8.470534916737236, 40.776691860785903 ], [ -8.470499881658322, 40.776689012295357 ], [ -8.470464672260697, 40.776687297128028 ], [ -8.470429407422461, 40.776686096295364 ], [ -8.47039415723771, 40.776684747727714 ], [ -8.470287125660933, 40.776680601245467 ], [ -8.470181663383739, 40.776694681527118 ], [ -8.470077858018433, 40.77671527466601 ], [ -8.469972917716692, 40.776731401861682 ], [ -8.469867975756117, 40.776747445220614 ], [ -8.469762006666457, 40.776759488774744 ], [ -8.469655672941668, 40.776769704387128 ], [ -8.469550584057648, 40.776785767696857 ], [ -8.469445986183457, 40.776803603457417 ], [ -8.46934166302149, 40.776822368535363 ], [ -8.469306175655817, 40.776828731275735 ], [ -8.469270687103295, 40.776835094909153 ], [ -8.469235199728484, 40.776841458528224 ], [ -8.469199933559175, 40.776848467147957 ], [ -8.469165297274818, 40.776857061497466 ], [ -8.46913169855077, 40.776867748270149 ], [ -8.46909973680129, 40.776881002084181 ], [ -8.469069874137276, 40.776896848610505 ], [ -8.469040760487834, 40.776913475479901 ], [ -8.469011996748581, 40.776930431805489 ], [ -8.468983429263201, 40.776947549642038 ], [ -8.468954877049024, 40.776964644914614 ], [ -8.468925491166789, 40.776980856517802 ], [ -8.468896467072081, 40.776997403846345 ], [ -8.468870218890919, 40.777016396042654 ], [ -8.46884669575285, 40.777037375804511 ], [ -8.468822209687943, 40.777057679388648 ], [ -8.468794580298647, 40.777075505841118 ], [ -8.468761192098547, 40.777084748397904 ], [ -8.468725837066861, 40.777089905710895 ], [ -8.468371259021236, 40.777026178995392 ], [ -8.467926457061413, 40.776906974980307 ], [ -8.467356674144193, 40.776752671568822 ], [ -8.46731515066805, 40.776753013352554 ], [ -8.467324548219873, 40.776719753321395 ], [ -8.467380054844812, 40.776586928739121 ], [ -8.466054322906732, 40.776774215765329 ], [ -8.46598303285862, 40.776771351632327 ], [ -8.465967050498453, 40.776574822091291 ], [ -8.460612191957301, 40.775031155951886 ], [ -8.460592565721738, 40.77503124586724 ] ] ] } },
{ "type": "Feature", "properties": { "dtmnfr": "010206", "freguesia": "Ribeira de Fráguas", "municipio": "Albergaria-a-Velha", "distrito_i": "Aveiro", "nuts3_cod": "191", "nuts3": "Região de Aveiro", "nuts2": "Centro", "nuts1": "Continente", "area_ha": 2674.54, "perimetro_": 25, "designacao": "Ribeira de Fráguas" }, "geometry": { "type": "Polygon", "coordinates": [ [ [ -8.415936750072731, 40.768081281661836 ], [ -8.416035037231593, 40.767745440338217 ], [ -8.416231852606527, 40.767072922930808 ], [ -8.415481156045033, 40.767176077224761 ], [ -8.412913509916754, 40.766614526255431 ], [ -8.412155116896196, 40.766634656119258 ], [ -8.411189410565573, 40.766023411659177 ], [ -8.410755402510793, 40.765868495644824 ], [ -8.410370096406435, 40.765832872528776 ], [ -8.409143875012203, 40.766220427547886 ], [ -8.408999311694677, 40.766175302549918 ], [ -8.408408402039568, 40.76306238233331 ], [ -8.407964845351255, 40.76057116354049 ], [ -8.407908481294001, 40.75857446400228 ], [ -8.407892567272722, 40.757649245426705 ], [ -8.40791952712401, 40.75544081983972 ], [ -8.408620761305849, 40.753295972123908 ], [ -8.408411241493885, 40.752114939447694 ], [ -8.40828655920456, 40.751060857349501 ], [ -8.409633459633763, 40.748616115591886 ], [ -8.409923872010623, 40.748039998125385 ], [ -8.410223161730379, 40.747407581715798 ], [ -8.410522485454763, 40.746784705198941 ], [ -8.410671965206642, 40.746458729814549 ], [ -8.410784519975474, 40.746305371990353 ], [ -8.410956161365474, 40.746211303143546 ], [ -8.411008223143121, 40.746146430827402 ], [ -8.411060712829519, 40.74604301958297 ], [ -8.411019144824181, 40.7459263245985 ], [ -8.410676671562976, 40.743905553346103 ], [ -8.41070267744176, 40.74366965019636 ], [ -8.410691119636995, 40.743595386565531 ], [ -8.410689070182034, 40.743500843269551 ], [ -8.410712217234193, 40.743290161938845 ], [ -8.410722344303453, 40.743106614328511 ], [ -8.410709428016812, 40.743019121079136 ], [ -8.410656913965962, 40.742918570316938 ], [ -8.410589262440377, 40.742823012286095 ], [ -8.410552974167858, 40.742751602340114 ], [ -8.410542764909595, 40.742661303798222 ], [ -8.410524210722567, 40.742470897557105 ], [ -8.410522608948675, 40.742399403322104 ], [ -8.410524884026151, 40.742320063596679 ], [ -8.410543008676076, 40.742236993714414 ], [ -8.410555603528421, 40.742164021846861 ], [ -8.410547817118344, 40.742113706081938 ], [ -8.410492704174626, 40.742071606782815 ], [ -8.410377264412602, 40.742013083147171 ], [ -8.410353888095225, 40.742001611968711 ], [ -8.410325793865846, 40.741878675320173 ], [ -8.410413729406123, 40.741391113950698 ], [ -8.410693575489221, 40.739883193493867 ], [ -8.411109898654987, 40.737695247268022 ], [ -8.411368092123265, 40.736338207084138 ], [ -8.412352471257419, 40.731250998957179 ], [ -8.41299893178631, 40.727860230315883 ], [ -8.413588679611452, 40.724702646452151 ], [ -8.414353145882332, 40.72069870546013 ], [ -8.415014472699237, 40.718401447116399 ], [ -8.415230739955565, 40.714651519272991 ], [ -8.415240083505889, 40.714509667542991 ], [ -8.419919528337951, 40.714549565801022 ], [ -8.423509924403545, 40.714635352444837 ], [ -8.423635092524899, 40.714680961528764 ], [ -8.423919268078965, 40.714768309215955 ], [ -8.424204336887023, 40.714895911091368 ], [ -8.424437120515254, 40.715057406911114 ], [ -8.424616337089656, 40.715200668107812 ], [ -8.424652843319965, 40.715213004704466 ], [ -8.424692730108813, 40.715215152525481 ], [ -8.424728109542116, 40.71521362324502 ], [ -8.424762742352653, 40.715202908873543 ], [ -8.424798030954058, 40.715181925260332 ], [ -8.424820561325401, 40.715163859099818 ], [ -8.424831163787694, 40.715153748435725 ], [ -8.430833366604107, 40.715682587535561 ], [ -8.430919773269414, 40.715738640889683 ], [ -8.431182361291869, 40.715838365095422 ], [ -8.431257738587597, 40.715861854651074 ], [ -8.431291248785241, 40.715866537177469 ], [ -8.431488980299275, 40.715886014788644 ], [ -8.431689366574972, 40.715943124553704 ], [ -8.431725189849837, 40.7159622126727 ], [ -8.431785918456102, 40.715991592165437 ], [ -8.431814480590219, 40.716000253171451 ], [ -8.432109402995293, 40.716079356444865 ], [ -8.432142678988056, 40.716083500827686 ], [ -8.432331440699132, 40.716108314116845 ], [ -8.432619147327825, 40.716109274454688 ], [ -8.432658699917329, 40.716114842312727 ], [ -8.432835575467756, 40.716128973198735 ], [ -8.433028791926059, 40.716118111934669 ], [ -8.43306780720688, 40.716108640794261 ], [ -8.437456978680284, 40.716259530564848 ], [ -8.439355970356187, 40.716406123760621 ], [ -8.439411849145632, 40.716409934127952 ], [ -8.439446243351965, 40.716375172476312 ], [ -8.43974060039999, 40.716123147959649 ], [ -8.441045420699325, 40.715644102028378 ], [ -8.441915694570701, 40.715454279236269 ], [ -8.442862231987375, 40.715351054964493 ], [ -8.443089920247306, 40.715451113166644 ], [ -8.444248238554515, 40.71606797017197 ], [ -8.444779768814765, 40.716325691125981 ], [ -8.445063900392134, 40.716397227966524 ], [ -8.445481450170414, 40.716525491627429 ], [ -8.44584224636964, 40.716740987364958 ], [ -8.446127330430247, 40.716912925407215 ], [ -8.446260233557835, 40.717087350436948 ], [ -8.447169225026038, 40.717226153227507 ], [ -8.449091106985048, 40.717521644074381 ], [ -8.450562462978105, 40.717748110500651 ], [ -8.452293450678713, 40.718014266950668 ], [ -8.452435975921963, 40.718020894916016 ], [ -8.452763710683271, 40.718025024370661 ], [ -8.453096999267682, 40.718026077581506 ], [ -8.453136524893972, 40.718025424103814 ], [ -8.453293267886245, 40.718010042857841 ], [ -8.453335877466506, 40.717986600666997 ], [ -8.45337216918487, 40.717953002076186 ], [ -8.453441322128349, 40.717886437529359 ], [ -8.453478399612262, 40.717869134975842 ], [ -8.453517318067515, 40.717864794581793 ], [ -8.4535630052365, 40.717866649774024 ], [ -8.453615398849767, 40.717883430219025 ], [ -8.453643873128208, 40.717897939347992 ], [ -8.45386112351351, 40.717986844352346 ], [ -8.453911771341101, 40.717986068753113 ], [ -8.454018665389464, 40.717965602112635 ], [ -8.45406243354754, 40.717937023550796 ], [ -8.45408187502631, 40.717918960282525 ], [ -8.454099764510396, 40.717898107958078 ], [ -8.462035906865749, 40.718533807012143 ], [ -8.461948106823311, 40.719015012587271 ], [ -8.461949368417503, 40.719269941152334 ], [ -8.462040159328842, 40.719607638510105 ], [ -8.462080662679536, 40.719756372102935 ], [ -8.462289252422119, 40.720314980377879 ], [ -8.462472211742281, 40.720765787148679 ], [ -8.462680435815653, 40.721177433241039 ], [ -8.462887729357838, 40.721402413211202 ], [ -8.463250107370447, 40.721705288783625 ], [ -8.463599148613275, 40.721920404860576 ], [ -8.463741646126516, 40.722037684676373 ], [ -8.463884317806031, 40.722213954084772 ], [ -8.464054652305894, 40.72276276117087 ], [ -8.464198283951511, 40.72315496573809 ], [ -8.464354512096202, 40.723438979744834 ], [ -8.464587458036917, 40.723654155695478 ], [ -8.464906604655955, 40.723805417750583 ], [ -8.46531971096868, 40.72395145126395 ], [ -8.465886868420169, 40.723944675718521 ], [ -8.466260605215785, 40.723934046916931 ], [ -8.466595243119066, 40.723844739325827 ], [ -8.467187386564959, 40.723676154587707 ], [ -8.467419183046747, 40.723660801672153 ], [ -8.467510160386507, 40.723817581639466 ], [ -8.467557150684778, 40.724170619763051 ], [ -8.46775894988953, 40.724591820370449 ], [ -8.467824639458048, 40.72480270723662 ], [ -8.467834678038074, 40.725549276345198 ], [ -8.467849637399564, 40.725980930184633 ], [ -8.467818924796692, 40.726275572355355 ], [ -8.46778766495293, 40.726461974596297 ], [ -8.467576498535646, 40.726766687791311 ], [ -8.467384633383549, 40.72702731004582 ], [ -8.467353264611647, 40.727238384470375 ], [ -8.467465853561622, 40.727807078737939 ], [ -8.467491962346079, 40.727891467671427 ], [ -8.4675898054832, 40.728116848661145 ], [ -8.46756469016392, 40.728229751865854 ], [ -8.467449136836423, 40.728342924256047 ], [ -8.467243585915956, 40.728495520892587 ], [ -8.467044021875658, 40.728520597508634 ], [ -8.466830941610683, 40.728447736242771 ], [ -8.466559817595273, 40.728365231284023 ], [ -8.466164327538658, 40.728410233035774 ], [ -8.465752727190941, 40.728593233443128 ], [ -8.46535394193247, 40.728736489580164 ], [ -8.464974213215307, 40.728880046149875 ], [ -8.464736233015895, 40.728964027612292 ], [ -8.464556110741302, 40.729043070692676 ], [ -8.464440594521314, 40.729117065341008 ], [ -8.464357303390177, 40.729220323821956 ], [ -8.464338623635003, 40.729367516131354 ], [ -8.464346096647096, 40.729583342719181 ], [ -8.464398368640659, 40.729716647348177 ], [ -8.464502663043197, 40.72993210503477 ], [ -8.464555747858114, 40.730250812832423 ], [ -8.46453755479444, 40.730471488440557 ], [ -8.464492799642494, 40.730540232604689 ], [ -8.464325740814276, 40.73065327863732 ], [ -8.464106023995509, 40.730792047937094 ], [ -8.463861915039454, 40.731001847286755 ], [ -8.463695702130911, 40.731047079365773 ], [ -8.46340140079397, 40.73099551977846 ], [ -8.463087495104173, 40.730951754412345 ], [ -8.462685773416212, 40.730960206118993 ], [ -8.462372673255022, 40.731080687441597 ], [ -8.462079527868635, 40.731237944336165 ], [ -8.46189447122936, 40.731469811834366 ], [ -8.461797681017124, 40.731716283319457 ], [ -8.46175938413564, 40.731920175376047 ], [ -8.461770432582288, 40.732166339724948 ], [ -8.461938802809286, 40.732508947436706 ], [ -8.462254623227556, 40.732985568830131 ], [ -8.462343973180799, 40.733194141589628 ], [ -8.462442612306976, 40.733320465531129 ], [ -8.462708750720132, 40.73361065122225 ], [ -8.463014848262848, 40.734057494249775 ], [ -8.463113824652753, 40.734273601280158 ], [ -8.463065712367516, 40.734454374311667 ], [ -8.462930444849944, 40.734820094036479 ], [ -8.462667337503186, 40.735141517318617 ], [ -8.462442712484686, 40.73532117660168 ], [ -8.461953954215508, 40.735568507322739 ], [ -8.461626280730618, 40.735690467969953 ], [ -8.461208470990721, 40.735971355219213 ], [ -8.460884311784751, 40.736302042088901 ], [ -8.460857644232274, 40.736367406959467 ], [ -8.460830052116821, 40.7364614968807 ], [ -8.460830443782299, 40.736540828250178 ], [ -8.46081366484106, 40.736786890501691 ], [ -8.461030502368876, 40.737041474394296 ], [ -8.461488102626433, 40.737600718234454 ], [ -8.461868709207854, 40.738292198573376 ], [ -8.461881432408784, 40.738447767335416 ], [ -8.461714596031326, 40.738584936883441 ], [ -8.461565339429692, 40.73866280941575 ], [ -8.461315212387854, 40.738932500954384 ], [ -8.461130860588604, 40.739215331563507 ], [ -8.460898294976186, 40.739398346658945 ], [ -8.460487036241622, 40.739763859739448 ], [ -8.460494102321304, 40.739996257492649 ], [ -8.460519177206297, 40.740183035146515 ], [ -8.460676478837344, 40.74053459237799 ], [ -8.460835512532908, 40.741212657448663 ], [ -8.460843157526332, 40.74156319842038 ], [ -8.460844485121608, 40.741831987242463 ], [ -8.46082156429817, 40.742009633078041 ], [ -8.460774961919084, 40.742138085087113 ], [ -8.460443253155663, 40.742528766143309 ], [ -8.460200134666039, 40.742902262167874 ], [ -8.460022766407565, 40.743021273394625 ], [ -8.459766480351714, 40.743005161428322 ], [ -8.459621347380828, 40.742912373766998 ], [ -8.459419234962036, 40.742573915465513 ], [ -8.459261232560751, 40.742150769632687 ], [ -8.459125809298175, 40.741769888765766 ], [ -8.458890154426163, 40.741397665331881 ], [ -8.458310300987533, 40.741187693386664 ], [ -8.457017975355342, 40.740979460789553 ], [ -8.456283031436557, 40.740939033444775 ], [ -8.45591595635257, 40.740999498285099 ], [ -8.455516112849434, 40.741212505779608 ], [ -8.4550724023917, 40.74153567649455 ], [ -8.454917675552185, 40.741781766718525 ], [ -8.454974334491451, 40.74199097001592 ], [ -8.455119747601309, 40.74214310853506 ], [ -8.455732368151391, 40.74220072913468 ], [ -8.456033131136529, 40.74223365146829 ], [ -8.456289825871995, 40.742334503302757 ], [ -8.456369130490202, 40.742622435482701 ], [ -8.456461100656417, 40.743249189989598 ], [ -8.456507722495946, 40.743680935438256 ], [ -8.45646424278954, 40.743918517717205 ], [ -8.456209798786597, 40.744232695754974 ], [ -8.455788782281012, 40.74464900653939 ], [ -8.455434224682481, 40.745000025737234 ], [ -8.455290860559145, 40.745271476024179 ], [ -8.455280709961544, 40.745449351570123 ], [ -8.455371027650507, 40.745737254440009 ], [ -8.455494691998256, 40.746016598473503 ], [ -8.455888006779627, 40.746718684354292 ], [ -8.456056316141403, 40.747023026851117 ], [ -8.456147160951417, 40.747370273272956 ], [ -8.456260146432259, 40.747691879784163 ], [ -8.456528544067206, 40.747953706868884 ], [ -8.456863963077582, 40.748215520932327 ], [ -8.457143404415948, 40.748460298815935 ], [ -8.457434278011993, 40.74874097026521 ], [ -8.457558159272798, 40.749011576461733 ], [ -8.457559319196466, 40.749248761486797 ], [ -8.457361297221421, 40.749749364194599 ], [ -8.457163361470473, 40.750266627341105 ], [ -8.457143040717529, 40.750664877614923 ], [ -8.457200312473899, 40.751020681034412 ], [ -8.457435908703649, 40.751375708781978 ], [ -8.458118425606946, 40.752051667454047 ], [ -8.458901481729656, 40.752797661895897 ], [ -8.459160429462885, 40.753347581041524 ], [ -8.459207083201623, 40.753804986077377 ], [ -8.459165216036705, 40.754321804014843 ], [ -8.459055368420024, 40.75464404029136 ], [ -8.458790404363347, 40.755136372027877 ], [ -8.458636472532749, 40.755500965691361 ], [ -8.458570849804657, 40.755738339680335 ], [ -8.458538415443661, 40.755958782504116 ], [ -8.458505560386833, 40.75606918454401 ], [ -8.458473133221966, 40.756265674928443 ], [ -8.45831897192291, 40.756681508972441 ], [ -8.457766139340659, 40.757445338227505 ], [ -8.457491910145851, 40.758276452564168 ], [ -8.457276992284129, 40.758983670971112 ], [ -8.4567683268811, 40.759705228650105 ], [ -8.456369240760683, 40.7600960876537 ], [ -8.45555835065981, 40.760505301479768 ], [ -8.454447095372249, 40.760982885511616 ], [ -8.453635279156586, 40.761205235749138 ], [ -8.453146250423076, 40.761393000656163 ], [ -8.452724047468172, 40.761614528146112 ], [ -8.452636181570941, 40.76188581978878 ], [ -8.452979854664996, 40.762472971788327 ], [ -8.453327404019138, 40.762929540546331 ], [ -8.453565485330241, 40.763843770018298 ], [ -8.453744953476969, 40.764097569605802 ], [ -8.454068443330923, 40.764181397402567 ], [ -8.454558400922712, 40.764180025644634 ], [ -8.455471637132463, 40.764202767964029 ], [ -8.455950579045185, 40.764226817820195 ], [ -8.456307312265816, 40.764302080751321 ], [ -8.456642522906856, 40.764504559584708 ], [ -8.456799246707314, 40.764707264433618 ], [ -8.45689047084751, 40.765100433524701 ], [ -8.456803276152224, 40.765532639902055 ], [ -8.456328575704482, 40.766381158081295 ], [ -8.456053634161336, 40.767076747526502 ], [ -8.45604407114533, 40.767398698686428 ], [ -8.456089763747615, 40.767661062342668 ], [ -8.456403634003452, 40.768075574135381 ], [ -8.456840186456258, 40.768531613204956 ], [ -8.45700570817543, 40.768907368590042 ], [ -8.457129582497418, 40.769195174689692 ], [ -8.456986169335346, 40.769466897176258 ], [ -8.456632962188019, 40.770120113728382 ], [ -8.456368850937961, 40.770756242099644 ], [ -8.456192385515683, 40.771124497571556 ], [ -8.456150170859368, 40.771624385423522 ], [ -8.456362784279284, 40.771844138137347 ], [ -8.456865780920909, 40.77217311060997 ], [ -8.457267302529049, 40.772290659081634 ], [ -8.457523380567546, 40.772289935893212 ], [ -8.457801678336962, 40.772229806863486 ], [ -8.458447440175499, 40.77220267249978 ], [ -8.458625332989723, 40.772151200019806 ], [ -8.458903545312419, 40.772074142830199 ], [ -8.459325971100947, 40.771937328339604 ], [ -8.459704390256491, 40.771885641978677 ], [ -8.46007254959207, 40.772011472329162 ], [ -8.460352308181777, 40.772247865801717 ], [ -8.460441886512594, 40.772349455269996 ], [ -8.460476454557551, 40.772586634581025 ], [ -8.460479360342626, 40.773175273101359 ], [ -8.460474632731236, 40.774496481937419 ], [ -8.460599324770619, 40.774944655641164 ], [ -8.460592565721738, 40.77503124586724 ], [ -8.460560547094822, 40.775031394356162 ], [ -8.460556110481287, 40.775078819893373 ], [ -8.460549997185307, 40.775126134023402 ], [ -8.460531194378447, 40.775171383298066 ], [ -8.460516570560461, 40.775217585144993 ], [ -8.460508169835421, 40.775264651821338 ], [ -8.460506666615961, 40.775312180694172 ], [ -8.460506395355861, 40.77535971597694 ], [ -8.460498011371081, 40.775406819524292 ], [ -8.460486241099433, 40.775453512145219 ], [ -8.460463466053763, 40.775497492168924 ], [ -8.460449669844985, 40.775510333662837 ], [ -8.460435924724981, 40.775523207428051 ], [ -8.460422484935465, 40.775536265827874 ], [ -8.460409261353551, 40.775549451483414 ], [ -8.460396093594245, 40.775562668496484 ], [ -8.46038281535861, 40.775575822786578 ], [ -8.460369266243864, 40.7755888148534 ], [ -8.460355229970721, 40.775601503932222 ], [ -8.460340475868703, 40.775613713279149 ], [ -8.460325204658941, 40.775625551284847 ], [ -8.460309633822838, 40.7756371623124 ], [ -8.460293973792076, 40.775648702451527 ], [ -8.460278424341897, 40.775660328722665 ], [ -8.460263193530475, 40.775672196321914 ], [ -8.460248341928221, 40.775684337495598 ], [ -8.46023364723162, 40.775696590784662 ], [ -8.460219350661506, 40.775709110390785 ], [ -8.460205731392564, 40.775722060313697 ], [ -8.460193087366711, 40.77573556667916 ], [ -8.4601813815014, 40.775749555751901 ], [ -8.460170272831926, 40.7757638240858 ], [ -8.460159383778754, 40.775778189950337 ], [ -8.460148330896816, 40.77579248333786 ], [ -8.460136747311166, 40.775806531492194 ], [ -8.460124963056575, 40.775820482960341 ], [ -8.46011319660931, 40.775834443381761 ], [ -8.46010130191774, 40.77584834113059 ], [ -8.460089140037388, 40.775862104560758 ], [ -8.460076571988406, 40.775875654822229 ], [ -8.460063470623039, 40.775888910329961 ], [ -8.460049726526346, 40.775901782244581 ], [ -8.460035212387236, 40.775914155662988 ], [ -8.460019673513077, 40.775925786371332 ], [ -8.460003250970235, 40.775936695581549 ], [ -8.459986164464006, 40.77594699793449 ], [ -8.459968610145713, 40.775956836053204 ], [ -8.459950761726592, 40.775966366131904 ], [ -8.459932783481154, 40.775975752496073 ], [ -8.459914780236117, 40.775985114614834 ], [ -8.459896767443492, 40.775994463250335 ], [ -8.459878742734182, 40.776003798409342 ], [ -8.459860702541343, 40.776013117400396 ], [ -8.459842649229655, 40.776022419316355 ], [ -8.459824576871997, 40.77603170327346 ], [ -8.459806485446325, 40.776040964769294 ], [ -8.459788376141587, 40.776050204701001 ], [ -8.459770244201989, 40.776059419480006 ], [ -8.459752089627543, 40.776068609106311 ], [ -8.459733911224886, 40.776077771782312 ], [ -8.459715706607307, 40.776086903912756 ], [ -8.459697475770406, 40.776096004597122 ], [ -8.459679198475524, 40.776105053181283 ], [ -8.459660865180179, 40.776114036184772 ], [ -8.459642484207086, 40.776122959887466 ], [ -8.459624060342946, 40.776131834181292 ], [ -8.459605604297201, 40.776140668941345 ], [ -8.45958712203225, 40.776149472255256 ], [ -8.459568620703894, 40.776158254008223 ], [ -8.459550109828164, 40.776167022277754 ], [ -8.459531594187331, 40.776175786055319 ], [ -8.459513082117299, 40.776184554322271 ], [ -8.459494583142909, 40.776193336957157 ], [ -8.459476102041993, 40.776202142050934 ], [ -8.459457647154858, 40.776210979485484 ], [ -8.459439226808554, 40.776219856441237 ], [ -8.459420845794122, 40.776228783710636 ], [ -8.459402517181209, 40.776237769361195 ], [ -8.459384243382935, 40.776246822391109 ], [ -8.459366113716115, 40.776256039801467 ], [ -8.459348303225418, 40.77626560840077 ], [ -8.459330791606014, 40.776275494027701 ], [ -8.459313553753239, 40.776285649927544 ], [ -8.459296552752228, 40.776296036582906 ], [ -8.459279754048408, 40.776306612668719 ], [ -8.45926312190711, 40.776317337763736 ], [ -8.459246613495186, 40.776328173267721 ], [ -8.459230188361802, 40.776339083275211 ], [ -8.459213806038555, 40.776350028278699 ], [ -8.45919759262922, 40.776361118683013 ], [ -8.459182147436241, 40.776372821052938 ], [ -8.459167647292123, 40.77638520332691 ], [ -8.459154199933757, 40.776398253494385 ], [ -8.459141923732753, 40.776411954111943 ], [ -8.459131213567405, 40.776426390511972 ], [ -8.459122370204218, 40.776441539332851 ], [ -8.459115663272826, 40.776457307962637 ], [ -8.45911089747808, 40.776473486237229 ], [ -8.459106613000769, 40.776489743296111 ], [ -8.459102642656543, 40.7765060462932 ], [ -8.459098967466383, 40.776522389879169 ], [ -8.45909556962699, 40.776538766900366 ], [ -8.459092425434319, 40.776555174722311 ], [ -8.45908951590488, 40.776571607095164 ], [ -8.459087127810788, 40.776588085721265 ], [ -8.459085395024619, 40.776604613824496 ], [ -8.459083064997946, 40.776621097689386 ], [ -8.459079209612536, 40.776637414768537 ], [ -8.459074384511412, 40.776653581502224 ], [ -8.459068727084645, 40.776669593900259 ], [ -8.45906231309038, 40.776685440942607 ], [ -8.45901377005428, 40.776781087392145 ], [ -8.458948011871232, 40.776870515874684 ], [ -8.458869184537601, 40.77695373266755 ], [ -8.458786237360972, 40.777034588224602 ], [ -8.45869171574852, 40.777107738412006 ], [ -8.458594864815138, 40.777179142725274 ], [ -8.458498561850307, 40.777250974047732 ], [ -8.458403345448021, 40.777323637886873 ], [ -8.458308172838507, 40.777396336642681 ], [ -8.458209110615345, 40.777465791883429 ], [ -8.458171801553689, 40.777483906007902 ], [ -8.458132167441107, 40.777498924459074 ], [ -8.458092159766789, 40.777513374834982 ], [ -8.458052159248298, 40.777527838684279 ], [ -8.458012170637064, 40.777542318695097 ], [ -8.457972183223669, 40.777556804992166 ], [ -8.457932210104175, 40.777571311046032 ], [ -8.457892400503388, 40.777586073267251 ], [ -8.457852908357667, 40.777601322650376 ], [ -8.457813849266962, 40.777617202049321 ], [ -8.457789794496938, 40.777627556099262 ], [ -8.457765738539225, 40.777637911048025 ], [ -8.457741683754206, 40.777648265087976 ], [ -8.457717626588167, 40.77765861822909 ], [ -8.457693570594827, 40.777668970461384 ], [ -8.457669511031517, 40.777679320897711 ], [ -8.457645452636521, 40.777689669524726 ], [ -8.457621390671548, 40.777700016355759 ], [ -8.457597315581145, 40.777710345208739 ], [ -8.457572973329269, 40.777720302902914 ], [ -8.457548301792627, 40.777729781553198 ], [ -8.457523360502584, 40.777738843126258 ], [ -8.457498200702799, 40.777747550512636 ], [ -8.457472874847749, 40.777755972002467 ], [ -8.457447422343986, 40.777764172320609 ], [ -8.457421887362553, 40.777772221581543 ], [ -8.457396305773646, 40.777780188122165 ], [ -8.457370715812138, 40.777788139372177 ], [ -8.457345156906136, 40.777796144559026 ], [ -8.457319663745393, 40.777804272923504 ], [ -8.457294278113853, 40.777812590984951 ], [ -8.457269040619577, 40.777821167067145 ], [ -8.457243889112926, 40.777829887882163 ], [ -8.457218724455538, 40.77783858531572 ], [ -8.457194012224972, 40.777847997367729 ], [ -8.457170330344537, 40.777858823001615 ], [ -8.457147432519566, 40.777870595552088 ], [ -8.457124995563436, 40.777882870181372 ], [ -8.457102911018787, 40.777895511219334 ], [ -8.457081065716288, 40.777908388411895 ], [ -8.457059328722449, 40.777921372455317 ], [ -8.457037575044179, 40.777934337631009 ], [ -8.457015711877675, 40.777947200453362 ], [ -8.456994004599707, 40.777960210515381 ], [ -8.456972482982126, 40.77797340015151 ], [ -8.456951104148258, 40.777986721755859 ], [ -8.456929815744857, 40.77800012774911 ], [ -8.45690857254802, 40.778013575034407 ], [ -8.456887319830992, 40.778027015138498 ], [ -8.456866013545762, 40.778040403160155 ], [ -8.456844600167662, 40.77805369422471 ], [ -8.456823035644325, 40.778066842530329 ], [ -8.45680126998305, 40.778079798689923 ], [ -8.456779261487567, 40.778092514193496 ], [ -8.456756968457276, 40.77810493963058 ], [ -8.456734353929955, 40.778117025577366 ], [ -8.456711365417132, 40.778128696539198 ], [ -8.456687943222468, 40.778139856330135 ], [ -8.456664150373737, 40.778150555200959 ], [ -8.456640060656095, 40.778160863183331 ], [ -8.456615737189033, 40.778170849438318 ], [ -8.456591243126942, 40.778180590330905 ], [ -8.456566633332036, 40.778190162249381 ], [ -8.456541961481914, 40.778199641585424 ], [ -8.456517280082588, 40.778209107435508 ], [ -8.456492642820193, 40.778218637992325 ], [ -8.456468040161262, 40.7782282215762 ], [ -8.456443337261103, 40.77823765505282 ], [ -8.456418421882772, 40.778246755935854 ], [ -8.456392985762918, 40.778254980288523 ], [ -8.45636683903178, 40.778261770334744 ], [ -8.456339942450244, 40.77826660659764 ], [ -8.456312804902232, 40.778270608769198 ], [ -8.456285560969164, 40.778274169989153 ], [ -8.456258189640911, 40.778277110217068 ], [ -8.456230694949703, 40.778279283561169 ], [ -8.456203106022411, 40.778280589084225 ], [ -8.45617548004936, 40.77828133909825 ], [ -8.456147837121172, 40.778281523641539 ], [ -8.456120201552155, 40.778281026481991 ], [ -8.456092613030181, 40.778279725941545 ], [ -8.456065127814444, 40.778277497594331 ], [ -8.456037824662703, 40.778274215150553 ], [ -8.456010746757535, 40.778269989250525 ], [ -8.455983700229128, 40.778265637186898 ], [ -8.455956663058807, 40.778261259876842 ], [ -8.455929628195779, 40.778256869046537 ], [ -8.455902593340621, 40.778252479110385 ], [ -8.455875556189566, 40.778248103582236 ], [ -8.455848509700441, 40.778243755989259 ], [ -8.455821453899395, 40.778239441734343 ], [ -8.455794395780556, 40.778235137384996 ], [ -8.455767335335231, 40.778230841140271 ], [ -8.455740273721835, 40.778226547593967 ], [ -8.455713181848566, 40.778222364886894 ], [ -8.455686007493695, 40.778218517388645 ], [ -8.455658739085402, 40.778215061862689 ], [ -8.455631378112663, 40.778212061339609 ], [ -8.455603928433522, 40.778209578843224 ], [ -8.455576349435253, 40.778209014758573 ], [ -8.455549256886494, 40.778213018425866 ], [ -8.455523379306367, 40.778220364035711 ], [ -8.455498713218256, 40.778229843132699 ], [ -8.455474650692446, 40.778240183213747 ], [ -8.455451056655932, 40.778251133418081 ], [ -8.455427827235617, 40.778262525643299 ], [ -8.455405000420628, 40.778274376892959 ], [ -8.455383124867147, 40.778287216027344 ], [ -8.455362656860684, 40.77830133263307 ], [ -8.455343855846722, 40.778316730488896 ], [ -8.455335316018571, 40.778326282484812 ], [ -8.455326778561504, 40.778335835373952 ], [ -8.45531823872847, 40.778345387368581 ], [ -8.455309768957546, 40.778354975186794 ], [ -8.455301505806752, 40.778364666885082 ], [ -8.455293121534334, 40.778374298587643 ], [ -8.455284486672378, 40.778383798616261 ], [ -8.455274132591756, 40.778392243559814 ], [ -8.45526309488756, 40.778400176227564 ], [ -8.455251068478686, 40.778407219262526 ], [ -8.455244159597708, 40.778410348862487 ], [ -8.455237244758347, 40.778413471274696 ], [ -8.455230047248763, 40.778416196456199 ], [ -8.455222762611321, 40.778418786806036 ], [ -8.455215460069683, 40.778421349289992 ], [ -8.455208152745639, 40.778423902781881 ], [ -8.455200853778376, 40.778426469757434 ], [ -8.455193576311423, 40.778429073592839 ], [ -8.455186321520673, 40.778431712483865 ], [ -8.45517906792699, 40.778434354072573 ], [ -8.455171817908216, 40.778437000153332 ], [ -8.455164571464374, 40.778439650726121 ], [ -8.455157328608513, 40.778442308492444 ], [ -8.455150089340625, 40.778444973452238 ], [ -8.455142862000642, 40.778447655487746 ], [ -8.455135643017407, 40.778450351006903 ], [ -8.455128431193302, 40.778453057311594 ], [ -8.455121224146083, 40.778455771706973 ], [ -8.455114020673781, 40.778458490594382 ], [ -8.455106881625156, 40.778461303853696 ], [ -8.455100021586809, 40.778464492741456 ], [ -8.455093422433331, 40.778467983467635 ], [ -8.455087183987409, 40.778471841489939 ], [ -8.455081179917512, 40.778475908673556 ], [ -8.455075317391039, 40.77848009522797 ], [ -8.455069626083549, 40.778484413677326 ], [ -8.455064168973808, 40.77848890436826 ], [ -8.45505875108951, 40.778493422864884 ], [ -8.455053367674889, 40.778497965578495 ], [ -8.455048006840627, 40.778502523537291 ], [ -8.455042692352357, 40.778507111983394 ], [ -8.45503742065199, 40.778511730026267 ], [ -8.455032192915406, 40.778516375861614 ], [ -8.455027010331563, 40.778521050386679 ], [ -8.455021866964461, 40.778525750916486 ], [ -8.4550167521137, 40.77853046937642 ], [ -8.455011664586003, 40.778535203968865 ], [ -8.455006600823232, 40.778539953803211 ], [ -8.455001552507214, 40.77854471349972 ], [ -8.454996522007123, 40.778549483051727 ], [ -8.454991514087398, 40.77855426784901 ], [ -8.454986539426711, 40.778559071463704 ], [ -8.454981592093443, 40.778563892111386 ], [ -8.454976661387166, 40.778568721717427 ], [ -8.454971782954219, 40.778573582694833 ], [ -8.454966994792738, 40.778578493848038 ], [ -8.45496232660439, 40.778583473104156 ], [ -8.454957730857826, 40.778588489978858 ], [ -8.454953316804769, 40.778593599998239 ], [ -8.454949277937505, 40.778598886368847 ], [ -8.454945366094503, 40.778604229116304 ], [ -8.4549417106177, 40.778609673805185 ], [ -8.454938347075265, 40.77861522663985 ], [ -8.454935065412386, 40.778620808962451 ], [ -8.454931847816789, 40.778626411817683 ], [ -8.4549286349677, 40.77863201646057 ], [ -8.454925426865127, 40.778637622891132 ], [ -8.454922225882598, 40.778643232003233 ], [ -8.454919030826829, 40.778648841999185 ], [ -8.454915844080041, 40.778654455573886 ], [ -8.454912670384942, 40.77866007361456 ], [ -8.454909527536476, 40.778665701474587 ], [ -8.454906428582527, 40.778671342719576 ], [ -8.454903366411209, 40.778676996468839 ], [ -8.454900330335136, 40.778682657349215 ], [ -8.454897313246775, 40.778688325380536 ], [ -8.4548943092058, 40.778693996977388 ], [ -8.454891344307963, 40.778699679270936 ], [ -8.454888433987746, 40.778705379422163 ], [ -8.454885592464585, 40.778711098291879 ], [ -8.454882826863441, 40.778716839462248 ], [ -8.454880118200432, 40.778722596682698 ], [ -8.454877442744648, 40.778728361914958 ], [ -8.454874799315839, 40.778734136062816 ], [ -8.454872193841307, 40.778739920010217 ], [ -8.45486965834418, 40.778745721772388 ], [ -8.454867220100487, 40.778751547576739 ], [ -8.454864896896529, 40.778757400975657 ], [ -8.454862700582595, 40.778763282836586 ], [ -8.454860563558746, 40.778769177139097 ], [ -8.45485847515061, 40.778775081211485 ], [ -8.45485642468384, 40.778780992382032 ], [ -8.454854405050876, 40.778786910670512 ], [ -8.454852680633222, 40.778792880364641 ], [ -8.454851480174739, 40.77879892514008 ], [ -8.454850334242085, 40.778804976967471 ], [ -8.454849189489472, 40.778811027891024 ], [ -8.454848044741011, 40.778817079715068 ], [ -8.454846899992335, 40.778823131539092 ], [ -8.454845754054519, 40.778829182465891 ], [ -8.454844609305434, 40.778835234289893 ], [ -8.454843463371553, 40.778841286117149 ], [ -8.45484231862206, 40.778847337941095 ], [ -8.454841172683434, 40.778853388867844 ], [ -8.454840029118126, 40.77885944068845 ], [ -8.454838883183427, 40.778865492515671 ], [ -8.454837738428772, 40.778871543439053 ], [ -8.454836592493665, 40.778877595266216 ], [ -8.454835447742957, 40.778883647090055 ], [ -8.454834301807438, 40.778889698917204 ], [ -8.454832008610971, 40.778906684164475 ], [ -8.454829940582062, 40.778923688594837 ], [ -8.454828233962406, 40.778940714529945 ], [ -8.454826840166485, 40.778957758503296 ], [ -8.454825843287823, 40.778974817578934 ], [ -8.454825449437847, 40.778991889381345 ], [ -8.454826099200151, 40.779008954672236 ], [ -8.454828337142693, 40.779025939893771 ], [ -8.454832359397194, 40.779042738240534 ], [ -8.454837257617436, 40.77905940177201 ], [ -8.454842838766695, 40.779075941832225 ], [ -8.45484911814529, 40.779092337667088 ], [ -8.454856124045044, 40.779108560381644 ], [ -8.454863689572665, 40.779124638356507 ], [ -8.454871614748493, 40.779140617173987 ], [ -8.4548793837609, 40.779156637849091 ], [ -8.454886388494602, 40.779172861465391 ], [ -8.454891857219961, 40.779189420746796 ], [ -8.454895842790998, 40.779206221894619 ], [ -8.454898830323671, 40.779223145591232 ], [ -8.454900939240293, 40.779240145578434 ], [ -8.454902759210906, 40.779257166182177 ], [ -8.454903637602406, 40.779274226331829 ], [ -8.454903878739403, 40.779291300865381 ], [ -8.454903417390089, 40.779308373755796 ], [ -8.454902266497621, 40.779325426957051 ], [ -8.45490076488395, 40.779342464927339 ], [ -8.454899041683582, 40.779359490007977 ], [ -8.454897150220877, 40.779376505652294 ], [ -8.454895262311052, 40.779393521286636 ], [ -8.454893556885784, 40.779410548118491 ], [ -8.454892312388084, 40.779427597978383 ], [ -8.454891707676202, 40.779444666765627 ], [ -8.45489167753653, 40.77946174205514 ], [ -8.454892648327434, 40.779478801946595 ], [ -8.454894680277704, 40.779495807550752 ], [ -8.454896843676837, 40.779512803783312 ], [ -8.454899042606577, 40.779529798115718 ], [ -8.45490120956614, 40.779546795238659 ], [ -8.454903299549137, 40.77956379707863 ], [ -8.45490537058385, 40.779580799871866 ], [ -8.454907433336087, 40.779597804489107 ], [ -8.454909494900456, 40.779614808209033 ], [ -8.454911555285632, 40.779631812832697 ], [ -8.454913616852158, 40.779648816552481 ], [ -8.454915684342806, 40.779665820255623 ], [ -8.454917758942189, 40.779682823938884 ], [ -8.454919841830574, 40.779699826698447 ], [ -8.454921951953025, 40.779716826680477 ], [ -8.45492411773586, 40.779733822905207 ], [ -8.454926335629631, 40.779750816283034 ], [ -8.454928729961962, 40.779767794760801 ], [ -8.454931517421119, 40.779784737923279 ], [ -8.454934560644691, 40.779801656959428 ], [ -8.45493768319967, 40.779818567669778 ], [ -8.454940859033368, 40.779835471927903 ], [ -8.454944059736849, 40.77985237431556 ], [ -8.454947258072758, 40.779869276709675 ], [ -8.454950427992662, 40.7798861818844 ], [ -8.454953539894245, 40.779903092623755 ], [ -8.454956568922336, 40.77992001349957 ], [ -8.454959505591271, 40.779936942737308 ], [ -8.454962375958125, 40.779953879363831 ], [ -8.454965183563667, 40.779970820667735 ], [ -8.454967836060076, 40.779987777712549 ], [ -8.454970313304464, 40.780004749654019 ], [ -8.45497243292686, 40.780021749607705 ], [ -8.45497314432548, 40.780038812021282 ], [ -8.454972134417394, 40.780055866628857 ], [ -8.454969552041236, 40.780072825667126 ], [ -8.454965492819408, 40.780089620431603 ], [ -8.454960336947451, 40.780106236354328 ], [ -8.454954005974763, 40.780122618723709 ], [ -8.454946538775587, 40.780138722406306 ], [ -8.454938141524739, 40.780154557632883 ], [ -8.454928926795096, 40.780170131293282 ], [ -8.45491917924646, 40.780185515533638 ], [ -8.454909081596538, 40.780200769277023 ], [ -8.45489871808342, 40.780215919303316 ], [ -8.454888099377234, 40.780230967383694 ], [ -8.45487704502035, 40.780245832076169 ], [ -8.454865621455552, 40.780260534807212 ], [ -8.454853657671645, 40.780274987804916 ], [ -8.454841297276779, 40.780289246499507 ], [ -8.454828375139417, 40.780303214097657 ], [ -8.454815166751604, 40.780317026706562 ], [ -8.454801648325265, 40.780330664581498 ], [ -8.454787810326893, 40.780344116042507 ], [ -8.454773601626556, 40.780357341610191 ], [ -8.454758908096597, 40.780370257856383 ], [ -8.454743764112672, 40.780382869187569 ], [ -8.454728108963691, 40.780395114539061 ], [ -8.454711875937278, 40.780406916653924 ], [ -8.454695075577812, 40.780418251189175 ], [ -8.454677724365835, 40.780429096486685 ], [ -8.454659672088042, 40.780439255756235 ], [ -8.454641070858321, 40.780448828528662 ], [ -8.454621816681261, 40.780457621486882 ], [ -8.454602103493057, 40.780465808786431 ], [ -8.454582201840182, 40.780473729160335 ], [ -8.454568779934137, 40.780478654441389 ], [ -8.454555358030433, 40.780483580621357 ], [ -8.4545419337338, 40.78048850230396 ], [ -8.454528422293551, 40.780493286451858 ], [ -8.454514820073413, 40.780497915965704 ], [ -8.454501162924675, 40.780502455581342 ], [ -8.454487504567735, 40.78050699069626 ], [ -8.454473886833334, 40.780511597736087 ], [ -8.454460279836775, 40.780516220953331 ], [ -8.454446672838312, 40.78052084416899 ], [ -8.454428132270229, 40.780527528847898 ], [ -8.454409960485174, 40.780534780709914 ], [ -8.454391959264564, 40.780542274327566 ], [ -8.454374203669095, 40.780550098641079 ], [ -8.454356552984519, 40.780558061336166 ], [ -8.454338988096232, 40.780566129147729 ], [ -8.454321514988063, 40.780574314666083 ], [ -8.454304174141054, 40.780582660101921 ], [ -8.454288295274454, 40.780592509796683 ], [ -8.454273389646739, 40.780603232963109 ], [ -8.454257258441743, 40.780612836619994 ], [ -8.454238850142028, 40.780619691094053 ], [ -8.454219519501766, 40.780624927239174 ], [ -8.45419984022106, 40.780629352103901 ], [ -8.454180021743365, 40.780633408149235 ], [ -8.454160167230196, 40.780637361634916 ], [ -8.454140306713493, 40.780641298924941 ], [ -8.454120441347525, 40.780645213712646 ], [ -8.454100567617468, 40.780649114112265 ], [ -8.454080693867725, 40.780653010906533 ], [ -8.454060818909344, 40.780656903198256 ], [ -8.454040943939951, 40.780660793685591 ], [ -8.454021066594638, 40.780664683275631 ], [ -8.454001190422941, 40.78066857105798 ], [ -8.453981313059938, 40.780672457939716 ], [ -8.453961433286349, 40.780676336720269 ], [ -8.453941548698269, 40.780680200202369 ], [ -8.453921659308703, 40.78068405108742 ], [ -8.453901766302279, 40.780687889372174 ], [ -8.453881868494387, 40.780691715059902 ], [ -8.453861967074005, 40.780695529047797 ], [ -8.453842045222459, 40.780699282755819 ], [ -8.453821995766869, 40.780702614482486 ], [ -8.453801934259419, 40.78070590391588 ], [ -8.453782053219982, 40.78070977006211 ], [ -8.453762450653585, 40.780714392748109 ], [ -8.45374295831723, 40.78071927446733 ], [ -8.453723547437599, 40.780724344160575 ], [ -8.453704209574965, 40.780729571234446 ], [ -8.453684938723802, 40.780734938596282 ], [ -8.453665758793013, 40.780740491204469 ], [ -8.453646637477172, 40.780746162512116 ], [ -8.453627538860792, 40.780751874275843 ], [ -8.453608449804696, 40.78075760401979 ], [ -8.453589358367394, 40.780763331966178 ], [ -8.453570253779045, 40.780769035632559 ], [ -8.453551127639061, 40.780774692529818 ], [ -8.453531978793139, 40.780780308964637 ], [ -8.453512822762645, 40.780785910107809 ], [ -8.453493657152377, 40.78079149056299 ], [ -8.453474479584441, 40.780797048535781 ], [ -8.453455293647323, 40.780802591220194 ], [ -8.453436104105544, 40.780808124005965 ], [ -8.453416871507279, 40.780813572261444 ], [ -8.453397492888831, 40.780818710247935 ], [ -8.453377850673201, 40.780823229421614 ], [ -8.453357935928402, 40.780826996533762 ], [ -8.453337839400463, 40.780830159914203 ], [ -8.453317586974428, 40.780832682570711 ], [ -8.45329723131943, 40.78083467781957 ], [ -8.453276815661965, 40.780836266207174 ], [ -8.45325635692447, 40.780837517925242 ], [ -8.453235866880053, 40.780838417632665 ], [ -8.453215364111184, 40.78083913457111 ], [ -8.453194857468088, 40.780839784879966 ], [ -8.453174354512457, 40.780840463090307 ], [ -8.453153856912975, 40.78084127005306 ], [ -8.453133370674779, 40.78084222286099 ], [ -8.453112891932694, 40.780843256689131 ], [ -8.4530924194977, 40.780844370640267 ], [ -8.453071945739097, 40.780845455775584 ], [ -8.453051456938971, 40.780846368954258 ], [ -8.45303095542787, 40.780847102065358 ], [ -8.453010437553589, 40.78084738767177 ], [ -8.452989934127471, 40.780846734017331 ], [ -8.452969546259647, 40.780844980533566 ], [ -8.452949308360418, 40.780842385567404 ], [ -8.452929235566057, 40.780839140882641 ], [ -8.45290933652368, 40.780835320296049 ], [ -8.452889660802516, 40.780830884949005 ], [ -8.45287022519083, 40.780825877118424 ], [ -8.452851173194789, 40.780820083889779 ], [ -8.452832628704478, 40.780813401362998 ], [ -8.452814567650654, 40.780805997997703 ], [ -8.452797059853465, 40.780797858292303 ], [ -8.452779674528037, 40.780789565160667 ], [ -8.452762379909606, 40.780781164616137 ], [ -8.452745151263493, 40.780772686443612 ], [ -8.45272786018176, 40.780764280481094 ], [ -8.452710417176469, 40.780756060438883 ], [ -8.452692761026679, 40.780748105730069 ], [ -8.45267502129472, 40.780740260209981 ], [ -8.452657262725069, 40.780732438152235 ], [ -8.452639485317736, 40.780724639556773 ], [ -8.452621667900418, 40.780716895999603 ], [ -8.452603769265714, 40.780709260724024 ], [ -8.45258545185459, 40.780702241643688 ], [ -8.452565445508101, 40.780699254253356 ], [ -8.45254492293658, 40.780699292153599 ], [ -8.452524411034203, 40.780699826193882 ], [ -8.452526183808249, 40.780693758248361 ], [ -8.452527970810451, 40.780687692964918 ], [ -8.452529748326681, 40.780681625906688 ], [ -8.452531498578924, 40.780675555321928 ], [ -8.452533201402652, 40.780669475863455 ], [ -8.452534846136235, 40.780663387560779 ], [ -8.45253644700383, 40.78065729217554 ], [ -8.452538022976727, 40.780651193257199 ], [ -8.452539591837267, 40.780645093458006 ], [ -8.452541176110602, 40.78063899631762 ], [ -8.45255641207522, 40.780580946899995 ], [ -8.452571646828989, 40.780522897483173 ], [ -8.452589454828914, 40.78046539204324 ], [ -8.452610057362426, 40.780408134603739 ], [ -8.452626142037126, 40.780348978816924 ], [ -8.452637304077319, 40.780288494018301 ], [ -8.452647136784961, 40.780227730143189 ], [ -8.452657604538016, 40.780166987020515 ], [ -8.452669645220954, 40.78010644035114 ], [ -8.452681774784633, 40.780045905140213 ], [ -8.452608089936373, 40.779922617856606 ], [ -8.450339647109843, 40.779458194012598 ], [ -8.448670764949963, 40.779374811022159 ], [ -8.448609184663518, 40.779378771387606 ], [ -8.447804426893056, 40.778837677834929 ], [ -8.447789660258943, 40.77884962716503 ], [ -8.447739193963539, 40.778874079067521 ], [ -8.44767696402614, 40.778890908797379 ], [ -8.44763719347357, 40.77889777182326 ], [ -8.447584608379525, 40.778899987176906 ], [ -8.447506996981751, 40.778895877168736 ], [ -8.447405876613237, 40.77888012558865 ], [ -8.447283989058391, 40.778856867192722 ], [ -8.447158615704796, 40.778822631199922 ], [ -8.44708408877765, 40.778794290065228 ], [ -8.447010232487383, 40.778757662492708 ], [ -8.446990296563255, 40.778750332650127 ], [ -8.446963013627892, 40.778742483388882 ], [ -8.446820339252362, 40.778706944236212 ], [ -8.446711838947364, 40.778683828039782 ], [ -8.446653952958094, 40.77866741800279 ], [ -8.446597016359412, 40.77865136465563 ], [ -8.446571952037278, 40.778661608348827 ], [ -8.446543320900373, 40.7786693412354 ], [ -8.446486737110927, 40.778677690323875 ], [ -8.446424678459312, 40.778680831371034 ], [ -8.446389236229132, 40.778675794764411 ], [ -8.446372996325366, 40.778673498460691 ], [ -8.446362920526166, 40.778672085018044 ], [ -8.446302196260106, 40.778656672154355 ], [ -8.446206317643599, 40.778622084923889 ], [ -8.446129510608596, 40.778587355833913 ], [ -8.446036175402613, 40.77853961521739 ], [ -8.445968534663949, 40.778514405523225 ], [ -8.445906637791371, 40.778501247770997 ], [ -8.44587250473783, 40.778497738300459 ], [ -8.44584123835417, 40.77849926473089 ], [ -8.44583390023776, 40.778500635361333 ], [ -8.445826313598255, 40.778474271379181 ], [ -8.445820297841786, 40.778454747811935 ], [ -8.445806278208059, 40.778420927141013 ], [ -8.445781386812031, 40.778367506907045 ], [ -8.445772780102294, 40.77835096109434 ], [ -8.445764541016416, 40.778337025724248 ], [ -8.445710406399074, 40.77826207278811 ], [ -8.44565191920541, 40.778198137480047 ], [ -8.445649784586369, 40.778195868607568 ], [ -8.445617107492923, 40.778154425311762 ], [ -8.445593135948135, 40.778109675223781 ], [ -8.445578431619545, 40.77806266860793 ], [ -8.445574604842202, 40.778038032384401 ], [ -8.445574534060828, 40.777996634056855 ], [ -8.445580608444484, 40.777957654932415 ], [ -8.445581379046651, 40.777951213396278 ], [ -8.445594943531301, 40.777866967648222 ], [ -8.445597031561229, 40.777859296968906 ], [ -8.44559799650815, 40.777852112897264 ], [ -8.445597146745811, 40.777844947247068 ], [ -8.445594091208553, 40.777838779016292 ], [ -8.44558909999617, 40.777833358035892 ], [ -8.445584445433598, 40.777829249067437 ], [ -8.445579645611661, 40.777825235044233 ], [ -8.445573891207024, 40.777820251969914 ], [ -8.44556821239253, 40.777815220964321 ], [ -8.445561380607286, 40.777809353817545 ], [ -8.44555307003524, 40.777802891844061 ], [ -8.445545833899121, 40.777798201839424 ], [ -8.445537183170766, 40.777793976718286 ], [ -8.445526144202013, 40.77779074050364 ], [ -8.445515940435632, 40.777789793790248 ], [ -8.445504066127516, 40.777789295542959 ], [ -8.445496950705344, 40.777788878964351 ], [ -8.445489830781161, 40.777788512825289 ], [ -8.445478737763695, 40.777788405076919 ], [ -8.44547162988991, 40.777788841246419 ], [ -8.445462346280928, 40.777790365701215 ], [ -8.4454534057329, 40.777792801429612 ], [ -8.445445186159668, 40.777796407652247 ], [ -8.445437451046823, 40.777801523596075 ], [ -8.445431719093911, 40.777808666538348 ], [ -8.445429638313321, 40.777813841919624 ], [ -8.445428181260855, 40.77781915248827 ], [ -8.445426087405421, 40.777825583196815 ], [ -8.445423374584635, 40.777831884108018 ], [ -8.445420604809051, 40.777839429659288 ], [ -8.445418432071504, 40.777846470217241 ], [ -8.445416573499559, 40.777853563954679 ], [ -8.445414453282153, 40.777862460293456 ], [ -8.445402317142493, 40.777930759767393 ], [ -8.44540019790379, 40.777945430986392 ], [ -8.445382360981394, 40.778076110660265 ], [ -8.445378661613889, 40.778092580843563 ], [ -8.445341325996759, 40.778212103890894 ], [ -8.445300570510188, 40.778319019321756 ], [ -8.445264491787327, 40.778430507412985 ], [ -8.445226232109698, 40.778556679479095 ], [ -8.445211842800097, 40.778595169587533 ], [ -8.445188621296104, 40.77864484973324 ], [ -8.445175571580473, 40.778690900382493 ], [ -8.44517346375166, 40.778696128060339 ], [ -8.445167843024945, 40.77871010095182 ], [ -8.445158660932167, 40.778722462580042 ], [ -8.445148756623507, 40.778732124671592 ], [ -8.445141315181001, 40.77873673822436 ], [ -8.444844991252507, 40.778674374673166 ], [ -8.443993992385955, 40.778462782709646 ], [ -8.443753402616208, 40.778447694430653 ], [ -8.4435309530335, 40.778527071147018 ], [ -8.443412737933189, 40.778660239300734 ], [ -8.443319527229171, 40.779078893781247 ], [ -8.443169970653754, 40.779159864011739 ], [ -8.443014421319694, 40.779187686646281 ], [ -8.442772447504675, 40.779153383453824 ], [ -8.442356585907495, 40.77905301180482 ], [ -8.442020944313496, 40.778964740929588 ], [ -8.441491211719313, 40.779098952132749 ], [ -8.441129888417533, 40.779087316488813 ], [ -8.440982544838359, 40.779025470080406 ], [ -8.440834729509039, 40.778866985281049 ], [ -8.440558115193854, 40.778867357871597 ], [ -8.44039752316322, 40.778822305145574 ], [ -8.440372629757652, 40.778814331798614 ], [ -8.440347736366295, 40.778806360247238 ], [ -8.440322841792133, 40.778798387793131 ], [ -8.440297936060603, 40.778790306403288 ], [ -8.440272752135442, 40.778782522011817 ], [ -8.440246898102037, 40.778776362092685 ], [ -8.44022034021811, 40.778772474192102 ], [ -8.440193561917059, 40.778769597228809 ], [ -8.440166831332492, 40.778766534630087 ], [ -8.440140126740918, 40.778763456647589 ], [ -8.440113416344891, 40.778760403888235 ], [ -8.44008667292772, 40.778757382727918 ], [ -8.440059803983274, 40.778754369999731 ], [ -8.440032822587687, 40.778751375574316 ], [ -8.440005794158843, 40.778748456909348 ], [ -8.439978756819153, 40.778745660729228 ], [ -8.43995176293506, 40.778743040024032 ], [ -8.439924793918179, 40.778741189170745 ], [ -8.439897749981, 40.778741077368721 ], [ -8.439870742687877, 40.77874146343742 ], [ -8.439843793033432, 40.778740988472109 ], [ -8.439816912910201, 40.778739662346688 ], [ -8.439790040715712, 40.778738256950248 ], [ -8.439763183462388, 40.778736751552749 ], [ -8.439736338714907, 40.77873513175274 ], [ -8.43970950204969, 40.778733465999707 ], [ -8.439682666586927, 40.778731803839207 ], [ -8.439655842536746, 40.778730047090043 ], [ -8.439629043679769, 40.778728101163509 ], [ -8.439602284968947, 40.77872586876628 ], [ -8.439575588506312, 40.778723261591047 ], [ -8.439548973485826, 40.778720331815684 ], [ -8.439522420328377, 40.778717201059251 ], [ -8.439495896419983, 40.77871399007487 ], [ -8.43946937031868, 40.778710816911044 ], [ -8.439442814123673, 40.778707796905394 ], [ -8.439416324743927, 40.778704880273366 ], [ -8.439389900821027, 40.778702029197738 ], [ -8.439363480739477, 40.778699240240108 ], [ -8.439336999346589, 40.778696513573387 ], [ -8.439310400958156, 40.778693847544261 ], [ -8.439283573980466, 40.778691447761929 ], [ -8.439256520664426, 40.778689546548264 ], [ -8.439229340490446, 40.778688138236284 ], [ -8.439202100938399, 40.778687213641923 ], [ -8.439174855297834, 40.778686769021832 ], [ -8.439147663965876, 40.778686800613848 ], [ -8.439120608761508, 40.778687326210964 ], [ -8.439093692528491, 40.778688449362818 ], [ -8.439066839551312, 40.778690191882163 ], [ -8.439039975154419, 40.778692544061556 ], [ -8.439013038277459, 40.778695107142987 ], [ -8.438986055343827, 40.77869770185756 ], [ -8.438959071471263, 40.778700350598093 ], [ -8.438932121091382, 40.778703070382782 ], [ -8.438905252875664, 40.778705883595066 ], [ -8.438878498688288, 40.778708764036189 ], [ -8.438851800133161, 40.778711635318736 ], [ -8.438825144295365, 40.778714522690912 ], [ -8.438798514722688, 40.778717455012135 ], [ -8.438771891433834, 40.778720466554255 ], [ -8.438745259165183, 40.778723587074076 ], [ -8.438718600213734, 40.778726831026432 ], [ -8.438691901231053, 40.778730129108382 ], [ -8.438665176353815, 40.778733464173087 ], [ -8.438638440936291, 40.778736826274383 ], [ -8.438611709168834, 40.778740209971765 ], [ -8.438584994032436, 40.778743604424875 ], [ -8.438558310893821, 40.778747002389089 ], [ -8.438531677497158, 40.778750398414473 ], [ -8.4385051342135, 40.778753813105666 ], [ -8.438478733354694, 40.778757287747148 ], [ -8.43845247122669, 40.77876079173187 ], [ -8.438426338200198, 40.778764291767061 ], [ -8.438400318718839, 40.778767753675112 ], [ -8.438374381472066, 40.778771065877358 ], [ -8.438348443111366, 40.778773876500281 ], [ -8.438322506620635, 40.77877631970992 ], [ -8.43829657296053, 40.778778605319374 ], [ -8.438270638332439, 40.77878093865187 ], [ -8.438244694223716, 40.778783530446063 ], [ -8.438218755866901, 40.778786603084249 ], [ -8.438192925360967, 40.778790464266272 ], [ -8.438167151337197, 40.77879476113344 ], [ -8.438141302289273, 40.778798972645973 ], [ -8.438115255065586, 40.778802591249473 ], [ -8.43808900188532, 40.778805728625805 ], [ -8.43806253891659, 40.778808582894236 ], [ -8.438035842579, 40.778811178430296 ], [ -8.438008916529528, 40.778813537736582 ], [ -8.437981815563406, 40.778815467961934 ], [ -8.437954635287557, 40.778816893211982 ], [ -8.437927422256696, 40.778818150149348 ], [ -8.437900211203724, 40.778819580870859 ], [ -8.437873027774536, 40.778821353701609 ], [ -8.437845852899409, 40.778823184135142 ], [ -8.43781886342224, 40.778826182916966 ], [ -8.437792556968216, 40.778831666159505 ], [ -8.437766803190998, 40.778838588731091 ], [ -8.437741051773473, 40.778845510390205 ], [ -8.437726397361207, 40.77884948784498 ], [ -8.437711744135889, 40.778853466195272 ], [ -8.437697106069999, 40.778857392274894 ], [ -8.437682523234201, 40.778861220953289 ], [ -8.437668005212268, 40.77886497561807 ], [ -8.437653534383363, 40.77886868873366 ], [ -8.437639081305337, 40.778872398198608 ], [ -8.43762461058834, 40.778876136524168 ], [ -8.437610101057631, 40.778879936184083 ], [ -8.437595605974785, 40.778883787132351 ], [ -8.437581133590841, 40.778887680342223 ], [ -8.437566679130384, 40.778891607721839 ], [ -8.437552236658066, 40.778895566585405 ], [ -8.437537802587206, 40.778899549738405 ], [ -8.437523372158834, 40.778903552690899 ], [ -8.437508942974985, 40.778907569145765 ], [ -8.437494580895457, 40.778911753814604 ], [ -8.437480522620064, 40.778916577032774 ], [ -8.437466741483153, 40.778921906497715 ], [ -8.437453160860578, 40.778927565013866 ], [ -8.437439681686785, 40.778933389852668 ], [ -8.437426194263642, 40.778939224617105 ], [ -8.43741259245105, 40.778944913801233 ], [ -8.437398772445299, 40.778950294688819 ], [ -8.437384649351172, 40.778955194608393 ], [ -8.437370163100825, 40.778959430016954 ], [ -8.437355318960238, 40.77896285682106 ], [ -8.437340303296573, 40.778965818518856 ], [ -8.437325205953275, 40.778968533694027 ], [ -8.437310074959353, 40.778971143597865 ], [ -8.437294952420737, 40.778973789497286 ], [ -8.437279882824738, 40.778976615354438 ], [ -8.437264890117852, 40.778979676937006 ], [ -8.43724990946092, 40.778982783510685 ], [ -8.437234934832354, 40.778985913479424 ], [ -8.437219963830092, 40.778989059645603 ], [ -8.437204995236666, 40.778992214808447 ], [ -8.437190026658236, 40.778995373571313 ], [ -8.437175058074271, 40.778998531431732 ], [ -8.437160083520718, 40.779001679400501 ], [ -8.437145104161649, 40.779004812972026 ], [ -8.437130118779647, 40.779007924945574 ], [ -8.437115110634322, 40.779010981146371 ], [ -8.437099998208284, 40.779013770172519 ], [ -8.437084805370199, 40.779016330682417 ], [ -8.437069569281977, 40.779018758931294 ], [ -8.437054327113678, 40.779021152975318 ], [ -8.437039111284532, 40.779023608181696 ], [ -8.437023961329526, 40.779026221699944 ], [ -8.437008923887051, 40.77902908976035 ], [ -8.436994847908348, 40.779033680637887 ], [ -8.436982281604847, 40.779040196401461 ], [ -8.436968821981417, 40.77904538628384 ], [ -8.436954197347299, 40.779048379319626 ], [ -8.436939339208045, 40.779050822765115 ], [ -8.4369242581321, 40.779052956124382 ], [ -8.436909100039797, 40.779055086082458 ], [ -8.436893969287619, 40.779057496921396 ], [ -8.436878890264749, 40.779060341661413 ], [ -8.436863976774532, 40.779063638012893 ], [ -8.436849373358378, 40.779067390097936 ], [ -8.43683547839586, 40.779072194797685 ], [ -8.436822405891091, 40.779078113946589 ], [ -8.436809858536391, 40.779084634143992 ], [ -8.436797574013477, 40.779091381473918 ], [ -8.436785632223639, 40.779098472790686 ], [ -8.436774151086086, 40.779106049162046 ], [ -8.436763226901929, 40.779114186876932 ], [ -8.436752620418201, 40.779122634426038 ], [ -8.436742153132862, 40.779131213980861 ], [ -8.436731669235794, 40.77913978817547 ], [ -8.436721018852253, 40.779148222329702 ], [ -8.436710099671904, 40.779156421260076 ], [ -8.436699021153681, 40.779164489136157 ], [ -8.436687854652481, 40.779172487003898 ], [ -8.436676667928381, 40.779180466913807 ], [ -8.436665526380454, 40.779188482723661 ], [ -8.436654494202674, 40.779196583791872 ], [ -8.43664376507547, 40.779204899280543 ], [ -8.436633760635349, 40.779213670314213 ], [ -8.436624095939882, 40.779222649368592 ], [ -8.43661427459962, 40.779231568500876 ], [ -8.436603815538819, 40.779240140817414 ], [ -8.436592640098176, 40.779248262067377 ], [ -8.436581260276016, 40.77925624607775 ], [ -8.436569696227, 40.779264096397519 ], [ -8.436557952648556, 40.779271804009312 ], [ -8.436546033065834, 40.779279362600292 ], [ -8.436533938614293, 40.779286761361497 ], [ -8.436521672819076, 40.779293993980119 ], [ -8.436509240377676, 40.7793010514388 ], [ -8.436496642437868, 40.779307925629986 ], [ -8.436483964700889, 40.77931470637796 ], [ -8.436471288145929, 40.779321487121415 ], [ -8.436458611596592, 40.779328269664468 ], [ -8.436445933851862, 40.779335050408264 ], [ -8.436433256104552, 40.779341831150681 ], [ -8.436420579539263, 40.779348611888587 ], [ -8.436407902971402, 40.779355392625092 ], [ -8.436395225220439, 40.779362174263817 ], [ -8.436380354278098, 40.77937015752395 ], [ -8.436365513972211, 40.779378105582282 ], [ -8.436350752990419, 40.779386044425301 ], [ -8.436336105923807, 40.779394026190921 ], [ -8.436321608548067, 40.779402103013958 ], [ -8.436307556923325, 40.77941051454912 ], [ -8.436294138725005, 40.779419371965012 ], [ -8.436281194691809, 40.77942856041674 ], [ -8.436268551424931, 40.779437982205913 ], [ -8.436256035607428, 40.779447557643735 ], [ -8.43624347392643, 40.779457207941874 ], [ -8.436230792739742, 40.779466890069877 ], [ -8.436218200910682, 40.779476685424342 ], [ -8.436205662729064, 40.779486556278144 ], [ -8.436193113980503, 40.779496448770267 ], [ -8.436180490462872, 40.779506311741009 ], [ -8.436167723227413, 40.779516092242112 ], [ -8.436154753982779, 40.779525736396849 ], [ -8.436141617258571, 40.779535282835802 ], [ -8.436128401063613, 40.779544807870039 ], [ -8.436115127885007, 40.779554306937989 ], [ -8.436101815487778, 40.779563779092477 ], [ -8.436088476906699, 40.779573225199762 ], [ -8.436075132271974, 40.779582643406016 ], [ -8.436061805271695, 40.779592032748546 ], [ -8.436048523196922, 40.779601403061143 ], [ -8.436035270582291, 40.779610739976519 ], [ -8.436022018878576, 40.77962001745523 ], [ -8.436008735990898, 40.779629211268102 ], [ -8.4359953886316, 40.779638295388096 ], [ -8.435981948255536, 40.779647244676241 ], [ -8.435968373258254, 40.779656027724329 ], [ -8.43595473300832, 40.779664529086716 ], [ -8.435941351070966, 40.779672523690742 ], [ -8.435927897415805, 40.779680378003988 ], [ -8.435913961646552, 40.779688500127605 ], [ -8.435899538619598, 40.779696800925791 ], [ -8.435884877212308, 40.779705042914848 ], [ -8.435870133850583, 40.779713238291251 ], [ -8.435855417661804, 40.779721418286044 ], [ -8.435840875595073, 40.779729595120671 ], [ -8.435826513757485, 40.779737809301515 ], [ -8.435812229173674, 40.77974608000919 ], [ -8.435797992109784, 40.779754381207312 ], [ -8.43578377518484, 40.779762683251342 ], [ -8.435769551026061, 40.779770958297689 ], [ -8.435755289883277, 40.779779176708018 ], [ -8.435740964387788, 40.779787311539188 ], [ -8.435726553098105, 40.779795336733024 ], [ -8.435711976212, 40.779803157046146 ], [ -8.435696553960154, 40.779809773809639 ], [ -8.435680416597517, 40.779815174975191 ], [ -8.435663875641882, 40.779819873909076 ], [ -8.43564714925501, 40.779824434650322 ], [ -8.435630383888117, 40.779829281849132 ], [ -8.435613515776037, 40.779834199553555 ], [ -8.435596571862497, 40.779839121056149 ], [ -8.435579592318183, 40.779844022838759 ], [ -8.435562603110625, 40.779848884121854 ], [ -8.435545638495679, 40.779853683203768 ], [ -8.435528738631819, 40.779858393864856 ], [ -8.435511895198239, 40.779863009823494 ], [ -8.435495076292113, 40.779867549173247 ], [ -8.435478238184857, 40.77987203454105 ], [ -8.43546133476638, 40.779876485858679 ], [ -8.435444331780831, 40.779880924827744 ], [ -8.435427140889042, 40.779885202197242 ], [ -8.435409723138301, 40.779889087542116 ], [ -8.435392193950873, 40.779892694022472 ], [ -8.435374640207959, 40.779896110559747 ], [ -8.435356970527936, 40.779899039329102 ], [ -8.435339180798158, 40.779901356973227 ], [ -8.435321314751917, 40.779903041765664 ], [ -8.43530342674733, 40.779904063847638 ], [ -8.435285698521911, 40.779904269658871 ], [ -8.435268410385296, 40.779903560311467 ], [ -8.435251447421026, 40.77990219544931 ], [ -8.435234864879352, 40.779900603564137 ], [ -8.435218719037048, 40.779898916881727 ], [ -8.435202767453514, 40.779896964042138 ], [ -8.435186753468892, 40.779894572822045 ], [ -8.43517047018141, 40.779891571768218 ], [ -8.435153763958736, 40.779888042327308 ], [ -8.435136687538478, 40.779884381479924 ], [ -8.435119473170515, 40.779880603026044 ], [ -8.435102281925825, 40.779876698439608 ], [ -8.435085266550438, 40.779872652012493 ], [ -8.435068641451474, 40.779868461382748 ], [ -8.435052592772442, 40.779864161182836 ], [ -8.435036665927253, 40.779859820139599 ], [ -8.435020772196241, 40.779855466400569 ], [ -8.435004897478196, 40.77985112521656 ], [ -8.434989030024791, 40.779846818230226 ], [ -8.434973115307102, 40.779842537479709 ], [ -8.434957085553458, 40.779838228212022 ], [ -8.434941150933739, 40.779833998837454 ], [ -8.434925582130804, 40.779829979220018 ], [ -8.434910374320383, 40.779826150462057 ], [ -8.434895168880921, 40.779822321695896 ], [ -8.43487996581243, 40.779818492921528 ], [ -8.434866882919735, 40.779817475353276 ], [ -8.434853798834661, 40.779816455985646 ], [ -8.434840715938664, 40.779815437513925 ], [ -8.434841284095143, 40.779806433767718 ], [ -8.434840710292567, 40.779797434808337 ], [ -8.43483970536437, 40.779788453185127 ], [ -8.434837002761096, 40.779779710129745 ], [ -8.434830923980128, 40.779772015974821 ], [ -8.434824047180207, 40.779764676000035 ], [ -8.43481439663474, 40.779759573805848 ], [ -8.434803618491344, 40.779755817198662 ], [ -8.434792678139662, 40.77975234106885 ], [ -8.434781917657828, 40.779748560100082 ], [ -8.434770965608999, 40.779745116416642 ], [ -8.434759686044536, 40.779742334552516 ], [ -8.434748354920199, 40.779739677090539 ], [ -8.434736981635439, 40.779737126896691 ], [ -8.434725572052185, 40.779734670448221 ], [ -8.434714134401576, 40.77973229421611 ], [ -8.434702672172239, 40.779729983783355 ], [ -8.434691192410723, 40.779727725624035 ], [ -8.434679698609745, 40.779725506221624 ], [ -8.434668197807747, 40.779723310249231 ], [ -8.434656693509671, 40.779721126891801 ], [ -8.434645189191981, 40.779718939030793 ], [ -8.434633691905356, 40.779716734040825 ], [ -8.43462220395385, 40.779714497507953 ], [ -8.43461073238818, 40.779712216806814 ], [ -8.434599280688888, 40.779709875719384 ], [ -8.434587855910767, 40.779707462520769 ], [ -8.434576462723067, 40.779704961890367 ], [ -8.43456510936114, 40.779702361199725 ], [ -8.434553801687013, 40.779699646926105 ], [ -8.434542566698493, 40.779696764068689 ], [ -8.434531390351278, 40.779693750485059 ], [ -8.434520185871538, 40.779690802710064 ], [ -8.434508882890769, 40.77968807761382 ], [ -8.43449752250398, 40.779685494044273 ], [ -8.434486144540182, 40.779682952842855 ], [ -8.434474786504003, 40.779680364762463 ], [ -8.43446348586758, 40.779677633352151 ], [ -8.434452286070908, 40.779674672050866 ], [ -8.434441181325344, 40.779671510590127 ], [ -8.434430166998302, 40.779668172394956 ], [ -8.43441925135774, 40.779664652040836 ], [ -8.434408441499176, 40.779660946807745 ], [ -8.434397772757576, 40.779657011578657 ], [ -8.434387141672522, 40.779653020419502 ], [ -8.434376531748985, 40.779648993184274 ], [ -8.434365950070244, 40.779644924451503 ], [ -8.434355380165661, 40.779640839478077 ], [ -8.434344813787726, 40.779636748191002 ], [ -8.434334255654537, 40.779632646075505 ], [ -8.434323712812757, 40.779628519605701 ], [ -8.43431320174116, 40.779624345325715 ], [ -8.434302801332768, 40.779620017671562 ], [ -8.43429249157127, 40.779615563710415 ], [ -8.434282205360988, 40.779611078169516 ], [ -8.434271875585875, 40.779606651273632 ], [ -8.434261444570129, 40.779602365118443 ], [ -8.434250972358722, 40.779598137602065 ], [ -8.434240489544081, 40.779593922719343 ], [ -8.434230009095907, 40.779589706928995 ], [ -8.434219536876258, 40.779585476708284 ], [ -8.434209081153016, 40.779581226632672 ], [ -8.434198626587257, 40.779576970249593 ], [ -8.434188176740928, 40.779572709350781 ], [ -8.434177729248884, 40.77956844484288 ], [ -8.434167285299806, 40.779564177623307 ], [ -8.434156842512275, 40.779559904996781 ], [ -8.434146404452321, 40.779555629655484 ], [ -8.434135967557983, 40.779551349807704 ], [ -8.434125534206604, 40.779547067248252 ], [ -8.434115133810179, 40.779542736875591 ], [ -8.434104775796797, 40.779538347859173 ], [ -8.434094456641111, 40.779533906511702 ], [ -8.434084209325215, 40.779529371324308 ], [ -8.434074047987201, 40.779524725150729 ], [ -8.434063954971787, 40.779519993250936 ], [ -8.434053916153113, 40.779515195472698 ], [ -8.434043945681458, 40.779510317371155 ], [ -8.434034058875477, 40.779505340896485 ], [ -8.434024205069329, 40.779500326514075 ], [ -8.434014374830845, 40.779495284153988 ], [ -8.434004574070876, 40.779490211099301 ], [ -8.433994805130224, 40.779485101040471 ], [ -8.433985052698356, 40.779479973828344 ], [ -8.433975312053127, 40.779474833077202 ], [ -8.433965582018052, 40.779469680591127 ], [ -8.433955868491784, 40.779464510951755 ], [ -8.433946191507021, 40.779459300693944 ], [ -8.433936556970567, 40.779454046200371 ], [ -8.433927034449269, 40.779448675249959 ], [ -8.433917616884242, 40.779443198667117 ], [ -8.433908503641343, 40.779437431330422 ], [ -8.43389964172607, 40.779431442716344 ], [ -8.433890937948533, 40.779425320415932 ], [ -8.433882367549792, 40.779419090608179 ], [ -8.433873915199005, 40.779412768641492 ], [ -8.433865639939665, 40.77940631293918 ], [ -8.43385764217494, 40.779399659304381 ], [ -8.433849819193371, 40.779392885447486 ], [ -8.43384230570293, 40.779385916276361 ], [ -8.433828741468718, 40.779371394201156 ], [ -8.433816320114346, 40.779356283823645 ], [ -8.433806234109246, 40.779340224539887 ], [ -8.433799705537991, 40.779323118614045 ], [ -8.433793965157397, 40.779305842241293 ], [ -8.43378877280897, 40.779288466286161 ], [ -8.433784877944579, 40.779270899646875 ], [ -8.433783118061728, 40.779253136539495 ], [ -8.433782697746878, 40.779235321314999 ], [ -8.43378250960227, 40.779217502784022 ], [ -8.4337838412532, 40.779189948629359 ], [ -8.433787982357687, 40.779162556447744 ], [ -8.433794094437799, 40.77913537795088 ], [ -8.433802923660952, 40.779108645323262 ], [ -8.433813791138311, 40.77908233601989 ], [ -8.433823634085291, 40.779055801559608 ], [ -8.433829876569121, 40.779028649735437 ], [ -8.433832331481373, 40.779001155686956 ], [ -8.433831107888132, 40.778973599184546 ], [ -8.433827120134319, 40.778946202969522 ], [ -8.433825622475307, 40.778939304567615 ], [ -8.433824125997148, 40.77893240526209 ], [ -8.433822628334704, 40.778925505959627 ], [ -8.433821131857181, 40.778918606654067 ], [ -8.433819633014833, 40.778911708255137 ], [ -8.433818127069276, 40.778904810775167 ], [ -8.433816512206056, 40.778897927986954 ], [ -8.433814780137089, 40.778891060812541 ], [ -8.433812961649753, 40.778884206470231 ], [ -8.433811085158155, 40.778877361283989 ], [ -8.433809179072323, 40.778870520677323 ], [ -8.433807259964446, 40.77886368190552 ], [ -8.433805300613171, 40.778856850442516 ], [ -8.433803293914995, 40.778850027207319 ], [ -8.433801237500727, 40.778843212206077 ], [ -8.433799133739585, 40.778836405432621 ], [ -8.433796986181306, 40.778829605977222 ], [ -8.433794797199148, 40.778822814734177 ], [ -8.433792572708002, 40.778816029887068 ], [ -8.433790312707849, 40.778809251435916 ], [ -8.433788020756573, 40.778802480271906 ], [ -8.433785689750659, 40.778795717314097 ], [ -8.433783301929305, 40.778788964409721 ], [ -8.433780857300651, 40.778782223359748 ], [ -8.433778360603103, 40.77877549415183 ], [ -8.433775815378254, 40.778768774075253 ], [ -8.433773224003458, 40.778762064924791 ], [ -8.433770533228783, 40.778755379446174 ], [ -8.433767692165421, 40.778748728577874 ], [ -8.433764745799579, 40.778742105899255 ], [ -8.433761702407208, 40.778735507786735 ], [ -8.433758544247844, 40.77872894059 ], [ -8.433755253580998, 40.778722410658744 ], [ -8.433751822138941, 40.778715923417479 ], [ -8.433748257025176, 40.77870947794716 ], [ -8.43374457125811, 40.778703071512396 ], [ -8.433740776675581, 40.778696702281344 ], [ -8.433736905216996, 40.778690360265344 ], [ -8.433732965158262, 40.778684041840791 ], [ -8.433728943497306, 40.778677753345065 ], [ -8.433724831954175, 40.778671497501186 ], [ -8.433720670752258, 40.778665262497945 ], [ -8.433716461064, 40.778659045630789 ], [ -8.433712201708879, 40.778652847803251 ], [ -8.433707891514471, 40.778646671719891 ], [ -8.433703528107566, 40.778640516486419 ], [ -8.433699110307622, 40.778634383006342 ], [ -8.433694641668433, 40.778628271270428 ], [ -8.433690122190004, 40.778622181278678 ], [ -8.433685556602615, 40.778616111217751 ], [ -8.433680943725721, 40.778610061991259 ], [ -8.433676283559327, 40.778604033599123 ], [ -8.433671570192679, 40.778598028758275 ], [ -8.433666802449295, 40.77859204927276 ], [ -8.433661979148651, 40.778586096046105 ], [ -8.433657096741046, 40.778580169988096 ], [ -8.433652150508424, 40.778574275613479 ], [ -8.433647136897005, 40.778568412931463 ], [ -8.433642068917022, 40.778562577405737 ], [ -8.433636960755159, 40.778556762695843 ], [ -8.433631825409476, 40.77855096156393 ], [ -8.433626656977294, 40.778545178527892 ], [ -8.433621397539472, 40.778539441653912 ], [ -8.433616038840409, 40.778533759067955 ], [ -8.433610561971292, 40.778528140724703 ], [ -8.433604714139886, 40.778522744869285 ], [ -8.433598558040217, 40.778517551527457 ], [ -8.433592080763569, 40.778512587747684 ], [ -8.433585319007873, 40.778507848031389 ], [ -8.433578519484204, 40.778503139029915 ], [ -8.433571676289903, 40.778498465261073 ], [ -8.433564816585323, 40.778493807743779 ], [ -8.433557949798496, 40.778489155647463 ], [ -8.433551079475102, 40.778484507161934 ], [ -8.433544205607003, 40.778479860486222 ], [ -8.433537330559322, 40.778475214713666 ], [ -8.433530456693139, 40.778470568037108 ], [ -8.433523585193033, 40.778465920453485 ], [ -8.433516718416016, 40.778461269255168 ], [ -8.433509856353981, 40.778456612641179 ], [ -8.433503001372042, 40.778451949704881 ], [ -8.433496155835321, 40.778447279539627 ], [ -8.433489339800708, 40.778442584083223 ], [ -8.433482555641454, 40.778437864230071 ], [ -8.43347577500853, 40.778433138063875 ], [ -8.433468974319686, 40.778428429959391 ], [ -8.433462109907342, 40.77842377605014 ], [ -8.433455154635475, 40.778419200720137 ], [ -8.433448064860849, 40.77841474550582 ], [ -8.433440864210359, 40.778410395937691 ], [ -8.433433578631357, 40.778406126734303 ], [ -8.433426143299968, 40.778402011004573 ], [ -8.433418631332168, 40.778397975617999 ], [ -8.433411112298298, 40.778393949254266 ], [ -8.433403656920863, 40.778389853386173 ], [ -8.433396340689109, 40.778385615777566 ], [ -8.433389246212016, 40.778381166875306 ], [ -8.433382427834671, 40.77837647412013 ], [ -8.433375664927134, 40.77837173529489 ], [ -8.433368900840025, 40.778366997372828 ], [ -8.433362767744555, 40.778362696350406 ], [ -8.433356633469334, 40.778358396231205 ], [ -8.433350500375445, 40.778354095208108 ], [ -8.433344366101807, 40.778349795088246 ], [ -8.433338233013554, 40.77834549496496 ], [ -8.433332099926092, 40.778341194841353 ], [ -8.433325965650772, 40.778336893819997 ], [ -8.433319832564891, 40.778332593695737 ], [ -8.433313698291151, 40.778328292673734 ], [ -8.433307643109892, 40.778323930211869 ], [ -8.433301969266003, 40.778319281300341 ], [ -8.433296763145167, 40.778314325903551 ], [ -8.433291855943244, 40.778309195933126 ], [ -8.433287279648097, 40.778303892206424 ], [ -8.433282846376551, 40.778298518769262 ], [ -8.433278450931425, 40.77829312722362 ], [ -8.433274029478804, 40.778287747451898 ], [ -8.433269519381534, 40.778282412034912 ], [ -8.433264935998695, 40.778277111927707 ], [ -8.433260572475412, 40.778271705890376 ], [ -8.433256592012969, 40.778266133165218 ], [ -8.433253235966921, 40.778260326487768 ], [ -8.433250195760058, 40.778254419934157 ], [ -8.433247415830266, 40.778248438862796 ], [ -8.433244874923846, 40.778242398637445 ], [ -8.433242603819687, 40.778236294675551 ], [ -8.433240385977722, 40.778230180669631 ], [ -8.433238217836056, 40.778224054827959 ], [ -8.433236098222267, 40.778217919855038 ], [ -8.4332340105643, 40.77821177849551 ], [ -8.43323194184387, 40.778205633484696 ], [ -8.433229899164418, 40.77819948390362 ], [ -8.433227891990487, 40.778193327026202 ], [ -8.433225938082701, 40.778187161005242 ], [ -8.433224051639872, 40.778180982201839 ], [ -8.433222226751203, 40.778174793332866 ], [ -8.43322045394001, 40.778168594422951 ], [ -8.433218755709333, 40.778162384513102 ], [ -8.433217179406043, 40.778156155375704 ], [ -8.433215713204516, 40.778149911543998 ], [ -8.433214342893789, 40.778143653955468 ], [ -8.433213061382526, 40.778137386230519 ], [ -8.433211863940478, 40.778131110182443 ], [ -8.433210739902314, 40.778124824938487 ], [ -8.433209684541845, 40.778118533212471 ], [ -8.43320872390772, 40.778112232235102 ], [ -8.433207891164205, 40.778105921019694 ], [ -8.433207188684467, 40.778099600460543 ], [ -8.433206575024279, 40.778093274267455 ], [ -8.433206039530473, 40.77808694426907 ], [ -8.433205518251768, 40.778080614233716 ], [ -8.433205006445766, 40.778074283273241 ], [ -8.433204506485705, 40.778067952281909 ], [ -8.433204024286368, 40.77806161944342 ], [ -8.433203562225025, 40.778055286552544 ], [ -8.433203126216476, 40.77804895179294 ], [ -8.433202705607588, 40.778042616993268 ], [ -8.433202296840545, 40.778036281262288 ], [ -8.433201902288575, 40.778029945494346 ], [ -8.433201524316768, 40.778023608782775 ], [ -8.433201168852095, 40.778017272012661 ], [ -8.433200837075066, 40.778010934280445 ], [ -8.433200527801104, 40.778004595589209 ], [ -8.433200229184379, 40.777998255969777 ], [ -8.433199941237055, 40.777991918123561 ], [ -8.433199660389178, 40.77798557845788 ], [ -8.433199385464254, 40.777979238776787 ], [ -8.433199116462292, 40.777972899080297 ], [ -8.4331988521987, 40.777966559371471 ], [ -8.433198589119753, 40.777960219659562 ], [ -8.433198327225437, 40.777953879944569 ], [ -8.433198066511709, 40.777947539326 ], [ -8.433197804617501, 40.777941199610979 ], [ -8.433197541538755, 40.777934859899027 ], [ -8.433197274906341, 40.777928520196326 ], [ -8.433197003539698, 40.77792218140641 ], [ -8.433196725061592, 40.777915841734497 ], [ -8.433196440660643, 40.777909502077968 ], [ -8.433196149156315, 40.777903163340397 ], [ -8.433195846990836, 40.777896824630552 ], [ -8.43319553534878, 40.777890485945342 ], [ -8.433195216599321, 40.777884147278598 ], [ -8.43319489193107, 40.777877809527737 ], [ -8.433194560151358, 40.777871470894866 ], [ -8.433194223637461, 40.777865133174799 ], [ -8.433193878831569, 40.77785879547627 ], [ -8.433193519814855, 40.777852458715202 ], [ -8.433193147771899, 40.777846122888477 ], [ -8.433192765063767, 40.777839786188991 ], [ -8.433192377621447, 40.777833450402291 ], [ -8.433191986621413, 40.777827113724371 ], [ -8.433191560096271, 40.777820779840276 ], [ -8.433191088557235, 40.777814446073229 ], [ -8.433190579123965, 40.777808115106225 ], [ -8.433190032976992, 40.77780178603566 ], [ -8.433189403925876, 40.777795460782649 ], [ -8.433188644607828, 40.777789143972825 ], [ -8.433187714771536, 40.777782841113861 ], [ -8.433186644027437, 40.777776551228222 ], [ -8.433185569729817, 40.777770261351819 ], [ -8.433183558787668, 40.777759577686773 ], [ -8.433180829209128, 40.777748985039459 ], [ -8.433177724392117, 40.777738453701062 ], [ -8.433174115355738, 40.777728014623776 ], [ -8.433170287380502, 40.777717622040974 ], [ -8.433166255853864, 40.777707273211135 ], [ -8.433162095335295, 40.777696952631892 ], [ -8.43315776324091, 40.777686673921451 ], [ -8.433153172017532, 40.777676460720329 ], [ -8.433148554763257, 40.777666253890153 ], [ -8.433144188758817, 40.777656599311427 ], [ -8.433139820386504, 40.777646944738684 ], [ -8.433135454388671, 40.777637291060081 ], [ -8.433131080104129, 40.777627638303329 ], [ -8.433126671512765, 40.77761799554105 ], [ -8.433122233340727, 40.77760836005946 ], [ -8.433117772687378, 40.777598730039102 ], [ -8.433113296656114, 40.777589104561024 ], [ -8.433108814707339, 40.777579479998636 ], [ -8.43310432921829, 40.777569858146741 ], [ -8.43309982597814, 40.777560239942794 ], [ -8.433095297891612, 40.777550628106709 ], [ -8.433090753246679, 40.777541021716466 ], [ -8.433086192039298, 40.777531419871551 ], [ -8.433081618999651, 40.777521820758686 ], [ -8.433077037681469, 40.777512224368635 ], [ -8.433072413768619, 40.777502638895058 ], [ -8.43306773307053, 40.77749306977784 ], [ -8.433063007420804, 40.77748351428469 ], [ -8.433058248640878, 40.777473966981901 ], [ -8.433053427165062, 40.777464438752297 ], [ -8.433048453079342, 40.777454955043453 ], [ -8.43304327790138, 40.777445534891783 ], [ -8.433037965513067, 40.777436159220827 ], [ -8.433032579788131, 40.777426807153127 ], [ -8.433027151480909, 40.777417468703256 ], [ -8.43302168414106, 40.777408142961541 ], [ -8.433016197886072, 40.77739882537314 ], [ -8.433010711628574, 40.777389506883992 ], [ -8.433005246662484, 40.777380181135264 ], [ -8.43299983137698, 40.777370839048217 ], [ -8.43299454147116, 40.777361455212223 ], [ -8.432989378133597, 40.777352030524732 ], [ -8.432984342556903, 40.777342566783638 ], [ -8.43297970329415, 40.777332986748924 ], [ -8.432975488787003, 40.777323293048191 ], [ -8.432971578395499, 40.777313527417824 ], [ -8.432967956752504, 40.77730369710175 ], [ -8.432964660571443, 40.777293800203637 ], [ -8.432961779847011, 40.777283829285672 ], [ -8.432959331195384, 40.777273791508662 ], [ -8.432957312299871, 40.777263698585173 ], [ -8.43295561190401, 40.777253571515679 ], [ -8.432954161359376, 40.777243423085523 ], [ -8.432953023443925, 40.777233252231113 ], [ -8.432952946763738, 40.777223048002391 ], [ -8.432954103400469, 40.777212881091501 ], [ -8.432956943017155, 40.777202908817408 ], [ -8.432961475883166, 40.777193307650684 ], [ -8.432967173612198, 40.777184063655611 ], [ -8.432973552463299, 40.77717508083542 ], [ -8.432980444045617, 40.777166319105177 ], [ -8.432987590842407, 40.777157675576881 ], [ -8.432994932339504, 40.777149127895299 ], [ -8.433002550474407, 40.777140720872332 ], [ -8.433010417965589, 40.777132446474326 ], [ -8.433018336520744, 40.777124200758955 ], [ -8.433026110200549, 40.777115876175849 ], [ -8.433033545483456, 40.777107375974353 ], [ -8.433040431119988, 40.7770986124549 ], [ -8.433046906077031, 40.7770896681021 ], [ -8.433053268288058, 40.777080677216134 ], [ -8.433059483344012, 40.777071627279511 ], [ -8.433065634314321, 40.777062551394728 ], [ -8.433071762743833, 40.777053468364223 ], [ -8.433077855565887, 40.77704437011748 ], [ -8.433083909226815, 40.777035256663765 ], [ -8.433089939154298, 40.777026134266457 ], [ -8.433095961964645, 40.777017010086304 ], [ -8.433102000196991, 40.777007891268724 ], [ -8.433108071648142, 40.776998784070898 ], [ -8.433114196504258, 40.776989699246357 ], [ -8.433120398489008, 40.776980643937328 ], [ -8.433126676421862, 40.776971619047409 ], [ -8.433133027929614, 40.776962623682238 ], [ -8.433139435215448, 40.776953651584599 ], [ -8.433145875728087, 40.776944692907641 ], [ -8.43315233997482, 40.776935744074088 ], [ -8.433158816089744, 40.776926800612252 ], [ -8.433165295760682, 40.776917858041323 ], [ -8.433171769498973, 40.77690891368443 ], [ -8.433178226619248, 40.776899962166404 ], [ -8.433184656440211, 40.776890999012522 ], [ -8.433191055404112, 40.776882023331581 ], [ -8.433197441311819, 40.776873042281224 ], [ -8.433203815347872, 40.776864055858418 ], [ -8.433210179893583, 40.776855066758415 ], [ -8.433216536125389, 40.776846073177175 ], [ -8.433222886424577, 40.776837077810022 ], [ -8.433229229598483, 40.776828078859062 ], [ -8.433235571586115, 40.776819079910815 ], [ -8.433241934934658, 40.776810089911621 ], [ -8.433248304212398, 40.776801101697629 ], [ -8.433254647383526, 40.776792103645718 ], [ -8.433260935961883, 40.776783083223009 ], [ -8.43326714027674, 40.776774027899762 ], [ -8.433273228300431, 40.776764927853812 ], [ -8.433279168001265, 40.776755772362513 ], [ -8.433285042436234, 40.776746591826786 ], [ -8.433290916869593, 40.776737411290718 ], [ -8.433302781537648, 40.776715829740183 ], [ -8.433313187241708, 40.776693818844791 ], [ -8.433322656031638, 40.776671564550149 ], [ -8.433330912965275, 40.77664903965637 ], [ -8.433335764066708, 40.776625947304645 ], [ -8.433338081549179, 40.776602631917534 ], [ -8.433337031073496, 40.77657926676013 ], [ -8.433332629291042, 40.776556129142065 ], [ -8.433324354431646, 40.776533620240833 ], [ -8.433311692659771, 40.776512324914258 ], [ -8.433305317386951, 40.776504973634239 ], [ -8.433297643775855, 40.776498400158381 ], [ -8.433289061034342, 40.776492490011456 ], [ -8.433280211610482, 40.776486808383225 ], [ -8.433271100323539, 40.776481373271054 ], [ -8.433261741392172, 40.776476185538371 ], [ -8.433252152596802, 40.776471247840391 ], [ -8.433242156155794, 40.776466801972525 ], [ -8.433231813629376, 40.776462839670124 ], [ -8.433221177125571, 40.776459358096076 ], [ -8.433210386718704, 40.776456159677245 ], [ -8.433199482436304, 40.776453189379211 ], [ -8.433188473779026, 40.776450452580221 ], [ -8.43317737490062, 40.776447935735995 ], [ -8.433166142657237, 40.776445791142606 ], [ -8.433154799510652, 40.776444008836187 ], [ -8.433143374944883, 40.776442559924121 ], [ -8.433131928334909, 40.776441213724873 ], [ -8.433120478240603, 40.776439882842006 ], [ -8.433109025838405, 40.776438565471437 ], [ -8.433097569927535, 40.776437258014319 ], [ -8.433086114053571, 40.776435958660436 ], [ -8.433074657015748, 40.776434663810932 ], [ -8.433063199982413, 40.776433369860776 ], [ -8.433051742941416, 40.776432074108492 ], [ -8.433040287065159, 40.776430773849576 ], [ -8.433028832345546, 40.776429467283045 ], [ -8.433017379938784, 40.77642814810239 ], [ -8.43300593102944, 40.776426816304557 ], [ -8.432994484412726, 40.77642546739019 ], [ -8.43298304244964, 40.77642409955218 ], [ -8.432971603963743, 40.776422714594553 ], [ -8.432960165462129, 40.776421326033841 ], [ -8.432948726956933, 40.776419936571493 ], [ -8.432937289624606, 40.776418544403505 ], [ -8.432925853469213, 40.776417150430319 ], [ -8.432914416113549, 40.776415752857126 ], [ -8.432902981115324, 40.776414352575181 ], [ -8.432891546101374, 40.776412948690158 ], [ -8.432880112260305, 40.77641154209946 ], [ -8.432868679563796, 40.776410126499698 ], [ -8.432857249192349, 40.776408700987275 ], [ -8.432845821145964, 40.776407265562241 ], [ -8.432834396617308, 40.776405822022468 ], [ -8.432822972044621, 40.776404368576209 ], [ -8.432811549801057, 40.776402906117781 ], [ -8.432800128710168, 40.77640143645128 ], [ -8.432788709952469, 40.776399958673103 ], [ -8.432777298181197, 40.77639845386075 ], [ -8.432765908475899, 40.776396850835823 ], [ -8.432754540877095, 40.776395158603201 ], [ -8.43274319425691, 40.776393389772757 ], [ -8.432731865122415, 40.776391557861018 ], [ -8.432720554629872, 40.77638965656152 ], [ -8.432709265164599, 40.776387689470049 ], [ -8.432697993185101, 40.776385659297311 ], [ -8.432686739908339, 40.776383573244125 ], [ -8.432675503001624, 40.776381439421009 ], [ -8.432664287114216, 40.776379238004978 ], [ -8.432653098140577, 40.776376962677233 ], [ -8.432641920855495, 40.776374652198712 ], [ -8.43263075761595, 40.776372303861812 ], [ -8.432619610766789, 40.776369912257394 ], [ -8.432608475618363, 40.77636748820369 ], [ -8.432597347493131, 40.776365045220231 ], [ -8.432586226395147, 40.776362584207526 ], [ -8.432575112312298, 40.77636010246411 ], [ -8.432564006437209, 40.776357601787922 ], [ -8.43255290875374, 40.776355078576984 ], [ -8.432541819282102, 40.776352537333686 ], [ -8.432530735653215, 40.776349978064268 ], [ -8.432519659063747, 40.776347403467049 ], [ -8.432508587160783, 40.776344817150175 ], [ -8.432497518771898, 40.776342221818133 ], [ -8.432486459751143, 40.776339602147317 ], [ -8.43247543706835, 40.776336896833982 ], [ -8.432464457766182, 40.776334091451922 ], [ -8.432453548850908, 40.776331132801751 ], [ -8.432442702135821, 40.776328044317715 ], [ -8.432431888282013, 40.776324887309634 ], [ -8.432421096753842, 40.77632168972027 ], [ -8.432410326358681, 40.776318449751749 ], [ -8.432399579457567, 40.776315165596962 ], [ -8.432388859575896, 40.77631183094325 ], [ -8.432378171407427, 40.776308435873048 ], [ -8.432367511447039, 40.77630499120135 ], [ -8.432356886749524, 40.776301485203447 ], [ -8.4323463584469, 40.776297814163705 ], [ -8.432336024234777, 40.776293839152302 ], [ -8.432326000806045, 40.776289431095691 ], [ -8.432316469870655, 40.776284431035414 ], [ -8.432307462509865, 40.776278901925743 ], [ -8.432299395739022, 40.776272590546554 ], [ -8.432292423856769, 40.776265564935755 ], [ -8.432286041632606, 40.776258218119509 ], [ -8.43228006366162, 40.776250677548546 ], [ -8.432274524303752, 40.776242944934907 ], [ -8.432269564383034, 40.776234989296654 ], [ -8.432265309421199, 40.776226801303508 ], [ -8.432262032948069, 40.776218357734095 ], [ -8.43225412799595, 40.776181306573015 ], [ -8.432253296995764, 40.776143932706255 ], [ -8.432265682142393, 40.776107613280175 ], [ -8.432280277291454, 40.776071738371691 ], [ -8.432296036966637, 40.776036154003997 ], [ -8.43231635032279, 40.776001945493093 ], [ -8.432339512466731, 40.77596878047148 ], [ -8.432363440033349, 40.775935928634091 ], [ -8.432387866046801, 40.775903289817172 ], [ -8.432412556706925, 40.775870765572137 ], [ -8.432437113051847, 40.775839199798689 ], [ -8.432462689017642, 40.77580810413582 ], [ -8.432488859712773, 40.775777295983765 ], [ -8.432515685726235, 40.775746814806766 ], [ -8.43254302581818, 40.775716598836603 ], [ -8.432571137700652, 40.775686795986118 ], [ -8.432600729291847, 40.775657834855096 ], [ -8.432631603686433, 40.775629655620143 ], [ -8.432662546952361, 40.775601519421912 ], [ -8.43269349137673, 40.775573383212254 ], [ -8.432703108900425, 40.775565241165481 ], [ -8.432712726421787, 40.775557099117904 ], [ -8.432722342748162, 40.775548955271624 ], [ -8.43273196026483, 40.775540813222435 ], [ -8.432741578963684, 40.775532671169373 ], [ -8.4327511964716, 40.775524528218078 ], [ -8.432760812796689, 40.775516386169556 ], [ -8.432770430303956, 40.775508244117162 ], [ -8.432780073949626, 40.775500120005987 ], [ -8.432789836414853, 40.775492077530664 ], [ -8.432799722470142, 40.775484123882762 ], [ -8.432809677448779, 40.775476219582337 ], [ -8.432819675209997, 40.77546834668734 ], [ -8.432829701490801, 40.775460494428806 ], [ -8.432839744405369, 40.775452653832666 ], [ -8.43284979801482, 40.775444821312306 ], [ -8.432859862323205, 40.77543699776826 ], [ -8.432869931383568, 40.775429177812981 ], [ -8.432880026586352, 40.775421376699342 ], [ -8.432890183593106, 40.775413622250092 ], [ -8.432900430933861, 40.775405936903532 ], [ -8.432910735332344, 40.775398296432677 ], [ -8.432921077763131, 40.775390684677973 ], [ -8.432931447533019, 40.775383094463244 ], [ -8.432941831571638, 40.775375516817462 ], [ -8.432952223919878, 40.775367943651631 ], [ -8.432962612700015, 40.775360367792636 ], [ -8.432973006240225, 40.775352797323308 ], [ -8.43298341404107, 40.775345237621949 ], [ -8.432993833725391, 40.775337686893728 ], [ -8.433004259350257, 40.77533014065159 ], [ -8.433014683792292, 40.775322595312097 ], [ -8.433025107039326, 40.775315048173745 ], [ -8.433035523148451, 40.775307494749541 ], [ -8.433045927365333, 40.775299931449823 ], [ -8.433056312566583, 40.775292354691118 ], [ -8.433066665665612, 40.775284751900507 ], [ -8.433076930790925, 40.775277079098863 ], [ -8.433087116282849, 40.775269347070513 ], [ -8.433097239957975, 40.775261566575118 ], [ -8.433107316095514, 40.77525375198352 ], [ -8.43311733161295, 40.775245891623264 ], [ -8.43312725443473, 40.775237964866356 ], [ -8.433137105943217, 40.775229985164685 ], [ -8.433146868329903, 40.775221943559579 ], [ -8.433156519015784, 40.775213823900806 ], [ -8.433166035438029, 40.775205613640146 ], [ -8.433175429482487, 40.775197321751662 ], [ -8.433184722547722, 40.775188965289196 ], [ -8.433193928888636, 40.775180553220686 ], [ -8.433202948725025, 40.775172023671317 ], [ -8.433211837908182, 40.775163416117749 ], [ -8.43322071283821, 40.775154800496097 ], [ -8.433229572326519, 40.77514617590893 ], [ -8.433238418742182, 40.775137542350116 ], [ -8.433247249724245, 40.775128901626751 ], [ -8.433256066445081, 40.775120251034338 ], [ -8.433264871289952, 40.775111594168663 ], [ -8.433273673755387, 40.775102935507476 ], [ -8.433282472656842, 40.77509427505391 ], [ -8.433291266801678, 40.775085611010027 ], [ -8.433300056193954, 40.775076944276343 ], [ -8.433310518932302, 40.775066607269608 ], [ -8.431617467793521, 40.774726751680127 ], [ -8.431483302436527, 40.774020354297846 ], [ -8.429502778916916, 40.772996647949711 ], [ -8.42950021689971, 40.772979071418618 ], [ -8.429497657256864, 40.772961495781821 ], [ -8.429495096430893, 40.772943920147931 ], [ -8.429492535602309, 40.772926343613449 ], [ -8.429489974783104, 40.772908768879823 ], [ -8.429488126780523, 40.772892202673468 ], [ -8.429487318725361, 40.77287722497509 ], [ -8.429486361164825, 40.772861656033868 ], [ -8.429484024322603, 40.772843837590401 ], [ -8.429480157817244, 40.772825380120118 ], [ -8.429475196917748, 40.772806941669096 ], [ -8.429469425418125, 40.772788679095456 ], [ -8.429463019251539, 40.772770733325387 ], [ -8.429455993480671, 40.772753028678281 ], [ -8.429448452833244, 40.772735409099084 ], [ -8.429440492617042, 40.772717731163901 ], [ -8.429431844674113, 40.772699891103457 ], [ -8.42942233352462, 40.772682116293524 ], [ -8.429411980117553, 40.772664589481074 ], [ -8.429400820552122, 40.772647437543348 ], [ -8.429388446448442, 40.772630988409098 ], [ -8.42937397621631, 40.772615702694374 ], [ -8.429357244043752, 40.772601850973238 ], [ -8.429338249834434, 40.772589678180303 ], [ -8.429317557220058, 40.772578874897654 ], [ -8.429296333281474, 40.772568452984821 ], [ -8.429275009679891, 40.772558259149683 ], [ -8.429254076448085, 40.772548214691902 ], [ -8.429233534946107, 40.772538359230076 ], [ -8.429212918658587, 40.772528732682794 ], [ -8.429191701930062, 40.772519394030496 ], [ -8.42916900019581, 40.772511735009694 ], [ -8.429145363744167, 40.772505642546214 ], [ -8.429121637238516, 40.772499808751633 ], [ -8.429098561312982, 40.772492971930411 ], [ -8.429076468530356, 40.772484801647948 ], [ -8.429054834088021, 40.772476082683411 ], [ -8.429033797168074, 40.772466682307048 ], [ -8.429013534828188, 40.772456461388551 ], [ -8.428994118345495, 40.772445466571483 ], [ -8.428975318184065, 40.77243402262377 ], [ -8.428957217787193, 40.77242198165024 ], [ -8.428939945488761, 40.772409168625764 ], [ -8.428923579089309, 40.772395498704476 ], [ -8.428907418718973, 40.772381543695552 ], [ -8.428891261597366, 40.772367518437207 ], [ -8.428875098552174, 40.772353491390746 ], [ -8.428858921567523, 40.772339524711029 ], [ -8.428842721466991, 40.772325685958876 ], [ -8.428826485205231, 40.772311971565721 ], [ -8.428810246784797, 40.772298303101159 ], [ -8.428794042521348, 40.772284589521867 ], [ -8.42877790994703, 40.772270746985463 ], [ -8.428761943381211, 40.772256676195596 ], [ -8.428746388784603, 40.772242283771007 ], [ -8.428731166003693, 40.772227658165953 ], [ -8.428716139294265, 40.772212905986947 ], [ -8.428701170539165, 40.772198132946073 ], [ -8.428686126219514, 40.772183413226116 ], [ -8.428671015507895, 40.772168678365695 ], [ -8.428655970970143, 40.772153906413408 ], [ -8.428641129953782, 40.772139085311061 ], [ -8.428626639305985, 40.772124208379218 ], [ -8.428612655425447, 40.772109286023493 ], [ -8.428599307463722, 40.772094327818863 ], [ -8.428586478001623, 40.772079298946778 ], [ -8.428574048599199, 40.772064201511647 ], [ -8.428561902016989, 40.772049041216754 ], [ -8.428549922160235, 40.77203381475735 ], [ -8.42853799056935, 40.772018519735326 ], [ -8.428526046875973, 40.77200316531016 ], [ -8.428514159887367, 40.771987775619131 ], [ -8.42850231421332, 40.771972352502708 ], [ -8.428490496816638, 40.771956894193238 ], [ -8.428478688757677, 40.771941403440692 ], [ -8.428466872273338, 40.771925881191038 ], [ -8.428455031801997, 40.77191029056371 ], [ -8.428443133771767, 40.771894539793848 ], [ -8.428431166338033, 40.771878628911772 ], [ -8.428419115335098, 40.771862568759651 ], [ -8.428406974880621, 40.771846368357501 ], [ -8.428394735570702, 40.771830043938316 ], [ -8.428382389201898, 40.771813615333983 ], [ -8.428369965772792, 40.771797169815983 ], [ -8.428357479644582, 40.771780740665967 ], [ -8.42834493910066, 40.771764326061685 ], [ -8.428332348886874, 40.771747927792042 ], [ -8.428319716094158, 40.771731542236843 ], [ -8.428307045464395, 40.771715170284473 ], [ -8.428294250638897, 40.771698836469206 ], [ -8.428281306775736, 40.771682548058564 ], [ -8.42826829551176, 40.771666284132237 ], [ -8.428255297283293, 40.771650020171052 ], [ -8.428242397280462, 40.771633735245715 ], [ -8.428229679496869, 40.771617405728513 ], [ -8.428222023431465, 40.771607328928162 ], [ -8.427989876074685, 40.77163769729902 ], [ -8.426217291130644, 40.770594817146268 ], [ -8.426207110201435, 40.770602259503264 ], [ -8.426157035866524, 40.770635165687388 ], [ -8.426112792417468, 40.770671534767892 ], [ -8.425753549516465, 40.770441664031353 ], [ -8.425703973953548, 40.770410624407077 ], [ -8.425322164009998, 40.770143972863558 ], [ -8.42528700447539, 40.770132041139 ], [ -8.424895051934161, 40.770052256347924 ], [ -8.42496160750383, 40.769926082285203 ], [ -8.424697162553922, 40.769986628455065 ], [ -8.424459960911847, 40.7699341296806 ], [ -8.423887683534367, 40.769822760456812 ], [ -8.423808466658583, 40.769805986542423 ], [ -8.421452255949784, 40.769406762733553 ], [ -8.421387463489436, 40.769378559814626 ], [ -8.421355325179784, 40.769369320836731 ], [ -8.421309396534292, 40.769348319765207 ], [ -8.42127766375015, 40.769323276012727 ], [ -8.421243658776913, 40.769293465284917 ], [ -8.421203259110024, 40.769263670510604 ], [ -8.421139379815827, 40.769227721789264 ], [ -8.42107821662152, 40.769189604159095 ], [ -8.421024315031245, 40.769159933962143 ], [ -8.42097423201311, 40.769136826950181 ], [ -8.420948354038726, 40.769123565026227 ], [ -8.420929718527411, 40.769114606524127 ], [ -8.420905248282379, 40.76909818933639 ], [ -8.420834981589325, 40.769063876369877 ], [ -8.420766853924087, 40.76903117982566 ], [ -8.420712528133704, 40.769012945964434 ], [ -8.420635776031572, 40.768985313624448 ], [ -8.420543942254211, 40.76894853371698 ], [ -8.420451362998106, 40.768903922159332 ], [ -8.420345218904689, 40.76887177026299 ], [ -8.420275209570111, 40.768869604095556 ], [ -8.420256020409765, 40.768869292544068 ], [ -8.420239532156902, 40.768863570380404 ], [ -8.420209938936596, 40.768840141904974 ], [ -8.420174255573123, 40.768805472344546 ], [ -8.420059153073646, 40.768756053804118 ], [ -8.420034272149092, 40.768754224620558 ], [ -8.420012811713624, 40.76874905598563 ], [ -8.419973978226446, 40.768725200171417 ], [ -8.419887930233184, 40.768684082966672 ], [ -8.419795479916999, 40.76864145075514 ], [ -8.419690929310283, 40.768594616176578 ], [ -8.419634195888516, 40.768567203603851 ], [ -8.419504333617608, 40.768500621636456 ], [ -8.419435766264996, 40.768475579627768 ], [ -8.419389814271748, 40.768449129831943 ], [ -8.419309177815624, 40.768399263936445 ], [ -8.419202201566055, 40.768339018405378 ], [ -8.419128936140332, 40.768295527646835 ], [ -8.419061386081328, 40.76825904566553 ], [ -8.419024110292465, 40.768239508060873 ], [ -8.418983861180367, 40.768216826065682 ], [ -8.418945875976862, 40.76819729019288 ], [ -8.418902210264433, 40.768178848972788 ], [ -8.418855704696583, 40.76816104511645 ], [ -8.41881562465251, 40.768150159170368 ], [ -8.418759449014578, 40.768142194645293 ], [ -8.418712405694034, 40.768136818937677 ], [ -8.418651406385839, 40.768136430482521 ], [ -8.418597253135195, 40.7681305320205 ], [ -8.418529578801383, 40.768119985283676 ], [ -8.418483368037908, 40.768115688021453 ], [ -8.418399363162306, 40.768108512532038 ], [ -8.418336095414821, 40.768103898076653 ], [ -8.418265148686592, 40.768103624051847 ], [ -8.418167791960496, 40.768104226569463 ], [ -8.418125149098275, 40.768103071194183 ], [ -8.418058474288008, 40.768104948588217 ], [ -8.417961961280872, 40.768108699692341 ], [ -8.417905819254935, 40.768108298853889 ], [ -8.417848236306821, 40.768103579151692 ], [ -8.417730245182383, 40.768097929622009 ], [ -8.417687578101438, 40.768091372055743 ], [ -8.417551952578265, 40.768061091274184 ], [ -8.417445005893857, 40.768034792820622 ], [ -8.417418564854726, 40.768028104225756 ], [ -8.417307954290775, 40.768003615667595 ], [ -8.417273701989306, 40.767998026873158 ], [ -8.417189095183895, 40.76798878173895 ], [ -8.417118745381927, 40.76798958613783 ], [ -8.417025917941899, 40.767996570083277 ], [ -8.416948611520219, 40.768005045727953 ], [ -8.416844284197323, 40.768009446365546 ], [ -8.416826638120046, 40.768009579798388 ], [ -8.416789101271043, 40.76801174412055 ], [ -8.416748586941331, 40.768010043605862 ], [ -8.416737809232306, 40.768010160144144 ], [ -8.416627769565798, 40.76800818108714 ], [ -8.416611896616196, 40.768007769832103 ], [ -8.416512632752736, 40.768005223894335 ], [ -8.416425913652256, 40.768000305779438 ], [ -8.416373309606994, 40.76799656366606 ], [ -8.416347021539893, 40.767997978934609 ], [ -8.416328676294075, 40.768000816402576 ], [ -8.416295441898274, 40.768012064137523 ], [ -8.416287200406432, 40.768023430638742 ], [ -8.416281684537342, 40.76803542080031 ], [ -8.416263495899882, 40.768047532105385 ], [ -8.415936750072731, 40.768081281661836 ] ] ] } },
{ "type": "Feature", "properties": { "dtmnfr": "010209", "freguesia": "Albergaria-a-Velha e Valmaior", "municipio": "Albergaria-a-Velha", "distrito_i": "Aveiro", "nuts3_cod": "191", "nuts3": "Região de Aveiro", "nuts2": "Centro", "nuts1": "Continente", "area_ha": 4699.64, "perimetro_": 31, "designacao": "Albergaria-a-Velha e Valmaior" }, "geometry": { "type": "Polygon", "coordinates": [ [ [ -8.510567912896969, 40.655476445318719 ], [ -8.511204382105676, 40.658139756677244 ], [ -8.5114991491008, 40.659198591671291 ], [ -8.511522173769478, 40.659213103643538 ], [ -8.511552229113345, 40.659236957013327 ], [ -8.511594099018199, 40.659280944062871 ], [ -8.511626532935466, 40.659328112026664 ], [ -8.511639206407446, 40.659352294306018 ], [ -8.511648923912512, 40.659377567791537 ], [ -8.51165537194607, 40.659513520650549 ], [ -8.511655170275644, 40.659540809584151 ], [ -8.511613562472835, 40.659688629355685 ], [ -8.511575424692991, 40.659927386030823 ], [ -8.511562703470567, 40.660165519074958 ], [ -8.511560163954005, 40.660404973110538 ], [ -8.511664184752151, 40.660502874582676 ], [ -8.512244202440515, 40.662830927929505 ], [ -8.517919807961745, 40.666453780479273 ], [ -8.51848521988817, 40.666209923382254 ], [ -8.518393581601115, 40.666335492318318 ], [ -8.518399268539413, 40.666377162578414 ], [ -8.518427022396789, 40.666453433442726 ], [ -8.518440285680512, 40.666538127426129 ], [ -8.51847337798616, 40.666575564762809 ], [ -8.518517450379635, 40.666629541177009 ], [ -8.518535920839044, 40.66667396214801 ], [ -8.518563691029081, 40.666753020907869 ], [ -8.518578571117912, 40.666809972783426 ], [ -8.518645949723544, 40.666846490543811 ], [ -8.518721643022729, 40.666969786311832 ], [ -8.518782464487062, 40.667077999489003 ], [ -8.518832354772714, 40.667197240805713 ], [ -8.518843881207566, 40.667288873579423 ], [ -8.518843466885613, 40.667401077927856 ], [ -8.518843510458563, 40.667408640286688 ], [ -8.519028602529838, 40.667410540533794 ], [ -8.519139321685607, 40.667415210591813 ], [ -8.519221919613686, 40.667403585255705 ], [ -8.519316032510902, 40.667399491054304 ], [ -8.519413517265832, 40.667385385303433 ], [ -8.519575251884191, 40.667357104695654 ], [ -8.51966615942397, 40.667350494999674 ], [ -8.519766871788242, 40.667342592582038 ], [ -8.519927169365905, 40.667330705621943 ], [ -8.519996654155323, 40.667341819278775 ], [ -8.520107395131065, 40.667350272289156 ], [ -8.520212535151629, 40.667351357066643 ], [ -8.520275043211706, 40.667321699827141 ], [ -8.520311835088664, 40.667263044039572 ], [ -8.520378825446226, 40.667272273854543 ], [ -8.520495496094448, 40.667304029879375 ], [ -8.520594839270659, 40.667324405625934 ], [ -8.5206617749916, 40.667324180078289 ], [ -8.520721212904844, 40.667316411754662 ], [ -8.520817832123624, 40.667316086466236 ], [ -8.520892386144913, 40.667344204050067 ], [ -8.520951977444208, 40.66736291376278 ], [ -8.521014064394164, 40.667383505236309 ], [ -8.521066469039116, 40.667426729371371 ], [ -8.52110634636356, 40.667470000081096 ], [ -8.521133622002868, 40.667483147758212 ], [ -8.521158500699677, 40.667490625753082 ], [ -8.521233038159945, 40.667516848493094 ], [ -8.521285192566033, 40.667537473206835 ], [ -8.521312566952638, 40.667546836555985 ], [ -8.521364698970809, 40.667563592707303 ], [ -8.521414390701853, 40.667588005094153 ], [ -8.521436878487638, 40.667610624181542 ], [ -8.521484120374934, 40.66764063065618 ], [ -8.521523945250733, 40.66767642354052 ], [ -8.521535593163788, 40.667686020741087 ], [ -8.52159372354047, 40.667757776119522 ], [ -8.52165120917098, 40.667819897253608 ], [ -8.521701286057736, 40.667910408533331 ], [ -8.521746369032389, 40.667995260668938 ], [ -8.521744138031233, 40.668038764728422 ], [ -8.521704730571642, 40.66807473595339 ], [ -8.521655148117592, 40.668069232285809 ], [ -8.52161071813595, 40.668116657787522 ], [ -8.52159607993587, 40.668162004613791 ], [ -8.521581473890846, 40.668192311872374 ], [ -8.521569298363927, 40.668233861053082 ], [ -8.521534895456485, 40.668296293147236 ], [ -8.521522708213787, 40.668315244004013 ], [ -8.521507948570624, 40.668339880342444 ], [ -8.521488176785596, 40.668356964731636 ], [ -8.521458585986579, 40.668372105518152 ], [ -8.521404165979208, 40.66840957065201 ], [ -8.521349843652713, 40.668443700834359 ], [ -8.521340175141386, 40.668489120966797 ], [ -8.521335523212931, 40.668523082321151 ], [ -8.521328278650152, 40.668559039822973 ], [ -8.521311040714313, 40.668583589013643 ], [ -8.521306191918374, 40.668604407150355 ], [ -8.521294095835387, 40.668659290818631 ], [ -8.52128671288469, 40.668670572943938 ], [ -8.521249871857405, 40.668721755841389 ], [ -8.521195669785143, 40.668776686479141 ], [ -8.52115607306386, 40.668799515172346 ], [ -8.521136452216457, 40.668822274921915 ], [ -8.521106769820758, 40.668843086451105 ], [ -8.521045066202509, 40.668888678697989 ], [ -8.521032791636383, 40.668913215672468 ], [ -8.521018141317059, 40.668935954199455 ], [ -8.521015920773815, 40.668981349279029 ], [ -8.521043439914807, 40.669036004367477 ], [ -8.521056087273978, 40.669075588015673 ], [ -8.521083582780427, 40.669105746538328 ], [ -8.521084210535554, 40.669213449294894 ], [ -8.521032640875481, 40.66933456045583 ], [ -8.521083454655873, 40.669449112278826 ], [ -8.521209308376518, 40.669493351126498 ], [ -8.521234493570429, 40.669512357328763 ], [ -8.521335081742427, 40.669543894592373 ], [ -8.521427277931881, 40.669575460892119 ], [ -8.521536080506406, 40.669575093123576 ], [ -8.521577795645907, 40.669568555545219 ], [ -8.521661414078658, 40.669549186931114 ], [ -8.521736260254283, 40.669465997867043 ], [ -8.521861370072248, 40.669401814138986 ], [ -8.522070612658286, 40.669407503091669 ], [ -8.522355594003807, 40.669502169014265 ], [ -8.522531556976583, 40.669539846547117 ], [ -8.522807959512216, 40.669602663954116 ], [ -8.522880479120806, 40.669626913102071 ], [ -8.522958699609797, 40.669695897508376 ], [ -8.522993739268646, 40.669741071353279 ], [ -8.523013696458257, 40.669776931694138 ], [ -8.523021404723156, 40.669820311248245 ], [ -8.523036516647933, 40.669856193349737 ], [ -8.523041700020837, 40.669893905500835 ], [ -8.52303939269035, 40.669924170499172 ], [ -8.523034673254774, 40.669965699143667 ], [ -8.523022708803824, 40.67004318178514 ], [ -8.522988307904145, 40.670086795384456 ], [ -8.522973659168118, 40.670130245025966 ], [ -8.52295159797532, 40.670179487472147 ], [ -8.522867810457781, 40.670251542046984 ], [ -8.522830828605802, 40.670297774894692 ], [ -8.52280369343276, 40.670309213832724 ], [ -8.522761759235829, 40.670358432360409 ], [ -8.522732277909341, 40.670392482951392 ], [ -8.522717563432289, 40.670424677280543 ], [ -8.522697834213115, 40.670449330530914 ], [ -8.522670777838261, 40.67047391754749 ], [ -8.522641200665239, 40.670511837938093 ], [ -8.522661199126759, 40.67053445976893 ], [ -8.522688716299054, 40.670568316229812 ], [ -8.522740952964478, 40.670602180221884 ], [ -8.52274605460053, 40.670624852306226 ], [ -8.522741338858571, 40.670668273797688 ], [ -8.522677437902162, 40.670762955822482 ], [ -8.522665098059573, 40.670776231379875 ], [ -8.522680364733954, 40.670838495298625 ], [ -8.522740102214035, 40.670881697504505 ], [ -8.522829577713296, 40.670932453659887 ], [ -8.522909209856191, 40.670979368073922 ], [ -8.52296890527729, 40.671015098754637 ], [ -8.523040980148856, 40.671043127843568 ], [ -8.523081032066084, 40.671057308914762 ], [ -8.523144806223437, 40.671061686112559 ], [ -8.523184424675746, 40.67106155227372 ], [ -8.523233883142662, 40.671044365499235 ], [ -8.523243761330539, 40.671034877647898 ], [ -8.5232685295303, 40.671023536657046 ], [ -8.523280770073795, 40.67099323809407 ], [ -8.523300379791378, 40.670968586050826 ], [ -8.52331758451607, 40.670938360759003 ], [ -8.523322387576853, 40.670909979301634 ], [ -8.523332210607295, 40.670891035353151 ], [ -8.52333700315949, 40.670860852906614 ], [ -8.523363893551213, 40.670807811019763 ], [ -8.523383692715754, 40.67079639584702 ], [ -8.523418370585881, 40.67080006257877 ], [ -8.523485541348229, 40.670839546271637 ], [ -8.523510598675673, 40.670877190299414 ], [ -8.523570359299118, 40.670924262396746 ], [ -8.52359785621101, 40.670954336556363 ], [ -8.523635090291659, 40.67097123300352 ], [ -8.523662335911357, 40.670978702446881 ], [ -8.523717131111534, 40.67100498943757 ], [ -8.523751860733411, 40.67101811036833 ], [ -8.523780244770345, 40.671037643692195 ], [ -8.523820124570452, 40.671061822572277 ], [ -8.523873150890962, 40.67108937799172 ], [ -8.523929561818219, 40.671128626783883 ], [ -8.523967292978369, 40.671170464719246 ], [ -8.524004845820933, 40.67120140435042 ], [ -8.524030284736501, 40.671223106109572 ], [ -8.524046994227444, 40.671248264767932 ], [ -8.524064746314592, 40.671270897559815 ], [ -8.524081454650823, 40.671296866677537 ], [ -8.524084892261644, 40.671318648324693 ], [ -8.524083977460409, 40.671343861251657 ], [ -8.524074176147341, 40.671366498188 ], [ -8.524065347846451, 40.671373281019314 ], [ -8.524018193898058, 40.671399285362959 ], [ -8.524011620991628, 40.671407685978131 ], [ -8.524002795043138, 40.671416088817473 ], [ -8.523995168861703, 40.671426198566941 ], [ -8.523965624340992, 40.671450614203664 ], [ -8.52393361898798, 40.67145747548004 ], [ -8.523911618732274, 40.67145755084627 ], [ -8.523895053553099, 40.671455895940284 ], [ -8.523853344315979, 40.671463606801318 ], [ -8.523829104051787, 40.671463688831857 ], [ -8.523791727172057, 40.671483172709969 ], [ -8.523764268691851, 40.671500468994175 ], [ -8.52373354517505, 40.671525337915739 ], [ -8.523710555867556, 40.671537119641485 ], [ -8.523668734171588, 40.671544825413179 ], [ -8.5236346134624, 40.671555030158281 ], [ -8.523573197387558, 40.671569554204922 ], [ -8.523462420842044, 40.671617115588937 ], [ -8.523378393070169, 40.671668460459024 ], [ -8.523314281418061, 40.671727209509235 ], [ -8.523235495107308, 40.671804923357612 ], [ -8.523228069742997, 40.671808727894344 ], [ -8.523205878151609, 40.67183707714139 ], [ -8.523196453549067, 40.671924011971598 ], [ -8.523191911594697, 40.67199579810444 ], [ -8.52319198871683, 40.672009031764738 ], [ -8.523212197904082, 40.672067498552465 ], [ -8.523254446241092, 40.672091936172222 ], [ -8.523296669594535, 40.672091793492186 ], [ -8.523333792781063, 40.672089775158064 ], [ -8.52339596006469, 40.672041926163367 ], [ -8.523451821522594, 40.672048313763426 ], [ -8.523592122115678, 40.672094483170945 ], [ -8.52373219098531, 40.672120570879137 ], [ -8.523942386002339, 40.672146510215626 ], [ -8.524065225705604, 40.672199401035947 ], [ -8.524222797345667, 40.672205532976243 ], [ -8.524336222114687, 40.672145170124892 ], [ -8.524397290286126, 40.672111737006695 ], [ -8.524440701689901, 40.672051613099363 ], [ -8.524512663360909, 40.671980498005468 ], [ -8.524428130302383, 40.672106589623503 ], [ -8.524406717377406, 40.672186533980792 ], [ -8.524350376862726, 40.672279927865219 ], [ -8.52434662828265, 40.672386472000852 ], [ -8.524233576287093, 40.672490051854361 ], [ -8.524146551346076, 40.672573646647116 ], [ -8.524099312460649, 40.672726980051657 ], [ -8.524121682123983, 40.67281011247362 ], [ -8.524172071740773, 40.672993012224993 ], [ -8.524095239726179, 40.673141138228701 ], [ -8.523920822664744, 40.67324825744101 ], [ -8.523676822351266, 40.673408926572478 ], [ -8.523555465081843, 40.673609072277088 ], [ -8.523766488813671, 40.673794849007457 ], [ -8.523924963929417, 40.673954058935472 ], [ -8.524222928475409, 40.67401967883265 ], [ -8.524450674635968, 40.674072125561956 ], [ -8.524853585070977, 40.674124061410737 ], [ -8.524994207262997, 40.674243437775218 ], [ -8.525135180054159, 40.674402796379873 ], [ -8.525206057392868, 40.674549064400011 ], [ -8.525434167014771, 40.674641487948037 ], [ -8.525521925265693, 40.674681171521321 ], [ -8.525749832231019, 40.674760270265708 ], [ -8.526090527397994, 40.674830962072377 ], [ -8.526080979078833, 40.674876110185352 ], [ -8.526029091900863, 40.674982819956369 ], [ -8.525985726899513, 40.675049515303677 ], [ -8.525924813829031, 40.675109693903366 ], [ -8.525855026954336, 40.675149825757849 ], [ -8.52575027736008, 40.675196829405309 ], [ -8.525619506111241, 40.675263914571872 ], [ -8.525584569601996, 40.675277268147639 ], [ -8.525549718886637, 40.675304045341832 ], [ -8.525523781486475, 40.675357442861113 ], [ -8.525515455992251, 40.675430680915937 ], [ -8.525506901324121, 40.675464027102727 ], [ -8.525437277169514, 40.67553081238033 ], [ -8.52537632533233, 40.675584333339437 ], [ -8.525280402300796, 40.675644541382887 ], [ -8.525193233211024, 40.675684821925017 ], [ -8.525132083501195, 40.675705022712499 ], [ -8.525071012973461, 40.675738548062263 ], [ -8.525071131234744, 40.675758539008271 ], [ -8.52514142204312, 40.675804854989394 ], [ -8.52517658785202, 40.675831388910666 ], [ -8.525272990921716, 40.675873026233205 ], [ -8.525374059299299, 40.675942560767957 ], [ -8.525461813281664, 40.675982238987409 ], [ -8.525505774394206, 40.676015410303179 ], [ -8.525615390954512, 40.676071586207435 ], [ -8.525703209812372, 40.676121262396137 ], [ -8.525782258628743, 40.676167547302732 ], [ -8.525883340996566, 40.676240508684437 ], [ -8.525940390348838, 40.676266876072056 ], [ -8.525953730632544, 40.676303478781499 ], [ -8.525997772782608, 40.676349973593169 ], [ -8.526028700585323, 40.67639976026048 ], [ -8.526073563983593, 40.676485783780805 ], [ -8.526125482791837, 40.676505326454425 ], [ -8.526147580464441, 40.676541898429342 ], [ -8.526174226476343, 40.676608354582342 ], [ -8.526174442924475, 40.676645006443962 ], [ -8.526196717468189, 40.676711477472473 ], [ -8.526209968425354, 40.676731423701824 ], [ -8.526271314465154, 40.676744538782827 ], [ -8.526306362576239, 40.676751080511266 ], [ -8.526341724601741, 40.676810844960073 ], [ -8.526385957257343, 40.676890661477238 ], [ -8.52645640800511, 40.676963630324636 ], [ -8.52644808926015, 40.677036868402347 ], [ -8.526448600772554, 40.677123495810086 ], [ -8.526444637540008, 40.67719338805756 ], [ -8.52645813849087, 40.677256643476319 ], [ -8.526550373327673, 40.677312882195203 ], [ -8.526616277765827, 40.677375958109906 ], [ -8.526690271427231, 40.677447656718826 ], [ -8.526697458206847, 40.677463748662781 ], [ -8.52674165792329, 40.677536813115637 ], [ -8.526768310157136, 40.677603353745695 ], [ -8.526839037725194, 40.677722973268644 ], [ -8.526892105674245, 40.677815992454128 ], [ -8.526910394715475, 40.67794911021825 ], [ -8.526981004055166, 40.678048736909744 ], [ -8.527034152085051, 40.678155081508905 ], [ -8.527043061733163, 40.678181709830234 ], [ -8.527043218631489, 40.678208363512162 ], [ -8.527069595155893, 40.678228173901338 ], [ -8.527166227770522, 40.678307804986147 ], [ -8.527262827292489, 40.678360691834307 ], [ -8.527359501292167, 40.678426997756979 ], [ -8.527456252320679, 40.6785065435432 ], [ -8.527561794411456, 40.678592715788227 ], [ -8.527667147464697, 40.678645575990608 ], [ -8.527763702020684, 40.678691891542989 ], [ -8.527842709413664, 40.678731598725207 ], [ -8.527903978113896, 40.678751288724634 ], [ -8.528061644129902, 40.678770739032089 ], [ -8.528201889234156, 40.678803578097273 ], [ -8.528359555222602, 40.678843014830612 ], [ -8.528491003181996, 40.678869131630485 ], [ -8.52864011728434, 40.678921926623019 ], [ -8.528710375003639, 40.678961663182889 ], [ -8.528815846577467, 40.679034515061595 ], [ -8.528868517623671, 40.679080980078083 ], [ -8.528965119595231, 40.679133864582923 ], [ -8.529070664640443, 40.67922003992809 ], [ -8.529167419351952, 40.679299669801381 ], [ -8.52925534436015, 40.679365914082432 ], [ -8.529307862896854, 40.67938572520783 ], [ -8.529360572727999, 40.679418859606166 ], [ -8.529492267284121, 40.679484952578733 ], [ -8.52961503761118, 40.679524512789826 ], [ -8.529825225401112, 40.679563680681568 ], [ -8.529921624702785, 40.679583338941512 ], [ -8.529965432300854, 40.679589851249183 ], [ -8.530027728904994, 40.679603322161 ], [ -8.530108890641159, 40.67962573687975 ], [ -8.5302048904916, 40.679658182624209 ], [ -8.530292703198562, 40.679685524444281 ], [ -8.530368766732389, 40.679706693101771 ], [ -8.530431698554567, 40.679727905999286 ], [ -8.530492489722484, 40.679745977145124 ], [ -8.53051227566012, 40.679752213517403 ], [ -8.530586815042106, 40.679774644389489 ], [ -8.530648085933594, 40.679794605774056 ], [ -8.530765605770801, 40.679825628887727 ], [ -8.530803683011746, 40.679843143238053 ], [ -8.530838419981803, 40.67985689144124 ], [ -8.530863317786093, 40.67986563157276 ], [ -8.530886460135767, 40.679879328753103 ], [ -8.53091635974565, 40.679894351611466 ], [ -8.530946147408818, 40.679910637363342 ], [ -8.530966097864983, 40.679924435577028 ], [ -8.530981097070473, 40.679940053671416 ], [ -8.531015936953871, 40.679970099803825 ], [ -8.531057431665944, 40.68000651841318 ], [ -8.531102318694261, 40.680055438805944 ], [ -8.531137377237519, 40.680103135951512 ], [ -8.531170665099921, 40.680150834688206 ], [ -8.531212272086787, 40.680204899254356 ], [ -8.531258917999342, 40.680271466223758 ], [ -8.531297333715182, 40.68032671422732 ], [ -8.53132394540995, 40.680365614543128 ], [ -8.531348927570043, 40.680389480149799 ], [ -8.531421794664984, 40.68042947799939 ], [ -8.53149143872842, 40.680464540420566 ], [ -8.531537798663987, 40.680483199311489 ], [ -8.531584151643523, 40.680500685743311 ], [ -8.53161738499527, 40.680519480856489 ], [ -8.531670352744708, 40.680535599960116 ], [ -8.531690138601595, 40.680540573614124 ], [ -8.531738127490714, 40.680554274894654 ], [ -8.531801007960617, 40.680566662217636 ], [ -8.53188091700129, 40.68057746072634 ], [ -8.531960330803702, 40.680584747099395 ], [ -8.532084297912593, 40.680605028718176 ], [ -8.532153823386858, 40.680619917916751 ], [ -8.532258317935938, 40.680687541636111 ], [ -8.532318059120168, 40.680728847710007 ], [ -8.532395278394516, 40.68078342266179 ], [ -8.532440069527444, 40.680817211584177 ], [ -8.532504769977551, 40.680856609336004 ], [ -8.532551987497682, 40.680879138846116 ], [ -8.532584235257842, 40.680892265675624 ], [ -8.532686105787388, 40.680935312352695 ], [ -8.532797902947829, 40.680978329078251 ], [ -8.532865055583313, 40.68101213587488 ], [ -8.532967063270782, 40.681077876485602 ], [ -8.533031832089076, 40.681128619230556 ], [ -8.533127952565676, 40.681199244645477 ], [ -8.533175219969948, 40.681231229082634 ], [ -8.533274775872005, 40.681302652928743 ], [ -8.533319591615554, 40.681340226264702 ], [ -8.533362008521697, 40.681391048099542 ], [ -8.533492042935562, 40.681573756490934 ], [ -8.533529103129846, 40.681599919259362 ], [ -8.533555523996379, 40.681626396274602 ], [ -8.533596705341695, 40.681668752107754 ], [ -8.533667546215854, 40.681705339020887 ], [ -8.533712287941535, 40.681730664620503 ], [ -8.533638485248479, 40.681830065930974 ], [ -8.533605346857218, 40.681886826571258 ], [ -8.533590902394453, 40.681943516055959 ], [ -8.533591225343212, 40.681997276285543 ], [ -8.533573084383601, 40.682068209348856 ], [ -8.533573373349977, 40.682116293780595 ], [ -8.533468590633477, 40.682533498746047 ], [ -8.533513867485519, 40.682548738652287 ], [ -8.533551363986369, 40.682567069961387 ], [ -8.533585628911853, 40.682581266519726 ], [ -8.533651856885957, 40.682617960387496 ], [ -8.533707158314167, 40.6826471233435 ], [ -8.533745835525087, 40.682666255548142 ], [ -8.533804309162726, 40.682692977873721 ], [ -8.533891577211255, 40.682727615657512 ], [ -8.533996511024091, 40.682768401052741 ], [ -8.534164333767034, 40.682842469583143 ], [ -8.534299039899528, 40.682896565274113 ], [ -8.53441501266129, 40.682943978402562 ], [ -8.534506683830079, 40.682983099361685 ], [ -8.534601573636708, 40.68302554364297 ], [ -8.534651747571802, 40.683048147550657 ], [ -8.534713666860808, 40.683077287905441 ], [ -8.534807524968173, 40.683124777559698 ], [ -8.534900440085698, 40.683173983188482 ], [ -8.534995375812297, 40.683223985863684 ], [ -8.535105982204149, 40.683283120899588 ], [ -8.535175525792095, 40.6833215124106 ], [ -8.53522311594223, 40.683346556442586 ], [ -8.535263459615752, 40.6833676697565 ], [ -8.535345640038816, 40.68342113850715 ], [ -8.535397840535724, 40.683446442860863 ], [ -8.535453777420184, 40.683483075190168 ], [ -8.535498528140433, 40.683508405459129 ], [ -8.535570923858177, 40.683548312253031 ], [ -8.535660327730225, 40.683603562019712 ], [ -8.535790420904915, 40.683677125755551 ], [ -8.53592855211533, 40.68376912354956 ], [ -8.536083089367331, 40.683855568104562 ], [ -8.536319451724458, 40.683995488045454 ], [ -8.536561303529639, 40.684122601078215 ], [ -8.536859506754569, 40.684296428599524 ], [ -8.536938337355299, 40.684343069449305 ], [ -8.53696649939633, 40.684364225670961 ], [ -8.536921999550128, 40.684419848210872 ], [ -8.536843770096972, 40.684471273445652 ], [ -8.536648095874167, 40.684565790635027 ], [ -8.536564197807797, 40.684600216761972 ], [ -8.536463527763562, 40.684638928416007 ], [ -8.536340386357539, 40.684677814821377 ], [ -8.536318179837382, 40.684703465047527 ], [ -8.536290508083939, 40.684763266368599 ], [ -8.5362685245761, 40.684844387194367 ], [ -8.536235288272527, 40.684904207931822 ], [ -8.536224515165713, 40.684980967158289 ], [ -8.536202299227112, 40.685023730676789 ], [ -8.536180228206026, 40.685070721576956 ], [ -8.536135659963461, 40.685134813339062 ], [ -8.536107808349605, 40.685164811077357 ], [ -8.536102506329161, 40.685207420081298 ], [ -8.536074938399784, 40.685284328862735 ], [ -8.536047055143404, 40.685309283843104 ], [ -8.536047406744004, 40.685367270923493 ], [ -8.53601427301043, 40.685444199113185 ], [ -8.536014788947474, 40.685529479159641 ], [ -8.536037607181369, 40.685606121130405 ], [ -8.536054720466277, 40.685657295888433 ], [ -8.536072176702726, 40.685746747399989 ], [ -8.53608391532328, 40.68584909164592 ], [ -8.536095385461193, 40.685887414210981 ], [ -8.536112826545022, 40.68599396914005 ], [ -8.536102147126313, 40.686066497421045 ], [ -8.536113910186128, 40.686173077568775 ], [ -8.53613141814875, 40.686271079218635 ], [ -8.536143053246626, 40.686356404184451 ], [ -8.53613214154845, 40.686390574279734 ], [ -8.536143647569066, 40.686454469374048 ], [ -8.536155252329506, 40.686514132628652 ], [ -8.536189635347929, 40.686624860782494 ], [ -8.536206897213518, 40.686701613054737 ], [ -8.536230052689145, 40.686833725162948 ], [ -8.536258454348193, 40.686893328852577 ], [ -8.53627578428916, 40.686961526035532 ], [ -8.536298397655539, 40.687004042052813 ], [ -8.536360538556201, 40.687067845826682 ], [ -8.536399845051092, 40.687093284793384 ], [ -8.536473119258911, 40.687140030891904 ], [ -8.536574515539598, 40.687220725121392 ], [ -8.536625086996546, 40.687250350732604 ], [ -8.536698241538407, 40.687297011556417 ], [ -8.536720949205662, 40.687335290262773 ], [ -8.536715750663909, 40.687395013093131 ], [ -8.536755453227123, 40.687484472249018 ], [ -8.536795449332425, 40.687603739015906 ], [ -8.536807048966555, 40.687663402210063 ], [ -8.536829885636818, 40.687723026108735 ], [ -8.536846966897929, 40.687769878397553 ], [ -8.536869691253253, 40.687829501779412 ], [ -8.536875628325562, 40.687872167847459 ], [ -8.536887098057138, 40.687910484917793 ], [ -8.536921028102096, 40.687965838505683 ], [ -8.536955016383935, 40.68802965396273 ], [ -8.537002415077039, 40.688141060323275 ], [ -8.537000733329791, 40.688155835455042 ], [ -8.537001069386411, 40.688211301132064 ], [ -8.536995520601565, 40.688232575257608 ], [ -8.536934143953161, 40.688275472280765 ], [ -8.536833418749497, 40.688305725951309 ], [ -8.536771723078965, 40.688314406462602 ], [ -8.536732598922118, 40.688340115002035 ], [ -8.536682415837104, 40.688374423325087 ], [ -8.536665877362058, 40.688417162559965 ], [ -8.536705573411247, 40.688506627142367 ], [ -8.536728461345609, 40.688574713856127 ], [ -8.536739957201901, 40.688617354188523 ], [ -8.536734511526737, 40.688655736709137 ], [ -8.536734718612122, 40.688689862572531 ], [ -8.536712621269812, 40.688732625748322 ], [ -8.536685026547184, 40.688805212280329 ], [ -8.536679710754028, 40.688864935503936 ], [ -8.536668799447778, 40.688899191182237 ], [ -8.536663586287721, 40.688975930962016 ], [ -8.536641558838204, 40.689031480203674 ], [ -8.5366194712041, 40.689095493533955 ], [ -8.536591719600263, 40.689142503434333 ], [ -8.536558378848603, 40.689185306771165 ], [ -8.53651382985235, 40.689232380752976 ], [ -8.536446825815871, 40.689283761056636 ], [ -8.536424505464701, 40.689309416184877 ], [ -8.536413449597964, 40.689339349899242 ], [ -8.536413836236251, 40.68940328377564 ], [ -8.536403312010334, 40.689501388651877 ], [ -8.536386653590009, 40.689544126456994 ], [ -8.536392745859803, 40.689612363743791 ], [ -8.536404318256062, 40.689667704610656 ], [ -8.536404551239409, 40.689706152820591 ], [ -8.536421581176038, 40.68974445590495 ], [ -8.536455383074747, 40.689778464399183 ], [ -8.536466800178838, 40.68980823405316 ], [ -8.536511821073921, 40.689837970041864 ], [ -8.536539985856924, 40.689859217286525 ], [ -8.536557066924535, 40.689905978649797 ], [ -8.536579703596836, 40.689931566744008 ], [ -8.536602230599341, 40.689939950997314 ], [ -8.536630396609917, 40.689961193712627 ], [ -8.536708855546975, 40.689965149148598 ], [ -8.536759444131816, 40.689977848662139 ], [ -8.536804334759873, 40.689986154684163 ], [ -8.536860379067145, 40.689981725410419 ], [ -8.536910673121618, 40.689964440747737 ], [ -8.537028345095143, 40.689938454670951 ], [ -8.537112326180363, 40.689916905214915 ], [ -8.537196034824809, 40.689889236793881 ], [ -8.531565895233646, 40.697533233041817 ], [ -8.530860199782095, 40.698097139346856 ], [ -8.529880925596096, 40.698836951377771 ], [ -8.528764808933296, 40.699886724876798 ], [ -8.527933027184584, 40.700724709322486 ], [ -8.526977477277663, 40.701506919269598 ], [ -8.526666590595358, 40.70193823819961 ], [ -8.526292937077045, 40.702520342025515 ], [ -8.525581168419086, 40.703335470586808 ], [ -8.525006430769555, 40.704213438788443 ], [ -8.524355769586622, 40.705244109010636 ], [ -8.523927824255066, 40.705937600532721 ], [ -8.523402334625978, 40.707069775898162 ], [ -8.523078137395521, 40.7074791601584 ], [ -8.521994929123625, 40.708027632208285 ], [ -8.520247118178927, 40.709040924649692 ], [ -8.519566137802036, 40.709435741443656 ], [ -8.517786056734984, 40.710448017579097 ], [ -8.516661830229765, 40.711102925823546 ], [ -8.515161334723782, 40.711976634749114 ], [ -8.512894556014762, 40.713207383899523 ], [ -8.512223095926725, 40.713501633962423 ], [ -8.511475022538905, 40.713996578354667 ], [ -8.511404996925934, 40.714980064224463 ], [ -8.511389539572528, 40.715799294546464 ], [ -8.511478654987634, 40.716985131506441 ], [ -8.511140636088966, 40.717045857786623 ], [ -8.510771178228774, 40.717113795424531 ], [ -8.510211619612001, 40.717238735469692 ], [ -8.510180866879692, 40.717242256946449 ], [ -8.509860856509389, 40.717285812860069 ], [ -8.509551453354785, 40.717300332535324 ], [ -8.509218944210895, 40.717310428645256 ], [ -8.508917494850751, 40.717328881126896 ], [ -8.508600327886096, 40.717331900667411 ], [ -8.508451729015336, 40.71731969132167 ], [ -8.508129354548133, 40.717279678761962 ], [ -8.507788943694123, 40.71725233451658 ], [ -8.507473993674866, 40.717207168551518 ], [ -8.507153663578492, 40.717152020852616 ], [ -8.506935339123903, 40.71709356670484 ], [ -8.506669802170251, 40.716953773735789 ], [ -8.506451628626076, 40.716901803618811 ], [ -8.50637658136211, 40.716899526699848 ], [ -8.506051805109006, 40.716895539901415 ], [ -8.505887939343793, 40.716882294168002 ], [ -8.505574030592351, 40.716811276955788 ], [ -8.505536729824563, 40.716807431480319 ], [ -8.505489738175326, 40.71680650247297 ], [ -8.505187963031814, 40.716809372931429 ], [ -8.504856762092185, 40.71682008081045 ], [ -8.504539571348706, 40.716817146834657 ], [ -8.504285533151966, 40.716827513815801 ], [ -8.504240500047768, 40.716838915822379 ], [ -8.503913820819173, 40.71691678233617 ], [ -8.503623293701136, 40.716920599526524 ], [ -8.503483921577246, 40.716908081314003 ], [ -8.503125949924456, 40.716935441212819 ], [ -8.502828520854356, 40.716997093653866 ], [ -8.50266239165998, 40.717045531586194 ], [ -8.502632627077412, 40.717035181911918 ], [ -8.502449861637094, 40.716943469554288 ], [ -8.502412894381649, 40.716936563886954 ], [ -8.502375126882894, 40.716933263688546 ], [ -8.502052374040822, 40.716888464482572 ], [ -8.501754224472558, 40.716798833402194 ], [ -8.501448694019452, 40.716743531645307 ], [ -8.501143994329874, 40.716730464623801 ], [ -8.500527550471324, 40.716738018676033 ], [ -8.500340834851896, 40.71674455795452 ], [ -8.500310226781764, 40.716752491518776 ], [ -8.499998166787433, 40.716801034935365 ], [ -8.499681967971782, 40.716806276353957 ], [ -8.499373895505299, 40.716826712361303 ], [ -8.499065920773875, 40.716842553759953 ], [ -8.498756500068898, 40.716853713588904 ], [ -8.498445966935442, 40.716857761217923 ], [ -8.498383707439437, 40.716856067182533 ], [ -8.498072526267755, 40.716805821699182 ], [ -8.497763893100956, 40.716810133438706 ], [ -8.497452209373378, 40.716862090705497 ], [ -8.497200593072028, 40.71690449243593 ], [ -8.49688581287708, 40.716930881792017 ], [ -8.496573181033979, 40.717005895307331 ], [ -8.496292558038412, 40.717089446720337 ], [ -8.496013033990844, 40.717179566782939 ], [ -8.495711426104783, 40.717257064720393 ], [ -8.495505435204304, 40.71728896271987 ], [ -8.495238489888001, 40.717364635134579 ], [ -8.494949428037867, 40.717441275864275 ], [ -8.494634483315684, 40.717525833129429 ], [ -8.494313617515555, 40.717588438439364 ], [ -8.494028658701412, 40.71765993204523 ], [ -8.493753294593274, 40.717754541554868 ], [ -8.493478109910756, 40.717860401657809 ], [ -8.493202991056908, 40.717956895645671 ], [ -8.492907979259803, 40.718072632641331 ], [ -8.492651018168807, 40.718200679143116 ], [ -8.492398582930551, 40.718333753812722 ], [ -8.492124939267068, 40.718440687394242 ], [ -8.491849750407239, 40.718546996575647 ], [ -8.491581033790167, 40.718668590884427 ], [ -8.491305810023194, 40.718768503488953 ], [ -8.491093500060346, 40.718837876030065 ], [ -8.491030410695735, 40.718858331225711 ], [ -8.490714931740802, 40.718934142746235 ], [ -8.490400011549367, 40.71900347164123 ], [ -8.490083245169222, 40.719014902918076 ], [ -8.489846330631368, 40.719043466325608 ], [ -8.489536367297328, 40.719109983279061 ], [ -8.489220520813349, 40.719161122517136 ], [ -8.488890354820652, 40.719213294681161 ], [ -8.488574633180139, 40.719266951380128 ], [ -8.488258886067459, 40.71931457481142 ], [ -8.48794346657721, 40.719380295620567 ], [ -8.487906835568179, 40.719391664526803 ], [ -8.487783785657175, 40.719465163666293 ], [ -8.487569476239583, 40.719560107505004 ], [ -8.487296089097402, 40.71962785597929 ], [ -8.486987552123919, 40.719719758650378 ], [ -8.486670774199592, 40.719775843842399 ], [ -8.486281764316345, 40.719823235085194 ], [ -8.48513164707375, 40.719857385142504 ], [ -8.485016284879251, 40.719506276120988 ], [ -8.484714204886533, 40.71840256691118 ], [ -8.484598378235541, 40.718410483894857 ], [ -8.484275923438366, 40.718419934543263 ], [ -8.483947034271637, 40.718422288955914 ], [ -8.483911772992311, 40.718423839628954 ], [ -8.483851763438503, 40.718445363952192 ], [ -8.483341687393304, 40.71842783006101 ], [ -8.482895114922464, 40.718400464300771 ], [ -8.482810228641325, 40.718395142859237 ], [ -8.482165991586909, 40.718431410080932 ], [ -8.481103683923264, 40.718503521400606 ], [ -8.479883583551665, 40.718661919718961 ], [ -8.478494251360774, 40.718915725758258 ], [ -8.477839150483035, 40.719072491628417 ], [ -8.47710579057552, 40.719315573506343 ], [ -8.476023204007143, 40.71984334776824 ], [ -8.475268359320456, 40.720353208651062 ], [ -8.475073793719506, 40.720470583396541 ], [ -8.47495285387645, 40.720543252156247 ], [ -8.474659390930229, 40.720647415960585 ], [ -8.474303483666604, 40.720691517125388 ], [ -8.473568849055763, 40.72076267567877 ], [ -8.472766620119877, 40.720807823777271 ], [ -8.472427415909143, 40.720808826774494 ], [ -8.472122091478916, 40.720792529635219 ], [ -8.471839151940403, 40.720733213718852 ], [ -8.471623817274724, 40.720630830334123 ], [ -8.471453642481872, 40.720519311838743 ], [ -8.470886649704459, 40.7202027491794 ], [ -8.470756878208537, 40.720100111960782 ], [ -8.468866207799467, 40.719900254853414 ], [ -8.468647244147958, 40.719875590942394 ], [ -8.468328959926186, 40.719870576845743 ], [ -8.468031755335891, 40.719867751975315 ], [ -8.46798784932477, 40.719867880257269 ], [ -8.467947726101881, 40.719868268601928 ], [ -8.467780468465568, 40.719864252018539 ], [ -8.462040159328842, 40.719607638510105 ], [ -8.461949368417503, 40.719269941152334 ], [ -8.461948106823311, 40.719015012587271 ], [ -8.462035906865749, 40.718533807012143 ], [ -8.454099764510396, 40.717898107958078 ], [ -8.45408187502631, 40.717918960282525 ], [ -8.45406243354754, 40.717937023550796 ], [ -8.454018665389464, 40.717965602112635 ], [ -8.453911771341101, 40.717986068753113 ], [ -8.45386112351351, 40.717986844352346 ], [ -8.453643873128208, 40.717897939347992 ], [ -8.453615398849767, 40.717883430219025 ], [ -8.4535630052365, 40.717866649774024 ], [ -8.453517318067515, 40.717864794581793 ], [ -8.453478399612262, 40.717869134975842 ], [ -8.453441322128349, 40.717886437529359 ], [ -8.45337216918487, 40.717953002076186 ], [ -8.453335877466506, 40.717986600666997 ], [ -8.453293267886245, 40.718010042857841 ], [ -8.453136524893972, 40.718025424103814 ], [ -8.453096999267682, 40.718026077581506 ], [ -8.452763710683271, 40.718025024370661 ], [ -8.452435975921963, 40.718020894916016 ], [ -8.452293450678713, 40.718014266950668 ], [ -8.450562462978105, 40.717748110500651 ], [ -8.449091106985048, 40.717521644074381 ], [ -8.447169225026038, 40.717226153227507 ], [ -8.446260233557835, 40.717087350436948 ], [ -8.446127330430247, 40.716912925407215 ], [ -8.44584224636964, 40.716740987364958 ], [ -8.445481450170414, 40.716525491627429 ], [ -8.445063900392134, 40.716397227966524 ], [ -8.444779768814765, 40.716325691125981 ], [ -8.444248238554515, 40.71606797017197 ], [ -8.443089920247306, 40.715451113166644 ], [ -8.442862231987375, 40.715351054964493 ], [ -8.441915694570701, 40.715454279236269 ], [ -8.441045420699325, 40.715644102028378 ], [ -8.43974060039999, 40.716123147959649 ], [ -8.439446243351965, 40.716375172476312 ], [ -8.439411849145632, 40.716409934127952 ], [ -8.439355970356187, 40.716406123760621 ], [ -8.437456978680284, 40.716259530564848 ], [ -8.43306780720688, 40.716108640794261 ], [ -8.433028791926059, 40.716118111934669 ], [ -8.432835575467756, 40.716128973198735 ], [ -8.432658699917329, 40.716114842312727 ], [ -8.432619147327825, 40.716109274454688 ], [ -8.432331440699132, 40.716108314116845 ], [ -8.432142678988056, 40.716083500827686 ], [ -8.432109402995293, 40.716079356444865 ], [ -8.431814480590219, 40.716000253171451 ], [ -8.431785918456102, 40.715991592165437 ], [ -8.431725189849837, 40.7159622126727 ], [ -8.431689366574972, 40.715943124553704 ], [ -8.431488980299275, 40.715886014788644 ], [ -8.431291248785241, 40.715866537177469 ], [ -8.431257738587597, 40.715861854651074 ], [ -8.431182361291869, 40.715838365095422 ], [ -8.430919773269414, 40.715738640889683 ], [ -8.430833366604107, 40.715682587535561 ], [ -8.424831163787694, 40.715153748435725 ], [ -8.424820561325401, 40.715163859099818 ], [ -8.424798030954058, 40.715181925260332 ], [ -8.424762742352653, 40.715202908873543 ], [ -8.424728109542116, 40.71521362324502 ], [ -8.424692730108813, 40.715215152525481 ], [ -8.424652843319965, 40.715213004704466 ], [ -8.424616337089656, 40.715200668107812 ], [ -8.424437120515254, 40.715057406911114 ], [ -8.424204336887023, 40.714895911091368 ], [ -8.423919268078965, 40.714768309215955 ], [ -8.423635092524899, 40.714680961528764 ], [ -8.423509924403545, 40.714635352444837 ], [ -8.419919528337951, 40.714549565801022 ], [ -8.415240083505889, 40.714509667542991 ], [ -8.415324711131511, 40.713232463771753 ], [ -8.415501471469053, 40.710605729714224 ], [ -8.415752980181347, 40.706640218128321 ], [ -8.415948874688025, 40.703569038116463 ], [ -8.415967492887876, 40.703274081412189 ], [ -8.416070797291228, 40.700941085107097 ], [ -8.416173540648273, 40.698813402521722 ], [ -8.416311256041014, 40.696037091766975 ], [ -8.416372585217937, 40.694603437137516 ], [ -8.416425454383008, 40.692492264548903 ], [ -8.416446007534793, 40.69140206462064 ], [ -8.416454526704161, 40.691291733908926 ], [ -8.421726887504434, 40.690555034645755 ], [ -8.424405407089925, 40.689882795292057 ], [ -8.425297844175924, 40.68917624643602 ], [ -8.425311558397581, 40.68917395594832 ], [ -8.428619944038402, 40.687707216039051 ], [ -8.429514437333955, 40.687583070457052 ], [ -8.432172137411488, 40.686929523966498 ], [ -8.434224376669158, 40.686281648309453 ], [ -8.440229981774531, 40.683815104628977 ], [ -8.442503683402482, 40.682879774027818 ], [ -8.444478326003555, 40.682077307776915 ], [ -8.445713509930565, 40.681678540218144 ], [ -8.44953512715397, 40.678939279894436 ], [ -8.453527584341723, 40.678902445152254 ], [ -8.455410908440363, 40.678980743694659 ], [ -8.458507695889763, 40.679010546264905 ], [ -8.463522089089743, 40.679064301049721 ], [ -8.467237547056099, 40.679101995741597 ], [ -8.467892239836109, 40.679312245345969 ], [ -8.47113232856525, 40.679396225761046 ], [ -8.471174152279792, 40.679269675107165 ], [ -8.471685426888854, 40.677676258050987 ], [ -8.471943306113744, 40.676868468345951 ], [ -8.472345597480459, 40.675621255077012 ], [ -8.472606364166042, 40.674848573307273 ], [ -8.47291151928817, 40.6738540577172 ], [ -8.473494963451811, 40.672095541291306 ], [ -8.473524052037616, 40.672001980533771 ], [ -8.474126865280837, 40.672000192697894 ], [ -8.474635576334478, 40.671683056759029 ], [ -8.476256092527537, 40.67046398553547 ], [ -8.476219540322896, 40.669589708845841 ], [ -8.476308069485308, 40.668180698561045 ], [ -8.476998058749464, 40.665944668583279 ], [ -8.477658828498395, 40.664193997796637 ], [ -8.47901382663699, 40.661032668279972 ], [ -8.480403605199939, 40.657716691058475 ], [ -8.48057304373522, 40.657716178623922 ], [ -8.480879173241139, 40.657714622181295 ], [ -8.481177449425367, 40.65770362959406 ], [ -8.481189862302495, 40.657703053669096 ], [ -8.48149997364535, 40.657693649100239 ], [ -8.481805863542263, 40.657669035948111 ], [ -8.482133943970695, 40.657660204872556 ], [ -8.482454148713908, 40.657659232069975 ], [ -8.482629136371317, 40.657634475086034 ], [ -8.482913922737954, 40.657553374158439 ], [ -8.482975928721229, 40.657540036087475 ], [ -8.483269429164711, 40.65747547734901 ], [ -8.483573167316537, 40.6574467245741 ], [ -8.483880939508683, 40.657398509430706 ], [ -8.484175052338028, 40.657360152406973 ], [ -8.484205874076125, 40.657353572288862 ], [ -8.484463030853494, 40.657349183542031 ], [ -8.484495077306084, 40.657349086027217 ], [ -8.484538454627208, 40.657345264610782 ], [ -8.484580858317232, 40.657337299271646 ], [ -8.484876444925783, 40.657220136440834 ], [ -8.484945400796928, 40.657201644107147 ], [ -8.485240062498759, 40.657133473862075 ], [ -8.485561259167847, 40.65707566784581 ], [ -8.485851621288258, 40.657021830048343 ], [ -8.485890006713037, 40.657013877403855 ], [ -8.486207109987919, 40.656964184027501 ], [ -8.48649131990574, 40.656932961850011 ], [ -8.486809766700222, 40.656913700103502 ], [ -8.487112227449954, 40.656911601670679 ], [ -8.487431541919378, 40.656900170027235 ], [ -8.487760885237055, 40.65688483358575 ], [ -8.488058280343877, 40.656864465984334 ], [ -8.488357952241703, 40.656850929120935 ], [ -8.488686025936955, 40.656840640431284 ], [ -8.489006330956434, 40.656837938176459 ], [ -8.489143738300868, 40.656816981953973 ], [ -8.489461071642408, 40.656788713884609 ], [ -8.489785177344423, 40.656788784833246 ], [ -8.490419317843285, 40.656788525389921 ], [ -8.490731095053061, 40.656782784789989 ], [ -8.4910334696552, 40.656765810657625 ], [ -8.491347426829348, 40.656747633633977 ], [ -8.491657962512427, 40.656730909005304 ], [ -8.491964284165963, 40.656721755557641 ], [ -8.492271312273489, 40.656690448241157 ], [ -8.492587924342072, 40.656661002253884 ], [ -8.49291494926074, 40.656609644049468 ], [ -8.493188305129415, 40.656518735091034 ], [ -8.493478960868798, 40.656434257902951 ], [ -8.493767444620474, 40.656363559237981 ], [ -8.493804304764776, 40.65635696220059 ], [ -8.494032840444005, 40.656352284040068 ], [ -8.494344244400342, 40.656364811698523 ], [ -8.494380809966135, 40.656370910854278 ], [ -8.494448108539439, 40.656373759328744 ], [ -8.494514193392416, 40.656371029272364 ], [ -8.494583426129397, 40.656360455747127 ], [ -8.494645089975194, 40.656350087782378 ], [ -8.494925564327559, 40.656241682438711 ], [ -8.495012324046884, 40.656213586453418 ], [ -8.495097177829505, 40.656183781797822 ], [ -8.495137534772779, 40.656168976888303 ], [ -8.495242501063265, 40.65616333201136 ], [ -8.495274308057837, 40.656163231356025 ], [ -8.495307555110927, 40.656166820086099 ], [ -8.495511272867335, 40.656250825684914 ], [ -8.495759442701095, 40.656378090727273 ], [ -8.495955286184763, 40.656448705301742 ], [ -8.496234292674325, 40.656527429232668 ], [ -8.496527327264028, 40.656597457094939 ], [ -8.496829044285407, 40.656698893827304 ], [ -8.497083929980031, 40.656819653850995 ], [ -8.4971911079436, 40.656893333760351 ], [ -8.497219460318769, 40.656910443288652 ], [ -8.497240222272392, 40.656922714868124 ], [ -8.497620925972313, 40.656915293864202 ], [ -8.498265703015274, 40.656871103594533 ], [ -8.498982551061493, 40.656817043182443 ], [ -8.499370980638609, 40.656794375035268 ], [ -8.499897896336263, 40.656777205564936 ], [ -8.500276886819782, 40.656781666237542 ], [ -8.50069571383745, 40.656804193754489 ], [ -8.501121438098611, 40.656855509730924 ], [ -8.501334996940161, 40.656858157213939 ], [ -8.501691150802761, 40.656815682812052 ], [ -8.502101542973955, 40.656788431000919 ], [ -8.502371476451311, 40.656742265023354 ], [ -8.50262833308228, 40.656684347125051 ], [ -8.503035582308049, 40.656560121145461 ], [ -8.504000536307094, 40.656363671804506 ], [ -8.505057835999921, 40.656147553215952 ], [ -8.505630000185578, 40.656039349018343 ], [ -8.506071685305567, 40.655964167522704 ], [ -8.506369678272719, 40.655925736943168 ], [ -8.506661142908923, 40.655946492319899 ], [ -8.506979190263346, 40.655942937054668 ], [ -8.507254494407876, 40.655907099091543 ], [ -8.507599158019543, 40.655820427535524 ], [ -8.507984249594411, 40.655733623709899 ], [ -8.508524393976257, 40.655672517778697 ], [ -8.510184465694691, 40.655499315857327 ], [ -8.510563676892184, 40.655458721730511 ], [ -8.510567912896969, 40.655476445318719 ] ] ] } },
{ "type": "Feature", "properties": { "dtmnfr": "010210", "freguesia": "São João de Loure e Frossos", "municipio": "Albergaria-a-Velha", "distrito_i": "Aveiro", "nuts3_cod": "191", "nuts3": "Região de Aveiro", "nuts2": "Centro", "nuts1": "Continente", "area_ha": 1818.42, "perimetro_": 20, "designacao": "São João de Loure e Frossos" }, "geometry": { "type": "Polygon", "coordinates": [ [ [ -8.51848521988817, 40.666209923382254 ], [ -8.517919807961745, 40.666453780479273 ], [ -8.512244202440515, 40.662830927929505 ], [ -8.511664184752151, 40.660502874582676 ], [ -8.511560163954005, 40.660404973110538 ], [ -8.511562703470567, 40.660165519074958 ], [ -8.511575424692991, 40.659927386030823 ], [ -8.511613562472835, 40.659688629355685 ], [ -8.511655170275644, 40.659540809584151 ], [ -8.51165537194607, 40.659513520650549 ], [ -8.511648923912512, 40.659377567791537 ], [ -8.511639206407446, 40.659352294306018 ], [ -8.511626532935466, 40.659328112026664 ], [ -8.511594099018199, 40.659280944062871 ], [ -8.511552229113345, 40.659236957013327 ], [ -8.511522173769478, 40.659213103643538 ], [ -8.5114991491008, 40.659198591671291 ], [ -8.511204382105676, 40.658139756677244 ], [ -8.510567912896969, 40.655476445318719 ], [ -8.510698981253331, 40.655403076026843 ], [ -8.51121882185163, 40.655120589153682 ], [ -8.511874267371113, 40.654773629520051 ], [ -8.512627382087834, 40.654344842308404 ], [ -8.513347980960148, 40.653939214019047 ], [ -8.513657241369003, 40.653805366622215 ], [ -8.513875211916478, 40.653691541628277 ], [ -8.514103220565309, 40.65338965831468 ], [ -8.51475146228662, 40.652451340618839 ], [ -8.514905511527388, 40.652201479689936 ], [ -8.514908633554837, 40.652168599670013 ], [ -8.51512071069464, 40.651955646885874 ], [ -8.515684304371135, 40.651496226637271 ], [ -8.515869202245252, 40.651348737197601 ], [ -8.515576505215144, 40.646699863899357 ], [ -8.51567881181853, 40.640052435664579 ], [ -8.515568005236219, 40.639819215819365 ], [ -8.515505058239667, 40.639581598656228 ], [ -8.515471861375184, 40.639318491972411 ], [ -8.515461347735114, 40.639071161067129 ], [ -8.515548013302279, 40.638827103229794 ], [ -8.515620562505879, 40.638594440392616 ], [ -8.515734801683607, 40.638375958500895 ], [ -8.515816625371455, 40.638153977346548 ], [ -8.515870106975093, 40.637915168449567 ], [ -8.515862889630643, 40.637687812676248 ], [ -8.515766397755982, 40.637455354141437 ], [ -8.515651072078631, 40.637236554815694 ], [ -8.515523684893292, 40.637017524251355 ], [ -8.515361323927582, 40.636800774150082 ], [ -8.515262896050517, 40.636580474045878 ], [ -8.515181962930443, 40.636360659881817 ], [ -8.518352737195675, 40.629439129028562 ], [ -8.520213627576277, 40.626775023000533 ], [ -8.520212756781014, 40.626543147712709 ], [ -8.520212882018054, 40.626523693383319 ], [ -8.520217156225124, 40.626424895735319 ], [ -8.520217008545222, 40.626399318791698 ], [ -8.520206295558342, 40.626345865677223 ], [ -8.52019878511407, 40.626294382068359 ], [ -8.520198624459523, 40.626266556571835 ], [ -8.520258006600546, 40.626031503982709 ], [ -8.520314741877623, 40.625929646087073 ], [ -8.520383982343784, 40.625702303930794 ], [ -8.520392499526992, 40.625521094542343 ], [ -8.520395406840287, 40.625492628391008 ], [ -8.520457827050892, 40.62533176735321 ], [ -8.520493679651457, 40.625135786899335 ], [ -8.520500462222664, 40.625102804248797 ], [ -8.520524001705793, 40.625045092964768 ], [ -8.520598446828146, 40.624697513879724 ], [ -8.523498312003868, 40.618339289072487 ], [ -8.523391439665195, 40.618089673082416 ], [ -8.524280320676525, 40.616913824783396 ], [ -8.52534178514324, 40.61637674577387 ], [ -8.525381939799098, 40.616353194967857 ], [ -8.525404320786818, 40.616339884002095 ], [ -8.525444595283272, 40.616316423719702 ], [ -8.525406874433973, 40.616292595305865 ], [ -8.525376864764931, 40.616273878158673 ], [ -8.525059584428408, 40.616074596737242 ], [ -8.524433690347019, 40.615681314959126 ], [ -8.524574599725337, 40.615468675707909 ], [ -8.526060879253675, 40.613448980960889 ], [ -8.526403239754655, 40.613052758056575 ], [ -8.527733405824922, 40.609469029366785 ], [ -8.528287711871918, 40.609471625060223 ], [ -8.5288707182017, 40.609592002508343 ], [ -8.529713876652965, 40.609825208126324 ], [ -8.530323288580107, 40.610073536277874 ], [ -8.531246747507996, 40.61059326778723 ], [ -8.531911681256222, 40.611153152013536 ], [ -8.532697577353128, 40.612100192733834 ], [ -8.533358472188263, 40.612810197443743 ], [ -8.534350882890214, 40.61376307914032 ], [ -8.535221636766446, 40.61485704244086 ], [ -8.536406778330306, 40.616386279255181 ], [ -8.53726032310629, 40.617516753252161 ], [ -8.538670829598141, 40.61920582628462 ], [ -8.539844968747261, 40.620687518576581 ], [ -8.540703659485638, 40.621964278796703 ], [ -8.541408669774572, 40.623093897799123 ], [ -8.541986760404075, 40.624646033040946 ], [ -8.541999808704702, 40.624672641301046 ], [ -8.542443874669214, 40.625584537342 ], [ -8.543245207321766, 40.626972153538944 ], [ -8.543596419287317, 40.627387115444897 ], [ -8.544413217278363, 40.628341259487406 ], [ -8.545105451467789, 40.629122673285906 ], [ -8.546208217469035, 40.629849837507855 ], [ -8.547295105135747, 40.630262141442493 ], [ -8.549219749762194, 40.630895632325057 ], [ -8.550658249676124, 40.631391642314 ], [ -8.552063215464319, 40.632154209192962 ], [ -8.55381671042143, 40.633485065067063 ], [ -8.554986433425434, 40.634606048972586 ], [ -8.555097913134489, 40.634757016782352 ], [ -8.555639430338262, 40.635992681992612 ], [ -8.555928670782786, 40.637800194920658 ], [ -8.556539657723446, 40.639526830665375 ], [ -8.556817296203571, 40.640227124428783 ], [ -8.556824391128435, 40.640971904436725 ], [ -8.556717461439785, 40.641557355652878 ], [ -8.556387840131441, 40.642521033859921 ], [ -8.556295600253051, 40.643131192171978 ], [ -8.55628496050721, 40.643355455962777 ], [ -8.556352202817999, 40.643723875226634 ], [ -8.556441721601182, 40.643858261525629 ], [ -8.556542115124051, 40.643992697928631 ], [ -8.556869875085855, 40.644354214291447 ], [ -8.557865507127602, 40.645389722366943 ], [ -8.559050761756296, 40.646603631212407 ], [ -8.559657307648173, 40.647258124463214 ], [ -8.559878670408978, 40.647634161283477 ], [ -8.560208414567546, 40.648374145145866 ], [ -8.560560085552321, 40.649065864760409 ], [ -8.560968376520345, 40.649589431067881 ], [ -8.561378079203008, 40.649981063461269 ], [ -8.561859370072218, 40.650306784685313 ], [ -8.562629890564336, 40.650730296796041 ], [ -8.562963443643746, 40.650971827096086 ], [ -8.563019486402501, 40.651045099532979 ], [ -8.563072641429956, 40.651147019049475 ], [ -8.563136969563809, 40.651350563194391 ], [ -8.563149011157151, 40.651879019356691 ], [ -8.563149762817577, 40.652215805258969 ], [ -8.563150496107857, 40.652622470203433 ], [ -8.563130204633074, 40.653198060695622 ], [ -8.563120234110297, 40.653228712599812 ], [ -8.563000241784474, 40.653598547507166 ], [ -8.562942623963313, 40.65377616504189 ], [ -8.562614429877941, 40.654570914549225 ], [ -8.562051261260214, 40.655399496723867 ], [ -8.561975229011527, 40.655729815588707 ], [ -8.562017483266359, 40.656066809138572 ], [ -8.562101027331723, 40.656701892129327 ], [ -8.562363625601412, 40.6573971788048 ], [ -8.562878857746924, 40.658559335996536 ], [ -8.563016735192068, 40.659018076339187 ], [ -8.563030819184826, 40.659863955038581 ], [ -8.5627428036449, 40.660584802507934 ], [ -8.56241373929435, 40.66121386305111 ], [ -8.562218305186791, 40.661916986716356 ], [ -8.562189083573731, 40.66198859511239 ], [ -8.561919455839133, 40.662648046151581 ], [ -8.561547013920807, 40.663209636621275 ], [ -8.561069124415479, 40.663629883268634 ], [ -8.560415126693075, 40.663991702558349 ], [ -8.559903956886616, 40.664387572663223 ], [ -8.559707438769459, 40.665000911076902 ], [ -8.559906563137524, 40.665644035125226 ], [ -8.560090157262835, 40.666539080385668 ], [ -8.560216783588702, 40.667235870340512 ], [ -8.560205840087272, 40.66757612149356 ], [ -8.560091363781018, 40.667964298050833 ], [ -8.559821891002828, 40.668378360768635 ], [ -8.559067123795856, 40.669061307704538 ], [ -8.558475169573446, 40.669519424388845 ], [ -8.558237958970901, 40.670079783125004 ], [ -8.558256733437986, 40.670538520966993 ], [ -8.55762868693218, 40.670699328109997 ], [ -8.557556376320374, 40.670747504757827 ], [ -8.5575418695836, 40.67075350055908 ], [ -8.55753313786842, 40.670756501641918 ], [ -8.557518720870091, 40.670757998155608 ], [ -8.557496354620119, 40.67075663774655 ], [ -8.557465387239441, 40.67075891549306 ], [ -8.557439254903336, 40.670759731942624 ], [ -8.557406404776474, 40.670764265169325 ], [ -8.557361879370504, 40.670774066053617 ], [ -8.557351237575084, 40.670774824663667 ], [ -8.557305756468484, 40.670782375057875 ], [ -8.557268104197748, 40.670794312782462 ], [ -8.557212042146555, 40.670812977398363 ], [ -8.557152222506964, 40.670835354187211 ], [ -8.557107721152901, 40.670848032018974 ], [ -8.557088404718478, 40.67086062366068 ], [ -8.557106948261612, 40.670893870885401 ], [ -8.557114842856182, 40.670907890772497 ], [ -8.556942757738561, 40.670963091768655 ], [ -8.556697330124043, 40.671034055795658 ], [ -8.556440129472167, 40.671114568263654 ], [ -8.556296957535567, 40.671159980888582 ], [ -8.556126897242104, 40.671216707718038 ], [ -8.556073791914336, 40.671234912493567 ], [ -8.556050986081344, 40.671200689254313 ], [ -8.556039193250866, 40.671169035352875 ], [ -8.556001076787382, 40.67110794289492 ], [ -8.55598049129982, 40.671069654704993 ], [ -8.555971605333552, 40.671048255979116 ], [ -8.555952003594658, 40.6710159129589 ], [ -8.555935476731555, 40.671002643212212 ], [ -8.555908137655004, 40.670962222114973 ], [ -8.555901303163504, 40.670947478754776 ], [ -8.555887561388699, 40.670925378293873 ], [ -8.555871918384456, 40.670901302767014 ], [ -8.555870888636292, 40.670888067219117 ], [ -8.555903692304026, 40.670876152206993 ], [ -8.555899722204611, 40.670847348579137 ], [ -8.555894765172427, 40.670830438917207 ], [ -8.555905247125338, 40.67080455675891 ], [ -8.555887539900796, 40.670772920894507 ], [ -8.555866113212884, 40.670750849469719 ], [ -8.55584289444249, 40.670744271597165 ], [ -8.555818018439499, 40.670738959602531 ], [ -8.555791106641779, 40.670690882564251 ], [ -8.555765891385672, 40.670687280970888 ], [ -8.555737719010107, 40.670664510203402 ], [ -8.555714347068575, 40.67065352126005 ], [ -8.555681498055405, 40.670658053992092 ], [ -8.555647730770517, 40.67066700438221 ], [ -8.555614682104622, 40.670659019816654 ], [ -8.555570936924383, 40.67062307117542 ], [ -8.555543665778934, 40.670612095563463 ], [ -8.55548080025434, 40.670621152360681 ], [ -8.555417873670478, 40.670619221306545 ], [ -8.555382049074503, 40.67062151535913 ], [ -8.555340556129245, 40.670615230244969 ], [ -8.555357712756356, 40.67058756412726 ], [ -8.555377733977473, 40.670555794706075 ], [ -8.555387310604718, 40.670537296496107 ], [ -8.555373685182879, 40.670514476938465 ], [ -8.555329871879502, 40.670486630355391 ], [ -8.555312399176183, 40.670473369379735 ], [ -8.555279400245601, 40.670454309145512 ], [ -8.555224302987808, 40.67047522325025 ], [ -8.555159481652774, 40.670492388924281 ], [ -8.555036688662307, 40.6705253506695 ], [ -8.554955461298812, 40.670547260639815 ], [ -8.55482593597214, 40.67058168217266 ], [ -8.554743753312868, 40.670601974562516 ], [ -8.554649437178702, 40.670630685948758 ], [ -8.554653823474437, 40.670613923123554 ], [ -8.554659462061709, 40.670588869219721 ], [ -8.554669007425776, 40.67056424770545 ], [ -8.55467856963655, 40.670543053475363 ], [ -8.55468478484282, 40.670515476032627 ], [ -8.55469366727006, 40.670480053500476 ], [ -8.554691368948037, 40.67043530287026 ], [ -8.55468593599077, 40.670379765651688 ], [ -8.554676134201415, 40.670364040687531 ], [ -8.554659819138143, 40.670345462368203 ], [ -8.554615079469446, 40.670302849605662 ], [ -8.554597507383274, 40.670292557870368 ], [ -8.554562665364973, 40.670280891054155 ], [ -8.554514851997524, 40.670275662499819 ], [ -8.5544818711665, 40.670278214246537 ], [ -8.55445350610848, 40.670281291248052 ], [ -8.55440388618444, 40.670289308560257 ], [ -8.554382639746644, 40.67029577611077 ], [ -8.554354878945734, 40.670301283164946 ], [ -8.55429880375258, 40.670316795526603 ], [ -8.554242814176986, 40.670328438050873 ], [ -8.554232317060263, 40.670332261186878 ], [ -8.554207175723045, 40.670340187331163 ], [ -8.554179441427731, 40.670350101349733 ], [ -8.554147956888887, 40.670364537898152 ], [ -8.55411444710685, 40.670376454987249 ], [ -8.554068279394921, 40.670388243516875 ], [ -8.554034812936571, 40.670407994874829 ], [ -8.554011632470942, 40.670426270610598 ], [ -8.553995637120693, 40.670440644349206 ], [ -8.553985187199618, 40.670415110616297 ], [ -8.553976666168559, 40.670395959880992 ], [ -8.553964177428551, 40.670365930119544 ], [ -8.553955688404498, 40.670350739715388 ], [ -8.553943303327038, 40.670337007931252 ], [ -8.553919223944165, 40.670307109559744 ], [ -8.553870008802971, 40.670267397156913 ], [ -8.553831612977715, 40.67023710428294 ], [ -8.553817344259064, 40.670224365408664 ], [ -8.553787514066293, 40.670201694756578 ], [ -8.553762210822583, 40.670184045065731 ], [ -8.553734425934337, 40.670165956855548 ], [ -8.55370913858315, 40.670150832129359 ], [ -8.553595816097657, 40.670090732302093 ], [ -8.553555025963568, 40.670073682872584 ], [ -8.553529586321883, 40.670072336487991 ], [ -8.553512069987484, 40.670070509192335 ], [ -8.553496573362734, 40.670069574151583 ], [ -8.553481780583654, 40.670068098040282 ], [ -8.553459755350918, 40.670064304225974 ], [ -8.55343914577808, 40.670058436778888 ], [ -8.553415803834683, 40.670052131720226 ], [ -8.553387943785594, 40.670040885786463 ], [ -8.553381531255335, 40.670037488984633 ], [ -8.553355536771654, 40.670022361351307 ], [ -8.553323908567894, 40.670014104406931 ], [ -8.553297362218837, 40.670005827159308 ], [ -8.553267615721408, 40.669995128368384 ], [ -8.553237156869463, 40.669985874781268 ], [ -8.553201620428814, 40.669976187603339 ], [ -8.553179000705317, 40.669971318886475 ], [ -8.553156387514289, 40.669968433067865 ], [ -8.553129885556951, 40.669966093593423 ], [ -8.553105993179862, 40.669965732950132 ], [ -8.553087996025294, 40.669962287318739 ], [ -8.553060708212595, 40.66995797316342 ], [ -8.553023216582048, 40.669967474838742 ], [ -8.552998777696263, 40.669973507091427 ], [ -8.552973618741248, 40.669979003451438 ], [ -8.552909792229785, 40.669985088854702 ], [ -8.552883310881581, 40.669987167158524 ], [ -8.552852955171174, 40.669993221791742 ], [ -8.552800075545756, 40.669990445927191 ], [ -8.552772050671878, 40.66999099534425 ], [ -8.552664944647731, 40.669998320322996 ], [ -8.552608201612092, 40.670002402296866 ], [ -8.552536526041552, 40.67000176307436 ], [ -8.552484875322966, 40.670006364995267 ], [ -8.5524242655209, 40.670016397996051 ], [ -8.552368883205071, 40.670029839330617 ], [ -8.552322479374233, 40.67004189457176 ], [ -8.552310091948142, 40.670046799607263 ], [ -8.552295293790378, 40.67006315709461 ], [ -8.552276684087593, 40.670075020456309 ], [ -8.552256616354082, 40.670080497276757 ], [ -8.5522418421879, 40.670081989925649 ], [ -8.552220523710364, 40.670078107760737 ], [ -8.552203720543233, 40.67007627677738 ], [ -8.55217016596997, 40.670081260427033 ], [ -8.552150841474695, 40.670092677907931 ], [ -8.552134842436594, 40.670106513797968 ], [ -8.552121356496531, 40.670114666442473 ], [ -8.552121327060739, 40.670119977766504 ], [ -8.552129898788115, 40.670147506816008 ], [ -8.552129982814277, 40.670160741329468 ], [ -8.552121057829316, 40.670170681146487 ], [ -8.552104326721086, 40.670180554736447 ], [ -8.552089508684412, 40.670193937879624 ], [ -8.552076095208617, 40.670204790889926 ], [ -8.552065783096882, 40.670220049654581 ], [ -8.552034962553318, 40.670246725672811 ], [ -8.552021557472418, 40.670259112217408 ], [ -8.552013616267727, 40.670275259284857 ], [ -8.552000205592163, 40.670286564332862 ], [ -8.551982749483834, 40.670294553063101 ], [ -8.551964688636449, 40.670300023452675 ], [ -8.551948672981005, 40.67030989442452 ], [ -8.551931953320471, 40.670322741436905 ], [ -8.551922875639967, 40.670327186870857 ], [ -8.551908148194777, 40.670336157155404 ], [ -8.551888160265532, 40.670335692047125 ], [ -8.551864270560724, 40.670335778691609 ], [ -8.551841077119937, 40.67035207111325 ], [ -8.551825665737526, 40.670365904828827 ], [ -8.551801241798316, 40.670374367254368 ], [ -8.551770941005721, 40.67038924641691 ], [ -8.551731742408601, 40.670419373775019 ], [ -8.55170346048738, 40.670435775569196 ], [ -8.551679633034981, 40.670444688763794 ], [ -8.551633190016258, 40.670450352939369 ], [ -8.551581082469598, 40.670477105093383 ], [ -8.55156319968092, 40.670483071857099 ], [ -8.551551011750476, 40.670472802468858 ], [ -8.551479804190418, 40.670527633304928 ], [ -8.551457565092571, 40.670545451259734 ], [ -8.551421050422434, 40.670588360553268 ], [ -8.551405513740855, 40.670581029944458 ], [ -8.551395676954717, 40.670577377085422 ], [ -8.551375300260016, 40.670571866830358 ], [ -8.551350702898214, 40.670573037446502 ], [ -8.551336157332498, 40.670573091034612 ], [ -8.551314507153105, 40.670590907729135 ], [ -8.551298540871407, 40.670608708336005 ], [ -8.551294408451707, 40.67062970612146 ], [ -8.551294484363817, 40.670641857348684 ], [ -8.55128145155205, 40.670656316336476 ], [ -8.551259801336894, 40.670674133921167 ], [ -8.551232381270184, 40.670696388504552 ], [ -8.551197550110196, 40.670705336043426 ], [ -8.551148181876844, 40.670715514074004 ], [ -8.551104732162118, 40.67072783008409 ], [ -8.551051084699344, 40.670753506058645 ], [ -8.551020106475223, 40.670773973348453 ], [ -8.550991264604253, 40.670794698548896 ], [ -8.55097291381357, 40.670810973268715 ], [ -8.550949902659681, 40.670838340241403 ], [ -8.550920981722347, 40.670865733097202 ], [ -8.550904643181841, 40.670882091476123 ], [ -8.550898895037054, 40.670888684208052 ], [ -8.550846555844981, 40.670878608650092 ], [ -8.550831725445519, 40.670834356239745 ], [ -8.550822703503188, 40.670790898677197 ], [ -8.550805129740798, 40.670759985558512 ], [ -8.550742120700551, 40.670746165502663 ], [ -8.550688687759161, 40.670712408575469 ], [ -8.550628254524293, 40.670655898498374 ], [ -8.550578671616464, 40.670614026595999 ], [ -8.550542345422347, 40.670573273808579 ], [ -8.550509191286361, 40.670548270295136 ], [ -8.55048435016827, 40.670528367837115 ], [ -8.550450676609522, 40.670495354333106 ], [ -8.550388046653421, 40.670446863018391 ], [ -8.550335454756164, 40.670396175970275 ], [ -8.550320826712374, 40.670382990407589 ], [ -8.55033799205869, 40.670348619791454 ], [ -8.550371186316438, 40.67030419286823 ], [ -8.550388387619281, 40.670275407987539 ], [ -8.550408555812538, 40.670247689393285 ], [ -8.550389558703168, 40.670235602044194 ], [ -8.550363407925996, 40.670233441668543 ], [ -8.550321338404089, 40.670239089511767 ], [ -8.55019130944606, 40.670286927993274 ], [ -8.549823346781801, 40.670414422757325 ], [ -8.549627278346449, 40.67047330776591 ], [ -8.549482450454397, 40.670519215906388 ], [ -8.549376702810296, 40.670554988201587 ], [ -8.549295525672388, 40.670585091367847 ], [ -8.54923901497982, 40.670607446730642 ], [ -8.549212932970828, 40.670616366641333 ], [ -8.549201409341331, 40.670627483560949 ], [ -8.549185527413185, 40.670640871065721 ], [ -8.549176957879729, 40.670650804871549 ], [ -8.549168312700283, 40.670667406336683 ], [ -8.549166953252632, 40.670677405112286 ], [ -8.549161093599984, 40.670686252140293 ], [ -8.549161239177963, 40.67070948391261 ], [ -8.549162902707099, 40.670729380123504 ], [ -8.549168851815848, 40.670753762548763 ], [ -8.549171831072263, 40.670776985010349 ], [ -8.549180808311595, 40.670813423377261 ], [ -8.549185328585668, 40.67083663938466 ], [ -8.549189799922244, 40.670851030555404 ], [ -8.549191344812131, 40.670872006906215 ], [ -8.54919738966654, 40.670911788631386 ], [ -8.549196141682215, 40.670939528882627 ], [ -8.549196307418907, 40.670966001522075 ], [ -8.549189013098573, 40.670971608277725 ], [ -8.549153927555917, 40.670920856707781 ], [ -8.549131936880231, 40.670884379680246 ], [ -8.549099631439759, 40.670824793063147 ], [ -8.549074507972929, 40.670759593789342 ], [ -8.549053800669501, 40.670701046888354 ], [ -8.54905357460628, 40.670664666136346 ], [ -8.549038787637494, 40.670608170881586 ], [ -8.549040848334288, 40.670578360128253 ], [ -8.549016504254151, 40.670523604865835 ], [ -8.548992049582095, 40.670452375136939 ], [ -8.548950141212483, 40.670351309477375 ], [ -8.548888701412693, 40.670208619546784 ], [ -8.548871118255597, 40.670177167657137 ], [ -8.548851350136529, 40.670155717509886 ], [ -8.548831535911841, 40.670125889165 ], [ -8.548803149867508, 40.670107716382013 ], [ -8.54877689671609, 40.670087910490068 ], [ -8.548735356007581, 40.670064827729831 ], [ -8.54860430983635, 40.670007218175563 ], [ -8.548475528635997, 40.669951310395348 ], [ -8.548383801167079, 40.66992174695369 ], [ -8.548318419559472, 40.669905412671966 ], [ -8.548257272510989, 40.669885733035663 ], [ -8.548233402429361, 40.669889149850803 ], [ -8.548215983824587, 40.669884170509668 ], [ -8.548170214044832, 40.669884335950073 ], [ -8.548067925734898, 40.669904606714418 ], [ -8.547972200602759, 40.669916570900284 ], [ -8.547898213801034, 40.669923500499991 ], [ -8.547872128512152, 40.669931877111978 ], [ -8.547843791178783, 40.669920365902442 ], [ -8.547800140104341, 40.669918902664932 ], [ -8.547800191409564, 40.669927184486504 ], [ -8.547728268215392, 40.669905832300266 ], [ -8.547675809258468, 40.669876217329801 ], [ -8.547634276126319, 40.669853129642135 ], [ -8.547583872341118, 40.66981179789768 ], [ -8.547555535102155, 40.669800285716178 ], [ -8.547492395744831, 40.669802224205498 ], [ -8.547401035840759, 40.669812456776853 ], [ -8.547327016119024, 40.669814439617959 ], [ -8.547255212294468, 40.669831263000965 ], [ -8.547221102215953, 40.669842461636556 ], [ -8.547130379094551, 40.669877458483008 ], [ -8.54702028266288, 40.669917657625582 ], [ -8.546964561164044, 40.669933980123147 ], [ -8.546875749278453, 40.669972658414686 ], [ -8.546782547291544, 40.670009823297598 ], [ -8.546719782991099, 40.670035173324415 ], [ -8.54661257033818, 40.67008202913587 ], [ -8.546544049128954, 40.670112441648662 ], [ -8.546490994859989, 40.670139196700234 ], [ -8.546367387248162, 40.670193669874635 ], [ -8.546323874782946, 40.670213726911143 ], [ -8.546287146255729, 40.670222685163218 ], [ -8.546268865097032, 40.670230856985761 ], [ -8.546249513890805, 40.6702383086228 ], [ -8.54622828170141, 40.670247210506822 ], [ -8.546200297372543, 40.670253973515244 ], [ -8.546157799825046, 40.670267364872856 ], [ -8.546116282063366, 40.670285252566835 ], [ -8.546011981736525, 40.670325429113589 ], [ -8.545926092623606, 40.670358968708094 ], [ -8.545892223020072, 40.670370885599723 ], [ -8.545792559778041, 40.670415096772032 ], [ -8.545758538732281, 40.67036389280274 ], [ -8.545729965008556, 40.670314194823099 ], [ -8.545690517896027, 40.670266251164783 ], [ -8.545659791712286, 40.670231510252222 ], [ -8.545624668047493, 40.670193458552156 ], [ -8.545528282672006, 40.670097629122097 ], [ -8.545429823906728, 40.670011714443461 ], [ -8.545370800328392, 40.669972032534083 ], [ -8.545329240904609, 40.669945708571966 ], [ -8.545169694586892, 40.669848395142424 ], [ -8.545088970889799, 40.669818788909694 ], [ -8.544987867036889, 40.669782589733941 ], [ -8.544856903075395, 40.669718312738922 ], [ -8.544629808230964, 40.669619619398674 ], [ -8.544450731265403, 40.669538948494441 ], [ -8.54400324513543, 40.669352073691677 ], [ -8.54381554445964, 40.66927313895502 ], [ -8.543639355602089, 40.669200648468319 ], [ -8.5433990372683, 40.669085339338899 ], [ -8.54324189965817, 40.669014582468002 ], [ -8.542889667603392, 40.668796114472144 ], [ -8.542441130562779, 40.668418243219747 ], [ -8.542238789334855, 40.66824580000668 ], [ -8.542010228544566, 40.668080105873628 ], [ -8.54176404447305, 40.667874585473008 ], [ -8.541359605793897, 40.667549771427595 ], [ -8.54121010626876, 40.66743044625256 ], [ -8.540929283183567, 40.667284933229489 ], [ -8.540604433275334, 40.667113006191897 ], [ -8.540314748269401, 40.666947531565462 ], [ -8.540007519934829, 40.666775545190355 ], [ -8.539766054764149, 40.666644386158005 ], [ -8.53971334454406, 40.666611342881353 ], [ -8.539616717212098, 40.666551713489739 ], [ -8.539511096676623, 40.666452217569834 ], [ -8.539484680172947, 40.666425657179936 ], [ -8.539458223250447, 40.666392434035096 ], [ -8.539299646686748, 40.666199923039237 ], [ -8.539087347353522, 40.665827776489692 ], [ -8.538981445375258, 40.665681730868315 ], [ -8.538796252972014, 40.665429343076035 ], [ -8.538575414395531, 40.665090540894653 ], [ -8.538390023892569, 40.664824828231311 ], [ -8.538257416433686, 40.664585578934798 ], [ -8.538169267336871, 40.664479362951859 ], [ -8.53809010124102, 40.664413004503707 ], [ -8.53802852181285, 40.664360002868406 ], [ -8.537940647743714, 40.664300336846011 ], [ -8.537835437060481, 40.664247488971903 ], [ -8.537738975868594, 40.664214507169575 ], [ -8.537502298767871, 40.664148793825809 ], [ -8.537423504156317, 40.664142407763897 ], [ -8.537283284181319, 40.664089592815614 ], [ -8.537108427549979, 40.664116861721403 ], [ -8.536522404735491, 40.664145573914645 ], [ -8.536102648852415, 40.664173610208337 ], [ -8.535805399681758, 40.664201306042976 ], [ -8.535516786477572, 40.66422897641911 ], [ -8.53511358950197, 40.66425803292389 ], [ -8.534800280360653, 40.664290105445964 ], [ -8.534601869006005, 40.664293949114395 ], [ -8.534449158362477, 40.664286738299964 ], [ -8.534339116712568, 40.664276228128585 ], [ -8.534263740431969, 40.664268746516186 ], [ -8.534149505511138, 40.664248972748958 ], [ -8.534080251689369, 40.664236785284373 ], [ -8.53371327730067, 40.664154318574276 ], [ -8.533368677060338, 40.664074836683547 ], [ -8.533264915864152, 40.664047189469962 ], [ -8.53306107127387, 40.664012242618689 ], [ -8.532910315169145, 40.663995744113123 ], [ -8.532506821929875, 40.663936633233398 ], [ -8.532178575903641, 40.66388338348915 ], [ -8.531954431906891, 40.663854713873903 ], [ -8.531887168628025, 40.663839459174064 ], [ -8.531829745755381, 40.663827415903825 ], [ -8.531503472734608, 40.663807654703952 ], [ -8.53124042389339, 40.663799467718604 ], [ -8.530933398879011, 40.663793869344033 ], [ -8.530639429355405, 40.663776695939326 ], [ -8.530306231876249, 40.663764523105385 ], [ -8.530064520991221, 40.663745456584181 ], [ -8.529737905873105, 40.663726683034589 ], [ -8.529568704350826, 40.66371078743159 ], [ -8.529440226712685, 40.663701231897583 ], [ -8.529387928937037, 40.66369646127378 ], [ -8.529292071742804, 40.663685178097793 ], [ -8.529167879344618, 40.663660748192868 ], [ -8.528989145664926, 40.663633089516601 ], [ -8.528906269670406, 40.663616805089724 ], [ -8.528725340702822, 40.663577625162361 ], [ -8.528479070600126, 40.663527055687751 ], [ -8.528054162984468, 40.663443868808663 ], [ -8.527978883608908, 40.663432690655462 ], [ -8.527717373464407, 40.663383882644567 ], [ -8.52737960065966, 40.66331867587855 ], [ -8.527000357673463, 40.663238660179225 ], [ -8.526821363615136, 40.663205594151556 ], [ -8.526652256603068, 40.663165198191763 ], [ -8.526349347510983, 40.663094916754886 ], [ -8.526203263274359, 40.663068853538306 ], [ -8.526083458035606, 40.663046030800949 ], [ -8.525996199228512, 40.663028048223062 ], [ -8.525906118909717, 40.663013496226675 ], [ -8.525762327993183, 40.662994086646094 ], [ -8.525575045440707, 40.662979776641109 ], [ -8.525274538462355, 40.662955858840967 ], [ -8.524884905950474, 40.662938997440378 ], [ -8.524575709473595, 40.662925105701035 ], [ -8.52405745304719, 40.662893638936239 ], [ -8.523820271209297, 40.662879586873672 ], [ -8.523674300412647, 40.662871709536532 ], [ -8.523556731519568, 40.66286715702838 ], [ -8.523445625338692, 40.662855916954946 ], [ -8.523382573495606, 40.662852799985721 ], [ -8.523210568812123, 40.662861756895872 ], [ -8.523060394476119, 40.66286388597868 ], [ -8.522961422563874, 40.662864221980065 ], [ -8.522683099385366, 40.66289335551204 ], [ -8.522548319470204, 40.662918665229249 ], [ -8.522422147223097, 40.662939084797493 ], [ -8.522334612541858, 40.662955231631734 ], [ -8.522200326573381, 40.662983779324215 ], [ -8.522098173617168, 40.663007357644567 ], [ -8.522009000883429, 40.663025940235322 ], [ -8.521880829341823, 40.663069508233946 ], [ -8.521737424623383, 40.663116458359603 ], [ -8.52164629248059, 40.663164852449732 ], [ -8.52153985156929, 40.663203394123443 ], [ -8.521316893918575, 40.663296992243779 ], [ -8.521214880747452, 40.663343802551537 ], [ -8.521093278151284, 40.663398959712246 ], [ -8.521028217288794, 40.66343574184107 ], [ -8.520954383363183, 40.663469132352056 ], [ -8.520845760806901, 40.663519294630639 ], [ -8.520726391048552, 40.66357111290818 ], [ -8.520633020646398, 40.663621229187562 ], [ -8.520561542779687, 40.663653529122712 ], [ -8.520418253359464, 40.66372037856047 ], [ -8.520255487777368, 40.663793956019013 ], [ -8.520146856673374, 40.663842412095441 ], [ -8.520046979799105, 40.663890834231211 ], [ -8.519951411535773, 40.663929338002781 ], [ -8.519823256151234, 40.66397623465798 ], [ -8.51974937789365, 40.664001336222967 ], [ -8.519692963816833, 40.664021517401771 ], [ -8.519661468706689, 40.664035310641779 ], [ -8.519530491515299, 40.664145970941227 ], [ -8.519389843740921, 40.664260900356517 ], [ -8.519280984813202, 40.664351494984544 ], [ -8.51907215508899, 40.66447700882037 ], [ -8.518949477500325, 40.664550267621586 ], [ -8.518781549046485, 40.664651420447989 ], [ -8.518613553663972, 40.664763013799735 ], [ -8.518604607610053, 40.664790780367071 ], [ -8.518554915398401, 40.664867221506654 ], [ -8.518527857790003, 40.664912423922722 ], [ -8.518509786867526, 40.664936708038866 ], [ -8.518437161888178, 40.664995936720487 ], [ -8.518296388172983, 40.665069260614281 ], [ -8.518155589386263, 40.6651598697648 ], [ -8.518101215169979, 40.665205168571845 ], [ -8.518087165428229, 40.665229349161955 ], [ -8.51809223742479, 40.665246803101951 ], [ -8.518092483500777, 40.665289392038844 ], [ -8.51809613717263, 40.665308833636793 ], [ -8.518096303540494, 40.665337560343644 ], [ -8.518098878727152, 40.665353307130822 ], [ -8.518099081871386, 40.665388429157282 ], [ -8.51810523927038, 40.665409748981041 ], [ -8.518105383224349, 40.665434782758851 ], [ -8.518111624880417, 40.665451422335813 ], [ -8.51811543667003, 40.665476352931776 ], [ -8.518115613900992, 40.66550696707651 ], [ -8.518118063983053, 40.665521727317817 ], [ -8.518123017610819, 40.665539362653327 ], [ -8.518126860318622, 40.665569873623546 ], [ -8.518131849310949, 40.665594891244901 ], [ -8.51813077963962, 40.66561452869319 ], [ -8.518134618364673, 40.665644140063691 ], [ -8.518138306763483, 40.665668175059245 ], [ -8.518142075430056, 40.665685808941724 ], [ -8.518152070426384, 40.665717205310614 ], [ -8.518165742767092, 40.665770915829548 ], [ -8.518180614016488, 40.665826428776739 ], [ -8.518196641904231, 40.665878244860998 ], [ -8.518205340103528, 40.665910545161346 ], [ -8.518209113986751, 40.665929080436776 ], [ -8.518216506176518, 40.665940131189011 ], [ -8.518230020490659, 40.665965119469519 ], [ -8.518231325863594, 40.665986460870585 ], [ -8.518235142669059, 40.666013278017751 ], [ -8.518241957873883, 40.666026404573572 ], [ -8.518302827123655, 40.666081133709248 ], [ -8.518354106001865, 40.666134718740686 ], [ -8.518421215102855, 40.666185371984746 ], [ -8.51848521988817, 40.666209923382254 ] ] ] } }
]
}
