{
"type": "FeatureCollection",
"name": "CAOP_Elvas_freg",
"crs": { "type": "name", "properties": { "name": "urn:ogc:def:crs:OGC:1.3:CRS84" } },
"features": [
{ "type": "Feature", "properties": { "dtmnfr": "120706", "freguesia": "Santa Eulália", "municipio": "Elvas", "distrito_i": "Portalegre", "nuts3_cod": "1C3", "nuts3": "Alto Alentejo", "nuts2": "Alentejo", "nuts1": "Continente", "area_ha": 9851.79, "perimetro_": 53, "designacao": "Santa Eulália" }, "geometry": { "type": "Polygon", "coordinates": [ [ [ -7.341399179781136, 38.996166748311836 ], [ -7.341208809058968, 38.996303813640779 ], [ -7.341006624833559, 38.996455031323023 ], [ -7.340693622181532, 38.996762500804238 ], [ -7.340436570120239, 38.996989549806308 ], [ -7.340034134984299, 38.997345769540978 ], [ -7.339724121711477, 38.997653257566334 ], [ -7.339566236047776, 38.99779576274485 ], [ -7.339398722255472, 38.997974054150532 ], [ -7.339296433601383, 38.998078838729661 ], [ -7.339171721460744, 38.998248416133826 ], [ -7.339116195155667, 38.998342259286552 ], [ -7.338903206481961, 38.998746963779418 ], [ -7.338733633456431, 38.99910926486762 ], [ -7.338591666156803, 38.999469498182556 ], [ -7.338437015324785, 38.999870003327338 ], [ -7.338288889666429, 39.000223445798333 ], [ -7.338238384647116, 39.000353168324466 ], [ -7.338136977171745, 39.000657566470508 ], [ -7.338070760947261, 39.000818711951126 ], [ -7.337957031025002, 39.00112077044448 ], [ -7.337946852490001, 39.00119474598759 ], [ -7.337947944751184, 39.001376432481564 ], [ -7.337947368136581, 39.001428046420742 ], [ -7.337959026110376, 39.00147982751524 ], [ -7.337992001360532, 39.001545082390237 ], [ -7.338073309847389, 39.001675708478949 ], [ -7.338110501905352, 39.001911597185462 ], [ -7.338117358245248, 39.002124761145829 ], [ -7.338135775203365, 39.002398534721713 ], [ -7.338118237277724, 39.002593608282687 ], [ -7.338134516447882, 39.002779907406904 ], [ -7.338131008305737, 39.003093975522781 ], [ -7.338146494079062, 39.003360974306688 ], [ -7.338144640847142, 39.003526971103817 ], [ -7.338188238041933, 39.004016464498733 ], [ -7.338198495863939, 39.004193713178068 ], [ -7.338225943232952, 39.004485562402834 ], [ -7.338212363123338, 39.004595363051138 ], [ -7.338193084221196, 39.004678282327781 ], [ -7.338145434508601, 39.004830453891891 ], [ -7.338106585509271, 39.005011963585744 ], [ -7.338089923548148, 39.00512849887987 ], [ -7.338079566462648, 39.005229312099154 ], [ -7.33808311659724, 39.005469386923664 ], [ -7.338158287640767, 39.005602309422038 ], [ -7.338248422558819, 39.00575992266505 ], [ -7.338338000290921, 39.005915367522825 ], [ -7.338431717600198, 39.006041572237812 ], [ -7.338555912153273, 39.006168159195347 ], [ -7.338606663607187, 39.006296412200193 ], [ -7.338667798119264, 39.006590654253792 ], [ -7.338690844935341, 39.006718718551703 ], [ -7.338723772829189, 39.006788477531842 ], [ -7.33878427223467, 39.006860679724241 ], [ -7.339036660025317, 39.007055337117727 ], [ -7.339437891861102, 39.00736089348564 ], [ -7.339489720204654, 39.007392684253077 ], [ -7.339809888793568, 39.007545103406862 ], [ -7.339998989601077, 39.00763844008015 ], [ -7.340328676909658, 39.007817947002451 ], [ -7.340575459007091, 39.007956445874171 ], [ -7.340727842741833, 39.00804052526918 ], [ -7.340956126305421, 39.008192317152407 ], [ -7.34116618939855, 39.008321647958148 ], [ -7.341382410414723, 39.008457689373046 ], [ -7.341172132457359, 39.00861776495988 ], [ -7.341060791918073, 39.008704565264431 ], [ -7.34093665554598, 39.008831541457781 ], [ -7.340735430261235, 39.009007447241579 ], [ -7.340509463892606, 39.009196604039936 ], [ -7.340299147374832, 39.009370100817712 ], [ -7.340159789537525, 39.00949481360604 ], [ -7.339995772232546, 39.009626113346904 ], [ -7.339902878891016, 39.009715197042567 ], [ -7.339732421725152, 39.009875545222997 ], [ -7.339428843134105, 39.010149382610997 ], [ -7.339366629347993, 39.010220750451367 ], [ -7.339295153173525, 39.010314484945155 ], [ -7.339198877991413, 39.010417059987226 ], [ -7.339139770206027, 39.010499612802462 ], [ -7.338981213353773, 39.010689319897715 ], [ -7.338854185014748, 39.010816358791175 ], [ -7.33879470550026, 39.010921343106673 ], [ -7.33862058368742, 39.011140036308419 ], [ -7.338396574817608, 39.01143242608903 ], [ -7.338270846945933, 39.011597580534747 ], [ -7.33812458984462, 39.011791778511011 ], [ -7.338070568582785, 39.011966340633961 ], [ -7.337959392811419, 39.012306607922902 ], [ -7.337876085307681, 39.012622296994088 ], [ -7.337806969103236, 39.012763152497378 ], [ -7.337690078501213, 39.012798295680966 ], [ -7.337563706397265, 39.012855807393265 ], [ -7.337385035034945, 39.012933045480956 ], [ -7.337187899777217, 39.013010249197791 ], [ -7.337039966861871, 39.013085537356908 ], [ -7.336891741342768, 39.013176491962064 ], [ -7.336622881375575, 39.013358593485123 ], [ -7.336441311205711, 39.013478507904971 ], [ -7.33631037385195, 39.013571835311232 ], [ -7.33570457949756, 39.01398267737676 ], [ -7.335476011288827, 39.014133704448341 ], [ -7.335222673888397, 39.014300239292218 ], [ -7.335007239431141, 39.014381728721652 ], [ -7.334709473861979, 39.014402123590394 ], [ -7.334261643430625, 39.014419327463152 ], [ -7.333976629256544, 39.014507184225749 ], [ -7.333686880822123, 39.014656440210373 ], [ -7.333611659240725, 39.014682139370549 ], [ -7.333547481739637, 39.014731691397124 ], [ -7.333689200204773, 39.015014956426164 ], [ -7.333693142116217, 39.015095958570342 ], [ -7.333679132920079, 39.015181616200856 ], [ -7.33365531483205, 39.015276749200929 ], [ -7.333631330254381, 39.015387379435161 ], [ -7.333610333419124, 39.01558775429092 ], [ -7.333570925478578, 39.015677352474299 ], [ -7.333524261164434, 39.015791410433977 ], [ -7.333478178259096, 39.015853730322107 ], [ -7.333365746180124, 39.015918318327607 ], [ -7.333203954096396, 39.016026139964517 ], [ -7.332992742416489, 39.016182641475993 ], [ -7.332831575843444, 39.016276352057403 ], [ -7.332673016296735, 39.0163656314759 ], [ -7.332617146393903, 39.016434849392169 ], [ -7.332566580443576, 39.016517405117149 ], [ -7.332523834020419, 39.01659336331366 ], [ -7.332435925571458, 39.016649948865769 ], [ -7.332316877202009, 39.016681811068224 ], [ -7.3322079636563, 39.016743699113427 ], [ -7.332101455988813, 39.01680611520392 ], [ -7.332017445262526, 39.01692212743486 ], [ -7.331943190629363, 39.017006038873063 ], [ -7.331840600748383, 39.017083121584207 ], [ -7.331751557330263, 39.017187269443163 ], [ -7.33160133948894, 39.017356274580784 ], [ -7.331438594601903, 39.017495795519402 ], [ -7.33135157893044, 39.017550343463547 ], [ -7.331219574040351, 39.017647474196984 ], [ -7.331145140815411, 39.017747043491632 ], [ -7.331027043627048, 39.017871918256276 ], [ -7.330949728989716, 39.017939302584956 ], [ -7.330583830754701, 39.018300774305864 ], [ -7.330493688046499, 39.018400235092543 ], [ -7.330327092875417, 39.018546145818931 ], [ -7.330134546934637, 39.018671453080714 ], [ -7.330023713299759, 39.01874830356509 ], [ -7.329831005671093, 39.018887905968477 ], [ -7.329643393441655, 39.019039798798474 ], [ -7.329500980767365, 39.019130728030397 ], [ -7.329366352969637, 39.019227838551629 ], [ -7.329152628048779, 39.01937342372932 ], [ -7.32886919724315, 39.019519782704293 ], [ -7.32874810645463, 39.019567773153085 ], [ -7.328576518990227, 39.019629735399675 ], [ -7.328468772031497, 39.019648525078502 ], [ -7.328382076718491, 39.019674479457123 ], [ -7.328271332250423, 39.01974315903076 ], [ -7.328193961858462, 39.019796819930662 ], [ -7.328084177655768, 39.019854202393404 ], [ -7.327997480799987, 39.019880156473178 ], [ -7.327890002909931, 39.019891669383028 ], [ -7.327779975885776, 39.019897036768995 ], [ -7.327667098497206, 39.019922809857391 ], [ -7.327477974017945, 39.019976649797286 ], [ -7.327317926466971, 39.020006181683968 ], [ -7.327178729224193, 39.020044026337125 ], [ -7.32705241390799, 39.020100342414139 ], [ -7.326952190883167, 39.020041353072415 ], [ -7.3267821041134, 39.020112871021837 ], [ -7.326594031813264, 39.020181829636478 ], [ -7.326411054357512, 39.020238937737503 ], [ -7.326236277757328, 39.020286549785077 ], [ -7.326130049205434, 39.020336889479672 ], [ -7.326037800392347, 39.020427949775552 ], [ -7.325887599005202, 39.020609134693743 ], [ -7.325737429881692, 39.020786805794828 ], [ -7.325597167206675, 39.020946622083159 ], [ -7.325480113187158, 39.021066064085787 ], [ -7.325370101330712, 39.021154655291291 ], [ -7.325237544458272, 39.021256158383892 ], [ -7.325143822098471, 39.021334140518263 ], [ -7.325030556285858, 39.021414339960529 ], [ -7.32483357455558, 39.021555832886051 ], [ -7.324687438393412, 39.021663276294852 ], [ -7.324510299193128, 39.021785900285899 ], [ -7.324300332339218, 39.021921364518931 ], [ -7.324090309282511, 39.022061689342273 ], [ -7.323962286574289, 39.022150155179347 ], [ -7.323809129988564, 39.022255021257067 ], [ -7.323574464456971, 39.022409409667759 ], [ -7.32335375040291, 39.022555603016556 ], [ -7.323199606686828, 39.022646232234095 ], [ -7.322896429405417, 39.022824007202516 ], [ -7.322554297243446, 39.022984761196177 ], [ -7.322121978838635, 39.023196141838675 ], [ -7.321966538953982, 39.023278476171363 ], [ -7.321836176249889, 39.02332837205072 ], [ -7.321778456873456, 39.023387958939267 ], [ -7.321634143574421, 39.023476223302772 ], [ -7.321389762991314, 39.023621076362389 ], [ -7.321084781516665, 39.023804692500583 ], [ -7.320752030332125, 39.024002525581466 ], [ -7.320579873688277, 39.024102573821814 ], [ -7.320308070844652, 39.02425192108327 ], [ -7.320219443984302, 39.024307240232261 ], [ -7.320002666136253, 39.024421297712074 ], [ -7.319886510411785, 39.024470485147269 ], [ -7.319411653873204, 39.024694707344132 ], [ -7.319126800076138, 39.024823691149429 ], [ -7.318786274758996, 39.024994082330522 ], [ -7.318628703327506, 39.02510017443948 ], [ -7.318433900069135, 39.025230956245508 ], [ -7.318282909247984, 39.025337093838537 ], [ -7.318081051325136, 39.025478637494551 ], [ -7.317683457878399, 39.025791485054924 ], [ -7.317565049200674, 39.025885959534186 ], [ -7.317420705792424, 39.025986192096418 ], [ -7.31720916026873, 39.026106140297053 ], [ -7.316999083796937, 39.026228522310873 ], [ -7.316876150084314, 39.026305132230064 ], [ -7.316797316053736, 39.026361781020064 ], [ -7.3165971966796, 39.026492522501947 ], [ -7.316326375154004, 39.026675283325005 ], [ -7.316129334713114, 39.026819192024632 ], [ -7.316052037635197, 39.026882967907341 ], [ -7.31598951063942, 39.026948014579325 ], [ -7.315804693130497, 39.027152817199934 ], [ -7.315735590503348, 39.027227365627027 ], [ -7.315352852829721, 39.027652274422593 ], [ -7.315294923021106, 39.027729240158997 ], [ -7.315240554987844, 39.027787226778493 ], [ -7.315173023090092, 39.027855841812375 ], [ -7.315092573882811, 39.027912387122008 ], [ -7.314814893491588, 39.028128425870314 ], [ -7.314775525912998, 39.028157962768915 ], [ -7.314687544205416, 39.028226434945658 ], [ -7.314454286944181, 39.0284057636038 ], [ -7.314156325053565, 39.028638319608653 ], [ -7.313995237974121, 39.028763346878165 ], [ -7.314115077241956, 39.028898770554925 ], [ -7.313759085366606, 39.029088715143537 ], [ -7.313252614418031, 39.029334836602423 ], [ -7.313084837245455, 39.029425520356163 ], [ -7.312989867543165, 39.029486126278918 ], [ -7.312959455241823, 39.029568632049177 ], [ -7.312930811196469, 39.029668000599301 ], [ -7.312903954255671, 39.029782699884173 ], [ -7.312871754549755, 39.029849873980226 ], [ -7.312752897100558, 39.029956948120635 ], [ -7.312635382057868, 39.030080030723539 ], [ -7.312570863715639, 39.030224590628954 ], [ -7.312533563100883, 39.030330162896455 ], [ -7.312463552979218, 39.030446463564687 ], [ -7.312405026642659, 39.030525707016729 ], [ -7.312338574614857, 39.030611022478396 ], [ -7.312155445657719, 39.030822148865404 ], [ -7.312014301408637, 39.0309692334598 ], [ -7.311873610423032, 39.031077003283627 ], [ -7.311571721291671, 39.031367459362578 ], [ -7.311295075752761, 39.031657467374949 ], [ -7.310876612031914, 39.032013989970608 ], [ -7.310723814490768, 39.032086151920524 ], [ -7.310565856113088, 39.032223214205992 ], [ -7.310455685032106, 39.032312963599324 ], [ -7.310439482169432, 39.032374011204354 ], [ -7.310415154976111, 39.032464614588037 ], [ -7.310376103866336, 39.032620473488642 ], [ -7.310300698253617, 39.032718030644794 ], [ -7.310336294755285, 39.032841685499776 ], [ -7.310316115860187, 39.032975891032393 ], [ -7.310182572172223, 39.033250907418285 ], [ -7.310030112486591, 39.033551206634996 ], [ -7.309877734586942, 39.033844244358441 ], [ -7.309744229657335, 39.034115628637146 ], [ -7.309639370577814, 39.034325488359059 ], [ -7.309510645339913, 39.034586013310758 ], [ -7.309220142262806, 39.035146770350124 ], [ -7.309143675949416, 39.035316889059409 ], [ -7.309063313182476, 39.03542162084166 ], [ -7.309020276970124, 39.035519354447146 ], [ -7.308896244583655, 39.035776280884036 ], [ -7.308748723223912, 39.036051195784601 ], [ -7.308522778495917, 39.036489180046892 ], [ -7.308314831822263, 39.036930467146981 ], [ -7.308176490777618, 39.037216339841166 ], [ -7.308052832301614, 39.037440588721587 ], [ -7.307924644425165, 39.037653912646199 ], [ -7.307867301440673, 39.037780592842942 ], [ -7.307625685176744, 39.038009148971881 ], [ -7.307518000433449, 39.038191511034057 ], [ -7.307424352892486, 39.038398670920373 ], [ -7.307327790581688, 39.038532026971886 ], [ -7.307242258837097, 39.038680293689772 ], [ -7.307152494096382, 39.038792219342092 ], [ -7.307030055679126, 39.038911176258011 ], [ -7.306865548042321, 39.039044358718925 ], [ -7.306756863435773, 39.039181567379273 ], [ -7.306550709809835, 39.039292668789763 ], [ -7.306396569040839, 39.039335148299394 ], [ -7.306238931165915, 39.039367485592841 ], [ -7.305981531949413, 39.039442860151688 ], [ -7.305724034990362, 39.039535975509359 ], [ -7.305445204556809, 39.039646506227406 ], [ -7.305057167628608, 39.039791569488301 ], [ -7.30459329857993, 39.039856112556159 ], [ -7.304392854355019, 39.039876474952898 ], [ -7.304215009584488, 39.039955094149818 ], [ -7.304275138725574, 39.040387612725439 ], [ -7.304391087771307, 39.040504019884267 ], [ -7.304135847308554, 39.040661100928126 ], [ -7.303895795158864, 39.040802887476559 ], [ -7.303644197474179, 39.040904779201533 ], [ -7.303333980825795, 39.04102174444175 ], [ -7.303100606242412, 39.041106106342205 ], [ -7.302760957904346, 39.041240519783287 ], [ -7.302536526829875, 39.041340436201374 ], [ -7.302215231191024, 39.041466148688663 ], [ -7.302011848914431, 39.041572884083706 ], [ -7.301890282181192, 39.041646960087334 ], [ -7.301744216078607, 39.041751851601944 ], [ -7.301549274053802, 39.041907192207098 ], [ -7.301413135327991, 39.042140956671005 ], [ -7.301308634206599, 39.042256769247167 ], [ -7.301134447699225, 39.0424545067848 ], [ -7.300948954724237, 39.04266089524112 ], [ -7.300819766666395, 39.042794097624707 ], [ -7.300673803890642, 39.042948799006929 ], [ -7.300510902487247, 39.043129495590492 ], [ -7.300404302211192, 39.04323682710438 ], [ -7.300263712973003, 39.043395979988297 ], [ -7.300123348195114, 39.043546391632809 ], [ -7.299994266682536, 39.043679593831044 ], [ -7.299915588448251, 39.043769828155455 ], [ -7.299798231940252, 39.043848704171431 ], [ -7.299658502518692, 39.043934270384675 ], [ -7.299518941283293, 39.044015423962179 ], [ -7.299368145358883, 39.044109557912989 ], [ -7.299173373550389, 39.044229676391332 ], [ -7.299092181112956, 39.044288007473639 ], [ -7.299035807841238, 39.044347505915233 ], [ -7.29894958434592, 39.044440837329752 ], [ -7.298888381469027, 39.044518402596175 ], [ -7.29878328862021, 39.044644390661929 ], [ -7.298704748696866, 39.044742281495687 ], [ -7.298667073738877, 39.044792903336806 ], [ -7.298565227133039, 39.044898464732491 ], [ -7.298544531595817, 39.044949299001935 ], [ -7.29849655900352, 39.045080194751691 ], [ -7.298444962500265, 39.045264206892547 ], [ -7.298387407060643, 39.045414220847952 ], [ -7.298342643951126, 39.04548848422786 ], [ -7.298170474617495, 39.045513196068306 ], [ -7.298155806101923, 39.045645253343594 ], [ -7.298136113062586, 39.04573588796417 ], [ -7.298107622444926, 39.045782886800652 ], [ -7.298125177082989, 39.045873788083242 ], [ -7.298100699863024, 39.045975281190316 ], [ -7.298043930925714, 39.046051126675309 ], [ -7.298010526602114, 39.046119876698384 ], [ -7.297958327802563, 39.046203015793232 ], [ -7.297961529980873, 39.046326493460626 ], [ -7.297997709163171, 39.046417528117452 ], [ -7.298029446330895, 39.046490375477944 ], [ -7.298046958277443, 39.046584907371631 ], [ -7.298064599671022, 39.046668547441719 ], [ -7.298077541325636, 39.046755783873998 ], [ -7.29808061546264, 39.046890154257611 ], [ -7.298101420939743, 39.047025683845085 ], [ -7.298031927151474, 39.047041127718778 ], [ -7.297862885896841, 39.047035595447646 ], [ -7.297699206392234, 39.047025778648205 ], [ -7.297599310315548, 39.047033621056961 ], [ -7.29750203007698, 39.047054543868327 ], [ -7.297399059848247, 39.047088486672124 ], [ -7.297295845422545, 39.047133143832966 ], [ -7.297148107240543, 39.047201265124833 ], [ -7.296997725046028, 39.047259460846902 ], [ -7.29677177306438, 39.047328823311929 ], [ -7.296564936781805, 39.047413272162963 ], [ -7.296430045131078, 39.047479591309148 ], [ -7.296280567261431, 39.047568143285737 ], [ -7.296169891220696, 39.04760842771713 ], [ -7.296016078279468, 39.047663351248211 ], [ -7.295857537715213, 39.047707072264188 ], [ -7.295579531698761, 39.047723814432814 ], [ -7.295349683150786, 39.047722166317932 ], [ -7.295110464554291, 39.047701717572956 ], [ -7.294904610192746, 39.047692766577399 ], [ -7.294727648328584, 39.047672849140277 ], [ -7.294579535299881, 39.047645662648911 ], [ -7.294469722319627, 39.047622447148989 ], [ -7.294416856014031, 39.047599639271695 ], [ -7.294355134855635, 39.047554339070075 ], [ -7.294165394712511, 39.047403543009253 ], [ -7.294094339838803, 39.047335838785052 ], [ -7.294012552519204, 39.047267965425654 ], [ -7.293895885903836, 39.047209209713536 ], [ -7.293797059482765, 39.047097042723941 ], [ -7.293674290295981, 39.047052090969899 ], [ -7.293500291594497, 39.046994751618683 ], [ -7.293356548029042, 39.046985704568193 ], [ -7.293140693798986, 39.046992162318986 ], [ -7.29295523650926, 39.047034894676557 ], [ -7.2928006957388, 39.047069837344459 ], [ -7.29261514194549, 39.047120580614909 ], [ -7.292470638520572, 39.047175625105567 ], [ -7.292284799250206, 39.047250403143281 ], [ -7.292098864572657, 39.047333193245841 ], [ -7.291969391764732, 39.047420394998518 ], [ -7.291804243046762, 39.047483302808587 ], [ -7.291634003986341, 39.047542168031363 ], [ -7.291412393458834, 39.047600661369785 ], [ -7.291267458994466, 39.047691758173258 ], [ -7.291153491263196, 39.047771058776263 ], [ -7.291106114885166, 39.047866865246206 ], [ -7.291079287652557, 39.047962820057705 ], [ -7.291047512989985, 39.048042714841856 ], [ -7.290995332797087, 39.048110443604685 ], [ -7.290871469448148, 39.048157622973697 ], [ -7.29076320682501, 39.04818889059009 ], [ -7.290624170557687, 39.048215930184952 ], [ -7.290459208064803, 39.048262812217096 ], [ -7.290391520199154, 39.048338440806766 ], [ -7.290303904026611, 39.048443681537258 ], [ -7.290137845745581, 39.04850086154341 ], [ -7.290034815177738, 39.048524154147046 ], [ -7.289935540937107, 39.048663652214891 ], [ -7.289895028382054, 39.048755000452999 ], [ -7.289763773046362, 39.048850701592642 ], [ -7.289711972173815, 39.048886383017006 ], [ -7.289664497797158, 39.048990200311749 ], [ -7.289612029694939, 39.049081962796798 ], [ -7.289575306934871, 39.049145796174479 ], [ -7.289523075703555, 39.049217530412228 ], [ -7.289466185558147, 39.049249168387874 ], [ -7.289372855984923, 39.049320604354563 ], [ -7.289253984155673, 39.049379836765262 ], [ -7.289135063282743, 39.049443076122955 ], [ -7.288995593652889, 39.049506165731898 ], [ -7.288861356890481, 39.049561280005754 ], [ -7.288691110444863, 39.049620140829759 ], [ -7.288530662079414, 39.049719133089113 ], [ -7.288416257406325, 39.049834484709322 ], [ -7.288291625758729, 39.049945754707792 ], [ -7.288218509833166, 39.050045380016591 ], [ -7.288207185414837, 39.050133434277392 ], [ -7.28817031763792, 39.050209284811928 ], [ -7.288060714042684, 39.050352712908484 ], [ -7.287977275204849, 39.050456269780575 ], [ -7.287842319581649, 39.050571470989318 ], [ -7.28769228559016, 39.05065851978037 ], [ -7.287547196812715, 39.050761628518117 ], [ -7.287428129947688, 39.05083688281271 ], [ -7.28733974292063, 39.050924378145325 ], [ -7.287297831545474, 39.050992178767849 ], [ -7.287229946529621, 39.051083829222826 ], [ -7.28721847734209, 39.051183900081682 ], [ -7.287242730613959, 39.051304261743375 ], [ -7.287293209753606, 39.051381768713028 ], [ -7.287280225357579, 39.051473189521261 ], [ -7.287208560644085, 39.051584447020865 ], [ -7.287114318770228, 39.05173199212156 ], [ -7.28708225111124, 39.051835920953899 ], [ -7.287034340650601, 39.051975789932065 ], [ -7.286971018597269, 39.052115547072368 ], [ -7.286979811361389, 39.052239802218899 ], [ -7.286921864754421, 39.052359567520256 ], [ -7.28690002456878, 39.052467576116818 ], [ -7.286827047476831, 39.052555182838404 ], [ -7.286688812402004, 39.052666291079852 ], [ -7.286554663520233, 39.052713391136031 ], [ -7.286364049475897, 39.052756075464991 ], [ -7.286173722307297, 39.05277472424136 ], [ -7.286033143619219, 39.052777771927474 ], [ -7.285883485670052, 39.052832770700036 ], [ -7.285718702018917, 39.052863622954654 ], [ -7.285665672580058, 39.052920874597824 ], [ -7.285545556713925, 39.052957295322315 ], [ -7.285466280731431, 39.052969690805234 ], [ -7.285358354454321, 39.052991336713738 ], [ -7.285247729528484, 39.053026023726808 ], [ -7.285146880022414, 39.053055199785433 ], [ -7.285031769207327, 39.053069312452251 ], [ -7.284775093821182, 39.053106633516414 ], [ -7.284635919036735, 39.053133633369434 ], [ -7.284549337084594, 39.053147959417942 ], [ -7.284406230388481, 39.053206561899316 ], [ -7.284297670688221, 39.053261858602781 ], [ -7.284168368179546, 39.05333302848986 ], [ -7.284131686248211, 39.053392853857709 ], [ -7.284151613508025, 39.053445080075903 ], [ -7.284176629694826, 39.053501348052684 ], [ -7.28424265055847, 39.053565927532816 ], [ -7.284313473851854, 39.053658585765199 ], [ -7.284348285564871, 39.053754987491793 ], [ -7.284331913564428, 39.053834991525747 ], [ -7.28428471680073, 39.053914772106218 ], [ -7.284237806542889, 39.053970517435722 ], [ -7.284180861120991, 39.054006158000263 ], [ -7.28408871337014, 39.054020859329803 ], [ -7.283982738414961, 39.054072421134165 ], [ -7.283900613434621, 39.054129651064187 ], [ -7.283753377751053, 39.054231354892728 ], [ -7.283503407735649, 39.054372644660106 ], [ -7.283292391474016, 39.054400305779133 ], [ -7.282999065790672, 39.054438230453925 ], [ -7.282798122036333, 39.054484839234931 ], [ -7.282508107572411, 39.054675021016024 ], [ -7.282388711622796, 39.054779976977748 ], [ -7.282260683255377, 39.054868668114324 ], [ -7.2821639391539, 39.054950202165045 ], [ -7.28202381339896, 39.055055651418868 ], [ -7.281931824145169, 39.055135327505077 ], [ -7.281825510712676, 39.055214808883058 ], [ -7.281707251747502, 39.055288706601523 ], [ -7.281615788850112, 39.055334698376321 ], [ -7.281524380749273, 39.055365827269647 ], [ -7.281385214929368, 39.055390936213293 ], [ -7.281236531813081, 39.0554103881435 ], [ -7.281096756756105, 39.055409368858243 ], [ -7.28092202712473, 39.055404405432114 ], [ -7.280771095493577, 39.05540888615387 ], [ -7.280598794032553, 39.055403939989951 ], [ -7.280493331107864, 39.055412446682247 ], [ -7.280286915517999, 39.055438950594656 ], [ -7.280111894528162, 39.055458298558079 ], [ -7.279946478757874, 39.055466373434797 ], [ -7.279809013950509, 39.055465369506486 ], [ -7.279641249281518, 39.055477204491474 ], [ -7.27944979153939, 39.055470219465661 ], [ -7.279306062632289, 39.055471062459141 ], [ -7.27913591423121, 39.055479185306289 ], [ -7.279011685517507, 39.055472690033895 ], [ -7.278884825074083, 39.055464379265267 ], [ -7.278724174258085, 39.055479959896701 ], [ -7.278530064879463, 39.055491602074845 ], [ -7.278371742839016, 39.055514760145037 ], [ -7.278182289700418, 39.055488694621957 ], [ -7.277920411700016, 39.05547475589858 ], [ -7.277663188599505, 39.055500912300545 ], [ -7.27745234896804, 39.05551539071282 ], [ -7.277175057791967, 39.055501337227 ], [ -7.276933392735785, 39.055515587553906 ], [ -7.276738159745844, 39.055514154082658 ], [ -7.276594303502633, 39.055513097628911 ], [ -7.27641419335045, 39.055535811982345 ], [ -7.276300583789274, 39.055583051951807 ], [ -7.276098475568776, 39.055645563074052 ], [ -7.276001467392552, 39.05566169229261 ], [ -7.275905678369933, 39.055662883418279 ], [ -7.275776170109961, 39.055682468416258 ], [ -7.275653750559932, 39.055698415935964 ], [ -7.275529048137919, 39.055712359494791 ], [ -7.275420677825974, 39.055688756556677 ], [ -7.275302656261889, 39.055675869857879 ], [ -7.275199998387126, 39.055667102578639 ], [ -7.275071653285473, 39.0556581462182 ], [ -7.274979367581643, 39.055641442024807 ], [ -7.274861443168943, 39.055620543462716 ], [ -7.27474870431582, 39.055595676432368 ], [ -7.274666937558822, 39.05555901953413 ], [ -7.274554538445554, 39.055506111904599 ], [ -7.274452367248155, 39.055457285089119 ], [ -7.274334830334269, 39.055404339419461 ], [ -7.274176241790373, 39.055347084770396 ], [ -7.274007377274305, 39.055289754207514 ], [ -7.273916912295491, 39.055289598475262 ], [ -7.273827983752608, 39.055259041219202 ], [ -7.273711188976615, 39.055220799657803 ], [ -7.273606177606401, 39.055192017082398 ], [ -7.27348169487062, 39.055187407416781 ], [ -7.273395337467607, 39.055192353656118 ], [ -7.273342441105417, 39.055210612736659 ], [ -7.273274963840016, 39.05524938595984 ], [ -7.27322643510982, 39.055297579239813 ], [ -7.273175375708519, 39.055364489345955 ], [ -7.273133195960794, 39.055403362548368 ], [ -7.273048768192407, 39.055449490432984 ], [ -7.27296459243219, 39.055484359894649 ], [ -7.272861307562677, 39.055513412741732 ], [ -7.272748358358339, 39.055538794820414 ], [ -7.272654800153922, 39.055556748195301 ], [ -7.272529933134517, 39.05558384452047 ], [ -7.272431542718842, 39.055599960566262 ], [ -7.272321089140979, 39.055619683248892 ], [ -7.27215808455112, 39.055676734795888 ], [ -7.272024260009495, 39.055695777538432 ], [ -7.271885347065184, 39.055710776935221 ], [ -7.271757148379344, 39.055689799362661 ], [ -7.271649466383692, 39.055644550393197 ], [ -7.271508284960679, 39.055636034838102 ], [ -7.271345747181293, 39.05560682070373 ], [ -7.271224410657297, 39.055556229905491 ], [ -7.27108647197419, 39.055491111543866 ], [ -7.270932779335234, 39.055453919459168 ], [ -7.270827018764008, 39.055532013999688 ], [ -7.270591621924993, 39.055519017548207 ], [ -7.270469406956298, 39.055527481345052 ], [ -7.270342302651009, 39.055548971451785 ], [ -7.270147875179667, 39.055586719832483 ], [ -7.270037465937921, 39.055602751224555 ], [ -7.26994143393071, 39.055624469943936 ], [ -7.269809521430299, 39.055642138047617 ], [ -7.269552755044312, 39.055666364038295 ], [ -7.269250851729899, 39.055679080476985 ], [ -7.268991891409415, 39.055703288078973 ], [ -7.268752288829893, 39.055712685307995 ], [ -7.268541821243361, 39.055692484272633 ], [ -7.268403489506922, 39.055639125367875 ], [ -7.268155668552962, 39.055536408623773 ], [ -7.267888852923806, 39.055418505283917 ], [ -7.267602636283645, 39.055319289232635 ], [ -7.267302094322172, 39.05521986974864 ], [ -7.267049218971773, 39.055143235647058 ], [ -7.266529121274488, 39.054963823151951 ], [ -7.26629528772518, 39.054898589128292 ], [ -7.266181775586974, 39.054610321146718 ], [ -7.266105737241886, 39.054564899660775 ], [ -7.266015536457685, 39.054497031640572 ], [ -7.265988043297773, 39.054487550446716 ], [ -7.265937930245167, 39.054475919412631 ], [ -7.265892187532094, 39.054494318377252 ], [ -7.265846106822894, 39.054540629808336 ], [ -7.265821490501498, 39.054598365569127 ], [ -7.265823948624356, 39.054689989646384 ], [ -7.265794090557984, 39.054779481825513 ], [ -7.26576945208204, 39.054839017997558 ], [ -7.265697147220766, 39.054875863857639 ], [ -7.265595196179884, 39.05489006058955 ], [ -7.265374911559755, 39.054888425346945 ], [ -7.265248139770179, 39.054872529646744 ], [ -7.26513572383896, 39.05486422044406 ], [ -7.265027971069619, 39.054861526861238 ], [ -7.26491047073529, 39.054871913294257 ], [ -7.264746417266185, 39.054872496959824 ], [ -7.264573500118341, 39.054908588413589 ], [ -7.264270952227132, 39.054973628569499 ], [ -7.264088611052733, 39.055005869564717 ], [ -7.26389660712576, 39.055034253323839 ], [ -7.263787238178418, 39.055050196475847 ], [ -7.263657658391495, 39.055075439465639 ], [ -7.263573728613531, 39.055080402832608 ], [ -7.263429729632559, 39.055112927769834 ], [ -7.263329071148302, 39.055115962916339 ], [ -7.263216447316085, 39.05512449154341 ], [ -7.263158808332904, 39.055133248291021 ], [ -7.263062610063619, 39.055168021805031 ], [ -7.26300009448248, 39.055188092380817 ], [ -7.262918498670573, 39.055200636245388 ], [ -7.262793396222336, 39.055199704502705 ], [ -7.262632903220318, 39.05520220422774 ], [ -7.26250110142724, 39.055210589014074 ], [ -7.262380991864844, 39.055235815708194 ], [ -7.262227427125755, 39.055257100298157 ], [ -7.262062010781923, 39.055274510334499 ], [ -7.261685670403943, 39.055299810172507 ], [ -7.26149652839807, 39.055302088850922 ], [ -7.261397345672653, 39.055306934847927 ], [ -7.261210605893319, 39.055301847611922 ], [ -7.260870414712586, 39.055299308229834 ], [ -7.260719665286129, 39.055288816492144 ], [ -7.260618384203802, 39.055276890472093 ], [ -7.260510882627114, 39.055253659409395 ], [ -7.260398512164901, 39.055241561049684 ], [ -7.260266824076455, 39.055231300541337 ], [ -7.260166375207977, 39.055226764664724 ], [ -7.259973234947368, 39.055243965111544 ], [ -7.25975230606851, 39.055294649499288 ], [ -7.259469023385061, 39.055352251580068 ], [ -7.25923850035465, 39.055402859514587 ], [ -7.258983639393349, 39.055479406170299 ], [ -7.258776958378729, 39.055545144256648 ], [ -7.258544203014315, 39.055618168025788 ], [ -7.258365829266544, 39.055702760372668 ], [ -7.25819687925943, 39.055809857091795 ], [ -7.258003629290833, 39.055939104284882 ], [ -7.257781499354692, 39.056086963555082 ], [ -7.257442017007009, 39.056307806850647 ], [ -7.257282933775705, 39.056392543265538 ], [ -7.257071077552113, 39.056484362829231 ], [ -7.256816065462337, 39.056572071905045 ], [ -7.256599591494235, 39.056645213196802 ], [ -7.256412203875477, 39.056692352974508 ], [ -7.256210645664406, 39.056717053739014 ], [ -7.256028226701436, 39.056745497474878 ], [ -7.25585051537396, 39.056785329320867 ], [ -7.255701246665605, 39.056851402803652 ], [ -7.255382604669252, 39.057058253340564 ], [ -7.25524267145257, 39.057135655796763 ], [ -7.255093584361585, 39.057186866676773 ], [ -7.254908127458066, 39.057077116996403 ], [ -7.25466563878626, 39.056936939047972 ], [ -7.254465657880699, 39.056834552736767 ], [ -7.254237069370958, 39.05672825654009 ], [ -7.254089461992156, 39.056659861137845 ], [ -7.25398658244435, 39.056636748978185 ], [ -7.253859863036764, 39.056617056365184 ], [ -7.253694787974633, 39.056606538506919 ], [ -7.253541588847433, 39.056597910574354 ], [ -7.253358546010139, 39.056583379918713 ], [ -7.253119193489088, 39.056562934950854 ], [ -7.252875248265308, 39.056531189217154 ], [ -7.25264578514772, 39.056495772789376 ], [ -7.252449550424817, 39.056483124549494 ], [ -7.25224363041913, 39.056477878101262 ], [ -7.252003747252775, 39.056509665505082 ], [ -7.251816774623017, 39.05652320956542 ], [ -7.251644419326358, 39.05652190965418 ], [ -7.25148651130664, 39.056501984127138 ], [ -7.251397056309049, 39.056477079609536 ], [ -7.251292052605174, 39.056448270724211 ], [ -7.251218170044052, 39.056425285307881 ], [ -7.251136895794885, 39.056411610783044 ], [ -7.251012297372422, 39.056416256620103 ], [ -7.250911476470599, 39.056432250525518 ], [ -7.250824976266893, 39.056457806899338 ], [ -7.250752824677403, 39.056481491936736 ], [ -7.250655578884965, 39.056497603644871 ], [ -7.250559540024091, 39.056519306317576 ], [ -7.250473198619318, 39.056531625392715 ], [ -7.250353158070052, 39.056541977907706 ], [ -7.250214189380923, 39.056550204462582 ], [ -7.250089643610125, 39.056551155758903 ], [ -7.249984105186018, 39.056565306247336 ], [ -7.249856986313475, 39.056577407037793 ], [ -7.249791325700389, 39.056589971411043 ], [ -7.249671446488973, 39.056596539518189 ], [ -7.249546940843078, 39.056593801090195 ], [ -7.249362620091564, 39.05658862222203 ], [ -7.249240547302488, 39.056585805523568 ], [ -7.24914004917941, 39.056575769734856 ], [ -7.249018295231165, 39.056546832739052 ], [ -7.24890737608423, 39.056529152397751 ], [ -7.248807088048132, 39.056511546259884 ], [ -7.248713656482317, 39.056508952492557 ], [ -7.248620184602843, 39.056519498400348 ], [ -7.248512150322859, 39.056539222247068 ], [ -7.248404139689089, 39.056557046503372 ], [ -7.248298483974376, 39.056580567718228 ], [ -7.24820253875952, 39.056594794781681 ], [ -7.248119684632568, 39.056614703022269 ], [ -7.247999597254648, 39.056638114446947 ], [ -7.247918037638122, 39.056646863141829 ], [ -7.247831864543703, 39.056646210820915 ], [ -7.247745875893901, 39.05663060478247 ], [ -7.247667280956724, 39.056596321142678 ], [ -7.247593446243089, 39.056550905269432 ], [ -7.247520007307242, 39.056483154801988 ], [ -7.247439525806595, 39.056405892990256 ], [ -7.24736874677249, 39.056328789484397 ], [ -7.247319195265272, 39.056263021803325 ], [ -7.247264910021069, 39.056197217242691 ], [ -7.247221599650802, 39.056140863765229 ], [ -7.247160243388829, 39.056076893400714 ], [ -7.2470821134344, 39.05599595525306 ], [ -7.247022990075688, 39.055938307890202 ], [ -7.246961496057128, 39.055876144167193 ], [ -7.246888432883812, 39.055787679038723 ], [ -7.246841453468608, 39.05571075606538 ], [ -7.246780354988886, 39.055616889956973 ], [ -7.246695347497739, 39.055522836684851 ], [ -7.246629623246323, 39.055429378502183 ], [ -7.246378704910569, 39.055188328712681 ], [ -7.246202952787432, 39.05507115833268 ], [ -7.246036887022401, 39.054946586991278 ], [ -7.245880351709815, 39.054825872846685 ], [ -7.245704788459038, 39.054693749896636 ], [ -7.245529272058387, 39.054557936689122 ], [ -7.245367752917996, 39.054448348649977 ], [ -7.245258652595052, 39.054369065981504 ], [ -7.245181196241453, 39.054336499849256 ], [ -7.245112147562319, 39.054306072099202 ], [ -7.245011770705243, 39.054286661442426 ], [ -7.24484672746182, 39.054274147883213 ], [ -7.244736688579679, 39.054260248912847 ], [ -7.24462194313682, 39.054244427823065 ], [ -7.244495323319446, 39.054217342409672 ], [ -7.244387805189573, 39.054195988842373 ], [ -7.244287639043907, 39.05416901381772 ], [ -7.244187425157527, 39.054136546505362 ], [ -7.244045613793967, 39.054086015532299 ], [ -7.243907288467846, 39.054034523751355 ], [ -7.243802477912545, 39.053990757253331 ], [ -7.243685631581739, 39.053948796738354 ], [ -7.24355201333274, 39.053899227494924 ], [ -7.243459077412322, 39.053866724096849 ], [ -7.243349301749099, 39.053832291560177 ], [ -7.243239755804261, 39.053788492932597 ], [ -7.243010169858949, 39.053740493962188 ], [ -7.242784520489418, 39.053706722125 ], [ -7.242592853343203, 39.053694575897666 ], [ -7.242380435460488, 39.053698295108724 ], [ -7.242078831947287, 39.053712015384797 ], [ -7.241798741658227, 39.053709875062452 ], [ -7.241555424210868, 39.053689023003457 ], [ -7.241275931231587, 39.053639405963096 ], [ -7.241045508222496, 39.053561674872242 ], [ -7.240963372893361, 39.053439570407036 ], [ -7.240889544609844, 39.053403517183227 ], [ -7.240801699089725, 39.05334303566881 ], [ -7.240711644562485, 39.053265695969721 ], [ -7.240670296623561, 39.05322790770488 ], [ -7.240591832715306, 39.053174976703083 ], [ -7.240491973371153, 39.053123770752215 ], [ -7.240384646555149, 39.053078184944958 ], [ -7.240251031016623, 39.053037888713078 ], [ -7.24011755853441, 39.052986429599535 ], [ -7.239998358268552, 39.052948136821819 ], [ -7.239814714367152, 39.052881339876315 ], [ -7.239633606319522, 39.052814557566379 ], [ -7.239512073957687, 39.052768862124395 ], [ -7.239349863244843, 39.05271529036645 ], [ -7.23925812579398, 39.052680090579379 ], [ -7.239133907003386, 39.052654909321525 ], [ -7.238976198523601, 39.052629382000887 ], [ -7.238830220637074, 39.052617005211296 ], [ -7.238684500353334, 39.052593460986223 ], [ -7.238557764158164, 39.052575649514374 ], [ -7.238505258833385, 39.052562185970238 ], [ -7.238411950102898, 39.052550212667043 ], [ -7.238307621473277, 39.052542024335487 ], [ -7.23812815188349, 39.052529390594778 ], [ -7.237974962677657, 39.052520743222537 ], [ -7.237860055698559, 39.052517969637726 ], [ -7.237773886702341, 39.052517309934721 ], [ -7.237656693918518, 39.052503350273611 ], [ -7.237447742898841, 39.052508518414044 ], [ -7.237182429640397, 39.05254209052837 ], [ -7.236835097218058, 39.052560788261509 ], [ -7.236488034801796, 39.052558120483504 ], [ -7.236186729224904, 39.05254868140495 ], [ -7.235858113847424, 39.05253190925621 ], [ -7.235575074013187, 39.052522609126171 ], [ -7.235264814612328, 39.052498855290715 ], [ -7.235046069129412, 39.052461560109855 ], [ -7.23488239329634, 39.052403323028742 ], [ -7.234727490115954, 39.05237364203078 ], [ -7.234600076101067, 39.052337049534188 ], [ -7.234435949635045, 39.052314418371914 ], [ -7.234290089871999, 39.052291928663713 ], [ -7.234144501088808, 39.052248073411612 ], [ -7.234024981313427, 39.052154889741743 ], [ -7.233758613574253, 39.052007094630888 ], [ -7.233563950234962, 39.051871117615704 ], [ -7.233316997743935, 39.051704828549752 ], [ -7.23317656099778, 39.051507033239098 ], [ -7.232973877901587, 39.051195751777286 ], [ -7.232667795044765, 39.051003467034278 ], [ -7.232442254437728, 39.05086244877247 ], [ -7.232232950317874, 39.05072155549643 ], [ -7.232007088542139, 39.050605857434853 ], [ -7.23173187486938, 39.050540422754324 ], [ -7.231390296190916, 39.050474776971612 ], [ -7.231126689447493, 39.050388378414688 ], [ -7.230618148819763, 39.050220760978689 ], [ -7.230227053209817, 39.05012361509587 ], [ -7.229740933493335, 39.050043881885877 ], [ -7.229206590545709, 39.049925788526139 ], [ -7.22885036216858, 39.049847057363174 ], [ -7.228348656793893, 39.049716551372612 ], [ -7.227521906478353, 39.049608843242197 ], [ -7.226970687142104, 39.049541253848076 ], [ -7.226467043942141, 39.049562663133464 ], [ -7.226126086580115, 39.049560012032792 ], [ -7.225281970790858, 39.049540782595649 ], [ -7.22476290281531, 39.04949875655781 ], [ -7.223902715383034, 39.049466730205346 ], [ -7.223059414003963, 39.049384184049387 ], [ -7.222330743796375, 39.049226558324293 ], [ -7.221439716077877, 39.049067658104413 ], [ -7.220842405479507, 39.04879709676333 ], [ -7.220228049564647, 39.048589705932031 ], [ -7.2198552772569, 39.048536141353971 ], [ -7.21944954384213, 39.048520301738137 ], [ -7.218848817934404, 39.048515594030924 ], [ -7.218296800686861, 39.048511265310324 ], [ -7.217501571411361, 39.048479702205363 ], [ -7.217015478292697, 39.04839991533192 ], [ -7.21648117002052, 39.048281764032502 ], [ -7.215979662059851, 39.04813854472193 ], [ -7.215607386981617, 39.048046987030098 ], [ -7.215072756046002, 39.047954149360173 ], [ -7.214571582470753, 39.047785604030906 ], [ -7.214268894082684, 39.047661294121433 ], [ -7.213914171407562, 39.047468576185764 ], [ -7.21357568652886, 39.047275986100267 ], [ -7.213254075181268, 39.047032185725122 ], [ -7.212628801038652, 39.046420197040568 ], [ -7.212101256329921, 39.045782957905971 ], [ -7.211218690312905, 39.044978311377584 ], [ -7.210574396034158, 39.044580710383514 ], [ -7.209483612833623, 39.043559158112892 ], [ -7.208752495762718, 39.043088642285859 ], [ -7.207910983338442, 39.042691807991275 ], [ -7.205997492575107, 39.041866278458173 ], [ -7.204883415465146, 39.041484137148025 ], [ -7.203734573989243, 39.04127803247389 ], [ -7.202507517925588, 39.040938111134501 ], [ -7.201666066607303, 39.040541233269884 ], [ -7.201172130202312, 39.040057088254706 ], [ -7.200755947778943, 39.03951353892748 ], [ -7.200302871270058, 39.038849642728401 ], [ -7.199620003626586, 39.038010865603503 ], [ -7.198966106167151, 39.037119325660946 ], [ -7.198680246091303, 39.036635898633669 ], [ -7.198016510317387, 39.035858047500227 ], [ -7.197978959929626, 39.0357979424059 ], [ -7.197931942408561, 39.03572847921928 ], [ -7.197828198286696, 39.03560802757103 ], [ -7.197799072444942, 39.035583473907337 ], [ -7.197735162169686, 39.035525043508507 ], [ -7.197678605468418, 39.035461091036915 ], [ -7.197619483464807, 39.035398914047391 ], [ -7.197562853296803, 39.035340548249252 ], [ -7.197496670236563, 39.035270931155459 ], [ -7.197428205003276, 39.035199313176733 ], [ -7.197366845128815, 39.035131537091331 ], [ -7.197206084635984, 39.034973336613703 ], [ -7.197091814674902, 39.0348803671369 ], [ -7.196883448826306, 39.034697469463651 ], [ -7.196793541020964, 39.034614509757354 ], [ -7.196713084171257, 39.034540992701693 ], [ -7.196618364878052, 39.034463672526762 ], [ -7.196528430511761, 39.034382158097486 ], [ -7.196438416734853, 39.034306761720202 ], [ -7.196346216048733, 39.034221896194218 ], [ -7.196256137004105, 39.034151997297954 ], [ -7.196198794979775, 39.034103706252225 ], [ -7.196144377956087, 39.034052825614523 ], [ -7.196080471498871, 39.033994399740571 ], [ -7.196030851256989, 39.033947343415896 ], [ -7.195969087871839, 39.03390199189527 ], [ -7.195907387861127, 39.0338603294012 ], [ -7.19583605442954, 39.033822374392656 ], [ -7.19570306643279, 39.03373916493333 ], [ -7.195639038131453, 39.033690009204477 ], [ -7.195579187102858, 39.033639810627207 ], [ -7.195524772068658, 39.033588839641325 ], [ -7.195411549252034, 39.033460926230731 ], [ -7.195380862116507, 39.033423297708389 ], [ -7.195357348919969, 39.033393205740126 ], [ -7.19530924739062, 39.033336341397103 ], [ -7.195254930378469, 39.033277986766151 ], [ -7.195191128821471, 39.033212082362006 ], [ -7.195132009583844, 39.033150000507 ], [ -7.195065968002433, 39.033078400625101 ], [ -7.195011725239162, 39.033014460057274 ], [ -7.19494557179625, 39.032942953785145 ], [ -7.1948866436088, 39.032875190541816 ], [ -7.194834782140403, 39.032814248709833 ], [ -7.194782893207387, 39.032755914290156 ], [ -7.194728667885179, 39.032690081264526 ], [ -7.194690925403875, 39.032644921415312 ], [ -7.194655632976504, 39.032597889702082 ], [ -7.194610949215403, 39.032535832749808 ], [ -7.194556800356037, 39.032464418341952 ], [ -7.194523909237225, 39.032419296574368 ], [ -7.194491036202802, 39.032372374353692 ], [ -7.194448737292441, 39.032304749208421 ], [ -7.194411449329428, 39.032233380345374 ], [ -7.194376410008934, 39.032158430190421 ], [ -7.194343858996707, 39.032087097626942 ], [ -7.19430883756375, 39.032019621976566 ], [ -7.194271410540981, 39.03195014351185 ], [ -7.194238790361356, 39.031884489558131 ], [ -7.194199028985242, 39.031816794669993 ], [ -7.194177017924599, 39.031778515069618 ], [ -7.194139220475546, 39.031737135022972 ], [ -7.194084559954396, 39.031704900483213 ], [ -7.194020139963166, 39.031685649046615 ], [ -7.193941479735688, 39.031660785667469 ], [ -7.193857937699445, 39.031637686215809 ], [ -7.193781802657215, 39.031605279507353 ], [ -7.193693588372698, 39.031569079706621 ], [ -7.193617281040787, 39.031540451029606 ], [ -7.193533870203609, 39.031507985555358 ], [ -7.19344816460674, 39.03147369824319 ], [ -7.193362474566181, 39.031430045947175 ], [ -7.193307889788856, 39.031392224332905 ], [ -7.193244342195679, 39.03130749623287 ], [ -7.193171178496078, 39.031224667742357 ], [ -7.193140715431438, 39.031170285672033 ], [ -7.193091397330832, 39.031100716402413 ], [ -7.193032619232926, 39.031021784185718 ], [ -7.192983166640842, 39.030954100846508 ], [ -7.192938534300509, 39.030888349705684 ], [ -7.192891592598343, 39.03082257903128 ], [ -7.192835027644832, 39.030751054266062 ], [ -7.192778436534808, 39.030681511802179 ], [ -7.192714732923551, 39.030608127936901 ], [ -7.192648677912541, 39.030538423536939 ], [ -7.192554018040402, 39.030447943344953 ], [ -7.192461786116179, 39.030366767537167 ], [ -7.192381264486696, 39.03029892075137 ], [ -7.192333438111149, 39.030256653965168 ], [ -7.192233926204294, 39.030175505730597 ], [ -7.192158233179907, 39.030109503734174 ], [ -7.19207766436803, 39.03004525843771 ], [ -7.192006417218942, 39.029992444892116 ], [ -7.191954161184958, 39.029962116716412 ], [ -7.191866238563797, 39.029912771513231 ], [ -7.191780444638263, 39.029885957549446 ], [ -7.191701566854139, 39.029868475217135 ], [ -7.191606017906615, 39.029854648601997 ], [ -7.191517550731804, 39.029846457392026 ], [ -7.191440999870911, 39.029836472555317 ], [ -7.191362262689799, 39.029817195043144 ], [ -7.191312682332017, 39.029802652125476 ], [ -7.191229414054404, 39.029768292791296 ], [ -7.191157989117301, 39.029737814873116 ], [ -7.191093792996348, 39.029701807069671 ], [ -7.191015304834239, 39.029663791331288 ], [ -7.190948737626305, 39.029624070341136 ], [ -7.190874984998768, 39.029586099064574 ], [ -7.190798899189769, 39.029549904978303 ], [ -7.190729757859967, 39.029521332308207 ], [ -7.190672592568875, 39.029504120180498 ], [ -7.190605649073143, 39.029492320857194 ], [ -7.190536377983442, 39.029482395152016 ], [ -7.190450294989017, 39.029468638681386 ], [ -7.190342955983209, 39.029437865509188 ], [ -7.190211914478907, 39.029391950968055 ], [ -7.190083182486122, 39.029346146828125 ], [ -7.18993080319397, 39.029281234783561 ], [ -7.189792615417, 39.029216613858729 ], [ -7.189694580106405, 39.029154935102646 ], [ -7.189578305695673, 39.029075451418556 ], [ -7.189480952726139, 39.029014855293902 ], [ -7.189381270945257, 39.028946855936823 ], [ -7.189305458543377, 39.028890127000366 ], [ -7.189224874253658, 39.028827863953175 ], [ -7.189169845884922, 39.028779950268735 ], [ -7.189124971621336, 39.02873283843153 ], [ -7.189080261962088, 39.028682038456701 ], [ -7.189049704832062, 39.028635042463691 ], [ -7.189021622884717, 39.028584372540159 ], [ -7.188993490638599, 39.028537486233269 ], [ -7.188936675307751, 39.028494062601197 ], [ -7.188846256351989, 39.028450277737825 ], [ -7.188772306034608, 39.028427251401155 ], [ -7.188681514495672, 39.02841156304293 ], [ -7.188583442660684, 39.028405188816201 ], [ -7.188482333728627, 39.028392391917649 ], [ -7.188376964605365, 39.028387845481305 ], [ -7.188247850034518, 39.028379327074674 ], [ -7.188164146867535, 39.028369278552539 ], [ -7.187972491386283, 39.028392139546398 ], [ -7.187852701151713, 39.028394865496722 ], [ -7.18776764180935, 39.028399849045542 ], [ -7.187669645719161, 39.028387797267605 ], [ -7.18755738196684, 39.028362659017418 ], [ -7.187399698071975, 39.028340755391866 ], [ -7.187043470641639, 39.028294817314951 ], [ -7.186782987378455, 39.028257218527735 ], [ -7.186665505576344, 39.02825996108708 ], [ -7.186521723308418, 39.02826068860405 ], [ -7.186368495568227, 39.028259446813131 ], [ -7.186244123863342, 39.028250960182099 ], [ -7.186104521423816, 39.028249828649685 ], [ -7.185941860055354, 39.028237341368417 ], [ -7.18581500616683, 39.02823253258348 ], [ -7.185693035313673, 39.028225957328829 ], [ -7.185568558139403, 39.028224948007832 ], [ -7.185433642963355, 39.028227547705086 ], [ -7.185316401743579, 39.028221010483172 ], [ -7.185220652086928, 39.028222125781816 ], [ -7.18511067209292, 39.028208172077612 ], [ -7.185019955113138, 39.028186899561362 ], [ -7.184881574932296, 39.028146507617571 ], [ -7.184790883390103, 39.028123342664912 ], [ -7.184688351572842, 39.028096297338777 ], [ -7.18458966530202, 39.02806640351222 ], [ -7.184446498583255, 39.02802975255689 ], [ -7.184336613283585, 39.02800831820641 ], [ -7.18422901154691, 39.027998077873477 ], [ -7.184145357645054, 39.027984336518657 ], [ -7.184054467734517, 39.027976124451115 ], [ -7.183982697262426, 39.027971761846125 ], [ -7.183913406299184, 39.027954352265809 ], [ -7.183811031917063, 39.027906862339698 ], [ -7.183713361380919, 39.02787057894848 ], [ -7.183636413810923, 39.027838787739455 ], [ -7.18356501828154, 39.027806502130815 ], [ -7.1835077649221, 39.027787303242405 ], [ -7.183447952730941, 39.027786817188769 ], [ -7.18333774379007, 39.027789702082977 ], [ -7.183242075259492, 39.027785143527701 ], [ -7.18315604528392, 39.027767688159798 ], [ -7.183048812202171, 39.027729433868885 ], [ -7.182946439953553, 39.027681852227985 ], [ -7.182907553431862, 39.027662173939326 ], [ -7.182857588303121, 39.027633660951167 ], [ -7.182824874814713, 39.027575476532419 ], [ -7.182797023244848, 39.027507965768102 ], [ -7.182778428697022, 39.027464849633688 ], [ -7.182743245624176, 39.027410430901959 ], [ -7.182684009162386, 39.027366894434515 ], [ -7.182588766657151, 39.027321263039617 ], [ -7.182471951918487, 39.027283021113696 ], [ -7.182362224931698, 39.027250332288759 ], [ -7.182235903916993, 39.027206336146129 ], [ -7.182184447405991, 39.027193937652171 ], [ -7.182098536188064, 39.027176396903947 ], [ -7.182002901686266, 39.027160664771039 ], [ -7.181845238320769, 39.027137043301757 ], [ -7.181716168189141, 39.027117258723671 ], [ -7.181553559912099, 39.027100979934957 ], [ -7.181436471972558, 39.027083179856994 ], [ -7.181324044373953, 39.027071095986123 ], [ -7.18121418569826, 39.027047772757513 ], [ -7.181130735201712, 39.027019082140356 ], [ -7.181049884886473, 39.026977256404493 ], [ -7.180973880651425, 39.02693556564941 ], [ -7.180883266947933, 39.026906810979035 ], [ -7.180778198180998, 39.026879655941983 ], [ -7.180656356864534, 39.026854432866351 ], [ -7.180558025536731, 39.02683345320856 ], [ -7.180467363627227, 39.0268083980828 ], [ -7.180291174518135, 39.026728502292592 ], [ -7.180210368809457, 39.026682985988103 ], [ -7.180105871781535, 39.026622328202272 ], [ -7.180001418891865, 39.026557881249154 ], [ -7.179948154643784, 39.0265253794839 ], [ -7.17987227620676, 39.026474321291886 ], [ -7.179827033396209, 39.026455214249616 ], [ -7.179762476722784, 39.026447212252329 ], [ -7.179693026639636, 39.026450431336606 ], [ -7.179621308895345, 39.026442366224373 ], [ -7.17951381071934, 39.026424648015215 ], [ -7.179384841879212, 39.026397471978527 ], [ -7.179243884415349, 39.026368220626416 ], [ -7.179117316258492, 39.026342957292407 ], [ -7.178969270608652, 39.026317428063692 ], [ -7.178884307005444, 39.026298084909115 ], [ -7.178750579126373, 39.026272677035394 ], [ -7.178650235716617, 39.026255011166135 ], [ -7.178530624598388, 39.026244667317471 ], [ -7.178437210058977, 39.02624390370238 ], [ -7.178365366611028, 39.026245209042088 ], [ -7.178271943827268, 39.026253812975277 ], [ -7.178185617623273, 39.026258689099883 ], [ -7.178070254828445, 39.026293236659768 ], [ -7.177947788800235, 39.026314663334929 ], [ -7.177863802484169, 39.026334608929339 ], [ -7.177753502024398, 39.026344874815479 ], [ -7.177638282790819, 39.026351407251362 ], [ -7.177516286073118, 39.026346624737542 ], [ -7.177403786317302, 39.026340122922669 ], [ -7.177295051002242, 39.026327973550273 ], [ -7.177187495792968, 39.026314032258014 ], [ -7.177082342267918, 39.026301912941896 ], [ -7.176967541814752, 39.026286019598679 ], [ -7.176869650142438, 39.026266575310181 ], [ -7.176788395665994, 39.026254650749777 ], [ -7.176699883922462, 39.026250231984335 ], [ -7.176611247127335, 39.026255092501238 ], [ -7.176517638058117, 39.026269276317429 ], [ -7.17628836202177, 39.026315949556313 ], [ -7.176211530768313, 39.026335856271437 ], [ -7.176146623519005, 39.0263540637768 ], [ -7.176084108701181, 39.026374086960367 ], [ -7.175961843626948, 39.026380559929706 ], [ -7.1757894578481, 39.026379147048395 ], [ -7.1756433192463, 39.026383537585865 ], [ -7.175545200616451, 39.026380931550229 ], [ -7.175470982173747, 39.026378429778248 ], [ -7.175399215179535, 39.026374056522705 ], [ -7.175306152983444, 39.026347177096163 ], [ -7.175191771056484, 39.026308856896677 ], [ -7.17514890449154, 39.026293551588445 ], [ -7.17506275430633, 39.026285370549395 ], [ -7.174992090991578, 39.026284791038542 ], [ -7.174915612094344, 39.026278576391483 ], [ -7.174769750961475, 39.026262431132473 ], [ -7.174630944361552, 39.026253814437155 ], [ -7.174508730463511, 39.026256504977262 ], [ -7.174384111990326, 39.026266741881699 ], [ -7.174264173005723, 39.026280711974827 ], [ -7.174132291254911, 39.026298273208887 ], [ -7.174033896412091, 39.026316205116011 ], [ -7.173911380507275, 39.026341316587121 ], [ -7.173786528414115, 39.026368306584473 ], [ -7.173692742066796, 39.026395637544866 ], [ -7.173596640577966, 39.026422863814233 ], [ -7.1734547183548, 39.026457278388897 ], [ -7.173252771769203, 39.02651542529496 ], [ -7.17307729424857, 39.026571900844345 ], [ -7.172872688515175, 39.02664687633321 ], [ -7.172699416211326, 39.026710845644402 ], [ -7.172480283481754, 39.026793085131274 ], [ -7.172347995530224, 39.026840633988229 ], [ -7.172157133947739, 39.026898873891632 ], [ -7.172010463546706, 39.026942524349394 ], [ -7.171861316990253, 39.026989849069892 ], [ -7.171678734020285, 39.027033203148768 ], [ -7.171515447398073, 39.027067349177493 ], [ -7.171318604459637, 39.027106800202802 ], [ -7.171202263495848, 39.027127460511551 ], [ -7.171065458723921, 39.027150655058726 ], [ -7.170938279625886, 39.027170143918077 ], [ -7.170835055435013, 39.027186140813853 ], [ -7.170693616676315, 39.027201725937047 ], [ -7.170451509941159, 39.027214684929895 ], [ -7.170242911608393, 39.02723539530907 ], [ -7.170115806744639, 39.02724930106843 ], [ -7.170011322696726, 39.027255914586675 ], [ -7.169912961816934, 39.027262577673774 ], [ -7.169805210748002, 39.027263582116113 ], [ -7.16966644371774, 39.02726054534979 ], [ -7.169544226757322, 39.027263322528825 ], [ -7.169448382758567, 39.027271809305546 ], [ -7.16930444985846, 39.027283773662063 ], [ -7.169160679247583, 39.027291863278911 ], [ -7.168959413239669, 39.027299570260638 ], [ -7.168805984039832, 39.027313256994482 ], [ -7.168577404958221, 39.027316957988219 ], [ -7.168266284290739, 39.027301327686374 ], [ -7.16803191046794, 39.027280743351206 ], [ -7.167799796941735, 39.027263877508808 ], [ -7.167400023332533, 39.02724561962728 ], [ -7.16714788425436, 39.027232276139074 ], [ -7.166925416519958, 39.027219267960675 ], [ -7.166714544653519, 39.027228692987784 ], [ -7.166511023748158, 39.027223224394355 ], [ -7.16631220825891, 39.027229058253305 ], [ -7.166114709881097, 39.027231113261529 ], [ -7.165808212550006, 39.027232361352254 ], [ -7.165659645903446, 39.027236718331139 ], [ -7.164956875932398, 39.027110006573402 ], [ -7.164750585314719, 39.027246028730836 ], [ -7.16460948701383, 39.027228017844614 ], [ -7.1642772618863, 39.026952426166886 ], [ -7.164251047065711, 39.027176495510275 ], [ -7.16412666582722, 39.027160509954051 ], [ -7.164038333452925, 39.027142935806822 ], [ -7.163943017200729, 39.027112237371206 ], [ -7.16387170790855, 39.027074268474657 ], [ -7.163793330959796, 39.02702128214441 ], [ -7.163878016638323, 39.026768683105495 ], [ -7.163672963434399, 39.026896973547693 ], [ -7.16360457660724, 39.026814167216457 ], [ -7.163559432684729, 39.026753981672854 ], [ -7.163519632938173, 39.026691953475961 ], [ -7.163467689983668, 39.026639277630153 ], [ -7.163413149690522, 39.026599555387804 ], [ -7.163334800646441, 39.026544590046093 ], [ -7.16325428685533, 39.026478530201729 ], [ -7.163171714404072, 39.026403080039429 ], [ -7.163084376838913, 39.026312641440938 ], [ -7.16299463945685, 39.026220290354061 ], [ -7.162930767654997, 39.026161842169316 ], [ -7.162843073505953, 39.026097613880488 ], [ -7.162743424162781, 39.026029501143036 ], [ -7.162677207841286, 39.025965446899477 ], [ -7.162622893080592, 39.025908879544907 ], [ -7.162564025219618, 39.025839303563878 ], [ -7.162502588162519, 39.025780785328038 ], [ -7.162438511510233, 39.025737288423024 ], [ -7.16236646223398, 39.025703092872448 ], [ -7.162278219975094, 39.025670654066516 ], [ -7.162168587860855, 39.025639835933319 ], [ -7.162080270568108, 39.025612893595358 ], [ -7.161980161799574, 39.025578458810955 ], [ -7.161875395524347, 39.025538318578441 ], [ -7.161782704274739, 39.025485217112951 ], [ -7.161682922847325, 39.025426469209819 ], [ -7.161583313461, 39.025363938627912 ], [ -7.161475416439332, 39.025307826086014 ], [ -7.161320850299703, 39.025227996267972 ], [ -7.161223181130167, 39.025184128750439 ], [ -7.16114726729975, 39.025136748482197 ], [ -7.161024022692669, 39.025046100106536 ], [ -7.160898319539077, 39.024949663643653 ], [ -7.160789211629083, 39.024872194538311 ], [ -7.160689317361697, 39.024788767155364 ], [ -7.160604295405918, 39.024698340597553 ], [ -7.16054320948806, 39.024613797251483 ], [ -7.16049637990671, 39.024542337159211 ], [ -7.160390400775041, 39.024405082545961 ], [ -7.160663696414048, 39.024289538518893 ], [ -7.160845301804717, 39.024233131822733 ], [ -7.160946455706566, 39.024190918440326 ], [ -7.161035716918435, 39.024148697736884 ], [ -7.161166040247042, 39.024067543062728 ], [ -7.161351985180666, 39.023955146328227 ], [ -7.161533162548635, 39.02383694571833 ], [ -7.161669688780392, 39.023656853022139 ], [ -7.161864300161159, 39.023434182823173 ], [ -7.16212346872849, 39.023219527673575 ], [ -7.162272253917902, 39.023020801699907 ], [ -7.162382650804922, 39.022825536491204 ], [ -7.162532239598856, 39.022576372448619 ], [ -7.16261048770281, 39.022461095854489 ], [ -7.162661886714355, 39.022375595138485 ], [ -7.162670078178037, 39.02230828758119 ], [ -7.16270043311728, 39.02219081097391 ], [ -7.162742583605537, 39.022080912266595 ], [ -7.162789395496023, 39.021984022141496 ], [ -7.162860459440031, 39.021870663637984 ], [ -7.162928824632975, 39.021768370810875 ], [ -7.163268250039416, 39.021459170866251 ], [ -7.163426847105272, 39.02124358730125 ], [ -7.163670470038102, 39.02093161256628 ], [ -7.163840552312052, 39.020753682226015 ], [ -7.16432418278275, 39.020241841354931 ], [ -7.164554449322727, 39.020036308314836 ], [ -7.164790151921228, 39.019787855285813 ], [ -7.164991980460025, 39.01955965762577 ], [ -7.165208358958315, 39.019322213481047 ], [ -7.165199836013966, 39.019253055593886 ], [ -7.165087242613956, 39.018906325139021 ], [ -7.165045424378527, 39.018814464170276 ], [ -7.164949411061388, 39.018310243405189 ], [ -7.164883192741499, 39.017898509779705 ], [ -7.165360489097817, 39.01766322614759 ], [ -7.165928955712479, 39.01742283713893 ], [ -7.166482732483995, 39.01719196699031 ], [ -7.166724869041002, 39.016995803729088 ], [ -7.167030089482546, 39.016736753513136 ], [ -7.167219107390705, 39.016566453751366 ], [ -7.16757855427464, 39.016199311169842 ], [ -7.167940505357433, 39.015996751752702 ], [ -7.168215449103586, 39.015849498847679 ], [ -7.168812360991841, 39.015970353513516 ], [ -7.169285270045608, 39.016056493635794 ], [ -7.169666493553349, 39.016280227429903 ], [ -7.170210534462352, 39.01659682076334 ], [ -7.17044332087389, 39.016740693330476 ], [ -7.170602580086917, 39.016831724512954 ], [ -7.170707060360871, 39.016892389776807 ], [ -7.170914003306608, 39.016983807622346 ], [ -7.171244871101936, 39.017132276111091 ], [ -7.171509121232648, 39.017246592197878 ], [ -7.171670970128837, 39.017317101759993 ], [ -7.172308622130098, 39.017440070441658 ], [ -7.172540352409662, 39.017483143861988 ], [ -7.17296048906489, 39.017580004704776 ], [ -7.173750650966513, 39.017773395315359 ], [ -7.173979881089407, 39.017822026342131 ], [ -7.174192129227817, 39.017879794105049 ], [ -7.174341934068039, 39.017944795585869 ], [ -7.174773273206532, 39.018101733475937 ], [ -7.175187921512262, 39.018254566727599 ], [ -7.175593030044206, 39.018396238323966 ], [ -7.175805054118849, 39.018470847072408 ], [ -7.17628279734747, 39.018560688020891 ], [ -7.176483509957627, 39.018592239870799 ], [ -7.17655994449968, 39.018609797995282 ], [ -7.176719269573343, 39.018525083126974 ], [ -7.176909735625729, 39.018425759197264 ], [ -7.177294590907252, 39.018296135190958 ], [ -7.177423417933358, 39.018160815936312 ], [ -7.177576837033193, 39.017965802860786 ], [ -7.177711026646485, 39.017783778472477 ], [ -7.177815899657486, 39.017635111677997 ], [ -7.177865696327738, 39.01749536154361 ], [ -7.177925324888494, 39.017336959070015 ], [ -7.177972318652033, 39.017225200042475 ], [ -7.178105687617809, 39.017095500911857 ], [ -7.178285487343605, 39.016904481452627 ], [ -7.178482221542447, 39.016698646098789 ], [ -7.178739797727338, 39.016433502220856 ], [ -7.178768226903545, 39.016276645512242 ], [ -7.178784673471356, 39.016117979345182 ], [ -7.178798884993447, 39.015953617481074 ], [ -7.178815207956986, 39.015804135202586 ], [ -7.178832447670826, 39.015594947220087 ], [ -7.178860453522167, 39.015469972533026 ], [ -7.178857333638286, 39.015340958285883 ], [ -7.178858712539213, 39.015238195268537 ], [ -7.178876756154977, 39.015141154099851 ], [ -7.178887356881625, 39.015073774884677 ], [ -7.17890998593677, 39.014988026047156 ], [ -7.178925270146465, 39.014924560148927 ], [ -7.178967032002943, 39.014840859364199 ], [ -7.179006460544297, 39.014758947277649 ], [ -7.179060611976964, 39.014647243588399 ], [ -7.179090636104724, 39.014552191925276 ], [ -7.179130616259714, 39.014429117470044 ], [ -7.179172529976578, 39.01433415940943 ], [ -7.179202304554906, 39.014257660155451 ], [ -7.179246874449333, 39.014145880718679 ], [ -7.179269787870022, 39.014047073290008 ], [ -7.179281824987191, 39.013863965193941 ], [ -7.179321282644326, 39.013780246323357 ], [ -7.179372826075498, 39.013681585575938 ], [ -7.179409985048182, 39.013588390935844 ], [ -7.179430395318062, 39.01350442622649 ], [ -7.179372308035654, 39.013367488163382 ], [ -7.179272130055556, 39.013166617681769 ], [ -7.179201838643253, 39.013044534843239 ], [ -7.179146036766614, 39.012926349986827 ], [ -7.179108916024951, 39.012836333813688 ], [ -7.179073993414304, 39.012763176873023 ], [ -7.179043424173718, 39.012718070561625 ], [ -7.178981977570375, 39.01265955989053 ], [ -7.178911300211626, 39.012574946595436 ], [ -7.17888320739437, 39.012526166533711 ], [ -7.178848228609635, 39.012456702127018 ], [ -7.178808782328861, 39.012359192430957 ], [ -7.178771603443137, 39.012282231098531 ], [ -7.178753615666239, 39.012194263797639 ], [ -7.178738003793251, 39.012110004490012 ], [ -7.178734356317547, 39.01202026113188 ], [ -7.178718292830308, 39.0119696914741 ], [ -7.178574694050451, 39.011787198859047 ], [ -7.178497099981204, 39.011676310661208 ], [ -7.178417014747585, 39.011578468262854 ], [ -7.178355824906792, 39.011501315692229 ], [ -7.178268560816607, 39.011405302402594 ], [ -7.178085606175139, 39.011299048756399 ], [ -7.177890599912518, 39.011196572958092 ], [ -7.177664764065733, 39.011076821114273 ], [ -7.177431871071882, 39.010949713166113 ], [ -7.17731308856195, 39.010879565324139 ], [ -7.177407361806528, 39.010814852461394 ], [ -7.177851618171188, 39.010539971972761 ], [ -7.178004792711408, 39.010361797280773 ], [ -7.178231573973921, 39.010066493604171 ], [ -7.178602297929347, 39.009738679352559 ], [ -7.178786586235556, 39.009564537703142 ], [ -7.178975343335949, 39.00941844645417 ], [ -7.17918107470557, 39.009246195467334 ], [ -7.179568652866203, 39.008909238177765 ], [ -7.179654218152565, 39.008779055293736 ], [ -7.179807543588148, 39.008597184511572 ], [ -7.179946219632044, 39.008431950437803 ], [ -7.180028465797895, 39.008376594989244 ], [ -7.180134394828707, 39.008328817277594 ], [ -7.180300611790606, 39.008253520428369 ], [ -7.180450138644443, 39.008174393079521 ], [ -7.180655174970924, 39.008062119955888 ], [ -7.180753919600146, 39.008016175489807 ], [ -7.18089555094796, 39.007983641848398 ], [ -7.181032206439622, 39.007977280991376 ], [ -7.181192245409659, 39.008001012910029 ], [ -7.181341324397164, 39.008041588352754 ], [ -7.18145978159319, 39.008135961388767 ], [ -7.181606632635192, 39.008256773156106 ], [ -7.181781179076054, 39.008456270236543 ], [ -7.181998381462757, 39.008686106133403 ], [ -7.182172913594608, 39.008878123596595 ], [ -7.182729831494715, 39.009492101633228 ], [ -7.183017595355754, 39.009815914382322 ], [ -7.183390800519398, 39.010200235283094 ], [ -7.183532712926026, 39.010336860271863 ], [ -7.183674189923167, 39.010506176882899 ], [ -7.183805871811636, 39.01068289432181 ], [ -7.183890708597246, 39.010788251533363 ], [ -7.183979180723028, 39.010975962089695 ], [ -7.184059215516671, 39.01107758614058 ], [ -7.184129822919129, 39.011167872299531 ], [ -7.184348638079027, 39.01127801115166 ], [ -7.184481667276589, 39.011353850542179 ], [ -7.184690804432211, 39.011471385357815 ], [ -7.184804288536075, 39.011584447402583 ], [ -7.184922057433688, 39.01173123302317 ], [ -7.185020663467283, 39.011877778113821 ], [ -7.185095974626199, 39.01197927208306 ], [ -7.185228259214695, 39.012111220241216 ], [ -7.185337144321079, 39.012205511548409 ], [ -7.185369875957996, 39.012261893142046 ], [ -7.185429201856514, 39.012393250114087 ], [ -7.185475288314897, 39.012530086842595 ], [ -7.185519279733457, 39.012642590854995 ], [ -7.185558925023195, 39.012717672223012 ], [ -7.185582137971259, 39.012777670401825 ], [ -7.185590398902361, 39.012876727842119 ], [ -7.185593540562285, 39.012996374418414 ], [ -7.185606558710607, 39.013093759073897 ], [ -7.185668870590669, 39.013269910911077 ], [ -7.185786053330948, 39.01364277665747 ], [ -7.185831575004759, 39.013822573382051 ], [ -7.185844670440701, 39.013914285720752 ], [ -7.185853229837237, 39.013991007017026 ], [ -7.185873850609512, 39.014064045814905 ], [ -7.185911008182932, 39.014152077610461 ], [ -7.185926727536099, 39.014228862439865 ], [ -7.185922709878836, 39.014348447248985 ], [ -7.185897737560976, 39.014602526316281 ], [ -7.185878111376107, 39.014819176795591 ], [ -7.185869962416141, 39.014884503967323 ], [ -7.185866713467106, 39.014955547435044 ], [ -7.185954345297426, 39.015206663981076 ], [ -7.185995763376964, 39.015330401714486 ], [ -7.186022992264911, 39.015444565487485 ], [ -7.186045524802259, 39.015547613737176 ], [ -7.186056144851694, 39.015642996291994 ], [ -7.186069067875258, 39.015747677036885 ], [ -7.186048973666148, 39.015825968065236 ], [ -7.186016712615189, 39.015907946147578 ], [ -7.186001626758164, 39.015965742597835 ], [ -7.18595524253906, 39.016032650891162 ], [ -7.18590143243226, 39.016110760005986 ], [ -7.185840410201351, 39.016201871359684 ], [ -7.185781723194498, 39.016291109174347 ], [ -7.185718449399015, 39.016369050369683 ], [ -7.185659882316864, 39.016449193351143 ], [ -7.185589130440961, 39.016551394802107 ], [ -7.185503671889547, 39.016674102942986 ], [ -7.185427944483002, 39.016785631639237 ], [ -7.185359519274657, 39.016885958474369 ], [ -7.185283991981338, 39.016982810127423 ], [ -7.185239827814862, 39.017064685851828 ], [ -7.18521223746196, 39.017159763369371 ], [ -7.185196708221576, 39.017241875358067 ], [ -7.185178422454098, 39.017357740243575 ], [ -7.185159845308354, 39.017495853901828 ], [ -7.185139032816819, 39.017619087067672 ], [ -7.185110570121911, 39.017779548967475 ], [ -7.185092607642928, 39.01787100982412 ], [ -7.185070118611232, 39.017938111927855 ], [ -7.185020991062235, 39.018029228507572 ], [ -7.184952405112715, 39.018150186270518 ], [ -7.184893241352828, 39.01827490913734 ], [ -7.184799655484085, 39.018461051478162 ], [ -7.184686760472587, 39.018658210505322 ], [ -7.184615754661589, 39.018779142973337 ], [ -7.184573649636879, 39.018879683309962 ], [ -7.184558569264595, 39.018928202793909 ], [ -7.184601364699065, 39.018949086899909 ], [ -7.18474697399792, 39.018991344830894 ], [ -7.184854418732024, 39.019012842697528 ], [ -7.184959340382477, 39.019041705177592 ], [ -7.185033468536915, 39.019059153440644 ], [ -7.185232077362769, 39.019075717160945 ], [ -7.18545447204401, 39.019092471078089 ], [ -7.185674657467392, 39.019101735836493 ], [ -7.18581847168103, 39.019097223705138 ], [ -7.1859767063836, 39.019085445064519 ], [ -7.186192355415455, 39.019079718719546 ], [ -7.186424357045404, 39.019094659907672 ], [ -7.186570355331884, 39.01909962331338 ], [ -7.186759530899477, 39.019104940433337 ], [ -7.186953445926953, 39.019110204713343 ], [ -7.1872046887363, 39.01911971308423 ], [ -7.187391467464745, 39.019123027200472 ], [ -7.187566237833122, 39.019126334656058 ], [ -7.187812862664472, 39.019135804284694 ], [ -7.188133656821833, 39.019142092923964 ], [ -7.1881289779392, 39.019312115079302 ], [ -7.188104842909506, 39.019511973572442 ], [ -7.18808528023518, 39.019715387411857 ], [ -7.188061260651521, 39.019898313683157 ], [ -7.188017251639162, 39.02014286829754 ], [ -7.187990789795312, 39.020335143416276 ], [ -7.187956497166633, 39.020560860136911 ], [ -7.187943488602667, 39.020644796173265 ], [ -7.188039238750229, 39.020825088017006 ], [ -7.188085374450067, 39.020950664635869 ], [ -7.188115233419605, 39.021049900358143 ], [ -7.188177708009, 39.021214879138057 ], [ -7.188216748617225, 39.021344183159322 ], [ -7.188236934699212, 39.02144153449462 ], [ -7.188267705522659, 39.02147169031862 ], [ -7.188509496052443, 39.02115054905363 ], [ -7.188913731318785, 39.020656600772099 ], [ -7.189253959366655, 39.02027806821782 ], [ -7.18949230121636, 39.020007067592999 ], [ -7.189681734021468, 39.019810522051216 ], [ -7.189830731088938, 39.0196853540536 ], [ -7.190065657749833, 39.019479807077651 ], [ -7.19031528205882, 39.019263119973445 ], [ -7.190615723800002, 39.019001984829693 ], [ -7.190857873839104, 39.01880028041608 ], [ -7.191090338484319, 39.018605880694317 ], [ -7.191230808247888, 39.018487397599849 ], [ -7.191310837267959, 39.018416972123369 ], [ -7.191671093394724, 39.018163796000479 ], [ -7.191876760141305, 39.018004760603624 ], [ -7.192070052354256, 39.017873548167465 ], [ -7.192314243104025, 39.017699867651956 ], [ -7.192510404444721, 39.017534990571072 ], [ -7.1926753571464, 39.017381207365574 ], [ -7.192866687050464, 39.017214578398267 ], [ -7.193043604734104, 39.017055218191501 ], [ -7.193225271512096, 39.016903375778121 ], [ -7.19354532222026, 39.016606900542541 ], [ -7.193794883019828, 39.016384623355101 ], [ -7.194147883676526, 39.016137052996825 ], [ -7.194442229785321, 39.015976832465959 ], [ -7.194637590892544, 39.015871842283666 ], [ -7.195164834838665, 39.015474255696049 ], [ -7.195600397796682, 39.015137541035003 ], [ -7.195850686634426, 39.014859143210472 ], [ -7.19597936265941, 39.01472380198868 ], [ -7.196451045383659, 39.014370531148785 ], [ -7.196656616816105, 39.014217068298336 ], [ -7.196895940810683, 39.014043253342635 ], [ -7.197050846366091, 39.013923070220144 ], [ -7.197157086244049, 39.013860330760252 ], [ -7.197424734630624, 39.013718627526039 ], [ -7.197786958693523, 39.01348787112321 ], [ -7.198219185675206, 39.013218494772396 ], [ -7.198564707158078, 39.01299318939575 ], [ -7.198663734682306, 39.012934175706135 ], [ -7.198858348136315, 39.012700273485656 ], [ -7.198936084512804, 39.012618655910828 ], [ -7.199494175211658, 39.012241742429744 ], [ -7.199752525945117, 39.01207752982495 ], [ -7.199989047793474, 39.011948537840659 ], [ -7.200177045730514, 39.01184906667136 ], [ -7.200254919453177, 39.011756280013884 ], [ -7.200335374347517, 39.011652169014738 ], [ -7.200375071183457, 39.011547818552913 ], [ -7.200452313410921, 39.011318563316301 ], [ -7.200544550633627, 39.011046373011752 ], [ -7.200601523874472, 39.010901088235379 ], [ -7.200733377223433, 39.010513287180196 ], [ -7.200845192580842, 39.010209548515952 ], [ -7.200897339780512, 39.01006224155357 ], [ -7.201033905556336, 39.009693211519867 ], [ -7.201148173605722, 39.009378322823963 ], [ -7.201244839544004, 39.009128595881336 ], [ -7.201291677578097, 39.00902556584581 ], [ -7.201350880995419, 39.00885110968693 ], [ -7.201405672364204, 39.008686982271719 ], [ -7.20147056218369, 39.008483751991861 ], [ -7.201520126942797, 39.008366507288407 ], [ -7.201774478493979, 39.008144250747442 ], [ -7.202016609303712, 39.007938646429913 ], [ -7.20224159111214, 39.007755425289446 ], [ -7.202371727456601, 39.007700436122491 ], [ -7.202525743573844, 39.007638071905795 ], [ -7.202644559903237, 39.00753056402818 ], [ -7.202813958441508, 39.007386173788412 ], [ -7.20292758694722, 39.007304838748581 ], [ -7.203076689747065, 39.007255587358578 ], [ -7.203182375392714, 39.007233999394529 ], [ -7.203254418777285, 39.007215838963759 ], [ -7.203333916194651, 39.007175393910927 ], [ -7.203437250607909, 39.007148114957559 ], [ -7.203535800302313, 39.00712466920703 ], [ -7.203646148853979, 39.007108699918959 ], [ -7.203761314992358, 39.007094667683958 ], [ -7.203885579186, 39.007108712098535 ], [ -7.203985871646644, 39.007137615183389 ], [ -7.204104969398895, 39.007185220669328 ], [ -7.204216452089616, 39.007259155552724 ], [ -7.20428004256553, 39.007340007801119 ], [ -7.204324885463043, 39.007398282101299 ], [ -7.20439367308802, 39.007443686142878 ], [ -7.204512916472439, 39.007480214057338 ], [ -7.204620473836769, 39.007492237636839 ], [ -7.204708963192648, 39.00749672593075 ], [ -7.204786662405102, 39.007416905535621 ], [ -7.204891215104095, 39.007296312857257 ], [ -7.204973910459571, 39.0071959959011 ], [ -7.205090540614767, 39.007069830707202 ], [ -7.205175514810531, 39.006980786593289 ], [ -7.205182661234079, 39.006795834016287 ], [ -7.20534752009966, 39.006636358723178 ], [ -7.205405736822973, 39.00658070409424 ], [ -7.205478366050436, 39.0065176860154 ], [ -7.205574764116889, 39.006473593360731 ], [ -7.205680551183514, 39.006435163516137 ], [ -7.205738401737896, 39.006407606488402 ], [ -7.20583309305111, 39.006316752052101 ], [ -7.205971363594371, 39.006177696182817 ], [ -7.20593578784569, 39.005966185876474 ], [ -7.205904258089412, 39.005808126664121 ], [ -7.205886238106058, 39.00572016215925 ], [ -7.205868116075128, 39.005648948079944 ], [ -7.205893134648866, 39.005563212711969 ], [ -7.205915375411252, 39.005512950200135 ], [ -7.206056116512602, 39.005370128889545 ], [ -7.206169981334186, 39.005260777395371 ], [ -7.2062740911896, 39.005173691384037 ], [ -7.206444466105896, 39.005148919477058 ], [ -7.206696016999346, 39.005139654337 ], [ -7.206742765726129, 39.005042655412502 ], [ -7.20679230693021, 39.004908477674441 ], [ -7.206839679445863, 39.004772389316656 ], [ -7.206898871549048, 39.004632701700444 ], [ -7.206986168183749, 39.004551067101445 ], [ -7.207111985934113, 39.004454871322025 ], [ -7.207288182211589, 39.004346017941863 ], [ -7.207416034335226, 39.004270378673212 ], [ -7.207544974655553, 39.004119982949632 ], [ -7.207610590653446, 39.004045737657719 ], [ -7.207722700885631, 39.003893320241019 ], [ -7.207822472672985, 39.003767013974759 ], [ -7.207949058754116, 39.003611016263584 ], [ -7.208114241803066, 39.003425416835732 ], [ -7.208190044635371, 39.00330441747154 ], [ -7.208271179541919, 39.003146258443564 ], [ -7.208393593364246, 39.002937890863862 ], [ -7.208490816638367, 39.002820846025294 ], [ -7.208588050796318, 39.002711365688477 ], [ -7.208709425453566, 39.002583336440658 ], [ -7.208796738561891, 39.002549402500804 ], [ -7.208917422991545, 39.002362403548702 ], [ -7.208912012392484, 39.002282108341248 ], [ -7.208961197836727, 39.002183321759404 ], [ -7.209034749922242, 39.002096778397288 ], [ -7.209075368940587, 39.001872117911333 ], [ -7.209092122362623, 39.001702188935042 ], [ -7.20908872734582, 39.001590020424032 ], [ -7.209087729893624, 39.001489039304595 ], [ -7.209101360385002, 39.00136385287761 ], [ -7.209124766743559, 39.001223880587744 ], [ -7.209143396613197, 39.001078287609452 ], [ -7.209175292341072, 39.000835515927044 ], [ -7.209188611460981, 39.000725370443718 ], [ -7.209212987345362, 39.00051064620348 ], [ -7.209116694077393, 39.000369636739805 ], [ -7.209041749282704, 39.00023825236925 ], [ -7.208966496402738, 39.000131102905819 ], [ -7.208757400451976, 39.000009827640483 ], [ -7.208584084463267, 38.999898115978283 ], [ -7.208507251065619, 38.999850129405488 ], [ -7.20841704931431, 38.999791498043948 ], [ -7.208386684767023, 38.999729558656711 ], [ -7.208365711529142, 38.999682643458897 ], [ -7.208357725439012, 38.999568545125456 ], [ -7.208366932282955, 38.999410984933178 ], [ -7.208438099469447, 38.999273015350319 ], [ -7.208524182914998, 38.999097957521577 ], [ -7.208602856706375, 38.998941581026195 ], [ -7.208703905496393, 38.998716293273304 ], [ -7.20878265348458, 38.998554238897832 ], [ -7.20884157488543, 38.998435179666146 ], [ -7.208890805674335, 38.998332702121722 ], [ -7.208940138189733, 38.998222837401123 ], [ -7.209038533712723, 38.998201187186872 ], [ -7.209139525177013, 38.998166495659255 ], [ -7.209209449698322, 38.998133360430032 ], [ -7.209305930648918, 38.99807242478898 ], [ -7.209407430102317, 38.99799846250675 ], [ -7.209649568292057, 38.997925623318409 ], [ -7.209730432676562, 38.997769064288995 ], [ -7.209775998519723, 38.997651885913079 ], [ -7.209829456111265, 38.997588807826034 ], [ -7.209887662964769, 38.997533150751664 ], [ -7.209946231411686, 38.997449482249706 ], [ -7.210002473054882, 38.997358319072532 ], [ -7.210042007979892, 38.997265223985707 ], [ -7.210074067957029, 38.997186932138625 ], [ -7.210111154366706, 38.997095617354027 ], [ -7.210143748379239, 38.99698562507109 ], [ -7.210178576989214, 38.99688123240869 ], [ -7.210194338124349, 38.996778490404026 ], [ -7.210209669026058, 38.996700067075686 ], [ -7.210231784565012, 38.99665889753598 ], [ -7.210278423238084, 38.996569552527696 ], [ -7.210300928222527, 38.996498749537267 ], [ -7.210301874613533, 38.996425799775984 ], [ -7.21027408099124, 38.996352707360003 ], [ -7.210248414103209, 38.996302060465531 ], [ -7.210244687291013, 38.996216011943218 ], [ -7.210281443896507, 38.996158383476434 ], [ -7.210318165586631, 38.996095173666134 ], [ -7.210335676657252, 38.996035500479678 ], [ -7.210293686193459, 38.99595292976467 ], [ -7.210222965190241, 38.995870131772534 ], [ -7.210166336029254, 38.995804200990371 ], [ -7.210116744542925, 38.995747783745543 ], [ -7.210062421097208, 38.995691238066328 ], [ -7.210015413492943, 38.995631055362693 ], [ -7.209946685463299, 38.99557259415684 ], [ -7.209892184478516, 38.995529198863508 ], [ -7.20985932474415, 38.995482189843479 ], [ -7.209869702458032, 38.995420574099811 ], [ -7.209894294594686, 38.995366544368359 ], [ -7.210008262386252, 38.995247911927116 ], [ -7.210124646056208, 38.995138491551643 ], [ -7.210323003552853, 38.994973686396136 ], [ -7.210492381552316, 38.994836757881849 ], [ -7.210526842054886, 38.994769744248501 ], [ -7.210560693820149, 38.99456248238149 ], [ -7.210470470957447, 38.99431883714086 ], [ -7.210456861140345, 38.994077507339043 ], [ -7.210453536582659, 38.993959756415727 ], [ -7.210531462620545, 38.993851918539626 ], [ -7.210738974366274, 38.993550816608014 ], [ -7.210944071521911, 38.993240232802883 ], [ -7.211108292974867, 38.992948156719386 ], [ -7.211167341051015, 38.992827112809962 ], [ -7.211344640138272, 38.992630343771928 ], [ -7.211536410137946, 38.992430000177912 ], [ -7.211718269668499, 38.992246418451295 ], [ -7.211887826443309, 38.992094450266436 ], [ -7.212117823416102, 38.991892598799062 ], [ -7.212297154739761, 38.991725752874778 ], [ -7.212453462698104, 38.991665940614183 ], [ -7.212575465253765, 38.991628458255136 ], [ -7.212728742749098, 38.991678713435135 ], [ -7.212842439438256, 38.991767339024484 ], [ -7.212920839066282, 38.991587610594458 ], [ -7.213045277312081, 38.991371525101584 ], [ -7.213153084322857, 38.991174211517077 ], [ -7.213192998631524, 38.991051214153174 ], [ -7.21336322442149, 38.990846912635583 ], [ -7.213533213755377, 38.990661341940054 ], [ -7.213634699224697, 38.990587381119028 ], [ -7.213707930387404, 38.990475813643172 ], [ -7.213833617202917, 38.990387082754097 ], [ -7.214065467462748, 38.99022812676499 ], [ -7.214141117429536, 38.990206292996611 ], [ -7.214213456483037, 38.990163801369768 ], [ -7.21427633311235, 38.990121331560402 ], [ -7.214344153385725, 38.990062053873267 ], [ -7.214471562306509, 38.990018198720577 ], [ -7.214601378252538, 38.98997625395684 ], [ -7.214764821785883, 38.989930788771403 ], [ -7.214901565754689, 38.989905654899559 ], [ -7.214992876551233, 38.989832880163114 ], [ -7.215234979594841, 38.989650246948464 ], [ -7.215432863437091, 38.989545384102726 ], [ -7.215570568733687, 38.989464134712676 ], [ -7.215698380783088, 38.989397851738083 ], [ -7.215842931953635, 38.989322334194696 ], [ -7.216011836479272, 38.989256523445675 ], [ -7.216076522619434, 38.989215804426607 ], [ -7.216208465727364, 38.989196303318209 ], [ -7.21633109242013, 38.989202645312346 ], [ -7.216459259818889, 38.989195963488918 ], [ -7.216532391400396, 38.989146513815001 ], [ -7.216621480749146, 38.989111721286292 ], [ -7.216741565390025, 38.989080953488241 ], [ -7.216888270570791, 38.989035353843121 ], [ -7.217006052153486, 38.988995114286404 ], [ -7.217160101328727, 38.988934623067394 ], [ -7.217366740922564, 38.988868957045561 ], [ -7.217556705012784, 38.988806939363492 ], [ -7.217854815651504, 38.988717758152539 ], [ -7.217948133177653, 38.988722183220005 ], [ -7.218036503984714, 38.988734134839568 ], [ -7.218158622445791, 38.988733198246187 ], [ -7.218312671377255, 38.988704076913621 ], [ -7.218473094188581, 38.98866458903661 ], [ -7.218518625482079, 38.988668761540147 ], [ -7.218563865646195, 38.988514302860416 ], [ -7.218855187016235, 38.988545810885839 ], [ -7.219026436894022, 38.988508706704373 ], [ -7.219079438726568, 38.988473239533413 ], [ -7.219198346893185, 38.988420347394303 ], [ -7.219340305931338, 38.988362509475962 ], [ -7.219478665376332, 38.988291168833605 ], [ -7.219555762561622, 38.988263846468818 ], [ -7.219640103048111, 38.988221450813469 ], [ -7.219773001872878, 38.988127187940385 ], [ -7.219926931464433, 38.988066692104908 ], [ -7.220358040384353, 38.987866309673755 ], [ -7.220569842282472, 38.987783831539765 ], [ -7.220807819493848, 38.987703449267521 ], [ -7.221027584662715, 38.987652936335763 ], [ -7.221116606342224, 38.987625438622032 ], [ -7.221198798417149, 38.987618392206969 ], [ -7.221281154893377, 38.987598531102861 ], [ -7.221399795812519, 38.987566139355536 ], [ -7.221531123787407, 38.987505525127673 ], [ -7.221632189925622, 38.987463257790139 ], [ -7.221769455788576, 38.987406408887466 ], [ -7.221894717252422, 38.987340100940756 ], [ -7.222000559467797, 38.987303542623621 ], [ -7.222134949891213, 38.987272794478891 ], [ -7.222245562575995, 38.987241861457179 ], [ -7.22236348141673, 38.987190443681193 ], [ -7.22245760972515, 38.987131371059903 ], [ -7.222539826047383, 38.987064726444721 ], [ -7.222616980764733, 38.987024159614549 ], [ -7.222821293788996, 38.986958555785208 ], [ -7.222936903645234, 38.986907123913205 ], [ -7.22303091658752, 38.986879165546895 ], [ -7.223189518607309, 38.98680351151031 ], [ -7.223285018079525, 38.986742898709053 ], [ -7.223376012113161, 38.986710470402983 ], [ -7.223502846907706, 38.986698306455892 ], [ -7.22362128973313, 38.986681288551857 ], [ -7.223805569424967, 38.986651968610246 ], [ -7.223947358498198, 38.986606938732571 ], [ -7.224170118526089, 38.986393379782548 ], [ -7.224319620162843, 38.986258703487074 ], [ -7.224488430505489, 38.986154933589859 ], [ -7.22465379339796, 38.986063952524567 ], [ -7.224845457338809, 38.985970612415223 ], [ -7.225017386820323, 38.985879681043365 ], [ -7.225156314906933, 38.985801308537702 ], [ -7.225293657910855, 38.985693493207698 ], [ -7.225416755832227, 38.985615903378147 ], [ -7.22553994354919, 38.985540298475414 ], [ -7.225561239915428, 38.985466137531745 ], [ -7.225630752375883, 38.985423106930142 ], [ -7.225693697339178, 38.985380025211242 ], [ -7.22579178738472, 38.985321658037336 ], [ -7.225872166485285, 38.985217613663075 ], [ -7.225935391229267, 38.985137757110856 ], [ -7.2259832985795, 38.98507471290759 ], [ -7.2261088603574, 38.985014175642334 ], [ -7.226188027474031, 38.984986598321136 ], [ -7.226253862449757, 38.984974294095224 ], [ -7.226304359683533, 38.984929395754833 ], [ -7.226337019346617, 38.984811828269407 ], [ -7.226360260410853, 38.984681222127193 ], [ -7.226378613343169, 38.984554177403695 ], [ -7.226401459670739, 38.984445996951528 ], [ -7.22644529621521, 38.984383720783235 ], [ -7.226479440430043, 38.984281464987056 ], [ -7.226490304196556, 38.984202095697313 ], [ -7.226488557538596, 38.98408161889575 ], [ -7.226496367016698, 38.983984284652877 ], [ -7.226500892266915, 38.983886923988649 ], [ -7.226495142205681, 38.98382280417546 ], [ -7.22645078848239, 38.983762167568131 ], [ -7.226413002728031, 38.983720712195385 ], [ -7.226358430423679, 38.983682906824427 ], [ -7.226313401196664, 38.98363959271979 ], [ -7.226314186987506, 38.983577908886176 ], [ -7.226315117859922, 38.983504762282827 ], [ -7.22635248291582, 38.983421861720586 ], [ -7.226382950278662, 38.983350333608584 ], [ -7.226416765995995, 38.983273705315106 ], [ -7.226487321812237, 38.983148665020842 ], [ -7.2265291447175, 38.983028571766354 ], [ -7.22661263427393, 38.98287951328691 ], [ -7.226717020266157, 38.982766202263647 ], [ -7.226738880640989, 38.982743942395047 ], [ -7.226694154363726, 38.982685496313685 ], [ -7.226673649298816, 38.98260120478087 ], [ -7.226711911007727, 38.982532717715571 ], [ -7.226771176454707, 38.982520363050661 ], [ -7.226866496434277, 38.9825134145809 ], [ -7.226935188418047, 38.982534451944318 ], [ -7.227020988968882, 38.982539235603781 ], [ -7.227087204888943, 38.982527277038116 ], [ -7.227144897278269, 38.982488753867116 ], [ -7.22718757128038, 38.982439852672634 ], [ -7.227184193672924, 38.982362494895206 ], [ -7.227171144236029, 38.982303760781249 ], [ -7.22717408078766, 38.982234079612958 ], [ -7.227178081062433, 38.982139159460779 ], [ -7.227207390124517, 38.982047026372172 ], [ -7.227204989005164, 38.981977805479183 ], [ -7.227176025547271, 38.98193144577332 ], [ -7.227117184134744, 38.981910485037822 ], [ -7.227041468275186, 38.981925274787812 ], [ -7.226978380051643, 38.981948668375622 ], [ -7.226875347068003, 38.981940955809371 ], [ -7.22677619079743, 38.981888966962224 ], [ -7.226731354761767, 38.981835366094465 ], [ -7.226708033785855, 38.981785572290498 ], [ -7.226735032703715, 38.981731466532061 ], [ -7.226769209565237, 38.981684981957748 ], [ -7.226805172702863, 38.98165688393361 ], [ -7.226795878153387, 38.981613240451082 ], [ -7.226727350496894, 38.981579388349907 ], [ -7.22655755916769, 38.981557954555988 ], [ -7.226440825777362, 38.981499039873697 ], [ -7.226329277491364, 38.981404590077027 ], [ -7.226218157531862, 38.981285816829427 ], [ -7.226213364278472, 38.981199198164056 ], [ -7.226162340573631, 38.981080332563259 ], [ -7.226071057987761, 38.980983284627598 ], [ -7.226014454988402, 38.980906102136089 ], [ -7.225909689882513, 38.98075029933733 ], [ -7.22580901879149, 38.980663108116524 ], [ -7.225812492250683, 38.980590065924822 ], [ -7.225731877595524, 38.980502865749585 ], [ -7.225690277307329, 38.980381421392401 ], [ -7.2256462420269, 38.980268755750394 ], [ -7.22562647738734, 38.980135741649455 ], [ -7.225618273408969, 38.980118022155494 ], [ -7.225598661183209, 38.980036263966163 ], [ -7.225547454407346, 38.979916152715127 ], [ -7.22553336491769, 38.97969306584163 ], [ -7.225427949926014, 38.979518605610266 ], [ -7.225411402253169, 38.979382146776501 ], [ -7.225349040107496, 38.979269377172969 ], [ -7.225334079623774, 38.979164079667264 ], [ -7.225335110695049, 38.979074477914409 ], [ -7.22528654731181, 38.979020276401762 ], [ -7.225231254693807, 38.978978837548027 ], [ -7.225186139101192, 38.978911846881687 ], [ -7.225167224198081, 38.978850187167204 ], [ -7.225190992972062, 38.978788859575587 ], [ -7.225267164032823, 38.978738191183389 ], [ -7.225300979809166, 38.978661563150482 ], [ -7.22532172623936, 38.978579707235212 ], [ -7.225277889238434, 38.97849366477606 ], [ -7.225209992895508, 38.978369644837841 ], [ -7.225144434813785, 38.978253031944561 ], [ -7.225099951562461, 38.978166661015933 ], [ -7.225085700492276, 38.978034506672415 ], [ -7.225152643168581, 38.977935069024582 ], [ -7.225206452213206, 38.97783553004799 ], [ -7.225362576220143, 38.977680134961858 ], [ -7.225426910908562, 38.977542495661105 ], [ -7.225457769198782, 38.977440213577758 ], [ -7.225438953734747, 38.977370865822294 ], [ -7.22544334895422, 38.977283756476602 ], [ -7.225419275691883, 38.97711184569134 ], [ -7.225482678712106, 38.977093504992972 ], [ -7.225626122996852, 38.976929962652029 ], [ -7.225793971483212, 38.976734724061323 ], [ -7.225993369680291, 38.976460805427777 ], [ -7.226744172583116, 38.976461420717243 ], [ -7.22692872118215, 38.97645906727481 ], [ -7.227197362264889, 38.976449979337993 ], [ -7.227499306169437, 38.976444839644408 ], [ -7.227863673579193, 38.976440187063318 ], [ -7.228822273006889, 38.976407580359528 ], [ -7.230000201329696, 38.976389363241516 ], [ -7.230827832447649, 38.976375261921248 ], [ -7.231219174825495, 38.976241592277262 ], [ -7.231449739916751, 38.976185427617345 ], [ -7.232336457541533, 38.975826466622543 ], [ -7.232574103624798, 38.975729196166434 ], [ -7.232822781939384, 38.975642140236893 ], [ -7.233217888027445, 38.975478629226622 ], [ -7.233439564351268, 38.975386659985261 ], [ -7.233596023357081, 38.975333640694728 ], [ -7.23414064717217, 38.975098806923143 ], [ -7.234840514186709, 38.974897788421984 ], [ -7.235018843476803, 38.974820607952935 ], [ -7.235669986976842, 38.974638979226143 ], [ -7.235916158737503, 38.974544936336507 ], [ -7.235959548305191, 38.97452653061476 ], [ -7.236063387298623, 38.974463735556 ], [ -7.236349727413346, 38.974185167211211 ], [ -7.236483159886927, 38.97405333015832 ], [ -7.236705560822667, 38.973912899547422 ], [ -7.237096328030947, 38.973639141647197 ], [ -7.237647986653309, 38.973287967656134 ], [ -7.238560994978522, 38.972748188801148 ], [ -7.238938575705816, 38.972313656520541 ], [ -7.239106204435039, 38.972212419502362 ], [ -7.239278211328704, 38.972111214874857 ], [ -7.239400948945874, 38.972098485977554 ], [ -7.239581394578457, 38.971997846348735 ], [ -7.239641933664206, 38.971955249229879 ], [ -7.239794586867557, 38.971827249465846 ], [ -7.239940317932609, 38.971671181184931 ], [ -7.240132184637702, 38.971389848965643 ], [ -7.24026539190858, 38.971240503149893 ], [ -7.240412042032471, 38.971135682630219 ], [ -7.240477594017995, 38.971061331209356 ], [ -7.240387711228083, 38.970968676365111 ], [ -7.24026603961379, 38.970733731604675 ], [ -7.240427619581454, 38.970463661661277 ], [ -7.240513606415812, 38.970295877903581 ], [ -7.240646868056538, 38.970177091104148 ], [ -7.240768246483564, 38.970048852614113 ], [ -7.241036423835784, 38.969800843926599 ], [ -7.241200694878354, 38.969617560632962 ], [ -7.241342866572799, 38.96945119467712 ], [ -7.241489756482366, 38.969257525716266 ], [ -7.241540561703983, 38.969046036030427 ], [ -7.241617671949988, 38.968831329803514 ], [ -7.241581201197254, 38.96866077476507 ], [ -7.241581327888377, 38.968466125729883 ], [ -7.241609769141532, 38.968296008942538 ], [ -7.241646570205028, 38.968037952031459 ], [ -7.241679477562541, 38.967907144146359 ], [ -7.241710289054025, 38.967740741229733 ], [ -7.241706073321541, 38.967690173844588 ], [ -7.241723598328623, 38.967636083027955 ], [ -7.241695901183164, 38.967544173469804 ], [ -7.241671447818067, 38.967396086834739 ], [ -7.241635347146846, 38.967219891357267 ], [ -7.24158836289757, 38.966978878891616 ], [ -7.241563771656419, 38.966845412261542 ], [ -7.24153025369785, 38.96672554821658 ], [ -7.241449874851646, 38.966502802806467 ], [ -7.241365976236215, 38.966211683667062 ], [ -7.241302377312357, 38.96604716251791 ], [ -7.241291602570552, 38.965859123619239 ], [ -7.24127009591724, 38.965677198107272 ], [ -7.241394768873131, 38.965634531655006 ], [ -7.241884314994143, 38.965403402466023 ], [ -7.242074669937132, 38.965295358173961 ], [ -7.242185855291971, 38.965225043616996 ], [ -7.242297860065924, 38.96518104003264 ], [ -7.243038514822194, 38.964789901423302 ], [ -7.243122970472344, 38.964743704345985 ], [ -7.243219235981946, 38.964712640819968 ], [ -7.243325198199843, 38.964662912685171 ], [ -7.243637670133062, 38.964511169709006 ], [ -7.243845744114505, 38.964425473835007 ], [ -7.243918154540233, 38.96438296937189 ], [ -7.244111156749232, 38.964283372078903 ], [ -7.2442366122321, 38.964215147717965 ], [ -7.244323374392748, 38.964178334310979 ], [ -7.244406011145127, 38.964083484216317 ], [ -7.244537132791685, 38.963949727500058 ], [ -7.244704320097183, 38.963810657797232 ], [ -7.244883608362103, 38.963587711292575 ], [ -7.245123373305977, 38.963448857377728 ], [ -7.245249362572848, 38.963337580635461 ], [ -7.245348732663865, 38.963252133165668 ], [ -7.245455408921694, 38.963153675686357 ], [ -7.245556937247687, 38.963079595804665 ], [ -7.245752684755193, 38.962944435782475 ], [ -7.24602332553174, 38.962761206509107 ], [ -7.246224120750646, 38.962609242575006 ], [ -7.246308695728234, 38.96254440016866 ], [ -7.246373970365339, 38.962499947435958 ], [ -7.246617769722871, 38.962359563642188 ], [ -7.246962933039335, 38.962167530341581 ], [ -7.247134241347255, 38.962067583085329 ], [ -7.24731751301217, 38.961969799025418 ], [ -7.247413916994012, 38.962122123854009 ], [ -7.247611294603873, 38.962439966216948 ], [ -7.247749876515273, 38.962661970083154 ], [ -7.247794394858996, 38.962737068056448 ], [ -7.247864663791287, 38.962866680677998 ], [ -7.24812679088, 38.963183119904905 ], [ -7.248320070811966, 38.963441027740444 ], [ -7.248442719644548, 38.963608413189398 ], [ -7.2485817171414, 38.96380601315186 ], [ -7.248699557341674, 38.963960391861399 ], [ -7.248760858422655, 38.964041294123994 ], [ -7.248809372212386, 38.964185781254521 ], [ -7.248862494121844, 38.964349128222523 ], [ -7.248904334796525, 38.964491672251128 ], [ -7.249003713539615, 38.964786251567652 ], [ -7.249063784336652, 38.964966406075909 ], [ -7.249083336361927, 38.965129322963932 ], [ -7.249103729347158, 38.965224955991502 ], [ -7.249137980228323, 38.965374831342388 ], [ -7.249182464820413, 38.965670788948991 ], [ -7.249253475934092, 38.965944718536555 ], [ -7.249346415657197, 38.966215396666712 ], [ -7.24942811081829, 38.966337047458431 ], [ -7.249513882924738, 38.966566130017242 ], [ -7.249631978897497, 38.966896425866857 ], [ -7.249726004903253, 38.967241492854946 ], [ -7.249770909462327, 38.96748143611979 ], [ -7.249790858276039, 38.967790763177987 ], [ -7.24982055844142, 38.967934621896966 ], [ -7.249774811740386, 38.968143880110219 ], [ -7.249721703558601, 38.968370020414973 ], [ -7.249622839165738, 38.968630170068316 ], [ -7.249522041193655, 38.968991650102865 ], [ -7.249337229494834, 38.969772833993161 ], [ -7.249212417886148, 38.970305001852353 ], [ -7.249175318775993, 38.970472173402158 ], [ -7.250675803750612, 38.97091070396398 ], [ -7.250925268225486, 38.970916007632773 ], [ -7.251047664008269, 38.970930601860587 ], [ -7.251882925292052, 38.971001842682284 ], [ -7.252487334210166, 38.970979066552381 ], [ -7.252535735972493, 38.971269431508475 ], [ -7.252607148885629, 38.971503894326652 ], [ -7.252698035467457, 38.971640213395709 ], [ -7.252736976893475, 38.97204397434119 ], [ -7.252762032814453, 38.972154595294327 ], [ -7.252758948890893, 38.972796536186422 ], [ -7.252759773600358, 38.973112889165961 ], [ -7.252760314256871, 38.973460943927144 ], [ -7.252770007660398, 38.973638735493793 ], [ -7.252818819131678, 38.973906855512226 ], [ -7.252837194746693, 38.974190637056239 ], [ -7.252826620383262, 38.974337505849689 ], [ -7.252833598835569, 38.974481088681863 ], [ -7.252827444373677, 38.974624572438778 ], [ -7.25282443448642, 38.974865073397389 ], [ -7.252839123920231, 38.97503929867959 ], [ -7.252861256355088, 38.975191064788561 ], [ -7.252863259331592, 38.975402575757336 ], [ -7.252914577394374, 38.975517088730776 ], [ -7.253071339612196, 38.975788325136918 ], [ -7.253166674397303, 38.975867644111986 ], [ -7.253283940319391, 38.975943710900793 ], [ -7.253445235181528, 38.975999604673895 ], [ -7.253510984545092, 38.975993265372253 ], [ -7.253893299940334, 38.976231946707358 ], [ -7.254187008921785, 38.976555394372696 ], [ -7.254251533784238, 38.976648149367513 ], [ -7.254601185090376, 38.977050617320572 ], [ -7.254828939042138, 38.977397488162062 ], [ -7.255079808247558, 38.977645428563662 ], [ -7.255306690435448, 38.977708648213074 ], [ -7.255566739911329, 38.977922481928978 ], [ -7.255721596808343, 38.978145777456817 ], [ -7.256032580543243, 38.978489854244629 ], [ -7.256646431918958, 38.979126683209678 ], [ -7.256886377225395, 38.979400527170327 ], [ -7.257044783482436, 38.979457480597787 ], [ -7.257311283784631, 38.979505809755281 ], [ -7.257460680813055, 38.979479596632444 ], [ -7.257605665261671, 38.979355796504422 ], [ -7.25782952617768, 38.979079505250745 ], [ -7.258023955949901, 38.978783137459601 ], [ -7.258127610811804, 38.978628383868212 ], [ -7.25821899488648, 38.978437136806164 ], [ -7.258404212672155, 38.977204869937758 ], [ -7.258464042557088, 38.977021922559686 ], [ -7.258519123334897, 38.976821916147976 ], [ -7.258604512456278, 38.976502519055494 ], [ -7.258702108297848, 38.976175734368766 ], [ -7.258717428720004, 38.976102799595694 ], [ -7.258756027556596, 38.975891592020808 ], [ -7.258791393257588, 38.97574584342378 ], [ -7.258857194243612, 38.975461875603848 ], [ -7.258897796341859, 38.975275004303668 ], [ -7.258910422249709, 38.975224563726208 ], [ -7.25893330449541, 38.975118088227561 ], [ -7.258921348090739, 38.97471932720493 ], [ -7.258926911018428, 38.974670635221472 ], [ -7.258899786996617, 38.974530092266392 ], [ -7.258864053217614, 38.974320221080838 ], [ -7.258859782018686, 38.974282720287498 ], [ -7.25884858618096, 38.974217148662611 ], [ -7.258869595433579, 38.974065710442908 ], [ -7.258908145906186, 38.973848914980181 ], [ -7.258914185947892, 38.973770233151676 ], [ -7.258913927843682, 38.973594316039424 ], [ -7.258925226177968, 38.973453884356047 ], [ -7.258936086050267, 38.973349206744061 ], [ -7.258953654237027, 38.97309289275789 ], [ -7.258969625218083, 38.972769282021417 ], [ -7.258981502588164, 38.972582195418269 ], [ -7.258986176409473, 38.972398834424943 ], [ -7.258980444230372, 38.972282687459149 ], [ -7.259012932232283, 38.972183668253265 ], [ -7.259005490688469, 38.972053004483676 ], [ -7.259038936257363, 38.971822658395965 ], [ -7.259049191736764, 38.971570070030708 ], [ -7.259059832317765, 38.971295061979973 ], [ -7.259071650870395, 38.970924488752225 ], [ -7.259061018081845, 38.970624999071241 ], [ -7.259037621847313, 38.97037774779551 ], [ -7.259031918826105, 38.970259793190806 ], [ -7.259013877029811, 38.969980694277211 ], [ -7.259036573484697, 38.969869176625011 ], [ -7.258967110817226, 38.969312713983861 ], [ -7.258868263151594, 38.968732866321439 ], [ -7.258842073253104, 38.968569731103912 ], [ -7.258843385066211, 38.967998040631223 ], [ -7.258936037758414, 38.967012598244366 ], [ -7.258949963839993, 38.966569271892176 ], [ -7.258939404354518, 38.966393806145319 ], [ -7.258943308612923, 38.966076153243201 ], [ -7.25883244179488, 38.965439959251995 ], [ -7.258776951980786, 38.965319857040946 ], [ -7.25892628017366, 38.964875550681256 ], [ -7.259045296099952, 38.964550817048533 ], [ -7.259087234619659, 38.964451867561806 ], [ -7.259104813938392, 38.964382729984749 ], [ -7.259140666432273, 38.964158304253509 ], [ -7.25916421616192, 38.963966547862263 ], [ -7.259142119812121, 38.963695028824198 ], [ -7.259148716394938, 38.963503145455874 ], [ -7.259184289142259, 38.963367735067024 ], [ -7.259265171366594, 38.962994402434731 ], [ -7.259297969602467, 38.962739840457935 ], [ -7.259351469881328, 38.962525144320203 ], [ -7.259386879148691, 38.962402969272318 ], [ -7.259404048651641, 38.962269815219805 ], [ -7.25941687163351, 38.96220253445194 ], [ -7.259412395999139, 38.962172592143752 ], [ -7.259387211311123, 38.962080797304658 ], [ -7.259382805303862, 38.962045187940603 ], [ -7.259291714062604, 38.962050179791689 ], [ -7.259121440516791, 38.962058184326438 ], [ -7.25889851023761, 38.962069669233315 ], [ -7.258623574302343, 38.962111722207958 ], [ -7.258471144389841, 38.962137545002349 ], [ -7.258367962145947, 38.962149919108434 ], [ -7.258308271245472, 38.962134523577625 ], [ -7.258260760854457, 38.962104174853458 ], [ -7.258215748714149, 38.962058975110963 ], [ -7.258182590046856, 38.962025038134115 ], [ -7.258151510603455, 38.96201913394237 ], [ -7.258120154215079, 38.962035744837415 ], [ -7.258102331415876, 38.962078971937729 ], [ -7.258028700848007, 38.962070636381348 ], [ -7.257969308129987, 38.962030921522079 ], [ -7.257890858298349, 38.961983403657356 ], [ -7.257755845379503, 38.961878142587999 ], [ -7.257681886694909, 38.961826458932073 ], [ -7.257579973391024, 38.961816938107425 ], [ -7.257499610800078, 38.961803098517251 ], [ -7.257471806096829, 38.961768678168866 ], [ -7.257397815370949, 38.961743802480036 ], [ -7.257365252043164, 38.961699505606404 ], [ -7.257344427727923, 38.961669566641213 ], [ -7.257354208133703, 38.961563745914539 ], [ -7.25730016307971, 38.961503563265637 ], [ -7.257229144059445, 38.96143376280051 ], [ -7.257131770264286, 38.961358180666103 ], [ -7.257065320230557, 38.961273677979491 ], [ -7.256939032324076, 38.961203237244426 ], [ -7.256787274753124, 38.961135913608373 ], [ -7.256694892117361, 38.961065727203497 ], [ -7.256644809602187, 38.961002476297807 ], [ -7.256573943013094, 38.960905978080369 ], [ -7.256474662163778, 38.960774896118558 ], [ -7.25638942363527, 38.960745750373576 ], [ -7.256368967034252, 38.960686031298096 ], [ -7.25635950334178, 38.960633497291283 ], [ -7.256302503770589, 38.960576329339972 ], [ -7.256202494945559, 38.960538728753754 ], [ -7.256150875192949, 38.960448536089203 ], [ -7.256178950759814, 38.960284191889698 ], [ -7.256074548326223, 38.960157658661082 ], [ -7.256083733204441, 38.960082776422375 ], [ -7.256074573623516, 38.960049019196028 ], [ -7.256120557194689, 38.960015675469769 ], [ -7.256017844254238, 38.959873423124506 ], [ -7.255892235295168, 38.959818751443251 ], [ -7.255903672677744, 38.959724006391944 ], [ -7.255837611617115, 38.95964487444332 ], [ -7.255759562752282, 38.95955628443955 ], [ -7.255705066346654, 38.959512910319944 ], [ -7.255653380236953, 38.959428300732611 ], [ -7.255618220442683, 38.95936065868127 ], [ -7.255525736751512, 38.959293144037161 ], [ -7.255463676466093, 38.95917023713816 ], [ -7.255426514098363, 38.959090537717159 ], [ -7.255408194750288, 38.958924828683806 ], [ -7.255427894040338, 38.958880028950198 ], [ -7.255537806850599, 38.958714305124296 ], [ -7.255530954091499, 38.95849338921299 ], [ -7.255532467899949, 38.95837927348834 ], [ -7.255561220094126, 38.958267394696229 ], [ -7.255490397537354, 38.958246967954928 ], [ -7.255527103977023, 38.958151484256305 ], [ -7.255444499160107, 38.958126561471261 ], [ -7.255460154486096, 38.958081488107609 ], [ -7.255248802278372, 38.957675185476347 ], [ -7.255157551025788, 38.957496691826151 ], [ -7.255133903905934, 38.957468497607621 ], [ -7.255106382526626, 38.95738956508216 ], [ -7.255080979725119, 38.957307048152977 ], [ -7.255056150227479, 38.957187056729772 ], [ -7.255063026107576, 38.957012994350997 ], [ -7.255096371696477, 38.956993337541412 ], [ -7.255029994277862, 38.956877016676984 ], [ -7.25491292757689, 38.956747077688405 ], [ -7.254791458651887, 38.956630341211373 ], [ -7.254707681403723, 38.956550290703888 ], [ -7.254691506322148, 38.956487294137688 ], [ -7.254751285713745, 38.956451342575349 ], [ -7.254659483072378, 38.956334830132938 ], [ -7.25460146058214, 38.956228499176994 ], [ -7.254577546067292, 38.956105879800653 ], [ -7.254595600380638, 38.956016667557812 ], [ -7.254635048134795, 38.955911070292821 ], [ -7.254682788961802, 38.955804656291917 ], [ -7.254810881899102, 38.955743624673538 ], [ -7.254774608972383, 38.955697673260914 ], [ -7.255028438522596, 38.955629440265021 ], [ -7.255262579226629, 38.955545162911193 ], [ -7.255437512648315, 38.955450511663436 ], [ -7.255604336793438, 38.955326017355709 ], [ -7.255771568375847, 38.955168432851828 ], [ -7.255904734172853, 38.955023829622618 ], [ -7.256054606750073, 38.95489920723977 ], [ -7.256137154560787, 38.954821769510914 ], [ -7.256251233534203, 38.9547103010215 ], [ -7.256365132680241, 38.954604503151508 ], [ -7.256440564738783, 38.954520850546778 ], [ -7.256491713380978, 38.954451964506795 ], [ -7.256506245363526, 38.954433338752935 ], [ -7.256507257259022, 38.954351016890108 ], [ -7.256484786779415, 38.954236720915141 ], [ -7.256474579871131, 38.954090631046974 ], [ -7.256473590174485, 38.953974609322152 ], [ -7.256470423015541, 38.953847307234511 ], [ -7.256471413913989, 38.953766784924959 ], [ -7.256529685717235, 38.953699844859145 ], [ -7.256700975466804, 38.953607544103662 ], [ -7.256906338307926, 38.953464962661165 ], [ -7.257010726875509, 38.953353419736587 ], [ -7.257147586177578, 38.953133576124969 ], [ -7.257213656060459, 38.953023729773228 ], [ -7.257299030771184, 38.952900785274537 ], [ -7.25737903538856, 38.952820945931322 ], [ -7.257486091441229, 38.952688796068237 ], [ -7.25752366928102, 38.952560001746065 ], [ -7.257557495186362, 38.952482518997606 ], [ -7.257588912897349, 38.952366643979843 ], [ -7.257640045484372, 38.952298749918363 ], [ -7.25774770199905, 38.952211552246233 ], [ -7.257912230871001, 38.952096769124381 ], [ -7.2580444125588, 38.952013445499766 ], [ -7.258109744433882, 38.951954036562533 ], [ -7.258191867055266, 38.951907901862477 ], [ -7.25829281586901, 38.951878657861961 ], [ -7.258424909322488, 38.951849742674433 ], [ -7.258556911924726, 38.951828211090472 ], [ -7.258727207507025, 38.951816423338066 ], [ -7.258880614789646, 38.951808293829004 ], [ -7.259062635479128, 38.95181902145103 ], [ -7.259201624367041, 38.95181069346183 ], [ -7.259403248038019, 38.951784099301641 ], [ -7.259684093119719, 38.951741334541396 ], [ -7.25984017664014, 38.951712507205691 ], [ -7.260015523633719, 38.951674454960255 ], [ -7.260116497330071, 38.951652780455412 ], [ -7.26022939461255, 38.951627409144443 ], [ -7.260337328860031, 38.951611373924344 ], [ -7.260454845915547, 38.95161413887157 ], [ -7.260600807529846, 38.951630181886031 ], [ -7.260806084204904, 38.951691615118037 ], [ -7.260972994308893, 38.951758344206922 ], [ -7.261275632365529, 38.951895355536251 ], [ -7.261504350335404, 38.951992539091485 ], [ -7.26170709367938, 38.952072685841671 ], [ -7.261912205820913, 38.952147269710814 ], [ -7.262119634149472, 38.952231141133922 ], [ -7.262197546920125, 38.952321526596698 ], [ -7.262338875400019, 38.952519218080326 ], [ -7.262407491183187, 38.952596473006807 ], [ -7.262502770469435, 38.952634650934137 ], [ -7.262655906723865, 38.952658219416818 ], [ -7.262921214753895, 38.952707035628599 ], [ -7.263311382203803, 38.952750525168739 ], [ -7.26370808884249, 38.952830634800534 ], [ -7.264104918617837, 38.952895540064752 ], [ -7.264365583577156, 38.952936752937376 ], [ -7.264623922427332, 38.952970468002647 ], [ -7.264791369203493, 38.952994231155117 ], [ -7.264911034203139, 38.953000701623758 ], [ -7.265123972302995, 38.953030389220871 ], [ -7.265238769620897, 38.953048083560269 ], [ -7.265363184751402, 38.953062067904369 ], [ -7.265473086826848, 38.953083600688707 ], [ -7.265582976181294, 38.953106844720409 ], [ -7.265700152243285, 38.953128341284767 ], [ -7.265836630768515, 38.953136833670008 ], [ -7.266109523437413, 38.953150116258065 ], [ -7.266361216027362, 38.953142611543726 ], [ -7.26666347161194, 38.953122422450832 ], [ -7.267089982312949, 38.953119909712427 ], [ -7.26735865128016, 38.95309199597488 ], [ -7.267540943805091, 38.953080284361796 ], [ -7.267672810365357, 38.953070000067534 ], [ -7.267776180561781, 38.953040766715496 ], [ -7.26792508583044, 38.953013857920638 ], [ -7.268040610843922, 38.95297165701075 ], [ -7.268131871721091, 38.952951706000299 ], [ -7.268366086259363, 38.952891824191816 ], [ -7.268449176359873, 38.952860551979846 ], [ -7.26881437654948, 38.952777141639004 ], [ -7.269011586391533, 38.952724284247005 ], [ -7.269203838391447, 38.952671475393281 ], [ -7.269353151213537, 38.952610789251821 ], [ -7.269680826323112, 38.952463501132634 ], [ -7.269786838656041, 38.952415646089968 ], [ -7.269871360111324, 38.952361949994099 ], [ -7.269945935114072, 38.952328903180963 ], [ -7.270078358783704, 38.952271876189137 ], [ -7.270246802926207, 38.952213217457626 ], [ -7.270323778650289, 38.952191264808405 ], [ -7.270405646562081, 38.952156379113568 ], [ -7.270490363325391, 38.952085841577578 ], [ -7.27060638306496, 38.952002479687117 ], [ -7.270852363670652, 38.951865755714159 ], [ -7.271016640956336, 38.95176032007749 ], [ -7.271236565756537, 38.951612233375904 ], [ -7.271393623211516, 38.951502957983173 ], [ -7.271502256370692, 38.951419358693606 ], [ -7.271644758408426, 38.95132123681676 ], [ -7.271743734331263, 38.951263955616596 ], [ -7.271854475057159, 38.951216129066772 ], [ -7.272013496021383, 38.951144250709021 ], [ -7.272143726937311, 38.951077832747131 ], [ -7.272293511581852, 38.950968503372415 ], [ -7.272409867321635, 38.95085703477929 ], [ -7.272504127913736, 38.95078855051139 ], [ -7.272607518953862, 38.950766791121609 ], [ -7.272696286095272, 38.95075249112638 ], [ -7.272804559453235, 38.950717706514972 ], [ -7.273031320174337, 38.95058651280641 ], [ -7.273094014734474, 38.950553286330532 ], [ -7.273202221243142, 38.950524088277511 ], [ -7.273283901599619, 38.95051351971702 ], [ -7.273375475737788, 38.95046735292749 ], [ -7.273498484157263, 38.950406466754757 ], [ -7.273621718803298, 38.950317567534384 ], [ -7.273687145883409, 38.950258145997822 ], [ -7.273792953604493, 38.950217760286293 ], [ -7.273992913258756, 38.95011816513346 ], [ -7.274137422551412, 38.950053652447409 ], [ -7.27424082457205, 38.950020722239181 ], [ -7.2743517022418, 38.949961725760254 ], [ -7.274515873991649, 38.949863667891798 ], [ -7.274720964825076, 38.949739786860206 ], [ -7.274870746259426, 38.94963982112256 ], [ -7.274926284380007, 38.949606541024991 ], [ -7.275015477427314, 38.949556665003769 ], [ -7.275099894487859, 38.949510443322438 ], [ -7.275174514473757, 38.949482975481246 ], [ -7.275294939883731, 38.949425764229609 ], [ -7.275413178895875, 38.949358620299215 ], [ -7.275480712233869, 38.949325427184121 ], [ -7.275603351879891, 38.949285163499674 ], [ -7.275740302173302, 38.94925437273529 ], [ -7.275889878322889, 38.949171245706268 ], [ -7.27607568336492, 38.949058394560751 ], [ -7.276252322656672, 38.948921240826948 ], [ -7.276431827166035, 38.948737181761693 ], [ -7.276509336898676, 38.948661000349993 ], [ -7.27657702612603, 38.948614661116451 ], [ -7.276615728518118, 38.948581255745914 ], [ -7.276678142920786, 38.948570544310911 ], [ -7.276866009211611, 38.948555164043796 ], [ -7.276920040222241, 38.948637709007087 ], [ -7.276962392664531, 38.948703413204754 ], [ -7.277066215408571, 38.94881820940823 ], [ -7.277155715567074, 38.948934792979436 ], [ -7.277273773435861, 38.949064557766619 ], [ -7.277398921788028, 38.949200136593134 ], [ -7.277531672798458, 38.949307664546318 ], [ -7.277759258414576, 38.94949083349178 ], [ -7.277920412132117, 38.949615416103072 ], [ -7.278112264709661, 38.949777514925508 ], [ -7.278382451510121, 38.949996302790886 ], [ -7.2785129388732, 38.950090757406471 ], [ -7.278662456655278, 38.950194626344121 ], [ -7.278830881983912, 38.950309893009468 ], [ -7.27890884084432, 38.95040765220083 ], [ -7.278958100468211, 38.950484671145219 ], [ -7.279056661546588, 38.950644284990823 ], [ -7.279181683199818, 38.950791029510526 ], [ -7.279152268456858, 38.950848819738198 ], [ -7.279130183839981, 38.950900996000769 ], [ -7.27919397473337, 38.95096874784155 ], [ -7.279259932902922, 38.951047684046593 ], [ -7.279325938430769, 38.951132299862394 ], [ -7.279541773200093, 38.951507961282715 ], [ -7.279581191076439, 38.951616698554716 ], [ -7.279653098470854, 38.951806020430965 ], [ -7.279726690131353, 38.952047601444214 ], [ -7.279770461066806, 38.95218807998144 ], [ -7.279885354276209, 38.952390777032875 ], [ -7.279974189638576, 38.952563561963409 ], [ -7.28006125192983, 38.952682014345903 ], [ -7.280156005601075, 38.952764945500171 ], [ -7.280205446257808, 38.952827009880373 ], [ -7.280253834112024, 38.952986256900118 ], [ -7.280273619357204, 38.953135927871188 ], [ -7.280272637158381, 38.953218070130895 ], [ -7.280262416751056, 38.953272220378679 ], [ -7.280222796995881, 38.953382183137826 ], [ -7.28018100668972, 38.953471592660044 ], [ -7.28021865182045, 38.953526091803084 ], [ -7.280248925264192, 38.95359918552554 ], [ -7.280308845359145, 38.953797878243904 ], [ -7.280331490102816, 38.95390081967065 ], [ -7.280426910552478, 38.954131390235794 ], [ -7.280571643324337, 38.95442402399285 ], [ -7.280637124245818, 38.954553486806795 ], [ -7.280682148831969, 38.95458930476439 ], [ -7.280764841177821, 38.954677821208563 ], [ -7.280939359772814, 38.9548921256523 ], [ -7.281019519309974, 38.954989899458155 ], [ -7.281085782249635, 38.95505397426686 ], [ -7.281185449825279, 38.955121991411772 ], [ -7.281261175102525, 38.955195412131218 ], [ -7.281369657146524, 38.955336542478925 ], [ -7.281529893719877, 38.95553956785475 ], [ -7.281747153840406, 38.955778498989282 ], [ -7.281876853494873, 38.955940139936686 ], [ -7.282022939599824, 38.95612072344143 ], [ -7.282183340398658, 38.956320060488729 ], [ -7.282322253342906, 38.956502393734603 ], [ -7.282400067688973, 38.956603933580311 ], [ -7.282447514684013, 38.956630402398332 ], [ -7.28260616386578, 38.956773604178679 ], [ -7.282759987864195, 38.956914881689002 ], [ -7.282911238658739, 38.957069288656797 ], [ -7.283107584209094, 38.95726320697559 ], [ -7.283306079698944, 38.957470294428035 ], [ -7.283509493691408, 38.957671743453943 ], [ -7.283641529430271, 38.957831596100803 ], [ -7.283865267948057, 38.958128580305832 ], [ -7.284005104742746, 38.958243631415634 ], [ -7.283978834065616, 38.958269559635298 ], [ -7.284066607898413, 38.958339284789773 ], [ -7.284324627849713, 38.958567337274069 ], [ -7.284497454060163, 38.958721903589527 ], [ -7.284684208580645, 38.958908276783255 ], [ -7.284814187986504, 38.959047485719545 ], [ -7.284863157260705, 38.959043155900943 ], [ -7.284881073932916, 38.959059230490439 ], [ -7.284977737584313, 38.959187024956535 ], [ -7.285136057679162, 38.959348959410342 ], [ -7.285334899775716, 38.959528034948761 ], [ -7.285533632439263, 38.959716379079801 ], [ -7.285684987983674, 38.959872675684828 ], [ -7.285805208546413, 38.960017491941329 ], [ -7.285869324897281, 38.960059028513484 ], [ -7.285964300380043, 38.960125200574652 ], [ -7.286115718351101, 38.960275824080263 ], [ -7.286371588120493, 38.960481429274616 ], [ -7.286504507550967, 38.960577693169633 ], [ -7.286679696795416, 38.96072848748382 ], [ -7.286857603775334, 38.960864347715869 ], [ -7.286997601068161, 38.960957059330475 ], [ -7.287173194607367, 38.961083626275922 ], [ -7.287495479891245, 38.961342040090699 ], [ -7.287694555029409, 38.961502372959458 ], [ -7.28779830970576, 38.961635802954362 ], [ -7.2878832845706, 38.961727940195502 ], [ -7.287908461115213, 38.961823509466164 ], [ -7.287964590145051, 38.962139809039819 ], [ -7.287975389608348, 38.962240861587453 ], [ -7.287991100013715, 38.962326910601455 ], [ -7.288028425692992, 38.962603804402164 ], [ -7.288064286413745, 38.962809702255612 ], [ -7.288086264032651, 38.962970647108222 ], [ -7.288059412740507, 38.963415338157212 ], [ -7.28803188060036, 38.963723468096134 ], [ -7.28805473734325, 38.963809653503063 ], [ -7.288077892224218, 38.963871525043487 ], [ -7.288131789103033, 38.963967216626926 ], [ -7.288200508478646, 38.964029411744377 ], [ -7.288287886977069, 38.964123453161768 ], [ -7.288374116765449, 38.964315986115615 ], [ -7.288589047752645, 38.96449238194959 ], [ -7.288847543338512, 38.964694327357968 ], [ -7.289120951479619, 38.964899615574396 ], [ -7.289318038312186, 38.965024350328562 ], [ -7.289434637822737, 38.965086896310204 ], [ -7.289541719595351, 38.965125051954431 ], [ -7.289728466597865, 38.965171144281705 ], [ -7.289892035477155, 38.965201165918181 ], [ -7.290081106402378, 38.965222358550726 ], [ -7.290304807838835, 38.965243801888008 ], [ -7.290614292953986, 38.965280419520475 ], [ -7.290871893631889, 38.965318193174241 ], [ -7.291093008569422, 38.965363047806086 ], [ -7.291539921514551, 38.965447383225118 ], [ -7.291800113221751, 38.965506938583573 ], [ -7.291981716395007, 38.965597064417672 ], [ -7.292130381032114, 38.96569317145093 ], [ -7.292244938642511, 38.965767898909355 ], [ -7.29239970300735, 38.965863809047939 ], [ -7.292552229232272, 38.965913457839676 ], [ -7.292670393346738, 38.965982320787894 ], [ -7.292938083439384, 38.966022701794124 ], [ -7.293086187425322, 38.966091143035186 ], [ -7.293276684817383, 38.966169164313953 ], [ -7.293447837846389, 38.966263802936069 ], [ -7.29358338548216, 38.966334040292963 ], [ -7.293954521413651, 38.966514337752628 ], [ -7.294314234409897, 38.966655186013156 ], [ -7.294612428595789, 38.966739650354256 ], [ -7.294808232110639, 38.966778437728841 ], [ -7.295025388127604, 38.966826745128607 ], [ -7.295171775247165, 38.96688472528308 ], [ -7.295303112552477, 38.966885668272759 ], [ -7.295593451843831, 38.966862116726375 ], [ -7.295843592983571, 38.966843866170471 ], [ -7.296186441131318, 38.966790203645708 ], [ -7.296485816066745, 38.96676433036491 ], [ -7.297125371311462, 38.966705404718134 ], [ -7.297367456660233, 38.96668470616698 ], [ -7.297615528919588, 38.966641621948703 ], [ -7.297827395005755, 38.966652502917391 ], [ -7.298028355050358, 38.966655739973774 ], [ -7.29838227805674, 38.96667141959766 ], [ -7.298594944650036, 38.966699056337127 ], [ -7.299042352496164, 38.966702339619069 ], [ -7.299431209943549, 38.966752875655359 ], [ -7.299715332663825, 38.966656875329562 ], [ -7.300069010000117, 38.966501077549843 ], [ -7.300266516571961, 38.96645976151413 ], [ -7.30043967710161, 38.966519988890447 ], [ -7.300580106997026, 38.966588455963631 ], [ -7.300755909092637, 38.966699958582495 ], [ -7.300955516651324, 38.966819110606878 ], [ -7.301197045076853, 38.966915016170532 ], [ -7.301365441832028, 38.967023029580105 ], [ -7.301623237595232, 38.967223887894974 ], [ -7.301917797060272, 38.967412886870747 ], [ -7.302136489676799, 38.967537844898196 ], [ -7.302243648683967, 38.967579774454038 ], [ -7.302654274481146, 38.967728633119805 ], [ -7.30285058491404, 38.967789845861709 ], [ -7.30308982687271, 38.96786051085963 ], [ -7.303441856490168, 38.968059286254032 ], [ -7.303815691486216, 38.968218939699462 ], [ -7.304006525062003, 38.968268935846751 ], [ -7.304181340320042, 38.968258824565339 ], [ -7.304372312398804, 38.968297560695277 ], [ -7.304532734057922, 38.968343555008836 ], [ -7.304766700097892, 38.968356222397439 ], [ -7.304903879221648, 38.968472554622998 ], [ -7.305074697562238, 38.968608352112327 ], [ -7.305276076082427, 38.96876359287505 ], [ -7.305675756386803, 38.969074050639065 ], [ -7.306203585434083, 38.969483950226191 ], [ -7.306670439380073, 38.969842946916344 ], [ -7.306577130312435, 38.969913272260278 ], [ -7.30671705606635, 38.970026405185791 ], [ -7.306899575910077, 38.970177312043141 ], [ -7.307143580827993, 38.970399543642515 ], [ -7.307373294699872, 38.970610498775976 ], [ -7.307510668273055, 38.9707348721874 ], [ -7.307579337519395, 38.97079336694307 ], [ -7.307724273649833, 38.970882211779248 ], [ -7.30786693137152, 38.970969154131325 ], [ -7.30807811071003, 38.97111656689507 ], [ -7.308299165223704, 38.971248918109836 ], [ -7.308512888110179, 38.971396348064467 ], [ -7.308702811370334, 38.971526582425625 ], [ -7.308929294509981, 38.971628021586554 ], [ -7.309059701535249, 38.971710120843632 ], [ -7.309233444509903, 38.971830978465725 ], [ -7.30938676110654, 38.971972507304329 ], [ -7.309574765714927, 38.972069310309699 ], [ -7.309712751778035, 38.972141263019225 ], [ -7.310050218582995, 38.972345497732817 ], [ -7.310259553217281, 38.972453532128831 ], [ -7.310466449504364, 38.97256352792968 ], [ -7.310711306224944, 38.972703697929745 ], [ -7.310906401013304, 38.972796587217971 ], [ -7.311077905333411, 38.972883812663184 ], [ -7.311187506610401, 38.972925746717813 ], [ -7.311442307738134, 38.973034099229679 ], [ -7.311877882275564, 38.973178378474593 ], [ -7.312095812665656, 38.973265363468499 ], [ -7.312454218339818, 38.973491672958112 ], [ -7.312768082500344, 38.973662050811242 ], [ -7.312879768752409, 38.973733900460751 ], [ -7.312936752843958, 38.973775558494317 ], [ -7.313098154315578, 38.973888833801105 ], [ -7.313323437068668, 38.97406605854983 ], [ -7.313503572486383, 38.974226215239 ], [ -7.313626920787674, 38.97431679991768 ], [ -7.313783504329755, 38.974437605921203 ], [ -7.313868987191931, 38.974499903635753 ], [ -7.314096207856047, 38.974720200413032 ], [ -7.314278406911764, 38.974891539805682 ], [ -7.314430159653277, 38.97502150149144 ], [ -7.314524801243345, 38.975109985912297 ], [ -7.314704955279383, 38.975259062425614 ], [ -7.31495611880894, 38.975494388875099 ], [ -7.315157225068492, 38.975688287466497 ], [ -7.315354009295545, 38.975856031589558 ], [ -7.315516454486113, 38.975989671628177 ], [ -7.315666567738094, 38.976252391276049 ], [ -7.315825577667004, 38.976574978065372 ], [ -7.316025808506962, 38.976955869390721 ], [ -7.316121802048203, 38.977149031123844 ], [ -7.316257538466304, 38.977407869731202 ], [ -7.316353661546748, 38.977589861852742 ], [ -7.316436182338778, 38.977689430184 ], [ -7.316525569510588, 38.977752438744524 ], [ -7.316610889864041, 38.97782994172362 ], [ -7.316716736086987, 38.977907588248726 ], [ -7.316847101181679, 38.977995019100582 ], [ -7.317034642807906, 38.978108484405617 ], [ -7.317205763710461, 38.978221835493997 ], [ -7.317318938842844, 38.978376437749297 ], [ -7.317379143220387, 38.978512728275497 ], [ -7.317499979143105, 38.978612742944343 ], [ -7.317630249736476, 38.97873516765852 ], [ -7.317822227911181, 38.978900890525921 ], [ -7.317931282347555, 38.978991366257908 ], [ -7.318076354511148, 38.979070923153749 ], [ -7.318226011678403, 38.979163488226931 ], [ -7.318359050582097, 38.979256018142657 ], [ -7.318681969228182, 38.979486249200463 ], [ -7.31881716292678, 38.979591860046291 ], [ -7.318847514703706, 38.979688102693252 ], [ -7.319132625364714, 38.97983888382042 ], [ -7.319211229465998, 38.97986744212723 ], [ -7.319390810559098, 38.979925813529576 ], [ -7.319590786210841, 38.980029749430294 ], [ -7.319736673486524, 38.980179518719787 ], [ -7.319990495758047, 38.980377560465918 ], [ -7.320094928854888, 38.980458634072598 ], [ -7.320292150450292, 38.980590792885316 ], [ -7.32048018431197, 38.980678125053998 ], [ -7.320821515739007, 38.980826606615338 ], [ -7.32093961284566, 38.980910742586332 ], [ -7.321029084178572, 38.980985067217084 ], [ -7.321094144071028, 38.981039994297447 ], [ -7.321216273287415, 38.981130567849227 ], [ -7.321308546428142, 38.981276306826935 ], [ -7.321481593722372, 38.981423339917484 ], [ -7.321676160613137, 38.98157610890879 ], [ -7.321905966717325, 38.981775777381785 ], [ -7.322104951851625, 38.981936051771115 ], [ -7.322306038323564, 38.982051399752578 ], [ -7.322411422011475, 38.982170694389715 ], [ -7.322484194825735, 38.982258270045506 ], [ -7.32264088248565, 38.982373391863987 ], [ -7.322807066066332, 38.982484794426469 ], [ -7.322925736546359, 38.982573444265817 ], [ -7.323046767200196, 38.982667783349406 ], [ -7.323224744873952, 38.982798092156187 ], [ -7.32328183187142, 38.982832084882254 ], [ -7.323455068993594, 38.982952906970773 ], [ -7.323574037460777, 38.983015429902821 ], [ -7.323757178955786, 38.983117581769406 ], [ -7.323959375221672, 38.983229237883677 ], [ -7.324164080649084, 38.983333430240577 ], [ -7.324768118763691, 38.983649626650596 ], [ -7.32507391390762, 38.98379136412867 ], [ -7.3253314921731, 38.983886075280296 ], [ -7.325531742572982, 38.983967571305158 ], [ -7.325749097569186, 38.984097600228594 ], [ -7.325912859972489, 38.98422024110041 ], [ -7.326193071611136, 38.984403406514879 ], [ -7.326304745252347, 38.984478938121221 ], [ -7.326451925428763, 38.984588317000295 ], [ -7.326504166236445, 38.98462227464713 ], [ -7.32662696348151, 38.984765174027523 ], [ -7.326740208883881, 38.984915476358189 ], [ -7.326791793186482, 38.985007439105544 ], [ -7.326847185754993, 38.985103104140592 ], [ -7.326934449508875, 38.985178921351952 ], [ -7.327136883826724, 38.985404172794702 ], [ -7.327285960856272, 38.985560398668753 ], [ -7.327514125773324, 38.985907682684804 ], [ -7.327589486937896, 38.986040882023161 ], [ -7.327727560732628, 38.986203397924207 ], [ -7.328080670256906, 38.986564728471649 ], [ -7.328210774950236, 38.986677779500603 ], [ -7.328422800635864, 38.986844599587606 ], [ -7.328862296777471, 38.98714117976251 ], [ -7.329116570676697, 38.987303623856242 ], [ -7.329315930854898, 38.987342300507443 ], [ -7.329438992465947, 38.987369342257296 ], [ -7.329501169329319, 38.987371662096834 ], [ -7.329556852945013, 38.987459318286909 ], [ -7.330129575043896, 38.98788616544379 ], [ -7.330302784944299, 38.988021932454913 ], [ -7.330444986466818, 38.988144419495796 ], [ -7.330693828475429, 38.988359155048315 ], [ -7.330703405030293, 38.988359220906986 ], [ -7.330813015941319, 38.988403028205511 ], [ -7.330958437833879, 38.988454470523536 ], [ -7.331189444815596, 38.988562616357754 ], [ -7.331353790041916, 38.988634719227321 ], [ -7.331544200506008, 38.988729524397598 ], [ -7.331729810443147, 38.988820512200071 ], [ -7.33176999137367, 38.988859972058847 ], [ -7.331869606672957, 38.98894100201629 ], [ -7.331973862823091, 38.989040797726943 ], [ -7.332061518823653, 38.989118052295012 ], [ -7.332161010094305, 38.98921025055526 ], [ -7.332241598825004, 38.989279980178615 ], [ -7.332357804789961, 38.989374185490348 ], [ -7.332516861861722, 38.989506157167611 ], [ -7.332718287824171, 38.989679401981768 ], [ -7.33283209835281, 38.989781245932207 ], [ -7.33295781984707, 38.989881097008102 ], [ -7.333040724819297, 38.989960209847986 ], [ -7.333135981783743, 38.989998244464132 ], [ -7.333242947754597, 38.990062567736594 ], [ -7.333442827890599, 38.990177881038761 ], [ -7.333499850726395, 38.990208174312578 ], [ -7.333580727659495, 38.990251786595415 ], [ -7.333704369530924, 38.990321720141928 ], [ -7.333827992336662, 38.990402913806292 ], [ -7.333965754197084, 38.990489875355465 ], [ -7.334065667856117, 38.990544692509701 ], [ -7.334132243744706, 38.990588202868231 ], [ -7.334186810927458, 38.990631545390258 ], [ -7.334222281516206, 38.990669165226791 ], [ -7.334326858197617, 38.990740860065955 ], [ -7.334440669210773, 38.990812618021785 ], [ -7.334521380563522, 38.990871179304733 ], [ -7.334585385327416, 38.990927642725254 ], [ -7.334642148328111, 38.990991531945077 ], [ -7.33473930370713, 38.991076327597611 ], [ -7.334836553655005, 38.991163102781712 ], [ -7.334947858367444, 38.991262858476468 ], [ -7.335104211912788, 38.991400390121164 ], [ -7.335282006380202, 38.991551124659068 ], [ -7.33548085556321, 38.991748666639012 ], [ -7.335613648486168, 38.99186730346112 ], [ -7.335729694393993, 38.991976544269306 ], [ -7.335888392978125, 38.992121479802854 ], [ -7.33621270929993, 38.992443368984624 ], [ -7.336357161070934, 38.992582620968662 ], [ -7.336449529671333, 38.992673054575079 ], [ -7.336506262950839, 38.992729468186852 ], [ -7.336593479578577, 38.992857159687922 ], [ -7.336772925857008, 38.993077082335063 ], [ -7.336895444422132, 38.99324797799995 ], [ -7.336980543887585, 38.993358813285248 ], [ -7.337008904990824, 38.993392604175348 ], [ -7.337037204886033, 38.993432066713837 ], [ -7.33707251077677, 38.993484645242013 ], [ -7.337155523619697, 38.993545016508726 ], [ -7.337226946897888, 38.993588472592947 ], [ -7.337283786569841, 38.99363560964229 ], [ -7.337321787795611, 38.99366387790716 ], [ -7.337423571017452, 38.993769240156503 ], [ -7.337513372356694, 38.993872627220028 ], [ -7.337608158300589, 38.993953620227742 ], [ -7.337648324259296, 38.99399496503586 ], [ -7.337747766032725, 38.994092835646505 ], [ -7.337920732343087, 38.994252905611667 ], [ -7.338031838932873, 38.99437138735442 ], [ -7.338091254478533, 38.994414851156577 ], [ -7.338184004370034, 38.994471508456961 ], [ -7.338319116461506, 38.994590151675375 ], [ -7.338447099026994, 38.99469569059346 ], [ -7.33857046407136, 38.994801197925781 ], [ -7.338598807649061, 38.994836880798829 ], [ -7.338667655238825, 38.994884189016148 ], [ -7.338843395256829, 38.995003108257315 ], [ -7.339033353697528, 38.995140773294253 ], [ -7.339126057236115, 38.995201213612894 ], [ -7.33923780283157, 38.995273043799074 ], [ -7.339321199742758, 38.995309100177209 ], [ -7.33952151827154, 38.995366486406937 ], [ -7.339738825106539, 38.995422185397572 ], [ -7.339850747753832, 38.995467802347889 ], [ -7.340017666406711, 38.995528836598126 ], [ -7.340300909280264, 38.995665330324073 ], [ -7.340624889808161, 38.995813267669995 ], [ -7.340905943170944, 38.995949744155872 ], [ -7.34114179368593, 38.996050337711715 ], [ -7.341399179781136, 38.996166748311836 ] ] ] } },
{ "type": "Feature", "properties": { "dtmnfr": "120707", "freguesia": "São Brás e São Lourenço", "municipio": "Elvas", "distrito_i": "Portalegre", "nuts3_cod": "1C3", "nuts3": "Alto Alentejo", "nuts2": "Alentejo", "nuts1": "Continente", "area_ha": 4763.42, "perimetro_": 38, "designacao": "São Brás e São Lourenço" }, "geometry": { "type": "Polygon", "coordinates": [ [ [ -7.257500328026675, 38.848021631205981 ], [ -7.257486710206718, 38.84816868980927 ], [ -7.257391915921533, 38.84856488896866 ], [ -7.257308681336162, 38.849099628468487 ], [ -7.257283170017597, 38.849226532151413 ], [ -7.257272686752989, 38.849499387738312 ], [ -7.257336315267514, 38.84981549221316 ], [ -7.257359315424131, 38.849906169222088 ], [ -7.257391497476383, 38.850034625147885 ], [ -7.257374428264062, 38.850156186571255 ], [ -7.257409784250245, 38.850391910845758 ], [ -7.257435605813876, 38.850625762066578 ], [ -7.257496175483407, 38.850936680221963 ], [ -7.25753843242188, 38.851423457293215 ], [ -7.257652482298113, 38.85234820796849 ], [ -7.257646006849142, 38.852758117646395 ], [ -7.257640070784628, 38.852857155742861 ], [ -7.257697129624733, 38.853070710488247 ], [ -7.257734916001709, 38.853306271720093 ], [ -7.257755424802723, 38.853390559648801 ], [ -7.257737577723408, 38.853483927264584 ], [ -7.257727277682297, 38.853721415134522 ], [ -7.257706417857127, 38.853849472434014 ], [ -7.257683074128918, 38.854031009049955 ], [ -7.257702894696869, 38.854350838226075 ], [ -7.257744118119765, 38.854691367273219 ], [ -7.257772865542655, 38.854884081975605 ], [ -7.257801130292953, 38.855106692474607 ], [ -7.25790804168973, 38.85554868968601 ], [ -7.257977607164541, 38.855725693503096 ], [ -7.25806906394758, 38.856133647939124 ], [ -7.258094625847166, 38.85640912256909 ], [ -7.258052718529945, 38.856680320145436 ], [ -7.257970708274888, 38.8570648886733 ], [ -7.25798667567803, 38.857322987507018 ], [ -7.25801526089422, 38.857726929819506 ], [ -7.258051897459743, 38.85804688925122 ], [ -7.258075646792008, 38.858261990213833 ], [ -7.258105145148367, 38.858581804240941 ], [ -7.258144021827863, 38.858916639560825 ], [ -7.258165556664617, 38.859114972182553 ], [ -7.258187393918321, 38.859279704569701 ], [ -7.258152545275583, 38.859397176518073 ], [ -7.258136567242315, 38.859526049511928 ], [ -7.258031982491937, 38.859684163428987 ], [ -7.257882962217495, 38.859933462923657 ], [ -7.257818444647892, 38.860131147952714 ], [ -7.25773937361075, 38.860341789586279 ], [ -7.257661641038831, 38.860640260371724 ], [ -7.257631400291734, 38.860767133823316 ], [ -7.25758669361655, 38.86090885347096 ], [ -7.257515303514129, 38.861084057495461 ], [ -7.257323876604522, 38.86149382822984 ], [ -7.257285667025425, 38.861687927831042 ], [ -7.257258989154179, 38.862017879453965 ], [ -7.257269668710874, 38.862411306816483 ], [ -7.257226257611803, 38.862635277554034 ], [ -7.257219701043823, 38.862784752341128 ], [ -7.257208036125162, 38.862947165359259 ], [ -7.257229485454981, 38.863243233132593 ], [ -7.257286624739162, 38.8637552047743 ], [ -7.257305277665925, 38.863972159991242 ], [ -7.257373374916122, 38.864488740997459 ], [ -7.257408211462736, 38.864794453649552 ], [ -7.25741360194448, 38.86514142520182 ], [ -7.257392597892915, 38.865280794817792 ], [ -7.257342424797866, 38.865438800680479 ], [ -7.257307276660025, 38.865551667038929 ], [ -7.257203956545549, 38.86571681552762 ], [ -7.25711003851478, 38.86585880620067 ], [ -7.256997592595943, 38.866065412593933 ], [ -7.257000612460107, 38.866171581480671 ], [ -7.256980959815167, 38.866593785034034 ], [ -7.256933709740178, 38.866906424030233 ], [ -7.256940949338495, 38.867102569469914 ], [ -7.257042687384739, 38.867368713116136 ], [ -7.257144898616928, 38.86761250933035 ], [ -7.257301365210889, 38.86799899937013 ], [ -7.257428642761743, 38.868246430559573 ], [ -7.257723814080348, 38.868738389314466 ], [ -7.257868795814022, 38.868989978268054 ], [ -7.258074102562004, 38.869302007840965 ], [ -7.258144278919537, 38.869423959643164 ], [ -7.258435332505519, 38.869678528434449 ], [ -7.258868798313586, 38.869999559726175 ], [ -7.259177792883439, 38.870281218400265 ], [ -7.259360632824118, 38.870397693617157 ], [ -7.259536927979338, 38.870576249493965 ], [ -7.259665174800715, 38.870739361396275 ], [ -7.259808307410181, 38.870868646059897 ], [ -7.260080473217156, 38.871096940772169 ], [ -7.260284605138317, 38.871366206955258 ], [ -7.260547565320698, 38.871703919790029 ], [ -7.26090594095742, 38.87210851727184 ], [ -7.261302343916157, 38.872541499846839 ], [ -7.261502690945691, 38.872771158369346 ], [ -7.261630079938504, 38.872908483375582 ], [ -7.261717832138043, 38.872969040491462 ], [ -7.26189888073448, 38.873213322487047 ], [ -7.262073302228123, 38.873414862652453 ], [ -7.262322687140309, 38.873734510577926 ], [ -7.262442856098504, 38.87387745841837 ], [ -7.26251381564775, 38.873935997206296 ], [ -7.26273994684083, 38.874206918328767 ], [ -7.263019757399698, 38.874582999711826 ], [ -7.263189308687843, 38.87480665910099 ], [ -7.263303783468548, 38.87502991251786 ], [ -7.26344204333976, 38.875249648888214 ], [ -7.263608875838701, 38.875488331204899 ], [ -7.263634691313503, 38.875525901869011 ], [ -7.263744833155624, 38.87570813563584 ], [ -7.26385031126106, 38.875884661515649 ], [ -7.264021646013642, 38.876142020925997 ], [ -7.26418794090707, 38.876416280697065 ], [ -7.264309995157278, 38.876613556273341 ], [ -7.264419634539491, 38.876836768075023 ], [ -7.264526746574707, 38.877069424480915 ], [ -7.264591284377837, 38.877277527965823 ], [ -7.26465593746518, 38.877457444407383 ], [ -7.264729446498327, 38.877704708930686 ], [ -7.264790100487842, 38.877824869862366 ], [ -7.264838301116028, 38.877993405100661 ], [ -7.264857935990913, 38.878150734900387 ], [ -7.264889130753363, 38.878343460902038 ], [ -7.264914333082181, 38.87843165189603 ], [ -7.264974467483781, 38.878594683798134 ], [ -7.265017803972825, 38.878685528140579 ], [ -7.26511735864417, 38.878953040785063 ], [ -7.26522650741085, 38.879285947711992 ], [ -7.265352685467969, 38.879771554689441 ], [ -7.265395811923892, 38.879958786195417 ], [ -7.26557240910297, 38.880401292696853 ], [ -7.265620124262711, 38.880558102206209 ], [ -7.265690505501947, 38.8808476961647 ], [ -7.265793334722646, 38.881119971441869 ], [ -7.265876867828137, 38.88139210241085 ], [ -7.265994216485923, 38.881660714695755 ], [ -7.26611142854552, 38.881940637727631 ], [ -7.266382837604383, 38.882374035620934 ], [ -7.266537871547023, 38.882599570217664 ], [ -7.266683278050799, 38.882840067042089 ], [ -7.266880865950794, 38.883101401902003 ], [ -7.267123409458807, 38.883409728884494 ], [ -7.267368307318826, 38.883723841350182 ], [ -7.267573005064442, 38.883998288915947 ], [ -7.26773772234429, 38.884214520239468 ], [ -7.267831787806858, 38.884346186751763 ], [ -7.267876552075243, 38.8843988550638 ], [ -7.267787394636257, 38.884661756412754 ], [ -7.2677108063612, 38.88486683665915 ], [ -7.267628342787328, 38.884967292879473 ], [ -7.267489910850676, 38.885149394386445 ], [ -7.26740991102529, 38.885236716552086 ], [ -7.267269961922994, 38.885344046149832 ], [ -7.267112991483951, 38.885477548247749 ], [ -7.266912302441854, 38.885661081620363 ], [ -7.266716344771363, 38.885863383076391 ], [ -7.266485988192416, 38.886117763677497 ], [ -7.266350266709027, 38.886275653159636 ], [ -7.266136391472801, 38.886576908988062 ], [ -7.265854269037406, 38.886974845277393 ], [ -7.26565963577629, 38.88724822732825 ], [ -7.265501723524419, 38.887467747384079 ], [ -7.265355840262571, 38.887664831041597 ], [ -7.265183156799952, 38.887914054569606 ], [ -7.265095644466339, 38.888049961748827 ], [ -7.264922234674462, 38.8883498000625 ], [ -7.264824330982646, 38.88853409210671 ], [ -7.264719147983209, 38.888729589553122 ], [ -7.264594702323718, 38.888936114069779 ], [ -7.264527844113555, 38.88912630891091 ], [ -7.264440588060492, 38.88942102235761 ], [ -7.264358853818953, 38.889668755701877 ], [ -7.264349522117151, 38.889829835854641 ], [ -7.264260850040675, 38.890231278044588 ], [ -7.264190909998207, 38.89047567516662 ], [ -7.264102717850366, 38.8908469512686 ], [ -7.264004909648929, 38.891222025408744 ], [ -7.263924364051741, 38.891552364201623 ], [ -7.263878417627085, 38.891785684562763 ], [ -7.263846661280453, 38.891837872050324 ], [ -7.263731674095508, 38.892051939610305 ], [ -7.263624501946477, 38.892221206909802 ], [ -7.263439064979913, 38.892532128129346 ], [ -7.263255840267688, 38.892850442816041 ], [ -7.263104556071061, 38.893101623932552 ], [ -7.262963292905718, 38.893315585858943 ], [ -7.262775661017938, 38.893598291898378 ], [ -7.262592728500679, 38.893892292271886 ], [ -7.26237569060668, 38.894232697855244 ], [ -7.262282796479589, 38.894402161290685 ], [ -7.262165997240482, 38.89456586426374 ], [ -7.261927013823955, 38.894947269510197 ], [ -7.261673713044422, 38.89533045989026 ], [ -7.261563804548334, 38.895514750289088 ], [ -7.261512685201889, 38.895594808279107 ], [ -7.26144931107916, 38.895687746733174 ], [ -7.261366638565093, 38.895803054888091 ], [ -7.261172644641968, 38.89602968374583 ], [ -7.260946957256075, 38.896302916413987 ], [ -7.260677624527004, 38.896620499745566 ], [ -7.260536817758239, 38.896785910518091 ], [ -7.260330399573162, 38.897047935357492 ], [ -7.260073137445635, 38.897358218455686 ], [ -7.259854883145717, 38.897607092764019 ], [ -7.259704645574535, 38.897770634018883 ], [ -7.259529661566959, 38.898006769326329 ], [ -7.259425525800706, 38.898114350790088 ], [ -7.259169124586773, 38.898353571212198 ], [ -7.259043268256296, 38.898474142761344 ], [ -7.258929975199884, 38.898548152929123 ], [ -7.258727429581324, 38.898681302931436 ], [ -7.258614155630334, 38.898753325835216 ], [ -7.258524972854603, 38.898816165603051 ], [ -7.258340140197013, 38.899065377405151 ], [ -7.258092307160211, 38.899394369817557 ], [ -7.258002228509954, 38.899520794004374 ], [ -7.257890072216835, 38.899709026381906 ], [ -7.25771413818556, 38.900012351741509 ], [ -7.257662942676054, 38.90009799034523 ], [ -7.257629597501901, 38.900279064957495 ], [ -7.257606054846973, 38.900441477082509 ], [ -7.257515929083592, 38.900590421515631 ], [ -7.257429972834262, 38.900765514918895 ], [ -7.257326920239589, 38.900972190651338 ], [ -7.257265860147506, 38.901082075804517 ], [ -7.25723261104924, 38.901255676414898 ], [ -7.257201573092994, 38.901446044280995 ], [ -7.257173248625412, 38.901612201830908 ], [ -7.257151846079783, 38.901797331933466 ], [ -7.257170141472129, 38.902053644000745 ], [ -7.257151705828136, 38.902193757052068 ], [ -7.257093951520931, 38.902419506540795 ], [ -7.257016258896004, 38.902710501221051 ], [ -7.256966402810085, 38.902874609098575 ], [ -7.256918906604021, 38.903044407695162 ], [ -7.256860605417968, 38.903126121964881 ], [ -7.256822970241712, 38.903262305809818 ], [ -7.256746101544238, 38.903486019098303 ], [ -7.256565766993485, 38.903761379343138 ], [ -7.256405166170333, 38.903988249630437 ], [ -7.256383241867981, 38.904017994081151 ], [ -7.256353162906505, 38.90412991376661 ], [ -7.256308584384667, 38.904258570704876 ], [ -7.256189692057188, 38.904590418576781 ], [ -7.256115033297791, 38.904830994138145 ], [ -7.256075113610358, 38.904965268020419 ], [ -7.25601587139063, 38.905114441341389 ], [ -7.255893154416163, 38.905569669749639 ], [ -7.255832328431875, 38.905847728157745 ], [ -7.255795166155877, 38.905954011476787 ], [ -7.255749805027947, 38.906146254638934 ], [ -7.2557317579672, 38.906254568687423 ], [ -7.255690782520424, 38.906671138504493 ], [ -7.255669194833146, 38.906870944765274 ], [ -7.255678541209988, 38.907076569164694 ], [ -7.255684615304686, 38.907360805928107 ], [ -7.255691660910483, 38.907566503995795 ], [ -7.255684211019648, 38.907590769616036 ], [ -7.255762074691948, 38.907681160354151 ], [ -7.255874658233862, 38.907853960979203 ], [ -7.25593363830568, 38.907923577640439 ], [ -7.25606199324273, 38.908079654938312 ], [ -7.256269250190213, 38.908335491958859 ], [ -7.256411024037442, 38.908478607630876 ], [ -7.256647899704181, 38.908659904536499 ], [ -7.256885960635318, 38.9088392272687 ], [ -7.25703282960012, 38.908952561436244 ], [ -7.257219701921594, 38.909103489102449 ], [ -7.257335607494681, 38.90920353036126 ], [ -7.257622132890832, 38.909435642471998 ], [ -7.257747612224987, 38.909535664137465 ], [ -7.257913551788559, 38.909664004639794 ], [ -7.258110229728316, 38.909805728289435 ], [ -7.258380662553155, 38.90998718130011 ], [ -7.25855140045432, 38.910109970291288 ], [ -7.25863876443245, 38.910177823722414 ], [ -7.258885019131667, 38.910385304968194 ], [ -7.259105196407516, 38.910566477240117 ], [ -7.259445788974353, 38.910875642172968 ], [ -7.259599582773876, 38.911007669897984 ], [ -7.259815444557669, 38.911136471289268 ], [ -7.259988907075117, 38.911244324027798 ], [ -7.26013329769275, 38.911363133132014 ], [ -7.260220576023931, 38.911466651493939 ], [ -7.260356613559532, 38.911684482196513 ], [ -7.260483464823817, 38.911870537086365 ], [ -7.260575634683431, 38.911951481598557 ], [ -7.26059213862191, 38.911968447481101 ], [ -7.260586522830722, 38.912031997830667 ], [ -7.260661222346035, 38.912183974064291 ], [ -7.260827055822578, 38.912510566538877 ], [ -7.260882936032719, 38.912626822629285 ], [ -7.260931602331303, 38.912758068498476 ], [ -7.261029046062791, 38.913001818751525 ], [ -7.261072961271906, 38.913125459022929 ], [ -7.261004835879721, 38.913218452383468 ], [ -7.260836693204106, 38.913467700221233 ], [ -7.260724253860118, 38.913667735449778 ], [ -7.260678032191048, 38.913732784773508 ], [ -7.260578052216152, 38.913885346192217 ], [ -7.26054367748461, 38.913943099520864 ], [ -7.260496129737005, 38.914116593820481 ], [ -7.260480583318813, 38.914209978054132 ], [ -7.260399234902784, 38.914413124182097 ], [ -7.260360025746004, 38.914489485368883 ], [ -7.260469594007989, 38.91472206618343 ], [ -7.260566918254024, 38.914956634343824 ], [ -7.260725431190104, 38.915298034760646 ], [ -7.260886183093126, 38.915645124701946 ], [ -7.260942682613892, 38.915720312209231 ], [ -7.26106472228666, 38.915904438820228 ], [ -7.26134510136041, 38.916246745932739 ], [ -7.261621302646338, 38.916544250403682 ], [ -7.261758121212938, 38.916698582976011 ], [ -7.261935160385133, 38.916883208345922 ], [ -7.262062436682561, 38.917035571433949 ], [ -7.262196364821089, 38.917238433202655 ], [ -7.262308752091633, 38.917429961033925 ], [ -7.262374618674261, 38.917531427293994 ], [ -7.262214551448279, 38.917713451742507 ], [ -7.261918893282711, 38.918027145155001 ], [ -7.26180979876251, 38.91814235228729 ], [ -7.261678931955785, 38.918283425315423 ], [ -7.261405198107107, 38.918567378320077 ], [ -7.261104667962869, 38.918892293686817 ], [ -7.260840539996782, 38.91916325597294 ], [ -7.260518195501624, 38.919508543327616 ], [ -7.260334316316436, 38.919675528980562 ], [ -7.260181641276991, 38.919837063847218 ], [ -7.260070479378173, 38.919922169173823 ], [ -7.259947541585869, 38.919999798234315 ], [ -7.259809476415359, 38.920144599366459 ], [ -7.259712549220995, 38.920244850911068 ], [ -7.259472484518928, 38.920517790662259 ], [ -7.259294858433475, 38.920757684325174 ], [ -7.259165740108426, 38.920952997189346 ], [ -7.259041195694734, 38.921152038187017 ], [ -7.258828366172585, 38.921535613371205 ], [ -7.258713250535816, 38.921755346722414 ], [ -7.2586592270362, 38.921863397762195 ], [ -7.258566154128115, 38.922034652058862 ], [ -7.258484677009585, 38.922247168022679 ], [ -7.258416876040556, 38.922510224727887 ], [ -7.258370569093194, 38.922769747508681 ], [ -7.258351907165802, 38.922909763073733 ], [ -7.258312469470802, 38.923191856407499 ], [ -7.258263100175533, 38.92351306125142 ], [ -7.258221591523419, 38.923776314821666 ], [ -7.258172725810814, 38.924056263841592 ], [ -7.258149494299191, 38.92420192261055 ], [ -7.258120815355213, 38.924386816578377 ], [ -7.258081246640956, 38.92467998817915 ], [ -7.258022787476898, 38.924961848659272 ], [ -7.257984954075514, 38.92512235329913 ], [ -7.257947286527586, 38.925260429229127 ], [ -7.257931588777508, 38.925364980369203 ], [ -7.257901639826453, 38.925465731521939 ], [ -7.257744320213905, 38.925421498058029 ], [ -7.257420123253604, 38.925331242840052 ], [ -7.257150767355445, 38.925254465654717 ], [ -7.256926914860397, 38.925163072210424 ], [ -7.256707764779734, 38.92508288492315 ], [ -7.256436332927045, 38.924987440179187 ], [ -7.25620081452851, 38.924879112536452 ], [ -7.255979817042658, 38.924761706634328 ], [ -7.255670912496064, 38.92459112771374 ], [ -7.255397757546076, 38.924430093756598 ], [ -7.255241039990616, 38.924337041820465 ], [ -7.254986907040627, 38.924185607079195 ], [ -7.254609265563386, 38.92396965198818 ], [ -7.254241177710526, 38.923755653805962 ], [ -7.253839761578035, 38.923522671131302 ], [ -7.253585616919194, 38.923373033882015 ], [ -7.253379021334385, 38.923247985897255 ], [ -7.253115420599699, 38.923098368239607 ], [ -7.253008517260332, 38.923033971927765 ], [ -7.252866516030706, 38.922907606690089 ], [ -7.252428055412639, 38.922584623668754 ], [ -7.252190630816695, 38.922435201402401 ], [ -7.252048123060087, 38.922349908913112 ], [ -7.251869987325074, 38.922245699667052 ], [ -7.251703825498494, 38.92214347216499 ], [ -7.251535353743034, 38.922022578451951 ], [ -7.251241000645383, 38.921833363607327 ], [ -7.251011102510712, 38.92166336829046 ], [ -7.250776985402272, 38.92144280503112 ], [ -7.250613772403432, 38.921297632690951 ], [ -7.25030849798129, 38.921031764326621 ], [ -7.250126221183756, 38.920871494438067 ], [ -7.249977103301547, 38.920743088363139 ], [ -7.249764229975129, 38.9205488978318 ], [ -7.249562956423754, 38.920386505230404 ], [ -7.249511264293712, 38.920315043632328 ], [ -7.249225248730914, 38.920039950243122 ], [ -7.249095249630219, 38.919913580303039 ], [ -7.248934774411632, 38.919734738634212 ], [ -7.248739268421772, 38.91948834062427 ], [ -7.248491934784631, 38.919181743264701 ], [ -7.248340913425304, 38.919012338563647 ], [ -7.248282236304349, 38.918927675908392 ], [ -7.248074977029161, 38.918662453574726 ], [ -7.247856129792392, 38.918374713044372 ], [ -7.247785434210813, 38.918291937074841 ], [ -7.247625196435378, 38.918094451351543 ], [ -7.247535829933006, 38.917974150954734 ], [ -7.247451030561948, 38.917866951635766 ], [ -7.247396935536054, 38.917793578349666 ], [ -7.247182166392367, 38.917567662663828 ], [ -7.246872709324386, 38.917251217897324 ], [ -7.246721574625479, 38.917091092602796 ], [ -7.246612891346062, 38.916985599320995 ], [ -7.246582203491636, 38.916949877032316 ], [ -7.246495355392089, 38.916822028526568 ], [ -7.24638259616163, 38.916654715184755 ], [ -7.246229975629189, 38.916419810846911 ], [ -7.246107643026459, 38.916252509175109 ], [ -7.246001803718613, 38.916103980349064 ], [ -7.245820448212028, 38.915880209447316 ], [ -7.245728410627158, 38.915780337418077 ], [ -7.245606691559114, 38.915573679135242 ], [ -7.245452073395783, 38.91530515642107 ], [ -7.245311750160011, 38.915055390752244 ], [ -7.245258195853448, 38.914939059466562 ], [ -7.24518732641335, 38.914861863523605 ], [ -7.245109382336388, 38.914778944306079 ], [ -7.244946500318438, 38.914609445839936 ], [ -7.244698314051744, 38.914364533570037 ], [ -7.244464472404323, 38.914134682669449 ], [ -7.244377143924785, 38.914046014900272 ], [ -7.244206515987937, 38.913915727098583 ], [ -7.24393629165711, 38.913719111982346 ], [ -7.243853459548623, 38.913649303165073 ], [ -7.243607144406923, 38.913458627100169 ], [ -7.243436560169562, 38.913333743998493 ], [ -7.243232852043442, 38.913175191562274 ], [ -7.243019647145729, 38.913010895143231 ], [ -7.242792592183303, 38.912801629179853 ], [ -7.242645899325376, 38.912675306645227 ], [ -7.242570353311679, 38.912594292019854 ], [ -7.24236787797126, 38.912716154899691 ], [ -7.242066083672763, 38.912943822669313 ], [ -7.241838573063307, 38.913149625024914 ], [ -7.241676159098057, 38.913322230885889 ], [ -7.241509271480516, 38.913483548182846 ], [ -7.241238755661405, 38.913698390642651 ], [ -7.240991802292693, 38.913937732286222 ], [ -7.240829594492683, 38.914102863955769 ], [ -7.240749786331529, 38.914169541100911 ], [ -7.240693597274095, 38.91426450622518 ], [ -7.240611039752137, 38.914366653305592 ], [ -7.240441001478098, 38.91456730567576 ], [ -7.240215510691933, 38.914814284281448 ], [ -7.240106288169275, 38.914936763582226 ], [ -7.240019487943964, 38.915018431304688 ], [ -7.23996558274228, 38.915115210556493 ], [ -7.23990949256244, 38.915202695183517 ], [ -7.239817451962971, 38.915297384648447 ], [ -7.239722387193734, 38.915440599426972 ], [ -7.239527617590212, 38.915710239891986 ], [ -7.23947156571226, 38.915793945879884 ], [ -7.239340372545231, 38.915912743262354 ], [ -7.239151005047455, 38.916137567235339 ], [ -7.238860303178614, 38.91642511770565 ], [ -7.238811877415785, 38.916471497337128 ], [ -7.238647515769633, 38.916604995217931 ], [ -7.238495051974208, 38.91674588023465 ], [ -7.238335278012079, 38.916890490426226 ], [ -7.238253204978228, 38.916953454414696 ], [ -7.238072945548908, 38.917021254833443 ], [ -7.237860924928082, 38.917139256026985 ], [ -7.237646204198059, 38.917279749829504 ], [ -7.237458183830708, 38.917405589974699 ], [ -7.237214398467802, 38.917573785476144 ], [ -7.236956344338125, 38.917740160371942 ], [ -7.23678757795359, 38.917847225762266 ], [ -7.236599629734115, 38.917958020485713 ], [ -7.236486283165966, 38.918027276278046 ], [ -7.236526565075657, 38.918239758024022 ], [ -7.23657354082359, 38.91850188003913 ], [ -7.236572065682752, 38.918802905961144 ], [ -7.236667392098436, 38.91901675616468 ], [ -7.236776630599865, 38.91927926520188 ], [ -7.236855560919868, 38.919476146855146 ], [ -7.236854996647576, 38.919521091559659 ], [ -7.236717222983328, 38.919630286348685 ], [ -7.236386737503921, 38.919852132116709 ], [ -7.23626386169865, 38.919922260259582 ], [ -7.235970196443019, 38.920067642596365 ], [ -7.235656830661381, 38.920257820858986 ], [ -7.235129357459243, 38.920537962759077 ], [ -7.23478205242924, 38.920757781120827 ], [ -7.234548758844741, 38.920860748942715 ], [ -7.234168489686247, 38.921042934511703 ], [ -7.234055465794013, 38.921090702640257 ], [ -7.233992377643708, 38.921164984642559 ], [ -7.233868672974477, 38.921300499298638 ], [ -7.233568883778586, 38.921556260178242 ], [ -7.233368335988363, 38.921713612037912 ], [ -7.233295868097049, 38.921772865975029 ], [ -7.233106048368922, 38.921838691498905 ], [ -7.232884884052808, 38.921921116572989 ], [ -7.232732852493913, 38.922017231924634 ], [ -7.232513724596575, 38.922129580951207 ], [ -7.232412360562362, 38.922194284404412 ], [ -7.232027142098998, 38.922393267192241 ], [ -7.231805763995253, 38.922492536432202 ], [ -7.231560464848081, 38.922595405513285 ], [ -7.231288864375016, 38.92269050087075 ], [ -7.230985987726497, 38.922805985878092 ], [ -7.230798579828493, 38.922871826256028 ], [ -7.230706853807523, 38.922940297638867 ], [ -7.230537479038946, 38.923075546601503 ], [ -7.230399854358035, 38.923171673882415 ], [ -7.23026290504191, 38.923223039184371 ], [ -7.229955227599071, 38.923334699351742 ], [ -7.229798907197172, 38.923404564534664 ], [ -7.229714532536884, 38.923456245035737 ], [ -7.22969003272177, 38.923497132936561 ], [ -7.229743822285339, 38.923592936439547 ], [ -7.229823189948299, 38.923754517012057 ], [ -7.230008640874728, 38.924034552560705 ], [ -7.230119378317565, 38.924168092549863 ], [ -7.230348311459775, 38.924411081329119 ], [ -7.230672866731447, 38.924679132243256 ], [ -7.230871669004902, 38.924852622867839 ], [ -7.231113164064382, 38.92505084832797 ], [ -7.231282684426801, 38.925268969083 ], [ -7.23158909838349, 38.925632266291885 ], [ -7.231761283233613, 38.925822395892546 ], [ -7.232079571950835, 38.926204426583368 ], [ -7.232181007280952, 38.926317352697481 ], [ -7.232215351740428, 38.926437330963758 ], [ -7.232286220592605, 38.926514440038716 ], [ -7.232021679565214, 38.926469346274132 ], [ -7.23166233082722, 38.926407666371205 ], [ -7.231564470084068, 38.926394750303061 ], [ -7.231309064155461, 38.926347923953024 ], [ -7.231037996613995, 38.926308455050446 ], [ -7.230564684358724, 38.926230938363688 ], [ -7.23029017914769, 38.926180266282849 ], [ -7.230051351223555, 38.926144824938227 ], [ -7.229855808286864, 38.926096564209956 ], [ -7.229619951826091, 38.92601799843505 ], [ -7.229294030734371, 38.925875233790933 ], [ -7.229025426166355, 38.925723539733255 ], [ -7.228800526561626, 38.925544172622487 ], [ -7.228506906971484, 38.925300766967396 ], [ -7.228265296982904, 38.925121264822373 ], [ -7.228037845125764, 38.924943768058114 ], [ -7.227729792401497, 38.924711327021264 ], [ -7.227315074133225, 38.924397716682115 ], [ -7.226881616841581, 38.924061615965705 ], [ -7.22657615915414, 38.923816136367471 ], [ -7.22606931032496, 38.923412266631729 ], [ -7.225647788912951, 38.923072378987776 ], [ -7.225268615443401, 38.922785250789822 ], [ -7.225064615920415, 38.922641522771819 ], [ -7.224697287635696, 38.922365739892754 ], [ -7.224343908630953, 38.922118079087987 ], [ -7.224047793248126, 38.92190085677899 ], [ -7.223853507809532, 38.921755219711407 ], [ -7.223758575983965, 38.921694674964222 ], [ -7.223864437383305, 38.921648748155555 ], [ -7.224091071431266, 38.921508457421602 ], [ -7.224206715644879, 38.921445764906821 ], [ -7.22432476792343, 38.921375610183652 ], [ -7.224460114196419, 38.921277580719639 ], [ -7.224510814080295, 38.921244375978141 ], [ -7.224606796471562, 38.921213326067608 ], [ -7.224789477228854, 38.921147367860542 ], [ -7.224869854695883, 38.921037736214878 ], [ -7.224889350209663, 38.921019152917879 ], [ -7.225055100626335, 38.920960628979692 ], [ -7.22517617669923, 38.920851226321048 ], [ -7.225422855812582, 38.920640022229442 ], [ -7.22547359895816, 38.920593667152673 ], [ -7.225667152410157, 38.92042501407407 ], [ -7.225763896691977, 38.920343524564132 ], [ -7.225849120345997, 38.92022447637332 ], [ -7.225905206483696, 38.920138891138308 ], [ -7.225980102227159, 38.920079660659134 ], [ -7.226125278134417, 38.91996116279163 ], [ -7.226323530778961, 38.919803716374183 ], [ -7.226456576744416, 38.919687020868615 ], [ -7.226536403220641, 38.919620353782378 ], [ -7.226601803100391, 38.91955537073494 ], [ -7.226694743242984, 38.919391614766369 ], [ -7.226877909697778, 38.919095692925069 ], [ -7.227012875575381, 38.918827502291258 ], [ -7.227120891932391, 38.918611434914077 ], [ -7.227124571789487, 38.918512380347458 ], [ -7.227133757399953, 38.918351664379358 ], [ -7.226956147620353, 38.918210128784061 ], [ -7.226645586822753, 38.917986947663842 ], [ -7.226589048264327, 38.917926697003004 ], [ -7.226447600330968, 38.91777040048359 ], [ -7.226291837395263, 38.917597236581862 ], [ -7.226148039629194, 38.917435334904482 ], [ -7.226105539168057, 38.917386367949703 ], [ -7.22599699676485, 38.917462179586664 ], [ -7.225688530698726, 38.917265311801657 ], [ -7.225451233599469, 38.917112050391225 ], [ -7.225377696893064, 38.917064734360871 ], [ -7.225216282791183, 38.916964394185392 ], [ -7.22504532476585, 38.91687145769157 ], [ -7.224897991441175, 38.916788078098058 ], [ -7.22470782698806, 38.91669111749934 ], [ -7.224458182060696, 38.916565774450646 ], [ -7.224301734218106, 38.916456109126109 ], [ -7.224152502520973, 38.916340913240084 ], [ -7.224098155940716, 38.916289955406619 ], [ -7.223994180527542, 38.916188261960833 ], [ -7.223878192860901, 38.916097555163084 ], [ -7.223881975537307, 38.915981655386126 ], [ -7.223828056932254, 38.915897107662701 ], [ -7.223759747515983, 38.915819917853007 ], [ -7.22375822993854, 38.9157489294223 ], [ -7.223769701127616, 38.915599492831994 ], [ -7.223768826181723, 38.915477969329046 ], [ -7.223750909327094, 38.915382442442059 ], [ -7.223716106918318, 38.915109149711036 ], [ -7.223669463695677, 38.914833964087656 ], [ -7.223643969133666, 38.914762698777629 ], [ -7.223623196362632, 38.91451950984105 ], [ -7.223608052708716, 38.914395988051147 ], [ -7.223576842081946, 38.914212529426393 ], [ -7.223493156225189, 38.914021097306538 ], [ -7.223435297071743, 38.913874814516412 ], [ -7.223323469756774, 38.913638397689944 ], [ -7.22327045552639, 38.913492147164213 ], [ -7.223061943088974, 38.913514755173011 ], [ -7.222757552115294, 38.91356102950229 ], [ -7.222436564356458, 38.913597805619361 ], [ -7.222024708669474, 38.913635669650823 ], [ -7.221684538257295, 38.913676074494916 ], [ -7.221437628551967, 38.913717115711528 ], [ -7.22132134039003, 38.913641447684043 ], [ -7.221067606909659, 38.913467332304869 ], [ -7.220726172197816, 38.91323659532118 ], [ -7.220574364830332, 38.913134435803904 ], [ -7.220368028423437, 38.912996359652375 ], [ -7.220190158163288, 38.912867787220812 ], [ -7.220012378483704, 38.912741193305138 ], [ -7.219884340624872, 38.912656061293923 ], [ -7.219775344013847, 38.912578556259582 ], [ -7.219682993257571, 38.912497396355057 ], [ -7.219512936571074, 38.912335281010435 ], [ -7.219468305518181, 38.912273232970612 ], [ -7.219311447719406, 38.912187783801052 ], [ -7.219223558584606, 38.912136566536518 ], [ -7.219009694423928, 38.912028332632339 ], [ -7.21885050782473, 38.911944847192281 ], [ -7.218776909222826, 38.911903109456304 ], [ -7.218516186431693, 38.911717854388804 ], [ -7.218182037523652, 38.911468432944588 ], [ -7.217990139100332, 38.911328573235771 ], [ -7.217838440392457, 38.911219022041792 ], [ -7.217722347126835, 38.911137679844217 ], [ -7.217539806217936, 38.91100536731085 ], [ -7.216985384670928, 38.910591448378739 ], [ -7.216608507743013, 38.910330517639814 ], [ -7.216475829467034, 38.910221029321434 ], [ -7.21615346692726, 38.90998853530369 ], [ -7.215945039219239, 38.909826114265115 ], [ -7.215722404423825, 38.909665473720864 ], [ -7.215585027241297, 38.909563420207562 ], [ -7.215473853570368, 38.909467245515856 ], [ -7.215246507643065, 38.909287742853508 ], [ -7.2150691552613, 38.909129257698403 ], [ -7.214891858172255, 38.908967078671935 ], [ -7.214650408059191, 38.908772600396077 ], [ -7.214562909623757, 38.908691564684915 ], [ -7.214470617700328, 38.908616078632718 ], [ -7.214349881489441, 38.908519737545895 ], [ -7.214169732388492, 38.908391228079111 ], [ -7.214017988058953, 38.908294643471024 ], [ -7.213818581505311, 38.908175344403311 ], [ -7.213652476415621, 38.908074956706344 ], [ -7.213422236435598, 38.907932809431685 ], [ -7.213272999494263, 38.907821288211217 ], [ -7.213156869359679, 38.907743720790492 ], [ -7.213062031573065, 38.907677581516388 ], [ -7.212986138738788, 38.907626448693755 ], [ -7.212813614841872, 38.907469981645498 ], [ -7.212607913660566, 38.907285057015812 ], [ -7.212501593559716, 38.907179640780306 ], [ -7.212347733359691, 38.907051245723459 ], [ -7.211907496940813, 38.90669999022203 ], [ -7.211772488762655, 38.906584890721447 ], [ -7.211694297170432, 38.906524377267914 ], [ -7.211611626415453, 38.906445179872364 ], [ -7.211488620306249, 38.906337648421832 ], [ -7.211323228627895, 38.906183036996602 ], [ -7.211162559221219, 38.906028458123821 ], [ -7.211065622936686, 38.905937979100933 ], [ -7.210933507703532, 38.905804165564327 ], [ -7.210798781310684, 38.905676004266738 ], [ -7.210593085902276, 38.905491076120775 ], [ -7.210396864419836, 38.905313792517127 ], [ -7.210134247461572, 38.905091120197959 ], [ -7.209956985407184, 38.904936413886261 ], [ -7.20987422047131, 38.90486459898213 ], [ -7.209685048886275, 38.904694843575413 ], [ -7.209462456099301, 38.904524824357843 ], [ -7.209374751693398, 38.90446053464548 ], [ -7.209228335685576, 38.904309764415835 ], [ -7.209078009007464, 38.904104825266494 ], [ -7.208908969549206, 38.903858569220375 ], [ -7.208812597309666, 38.903725036210226 ], [ -7.208737335022822, 38.903634725933642 ], [ -7.208676564980329, 38.903520208799783 ], [ -7.208594698939784, 38.903379311413026 ], [ -7.208472720867674, 38.903202610649295 ], [ -7.208313251538701, 38.902956338537223 ], [ -7.208176889420996, 38.902768263953313 ], [ -7.208134816315564, 38.90269686025119 ], [ -7.208035632190661, 38.902602574972072 ], [ -7.207965493421963, 38.902473034122686 ], [ -7.207855437520969, 38.902292642156581 ], [ -7.207773526513727, 38.902155527936678 ], [ -7.207645037042811, 38.901920760890206 ], [ -7.207605217685381, 38.901853067994509 ], [ -7.20757274056696, 38.901779851247198 ], [ -7.207472033773807, 38.901616374631807 ], [ -7.207361977526266, 38.901426706100771 ], [ -7.207296558773457, 38.901315846302687 ], [ -7.207184036698663, 38.901139213739114 ], [ -7.20710314615469, 38.90092347120293 ], [ -7.20708216483559, 38.900887813729526 ], [ -7.206974745885669, 38.90069069118541 ], [ -7.2068716752161, 38.900523501243988 ], [ -7.206740795631632, 38.900286824395693 ], [ -7.206696088972252, 38.900222969295591 ], [ -7.206571894762205, 38.90003120432435 ], [ -7.206524859837391, 38.899969127707656 ], [ -7.20646378028048, 38.899878928495411 ], [ -7.206391269213633, 38.899754948980018 ], [ -7.206255792165086, 38.899508955390793 ], [ -7.206222735028608, 38.89947131568934 ], [ -7.206171222130279, 38.899390468352564 ], [ -7.20607512803894, 38.899236303201235 ], [ -7.205957885330724, 38.899059637343512 ], [ -7.205842729376745, 38.898899739478225 ], [ -7.205755976302266, 38.898771862328012 ], [ -7.205671480601595, 38.898647879038414 ], [ -7.205577315761043, 38.898531202448567 ], [ -7.205471872332108, 38.898369585242833 ], [ -7.205354364220969, 38.898213447811536 ], [ -7.205307647929564, 38.898127146230635 ], [ -7.2051869664038, 38.898028903551463 ], [ -7.205000270141165, 38.897857267647986 ], [ -7.204849227382811, 38.897700959505237 ], [ -7.204702804543218, 38.89756134846747 ], [ -7.204544638337014, 38.897403089874359 ], [ -7.204414832601769, 38.89727118156722 ], [ -7.204365544304161, 38.897205305629498 ], [ -7.204349474732177, 38.897147257653998 ], [ -7.204383984705254, 38.897072674919528 ], [ -7.204535864490285, 38.896978583713079 ], [ -7.20482078254718, 38.896767720937419 ], [ -7.205118159463396, 38.89652886068442 ], [ -7.205207603615507, 38.896449221434906 ], [ -7.205311456784141, 38.896369606540333 ], [ -7.205484121941205, 38.896148398295971 ], [ -7.20548923283374, 38.895940901489318 ], [ -7.205498614352562, 38.895768928791156 ], [ -7.205529062889434, 38.895456877764836 ], [ -7.205557984074157, 38.895253355109972 ], [ -7.205614330896791, 38.894962130114848 ], [ -7.205637651137899, 38.894825849270937 ], [ -7.205676414773593, 38.894592501105947 ], [ -7.20571404632987, 38.894463722901271 ], [ -7.205787064986633, 38.894361525417303 ], [ -7.205760140705802, 38.894224845465644 ], [ -7.205776270288716, 38.894092197002159 ], [ -7.205822128610299, 38.893871967119189 ], [ -7.205866960872525, 38.893730177714325 ], [ -7.205846181975537, 38.89367020630467 ], [ -7.205684625257584, 38.893418422689216 ], [ -7.205546183159226, 38.89321528371601 ], [ -7.2054499285469, 38.893074269650462 ], [ -7.205334947610374, 38.892910677616761 ], [ -7.205210402348854, 38.892737732463807 ], [ -7.205080919023357, 38.892581505788812 ], [ -7.205007868483067, 38.892491210589611 ], [ -7.204913782112451, 38.892378319029199 ], [ -7.204791350505929, 38.892229621748598 ], [ -7.204680582835898, 38.892105338686719 ], [ -7.204547926394008, 38.892007090151473 ], [ -7.204323059903882, 38.891829567450522 ], [ -7.204277951143811, 38.891797323276705 ], [ -7.204133548484331, 38.891689614655768 ], [ -7.203998673918425, 38.89157630774644 ], [ -7.203894399011092, 38.891502610414975 ], [ -7.203894570366827, 38.891489459683982 ], [ -7.203884257328518, 38.891369753086408 ], [ -7.203874967522252, 38.891162056923619 ], [ -7.203783463053011, 38.89102855292748 ], [ -7.203649555295605, 38.890840584242198 ], [ -7.203607907949443, 38.890737385136788 ], [ -7.203533475653263, 38.89057591472222 ], [ -7.203522901243487, 38.890467471887668 ], [ -7.203433522230989, 38.889993680205897 ], [ -7.203413718731724, 38.889858945244825 ], [ -7.203397517847919, 38.889819546411324 ], [ -7.203309514740005, 38.889841485529615 ], [ -7.203064251742115, 38.889886255861221 ], [ -7.202911307898183, 38.889877561143656 ], [ -7.202761095670612, 38.889844569987446 ], [ -7.202585095558803, 38.889773990398943 ], [ -7.202452276982711, 38.889688804707696 ], [ -7.202284157359761, 38.889562170600847 ], [ -7.20221061395245, 38.889518615004278 ], [ -7.202055516613171, 38.889489369918799 ], [ -7.202005462031832, 38.889474016241969 ], [ -7.201804380223374, 38.889479889827875 ], [ -7.201538705217937, 38.889498316060688 ], [ -7.201333157173044, 38.889492983691675 ], [ -7.201192053794824, 38.889495555226716 ], [ -7.200950846316569, 38.889467418396855 ], [ -7.200664683896142, 38.889412805239097 ], [ -7.200443051356211, 38.889351135003338 ], [ -7.20029773487311, 38.889305299725081 ], [ -7.200189097977536, 38.889301367363508 ], [ -7.200121468620238, 38.889281519952441 ], [ -7.200042772024648, 38.889253601466585 ], [ -7.199956772894474, 38.889228502516701 ], [ -7.19987641748632, 38.889194802151046 ], [ -7.199812467631724, 38.889167000473769 ], [ -7.199761428590091, 38.889139297462336 ], [ -7.199697590842233, 38.889102849256766 ], [ -7.199643068069988, 38.889059357626735 ], [ -7.199595994101445, 38.889010157914612 ], [ -7.199550691131726, 38.888958093492384 ], [ -7.199521937396563, 38.888909044730042 ], [ -7.199473116307362, 38.888852628466701 ], [ -7.199433512733935, 38.888787633123442 ], [ -7.199423294530486, 38.888731795746139 ], [ -7.19940041108655, 38.888656937380716 ], [ -7.199379073410978, 38.888596416267362 ], [ -7.199366678826589, 38.888566142358727 ], [ -7.199341653186823, 38.888514239107671 ], [ -7.199287859863493, 38.888414998374053 ], [ -7.19925180885022, 38.888360123570763 ], [ -7.199221486243606, 38.888290884103625 ], [ -7.199185546233085, 38.888227452881097 ], [ -7.199163967914168, 38.888194221237683 ], [ -7.19912788050283, 38.888142229458879 ], [ -7.199097455666613, 38.888080196176652 ], [ -7.199063179123065, 38.888031098614846 ], [ -7.199019793041161, 38.887973285308746 ], [ -7.198985453076128, 38.887928509997053 ], [ -7.198942088019861, 38.887877900263398 ], [ -7.198914940555918, 38.88784750917327 ], [ -7.198884121970924, 38.887815647476884 ], [ -7.198838593742785, 38.887780875697409 ], [ -7.198791330033824, 38.887746265662742 ], [ -7.198758651130537, 38.887715829373562 ], [ -7.198706065954164, 38.887665144870184 ], [ -7.198673480326208, 38.887627506770571 ], [ -7.198651772626401, 38.887604269807035 ], [ -7.198637532698463, 38.88756533458718 ], [ -7.198698970666475, 38.88750286175194 ], [ -7.198736235166326, 38.887464427877596 ], [ -7.198769691381838, 38.887435958428171 ], [ -7.19878637722885, 38.887420242050226 ], [ -7.198777703966747, 38.887387112695627 ], [ -7.19875064884036, 38.887349604443585 ], [ -7.198701731873695, 38.887291747657251 ], [ -7.198651196252469, 38.887225315204397 ], [ -7.198596882097058, 38.887165970349479 ], [ -7.198526274402353, 38.887083527296753 ], [ -7.198459297519554, 38.887014084310316 ], [ -7.198405078062147, 38.886947537589791 ], [ -7.198367131418227, 38.886896971013378 ], [ -7.198329259198601, 38.886840641912322 ], [ -7.198300457457158, 38.886795910732303 ], [ -7.198295376928612, 38.886761370677178 ], [ -7.198336162424395, 38.886735845183203 ], [ -7.198402665128859, 38.886709085219714 ], [ -7.198476327461924, 38.886690396652433 ], [ -7.198581248768152, 38.886678263595883 ], [ -7.198678754945186, 38.886660398973049 ], [ -7.198743171718203, 38.886652266199839 ], [ -7.198818689190936, 38.886641428034402 ], [ -7.198788078810185, 38.886593714472504 ], [ -7.198773738879848, 38.886562070173291 ], [ -7.198743182876382, 38.886510122527888 ], [ -7.198698128315053, 38.886447972058754 ], [ -7.198662004380058, 38.886398859586485 ], [ -7.19863130670676, 38.886358352322191 ], [ -7.198602346978133, 38.886325151570361 ], [ -7.198542277841604, 38.886282964377692 ], [ -7.198467647827271, 38.886234898394513 ], [ -7.198387635168952, 38.886175353134213 ], [ -7.198313001120336, 38.886118729731436 ], [ -7.198256619914217, 38.886076662894205 ], [ -7.19822196944331, 38.886056297456953 ], [ -7.198183587444462, 38.886047342775782 ], [ -7.198083241319647, 38.88599195367533 ], [ -7.198032048289498, 38.885975780294707 ], [ -7.197974405967776, 38.885968654791732 ], [ -7.197897363749893, 38.885963714974757 ], [ -7.197803657460248, 38.885964404734509 ], [ -7.197746713198263, 38.885965394317942 ], [ -7.197688128460493, 38.885950601000062 ], [ -7.197587589236748, 38.885909534828841 ], [ -7.197496257168991, 38.885870071849503 ], [ -7.197397731624901, 38.885824697967792 ], [ -7.197149137022644, 38.885727944842763 ], [ -7.197053744478077, 38.88568142208517 ], [ -7.196947660283466, 38.885641841315802 ], [ -7.196695548977956, 38.88554073985334 ], [ -7.196626129046277, 38.885508478805619 ], [ -7.196567677363819, 38.885483598302095 ], [ -7.196505047355948, 38.88547877316428 ], [ -7.196336071712125, 38.885480299195542 ], [ -7.196270189262908, 38.885459688916185 ], [ -7.196162357283815, 38.885421440959782 ], [ -7.19599947590478, 38.885371317674291 ], [ -7.195851214952053, 38.885331392005014 ], [ -7.19570116484985, 38.885287043429678 ], [ -7.195512719303833, 38.885235274804927 ], [ -7.19544314868013, 38.885214628139416 ], [ -7.195400954971977, 38.885207082262873 ], [ -7.195378606069911, 38.885232754801237 ], [ -7.195291669616642, 38.885279527920751 ], [ -7.195230295926131, 38.885310564525149 ], [ -7.195171145013976, 38.885338821169015 ], [ -7.195133949721632, 38.88537158234066 ], [ -7.195128154210746, 38.885391623793268 ], [ -7.195158517624424, 38.885457981306722 ], [ -7.195161283647336, 38.88552835614108 ], [ -7.195156877160399, 38.885582908133095 ], [ -7.195139551288215, 38.885647443133998 ], [ -7.195127866652934, 38.885694728719876 ], [ -7.195136540755167, 38.885736414740116 ], [ -7.195144888148809, 38.885802595396754 ], [ -7.195121354063421, 38.885848347268961 ], [ -7.195021154577357, 38.885922219501076 ], [ -7.194891680673613, 38.885987204557829 ], [ -7.194828885086324, 38.886012551984315 ], [ -7.194828092429276, 38.886072896105198 ], [ -7.194735061397546, 38.886092329285013 ], [ -7.194582187657541, 38.886122626563228 ], [ -7.194402222910994, 38.88611939188354 ], [ -7.194156989205765, 38.886154619085481 ], [ -7.193966281927582, 38.886179655293276 ], [ -7.193812792118758, 38.886218275998139 ], [ -7.1936284287028, 38.88627790439439 ], [ -7.193447674518331, 38.886321619770108 ], [ -7.193341878066047, 38.886352652769482 ], [ -7.193171636092383, 38.886372538762558 ], [ -7.193062825084168, 38.886374319157227 ], [ -7.192943886631544, 38.886370705183317 ], [ -7.192838581382269, 38.886364542710631 ], [ -7.19272644089593, 38.886360982356564 ], [ -7.192634556356711, 38.886368214096784 ], [ -7.192542987124765, 38.886351533845158 ], [ -7.192463823728744, 38.886339382533883 ], [ -7.192391446601951, 38.886328171297066 ], [ -7.192260430735283, 38.886295231241384 ], [ -7.192108138497419, 38.886289814552406 ], [ -7.192120916943802, 38.886217697650011 ], [ -7.192030917857749, 38.886169387513107 ], [ -7.192027787670588, 38.886063080802238 ], [ -7.192160579930642, 38.885961412218705 ], [ -7.192101471158969, 38.88588291054478 ], [ -7.192011966362472, 38.885774459268418 ], [ -7.191888560682933, 38.885658619500227 ], [ -7.191861322060017, 38.885635427672106 ], [ -7.19197601994449, 38.885520629772685 ], [ -7.192027696565857, 38.885382881236758 ], [ -7.192065590428053, 38.885259191561104 ], [ -7.192158618858393, 38.885079263617669 ], [ -7.192197166493074, 38.884905982024939 ], [ -7.192163712310121, 38.884693149427683 ], [ -7.192124043801072, 38.88460780544883 ], [ -7.19202597069471, 38.884483019965074 ], [ -7.191841132779385, 38.884407133944741 ], [ -7.191610832989182, 38.884341508326621 ], [ -7.191411603150922, 38.884325730871872 ], [ -7.191234567818777, 38.88434555927806 ], [ -7.191147894636757, 38.884387372712297 ], [ -7.191067110254806, 38.884326494800909 ], [ -7.190959040407117, 38.884272482112138 ], [ -7.190855174216187, 38.884243302264096 ], [ -7.190733366534194, 38.884199806658131 ], [ -7.19064295785854, 38.884181363382567 ], [ -7.190502600359958, 38.884169603164764 ], [ -7.190366963532052, 38.884143709123791 ], [ -7.190295525389867, 38.884061649837626 ], [ -7.190174233457458, 38.883979187927835 ], [ -7.190016919738794, 38.883878722274318 ], [ -7.189900113767231, 38.883799839028889 ], [ -7.189746770840275, 38.883741916790079 ], [ -7.189615712976043, 38.883712516155811 ], [ -7.189484280342973, 38.883711454081855 ], [ -7.189384620850131, 38.883707105943067 ], [ -7.189294446349031, 38.883670950834606 ], [ -7.189195676385248, 38.883599298102915 ], [ -7.189114661337984, 38.883556130563846 ], [ -7.189033739001109, 38.883505878284282 ], [ -7.188925389486061, 38.883473117758413 ], [ -7.188807742475873, 38.88345799552777 ], [ -7.188649164389007, 38.883453170267835 ], [ -7.188526796554195, 38.883452180437786 ], [ -7.188430662008902, 38.883441196126469 ], [ -7.188271918833217, 38.883410643111368 ], [ -7.188146180158883, 38.883362064205201 ], [ -7.188025266678634, 38.883302549272209 ], [ -7.187955643485835, 38.883258083250269 ], [ -7.187862715758967, 38.883206110703327 ], [ -7.18774672595682, 38.883128342562536 ], [ -7.187653847030473, 38.883072712229577 ], [ -7.18757954468317, 38.883028208096654 ], [ -7.18750046468474, 38.882990982157033 ], [ -7.187403002365921, 38.882927997576203 ], [ -7.187319629833677, 38.882861468123473 ], [ -7.187236307107954, 38.882791280999399 ], [ -7.187185454098899, 38.882743307649235 ], [ -7.187111589004936, 38.882665879219239 ], [ -7.187042355132713, 38.882592147181249 ], [ -7.186963518486179, 38.882536630972218 ], [ -7.186870204232003, 38.882513923130496 ], [ -7.186776016514241, 38.882557062318511 ], [ -7.18668163454039, 38.882614834618288 ], [ -7.186478974706469, 38.882719289584664 ], [ -7.186238678664013, 38.882838073768745 ], [ -7.186149283835509, 38.882916844219174 ], [ -7.186079037947854, 38.882808545481815 ], [ -7.18601630728104, 38.882664318410306 ], [ -7.185915187200001, 38.882524472897835 ], [ -7.185869210300539, 38.882461904668972 ], [ -7.185701287267177, 38.882345915208788 ], [ -7.185644266465681, 38.882282766366103 ], [ -7.185536189333809, 38.882195140991001 ], [ -7.185470863699341, 38.882132906505049 ], [ -7.185427487973572, 38.882083736503304 ], [ -7.18539307174552, 38.882046074441689 ], [ -7.185360725554276, 38.88199113354198 ], [ -7.185315734849763, 38.881924745738182 ], [ -7.185294296183375, 38.881872869488909 ], [ -7.185269328326873, 38.881818079430793 ], [ -7.185273394029426, 38.881789376159929 ], [ -7.185255798673476, 38.881734646843398 ], [ -7.185216040721418, 38.881682621871981 ], [ -7.18516365876015, 38.881617613432979 ], [ -7.185111242127382, 38.881555307890949 ], [ -7.185069581002878, 38.881507499222039 ], [ -7.185027958512404, 38.881465545838459 ], [ -7.184988238050822, 38.881410636836414 ], [ -7.184961346784879, 38.881361599605547 ], [ -7.184927062908968, 38.881313937261162 ], [ -7.184894736461327, 38.881257648841249 ], [ -7.184869647288432, 38.881211504173628 ], [ -7.184835533710957, 38.881150519936817 ], [ -7.184808718164581, 38.881095714771206 ], [ -7.184783770063462, 38.881039486240141 ], [ -7.184753379830289, 38.880976095641657 ], [ -7.184734052889961, 38.880912703912024 ], [ -7.184709132718845, 38.880853863365658 ], [ -7.1846732353781, 38.880788987689044 ], [ -7.184646326618149, 38.880741299589815 ], [ -7.184615687566835, 38.880696641990845 ], [ -7.184572165546859, 38.880650262856193 ], [ -7.184555415675534, 38.88058903585479 ], [ -7.184449134292445, 38.880485733587754 ], [ -7.184351629455149, 38.880426404130617 ], [ -7.184249299380848, 38.880378011232168 ], [ -7.184137658086929, 38.880325884557237 ], [ -7.184012219707657, 38.880255352851897 ], [ -7.183937970101499, 38.88020718791509 ], [ -7.183845097964376, 38.880151554609796 ], [ -7.183766363876607, 38.880088719242003 ], [ -7.183632247923195, 38.879966896247261 ], [ -7.183569497283522, 38.879952951947885 ], [ -7.183500545643931, 38.879886364084506 ], [ -7.1834407187723, 38.879826967353608 ], [ -7.183373513989322, 38.879767509683766 ], [ -7.183317373285521, 38.879708414902183 ], [ -7.183261153741411, 38.879654815934494 ], [ -7.183192095675136, 38.879596783411593 ], [ -7.183128619220176, 38.879534477077584 ], [ -7.183072477973204, 38.879475019163962 ], [ -7.183014398301009, 38.879422844369273 ], [ -7.182852876741009, 38.879280832880667 ], [ -7.182783876882368, 38.879218482310534 ], [ -7.182734858835398, 38.879177816365527 ], [ -7.182673897716569, 38.879110315712744 ], [ -7.182753285121139, 38.879080092549927 ], [ -7.182874763759353, 38.879052270117235 ], [ -7.182988428052377, 38.879018210115149 ], [ -7.183102092238807, 38.878984150000861 ], [ -7.183165540065967, 38.878967385852832 ], [ -7.183182379724019, 38.878948877859216 ], [ -7.183193166039477, 38.878825544249082 ], [ -7.182989272900453, 38.878815365961678 ], [ -7.182999202838254, 38.87878033213952 ], [ -7.183167292974208, 38.878775756430294 ], [ -7.183457382012845, 38.878669323982535 ], [ -7.183506076617426, 38.878496459155308 ], [ -7.183568778814052, 38.87804568448913 ], [ -7.183586279488484, 38.877892712514758 ], [ -7.183640288044891, 38.877707802513434 ], [ -7.18369923698576, 38.877539050084387 ], [ -7.183773855956854, 38.877289195583074 ], [ -7.184078763052706, 38.877296346311667 ], [ -7.184101113039283, 38.87713979616322 ], [ -7.184130249324244, 38.877106435213356 ], [ -7.184172052462381, 38.87701336350873 ], [ -7.184211692633571, 38.876909105590649 ], [ -7.184231751485597, 38.876786856042038 ], [ -7.184256327245646, 38.876645993692414 ], [ -7.184266595104273, 38.876592843545836 ], [ -7.184377449143177, 38.876610585001885 ], [ -7.184499010868904, 38.876628326864449 ], [ -7.184600372303377, 38.876640408035541 ], [ -7.18469111982533, 38.876644833761134 ], [ -7.184773014033716, 38.876639015144953 ], [ -7.184802572362058, 38.87657386034288 ], [ -7.18481080901872, 38.876491777199071 ], [ -7.184800933993397, 38.876332892519976 ], [ -7.18477439977902, 38.876170178495222 ], [ -7.184769533195217, 38.875998182366502 ], [ -7.184788118658393, 38.875683064497942 ], [ -7.184816548774783, 38.875307821919144 ], [ -7.184875159330814, 38.875237350670119 ], [ -7.184883047052902, 38.875153843256314 ], [ -7.185524456014456, 38.875100741342365 ], [ -7.185821301138334, 38.875027978869959 ], [ -7.186213223886817, 38.874936369712934 ], [ -7.18653958534484, 38.874814106122436 ], [ -7.186912544469051, 38.8746761017455 ], [ -7.187223654755429, 38.874537596101696 ], [ -7.18754533829441, 38.874379027749733 ], [ -7.187726956358148, 38.87428782357825 ], [ -7.188085409716348, 38.874077170809912 ], [ -7.188217191021264, 38.873951528804263 ], [ -7.188308880353704, 38.873875706257877 ], [ -7.188516905495749, 38.87368119907137 ], [ -7.188727374034369, 38.873484998901986 ], [ -7.188995498902556, 38.873259270705837 ], [ -7.189159073274214, 38.873167180656999 ], [ -7.189322318082689, 38.873108776460676 ], [ -7.189549497365342, 38.873086292462133 ], [ -7.189755084494711, 38.873067408715492 ], [ -7.189998951947906, 38.873046946663912 ], [ -7.190355711352445, 38.872993886058282 ], [ -7.190631050045094, 38.872945659241779 ], [ -7.19083462707216, 38.872904335430732 ], [ -7.191115258404826, 38.872813185304302 ], [ -7.191540009663905, 38.872663478359456 ], [ -7.191851828439374, 38.87255762244591 ], [ -7.19226467996464, 38.872409614862867 ], [ -7.192576643712794, 38.872292594036679 ], [ -7.192742250042828, 38.87223789900316 ], [ -7.193210139734117, 38.872075465854273 ], [ -7.193704320140681, 38.87190207277709 ], [ -7.193963565978843, 38.871807054168613 ], [ -7.194217921255452, 38.871715686110974 ], [ -7.194568104206216, 38.871600765135348 ], [ -7.194556661996344, 38.87155959989957 ], [ -7.194594935861611, 38.871558014989361 ], [ -7.19472217263843, 38.871512375850635 ], [ -7.194758589566491, 38.871467809273042 ], [ -7.194814538895568, 38.87138421526388 ], [ -7.194921576468722, 38.871235642136867 ], [ -7.194984945238655, 38.871139044692441 ], [ -7.195107143922928, 38.870932668309031 ], [ -7.195253175198005, 38.870719097784267 ], [ -7.195348260425758, 38.870585286441091 ], [ -7.195479622240252, 38.870409067119361 ], [ -7.195535653328123, 38.870327365014788 ], [ -7.195649834486736, 38.87017884312899 ], [ -7.195713036674761, 38.870095305984897 ], [ -7.19584076605199, 38.869939784683694 ], [ -7.196088436663587, 38.869623448382733 ], [ -7.196315859172401, 38.869328794568048 ], [ -7.196635497186865, 38.869003671749695 ], [ -7.196724295630102, 38.868929484805001 ], [ -7.196861401991709, 38.868824475227051 ], [ -7.197103353321273, 38.868639165439546 ], [ -7.197260948290918, 38.868493749828396 ], [ -7.197390070134766, 38.868388676529172 ], [ -7.197576463521606, 38.868177953916344 ], [ -7.19775075944191, 38.867976496701381 ], [ -7.197997719663683, 38.86771320403944 ], [ -7.198195798088876, 38.867524420339912 ], [ -7.197990762357684, 38.867436820020799 ], [ -7.197772258385616, 38.867343555522169 ], [ -7.197563535738605, 38.867233521873864 ], [ -7.197402406429007, 38.867140624427428 ], [ -7.197194033161597, 38.867004474191582 ], [ -7.197080349414122, 38.86711570891061 ], [ -7.196911499473515, 38.867243259201942 ], [ -7.196774198984862, 38.867327999999588 ], [ -7.196625299902362, 38.867392207351187 ], [ -7.196423324421132, 38.867497057605405 ], [ -7.196233464065574, 38.867583365069152 ], [ -7.196120592464847, 38.867632901710849 ], [ -7.196068127234571, 38.867626899573985 ], [ -7.19591855855406, 38.867549046532503 ], [ -7.195824688032181, 38.867423173523534 ], [ -7.195775554145338, 38.867348199920031 ], [ -7.195775348890083, 38.867196868026795 ], [ -7.195795619623228, 38.867109297537112 ], [ -7.195699780792594, 38.86712528169079 ], [ -7.195642670451825, 38.867113654601397 ], [ -7.195595445009433, 38.867068417144097 ], [ -7.19556988869088, 38.86701407840529 ], [ -7.195609163338101, 38.866935937541179 ], [ -7.195670114842589, 38.86683923015223 ], [ -7.195762818623232, 38.866755918926955 ], [ -7.1960396651939, 38.866648912439572 ], [ -7.196544966292012, 38.86647195800964 ], [ -7.197170458137229, 38.866261635448275 ], [ -7.197275732698132, 38.866237766487366 ], [ -7.197423870748146, 38.866231471704651 ], [ -7.197536225700127, 38.866221200515774 ], [ -7.197660689422033, 38.866201659104227 ], [ -7.197828240770155, 38.866173096438935 ], [ -7.197988564572361, 38.866142757889975 ], [ -7.198194220079532, 38.866125757633775 ], [ -7.198345205037909, 38.8660951672788 ], [ -7.198546093949735, 38.866076040262641 ], [ -7.199098670396162, 38.865946266068399 ], [ -7.199381984868423, 38.865888611502463 ], [ -7.199520585781788, 38.8658804416648 ], [ -7.199620887803313, 38.865875568610974 ], [ -7.19956832147362, 38.865747166964525 ], [ -7.19941156209343, 38.865524335047645 ], [ -7.199254272942389, 38.865342070279347 ], [ -7.199065626184418, 38.865115861729365 ], [ -7.198616326008938, 38.864675352211997 ], [ -7.198246006860632, 38.864359134611497 ], [ -7.197828151917699, 38.863898198379545 ], [ -7.197705728390813, 38.863797351240116 ], [ -7.197790936274759, 38.863691925629567 ], [ -7.197843722772951, 38.86362368984836 ], [ -7.197912434114805, 38.863558702737976 ], [ -7.198021180767498, 38.863484674445736 ], [ -7.198141578528279, 38.863402043289376 ], [ -7.198114669006957, 38.863265452077194 ], [ -7.198071823121697, 38.863070995664224 ], [ -7.197963034349105, 38.862808543489926 ], [ -7.197885575108748, 38.862644659423708 ], [ -7.197747979343563, 38.862705400777628 ], [ -7.197603025489051, 38.862800985187704 ], [ -7.197357268597368, 38.862973782010819 ], [ -7.197158731100021, 38.862764999372175 ], [ -7.197015367494942, 38.862592076057666 ], [ -7.196902132478715, 38.862484607191085 ], [ -7.196725197717985, 38.862324386388678 ], [ -7.19652209713349, 38.862147108362429 ], [ -7.196363742102802, 38.862018831418943 ], [ -7.196231848397835, 38.861885185366084 ], [ -7.196165604486531, 38.861832407420131 ], [ -7.195671729571566, 38.861434276757379 ], [ -7.195513648760292, 38.861294742126283 ], [ -7.195436543187673, 38.861340873977227 ], [ -7.195306632970804, 38.861416396373528 ], [ -7.195145662742015, 38.86148798051304 ], [ -7.194996479889903, 38.861574607404407 ], [ -7.194864443167482, 38.861627774007303 ], [ -7.194609960125539, 38.861732203936874 ], [ -7.194406043018099, 38.86180154939467 ], [ -7.194137679012152, 38.861933671700015 ], [ -7.193953015310337, 38.862013328247656 ], [ -7.193764196444756, 38.862105434858456 ], [ -7.193606064089983, 38.862157595646224 ], [ -7.193456658612585, 38.862260974888706 ], [ -7.193316334963122, 38.862392439181335 ], [ -7.19321489438058, 38.862300105440966 ], [ -7.193099619757694, 38.862164786287266 ], [ -7.192871459298972, 38.861895873827379 ], [ -7.192718869069253, 38.861698460099028 ], [ -7.192674167761575, 38.861645857250785 ], [ -7.192537343815528, 38.861519550964466 ], [ -7.192471275065457, 38.861453625596511 ], [ -7.1922872297582, 38.861291538382801 ], [ -7.192152147194252, 38.861208210629385 ], [ -7.191867858913203, 38.861037836846002 ], [ -7.191673477763037, 38.86092611122023 ], [ -7.191493246452429, 38.860833051630735 ], [ -7.19122292476183, 38.860687116000626 ], [ -7.191055303756225, 38.86053813130497 ], [ -7.190970745748971, 38.860432869716412 ], [ -7.190872903522908, 38.860341730363963 ], [ -7.191825068792186, 38.859394987843878 ], [ -7.192030989124703, 38.859216419294548 ], [ -7.192643280226396, 38.858640877601992 ], [ -7.192575390397617, 38.858567771974208 ], [ -7.192461613213224, 38.858342155592773 ], [ -7.192286643569136, 38.857989653560601 ], [ -7.192116860214155, 38.857698048238483 ], [ -7.192055760350657, 38.857564140911528 ], [ -7.191994692718454, 38.857427892706049 ], [ -7.191858387311782, 38.857214181619391 ], [ -7.191843362173669, 38.85708705178363 ], [ -7.191747928072783, 38.856897575523583 ], [ -7.191588889007551, 38.8566571378418 ], [ -7.191479381489153, 38.856443316249674 ], [ -7.191380562628474, 38.856327531511972 ], [ -7.191253515289928, 38.856194779110368 ], [ -7.190998797428153, 38.855994424356773 ], [ -7.190699701113782, 38.855812986562434 ], [ -7.190382579618738, 38.855601272605249 ], [ -7.190139041093352, 38.855418165909242 ], [ -7.189920011765896, 38.855184721563454 ], [ -7.18970772817114, 38.854981234202988 ], [ -7.189544343689287, 38.854833438080831 ], [ -7.189555922866708, 38.854725997533826 ], [ -7.18956295704986, 38.854550493102593 ], [ -7.189596423536582, 38.854371420765311 ], [ -7.189579080517219, 38.854236792767004 ], [ -7.189479388762752, 38.854187435757439 ], [ -7.189372263284266, 38.854169639278901 ], [ -7.189279148884502, 38.854163305651795 ], [ -7.189102281384274, 38.854174935586876 ], [ -7.188949270215887, 38.854194242623812 ], [ -7.188649278751814, 38.854156785170545 ], [ -7.188552050811512, 38.854256430394891 ], [ -7.188438207513953, 38.854171201023533 ], [ -7.188544648101603, 38.854050815373292 ], [ -7.188754529883269, 38.853807320805799 ], [ -7.188981319335696, 38.853582878727742 ], [ -7.189145538638872, 38.853403779771718 ], [ -7.189309681110092, 38.853229995408476 ], [ -7.189438971450953, 38.853096282882397 ], [ -7.189568676992478, 38.852922216286814 ], [ -7.189708202590746, 38.852780572872966 ], [ -7.189834094453457, 38.852633499217212 ], [ -7.189922312578596, 38.852477926863891 ], [ -7.190032119676774, 38.852318477093434 ], [ -7.19016899152104, 38.852116274402363 ], [ -7.190302107455313, 38.851944942202067 ], [ -7.190373402905732, 38.851762389870402 ], [ -7.190451329524025, 38.851609438131291 ], [ -7.190553055461215, 38.85139875696121 ], [ -7.190662245648493, 38.851216510243056 ], [ -7.190806864733641, 38.850958970879908 ], [ -7.190969172345804, 38.850661312197204 ], [ -7.191088970290776, 38.85046023440006 ], [ -7.191159544685474, 38.850323434940215 ], [ -7.191265563847926, 38.850127561276857 ], [ -7.191344326330234, 38.84989372717461 ], [ -7.191380752063505, 38.849743137919646 ], [ -7.191447138932445, 38.849698959742511 ], [ -7.19149282064272, 38.849603974083145 ], [ -7.191629263161033, 38.849469185294666 ], [ -7.191815125243813, 38.849183653135547 ], [ -7.191874454174053, 38.849194321706385 ], [ -7.192010727805573, 38.848964359081272 ], [ -7.19204223552356, 38.848924168269306 ], [ -7.192125611310307, 38.848782715240873 ], [ -7.192198252497733, 38.848643251951813 ], [ -7.192254649500159, 38.848494858112879 ], [ -7.192173226547474, 38.848397279960146 ], [ -7.192117162199605, 38.848210913330703 ], [ -7.192096641403088, 38.848001945310806 ], [ -7.192047249496036, 38.847825090508515 ], [ -7.192010883959957, 38.847699591002637 ], [ -7.19195912155201, 38.847580632234326 ], [ -7.191853566005658, 38.847356211650713 ], [ -7.191761497333054, 38.847157480710202 ], [ -7.191709507968473, 38.84704653777294 ], [ -7.191587415137583, 38.846844771392675 ], [ -7.191528215261451, 38.846634239358785 ], [ -7.191495655462939, 38.846491203483176 ], [ -7.191432192133279, 38.846342428233584 ], [ -7.191390825033905, 38.846300776260001 ], [ -7.19164810458042, 38.846144005363932 ], [ -7.191860395399949, 38.845987637908358 ], [ -7.192131248468113, 38.845817406070317 ], [ -7.191941030105305, 38.845619239219396 ], [ -7.191826175992797, 38.845454012683248 ], [ -7.191507900642862, 38.845044663608867 ], [ -7.191406606713212, 38.844890358848701 ], [ -7.191236669787832, 38.844727301648831 ], [ -7.191086770861767, 38.844599447687088 ], [ -7.190794681974078, 38.844300831800581 ], [ -7.190653448168304, 38.844194848599592 ], [ -7.190546939396442, 38.844060454032402 ], [ -7.190461768274683, 38.843887149731138 ], [ -7.190289110945119, 38.843400471831593 ], [ -7.190401330006133, 38.84329546379282 ], [ -7.190464330764331, 38.843225890297099 ], [ -7.190585968007507, 38.843137964683287 ], [ -7.190704078590495, 38.843055416026111 ], [ -7.190742362286018, 38.843026087665919 ], [ -7.190887925316218, 38.842949165845347 ], [ -7.191009208708147, 38.842888170950779 ], [ -7.191071994748027, 38.842834807504772 ], [ -7.191190636371891, 38.842711815203813 ], [ -7.191295322050345, 38.842607630091592 ], [ -7.191437235078575, 38.842475370656722 ], [ -7.191531665290842, 38.842362993882091 ], [ -7.191650960635815, 38.842207755974719 ], [ -7.191756053165563, 38.842072587106131 ], [ -7.191852283368204, 38.841954818124258 ], [ -7.191973418680231, 38.841782033217306 ], [ -7.192071300008283, 38.841611958619659 ], [ -7.192194074707193, 38.841459871141062 ], [ -7.192274521012001, 38.84135955414127 ], [ -7.19241347955782, 38.841243423249239 ], [ -7.192565015401385, 38.841120879970781 ], [ -7.192838189353161, 38.840948571556169 ], [ -7.1929633934746, 38.84085129866434 ], [ -7.193040166399201, 38.840776434441665 ], [ -7.193118447614828, 38.840778544414803 ], [ -7.193182056930222, 38.840375195273843 ], [ -7.193184327685532, 38.840202595555553 ], [ -7.193177241513133, 38.840108086990284 ], [ -7.19318264831162, 38.840013679855566 ], [ -7.193213038702102, 38.839919472857275 ], [ -7.193326290174359, 38.839696002227022 ], [ -7.193361559618173, 38.839641068548843 ], [ -7.193417561307665, 38.839568739261587 ], [ -7.193523519534632, 38.83942691535259 ], [ -7.193626195047683, 38.839219297626926 ], [ -7.193698352207215, 38.839115655718714 ], [ -7.193746197110154, 38.839056944321264 ], [ -7.193864465683157, 38.838970341954209 ], [ -7.19396350027651, 38.838901146311976 ], [ -7.194051804367751, 38.838838400333756 ], [ -7.194177279155577, 38.838797069033255 ], [ -7.194319793617141, 38.838726561557735 ], [ -7.194449473940333, 38.838682006563758 ], [ -7.194574734332823, 38.838656958205895 ], [ -7.194679345682653, 38.838618715021049 ], [ -7.194929906482498, 38.838565359896307 ], [ -7.195802429104603, 38.838399746625647 ], [ -7.19619845145716, 38.838346711004711 ], [ -7.196381290709104, 38.838315839631768 ], [ -7.19657121772198, 38.838271600561058 ], [ -7.196652329542889, 38.838260180501749 ], [ -7.196871457551739, 38.838220135751797 ], [ -7.197120064779451, 38.838170965067171 ], [ -7.197330929966953, 38.838110765971585 ], [ -7.197495197900619, 38.838055513234124 ], [ -7.197675196653243, 38.837977504771963 ], [ -7.197794797142823, 38.837920540021749 ], [ -7.197944945215399, 38.837824726106881 ], [ -7.197921541807406, 38.837804427143283 ], [ -7.198005500820521, 38.83775298770837 ], [ -7.19831082639578, 38.837651209301455 ], [ -7.198444496138713, 38.837619709672495 ], [ -7.198511544529291, 38.837587676856444 ], [ -7.198626012792185, 38.837432259660559 ], [ -7.198782927903103, 38.837215299567241 ], [ -7.1989646129358, 38.837014822451152 ], [ -7.199064386421992, 38.836990452684354 ], [ -7.199136532008742, 38.837004543893116 ], [ -7.199251831446865, 38.837023632575089 ], [ -7.199363532096914, 38.837079893467703 ], [ -7.199567219360941, 38.837107577353308 ], [ -7.199841776870609, 38.837129312742825 ], [ -7.200157845166567, 38.837161150649536 ], [ -7.200469750758104, 38.837192953564319 ], [ -7.200656910785198, 38.837210732886987 ], [ -7.20080772184738, 38.837238469008092 ], [ -7.200980937139324, 38.837282995811336 ], [ -7.201100957053436, 38.837317640688795 ], [ -7.201192856578522, 38.837306204455757 ], [ -7.201342712868906, 38.837310656250949 ], [ -7.201576312790386, 38.83727995012336 ], [ -7.201653990214239, 38.837292412958547 ], [ -7.201702299615435, 38.837288740191887 ], [ -7.201901150624393, 38.837345630505524 ], [ -7.201988664278242, 38.837373261313068 ], [ -7.202148560380441, 38.837388048327682 ], [ -7.202425162227641, 38.83742655015643 ], [ -7.202615861912934, 38.837454995399014 ], [ -7.202761679905067, 38.837489935058223 ], [ -7.202933405652192, 38.837524988972362 ], [ -7.203072226489865, 38.837566445477265 ], [ -7.203207821610462, 38.837598514385256 ], [ -7.203241325021008, 38.837528790899889 ], [ -7.203393534314333, 38.837612151356929 ], [ -7.20380860228632, 38.83772858623238 ], [ -7.204123219922474, 38.837836112904952 ], [ -7.204297054911819, 38.837915194351226 ], [ -7.204405890751908, 38.837996804283286 ], [ -7.204518601512872, 38.838077685565693 ], [ -7.204687551225155, 38.838193512534581 ], [ -7.204817538816052, 38.838259218579715 ], [ -7.204922248510043, 38.838336441794567 ], [ -7.205046531936738, 38.83838628375198 ], [ -7.205158322805375, 38.838436026332737 ], [ -7.205293960539822, 38.838465545772578 ], [ -7.20536129750321, 38.838519062394759 ], [ -7.205460808612952, 38.838552422045439 ], [ -7.205508399065919, 38.838511118437403 ], [ -7.205614832132228, 38.838556902366008 ], [ -7.205722586238031, 38.838596840749474 ], [ -7.20584665937244, 38.838662964394331 ], [ -7.205949236406976, 38.838781028903725 ], [ -7.206094695625298, 38.838685682509002 ], [ -7.206126107588705, 38.838629356839157 ], [ -7.206071630591881, 38.838553355792364 ], [ -7.205932346490268, 38.838477999407665 ], [ -7.205883572780542, 38.838375317554821 ], [ -7.205792171171963, 38.838256049993014 ], [ -7.205688504835841, 38.838150200205476 ], [ -7.205608592348565, 38.838078131541316 ], [ -7.205523421740628, 38.838011523900143 ], [ -7.205434770753367, 38.837992020699346 ], [ -7.205381611911022, 38.837916689163805 ], [ -7.205328412052485, 38.837844613578952 ], [ -7.205289206689683, 38.837759161829169 ], [ -7.205211106282495, 38.837670984315935 ], [ -7.205086570049836, 38.837718459341495 ], [ -7.204947785157223, 38.837798246204891 ], [ -7.204856039617723, 38.837839225725006 ], [ -7.204807887237627, 38.837840192412983 ], [ -7.204766079260986, 38.837750955468273 ], [ -7.204722466538606, 38.837668462677343 ], [ -7.204613570120298, 38.837566531073868 ], [ -7.204515349826117, 38.837440454298559 ], [ -7.204401475984473, 38.837331814490071 ], [ -7.204151754521033, 38.837076629026427 ], [ -7.20409209026538, 38.837023551053662 ], [ -7.204063814527992, 38.836957387635593 ], [ -7.20404067266658, 38.836885859493904 ], [ -7.2040398342043, 38.836817126398813 ], [ -7.204038766856484, 38.836754481621909 ], [ -7.20406830275309, 38.83664479497245 ], [ -7.204111675856612, 38.836551706149677 ], [ -7.204167815600828, 38.836557649156411 ], [ -7.20417531772726, 38.836521067993829 ], [ -7.204185472911793, 38.836460691437871 ], [ -7.204207504063688, 38.836387585889916 ], [ -7.204217802081645, 38.836316218307708 ], [ -7.204216340871193, 38.836248421564264 ], [ -7.204201207966828, 38.836151203075801 ], [ -7.204172164865908, 38.836044951784615 ], [ -7.20412255867767, 38.836016274737013 ], [ -7.204246123136447, 38.835794948797847 ], [ -7.204338650030876, 38.835608793512641 ], [ -7.204585766250936, 38.835158246497556 ], [ -7.204753497200198, 38.834868286076556 ], [ -7.204834215483716, 38.834779846294339 ], [ -7.204903030931278, 38.834692121668006 ], [ -7.205019783993223, 38.834564452878787 ], [ -7.205138505431717, 38.834440817964605 ], [ -7.20537353348122, 38.834199024212779 ], [ -7.205553908337008, 38.834017253345721 ], [ -7.20568237611883, 38.833864383116712 ], [ -7.205841362541211, 38.833706258475807 ], [ -7.206040563448563, 38.833501489045773 ], [ -7.206207193652929, 38.833311610962419 ], [ -7.20627431436432, 38.833193061015102 ], [ -7.206358709299431, 38.833006863808478 ], [ -7.206580041886405, 38.832525980374143 ], [ -7.206858524537819, 38.831922396478319 ], [ -7.20710766874522, 38.831303580447333 ], [ -7.207180240826815, 38.831150573419158 ], [ -7.207249555206822, 38.830982768694369 ], [ -7.207300953727298, 38.830872740027665 ], [ -7.207355953419726, 38.830751935066608 ], [ -7.207376193835667, 38.830664296829788 ], [ -7.207381898866203, 38.830665989560899 ], [ -7.20742539853244, 38.830678889298255 ], [ -7.207425975197856, 38.830714476323926 ], [ -7.207430779605169, 38.830877371102105 ], [ -7.207434174890299, 38.831024405555361 ], [ -7.207434388399118, 38.831097010694101 ], [ -7.207463571979628, 38.831111379633143 ], [ -7.20771730779223, 38.831179773595807 ], [ -7.207814254175827, 38.83119909845297 ], [ -7.20790450914044, 38.831219356580917 ], [ -7.208015068940292, 38.831237078521191 ], [ -7.208214772176335, 38.831271354460803 ], [ -7.208325296092983, 38.831291772747207 ], [ -7.208398635837513, 38.831310911129179 ], [ -7.208581060669395, 38.831363693925383 ], [ -7.208769031270228, 38.831424634511698 ], [ -7.208980761692743, 38.831490890885668 ], [ -7.209200520568873, 38.831550994121422 ], [ -7.209332415420597, 38.831583922918114 ], [ -7.209376459951481, 38.831588685025835 ], [ -7.209509776417152, 38.831601269127688 ], [ -7.209598983373367, 38.831604584874725 ], [ -7.209701866528063, 38.831609812019138 ], [ -7.209915648041163, 38.831607084371299 ], [ -7.210463137809915, 38.831597348905213 ], [ -7.210658756917205, 38.831600693595675 ], [ -7.211145616952593, 38.831604258904981 ], [ -7.211308750842289, 38.831608156805203 ], [ -7.211633642297807, 38.83159792554207 ], [ -7.211847424988579, 38.831594474646657 ], [ -7.211991247920607, 38.831577773475054 ], [ -7.212082452253823, 38.831587405806609 ], [ -7.212159024338355, 38.83159692721101 ], [ -7.21223408926723, 38.831616524476338 ], [ -7.21235910968317, 38.831664798039014 ], [ -7.212392932384044, 38.831694429938437 ], [ -7.212520323633817, 38.831818026904124 ], [ -7.212601824702564, 38.831946306460061 ], [ -7.21272015699499, 38.832138835774906 ], [ -7.212788789610925, 38.832264493430628 ], [ -7.212838043775587, 38.832374685184156 ], [ -7.212893155155196, 38.832530950013179 ], [ -7.212953390528373, 38.8327816574077 ], [ -7.21303313806519, 38.833055490944496 ], [ -7.213110295103249, 38.833279487499595 ], [ -7.213137178266109, 38.833338429821154 ], [ -7.213179082103265, 38.833384699411937 ], [ -7.213337523657782, 38.833503224520364 ], [ -7.213463729086419, 38.833584746668024 ], [ -7.21361766528977, 38.833677838547999 ], [ -7.213689027453965, 38.833707854736595 ], [ -7.213835011540982, 38.833774124387901 ], [ -7.21394047904469, 38.833820983998301 ], [ -7.214046028974959, 38.833861355873069 ], [ -7.214117705857634, 38.833875972809473 ], [ -7.214215568784669, 38.833877999275238 ], [ -7.214282782777218, 38.83385421064952 ], [ -7.214438749986642, 38.833780128902802 ], [ -7.214540769076587, 38.833709409586085 ], [ -7.214596785210956, 38.833670210520438 ], [ -7.214690796375561, 38.833595648445183 ], [ -7.21475700672704, 38.833524641980731 ], [ -7.214806665354135, 38.833477743439758 ], [ -7.214888855174785, 38.833427313738476 ], [ -7.214947922758847, 38.833400934011365 ], [ -7.215197407935806, 38.833290568880784 ], [ -7.215294063995622, 38.833260698382787 ], [ -7.215349666913359, 38.833244468196163 ], [ -7.21538045000814, 38.833259936767732 ], [ -7.21547418685768, 38.833332192096769 ], [ -7.215545149306864, 38.833394001411037 ], [ -7.215624309385496, 38.833462357054977 ], [ -7.215680720379577, 38.83351765918411 ], [ -7.215746631651057, 38.833596093961894 ], [ -7.215778478474355, 38.833644896794979 ], [ -7.215808719690354, 38.833702600189696 ], [ -7.215824169796279, 38.833772983850842 ], [ -7.21583941417148, 38.833859935669032 ], [ -7.215858170788732, 38.833923947076705 ], [ -7.215876896659159, 38.833981294298361 ], [ -7.215907186604336, 38.834035128314163 ], [ -7.21596980767591, 38.834109661989004 ], [ -7.216013535226725, 38.834139369706222 ], [ -7.216147974080254, 38.834217077564929 ], [ -7.216236879093379, 38.834280380269604 ], [ -7.21629668041524, 38.834331923649238 ], [ -7.216340015759535, 38.83438324678977 ], [ -7.216434683188576, 38.834509196698377 ], [ -7.216469857323076, 38.834568202417458 ], [ -7.216490393211847, 38.834619437563774 ], [ -7.216504614468549, 38.834660259728146 ], [ -7.216519477396448, 38.834776578255486 ], [ -7.216528691495029, 38.834821418220258 ], [ -7.216542960131861, 38.834858551172417 ], [ -7.216565186932429, 38.834903402261077 ], [ -7.216601991218597, 38.834952153684803 ], [ -7.2166488618869, 38.834988283135246 ], [ -7.216712057144697, 38.835027148384405 ], [ -7.216809382352726, 38.835071328380785 ], [ -7.216921547021967, 38.835107969895901 ], [ -7.217064723679594, 38.835142235954798 ], [ -7.217119885414328, 38.835160596675102 ], [ -7.217224850362721, 38.835246993448223 ], [ -7.217342824931674, 38.835333575893145 ], [ -7.217569106463009, 38.835497574922385 ], [ -7.217718129287614, 38.835588099824399 ], [ -7.217888900876702, 38.835679895692358 ], [ -7.217997574692352, 38.835753082127376 ], [ -7.218120120559963, 38.83581298258774 ], [ -7.218473040799635, 38.8355084288374 ], [ -7.218684269215523, 38.835318486654607 ], [ -7.218897125835462, 38.835145041023218 ], [ -7.219348961596315, 38.834773124881963 ], [ -7.219502544201577, 38.834632455765309 ], [ -7.219941667115077, 38.834236030407865 ], [ -7.220782473356964, 38.83382228378192 ], [ -7.221153394153883, 38.833652768902198 ], [ -7.221404081949424, 38.833418940355727 ], [ -7.221796848783339, 38.832908653615021 ], [ -7.222188578050661, 38.832479411975505 ], [ -7.222280419803893, 38.832418723098257 ], [ -7.222968852716878, 38.831905532635169 ], [ -7.22345480891514, 38.831436583075991 ], [ -7.223742223715697, 38.83115786409774 ], [ -7.224123997797958, 38.830785298007868 ], [ -7.22437847935973, 38.830542084685916 ], [ -7.224722233658472, 38.830197323243468 ], [ -7.225191523085712, 38.829742291443473 ], [ -7.225401390398281, 38.829529447359405 ], [ -7.225773198334098, 38.829169589297983 ], [ -7.22620766143497, 38.82874445790965 ], [ -7.226310936098162, 38.8286463551864 ], [ -7.226414952512111, 38.82855266743173 ], [ -7.226435271751759, 38.828557959574511 ], [ -7.226552669245653, 38.828599456134896 ], [ -7.226650454534019, 38.828682070411084 ], [ -7.226751116360782, 38.82876698138697 ], [ -7.226871895425048, 38.828870237742535 ], [ -7.226981365492037, 38.828948395265364 ], [ -7.227125223960837, 38.829065472655422 ], [ -7.227274983130524, 38.829175774938598 ], [ -7.227365218870274, 38.829236777172518 ], [ -7.227423837055097, 38.829309476710741 ], [ -7.227503941842267, 38.829431427954944 ], [ -7.227610235837854, 38.829540792016694 ], [ -7.227817981069291, 38.829686613936879 ], [ -7.227865487806027, 38.829736169041496 ], [ -7.227908900722936, 38.829781810954088 ], [ -7.227924829695105, 38.829815174871634 ], [ -7.227952223138824, 38.829907892462721 ], [ -7.22796578290335, 38.829964840182356 ], [ -7.227992820459376, 38.830085122392028 ], [ -7.228014795303676, 38.830150416152641 ], [ -7.228047341132374, 38.830208678373914 ], [ -7.2281119015819, 38.830330515060069 ], [ -7.22812952050089, 38.83035812346273 ], [ -7.22822651473545, 38.830483446942047 ], [ -7.228261669348389, 38.830535427472938 ], [ -7.228287180121865, 38.830576516760864 ], [ -7.228336478846512, 38.830675895827795 ], [ -7.228384222628876, 38.830779673034861 ], [ -7.228476062303141, 38.83092144690761 ], [ -7.228601624465082, 38.831119145354911 ], [ -7.228647462486416, 38.831173095618041 ], [ -7.22867712593532, 38.83121358822919 ], [ -7.228697138353017, 38.831243107608529 ], [ -7.228767508154511, 38.83137015485476 ], [ -7.228826966341393, 38.831495671840237 ], [ -7.228861098862089, 38.83155505406593 ], [ -7.228921016439989, 38.831644194873206 ], [ -7.229023759755004, 38.831795058672249 ], [ -7.229094182990136, 38.831972957694838 ], [ -7.229171369603548, 38.832075874282722 ], [ -7.229217014578174, 38.832144440633783 ], [ -7.229331268441984, 38.832311806281233 ], [ -7.229493447215486, 38.832547117041877 ], [ -7.229596100235142, 38.83270522727819 ], [ -7.229688225718695, 38.832849096689827 ], [ -7.230008042065187, 38.833232800125522 ], [ -7.230218710774078, 38.833513248847638 ], [ -7.230349162813082, 38.83367157327838 ], [ -7.230468347864022, 38.833815741264566 ], [ -7.230682500430981, 38.834079589520385 ], [ -7.230878959017258, 38.834320278660606 ], [ -7.230973297359751, 38.83448983446754 ], [ -7.231160953545257, 38.834780335655232 ], [ -7.231372474553772, 38.835123460381475 ], [ -7.231717227689709, 38.835664576732057 ], [ -7.231849386690199, 38.835817796221818 ], [ -7.232080111282165, 38.836065143202447 ], [ -7.232290601702374, 38.83636093508035 ], [ -7.23257813146492, 38.836772429859543 ], [ -7.232841747629872, 38.837135137316253 ], [ -7.233062057156554, 38.837431003455343 ], [ -7.233370850957865, 38.837842660091972 ], [ -7.233761770191675, 38.838355988328267 ], [ -7.233843435989637, 38.838499682879693 ], [ -7.234113772127214, 38.838800546811541 ], [ -7.234762284737712, 38.839390401278557 ], [ -7.235014101745899, 38.839606901709168 ], [ -7.235782492510933, 38.840016253129654 ], [ -7.23602242305041, 38.840143300371622 ], [ -7.236641670505478, 38.840469801107616 ], [ -7.236914110273413, 38.840594483770602 ], [ -7.237102549988715, 38.840667447460149 ], [ -7.237641669701429, 38.840881006837982 ], [ -7.238391862187254, 38.841172826872274 ], [ -7.238690666348811, 38.84129005075004 ], [ -7.238780812377489, 38.841385143240302 ], [ -7.238854784390809, 38.841475152159859 ], [ -7.238867146802664, 38.841536504086271 ], [ -7.238882682023585, 38.84159282604643 ], [ -7.238884490894163, 38.841715440927068 ], [ -7.238898301425064, 38.842435624321006 ], [ -7.238907133426545, 38.842637145977875 ], [ -7.23894151764674, 38.843013747083504 ], [ -7.238972644021469, 38.843261121333533 ], [ -7.239010435512743, 38.843629103719778 ], [ -7.239024810351848, 38.843787567438838 ], [ -7.239029907435455, 38.843905066716282 ], [ -7.239369493377507, 38.844142673527429 ], [ -7.239511838551443, 38.844245909700192 ], [ -7.239851207508612, 38.844519271544378 ], [ -7.23993054916341, 38.844696068222419 ], [ -7.240009706619672, 38.84488818112488 ], [ -7.240098443968081, 38.845105941134811 ], [ -7.24017146548761, 38.845272512352828 ], [ -7.240202878605958, 38.845367244763594 ], [ -7.240338274303628, 38.845243071029344 ], [ -7.240442625180001, 38.845243866789062 ], [ -7.240618602822658, 38.84527331038332 ], [ -7.24073870191103, 38.845322780721517 ], [ -7.240955978245187, 38.845439285823453 ], [ -7.241296522975569, 38.845610416208395 ], [ -7.241399970937455, 38.845692903669963 ], [ -7.241613979288887, 38.845804430135907 ], [ -7.241756768039231, 38.845871904363044 ], [ -7.242104072729596, 38.846027772601254 ], [ -7.242271540739269, 38.846101641706781 ], [ -7.242535200187349, 38.84618362410351 ], [ -7.242909848804896, 38.846319987666554 ], [ -7.243185592131252, 38.846459997682089 ], [ -7.243308189544131, 38.846568123108838 ], [ -7.243439865807237, 38.846742878570801 ], [ -7.243652008638471, 38.847004907595455 ], [ -7.244039502687159, 38.847347530362661 ], [ -7.244126755653155, 38.847417107424924 ], [ -7.244347222243699, 38.847528587065391 ], [ -7.244733220520471, 38.847723112257839 ], [ -7.244892395380883, 38.847780439349684 ], [ -7.245311681684919, 38.847851238438786 ], [ -7.245694381424841, 38.847860746725509 ], [ -7.246177824083631, 38.847860171670639 ], [ -7.247065192999859, 38.847855146154615 ], [ -7.247562020146689, 38.847811871053736 ], [ -7.248172958441327, 38.84778357271756 ], [ -7.248476923791646, 38.84776941005957 ], [ -7.249030892851512, 38.84772656238048 ], [ -7.249349895458818, 38.847712512168457 ], [ -7.250076567291012, 38.847725184745507 ], [ -7.250910656615117, 38.847593569921209 ], [ -7.25146647685637, 38.847516056495934 ], [ -7.252156336191995, 38.847431988563898 ], [ -7.252460141298943, 38.847408781337421 ], [ -7.25302296533945, 38.847295465113518 ], [ -7.25342200886561, 38.8472270351891 ], [ -7.253880974882862, 38.847072218374407 ], [ -7.254605275751762, 38.846837602571021 ], [ -7.255149861660855, 38.847125248193123 ], [ -7.255508132341945, 38.847262159037506 ], [ -7.255935162041244, 38.847429411690648 ], [ -7.256451718534829, 38.847683085062414 ], [ -7.256878247071525, 38.847779652015738 ], [ -7.257343146299911, 38.8479497742562 ], [ -7.257453133392294, 38.848000055106311 ], [ -7.257500328026675, 38.848021631205981 ] ] ] } },
{ "type": "Feature", "properties": { "dtmnfr": "120708", "freguesia": "São Vicente e Ventosa", "municipio": "Elvas", "distrito_i": "Portalegre", "nuts3_cod": "1C3", "nuts3": "Alto Alentejo", "nuts2": "Alentejo", "nuts1": "Continente", "area_ha": 10167.83, "perimetro_": 70, "designacao": "São Vicente e Ventosa" }, "geometry": { "type": "Polygon", "coordinates": [ [ [ -7.276866009211611, 38.948555164043796 ], [ -7.276678142920786, 38.948570544310911 ], [ -7.276615728518118, 38.948581255745914 ], [ -7.27657702612603, 38.948614661116451 ], [ -7.276509336898676, 38.948661000349993 ], [ -7.276431827166035, 38.948737181761693 ], [ -7.276252322656672, 38.948921240826948 ], [ -7.27607568336492, 38.949058394560751 ], [ -7.275889878322889, 38.949171245706268 ], [ -7.275740302173302, 38.94925437273529 ], [ -7.275603351879891, 38.949285163499674 ], [ -7.275480712233869, 38.949325427184121 ], [ -7.275413178895875, 38.949358620299215 ], [ -7.275294939883731, 38.949425764229609 ], [ -7.275174514473757, 38.949482975481246 ], [ -7.275099894487859, 38.949510443322438 ], [ -7.275015477427314, 38.949556665003769 ], [ -7.274926284380007, 38.949606541024991 ], [ -7.274870746259426, 38.94963982112256 ], [ -7.274720964825076, 38.949739786860206 ], [ -7.274515873991649, 38.949863667891798 ], [ -7.2743517022418, 38.949961725760254 ], [ -7.27424082457205, 38.950020722239181 ], [ -7.274137422551412, 38.950053652447409 ], [ -7.273992913258756, 38.95011816513346 ], [ -7.273792953604493, 38.950217760286293 ], [ -7.273687145883409, 38.950258145997822 ], [ -7.273621718803298, 38.950317567534384 ], [ -7.273498484157263, 38.950406466754757 ], [ -7.273375475737788, 38.95046735292749 ], [ -7.273283901599619, 38.95051351971702 ], [ -7.273202221243142, 38.950524088277511 ], [ -7.273094014734474, 38.950553286330532 ], [ -7.273031320174337, 38.95058651280641 ], [ -7.272804559453235, 38.950717706514972 ], [ -7.272696286095272, 38.95075249112638 ], [ -7.272607518953862, 38.950766791121609 ], [ -7.272504127913736, 38.95078855051139 ], [ -7.272409867321635, 38.95085703477929 ], [ -7.272293511581852, 38.950968503372415 ], [ -7.272143726937311, 38.951077832747131 ], [ -7.272013496021383, 38.951144250709021 ], [ -7.271854475057159, 38.951216129066772 ], [ -7.271743734331263, 38.951263955616596 ], [ -7.271644758408426, 38.95132123681676 ], [ -7.271502256370692, 38.951419358693606 ], [ -7.271393623211516, 38.951502957983173 ], [ -7.271236565756537, 38.951612233375904 ], [ -7.271016640956336, 38.95176032007749 ], [ -7.270852363670652, 38.951865755714159 ], [ -7.27060638306496, 38.952002479687117 ], [ -7.270490363325391, 38.952085841577578 ], [ -7.270405646562081, 38.952156379113568 ], [ -7.270323778650289, 38.952191264808405 ], [ -7.270246802926207, 38.952213217457626 ], [ -7.270078358783704, 38.952271876189137 ], [ -7.269945935114072, 38.952328903180963 ], [ -7.269871360111324, 38.952361949994099 ], [ -7.269786838656041, 38.952415646089968 ], [ -7.269680826323112, 38.952463501132634 ], [ -7.269353151213537, 38.952610789251821 ], [ -7.269203838391447, 38.952671475393281 ], [ -7.269011586391533, 38.952724284247005 ], [ -7.26881437654948, 38.952777141639004 ], [ -7.268449176359873, 38.952860551979846 ], [ -7.268366086259363, 38.952891824191816 ], [ -7.268131871721091, 38.952951706000299 ], [ -7.268040610843922, 38.95297165701075 ], [ -7.26792508583044, 38.953013857920638 ], [ -7.267776180561781, 38.953040766715496 ], [ -7.267672810365357, 38.953070000067534 ], [ -7.267540943805091, 38.953080284361796 ], [ -7.26735865128016, 38.95309199597488 ], [ -7.267089982312949, 38.953119909712427 ], [ -7.26666347161194, 38.953122422450832 ], [ -7.266361216027362, 38.953142611543726 ], [ -7.266109523437413, 38.953150116258065 ], [ -7.265836630768515, 38.953136833670008 ], [ -7.265700152243285, 38.953128341284767 ], [ -7.265582976181294, 38.953106844720409 ], [ -7.265473086826848, 38.953083600688707 ], [ -7.265363184751402, 38.953062067904369 ], [ -7.265238769620897, 38.953048083560269 ], [ -7.265123972302995, 38.953030389220871 ], [ -7.264911034203139, 38.953000701623758 ], [ -7.264791369203493, 38.952994231155117 ], [ -7.264623922427332, 38.952970468002647 ], [ -7.264365583577156, 38.952936752937376 ], [ -7.264104918617837, 38.952895540064752 ], [ -7.26370808884249, 38.952830634800534 ], [ -7.263311382203803, 38.952750525168739 ], [ -7.262921214753895, 38.952707035628599 ], [ -7.262655906723865, 38.952658219416818 ], [ -7.262502770469435, 38.952634650934137 ], [ -7.262407491183187, 38.952596473006807 ], [ -7.262338875400019, 38.952519218080326 ], [ -7.262197546920125, 38.952321526596698 ], [ -7.262119634149472, 38.952231141133922 ], [ -7.261912205820913, 38.952147269710814 ], [ -7.26170709367938, 38.952072685841671 ], [ -7.261504350335404, 38.951992539091485 ], [ -7.261275632365529, 38.951895355536251 ], [ -7.260972994308893, 38.951758344206922 ], [ -7.260806084204904, 38.951691615118037 ], [ -7.260600807529846, 38.951630181886031 ], [ -7.260454845915547, 38.95161413887157 ], [ -7.260337328860031, 38.951611373924344 ], [ -7.26022939461255, 38.951627409144443 ], [ -7.260116497330071, 38.951652780455412 ], [ -7.260015523633719, 38.951674454960255 ], [ -7.25984017664014, 38.951712507205691 ], [ -7.259684093119719, 38.951741334541396 ], [ -7.259403248038019, 38.951784099301641 ], [ -7.259201624367041, 38.95181069346183 ], [ -7.259062635479128, 38.95181902145103 ], [ -7.258880614789646, 38.951808293829004 ], [ -7.258727207507025, 38.951816423338066 ], [ -7.258556911924726, 38.951828211090472 ], [ -7.258424909322488, 38.951849742674433 ], [ -7.25829281586901, 38.951878657861961 ], [ -7.258191867055266, 38.951907901862477 ], [ -7.258109744433882, 38.951954036562533 ], [ -7.2580444125588, 38.952013445499766 ], [ -7.257912230871001, 38.952096769124381 ], [ -7.25774770199905, 38.952211552246233 ], [ -7.257640045484372, 38.952298749918363 ], [ -7.257588912897349, 38.952366643979843 ], [ -7.257557495186362, 38.952482518997606 ], [ -7.25752366928102, 38.952560001746065 ], [ -7.257486091441229, 38.952688796068237 ], [ -7.25737903538856, 38.952820945931322 ], [ -7.257299030771184, 38.952900785274537 ], [ -7.257213656060459, 38.953023729773228 ], [ -7.257147586177578, 38.953133576124969 ], [ -7.257010726875509, 38.953353419736587 ], [ -7.256906338307926, 38.953464962661165 ], [ -7.256700975466804, 38.953607544103662 ], [ -7.256529685717235, 38.953699844859145 ], [ -7.256471413913989, 38.953766784924959 ], [ -7.256470423015541, 38.953847307234511 ], [ -7.256473590174485, 38.953974609322152 ], [ -7.256474579871131, 38.954090631046974 ], [ -7.256484786779415, 38.954236720915141 ], [ -7.256507257259022, 38.954351016890108 ], [ -7.256506245363526, 38.954433338752935 ], [ -7.256491713380978, 38.954451964506795 ], [ -7.256440564738783, 38.954520850546778 ], [ -7.256365132680241, 38.954604503151508 ], [ -7.256251233534203, 38.9547103010215 ], [ -7.256137154560787, 38.954821769510914 ], [ -7.256054606750073, 38.95489920723977 ], [ -7.255904734172853, 38.955023829622618 ], [ -7.255771568375847, 38.955168432851828 ], [ -7.255604336793438, 38.955326017355709 ], [ -7.255437512648315, 38.955450511663436 ], [ -7.255262579226629, 38.955545162911193 ], [ -7.255028438522596, 38.955629440265021 ], [ -7.254774608972383, 38.955697673260914 ], [ -7.254810881899102, 38.955743624673538 ], [ -7.254682788961802, 38.955804656291917 ], [ -7.254635048134795, 38.955911070292821 ], [ -7.254595600380638, 38.956016667557812 ], [ -7.254577546067292, 38.956105879800653 ], [ -7.25460146058214, 38.956228499176994 ], [ -7.254659483072378, 38.956334830132938 ], [ -7.254751285713745, 38.956451342575349 ], [ -7.254691506322148, 38.956487294137688 ], [ -7.254707681403723, 38.956550290703888 ], [ -7.254791458651887, 38.956630341211373 ], [ -7.25491292757689, 38.956747077688405 ], [ -7.255029994277862, 38.956877016676984 ], [ -7.255096371696477, 38.956993337541412 ], [ -7.255063026107576, 38.957012994350997 ], [ -7.255056150227479, 38.957187056729772 ], [ -7.255080979725119, 38.957307048152977 ], [ -7.255106382526626, 38.95738956508216 ], [ -7.255133903905934, 38.957468497607621 ], [ -7.255157551025788, 38.957496691826151 ], [ -7.255248802278372, 38.957675185476347 ], [ -7.255460154486096, 38.958081488107609 ], [ -7.255444499160107, 38.958126561471261 ], [ -7.255527103977023, 38.958151484256305 ], [ -7.255490397537354, 38.958246967954928 ], [ -7.255561220094126, 38.958267394696229 ], [ -7.255532467899949, 38.95837927348834 ], [ -7.255530954091499, 38.95849338921299 ], [ -7.255537806850599, 38.958714305124296 ], [ -7.255427894040338, 38.958880028950198 ], [ -7.255408194750288, 38.958924828683806 ], [ -7.255426514098363, 38.959090537717159 ], [ -7.255463676466093, 38.95917023713816 ], [ -7.255525736751512, 38.959293144037161 ], [ -7.255618220442683, 38.95936065868127 ], [ -7.255653380236953, 38.959428300732611 ], [ -7.255705066346654, 38.959512910319944 ], [ -7.255759562752282, 38.95955628443955 ], [ -7.255837611617115, 38.95964487444332 ], [ -7.255903672677744, 38.959724006391944 ], [ -7.255892235295168, 38.959818751443251 ], [ -7.256017844254238, 38.959873423124506 ], [ -7.256120557194689, 38.960015675469769 ], [ -7.256074573623516, 38.960049019196028 ], [ -7.256083733204441, 38.960082776422375 ], [ -7.256074548326223, 38.960157658661082 ], [ -7.256178950759814, 38.960284191889698 ], [ -7.256150875192949, 38.960448536089203 ], [ -7.256202494945559, 38.960538728753754 ], [ -7.256302503770589, 38.960576329339972 ], [ -7.25635950334178, 38.960633497291283 ], [ -7.256368967034252, 38.960686031298096 ], [ -7.25638942363527, 38.960745750373576 ], [ -7.256474662163778, 38.960774896118558 ], [ -7.256573943013094, 38.960905978080369 ], [ -7.256644809602187, 38.961002476297807 ], [ -7.256694892117361, 38.961065727203497 ], [ -7.256787274753124, 38.961135913608373 ], [ -7.256939032324076, 38.961203237244426 ], [ -7.257065320230557, 38.961273677979491 ], [ -7.257131770264286, 38.961358180666103 ], [ -7.257229144059445, 38.96143376280051 ], [ -7.25730016307971, 38.961503563265637 ], [ -7.257354208133703, 38.961563745914539 ], [ -7.257344427727923, 38.961669566641213 ], [ -7.257365252043164, 38.961699505606404 ], [ -7.257397815370949, 38.961743802480036 ], [ -7.257471806096829, 38.961768678168866 ], [ -7.257499610800078, 38.961803098517251 ], [ -7.257579973391024, 38.961816938107425 ], [ -7.257681886694909, 38.961826458932073 ], [ -7.257755845379503, 38.961878142587999 ], [ -7.257890858298349, 38.961983403657356 ], [ -7.257969308129987, 38.962030921522079 ], [ -7.258028700848007, 38.962070636381348 ], [ -7.258102331415876, 38.962078971937729 ], [ -7.258120154215079, 38.962035744837415 ], [ -7.258151510603455, 38.96201913394237 ], [ -7.258182590046856, 38.962025038134115 ], [ -7.258215748714149, 38.962058975110963 ], [ -7.258260760854457, 38.962104174853458 ], [ -7.258308271245472, 38.962134523577625 ], [ -7.258367962145947, 38.962149919108434 ], [ -7.258471144389841, 38.962137545002349 ], [ -7.258623574302343, 38.962111722207958 ], [ -7.25889851023761, 38.962069669233315 ], [ -7.259121440516791, 38.962058184326438 ], [ -7.259291714062604, 38.962050179791689 ], [ -7.259382805303862, 38.962045187940603 ], [ -7.259387211311123, 38.962080797304658 ], [ -7.259412395999139, 38.962172592143752 ], [ -7.25941687163351, 38.96220253445194 ], [ -7.259404048651641, 38.962269815219805 ], [ -7.259386879148691, 38.962402969272318 ], [ -7.259351469881328, 38.962525144320203 ], [ -7.259297969602467, 38.962739840457935 ], [ -7.259265171366594, 38.962994402434731 ], [ -7.259184289142259, 38.963367735067024 ], [ -7.259148716394938, 38.963503145455874 ], [ -7.259142119812121, 38.963695028824198 ], [ -7.25916421616192, 38.963966547862263 ], [ -7.259140666432273, 38.964158304253509 ], [ -7.259104813938392, 38.964382729984749 ], [ -7.259087234619659, 38.964451867561806 ], [ -7.259045296099952, 38.964550817048533 ], [ -7.25892628017366, 38.964875550681256 ], [ -7.258776951980786, 38.965319857040946 ], [ -7.25883244179488, 38.965439959251995 ], [ -7.258943308612923, 38.966076153243201 ], [ -7.258939404354518, 38.966393806145319 ], [ -7.258949963839993, 38.966569271892176 ], [ -7.258936037758414, 38.967012598244366 ], [ -7.258843385066211, 38.967998040631223 ], [ -7.258842073253104, 38.968569731103912 ], [ -7.258868263151594, 38.968732866321439 ], [ -7.258967110817226, 38.969312713983861 ], [ -7.259036573484697, 38.969869176625011 ], [ -7.259013877029811, 38.969980694277211 ], [ -7.259031918826105, 38.970259793190806 ], [ -7.259037621847313, 38.97037774779551 ], [ -7.259061018081845, 38.970624999071241 ], [ -7.259071650870395, 38.970924488752225 ], [ -7.259059832317765, 38.971295061979973 ], [ -7.259049191736764, 38.971570070030708 ], [ -7.259038936257363, 38.971822658395965 ], [ -7.259005490688469, 38.972053004483676 ], [ -7.259012932232283, 38.972183668253265 ], [ -7.258980444230372, 38.972282687459149 ], [ -7.258986176409473, 38.972398834424943 ], [ -7.258981502588164, 38.972582195418269 ], [ -7.258969625218083, 38.972769282021417 ], [ -7.258953654237027, 38.97309289275789 ], [ -7.258936086050267, 38.973349206744061 ], [ -7.258925226177968, 38.973453884356047 ], [ -7.258913927843682, 38.973594316039424 ], [ -7.258914185947892, 38.973770233151676 ], [ -7.258908145906186, 38.973848914980181 ], [ -7.258869595433579, 38.974065710442908 ], [ -7.25884858618096, 38.974217148662611 ], [ -7.258859782018686, 38.974282720287498 ], [ -7.258864053217614, 38.974320221080838 ], [ -7.258899786996617, 38.974530092266392 ], [ -7.258926911018428, 38.974670635221472 ], [ -7.258921348090739, 38.97471932720493 ], [ -7.25893330449541, 38.975118088227561 ], [ -7.258910422249709, 38.975224563726208 ], [ -7.258897796341859, 38.975275004303668 ], [ -7.258857194243612, 38.975461875603848 ], [ -7.258791393257588, 38.97574584342378 ], [ -7.258756027556596, 38.975891592020808 ], [ -7.258717428720004, 38.976102799595694 ], [ -7.258702108297848, 38.976175734368766 ], [ -7.258604512456278, 38.976502519055494 ], [ -7.258519123334897, 38.976821916147976 ], [ -7.258464042557088, 38.977021922559686 ], [ -7.258404212672155, 38.977204869937758 ], [ -7.25821899488648, 38.978437136806164 ], [ -7.258127610811804, 38.978628383868212 ], [ -7.258023955949901, 38.978783137459601 ], [ -7.25782952617768, 38.979079505250745 ], [ -7.257605665261671, 38.979355796504422 ], [ -7.257460680813055, 38.979479596632444 ], [ -7.257311283784631, 38.979505809755281 ], [ -7.257044783482436, 38.979457480597787 ], [ -7.256886377225395, 38.979400527170327 ], [ -7.256646431918958, 38.979126683209678 ], [ -7.256032580543243, 38.978489854244629 ], [ -7.255721596808343, 38.978145777456817 ], [ -7.255566739911329, 38.977922481928978 ], [ -7.255306690435448, 38.977708648213074 ], [ -7.255079808247558, 38.977645428563662 ], [ -7.254828939042138, 38.977397488162062 ], [ -7.254601185090376, 38.977050617320572 ], [ -7.254251533784238, 38.976648149367513 ], [ -7.254187008921785, 38.976555394372696 ], [ -7.253893299940334, 38.976231946707358 ], [ -7.253510984545092, 38.975993265372253 ], [ -7.253445235181528, 38.975999604673895 ], [ -7.253283940319391, 38.975943710900793 ], [ -7.253166674397303, 38.975867644111986 ], [ -7.253071339612196, 38.975788325136918 ], [ -7.252914577394374, 38.975517088730776 ], [ -7.252863259331592, 38.975402575757336 ], [ -7.252861256355088, 38.975191064788561 ], [ -7.252839123920231, 38.97503929867959 ], [ -7.25282443448642, 38.974865073397389 ], [ -7.252827444373677, 38.974624572438778 ], [ -7.252833598835569, 38.974481088681863 ], [ -7.252826620383262, 38.974337505849689 ], [ -7.252837194746693, 38.974190637056239 ], [ -7.252818819131678, 38.973906855512226 ], [ -7.252770007660398, 38.973638735493793 ], [ -7.252760314256871, 38.973460943927144 ], [ -7.252759773600358, 38.973112889165961 ], [ -7.252758948890893, 38.972796536186422 ], [ -7.252762032814453, 38.972154595294327 ], [ -7.252736976893475, 38.97204397434119 ], [ -7.252698035467457, 38.971640213395709 ], [ -7.252607148885629, 38.971503894326652 ], [ -7.252535735972493, 38.971269431508475 ], [ -7.252487334210166, 38.970979066552381 ], [ -7.251882925292052, 38.971001842682284 ], [ -7.251047664008269, 38.970930601860587 ], [ -7.250925268225486, 38.970916007632773 ], [ -7.250675803750612, 38.97091070396398 ], [ -7.249175318775993, 38.970472173402158 ], [ -7.249212417886148, 38.970305001852353 ], [ -7.249337229494834, 38.969772833993161 ], [ -7.249522041193655, 38.968991650102865 ], [ -7.249622839165738, 38.968630170068316 ], [ -7.249721703558601, 38.968370020414973 ], [ -7.249774811740386, 38.968143880110219 ], [ -7.24982055844142, 38.967934621896966 ], [ -7.249790858276039, 38.967790763177987 ], [ -7.249770909462327, 38.96748143611979 ], [ -7.249726004903253, 38.967241492854946 ], [ -7.249631978897497, 38.966896425866857 ], [ -7.249513882924738, 38.966566130017242 ], [ -7.24942811081829, 38.966337047458431 ], [ -7.249346415657197, 38.966215396666712 ], [ -7.249253475934092, 38.965944718536555 ], [ -7.249182464820413, 38.965670788948991 ], [ -7.249137980228323, 38.965374831342388 ], [ -7.249103729347158, 38.965224955991502 ], [ -7.249083336361927, 38.965129322963932 ], [ -7.249063784336652, 38.964966406075909 ], [ -7.249003713539615, 38.964786251567652 ], [ -7.248904334796525, 38.964491672251128 ], [ -7.248862494121844, 38.964349128222523 ], [ -7.248809372212386, 38.964185781254521 ], [ -7.248760858422655, 38.964041294123994 ], [ -7.248699557341674, 38.963960391861399 ], [ -7.2485817171414, 38.96380601315186 ], [ -7.248442719644548, 38.963608413189398 ], [ -7.248320070811966, 38.963441027740444 ], [ -7.24812679088, 38.963183119904905 ], [ -7.247864663791287, 38.962866680677998 ], [ -7.247794394858996, 38.962737068056448 ], [ -7.247749876515273, 38.962661970083154 ], [ -7.247611294603873, 38.962439966216948 ], [ -7.247413916994012, 38.962122123854009 ], [ -7.24731751301217, 38.961969799025418 ], [ -7.247134241347255, 38.962067583085329 ], [ -7.246962933039335, 38.962167530341581 ], [ -7.246617769722871, 38.962359563642188 ], [ -7.246373970365339, 38.962499947435958 ], [ -7.246308695728234, 38.96254440016866 ], [ -7.246224120750646, 38.962609242575006 ], [ -7.24602332553174, 38.962761206509107 ], [ -7.245752684755193, 38.962944435782475 ], [ -7.245556937247687, 38.963079595804665 ], [ -7.245455408921694, 38.963153675686357 ], [ -7.245348732663865, 38.963252133165668 ], [ -7.245249362572848, 38.963337580635461 ], [ -7.245123373305977, 38.963448857377728 ], [ -7.244883608362103, 38.963587711292575 ], [ -7.244704320097183, 38.963810657797232 ], [ -7.244537132791685, 38.963949727500058 ], [ -7.244406011145127, 38.964083484216317 ], [ -7.244323374392748, 38.964178334310979 ], [ -7.2442366122321, 38.964215147717965 ], [ -7.244111156749232, 38.964283372078903 ], [ -7.243918154540233, 38.96438296937189 ], [ -7.243845744114505, 38.964425473835007 ], [ -7.243637670133062, 38.964511169709006 ], [ -7.243325198199843, 38.964662912685171 ], [ -7.243219235981946, 38.964712640819968 ], [ -7.243122970472344, 38.964743704345985 ], [ -7.243038514822194, 38.964789901423302 ], [ -7.242297860065924, 38.96518104003264 ], [ -7.242185855291971, 38.965225043616996 ], [ -7.242074669937132, 38.965295358173961 ], [ -7.241884314994143, 38.965403402466023 ], [ -7.241394768873131, 38.965634531655006 ], [ -7.24127009591724, 38.965677198107272 ], [ -7.241291602570552, 38.965859123619239 ], [ -7.241302377312357, 38.96604716251791 ], [ -7.241365976236215, 38.966211683667062 ], [ -7.241449874851646, 38.966502802806467 ], [ -7.24153025369785, 38.96672554821658 ], [ -7.241563771656419, 38.966845412261542 ], [ -7.24158836289757, 38.966978878891616 ], [ -7.241635347146846, 38.967219891357267 ], [ -7.241671447818067, 38.967396086834739 ], [ -7.241695901183164, 38.967544173469804 ], [ -7.241723598328623, 38.967636083027955 ], [ -7.241706073321541, 38.967690173844588 ], [ -7.241710289054025, 38.967740741229733 ], [ -7.241679477562541, 38.967907144146359 ], [ -7.241646570205028, 38.968037952031459 ], [ -7.241609769141532, 38.968296008942538 ], [ -7.241581327888377, 38.968466125729883 ], [ -7.241581201197254, 38.96866077476507 ], [ -7.241617671949988, 38.968831329803514 ], [ -7.241540561703983, 38.969046036030427 ], [ -7.241489756482366, 38.969257525716266 ], [ -7.241342866572799, 38.96945119467712 ], [ -7.241200694878354, 38.969617560632962 ], [ -7.241036423835784, 38.969800843926599 ], [ -7.240768246483564, 38.970048852614113 ], [ -7.240646868056538, 38.970177091104148 ], [ -7.240513606415812, 38.970295877903581 ], [ -7.240427619581454, 38.970463661661277 ], [ -7.24026603961379, 38.970733731604675 ], [ -7.240387711228083, 38.970968676365111 ], [ -7.240477594017995, 38.971061331209356 ], [ -7.240412042032471, 38.971135682630219 ], [ -7.24026539190858, 38.971240503149893 ], [ -7.240132184637702, 38.971389848965643 ], [ -7.239940317932609, 38.971671181184931 ], [ -7.239794586867557, 38.971827249465846 ], [ -7.239641933664206, 38.971955249229879 ], [ -7.239581394578457, 38.971997846348735 ], [ -7.239400948945874, 38.972098485977554 ], [ -7.239278211328704, 38.972111214874857 ], [ -7.239106204435039, 38.972212419502362 ], [ -7.238938575705816, 38.972313656520541 ], [ -7.238560994978522, 38.972748188801148 ], [ -7.237647986653309, 38.973287967656134 ], [ -7.237096328030947, 38.973639141647197 ], [ -7.236705560822667, 38.973912899547422 ], [ -7.236483159886927, 38.97405333015832 ], [ -7.236349727413346, 38.974185167211211 ], [ -7.236063387298623, 38.974463735556 ], [ -7.235959548305191, 38.97452653061476 ], [ -7.235916158737503, 38.974544936336507 ], [ -7.235669986976842, 38.974638979226143 ], [ -7.235018843476803, 38.974820607952935 ], [ -7.234840514186709, 38.974897788421984 ], [ -7.23414064717217, 38.975098806923143 ], [ -7.233596023357081, 38.975333640694728 ], [ -7.233439564351268, 38.975386659985261 ], [ -7.233217888027445, 38.975478629226622 ], [ -7.232822781939384, 38.975642140236893 ], [ -7.232574103624798, 38.975729196166434 ], [ -7.232336457541533, 38.975826466622543 ], [ -7.231449739916751, 38.976185427617345 ], [ -7.231219174825495, 38.976241592277262 ], [ -7.230827832447649, 38.976375261921248 ], [ -7.230000201329696, 38.976389363241516 ], [ -7.228822273006889, 38.976407580359528 ], [ -7.227863673579193, 38.976440187063318 ], [ -7.227499306169437, 38.976444839644408 ], [ -7.227197362264889, 38.976449979337993 ], [ -7.22692872118215, 38.97645906727481 ], [ -7.226744172583116, 38.976461420717243 ], [ -7.225993369680291, 38.976460805427777 ], [ -7.225793971483212, 38.976734724061323 ], [ -7.225626122996852, 38.976929962652029 ], [ -7.225482678712106, 38.977093504992972 ], [ -7.225419275691883, 38.97711184569134 ], [ -7.22544334895422, 38.977283756476602 ], [ -7.225438953734747, 38.977370865822294 ], [ -7.225457769198782, 38.977440213577758 ], [ -7.225426910908562, 38.977542495661105 ], [ -7.225362576220143, 38.977680134961858 ], [ -7.225206452213206, 38.97783553004799 ], [ -7.225152643168581, 38.977935069024582 ], [ -7.225085700492276, 38.978034506672415 ], [ -7.225099951562461, 38.978166661015933 ], [ -7.225144434813785, 38.978253031944561 ], [ -7.225209992895508, 38.978369644837841 ], [ -7.225277889238434, 38.97849366477606 ], [ -7.22532172623936, 38.978579707235212 ], [ -7.225300979809166, 38.978661563150482 ], [ -7.225267164032823, 38.978738191183389 ], [ -7.225190992972062, 38.978788859575587 ], [ -7.225167224198081, 38.978850187167204 ], [ -7.225186139101192, 38.978911846881687 ], [ -7.225231254693807, 38.978978837548027 ], [ -7.22528654731181, 38.979020276401762 ], [ -7.225335110695049, 38.979074477914409 ], [ -7.225334079623774, 38.979164079667264 ], [ -7.225349040107496, 38.979269377172969 ], [ -7.225411402253169, 38.979382146776501 ], [ -7.225427949926014, 38.979518605610266 ], [ -7.22553336491769, 38.97969306584163 ], [ -7.225547454407346, 38.979916152715127 ], [ -7.225598661183209, 38.980036263966163 ], [ -7.225618273408969, 38.980118022155494 ], [ -7.22562647738734, 38.980135741649455 ], [ -7.2256462420269, 38.980268755750394 ], [ -7.225690277307329, 38.980381421392401 ], [ -7.225731877595524, 38.980502865749585 ], [ -7.225812492250683, 38.980590065924822 ], [ -7.22580901879149, 38.980663108116524 ], [ -7.225909689882513, 38.98075029933733 ], [ -7.226014454988402, 38.980906102136089 ], [ -7.226071057987761, 38.980983284627598 ], [ -7.226162340573631, 38.981080332563259 ], [ -7.226213364278472, 38.981199198164056 ], [ -7.226218157531862, 38.981285816829427 ], [ -7.226329277491364, 38.981404590077027 ], [ -7.226440825777362, 38.981499039873697 ], [ -7.22655755916769, 38.981557954555988 ], [ -7.226727350496894, 38.981579388349907 ], [ -7.226795878153387, 38.981613240451082 ], [ -7.226805172702863, 38.98165688393361 ], [ -7.226769209565237, 38.981684981957748 ], [ -7.226735032703715, 38.981731466532061 ], [ -7.226708033785855, 38.981785572290498 ], [ -7.226731354761767, 38.981835366094465 ], [ -7.22677619079743, 38.981888966962224 ], [ -7.226875347068003, 38.981940955809371 ], [ -7.226978380051643, 38.981948668375622 ], [ -7.227041468275186, 38.981925274787812 ], [ -7.227117184134744, 38.981910485037822 ], [ -7.227176025547271, 38.98193144577332 ], [ -7.227204989005164, 38.981977805479183 ], [ -7.227207390124517, 38.982047026372172 ], [ -7.227178081062433, 38.982139159460779 ], [ -7.22717408078766, 38.982234079612958 ], [ -7.227171144236029, 38.982303760781249 ], [ -7.227184193672924, 38.982362494895206 ], [ -7.22718757128038, 38.982439852672634 ], [ -7.227144897278269, 38.982488753867116 ], [ -7.227087204888943, 38.982527277038116 ], [ -7.227020988968882, 38.982539235603781 ], [ -7.226935188418047, 38.982534451944318 ], [ -7.226866496434277, 38.9825134145809 ], [ -7.226771176454707, 38.982520363050661 ], [ -7.226711911007727, 38.982532717715571 ], [ -7.226673649298816, 38.98260120478087 ], [ -7.226694154363726, 38.982685496313685 ], [ -7.226738880640989, 38.982743942395047 ], [ -7.226717020266157, 38.982766202263647 ], [ -7.22661263427393, 38.98287951328691 ], [ -7.2265291447175, 38.983028571766354 ], [ -7.226487321812237, 38.983148665020842 ], [ -7.226416765995995, 38.983273705315106 ], [ -7.226382950278662, 38.983350333608584 ], [ -7.22635248291582, 38.983421861720586 ], [ -7.226315117859922, 38.983504762282827 ], [ -7.226314186987506, 38.983577908886176 ], [ -7.226313401196664, 38.98363959271979 ], [ -7.226358430423679, 38.983682906824427 ], [ -7.226413002728031, 38.983720712195385 ], [ -7.22645078848239, 38.983762167568131 ], [ -7.226495142205681, 38.98382280417546 ], [ -7.226500892266915, 38.983886923988649 ], [ -7.226496367016698, 38.983984284652877 ], [ -7.226488557538596, 38.98408161889575 ], [ -7.226490304196556, 38.984202095697313 ], [ -7.226479440430043, 38.984281464987056 ], [ -7.22644529621521, 38.984383720783235 ], [ -7.226401459670739, 38.984445996951528 ], [ -7.226378613343169, 38.984554177403695 ], [ -7.226360260410853, 38.984681222127193 ], [ -7.226337019346617, 38.984811828269407 ], [ -7.226304359683533, 38.984929395754833 ], [ -7.226253862449757, 38.984974294095224 ], [ -7.226188027474031, 38.984986598321136 ], [ -7.2261088603574, 38.985014175642334 ], [ -7.2259832985795, 38.98507471290759 ], [ -7.225935391229267, 38.985137757110856 ], [ -7.225872166485285, 38.985217613663075 ], [ -7.22579178738472, 38.985321658037336 ], [ -7.225693697339178, 38.985380025211242 ], [ -7.225630752375883, 38.985423106930142 ], [ -7.225561239915428, 38.985466137531745 ], [ -7.22553994354919, 38.985540298475414 ], [ -7.225416755832227, 38.985615903378147 ], [ -7.225293657910855, 38.985693493207698 ], [ -7.225156314906933, 38.985801308537702 ], [ -7.225017386820323, 38.985879681043365 ], [ -7.224845457338809, 38.985970612415223 ], [ -7.22465379339796, 38.986063952524567 ], [ -7.224488430505489, 38.986154933589859 ], [ -7.224319620162843, 38.986258703487074 ], [ -7.224170118526089, 38.986393379782548 ], [ -7.223947358498198, 38.986606938732571 ], [ -7.223805569424967, 38.986651968610246 ], [ -7.22362128973313, 38.986681288551857 ], [ -7.223502846907706, 38.986698306455892 ], [ -7.223376012113161, 38.986710470402983 ], [ -7.223285018079525, 38.986742898709053 ], [ -7.223189518607309, 38.98680351151031 ], [ -7.22303091658752, 38.986879165546895 ], [ -7.222936903645234, 38.986907123913205 ], [ -7.222821293788996, 38.986958555785208 ], [ -7.222616980764733, 38.987024159614549 ], [ -7.222539826047383, 38.987064726444721 ], [ -7.22245760972515, 38.987131371059903 ], [ -7.22236348141673, 38.987190443681193 ], [ -7.222245562575995, 38.987241861457179 ], [ -7.222134949891213, 38.987272794478891 ], [ -7.222000559467797, 38.987303542623621 ], [ -7.221894717252422, 38.987340100940756 ], [ -7.221769455788576, 38.987406408887466 ], [ -7.221632189925622, 38.987463257790139 ], [ -7.221531123787407, 38.987505525127673 ], [ -7.221399795812519, 38.987566139355536 ], [ -7.221281154893377, 38.987598531102861 ], [ -7.221198798417149, 38.987618392206969 ], [ -7.221116606342224, 38.987625438622032 ], [ -7.221027584662715, 38.987652936335763 ], [ -7.220807819493848, 38.987703449267521 ], [ -7.220569842282472, 38.987783831539765 ], [ -7.220358040384353, 38.987866309673755 ], [ -7.219926931464433, 38.988066692104908 ], [ -7.219773001872878, 38.988127187940385 ], [ -7.219640103048111, 38.988221450813469 ], [ -7.219555762561622, 38.988263846468818 ], [ -7.219478665376332, 38.988291168833605 ], [ -7.219340305931338, 38.988362509475962 ], [ -7.219198346893185, 38.988420347394303 ], [ -7.219079438726568, 38.988473239533413 ], [ -7.219026436894022, 38.988508706704373 ], [ -7.218855187016235, 38.988545810885839 ], [ -7.218563865646195, 38.988514302860416 ], [ -7.218518625482079, 38.988668761540147 ], [ -7.218473094188581, 38.98866458903661 ], [ -7.218312671377255, 38.988704076913621 ], [ -7.218158622445791, 38.988733198246187 ], [ -7.218036503984714, 38.988734134839568 ], [ -7.217948133177653, 38.988722183220005 ], [ -7.217854815651504, 38.988717758152539 ], [ -7.217556705012784, 38.988806939363492 ], [ -7.217366740922564, 38.988868957045561 ], [ -7.217160101328727, 38.988934623067394 ], [ -7.217006052153486, 38.988995114286404 ], [ -7.216888270570791, 38.989035353843121 ], [ -7.216741565390025, 38.989080953488241 ], [ -7.216621480749146, 38.989111721286292 ], [ -7.216532391400396, 38.989146513815001 ], [ -7.216459259818889, 38.989195963488918 ], [ -7.21633109242013, 38.989202645312346 ], [ -7.216208465727364, 38.989196303318209 ], [ -7.216076522619434, 38.989215804426607 ], [ -7.216011836479272, 38.989256523445675 ], [ -7.215842931953635, 38.989322334194696 ], [ -7.215698380783088, 38.989397851738083 ], [ -7.215570568733687, 38.989464134712676 ], [ -7.215432863437091, 38.989545384102726 ], [ -7.215234979594841, 38.989650246948464 ], [ -7.214992876551233, 38.989832880163114 ], [ -7.214901565754689, 38.989905654899559 ], [ -7.214764821785883, 38.989930788771403 ], [ -7.214601378252538, 38.98997625395684 ], [ -7.214471562306509, 38.990018198720577 ], [ -7.214344153385725, 38.990062053873267 ], [ -7.21427633311235, 38.990121331560402 ], [ -7.214213456483037, 38.990163801369768 ], [ -7.214141117429536, 38.990206292996611 ], [ -7.214065467462748, 38.99022812676499 ], [ -7.213833617202917, 38.990387082754097 ], [ -7.213707930387404, 38.990475813643172 ], [ -7.213634699224697, 38.990587381119028 ], [ -7.213533213755377, 38.990661341940054 ], [ -7.21336322442149, 38.990846912635583 ], [ -7.213192998631524, 38.991051214153174 ], [ -7.213153084322857, 38.991174211517077 ], [ -7.213045277312081, 38.991371525101584 ], [ -7.212920839066282, 38.991587610594458 ], [ -7.212842439438256, 38.991767339024484 ], [ -7.212728742749098, 38.991678713435135 ], [ -7.212575465253765, 38.991628458255136 ], [ -7.212453462698104, 38.991665940614183 ], [ -7.212297154739761, 38.991725752874778 ], [ -7.212117823416102, 38.991892598799062 ], [ -7.211887826443309, 38.992094450266436 ], [ -7.211718269668499, 38.992246418451295 ], [ -7.211536410137946, 38.992430000177912 ], [ -7.211344640138272, 38.992630343771928 ], [ -7.211167341051015, 38.992827112809962 ], [ -7.211108292974867, 38.992948156719386 ], [ -7.210944071521911, 38.993240232802883 ], [ -7.210738974366274, 38.993550816608014 ], [ -7.210531462620545, 38.993851918539626 ], [ -7.210453536582659, 38.993959756415727 ], [ -7.210456861140345, 38.994077507339043 ], [ -7.210470470957447, 38.99431883714086 ], [ -7.210560693820149, 38.99456248238149 ], [ -7.210526842054886, 38.994769744248501 ], [ -7.210492381552316, 38.994836757881849 ], [ -7.210323003552853, 38.994973686396136 ], [ -7.210124646056208, 38.995138491551643 ], [ -7.210008262386252, 38.995247911927116 ], [ -7.209894294594686, 38.995366544368359 ], [ -7.209869702458032, 38.995420574099811 ], [ -7.20985932474415, 38.995482189843479 ], [ -7.209892184478516, 38.995529198863508 ], [ -7.209946685463299, 38.99557259415684 ], [ -7.210015413492943, 38.995631055362693 ], [ -7.210062421097208, 38.995691238066328 ], [ -7.210116744542925, 38.995747783745543 ], [ -7.210166336029254, 38.995804200990371 ], [ -7.210222965190241, 38.995870131772534 ], [ -7.210293686193459, 38.99595292976467 ], [ -7.210335676657252, 38.996035500479678 ], [ -7.210318165586631, 38.996095173666134 ], [ -7.210281443896507, 38.996158383476434 ], [ -7.210244687291013, 38.996216011943218 ], [ -7.210248414103209, 38.996302060465531 ], [ -7.21027408099124, 38.996352707360003 ], [ -7.210301874613533, 38.996425799775984 ], [ -7.210300928222527, 38.996498749537267 ], [ -7.210278423238084, 38.996569552527696 ], [ -7.210231784565012, 38.99665889753598 ], [ -7.210209669026058, 38.996700067075686 ], [ -7.210194338124349, 38.996778490404026 ], [ -7.210178576989214, 38.99688123240869 ], [ -7.210143748379239, 38.99698562507109 ], [ -7.210111154366706, 38.997095617354027 ], [ -7.210074067957029, 38.997186932138625 ], [ -7.210042007979892, 38.997265223985707 ], [ -7.210002473054882, 38.997358319072532 ], [ -7.209946231411686, 38.997449482249706 ], [ -7.209887662964769, 38.997533150751664 ], [ -7.209829456111265, 38.997588807826034 ], [ -7.209775998519723, 38.997651885913079 ], [ -7.209730432676562, 38.997769064288995 ], [ -7.209649568292057, 38.997925623318409 ], [ -7.209407430102317, 38.99799846250675 ], [ -7.209305930648918, 38.99807242478898 ], [ -7.209209449698322, 38.998133360430032 ], [ -7.209139525177013, 38.998166495659255 ], [ -7.209038533712723, 38.998201187186872 ], [ -7.208940138189733, 38.998222837401123 ], [ -7.208890805674335, 38.998332702121722 ], [ -7.20884157488543, 38.998435179666146 ], [ -7.20878265348458, 38.998554238897832 ], [ -7.208703905496393, 38.998716293273304 ], [ -7.208602856706375, 38.998941581026195 ], [ -7.208524182914998, 38.999097957521577 ], [ -7.208438099469447, 38.999273015350319 ], [ -7.208366932282955, 38.999410984933178 ], [ -7.208357725439012, 38.999568545125456 ], [ -7.208365711529142, 38.999682643458897 ], [ -7.208386684767023, 38.999729558656711 ], [ -7.20841704931431, 38.999791498043948 ], [ -7.208507251065619, 38.999850129405488 ], [ -7.208584084463267, 38.999898115978283 ], [ -7.208757400451976, 39.000009827640483 ], [ -7.208966496402738, 39.000131102905819 ], [ -7.209041749282704, 39.00023825236925 ], [ -7.209116694077393, 39.000369636739805 ], [ -7.209212987345362, 39.00051064620348 ], [ -7.209188611460981, 39.000725370443718 ], [ -7.209175292341072, 39.000835515927044 ], [ -7.209143396613197, 39.001078287609452 ], [ -7.209124766743559, 39.001223880587744 ], [ -7.209101360385002, 39.00136385287761 ], [ -7.209087729893624, 39.001489039304595 ], [ -7.20908872734582, 39.001590020424032 ], [ -7.209092122362623, 39.001702188935042 ], [ -7.209075368940587, 39.001872117911333 ], [ -7.209034749922242, 39.002096778397288 ], [ -7.208961197836727, 39.002183321759404 ], [ -7.208912012392484, 39.002282108341248 ], [ -7.208917422991545, 39.002362403548702 ], [ -7.208796738561891, 39.002549402500804 ], [ -7.208709425453566, 39.002583336440658 ], [ -7.208588050796318, 39.002711365688477 ], [ -7.208490816638367, 39.002820846025294 ], [ -7.208393593364246, 39.002937890863862 ], [ -7.208271179541919, 39.003146258443564 ], [ -7.208190044635371, 39.00330441747154 ], [ -7.208114241803066, 39.003425416835732 ], [ -7.207949058754116, 39.003611016263584 ], [ -7.207822472672985, 39.003767013974759 ], [ -7.207722700885631, 39.003893320241019 ], [ -7.207610590653446, 39.004045737657719 ], [ -7.207544974655553, 39.004119982949632 ], [ -7.207416034335226, 39.004270378673212 ], [ -7.207288182211589, 39.004346017941863 ], [ -7.207111985934113, 39.004454871322025 ], [ -7.206986168183749, 39.004551067101445 ], [ -7.206898871549048, 39.004632701700444 ], [ -7.206839679445863, 39.004772389316656 ], [ -7.20679230693021, 39.004908477674441 ], [ -7.206742765726129, 39.005042655412502 ], [ -7.206696016999346, 39.005139654337 ], [ -7.206444466105896, 39.005148919477058 ], [ -7.2062740911896, 39.005173691384037 ], [ -7.206169981334186, 39.005260777395371 ], [ -7.206056116512602, 39.005370128889545 ], [ -7.205915375411252, 39.005512950200135 ], [ -7.205893134648866, 39.005563212711969 ], [ -7.205868116075128, 39.005648948079944 ], [ -7.205886238106058, 39.00572016215925 ], [ -7.205904258089412, 39.005808126664121 ], [ -7.20593578784569, 39.005966185876474 ], [ -7.205971363594371, 39.006177696182817 ], [ -7.20583309305111, 39.006316752052101 ], [ -7.205738401737896, 39.006407606488402 ], [ -7.205680551183514, 39.006435163516137 ], [ -7.205574764116889, 39.006473593360731 ], [ -7.205478366050436, 39.0065176860154 ], [ -7.205405736822973, 39.00658070409424 ], [ -7.20534752009966, 39.006636358723178 ], [ -7.205182661234079, 39.006795834016287 ], [ -7.205175514810531, 39.006980786593289 ], [ -7.205090540614767, 39.007069830707202 ], [ -7.204973910459571, 39.0071959959011 ], [ -7.204891215104095, 39.007296312857257 ], [ -7.204786662405102, 39.007416905535621 ], [ -7.204708963192648, 39.00749672593075 ], [ -7.204620473836769, 39.007492237636839 ], [ -7.204512916472439, 39.007480214057338 ], [ -7.20439367308802, 39.007443686142878 ], [ -7.204324885463043, 39.007398282101299 ], [ -7.20428004256553, 39.007340007801119 ], [ -7.204216452089616, 39.007259155552724 ], [ -7.204104969398895, 39.007185220669328 ], [ -7.203985871646644, 39.007137615183389 ], [ -7.203885579186, 39.007108712098535 ], [ -7.203761314992358, 39.007094667683958 ], [ -7.203646148853979, 39.007108699918959 ], [ -7.203535800302313, 39.00712466920703 ], [ -7.203437250607909, 39.007148114957559 ], [ -7.203333916194651, 39.007175393910927 ], [ -7.203254418777285, 39.007215838963759 ], [ -7.203182375392714, 39.007233999394529 ], [ -7.203076689747065, 39.007255587358578 ], [ -7.20292758694722, 39.007304838748581 ], [ -7.202813958441508, 39.007386173788412 ], [ -7.202644559903237, 39.00753056402818 ], [ -7.202525743573844, 39.007638071905795 ], [ -7.202371727456601, 39.007700436122491 ], [ -7.20224159111214, 39.007755425289446 ], [ -7.202016609303712, 39.007938646429913 ], [ -7.201774478493979, 39.008144250747442 ], [ -7.201520126942797, 39.008366507288407 ], [ -7.20147056218369, 39.008483751991861 ], [ -7.201405672364204, 39.008686982271719 ], [ -7.201350880995419, 39.00885110968693 ], [ -7.201291677578097, 39.00902556584581 ], [ -7.201244839544004, 39.009128595881336 ], [ -7.201148173605722, 39.009378322823963 ], [ -7.201033905556336, 39.009693211519867 ], [ -7.200897339780512, 39.01006224155357 ], [ -7.200845192580842, 39.010209548515952 ], [ -7.200733377223433, 39.010513287180196 ], [ -7.200601523874472, 39.010901088235379 ], [ -7.200544550633627, 39.011046373011752 ], [ -7.200452313410921, 39.011318563316301 ], [ -7.200375071183457, 39.011547818552913 ], [ -7.200335374347517, 39.011652169014738 ], [ -7.200254919453177, 39.011756280013884 ], [ -7.200177045730514, 39.01184906667136 ], [ -7.199989047793474, 39.011948537840659 ], [ -7.199752525945117, 39.01207752982495 ], [ -7.199494175211658, 39.012241742429744 ], [ -7.198936084512804, 39.012618655910828 ], [ -7.198858348136315, 39.012700273485656 ], [ -7.198663734682306, 39.012934175706135 ], [ -7.198564707158078, 39.01299318939575 ], [ -7.198219185675206, 39.013218494772396 ], [ -7.197786958693523, 39.01348787112321 ], [ -7.197424734630624, 39.013718627526039 ], [ -7.197157086244049, 39.013860330760252 ], [ -7.197050846366091, 39.013923070220144 ], [ -7.196895940810683, 39.014043253342635 ], [ -7.196656616816105, 39.014217068298336 ], [ -7.196451045383659, 39.014370531148785 ], [ -7.19597936265941, 39.01472380198868 ], [ -7.195850686634426, 39.014859143210472 ], [ -7.195600397796682, 39.015137541035003 ], [ -7.195164834838665, 39.015474255696049 ], [ -7.194637590892544, 39.015871842283666 ], [ -7.194442229785321, 39.015976832465959 ], [ -7.194147883676526, 39.016137052996825 ], [ -7.193794883019828, 39.016384623355101 ], [ -7.19354532222026, 39.016606900542541 ], [ -7.193225271512096, 39.016903375778121 ], [ -7.193043604734104, 39.017055218191501 ], [ -7.192866687050464, 39.017214578398267 ], [ -7.1926753571464, 39.017381207365574 ], [ -7.192510404444721, 39.017534990571072 ], [ -7.192314243104025, 39.017699867651956 ], [ -7.192070052354256, 39.017873548167465 ], [ -7.191876760141305, 39.018004760603624 ], [ -7.191671093394724, 39.018163796000479 ], [ -7.191310837267959, 39.018416972123369 ], [ -7.191230808247888, 39.018487397599849 ], [ -7.191090338484319, 39.018605880694317 ], [ -7.190857873839104, 39.01880028041608 ], [ -7.190615723800002, 39.019001984829693 ], [ -7.19031528205882, 39.019263119973445 ], [ -7.190065657749833, 39.019479807077651 ], [ -7.189830731088938, 39.0196853540536 ], [ -7.189681734021468, 39.019810522051216 ], [ -7.18949230121636, 39.020007067592999 ], [ -7.189253959366655, 39.02027806821782 ], [ -7.188913731318785, 39.020656600772099 ], [ -7.188509496052443, 39.02115054905363 ], [ -7.188267705522659, 39.02147169031862 ], [ -7.188236934699212, 39.02144153449462 ], [ -7.188216748617225, 39.021344183159322 ], [ -7.188177708009, 39.021214879138057 ], [ -7.188115233419605, 39.021049900358143 ], [ -7.188085374450067, 39.020950664635869 ], [ -7.188039238750229, 39.020825088017006 ], [ -7.187943488602667, 39.020644796173265 ], [ -7.187956497166633, 39.020560860136911 ], [ -7.187990789795312, 39.020335143416276 ], [ -7.188017251639162, 39.02014286829754 ], [ -7.188061260651521, 39.019898313683157 ], [ -7.18808528023518, 39.019715387411857 ], [ -7.188104842909506, 39.019511973572442 ], [ -7.1881289779392, 39.019312115079302 ], [ -7.188133656821833, 39.019142092923964 ], [ -7.187812862664472, 39.019135804284694 ], [ -7.187566237833122, 39.019126334656058 ], [ -7.187391467464745, 39.019123027200472 ], [ -7.1872046887363, 39.01911971308423 ], [ -7.186953445926953, 39.019110204713343 ], [ -7.186759530899477, 39.019104940433337 ], [ -7.186570355331884, 39.01909962331338 ], [ -7.186424357045404, 39.019094659907672 ], [ -7.186192355415455, 39.019079718719546 ], [ -7.1859767063836, 39.019085445064519 ], [ -7.18581847168103, 39.019097223705138 ], [ -7.185674657467392, 39.019101735836493 ], [ -7.18545447204401, 39.019092471078089 ], [ -7.185232077362769, 39.019075717160945 ], [ -7.185033468536915, 39.019059153440644 ], [ -7.184959340382477, 39.019041705177592 ], [ -7.184854418732024, 39.019012842697528 ], [ -7.18474697399792, 39.018991344830894 ], [ -7.184601364699065, 39.018949086899909 ], [ -7.184558569264595, 39.018928202793909 ], [ -7.184573649636879, 39.018879683309962 ], [ -7.184615754661589, 39.018779142973337 ], [ -7.184686760472587, 39.018658210505322 ], [ -7.184799655484085, 39.018461051478162 ], [ -7.184893241352828, 39.01827490913734 ], [ -7.184952405112715, 39.018150186270518 ], [ -7.185020991062235, 39.018029228507572 ], [ -7.185070118611232, 39.017938111927855 ], [ -7.185092607642928, 39.01787100982412 ], [ -7.185110570121911, 39.017779548967475 ], [ -7.185139032816819, 39.017619087067672 ], [ -7.185159845308354, 39.017495853901828 ], [ -7.185178422454098, 39.017357740243575 ], [ -7.185196708221576, 39.017241875358067 ], [ -7.18521223746196, 39.017159763369371 ], [ -7.185239827814862, 39.017064685851828 ], [ -7.185283991981338, 39.016982810127423 ], [ -7.185359519274657, 39.016885958474369 ], [ -7.185427944483002, 39.016785631639237 ], [ -7.185503671889547, 39.016674102942986 ], [ -7.185589130440961, 39.016551394802107 ], [ -7.185659882316864, 39.016449193351143 ], [ -7.185718449399015, 39.016369050369683 ], [ -7.185781723194498, 39.016291109174347 ], [ -7.185840410201351, 39.016201871359684 ], [ -7.18590143243226, 39.016110760005986 ], [ -7.18595524253906, 39.016032650891162 ], [ -7.186001626758164, 39.015965742597835 ], [ -7.186016712615189, 39.015907946147578 ], [ -7.186048973666148, 39.015825968065236 ], [ -7.186069067875258, 39.015747677036885 ], [ -7.186056144851694, 39.015642996291994 ], [ -7.186045524802259, 39.015547613737176 ], [ -7.186022992264911, 39.015444565487485 ], [ -7.185995763376964, 39.015330401714486 ], [ -7.185954345297426, 39.015206663981076 ], [ -7.185866713467106, 39.014955547435044 ], [ -7.185869962416141, 39.014884503967323 ], [ -7.185878111376107, 39.014819176795591 ], [ -7.185897737560976, 39.014602526316281 ], [ -7.185922709878836, 39.014348447248985 ], [ -7.185926727536099, 39.014228862439865 ], [ -7.185911008182932, 39.014152077610461 ], [ -7.185873850609512, 39.014064045814905 ], [ -7.185853229837237, 39.013991007017026 ], [ -7.185844670440701, 39.013914285720752 ], [ -7.185831575004759, 39.013822573382051 ], [ -7.185786053330948, 39.01364277665747 ], [ -7.185668870590669, 39.013269910911077 ], [ -7.185606558710607, 39.013093759073897 ], [ -7.185593540562285, 39.012996374418414 ], [ -7.185590398902361, 39.012876727842119 ], [ -7.185582137971259, 39.012777670401825 ], [ -7.185558925023195, 39.012717672223012 ], [ -7.185519279733457, 39.012642590854995 ], [ -7.185475288314897, 39.012530086842595 ], [ -7.185429201856514, 39.012393250114087 ], [ -7.185369875957996, 39.012261893142046 ], [ -7.185337144321079, 39.012205511548409 ], [ -7.185228259214695, 39.012111220241216 ], [ -7.185095974626199, 39.01197927208306 ], [ -7.185020663467283, 39.011877778113821 ], [ -7.184922057433688, 39.01173123302317 ], [ -7.184804288536075, 39.011584447402583 ], [ -7.184690804432211, 39.011471385357815 ], [ -7.184481667276589, 39.011353850542179 ], [ -7.184348638079027, 39.01127801115166 ], [ -7.184129822919129, 39.011167872299531 ], [ -7.184059215516671, 39.01107758614058 ], [ -7.183979180723028, 39.010975962089695 ], [ -7.183890708597246, 39.010788251533363 ], [ -7.183805871811636, 39.01068289432181 ], [ -7.183674189923167, 39.010506176882899 ], [ -7.183532712926026, 39.010336860271863 ], [ -7.183390800519398, 39.010200235283094 ], [ -7.183017595355754, 39.009815914382322 ], [ -7.182729831494715, 39.009492101633228 ], [ -7.182172913594608, 39.008878123596595 ], [ -7.181998381462757, 39.008686106133403 ], [ -7.181781179076054, 39.008456270236543 ], [ -7.181606632635192, 39.008256773156106 ], [ -7.18145978159319, 39.008135961388767 ], [ -7.181341324397164, 39.008041588352754 ], [ -7.181192245409659, 39.008001012910029 ], [ -7.181032206439622, 39.007977280991376 ], [ -7.18089555094796, 39.007983641848398 ], [ -7.180753919600146, 39.008016175489807 ], [ -7.180655174970924, 39.008062119955888 ], [ -7.180450138644443, 39.008174393079521 ], [ -7.180300611790606, 39.008253520428369 ], [ -7.180134394828707, 39.008328817277594 ], [ -7.180028465797895, 39.008376594989244 ], [ -7.179946219632044, 39.008431950437803 ], [ -7.179807543588148, 39.008597184511572 ], [ -7.179654218152565, 39.008779055293736 ], [ -7.179568652866203, 39.008909238177765 ], [ -7.17918107470557, 39.009246195467334 ], [ -7.178975343335949, 39.00941844645417 ], [ -7.178786586235556, 39.009564537703142 ], [ -7.178602297929347, 39.009738679352559 ], [ -7.178231573973921, 39.010066493604171 ], [ -7.178004792711408, 39.010361797280773 ], [ -7.177851618171188, 39.010539971972761 ], [ -7.177407361806528, 39.010814852461394 ], [ -7.17731308856195, 39.010879565324139 ], [ -7.177431871071882, 39.010949713166113 ], [ -7.177664764065733, 39.011076821114273 ], [ -7.177890599912518, 39.011196572958092 ], [ -7.178085606175139, 39.011299048756399 ], [ -7.178268560816607, 39.011405302402594 ], [ -7.178355824906792, 39.011501315692229 ], [ -7.178417014747585, 39.011578468262854 ], [ -7.178497099981204, 39.011676310661208 ], [ -7.178574694050451, 39.011787198859047 ], [ -7.178718292830308, 39.0119696914741 ], [ -7.178734356317547, 39.01202026113188 ], [ -7.178738003793251, 39.012110004490012 ], [ -7.178753615666239, 39.012194263797639 ], [ -7.178771603443137, 39.012282231098531 ], [ -7.178808782328861, 39.012359192430957 ], [ -7.178848228609635, 39.012456702127018 ], [ -7.17888320739437, 39.012526166533711 ], [ -7.178911300211626, 39.012574946595436 ], [ -7.178981977570375, 39.01265955989053 ], [ -7.179043424173718, 39.012718070561625 ], [ -7.179073993414304, 39.012763176873023 ], [ -7.179108916024951, 39.012836333813688 ], [ -7.179146036766614, 39.012926349986827 ], [ -7.179201838643253, 39.013044534843239 ], [ -7.179272130055556, 39.013166617681769 ], [ -7.179372308035654, 39.013367488163382 ], [ -7.179430395318062, 39.01350442622649 ], [ -7.179409985048182, 39.013588390935844 ], [ -7.179372826075498, 39.013681585575938 ], [ -7.179321282644326, 39.013780246323357 ], [ -7.179281824987191, 39.013863965193941 ], [ -7.179269787870022, 39.014047073290008 ], [ -7.179246874449333, 39.014145880718679 ], [ -7.179202304554906, 39.014257660155451 ], [ -7.179172529976578, 39.01433415940943 ], [ -7.179130616259714, 39.014429117470044 ], [ -7.179090636104724, 39.014552191925276 ], [ -7.179060611976964, 39.014647243588399 ], [ -7.179006460544297, 39.014758947277649 ], [ -7.178967032002943, 39.014840859364199 ], [ -7.178925270146465, 39.014924560148927 ], [ -7.17890998593677, 39.014988026047156 ], [ -7.178887356881625, 39.015073774884677 ], [ -7.178876756154977, 39.015141154099851 ], [ -7.178858712539213, 39.015238195268537 ], [ -7.178857333638286, 39.015340958285883 ], [ -7.178860453522167, 39.015469972533026 ], [ -7.178832447670826, 39.015594947220087 ], [ -7.178815207956986, 39.015804135202586 ], [ -7.178798884993447, 39.015953617481074 ], [ -7.178784673471356, 39.016117979345182 ], [ -7.178768226903545, 39.016276645512242 ], [ -7.178739797727338, 39.016433502220856 ], [ -7.178482221542447, 39.016698646098789 ], [ -7.178285487343605, 39.016904481452627 ], [ -7.178105687617809, 39.017095500911857 ], [ -7.177972318652033, 39.017225200042475 ], [ -7.177925324888494, 39.017336959070015 ], [ -7.177865696327738, 39.01749536154361 ], [ -7.177815899657486, 39.017635111677997 ], [ -7.177711026646485, 39.017783778472477 ], [ -7.177576837033193, 39.017965802860786 ], [ -7.177423417933358, 39.018160815936312 ], [ -7.177294590907252, 39.018296135190958 ], [ -7.176909735625729, 39.018425759197264 ], [ -7.176719269573343, 39.018525083126974 ], [ -7.17655994449968, 39.018609797995282 ], [ -7.176483509957627, 39.018592239870799 ], [ -7.17628279734747, 39.018560688020891 ], [ -7.175805054118849, 39.018470847072408 ], [ -7.175593030044206, 39.018396238323966 ], [ -7.175187921512262, 39.018254566727599 ], [ -7.174773273206532, 39.018101733475937 ], [ -7.174341934068039, 39.017944795585869 ], [ -7.174192129227817, 39.017879794105049 ], [ -7.173979881089407, 39.017822026342131 ], [ -7.173750650966513, 39.017773395315359 ], [ -7.17296048906489, 39.017580004704776 ], [ -7.172540352409662, 39.017483143861988 ], [ -7.172308622130098, 39.017440070441658 ], [ -7.171670970128837, 39.017317101759993 ], [ -7.171509121232648, 39.017246592197878 ], [ -7.171244871101936, 39.017132276111091 ], [ -7.170914003306608, 39.016983807622346 ], [ -7.170707060360871, 39.016892389776807 ], [ -7.170602580086917, 39.016831724512954 ], [ -7.17044332087389, 39.016740693330476 ], [ -7.170210534462352, 39.01659682076334 ], [ -7.169666493553349, 39.016280227429903 ], [ -7.169285270045608, 39.016056493635794 ], [ -7.168812360991841, 39.015970353513516 ], [ -7.168215449103586, 39.015849498847679 ], [ -7.167940505357433, 39.015996751752702 ], [ -7.16757855427464, 39.016199311169842 ], [ -7.167219107390705, 39.016566453751366 ], [ -7.167030089482546, 39.016736753513136 ], [ -7.166724869041002, 39.016995803729088 ], [ -7.166482732483995, 39.01719196699031 ], [ -7.165928955712479, 39.01742283713893 ], [ -7.165360489097817, 39.01766322614759 ], [ -7.164883192741499, 39.017898509779705 ], [ -7.164949411061388, 39.018310243405189 ], [ -7.165045424378527, 39.018814464170276 ], [ -7.165087242613956, 39.018906325139021 ], [ -7.165199836013966, 39.019253055593886 ], [ -7.165208358958315, 39.019322213481047 ], [ -7.164991980460025, 39.01955965762577 ], [ -7.164790151921228, 39.019787855285813 ], [ -7.164554449322727, 39.020036308314836 ], [ -7.16432418278275, 39.020241841354931 ], [ -7.163840552312052, 39.020753682226015 ], [ -7.163670470038102, 39.02093161256628 ], [ -7.163426847105272, 39.02124358730125 ], [ -7.163268250039416, 39.021459170866251 ], [ -7.162928824632975, 39.021768370810875 ], [ -7.162860459440031, 39.021870663637984 ], [ -7.162789395496023, 39.021984022141496 ], [ -7.162742583605537, 39.022080912266595 ], [ -7.16270043311728, 39.02219081097391 ], [ -7.162670078178037, 39.02230828758119 ], [ -7.162661886714355, 39.022375595138485 ], [ -7.16261048770281, 39.022461095854489 ], [ -7.162532239598856, 39.022576372448619 ], [ -7.162382650804922, 39.022825536491204 ], [ -7.162272253917902, 39.023020801699907 ], [ -7.16212346872849, 39.023219527673575 ], [ -7.161864300161159, 39.023434182823173 ], [ -7.161669688780392, 39.023656853022139 ], [ -7.161533162548635, 39.02383694571833 ], [ -7.161351985180666, 39.023955146328227 ], [ -7.161166040247042, 39.024067543062728 ], [ -7.161035716918435, 39.024148697736884 ], [ -7.160946455706566, 39.024190918440326 ], [ -7.160845301804717, 39.024233131822733 ], [ -7.160663696414048, 39.024289538518893 ], [ -7.160390400775041, 39.024405082545961 ], [ -7.160176144620263, 39.024493465540544 ], [ -7.160082619483053, 39.024324332700651 ], [ -7.160022534839564, 39.024166743466651 ], [ -7.159985476640095, 39.02407294155357 ], [ -7.159786789282684, 39.023884290191226 ], [ -7.159599086158395, 39.023669250080076 ], [ -7.159488024812892, 39.023558075612918 ], [ -7.15940798596944, 39.02345823735908 ], [ -7.159289673801433, 39.023345109711293 ], [ -7.159111886724949, 39.023207075166376 ], [ -7.158922211537238, 39.023068940164634 ], [ -7.15878932799917, 39.022974333920288 ], [ -7.158637539212139, 39.022860926882366 ], [ -7.158498038330944, 39.022726995268663 ], [ -7.158379909429845, 39.022600715556521 ], [ -7.158293365336036, 39.022444706693541 ], [ -7.158215193089178, 39.022208506894593 ], [ -7.158152084227162, 39.02209548094816 ], [ -7.158074505647926, 39.02198449490291 ], [ -7.15801793110284, 39.021916647199497 ], [ -7.157878152248236, 39.021803333257864 ], [ -7.157700475616512, 39.021657823099829 ], [ -7.157500800625883, 39.021542121676639 ], [ -7.157417447039539, 39.02150747093102 ], [ -7.157310494047175, 39.021450547262283 ], [ -7.157200979814167, 39.021395408961148 ], [ -7.157110949146142, 39.021325389343858 ], [ -7.157020878711023, 39.021249877484514 ], [ -7.156973398208636, 39.021217684781675 ], [ -7.156860806082549, 39.021218636792725 ], [ -7.156616001682359, 39.021244601768736 ], [ -7.156390666631269, 39.021248395292453 ], [ -7.15606230105178, 39.021254926611192 ], [ -7.155707863529055, 39.021242595838977 ], [ -7.155425141443422, 39.021238336773415 ], [ -7.155125970383326, 39.021220699070668 ], [ -7.154996596405446, 39.021215835691038 ], [ -7.154874595675492, 39.021203645195229 ], [ -7.154798144826362, 39.021188051675466 ], [ -7.15468815168444, 39.021175870715702 ], [ -7.154521090834313, 39.021124033028585 ], [ -7.154303730165306, 39.021077264879551 ], [ -7.154091071570595, 39.021032513825546 ], [ -7.153928440629418, 39.021002959958786 ], [ -7.153754029809865, 39.020973397939358 ], [ -7.153526977586279, 39.020917264804993 ], [ -7.153271417424417, 39.020860898972856 ], [ -7.153095016984967, 39.020799608549432 ], [ -7.153018818692054, 39.020765282304943 ], [ -7.152962274863711, 39.020695630029245 ], [ -7.152906660196373, 39.020558615253002 ], [ -7.152871468968057, 39.020498329050724 ], [ -7.15279323115871, 39.020435883193507 ], [ -7.152657607275408, 39.020365568850842 ], [ -7.152510342551061, 39.020276506578533 ], [ -7.152401088210856, 39.020202541309494 ], [ -7.152303612005222, 39.020145607167017 ], [ -7.152231981206391, 39.020131944061198 ], [ -7.152116782348339, 39.020145931275529 ], [ -7.152025946918481, 39.020126429141463 ], [ -7.151954341121598, 39.020110879016016 ], [ -7.151648870591186, 39.020031571209287 ], [ -7.15154387368001, 39.020000691142172 ], [ -7.151470009862562, 39.01996458024184 ], [ -7.151334296875976, 39.019909216873543 ], [ -7.151153335598625, 39.019827259887926 ], [ -7.150986694383436, 39.019745425893198 ], [ -7.150922503063105, 39.019711284945338 ], [ -7.150876627898421, 39.019563182875103 ], [ -7.150847417586356, 39.019420796723132 ], [ -7.150824143057546, 39.019375653582152 ], [ -7.150759737857803, 39.019348904054411 ], [ -7.150693070240018, 39.019318435178661 ], [ -7.150617080512189, 39.019269154964611 ], [ -7.150543773418685, 39.019201253687491 ], [ -7.150456093009794, 39.019129451759895 ], [ -7.150346827197025, 39.019064936886068 ], [ -7.150183048836706, 39.018951326879396 ], [ -7.149799117454162, 39.018643194483296 ], [ -7.149597322846437, 39.018506926521766 ], [ -7.149507059265496, 39.01844627133363 ], [ -7.14942879187952, 39.018395167849818 ], [ -7.149367362782868, 39.018336732839273 ], [ -7.149294524660474, 39.018235146882787 ], [ -7.149200229589447, 39.018124013055321 ], [ -7.149111259300292, 39.017969863971061 ], [ -7.149010347799904, 39.017819404410744 ], [ -7.148879376804371, 39.017588341112067 ], [ -7.14883071321339, 39.017475698618959 ], [ -7.148777580047435, 39.017335004327428 ], [ -7.148792568893793, 39.017286494195247 ], [ -7.148870082590986, 39.017225443626337 ], [ -7.148973969789552, 39.017160835084752 ], [ -7.149044142013144, 39.017112784159991 ], [ -7.14905713025868, 39.017041824065494 ], [ -7.149078857938879, 39.016856817830949 ], [ -7.149100858122373, 39.016660639244513 ], [ -7.149119644311646, 39.016512984584438 ], [ -7.149155769368899, 39.016330081401925 ], [ -7.149223992683714, 39.016072589826969 ], [ -7.149320722519782, 39.015832188849608 ], [ -7.149392427950731, 39.015673539143847 ], [ -7.149485852507286, 39.015496700933014 ], [ -7.149589700158875, 39.015267613628765 ], [ -7.149373478628252, 39.012939170897397 ], [ -7.149445620944578, 39.012033208648511 ], [ -7.149581849966848, 39.010802349820231 ], [ -7.149404000327962, 39.009526347138149 ], [ -7.148930157668189, 39.008379329096648 ], [ -7.148642889213363, 39.007609806416738 ], [ -7.148553245495903, 39.006883687073362 ], [ -7.148432927836291, 39.00675179765144 ], [ -7.148371951524063, 39.00666147945492 ], [ -7.148354373638312, 39.006588640850531 ], [ -7.148317363045887, 39.006451685213356 ], [ -7.148264873819403, 39.006265689266563 ], [ -7.1482218148471, 39.00609031434044 ], [ -7.148160679485739, 39.005844706907659 ], [ -7.148120241035896, 39.005655387084644 ], [ -7.14809581265091, 39.005343614432583 ], [ -7.148099813133159, 39.005229884830328 ], [ -7.148126661788467, 39.005016453547867 ], [ -7.148174588070955, 39.004840043441234 ], [ -7.148236126385572, 39.004714547629256 ], [ -7.148297323606462, 39.004613551911454 ], [ -7.148377703427631, 39.004519649324976 ], [ -7.148513295073699, 39.004398290423921 ], [ -7.148619583260869, 39.004325684695132 ], [ -7.148692110711842, 39.00426504594796 ], [ -7.148731398238803, 39.004195297565545 ], [ -7.148785635858469, 39.004080281279251 ], [ -7.148875351328515, 39.003820181058693 ], [ -7.148937370668709, 39.003659648053187 ], [ -7.148981556961053, 39.003402768420244 ], [ -7.149031639167945, 39.003245652969412 ], [ -7.149125816121631, 39.002829850105506 ], [ -7.149103087137173, 39.002745616908875 ], [ -7.149137547983349, 39.002674122541208 ], [ -7.149215552391063, 39.002568037411805 ], [ -7.14927518888161, 39.002412713825684 ], [ -7.149356628587904, 39.00205805409017 ], [ -7.149339838594225, 39.001886321997546 ], [ -7.149256947549154, 39.001477765605884 ], [ -7.149146753318524, 39.001315788080746 ], [ -7.148868290129407, 39.001042585383459 ], [ -7.148459974245151, 39.000643538052266 ], [ -7.148245482829653, 39.000419429443738 ], [ -7.147906587387058, 39.000017452362904 ], [ -7.147650207724839, 38.999775423439139 ], [ -7.147348168706949, 38.999646862620082 ], [ -7.147058879584526, 38.999639196291028 ], [ -7.146826402615101, 38.999672181071098 ], [ -7.146572264525314, 38.999710296628251 ], [ -7.146616381619126, 38.99980876375475 ], [ -7.146530182531024, 38.999814972400081 ], [ -7.146434446435864, 38.999817676584478 ], [ -7.146305486797666, 38.999802625180727 ], [ -7.146181474809681, 38.999780588760352 ], [ -7.146055084644865, 38.999746196354835 ], [ -7.145907619022793, 38.999683700513309 ], [ -7.14565828076723, 38.999559093277284 ], [ -7.145506857261305, 38.999482510873897 ], [ -7.145317016247761, 38.999379389459662 ], [ -7.14515802803761, 38.999295415877121 ], [ -7.145155323680695, 38.999293986909606 ], [ -7.145157012646441, 38.999291567393186 ], [ -7.145267811035344, 38.999142097933031 ], [ -7.145326379749042, 38.999064049575715 ], [ -7.1454069245924, 38.998949794348576 ], [ -7.14548400287623, 38.998827225543778 ], [ -7.145710732953884, 38.998534688577109 ], [ -7.145780732159168, 38.998406291263642 ], [ -7.145842995218049, 38.998319896945766 ], [ -7.146109543162132, 38.998002473377504 ], [ -7.146331597900746, 38.997788531745691 ], [ -7.146469733895888, 38.997666295814859 ], [ -7.146534947053839, 38.997624783286689 ], [ -7.14666487364399, 38.99757822966626 ], [ -7.146798340374948, 38.997534499046779 ], [ -7.146964237724307, 38.99749130992388 ], [ -7.147155259342354, 38.997442391560064 ], [ -7.147317969599186, 38.997370892422659 ], [ -7.147498686188778, 38.997282702995868 ], [ -7.147672204702311, 38.997205621758283 ], [ -7.14776658033973, 38.997133551082129 ], [ -7.147839850553039, 38.997027607823163 ], [ -7.147920654335337, 38.996893718480514 ], [ -7.147978673780528, 38.99685493400186 ], [ -7.148228177873959, 38.996733725448287 ], [ -7.148426742952352, 38.996656853604669 ], [ -7.148635690533605, 38.996605381845754 ], [ -7.148811041714898, 38.996654503723065 ], [ -7.148954149978895, 38.996689398070274 ], [ -7.148977669452058, 38.996549352731286 ], [ -7.148986030348729, 38.996462497487038 ], [ -7.148987657419773, 38.996344787969299 ], [ -7.149070092750698, 38.996101558065988 ], [ -7.149173111748989, 38.995663133055409 ], [ -7.149282368704622, 38.995299611781128 ], [ -7.149262993200435, 38.995139565612632 ], [ -7.149269558262002, 38.994923621582352 ], [ -7.149295089720753, 38.994637849348038 ], [ -7.149315144351144, 38.994489847185164 ], [ -7.149327897832873, 38.994344124495093 ], [ -7.149262745691296, 38.994122080217984 ], [ -7.149247103943905, 38.993950987199909 ], [ -7.14921680908453, 38.993804902382749 ], [ -7.149182812455697, 38.993667252469571 ], [ -7.149195675077022, 38.993513154636382 ], [ -7.149276361446664, 38.993396014473312 ], [ -7.149269978203192, 38.993339935900927 ], [ -7.1492616365785, 38.993158544914913 ], [ -7.149291807997525, 38.99305503222228 ], [ -7.149389748801229, 38.992725012262241 ], [ -7.149332804189885, 38.992427286026221 ], [ -7.149266925854812, 38.992258472504155 ], [ -7.149186342263066, 38.992117641886438 ], [ -7.149184048398545, 38.992016648631548 ], [ -7.149158365113325, 38.991803493275853 ], [ -7.149139150422847, 38.991640746109418 ], [ -7.149070856525004, 38.991379405204626 ], [ -7.149034838803212, 38.991129595846189 ], [ -7.148975608852203, 38.990997320330109 ], [ -7.148879516118219, 38.99093480756509 ], [ -7.148790544600661, 38.990875153425982 ], [ -7.148755043574591, 38.990846838828475 ], [ -7.148674074552372, 38.990734014265264 ], [ -7.148532916847636, 38.990542138256558 ], [ -7.148347191373021, 38.990209638435068 ], [ -7.148115971991428, 38.989787131539231 ], [ -7.147957432563957, 38.989567092986412 ], [ -7.14782198231212, 38.989238080238046 ], [ -7.147794409604392, 38.989153807519187 ], [ -7.14777803459687, 38.989044321017559 ], [ -7.147786241031909, 38.988968633735297 ], [ -7.147823133518553, 38.988638104705522 ], [ -7.147858854867312, 38.988391688506567 ], [ -7.147922232709655, 38.98822396375926 ], [ -7.147901935197095, 38.988139751582352 ], [ -7.147858361828106, 38.987935502693716 ], [ -7.14777212540428, 38.987653606521633 ], [ -7.147700493013211, 38.987383861321021 ], [ -7.147610086577362, 38.987169978688783 ], [ -7.147380203692955, 38.986910067606857 ], [ -7.147295547270869, 38.98679721179068 ], [ -7.147272875602619, 38.986626058930518 ], [ -7.147267044681489, 38.986522242449276 ], [ -7.147218669217709, 38.986390056783407 ], [ -7.147101900386723, 38.986262876885064 ], [ -7.147118188410222, 38.986128534461798 ], [ -7.147225150616781, 38.985921993936515 ], [ -7.147358199870198, 38.985648296748273 ], [ -7.147402330174291, 38.985570124227877 ], [ -7.14752301831981, 38.985414053055372 ], [ -7.147705680963631, 38.985183018765383 ], [ -7.14796439733817, 38.984910381189408 ], [ -7.147998139494885, 38.984806903334125 ], [ -7.148127066688036, 38.984572531348725 ], [ -7.148248643804044, 38.984352065092168 ], [ -7.148446728914972, 38.984056485927219 ], [ -7.148702983882036, 38.983702578230933 ], [ -7.14896192172626, 38.98341318895794 ], [ -7.14909310007776, 38.983274045873266 ], [ -7.14929678655761, 38.983073994612326 ], [ -7.149474929779606, 38.982918494923226 ], [ -7.149655531228728, 38.982844258815661 ], [ -7.149853977157584, 38.982773060605993 ], [ -7.149945496562315, 38.982639259751899 ], [ -7.149975081613761, 38.982577805859997 ], [ -7.150048943579695, 38.982435480062868 ], [ -7.150105385818331, 38.982250849653838 ], [ -7.150102231143693, 38.98222001922592 ], [ -7.149984131104874, 38.981938710775673 ], [ -7.149946683273802, 38.981784099451666 ], [ -7.149909388375455, 38.981626786249898 ], [ -7.150039787853267, 38.981543750406644 ], [ -7.150345016239069, 38.981285551755938 ], [ -7.150519387511496, 38.981135690649474 ], [ -7.150579637283938, 38.980934250696478 ], [ -7.15062461019532, 38.980794471740438 ], [ -7.150745322275686, 38.98064407287093 ], [ -7.150798682656547, 38.980414649717474 ], [ -7.150827200860345, 38.980170965693169 ], [ -7.150804329962815, 38.980005308003449 ], [ -7.150751218692221, 38.979948835991934 ], [ -7.150690951209, 38.979892212728117 ], [ -7.150587449711243, 38.979849277997921 ], [ -7.150466333777316, 38.979778181498425 ], [ -7.150266838915767, 38.979667150176113 ], [ -7.150070961422923, 38.979553360265925 ], [ -7.149768974688811, 38.979318069859737 ], [ -7.149435874489603, 38.979003965531689 ], [ -7.149168152777306, 38.978886775190382 ], [ -7.148719635255253, 38.978608270469998 ], [ -7.148702911689568, 38.978524002885415 ], [ -7.148724569176893, 38.978510222162939 ], [ -7.148913547738452, 38.978346433993856 ], [ -7.149070334517183, 38.978173913278795 ], [ -7.149219232884222, 38.978046177806554 ], [ -7.149331938325001, 38.97794903724941 ], [ -7.14940937645469, 38.977798272123813 ], [ -7.149558731874642, 38.977645322640058 ], [ -7.149711399619363, 38.977520411520082 ], [ -7.149901147380494, 38.977292136229948 ], [ -7.150030732361139, 38.9772680043422 ], [ -7.150177763964883, 38.977283203740363 ], [ -7.150313799539061, 38.97730966069912 ], [ -7.150513869312854, 38.977378628130914 ], [ -7.150621331997749, 38.977401959913415 ], [ -7.150808060506244, 38.977400736093557 ], [ -7.151012714549548, 38.97739678314916 ], [ -7.15119567783151, 38.977409579631995 ], [ -7.151371369737951, 38.977422224574774 ], [ -7.15158651945881, 38.977443667326945 ], [ -7.151897902120566, 38.977516360102562 ], [ -7.152044515567566, 38.977554067903142 ], [ -7.152132398454548, 38.977582821028513 ], [ -7.15225405204757, 38.977606270613308 ], [ -7.152386165395985, 38.977657913214323 ], [ -7.152472435166066, 38.977652959939441 ], [ -7.152705858046225, 38.977646542649175 ], [ -7.15286401274843, 38.977633816069051 ], [ -7.153094319323226, 38.977602150795605 ], [ -7.153309863209195, 38.977595491155562 ], [ -7.153586284688495, 38.977600778111871 ], [ -7.154035823463941, 38.977545639140921 ], [ -7.154359247266111, 38.977523126936426 ], [ -7.154660977521954, 38.977508806209272 ], [ -7.154847905432065, 38.977493529482658 ], [ -7.155056523122768, 38.977461587515279 ], [ -7.155376251788578, 38.977447506773558 ], [ -7.155760594955986, 38.977442255094338 ], [ -7.155983250184308, 38.977438529776741 ], [ -7.156180907298978, 38.97742334075847 ], [ -7.156343522724328, 38.977346154821944 ], [ -7.156384136714757, 38.977270833498174 ], [ -7.156359984050191, 38.977197668676816 ], [ -7.156361097881564, 38.977116429343539 ], [ -7.156405366277353, 38.977027085979671 ], [ -7.156455978387629, 38.977005080008098 ], [ -7.156210125010954, 38.976799527847817 ], [ -7.155908921401688, 38.976739504500387 ], [ -7.155971346379443, 38.976515255610494 ], [ -7.155793099635208, 38.976377124254455 ], [ -7.155565684043012, 38.976206962549227 ], [ -7.155335113898666, 38.975997500310029 ], [ -7.155118437678696, 38.975832993465183 ], [ -7.154987835269948, 38.975688146960394 ], [ -7.154788247945278, 38.975470845591666 ], [ -7.154522053264474, 38.975008606044554 ], [ -7.154235626757359, 38.974678448979432 ], [ -7.154007058470812, 38.974426402557285 ], [ -7.153727013706668, 38.974168173244855 ], [ -7.153246439869847, 38.974029012466502 ], [ -7.152625212483775, 38.97394041790983 ], [ -7.152323351195546, 38.97392925549115 ], [ -7.152049382378413, 38.973995887805216 ], [ -7.151866061552276, 38.973971411444232 ], [ -7.151630264796216, 38.974035059803363 ], [ -7.151397544436375, 38.974083548699227 ], [ -7.151280009489047, 38.974104990308142 ], [ -7.151097398115486, 38.974159482174151 ], [ -7.150869010087549, 38.974245384947885 ], [ -7.150674215735085, 38.974312924562362 ], [ -7.15048125361882, 38.974423536089354 ], [ -7.150401894513708, 38.974454578723112 ], [ -7.150248068009796, 38.974505616782814 ], [ -7.150132794756236, 38.974538335670246 ], [ -7.150027466211884, 38.974544833589661 ], [ -7.149879092267956, 38.974543586155008 ], [ -7.149718489806911, 38.974566554856736 ], [ -7.149553268105674, 38.974582011769499 ], [ -7.149316442955623, 38.97457641412359 ], [ -7.149072527486938, 38.974574361009779 ], [ -7.148780810184705, 38.974566317698489 ], [ -7.148548705027387, 38.974569949574985 ], [ -7.148376464442702, 38.9745666063708 ], [ -7.148270821046846, 38.974771267087704 ], [ -7.14812190509118, 38.974809196413645 ], [ -7.147872623914295, 38.974844472158587 ], [ -7.147796080186076, 38.974847521622941 ], [ -7.14764351002759, 38.974807055941319 ], [ -7.147521111146347, 38.974837910557767 ], [ -7.147406532545465, 38.974845948427934 ], [ -7.147488737913276, 38.974792508587335 ], [ -7.147641003720776, 38.974679756850449 ], [ -7.147496883530744, 38.974545863480422 ], [ -7.147552190305806, 38.974518314563049 ], [ -7.147634284417752, 38.974464873675075 ], [ -7.147713949848215, 38.974411315838296 ], [ -7.147743235540096, 38.974363017164784 ], [ -7.147773438059486, 38.97425680162295 ], [ -7.147775816144909, 38.974084867411008 ], [ -7.147767404196352, 38.974000756295439 ], [ -7.147773596707792, 38.973903710312619 ], [ -7.147786408440688, 38.973836532383665 ], [ -7.147843484952776, 38.973689382108688 ], [ -7.147900345682046, 38.973549792686647 ], [ -7.147978735573262, 38.97342155520964 ], [ -7.148082905120265, 38.973323442943631 ], [ -7.148149559141387, 38.973176463425268 ], [ -7.148335327463624, 38.972718375221973 ], [ -7.148351285987215, 38.972598977487436 ], [ -7.148352657024705, 38.972483066854402 ], [ -7.148361154996759, 38.972386035764039 ], [ -7.148374444128987, 38.972292739085681 ], [ -7.148415174157178, 38.972117439864661 ], [ -7.148490734709248, 38.971843437431119 ], [ -7.148563830207163, 38.97158058435538 ], [ -7.148618302973712, 38.971446557230756 ], [ -7.148659715639092, 38.971388811739821 ], [ -7.148727797430857, 38.971305343262195 ], [ -7.148800540542521, 38.971234975862018 ], [ -7.148900181251914, 38.971121780254713 ], [ -7.14899958842721, 38.971025519423108 ], [ -7.149058471479239, 38.970923239332016 ], [ -7.149107494468849, 38.970832136360357 ], [ -7.149149183184636, 38.970763308363395 ], [ -7.149169335253369, 38.970690696647807 ], [ -7.149217025194686, 38.970521036831151 ], [ -7.149256700970314, 38.970422290462302 ], [ -7.149420696212993, 38.970152721489256 ], [ -7.149557763638739, 38.969927878228347 ], [ -7.149640644989299, 38.969816433169534 ], [ -7.149665201856634, 38.96976808870312 ], [ -7.149705283108734, 38.969639527090074 ], [ -7.149731842227429, 38.969621107148029 ], [ -7.149794661781857, 38.969550655467998 ], [ -7.149886968267091, 38.969450549044822 ], [ -7.15000130875976, 38.969317030131748 ], [ -7.150057712711471, 38.969218509064461 ], [ -7.150077608044451, 38.969164452297463 ], [ -7.150201681332767, 38.968844199190499 ], [ -7.15026625055043, 38.968663510823575 ], [ -7.150322634680498, 38.968557424930168 ], [ -7.150430866807592, 38.968339818448293 ], [ -7.150470281981456, 38.968259801465535 ], [ -7.150503231895778, 38.968129196928587 ], [ -7.15052634070864, 38.968009865297915 ], [ -7.150590046671184, 38.967900146025421 ], [ -7.150707465765318, 38.967710536323672 ], [ -7.150741566719413, 38.967647406840527 ], [ -7.150955413509182, 38.967410056251204 ], [ -7.151125100561893, 38.967245205422515 ], [ -7.151299395746781, 38.967089755530417 ], [ -7.151507798252219, 38.966895326678589 ], [ -7.15166464953482, 38.966782608909348 ], [ -7.151804879267276, 38.966679208152129 ], [ -7.15193523411032, 38.966588786907067 ], [ -7.152106576214344, 38.966479969928805 ], [ -7.152217764500793, 38.966398668588482 ], [ -7.152228623444953, 38.966305350922767 ], [ -7.152301427276757, 38.966221919939429 ], [ -7.152459003825323, 38.966249366079985 ], [ -7.152563857895774, 38.966276459084391 ], [ -7.152641710624324, 38.966178025039682 ], [ -7.15277575860973, 38.966003597250101 ], [ -7.15277748070464, 38.965878493569718 ], [ -7.152657820242086, 38.965879291566829 ], [ -7.152578286035491, 38.965858271698409 ], [ -7.152436619710864, 38.96571620353803 ], [ -7.152327578466426, 38.965611785244612 ], [ -7.1522550030251, 38.965533549283045 ], [ -7.152153723722967, 38.965400445842725 ], [ -7.152034350944783, 38.965244189478966 ], [ -7.151875107572075, 38.965041597203559 ], [ -7.151704303313269, 38.964876283316947 ], [ -7.151377426807311, 38.964545778728329 ], [ -7.151289926608313, 38.964481791716679 ], [ -7.151294204255917, 38.964438701464161 ], [ -7.151368720659954, 38.964376077519141 ], [ -7.151539229032602, 38.964253689862815 ], [ -7.151719896688713, 38.964154143109852 ], [ -7.152061903984261, 38.963975782833458 ], [ -7.152249910385309, 38.963870800549685 ], [ -7.152367941157368, 38.963811979868424 ], [ -7.152578749069584, 38.963687614411363 ], [ -7.152827990566172, 38.963505705250299 ], [ -7.153043259004497, 38.963383885907305 ], [ -7.153366259265406, 38.96319397029805 ], [ -7.15342584637546, 38.963145594789381 ], [ -7.153426479880007, 38.963099599546617 ], [ -7.153397497483348, 38.963064855586559 ], [ -7.153361270398467, 38.963021425183506 ], [ -7.153281055684337, 38.962963251223599 ], [ -7.152898868764833, 38.9626380358891 ], [ -7.152458485441773, 38.962260580197906 ], [ -7.152316627033393, 38.962132885346115 ], [ -7.15211965849528, 38.961996102353474 ], [ -7.152003020864163, 38.961908870187365 ], [ -7.151850467999845, 38.961775555132824 ], [ -7.151657463192637, 38.961568283816746 ], [ -7.151423940981715, 38.961360670446588 ], [ -7.151174766630428, 38.961163579017324 ], [ -7.15095994477461, 38.96095442054213 ], [ -7.150709645861551, 38.960724336670218 ], [ -7.150489889412916, 38.960530085588914 ], [ -7.150196011869357, 38.960331434765024 ], [ -7.150015927897981, 38.960213992691585 ], [ -7.149807282221131, 38.960075864384876 ], [ -7.149614828259801, 38.959959937919137 ], [ -7.149527484672006, 38.959876963908528 ], [ -7.149179142864843, 38.95964614315028 ], [ -7.149069522469223, 38.959605950512533 ], [ -7.148993238024396, 38.959582607353063 ], [ -7.149001020952097, 38.959545652921243 ], [ -7.149068912062403, 38.959439903183608 ], [ -7.149105731640875, 38.959341344249623 ], [ -7.149136941237507, 38.959282285581217 ], [ -7.149216441235883, 38.959192480588122 ], [ -7.149291104087704, 38.959157618554265 ], [ -7.149371994915904, 38.959133985521007 ], [ -7.149413441704423, 38.959067103553771 ], [ -7.14948021221988, 38.959000435018893 ], [ -7.149562558654127, 38.958906213959828 ], [ -7.149650024737172, 38.95880808167653 ], [ -7.149711785389801, 38.958737416476779 ], [ -7.149738747761948, 38.958619000018516 ], [ -7.149725516606714, 38.958518405859905 ], [ -7.149693036467325, 38.958439678322634 ], [ -7.149703510065932, 38.958374372769448 ], [ -7.149737685910898, 38.958322328770542 ], [ -7.149844704363409, 38.958200002901961 ], [ -7.149953549759956, 38.958103729508061 ], [ -7.150074512762368, 38.95800755357952 ], [ -7.15019052374543, 38.957918904847659 ], [ -7.150332865627552, 38.957828585257438 ], [ -7.150794225092711, 38.957660419312333 ], [ -7.150998723273006, 38.957579902539813 ], [ -7.151147801444488, 38.957519542758611 ], [ -7.151446945149075, 38.957335237701557 ], [ -7.151628145446352, 38.957204080717162 ], [ -7.151755823031757, 38.957069884615684 ], [ -7.152022248737596, 38.956884197697434 ], [ -7.152167672281068, 38.956745260123121 ], [ -7.152280189439881, 38.956566775629994 ], [ -7.152398200571088, 38.956332402162538 ], [ -7.152494362135973, 38.9561183749585 ], [ -7.152555415545464, 38.955848032984392 ], [ -7.152551634027883, 38.955603270804133 ], [ -7.152579139287488, 38.955515674765607 ], [ -7.152655327158978, 38.955361205885787 ], [ -7.152680666479011, 38.95527179461746 ], [ -7.152763911387912, 38.955132334763114 ], [ -7.152827996285366, 38.954982857853601 ], [ -7.152915888785151, 38.954853088502361 ], [ -7.153024147299518, 38.95471557969217 ], [ -7.153172171030097, 38.954646199960976 ], [ -7.153309167656376, 38.954615149140132 ], [ -7.153421128767932, 38.954576540542931 ], [ -7.153587772325403, 38.954515197285183 ], [ -7.153707630707732, 38.954490083141181 ], [ -7.153789493514025, 38.954451494522715 ], [ -7.153900994257056, 38.954345962748086 ], [ -7.154023524148973, 38.954252679975063 ], [ -7.154087196614825, 38.954194212012496 ], [ -7.154215268145787, 38.954100072965488 ], [ -7.154352931290528, 38.953996558095163 ], [ -7.154493187706534, 38.953880098442433 ], [ -7.154700271662685, 38.953638122071084 ], [ -7.154849486920774, 38.953539354043649 ], [ -7.15495654777629, 38.953403875356216 ], [ -7.155170016065829, 38.95318146197507 ], [ -7.15540421932134, 38.952843478514005 ], [ -7.155431736746627, 38.952746514894926 ], [ -7.155538607125709, 38.952633463745194 ], [ -7.155539835967229, 38.95254384983425 ], [ -7.155512807261759, 38.952375444393802 ], [ -7.155559996016088, 38.952293609752438 ], [ -7.15559022760041, 38.95218361237729 ], [ -7.15564711624527, 38.95204771456438 ], [ -7.155698522880157, 38.951958429913702 ], [ -7.155795905841656, 38.951830345616358 ], [ -7.155890706528969, 38.951722775023264 ], [ -7.155793031169901, 38.951686468273778 ], [ -7.155603175790196, 38.95158399819492 ], [ -7.155460843725566, 38.951498770937015 ], [ -7.155311588832078, 38.951396634180696 ], [ -7.155226594156328, 38.951319360573123 ], [ -7.155048067028446, 38.951181158782248 ], [ -7.154913183990439, 38.951045565414447 ], [ -7.15397810903626, 38.950171624841808 ], [ -7.153930538244558, 38.950096009079267 ], [ -7.153585139683369, 38.949829735291502 ], [ -7.153433595328866, 38.949718304543595 ], [ -7.153298816559371, 38.949612507158207 ], [ -7.153021112893598, 38.949420090847681 ], [ -7.152810767298177, 38.949248268864018 ], [ -7.152708875203561, 38.94903594448207 ], [ -7.152572653138879, 38.948886382650343 ], [ -7.152428850109938, 38.948663705708391 ], [ -7.152216223334581, 38.948290168162181 ], [ -7.152124573101423, 38.948050208583389 ], [ -7.152017304449976, 38.947856818195916 ], [ -7.151933653803716, 38.947682451150072 ], [ -7.151850068334451, 38.947494936262778 ], [ -7.151737128706207, 38.947408177090743 ], [ -7.15164373250748, 38.947199916226829 ], [ -7.151641875741116, 38.947158737891606 ], [ -7.151626384464675, 38.947068983354193 ], [ -7.151601271818826, 38.946982838295668 ], [ -7.151575903129453, 38.946915430393872 ], [ -7.151533655840741, 38.946858958023384 ], [ -7.151465458981821, 38.946768762880673 ], [ -7.151376388866253, 38.946644702965095 ], [ -7.151299760500571, 38.946479669591184 ], [ -7.151197584194688, 38.946260288523014 ], [ -7.151133357521392, 38.946057891541805 ], [ -7.151096902347015, 38.945932471667192 ], [ -7.15106972797136, 38.945820185421773 ], [ -7.151025109446941, 38.945760005216044 ], [ -7.150910848930682, 38.945629479017214 ], [ -7.15086088070614, 38.945532537126617 ], [ -7.150790095913018, 38.945462854324717 ], [ -7.150712543815, 38.945365099216041 ], [ -7.150656589853476, 38.945265547805271 ], [ -7.150564815959596, 38.945145153989408 ], [ -7.150503371954517, 38.945092305504161 ], [ -7.150434960063402, 38.945026337362563 ], [ -7.150393048104642, 38.944945722637875 ], [ -7.150375265012372, 38.944846582555783 ], [ -7.150347604512646, 38.944769697139385 ], [ -7.150321036963034, 38.944621931444033 ], [ -7.150285014299691, 38.944457239284866 ], [ -7.150251822003501, 38.9442626676557 ], [ -7.15021380273852, 38.944075529833214 ], [ -7.150175386374674, 38.943786360936762 ], [ -7.150167771907413, 38.943329442437609 ], [ -7.15012008547324, 38.943115482401886 ], [ -7.150036735789659, 38.942917040133089 ], [ -7.14999296599524, 38.94278616362579 ], [ -7.149948431717657, 38.942710647428783 ], [ -7.149939014778683, 38.942659155653665 ], [ -7.149955352762267, 38.942576242675038 ], [ -7.150237777065212, 38.942293876158047 ], [ -7.150592326308499, 38.941943478493016 ], [ -7.15076158481124, 38.941814108904573 ], [ -7.151070863813847, 38.941575755692774 ], [ -7.151193974023065, 38.94148896864008 ], [ -7.151004460579829, 38.941364064201842 ], [ -7.150859938849053, 38.941263854919811 ], [ -7.150817590946924, 38.941214951363449 ], [ -7.15081332509599, 38.941181227177189 ], [ -7.150802437412277, 38.941100879061182 ], [ -7.15080178946567, 38.940971974482245 ], [ -7.150817633647408, 38.940859964569874 ], [ -7.150838428077559, 38.940740517334106 ], [ -7.150850853972569, 38.940533266895649 ], [ -7.150842865075957, 38.940426733862118 ], [ -7.150833582180526, 38.940237945471786 ], [ -7.150801153112685, 38.939979970636806 ], [ -7.150790576296453, 38.939877106209309 ], [ -7.150780366374814, 38.939755595604993 ], [ -7.150709306874337, 38.939530801933792 ], [ -7.150674096733234, 38.939299813714229 ], [ -7.150636155679268, 38.93911361873112 ], [ -7.150557872780925, 38.938915220267248 ], [ -7.150470585854686, 38.938817110045441 ], [ -7.150424379292693, 38.938697189723428 ], [ -7.150371089623089, 38.9385716268539 ], [ -7.150305829320278, 38.938453348466012 ], [ -7.150229032635293, 38.938301380074236 ], [ -7.150141185171268, 38.938089502014101 ], [ -7.150053400844229, 38.937864568846571 ], [ -7.150037058149622, 38.937759988457138 ], [ -7.149967538267406, 38.93766053313729 ], [ -7.149888275767881, 38.937533311847076 ], [ -7.149719078059306, 38.937318326907587 ], [ -7.149589730541831, 38.937151135693071 ], [ -7.149390265433704, 38.936927986578311 ], [ -7.149293022062129, 38.936826897415706 ], [ -7.149043584933797, 38.936540791440457 ], [ -7.14895187358831, 38.936433548722562 ], [ -7.148870114918028, 38.936290899136061 ], [ -7.148759114702641, 38.936064473897389 ], [ -7.148630045069542, 38.93587750963114 ], [ -7.148525759336903, 38.935779706735751 ], [ -7.148427163575955, 38.935535685931832 ], [ -7.148306356032746, 38.935398640693634 ], [ -7.148256958644066, 38.935334724139103 ], [ -7.148141900131617, 38.935189900559728 ], [ -7.14794981414435, 38.934902843963485 ], [ -7.147508248238566, 38.93467455565186 ], [ -7.147219122949678, 38.934490886987589 ], [ -7.146930194065166, 38.934304969176345 ], [ -7.14635641940942, 38.934054922165998 ], [ -7.145648635163931, 38.933779007519448 ], [ -7.145530334663872, 38.933693875032013 ], [ -7.145441334807062, 38.9335884260773 ], [ -7.145306227496351, 38.933472592962296 ], [ -7.145125939927662, 38.933328694307363 ], [ -7.144945653087457, 38.933184795379937 ], [ -7.144518254435138, 38.932893378063334 ], [ -7.144369068907481, 38.932964899210198 ], [ -7.144265329756414, 38.933027521980343 ], [ -7.144089354831739, 38.933134397516056 ], [ -7.143910697719874, 38.933252503209083 ], [ -7.143696128626797, 38.933381388931963 ], [ -7.143541629987112, 38.933486552281309 ], [ -7.143355726827993, 38.933619550044767 ], [ -7.143027132735024, 38.933870781202771 ], [ -7.142940086420185, 38.93393543775931 ], [ -7.142865225541381, 38.933994614737777 ], [ -7.142698692808452, 38.934110844238191 ], [ -7.142613963548556, 38.934182993786457 ], [ -7.142488355416252, 38.93427533809713 ], [ -7.142360095640984, 38.934384502112842 ], [ -7.142207896507854, 38.934506530032365 ], [ -7.142051215082367, 38.934602299562009 ], [ -7.141725660630586, 38.934791939221533 ], [ -7.141491945119219, 38.934920749171361 ], [ -7.141319041053921, 38.934980896373247 ], [ -7.141218341495881, 38.934998775511367 ], [ -7.141100954109531, 38.935022010051604 ], [ -7.141031613148859, 38.935015835111145 ], [ -7.140924033728658, 38.935022401465218 ], [ -7.140797355758478, 38.935017632368464 ], [ -7.140692370166668, 38.935003588730318 ], [ -7.140532522320881, 38.934970617463328 ], [ -7.140430297409416, 38.934932366713504 ], [ -7.140319386755182, 38.934830541357641 ], [ -7.140163412635729, 38.934692842738663 ], [ -7.139893659723447, 38.934494366447829 ], [ -7.139751640748973, 38.93439047432426 ], [ -7.139616598287222, 38.934307086784472 ], [ -7.139560186083907, 38.934233824570491 ], [ -7.139477855749773, 38.934141517681873 ], [ -7.139407327178537, 38.934054989579046 ], [ -7.139316073271071, 38.933908472929019 ], [ -7.139134424627897, 38.933735064516235 ], [ -7.138903115875988, 38.93352565294812 ], [ -7.138527630148998, 38.933193685056821 ], [ -7.138315189533711, 38.932995692552566 ], [ -7.138246278309012, 38.932967090783841 ], [ -7.138110848768401, 38.932911804516763 ], [ -7.137906552844222, 38.932816656146002 ], [ -7.137685613103717, 38.932715693414011 ], [ -7.137471982972285, 38.932603619628402 ], [ -7.137312989272991, 38.932518227210338 ], [ -7.137028334093279, 38.932355198856847 ], [ -7.136978492112824, 38.93233234556525 ], [ -7.136916832465979, 38.932296329518785 ], [ -7.136767775395064, 38.932184804638197 ], [ -7.13655250844353, 38.932016691730553 ], [ -7.136389544938111, 38.931877035900285 ], [ -7.136254709822652, 38.931771218300931 ], [ -7.136139004744107, 38.931626292745342 ], [ -7.135935633902207, 38.931429050745614 ], [ -7.13576586436498, 38.931285764397153 ], [ -7.135496762517616, 38.931097837676475 ], [ -7.135300618917698, 38.930931775686837 ], [ -7.135152011529521, 38.930788545041459 ], [ -7.134985057143798, 38.930629671506978 ], [ -7.134884363877672, 38.930532337553664 ], [ -7.134818840459593, 38.930434680085121 ], [ -7.134700963766353, 38.930312248942528 ], [ -7.134569209693035, 38.930159800138362 ], [ -7.134456128444585, 38.930041103774585 ], [ -7.134390514033984, 38.92995839514785 ], [ -7.134216640179129, 38.929742080379881 ], [ -7.13403098642266, 38.929510711055919 ], [ -7.133972042539114, 38.929454180339327 ], [ -7.133829832505409, 38.929365229236844 ], [ -7.133612273692847, 38.929197093078457 ], [ -7.133484347593873, 38.929117543464393 ], [ -7.133411184975646, 38.929055305101237 ], [ -7.133330728216601, 38.928994896707302 ], [ -7.133236165226764, 38.928921219073587 ], [ -7.133170331994898, 38.928845890487395 ], [ -7.133094815378965, 38.928770575285718 ], [ -7.133031385337474, 38.928697159699844 ], [ -7.132982182811928, 38.928620176482454 ], [ -7.132874344016175, 38.928473507247652 ], [ -7.132703092396057, 38.928234875702884 ], [ -7.132567122142975, 38.928046894151279 ], [ -7.132398329994033, 38.927806208789669 ], [ -7.13239665172052, 38.927761427668841 ], [ -7.132400162742816, 38.927675528232264 ], [ -7.13242324224326, 38.927567363194889 ], [ -7.132480754327437, 38.927388515453273 ], [ -7.132528210952997, 38.927252729558532 ], [ -7.132553236128622, 38.92717070402751 ], [ -7.132618442032766, 38.926952739207586 ], [ -7.132647381357986, 38.926764365952643 ], [ -7.132640911169018, 38.926715673201329 ], [ -7.132640270248181, 38.926588660914838 ], [ -7.132623653667133, 38.926416654878736 ], [ -7.132614596617951, 38.926207421370236 ], [ -7.132608090046523, 38.926005598628365 ], [ -7.132605037031214, 38.925886039237533 ], [ -7.132628945711295, 38.925546300968847 ], [ -7.132680734871233, 38.925410223320903 ], [ -7.132736487797248, 38.92528419784184 ], [ -7.132818657921666, 38.925024229961778 ], [ -7.132840276914596, 38.924882579215797 ], [ -7.132877692506392, 38.924664394928328 ], [ -7.132875746975362, 38.924453539698 ], [ -7.132871342005668, 38.92431181365891 ], [ -7.132767681912304, 38.924204461203807 ], [ -7.132607454302577, 38.924044287996495 ], [ -7.132553504373616, 38.92398693461395 ], [ -7.132436440853906, 38.923936096716609 ], [ -7.132373298864033, 38.923889554612956 ], [ -7.132319809487226, 38.923854595207303 ], [ -7.132266440045162, 38.923817258804924 ], [ -7.132229047833761, 38.92375343747581 ], [ -7.132181627715446, 38.923730602903234 ], [ -7.132129921628738, 38.923668456716577 ], [ -7.132068823722468, 38.923593172580667 ], [ -7.131979409528235, 38.923489721169844 ], [ -7.131840816281276, 38.923316670560084 ], [ -7.131772888121782, 38.923218985282297 ], [ -7.131799122598884, 38.923058515118129 ], [ -7.131820663601928, 38.922879359895795 ], [ -7.131832431509727, 38.922722637080362 ], [ -7.131850855948916, 38.922601284670883 ], [ -7.131844333501584, 38.9225563709781 ], [ -7.131802378083819, 38.922481250887941 ], [ -7.131711129762806, 38.922344181651788 ], [ -7.131600714337639, 38.922201189352606 ], [ -7.131466673366513, 38.922048802890878 ], [ -7.131341749800422, 38.921920725809819 ], [ -7.131270720969289, 38.921871475300321 ], [ -7.131267459933641, 38.921766868403218 ], [ -7.131240256736932, 38.921667735299408 ], [ -7.131262958086202, 38.921537812027672 ], [ -7.131266138560427, 38.92131166707118 ], [ -7.131248938034724, 38.921139016159259 ], [ -7.131214698950909, 38.92078221392287 ], [ -7.131141292527627, 38.920372501818179 ], [ -7.131126724207407, 38.920219246965949 ], [ -7.131126085921211, 38.920092143592498 ], [ -7.131106576150939, 38.919946236137172 ], [ -7.131020592865339, 38.919580687323354 ], [ -7.130998918336254, 38.91944287258535 ], [ -7.131033996104554, 38.919342289668158 ], [ -7.131073992994279, 38.919236433588239 ], [ -7.131054055459932, 38.919101039688542 ], [ -7.131142695190863, 38.919078799677735 ], [ -7.131211816970461, 38.919048725728636 ], [ -7.131266218560656, 38.919018525406798 ], [ -7.131327673093918, 38.918967914948766 ], [ -7.13132244726166, 38.918909963942475 ], [ -7.131292418858939, 38.918831251979405 ], [ -7.131255542228635, 38.918730926984125 ], [ -7.131266486373799, 38.918650519220769 ], [ -7.131355610529828, 38.918593783248667 ], [ -7.131454709579748, 38.918525631913212 ], [ -7.131485117334592, 38.918456891117714 ], [ -7.131578770563246, 38.91842702743017 ], [ -7.131697759978675, 38.918392094464359 ], [ -7.131712752288673, 38.918320840659206 ], [ -7.131753026885336, 38.918248351703156 ], [ -7.131851908449216, 38.918195531770948 ], [ -7.132019371802873, 38.918150967171002 ], [ -7.132176807416843, 38.918121649061938 ], [ -7.132294345869181, 38.918137991338526 ], [ -7.132421696543212, 38.918154416709825 ], [ -7.132494861056164, 38.918185711103924 ], [ -7.132523832584711, 38.918281708278116 ], [ -7.132568407097043, 38.918431793720188 ], [ -7.132618551611654, 38.91846277723338 ], [ -7.132668623441498, 38.918524721878256 ], [ -7.132722648432089, 38.918591557269487 ], [ -7.13281577739467, 38.918594246015829 ], [ -7.132852875374112, 38.918549120627915 ], [ -7.132873361965408, 38.918487961711207 ], [ -7.132957900850331, 38.91840818434617 ], [ -7.133056567705515, 38.918370695166765 ], [ -7.133141536637766, 38.918260254119538 ], [ -7.133196582382992, 38.918184056658539 ], [ -7.133271792522134, 38.918069698291099 ], [ -7.133395089369228, 38.918030079602552 ], [ -7.133509235011581, 38.917933728299261 ], [ -7.133630596554604, 38.9179288881978 ], [ -7.133710073085841, 38.917958448770058 ], [ -7.13379779661448, 38.918001367880315 ], [ -7.133881312480876, 38.91799441552871 ], [ -7.133936573405582, 38.91790288593576 ], [ -7.134030761259636, 38.917834691253425 ], [ -7.134164415794221, 38.917751499711599 ], [ -7.134278444682409, 38.917668140091834 ], [ -7.134411829967574, 38.917604113205577 ], [ -7.134598700831413, 38.917575044538161 ], [ -7.13472152046784, 38.917564594134532 ], [ -7.134868549746563, 38.917577352406717 ], [ -7.135010350300382, 38.917613064864852 ], [ -7.135112901469776, 38.917648442507584 ], [ -7.135141315412279, 38.91773633016129 ], [ -7.135226600638207, 38.917788406990582 ], [ -7.135249885562176, 38.917838140565451 ], [ -7.135306309696849, 38.917853267405377 ], [ -7.135350896552723, 38.917822981268785 ], [ -7.135366528990756, 38.917757946776952 ], [ -7.135411974585113, 38.917666332579785 ], [ -7.135472138747157, 38.917574845051313 ], [ -7.135535128031529, 38.917435237867856 ], [ -7.135554529080312, 38.917242997040383 ], [ -7.135591482664912, 38.917164857610324 ], [ -7.13564923611286, 38.91712436837031 ], [ -7.135752645350844, 38.917084173698314 ], [ -7.135829890794543, 38.917026913927472 ], [ -7.135861972027512, 38.916950623475564 ], [ -7.135899969145397, 38.91679772715198 ], [ -7.135933047830861, 38.916547592387062 ], [ -7.135950663136666, 38.916340737601907 ], [ -7.135997287145726, 38.91616479873624 ], [ -7.136000183778831, 38.915957818208391 ], [ -7.135977583504578, 38.915819622550124 ], [ -7.135960158027544, 38.915662302930386 ], [ -7.135927316973452, 38.915554686130086 ], [ -7.135864609149996, 38.915477482333074 ], [ -7.13583187445816, 38.915362200050048 ], [ -7.13577422569789, 38.915201504806873 ], [ -7.135744525267454, 38.915107846824895 ], [ -7.135705704625136, 38.914973029080592 ], [ -7.135664270219939, 38.914860623300527 ], [ -7.135613741375932, 38.914714450494273 ], [ -7.135600803310997, 38.914617235379019 ], [ -7.135604713368614, 38.91451080353422 ], [ -7.135627142354347, 38.914440105418258 ], [ -7.135736556262932, 38.914308443973646 ], [ -7.135878822091281, 38.914218050318759 ], [ -7.136100625338759, 38.914154918118065 ], [ -7.136217804987035, 38.914081299017404 ], [ -7.136404826748071, 38.914040728686821 ], [ -7.136576433467275, 38.914049860086678 ], [ -7.136752142653426, 38.914116528034434 ], [ -7.136967422461373, 38.914160533391261 ], [ -7.137168413141106, 38.914173748287077 ], [ -7.13740308758754, 38.914212777668432 ], [ -7.137615448358012, 38.914230407916435 ], [ -7.138060085852305, 38.914289565723948 ], [ -7.138297754869672, 38.914307410450178 ], [ -7.138570688020921, 38.914337419931613 ], [ -7.138812370953197, 38.914430439172598 ], [ -7.138989026107821, 38.914467537179668 ], [ -7.139109346050748, 38.914602619985821 ], [ -7.139250238888122, 38.914612134482361 ], [ -7.139326216732225, 38.914608826064274 ], [ -7.139453360743206, 38.914566406175389 ], [ -7.139650813834924, 38.914564131457666 ], [ -7.139803265510372, 38.914521925653865 ], [ -7.140015462541419, 38.914551414953699 ], [ -7.140399619973525, 38.914619164130244 ], [ -7.14061247527166, 38.914609711798555 ], [ -7.140774358610279, 38.91458159712861 ], [ -7.140931485138716, 38.914567113535298 ], [ -7.141017640878196, 38.91455993618343 ], [ -7.141058683218373, 38.914520737116156 ], [ -7.141135046271964, 38.91448974684404 ], [ -7.141263014701993, 38.914388009747626 ], [ -7.141422178186717, 38.914227214373845 ], [ -7.141513669500973, 38.914200307598982 ], [ -7.141686891085251, 38.914179800300239 ], [ -7.141772819438277, 38.914186110235612 ], [ -7.141879776210387, 38.914229988300761 ], [ -7.141986844151813, 38.914266380997297 ], [ -7.142077518414625, 38.914270934886893 ], [ -7.14220673700685, 38.914264555486355 ], [ -7.142465063915559, 38.91422024980983 ], [ -7.142682651935417, 38.914226050392983 ], [ -7.142915999727857, 38.914291919007404 ], [ -7.143068889991947, 38.91429986875518 ], [ -7.143155432489077, 38.914261330445328 ], [ -7.14325019840853, 38.91418340671509 ], [ -7.143333928044735, 38.913986376431502 ], [ -7.14333167807079, 38.913790284436018 ], [ -7.143435478339216, 38.913599665597133 ], [ -7.143443176575456, 38.913409899292837 ], [ -7.143424853274185, 38.913271325963237 ], [ -7.143348787334871, 38.913063786399597 ], [ -7.143333792263768, 38.912947912497167 ], [ -7.143377333844492, 38.912742728201366 ], [ -7.143429475686072, 38.912599410738309 ], [ -7.143502654413982, 38.912493559446467 ], [ -7.143577880723082, 38.912406373899778 ], [ -7.143665989489364, 38.912429547833575 ], [ -7.143756701755611, 38.912439591765882 ], [ -7.143840146746609, 38.912449665021164 ], [ -7.144031239744747, 38.912462450929915 ], [ -7.144332082175112, 38.912460366808844 ], [ -7.144519078774674, 38.912481724887854 ], [ -7.144729729136905, 38.912584195522363 ], [ -7.144965144447935, 38.912668335055194 ], [ -7.145084004469069, 38.912710502221167 ], [ -7.145127597068624, 38.91266790579548 ], [ -7.145224453992897, 38.912575313924776 ], [ -7.145252052768879, 38.912480340713685 ], [ -7.145274880901278, 38.912388926564134 ], [ -7.145312416842089, 38.912267818991218 ], [ -7.145335273883229, 38.912165325718746 ], [ -7.145394078541494, 38.912064938110156 ], [ -7.145438007602696, 38.911998023878866 ], [ -7.145521199653215, 38.912026827805342 ], [ -7.145653790911687, 38.912056299038746 ], [ -7.146141950957445, 38.912075038371249 ], [ -7.146440961187946, 38.912062607899806 ], [ -7.146660874728036, 38.912058876237104 ], [ -7.146857107435645, 38.912041887579072 ], [ -7.146969644485259, 38.912024103347107 ], [ -7.147037153910902, 38.911978013306076 ], [ -7.147179606614784, 38.911872742982837 ], [ -7.147317156434253, 38.91178049300855 ], [ -7.147526448080359, 38.911677588162156 ], [ -7.147608206339608, 38.911642787509869 ], [ -7.147798588543591, 38.911698621200927 ], [ -7.147839506090674, 38.911674645108512 ], [ -7.147911775677088, 38.911634176742481 ], [ -7.14799871023422, 38.911575193543769 ], [ -7.148071379889307, 38.911497345088328 ], [ -7.148112561125989, 38.911462200791469 ], [ -7.148221019996312, 38.911397721537639 ], [ -7.148318396780099, 38.911434031182132 ], [ -7.148477390475451, 38.911517520757293 ], [ -7.148577691730248, 38.911525930372825 ], [ -7.148720683012131, 38.911557042347958 ], [ -7.148816251785371, 38.911557846365042 ], [ -7.148923827506062, 38.91155685993165 ], [ -7.149076583857095, 38.911565619451615 ], [ -7.149258162002197, 38.911574622575344 ], [ -7.149468462386723, 38.911581978533818 ], [ -7.149692741476394, 38.911604401794051 ], [ -7.149931661563398, 38.911610195582462 ], [ -7.150144372012783, 38.911610091605098 ], [ -7.15042591734765, 38.911634887224892 ], [ -7.150757713659556, 38.911669561213941 ], [ -7.150955653306853, 38.911695545402836 ], [ -7.151108321789807, 38.91171925595593 ], [ -7.151256146477546, 38.911742835494891 ], [ -7.151385628202889, 38.911708432657264 ], [ -7.151543660138, 38.911685528338793 ], [ -7.151691741638958, 38.911690466440618 ], [ -7.151834612635525, 38.911730940607306 ], [ -7.151981898138108, 38.911793785162516 ], [ -7.152138080072821, 38.911905437247 ], [ -7.152305917842543, 38.912001641721389 ], [ -7.152445948629948, 38.912125417952893 ], [ -7.15263561382084, 38.912320796210132 ], [ -7.152772494928879, 38.912512196326276 ], [ -7.152782591093077, 38.912521249082509 ], [ -7.15294731779814, 38.912668951822219 ], [ -7.153226202825599, 38.912887920568679 ], [ -7.153529290451204, 38.913099707302329 ], [ -7.153739965097805, 38.91323982994296 ], [ -7.15385379683521, 38.913304283980352 ], [ -7.154098413719836, 38.913416498683787 ], [ -7.154391034067965, 38.913508662664931 ], [ -7.154755679589242, 38.913586475126316 ], [ -7.155024966253332, 38.913648539417522 ], [ -7.155256065222372, 38.913695330594059 ], [ -7.155422982602317, 38.913722848893777 ], [ -7.155623633622387, 38.913728306951818 ], [ -7.155764612509197, 38.913722011000495 ], [ -7.155806175457413, 38.913658856231251 ], [ -7.155970779859011, 38.913501429112372 ], [ -7.156099707136766, 38.913302950054444 ], [ -7.156201858048614, 38.913236573039548 ], [ -7.156303683528374, 38.913193921952079 ], [ -7.156568756202724, 38.913117923846883 ], [ -7.15676078505851, 38.913054133889894 ], [ -7.156873501537723, 38.913023278774126 ], [ -7.156938443511702, 38.912995804565824 ], [ -7.157209366954735, 38.912929159680829 ], [ -7.157305372024038, 38.912898164443938 ], [ -7.157380161987338, 38.912850236757627 ], [ -7.157493463756526, 38.912776421437243 ], [ -7.157599507294562, 38.912719386880852 ], [ -7.157692219492056, 38.912751956627929 ], [ -7.15780358026836, 38.912820172083016 ], [ -7.158014784779815, 38.912939573072734 ], [ -7.158142607928833, 38.913026568757559 ], [ -7.158199390941334, 38.913064425451331 ], [ -7.158348774275902, 38.913151605464016 ], [ -7.158460240993956, 38.91321225118358 ], [ -7.158572080302962, 38.913254350537969 ], [ -7.158660016610916, 38.913290574570844 ], [ -7.158735730162398, 38.913343446169641 ], [ -7.158832549965677, 38.913430188630755 ], [ -7.158914774450044, 38.913529864842467 ], [ -7.158976146239538, 38.913586583553013 ], [ -7.159061073853757, 38.913665746670659 ], [ -7.159155525314448, 38.913748683204091 ], [ -7.159250442346861, 38.913805500579095 ], [ -7.159411241129438, 38.913926462018068 ], [ -7.159562695321777, 38.914039777114134 ], [ -7.159693134370846, 38.914104363071793 ], [ -7.15979995321591, 38.914159568697009 ], [ -7.159878141011284, 38.9142087706675 ], [ -7.160020065326457, 38.914310836287335 ], [ -7.160109678546283, 38.914352829070474 ], [ -7.160291353363567, 38.914393891061344 ], [ -7.160437435418208, 38.914446521037547 ], [ -7.160639279675014, 38.914465514356515 ], [ -7.160740371915461, 38.914504411785011 ], [ -7.160922209355609, 38.914533610229633 ], [ -7.161098876983214, 38.914570674926892 ], [ -7.161315822282496, 38.914623893818202 ], [ -7.161494939497313, 38.914631430650282 ], [ -7.161557967555902, 38.914566560875386 ], [ -7.16163538239237, 38.914503702387321 ], [ -7.161705782699209, 38.914422137925555 ], [ -7.161778808781726, 38.914325639933679 ], [ -7.161841889036891, 38.91425698633735 ], [ -7.161992085898805, 38.914106995407458 ], [ -7.162147125141348, 38.91395695898126 ], [ -7.162301955457029, 38.913821870535841 ], [ -7.162478528501864, 38.913625088482483 ], [ -7.162617396111457, 38.913464095206507 ], [ -7.162739917497245, 38.913435116550673 ], [ -7.162818841390932, 38.913430184235779 ], [ -7.162969360739552, 38.913425845965939 ], [ -7.163062625633749, 38.913426620084017 ], [ -7.162995019054602, 38.913302745891009 ], [ -7.162961142497537, 38.913156813993311 ], [ -7.163144486870642, 38.913045310886446 ], [ -7.163276694811763, 38.912970720130282 ], [ -7.163356132537921, 38.912928414630876 ], [ -7.163425896744362, 38.912893502341682 ], [ -7.163469352342273, 38.912860264895471 ], [ -7.16355603430327, 38.91281054401049 ], [ -7.16362842138158, 38.912760789920384 ], [ -7.163691472642737, 38.912694117627034 ], [ -7.163757031725662, 38.912612420706047 ], [ -7.163824666317367, 38.912564429452217 ], [ -7.163926175265931, 38.91247564647378 ], [ -7.163967204401533, 38.912451664733375 ], [ -7.164017651478082, 38.912429654559467 ], [ -7.164092232029723, 38.912396675247237 ], [ -7.164189008875429, 38.912317128796424 ], [ -7.164360128906904, 38.912244666674169 ], [ -7.164528336309743, 38.912159056940062 ], [ -7.1646151722113, 38.91207583631455 ], [ -7.164690081387598, 38.912018627958282 ], [ -7.164708709214675, 38.911923263937283 ], [ -7.164918142757543, 38.911762716266388 ], [ -7.165107104596814, 38.911575574625438 ], [ -7.165222315091971, 38.91146048476535 ], [ -7.16530260241034, 38.911534022897676 ], [ -7.165411445255709, 38.911609684776913 ], [ -7.16551609853269, 38.911646041329405 ], [ -7.1655994851205, 38.911669159596734 ], [ -7.165694850365132, 38.911684903451558 ], [ -7.165833115458954, 38.911708475406371 ], [ -7.165897209691294, 38.911742694030849 ], [ -7.166100238865887, 38.911742480764509 ], [ -7.166550681926843, 38.911725669199718 ], [ -7.166584772355373, 38.911677398594215 ], [ -7.166631860919503, 38.911554475075853 ], [ -7.16671942699944, 38.911319832767049 ], [ -7.166941997762549, 38.911289870904099 ], [ -7.167100055549218, 38.911265058611548 ], [ -7.167288905367236, 38.911264725939908 ], [ -7.167396106890264, 38.911291820444092 ], [ -7.16755337646399, 38.911324829918506 ], [ -7.167739826743929, 38.911365639680476 ], [ -7.167832572934671, 38.911225434674272 ], [ -7.16793002947833, 38.911086084623093 ], [ -7.16801047244402, 38.910969108377785 ], [ -7.16815138052664, 38.910796513514526 ], [ -7.168265632339426, 38.910651805542408 ], [ -7.168365179066064, 38.910716127432238 ], [ -7.168493867492933, 38.910807986718915 ], [ -7.168612235339224, 38.910887418359408 ], [ -7.168725804846551, 38.910972488644525 ], [ -7.168811118298998, 38.911023631528892 ], [ -7.168896534076631, 38.91106730607914 ], [ -7.169019942155266, 38.911131824487853 ], [ -7.169345718226253, 38.911297008215307 ], [ -7.169590171016368, 38.911422335829457 ], [ -7.169846595051151, 38.911549563234523 ], [ -7.170034849686987, 38.911584711227391 ], [ -7.170204183298988, 38.911612319310343 ], [ -7.170352911055137, 38.91157805412999 ], [ -7.17052792997477, 38.911534636719253 ], [ -7.170540296105973, 38.911506727691091 ], [ -7.170574359393217, 38.911460259007427 ], [ -7.170687172024746, 38.911422002347599 ], [ -7.17076549061514, 38.911290687266309 ], [ -7.17082911299968, 38.91118095845286 ], [ -7.170631755960303, 38.911102766751384 ], [ -7.170431984714128, 38.911032033835291 ], [ -7.170277439348873, 38.910976537059859 ], [ -7.170124472086054, 38.91091501709225 ], [ -7.170077160308845, 38.910875352696621 ], [ -7.169966015762395, 38.910790399205666 ], [ -7.169897604776957, 38.910725070902487 ], [ -7.169915000545681, 38.910674769959378 ], [ -7.169947194547553, 38.910587303162458 ], [ -7.169987033014228, 38.910471793846838 ], [ -7.170026737869355, 38.910365649535748 ], [ -7.17006401417373, 38.91026047601315 ], [ -7.169881064240982, 38.910182406396601 ], [ -7.169752636606117, 38.910130904016384 ], [ -7.169595698514232, 38.910073494095307 ], [ -7.16953401667589, 38.910039297402619 ], [ -7.169468617003959, 38.909930399520022 ], [ -7.169384600560442, 38.909783150203175 ], [ -7.169347289923888, 38.909711867550385 ], [ -7.169350165098456, 38.909678287456906 ], [ -7.169343948780178, 38.909609062116331 ], [ -7.169342358823145, 38.909547435964214 ], [ -7.169336525953886, 38.909450283857339 ], [ -7.169328037679307, 38.909369865803491 ], [ -7.169324210523158, 38.909295072754915 ], [ -7.169410469544228, 38.909284615389922 ], [ -7.169415874485287, 38.909234038976919 ], [ -7.169422242504153, 38.909112666105202 ], [ -7.169416410706127, 38.90901542843136 ], [ -7.169408466896725, 38.908894657123376 ], [ -7.169407649774868, 38.908784399789035 ], [ -7.169409112565297, 38.908676051972826 ], [ -7.169405660670625, 38.908573332081531 ], [ -7.169397660674612, 38.908456890264482 ], [ -7.169386771600185, 38.908383931412423 ], [ -7.169403733817713, 38.908218007803399 ], [ -7.16937781507182, 38.908024573128401 ], [ -7.169365861133545, 38.907853548492554 ], [ -7.169340294291461, 38.907634106289599 ], [ -7.169337197270529, 38.90751146084181 ], [ -7.169324840406956, 38.907370158921701 ], [ -7.169325995957196, 38.907284705925576 ], [ -7.169347227497761, 38.907121386513218 ], [ -7.169368659880504, 38.906943206169352 ], [ -7.169369966082471, 38.906846606573616 ], [ -7.169371674180467, 38.90672028423068 ], [ -7.169345856456171, 38.906519419046141 ], [ -7.169333097780952, 38.906407840752799 ], [ -7.169329749593497, 38.906303771434395 ], [ -7.169282795391466, 38.90617116807082 ], [ -7.169305096538162, 38.906107845716427 ], [ -7.169361746467694, 38.90604764701726 ], [ -7.169405646634476, 38.905966261596959 ], [ -7.169412856482716, 38.905845351393218 ], [ -7.169418788472391, 38.905755685300839 ], [ -7.169417532653838, 38.905652630389 ], [ -7.169397121993149, 38.905575895278119 ], [ -7.169381971777922, 38.905459932135429 ], [ -7.169378394428417, 38.905366498016953 ], [ -7.169389054309383, 38.905285427291957 ], [ -7.169463526176725, 38.905259917194741 ], [ -7.169573598860977, 38.905243976929725 ], [ -7.169707654142088, 38.905228239872883 ], [ -7.169825068656416, 38.905206778828934 ], [ -7.169928215350411, 38.905183397529548 ], [ -7.17004798623974, 38.905158169795037 ], [ -7.170172600525309, 38.905133073763572 ], [ -7.170320445658541, 38.905134043591772 ], [ -7.170548483960279, 38.90515078743713 ], [ -7.170662403404876, 38.905166589213721 ], [ -7.170771416441045, 38.905193498276816 ], [ -7.170955958414371, 38.905261903636458 ], [ -7.17113659836718, 38.90526710785867 ], [ -7.171195111437447, 38.905159832622921 ], [ -7.171235057503806, 38.905018961761563 ], [ -7.171266293681835, 38.904818566972786 ], [ -7.171307091665326, 38.904614535294456 ], [ -7.171365904706641, 38.904484967645381 ], [ -7.171357848948037, 38.904377143911681 ], [ -7.170690162485592, 38.904167273906694 ], [ -7.170576546816834, 38.904129178981442 ], [ -7.170479241070232, 38.904107381718589 ], [ -7.170391536000237, 38.904054418778692 ], [ -7.170364381800229, 38.903993661786608 ], [ -7.170341861540161, 38.903900581290287 ], [ -7.170357983588546, 38.903763230784577 ], [ -7.170364795723785, 38.903610940010545 ], [ -7.170385270930293, 38.903503350571761 ], [ -7.170371858726576, 38.903440072162184 ], [ -7.17029773842626, 38.90329454526389 ], [ -7.17028538020107, 38.903153244230303 ], [ -7.170253752423894, 38.903030362512787 ], [ -7.170198552197791, 38.902892422876612 ], [ -7.170119225259913, 38.902780295546059 ], [ -7.170049308626458, 38.902675677082065 ], [ -7.170021733337517, 38.90260484959736 ], [ -7.169984648828041, 38.902533943659684 ], [ -7.169966135483727, 38.902286681866222 ], [ -7.169993662250175, 38.902203499176416 ], [ -7.17026939821644, 38.902224167091397 ], [ -7.170296684928173, 38.902146183354787 ], [ -7.170458948236154, 38.901921036181044 ], [ -7.170523897027938, 38.90177820530397 ], [ -7.170574793960951, 38.901722592046504 ], [ -7.170705153730732, 38.901648098071284 ], [ -7.170753553346232, 38.901585328300271 ], [ -7.170797500373298, 38.901500227914624 ], [ -7.17087118597164, 38.90132699061175 ], [ -7.170981138312435, 38.901282510002233 ], [ -7.171024532168104, 38.901238278007199 ], [ -7.171068066166102, 38.90115692128466 ], [ -7.171097647572811, 38.901091770510519 ], [ -7.171170734026885, 38.900975662590923 ], [ -7.171243073296726, 38.900855707610958 ], [ -7.171291949609955, 38.90077017473368 ], [ -7.17134551826385, 38.900695945437043 ], [ -7.171514632139639, 38.90051030658838 ], [ -7.171631200194056, 38.900329193472217 ], [ -7.171844011797828, 38.900063410032544 ], [ -7.172023139915034, 38.899827074114739 ], [ -7.172149014102059, 38.899660900558573 ], [ -7.17229480677246, 38.899428005468586 ], [ -7.172357918500309, 38.899331915213359 ], [ -7.172416726249199, 38.899202345948282 ], [ -7.172505465375211, 38.898994391641551 ], [ -7.172569397222014, 38.89906598700103 ], [ -7.172647608902409, 38.899113289999768 ], [ -7.172713919037919, 38.899162381245247 ], [ -7.172787184641725, 38.899217213483688 ], [ -7.172867616916416, 38.899279481874999 ], [ -7.172925045140686, 38.899320396678768 ], [ -7.173014926494909, 38.899382748983797 ], [ -7.173102350082981, 38.899456339657291 ], [ -7.173161442943377, 38.899511049718541 ], [ -7.173225194914949, 38.899562013045539 ], [ -7.173279646075764, 38.899601644831712 ], [ -7.173353029063398, 38.899656471374584 ], [ -7.173395469050961, 38.899697897774139 ], [ -7.173463935041312, 38.899758180289489 ], [ -7.173516476819262, 38.89980283514344 ], [ -7.173634707446044, 38.899891542121914 ], [ -7.173745959523482, 38.89997658317764 ], [ -7.173816897392031, 38.900033191765196 ], [ -7.173878491897057, 38.900072882865871 ], [ -7.173923161344171, 38.900119998598917 ], [ -7.173984509729659, 38.900178421706045 ], [ -7.174043502166901, 38.900240605032359 ], [ -7.174097903759648, 38.900309872057079 ], [ -7.17414487033408, 38.900366284439976 ], [ -7.17419185287863, 38.900430170571525 ], [ -7.174217377658291, 38.900486405913583 ], [ -7.174260444992737, 38.900481177589569 ], [ -7.174317894537156, 38.900477954460769 ], [ -7.174392141559117, 38.900459829187291 ], [ -7.174476196401933, 38.900432502027421 ], [ -7.174562630288214, 38.900399612306018 ], [ -7.174637244218724, 38.900362845879975 ], [ -7.174711717445577, 38.900327965350748 ], [ -7.174827183602131, 38.900270993128103 ], [ -7.174913909079388, 38.900225044462495 ], [ -7.174990904165299, 38.900182704507671 ], [ -7.175077338739172, 38.90014972342982 ], [ -7.175151868857543, 38.900127905059556 ], [ -7.175219519986022, 38.900111708618091 ], [ -7.17528355710123, 38.900065668106009 ], [ -7.17545086803339, 38.900000156178315 ], [ -7.175589451067839, 38.899949271910174 ], [ -7.1756753344169, 38.8999276814288 ], [ -7.175679440223674, 38.89997602036302 ], [ -7.175645809218918, 38.900050707034843 ], [ -7.175631121731582, 38.900079588477944 ], [ -7.175604495029983, 38.900105494963981 ], [ -7.175575419054636, 38.900133267555645 ], [ -7.175549867608458, 38.900164853155836 ], [ -7.175529216521312, 38.900191709397781 ], [ -7.175495332215066, 38.90022602080969 ], [ -7.175470940837354, 38.900256625967394 ], [ -7.175444324969303, 38.900281630839871 ], [ -7.175411803082585, 38.900308478863941 ], [ -7.175377978920343, 38.900329638681725 ], [ -7.175262565264521, 38.900425883380329 ], [ -7.175197366932115, 38.900473902334817 ], [ -7.175134662936178, 38.900516352479677 ], [ -7.174980829201131, 38.900589858929209 ], [ -7.174935014506278, 38.900619386492977 ], [ -7.174896926030551, 38.900657359056552 ], [ -7.174861944648987, 38.900686975502701 ], [ -7.174827414408577, 38.900717501809304 ], [ -7.174771900991074, 38.900765594609119 ], [ -7.174720992068957, 38.900813819759549 ], [ -7.174662930950108, 38.900871172160663 ], [ -7.174733544823024, 38.901008678718185 ], [ -7.174817481880868, 38.901131988660339 ], [ -7.174842562975078, 38.901229346386074 ], [ -7.174908391713663, 38.901306447982215 ], [ -7.174986147754897, 38.901387434234053 ], [ -7.175126750274122, 38.901472662588851 ], [ -7.175239365802117, 38.901585060588324 ], [ -7.175333612280122, 38.90164900163721 ], [ -7.17543221420167, 38.901742705337 ], [ -7.175776817342272, 38.901931320328174 ], [ -7.175923266833248, 38.902003121146443 ], [ -7.175993342439883, 38.90203828496783 ], [ -7.176070765264346, 38.901996899032291 ], [ -7.176109351961681, 38.901956341383915 ], [ -7.176177265384986, 38.901856571899849 ], [ -7.176244929258186, 38.901775379479204 ], [ -7.176331961551658, 38.901668335293465 ], [ -7.176404529243865, 38.901576035111987 ], [ -7.176452974849703, 38.901509547681009 ], [ -7.176525392646947, 38.901428394043826 ], [ -7.176607120002152, 38.901362180132622 ], [ -7.17669716562807, 38.901241735367044 ], [ -7.176790541815654, 38.901159313826085 ], [ -7.176883792408564, 38.901297562086114 ], [ -7.176925737455576, 38.901361073480309 ], [ -7.176962678823712, 38.901443123934129 ], [ -7.177041915523968, 38.901562677241635 ], [ -7.177144925425709, 38.901682426054698 ], [ -7.177221312001943, 38.901802059488858 ], [ -7.17725757624152, 38.901839738988549 ], [ -7.177304757665255, 38.901880302022548 ], [ -7.177387540880546, 38.902029980441164 ], [ -7.177457417955168, 38.902138309892095 ], [ -7.177478956921755, 38.902189245128305 ], [ -7.177565731840835, 38.902217227792981 ], [ -7.177627793292141, 38.902199156569282 ], [ -7.177914425387776, 38.902101175856565 ], [ -7.178155175390573, 38.901990655239814 ], [ -7.178347202584346, 38.901923225458965 ], [ -7.178432167869698, 38.901896622613542 ], [ -7.178518924469884, 38.901865716090896 ], [ -7.178594710578311, 38.901836159232936 ], [ -7.178666805901973, 38.901806572152957 ], [ -7.178724165594861, 38.90177542695244 ], [ -7.178774034569234, 38.901761507951761 ], [ -7.178871912819464, 38.90172636840795 ], [ -7.178951293427993, 38.901695395870256 ], [ -7.179209983682648, 38.90158784356926 ], [ -7.179371545988452, 38.901596594788408 ], [ -7.179426466036745, 38.901756821806487 ], [ -7.179447854384396, 38.901935354054338 ], [ -7.179451515493372, 38.902017131875816 ], [ -7.17947379748143, 38.902128787000315 ], [ -7.17946264800232, 38.902251316898074 ], [ -7.179441989201581, 38.902373769115933 ], [ -7.1794201362157, 38.902585389880464 ], [ -7.179338907266885, 38.902734974601408 ], [ -7.179642966971176, 38.902635515152156 ], [ -7.179762434287649, 38.902591901146948 ], [ -7.180084018290041, 38.902375609557367 ], [ -7.180283803648025, 38.902270861826793 ], [ -7.180480056971838, 38.902171933589479 ], [ -7.180663538677487, 38.902060467584995 ], [ -7.18086443079493, 38.901972927061507 ], [ -7.180910837791721, 38.902058769133482 ], [ -7.180952638005146, 38.902133425762415 ], [ -7.180994737204013, 38.902185790008446 ], [ -7.181045997226112, 38.902264239399685 ], [ -7.181111968992387, 38.902309366973043 ], [ -7.181220734925401, 38.902354842526663 ], [ -7.181306271145851, 38.902359256442914 ], [ -7.181410729059514, 38.902371254940924 ], [ -7.181643516230937, 38.902388015800454 ], [ -7.18192895396376, 38.902379193802702 ], [ -7.182095917477941, 38.902339680900191 ], [ -7.182353073758541, 38.902312048331702 ], [ -7.182463523973417, 38.90223120070651 ], [ -7.182718927704433, 38.902060801791208 ], [ -7.182859850686857, 38.901961420010011 ], [ -7.182945292208878, 38.901898879967746 ], [ -7.183041995421142, 38.901813463824602 ], [ -7.183082631761939, 38.901791455551951 ], [ -7.183131042049783, 38.901748702871615 ], [ -7.18321804077391, 38.901681899369073 ], [ -7.18328801171801, 38.901590373620003 ], [ -7.183353173373473, 38.901491134193897 ], [ -7.183398899736673, 38.90137638671321 ], [ -7.183434446640713, 38.901288418097003 ], [ -7.183485183962388, 38.901166037727847 ], [ -7.183515923857809, 38.901070355473209 ], [ -7.183551828203773, 38.900955528935391 ], [ -7.183597348307353, 38.90085612960867 ], [ -7.183648341697112, 38.900714564061417 ], [ -7.183705525996398, 38.900845497576917 ], [ -7.183729156987033, 38.900914760335787 ], [ -7.183762558380303, 38.900987940692517 ], [ -7.183800766663179, 38.901068834634899 ], [ -7.183853552262713, 38.901161358853088 ], [ -7.183882145899552, 38.901226825573133 ], [ -7.183944854249666, 38.901311755913312 ], [ -7.183998050042155, 38.901373584456742 ], [ -7.184065822085915, 38.901447044130173 ], [ -7.184108993374869, 38.901524141056122 ], [ -7.184118181623104, 38.901598723345408 ], [ -7.184153837005964, 38.901630537200752 ], [ -7.184234718868583, 38.901670979533456 ], [ -7.184258708110176, 38.901713385206378 ], [ -7.184238297366485, 38.901772193248483 ], [ -7.184264985748481, 38.901836992232845 ], [ -7.184297245063451, 38.901899049520829 ], [ -7.184318737701853, 38.901938584873285 ], [ -7.18434375569912, 38.901990491139365 ], [ -7.184370884247386, 38.902030978450298 ], [ -7.184401264727059, 38.902095808305148 ], [ -7.184425971401543, 38.902170769780618 ], [ -7.184454584394033, 38.902229913147337 ], [ -7.184488863387458, 38.902278652781 ], [ -7.184532014511618, 38.902345121265647 ], [ -7.184575242664979, 38.902414470102272 ], [ -7.184621992611958, 38.90249672755823 ], [ -7.184670391504952, 38.902584761478273 ], [ -7.184711792291874, 38.902653108180502 ], [ -7.184763939691346, 38.902736848843745 ], [ -7.184810590439894, 38.902817756071428 ], [ -7.184859049811618, 38.902910029396857 ], [ -7.184894920964854, 38.902977606004754 ], [ -7.184934391680228, 38.903052596297549 ], [ -7.184997261232954, 38.90316228036054 ], [ -7.18511257777685, 38.903332736043168 ], [ -7.185173637793834, 38.903456996789032 ], [ -7.185269188242295, 38.903597120735796 ], [ -7.185330561776348, 38.903680845965319 ], [ -7.185368451450403, 38.903735739840513 ], [ -7.185422574035219, 38.90380959053541 ], [ -7.185471298072629, 38.903873219654891 ], [ -7.185512936267097, 38.903923820242291 ], [ -7.185567175333351, 38.903988843428351 ], [ -7.185619705733655, 38.90405250337782 ], [ -7.185666695910661, 38.904108009667461 ], [ -7.185715573561395, 38.904160199329247 ], [ -7.185757186037897, 38.904212239941216 ], [ -7.185797019822743, 38.904259942439417 ], [ -7.185840441476022, 38.904306233713783 ], [ -7.185887573556485, 38.904359848560325 ], [ -7.18592949966952, 38.904414417396453 ], [ -7.185980073518501, 38.904478056804649 ], [ -7.186019711477388, 38.904540172559891 ], [ -7.1860593675345, 38.904600844523834 ], [ -7.186093592316523, 38.904654264506149 ], [ -7.186116940633853, 38.904692919210724 ], [ -7.186138308317815, 38.904741910322734 ], [ -7.186172704257981, 38.904782456152709 ], [ -7.186208822864041, 38.904831567795178 ], [ -7.186237534120393, 38.904883502694659 ], [ -7.186424406374365, 38.905186864072412 ], [ -7.186456758921155, 38.905235469494961 ], [ -7.186485114432726, 38.905274373701921 ], [ -7.186529924474255, 38.905316634247477 ], [ -7.186594671523996, 38.905410621530926 ], [ -7.186647386905945, 38.905478728680528 ], [ -7.186740832326569, 38.905585840263093 ], [ -7.186940524828135, 38.905767939431634 ], [ -7.187095322016666, 38.905914222220055 ], [ -7.187213642018106, 38.906011866184237 ], [ -7.187307644885789, 38.906077084609535 ], [ -7.187397395276492, 38.90615193730833 ], [ -7.187527962117737, 38.906259348955309 ], [ -7.18767021742152, 38.906418421124599 ], [ -7.187750916111924, 38.90653954813601 ], [ -7.187997895764389, 38.906591886071716 ], [ -7.188253302611627, 38.906616513041769 ], [ -7.188491675906591, 38.906613001397119 ], [ -7.1888612148949, 38.906186346384139 ], [ -7.189074796211183, 38.905943136167373 ], [ -7.1892427544722, 38.905718894300094 ], [ -7.189402675161998, 38.905478473444411 ], [ -7.189546226601209, 38.905228251259715 ], [ -7.189781405119815, 38.904911088572554 ], [ -7.189869890700317, 38.904769998042234 ], [ -7.189979638831879, 38.904483361718228 ], [ -7.190032136464414, 38.904401092060816 ], [ -7.190051190419575, 38.904355310613099 ], [ -7.190314725759285, 38.904136473547162 ], [ -7.19042647452202, 38.904019648750129 ], [ -7.190501585466587, 38.903918559840697 ], [ -7.190594514315432, 38.903838960133172 ], [ -7.19077442462084, 38.903737452368986 ], [ -7.190851212379318, 38.90369285107046 ], [ -7.190917817323974, 38.903651051790355 ], [ -7.190984613619366, 38.903603490926542 ], [ -7.191047590474911, 38.90355733862549 ], [ -7.191105126106003, 38.903512581807888 ], [ -7.191147815816647, 38.903474913096836 ], [ -7.191287456988672, 38.903393439594019 ], [ -7.191436493013811, 38.903298527532691 ], [ -7.191558619059247, 38.903224840953065 ], [ -7.191682801972822, 38.903135400248424 ], [ -7.191794185424191, 38.903045861616214 ], [ -7.191904014320656, 38.902943339336467 ], [ -7.191989582403196, 38.902853592392972 ], [ -7.192077182399781, 38.902758185145174 ], [ -7.192121932994351, 38.902703958615618 ], [ -7.192179759744793, 38.902636955622768 ], [ -7.192226509995961, 38.902579865423476 ], [ -7.192254283026936, 38.902554237303377 ], [ -7.192316205046434, 38.902596437186901 ], [ -7.192399978510307, 38.902651607564543 ], [ -7.192465381092344, 38.902700957757546 ], [ -7.1925364877139, 38.902746024793863 ], [ -7.192622101073356, 38.902792653474037 ], [ -7.192700475284517, 38.902837784359591 ], [ -7.192771544107447, 38.90287708695719 ], [ -7.192851928087541, 38.90290934849402 ], [ -7.192895791951271, 38.902931228215699 ], [ -7.192965244743394, 38.902953314883128 ], [ -7.193038362421686, 38.902976874944436 ], [ -7.193103863291795, 38.903027569512098 ], [ -7.19322688232435, 38.903166377780927 ], [ -7.193286855235795, 38.903217124124915 ], [ -7.193373934045652, 38.9032924939305 ], [ -7.193448296774273, 38.903361998235539 ], [ -7.193500926344308, 38.903409891194883 ], [ -7.19358832976555, 38.903469413603283 ], [ -7.193642971246103, 38.903504351682543 ], [ -7.193708376672181, 38.903553610224876 ], [ -7.193761116836665, 38.90358429935791 ], [ -7.193823043854795, 38.903617856549808 ], [ -7.193914195599222, 38.903673085202101 ], [ -7.194025343745955, 38.90374144023 ], [ -7.194097184132268, 38.903783815330279 ], [ -7.194195500888533, 38.903846308406528 ], [ -7.194297563313712, 38.903904594324779 ], [ -7.194397935713636, 38.903951340385284 ], [ -7.194499980643153, 38.90401097893421 ], [ -7.194591107508132, 38.904067737257272 ], [ -7.194694944727946, 38.904131714613264 ], [ -7.194777064109428, 38.904181192473786 ], [ -7.194846273272297, 38.904221924590338 ], [ -7.194910133908425, 38.904256935266822 ], [ -7.194959289825971, 38.904288944400975 ], [ -7.195003037608246, 38.904310823300207 ], [ -7.195073999215079, 38.904367328234528 ], [ -7.195135751139253, 38.904413764253661 ], [ -7.195184793434513, 38.90445442422098 ], [ -7.195239437655049, 38.904489270598624 ], [ -7.195275994987131, 38.904505415016303 ], [ -7.195317599967381, 38.904550248776111 ], [ -7.195468888891135, 38.904628173906374 ], [ -7.195579310070746, 38.904699963438333 ], [ -7.195640834336372, 38.904726240960258 ], [ -7.195690070515887, 38.904745973014556 ], [ -7.195784969537081, 38.904743512024616 ], [ -7.195892409785163, 38.904728260797505 ], [ -7.19602922964194, 38.904674570074896 ], [ -7.196298742134761, 38.90456715592768 ], [ -7.196542916470931, 38.90450465807762 ], [ -7.196754053780775, 38.904445116786952 ], [ -7.196936237256868, 38.90439178971404 ], [ -7.197089467033037, 38.904344675194686 ], [ -7.197213362382747, 38.904332777607799 ], [ -7.197345420499105, 38.904327390285125 ], [ -7.19741561555743, 38.904321507021542 ], [ -7.197498438379804, 38.904296388203896 ], [ -7.197577220306764, 38.904264791076308 ], [ -7.197730829987923, 38.904188673238927 ], [ -7.197801701437223, 38.904131229097914 ], [ -7.197947245785246, 38.904084712135521 ], [ -7.198045580328158, 38.904013707025094 ], [ -7.198151036130974, 38.903945552130175 ], [ -7.198251275791347, 38.903870243834611 ], [ -7.198355069670965, 38.903796488902465 ], [ -7.198497817842779, 38.903697101902047 ], [ -7.198584636523703, 38.903643123170831 ], [ -7.198701396294875, 38.903565057062977 ], [ -7.198821804570839, 38.903481347017802 ], [ -7.198918245703376, 38.903414650576678 ], [ -7.199038692383348, 38.903327970789675 ], [ -7.199162812712577, 38.90325140702641 ], [ -7.199233208197086, 38.903166163294522 ], [ -7.199374989883395, 38.903048051379848 ], [ -7.199479232373168, 38.902961867561388 ], [ -7.199595720598825, 38.902885450372011 ], [ -7.199707872241928, 38.902825113075778 ], [ -7.199861771889906, 38.902726435056323 ], [ -7.199961551664196, 38.902665997716134 ], [ -7.200075522383882, 38.902576722217773 ], [ -7.200222735799033, 38.902417109383897 ], [ -7.200377557451981, 38.902240266958337 ], [ -7.200579841767126, 38.902065041080917 ], [ -7.200659420779135, 38.901972213309179 ], [ -7.200747586198138, 38.901853671455605 ], [ -7.200873877614777, 38.901658086176937 ], [ -7.200987670727674, 38.901472068879855 ], [ -7.201096790271963, 38.901327911441044 ], [ -7.201197957210588, 38.901161129854522 ], [ -7.201286331316036, 38.901026475448063 ], [ -7.201412619766699, 38.900830888622309 ], [ -7.201572321170336, 38.900603339771308 ], [ -7.201668561898323, 38.900497753363766 ], [ -7.201676887405478, 38.900380729310278 ], [ -7.201796921703803, 38.900192162249873 ], [ -7.201915007420433, 38.900012142190974 ], [ -7.201976738189394, 38.89992787070814 ], [ -7.201997939344335, 38.899849040869164 ], [ -7.202007868389834, 38.899794537276435 ], [ -7.202019963904913, 38.899715633912905 ], [ -7.20206931083922, 38.89959109308186 ], [ -7.202133532145037, 38.89940415501205 ], [ -7.20218192131041, 38.899264651980097 ], [ -7.202222086891539, 38.899145800962408 ], [ -7.202247179307372, 38.899051151320947 ], [ -7.202298710526156, 38.898900770415878 ], [ -7.202329409235187, 38.898800492426481 ], [ -7.202344932554501, 38.898741705213837 ], [ -7.20237549945889, 38.898651512930932 ], [ -7.20241350278608, 38.898557051739097 ], [ -7.20244773776441, 38.898459680747372 ], [ -7.202483912027132, 38.898363770029384 ], [ -7.202525907698166, 38.898246282819073 ], [ -7.202548743796195, 38.898183230183612 ], [ -7.202577600005611, 38.898082937428846 ], [ -7.20260963031152, 38.897951140461146 ], [ -7.202637092457592, 38.897816333647903 ], [ -7.202664441667983, 38.897690172374723 ], [ -7.20267707786905, 38.897569662346861 ], [ -7.202706233414247, 38.89744630872746 ], [ -7.202715180164047, 38.897325678311937 ], [ -7.202734631828775, 38.897239721910069 ], [ -7.20272867541552, 38.897139147182145 ], [ -7.202737550171367, 38.897015723810661 ], [ -7.202735186677877, 38.896922656768417 ], [ -7.202736458373704, 38.896825023885491 ], [ -7.2026770904599, 38.896586209948381 ], [ -7.202656349621051, 38.896488401639779 ], [ -7.202646220738054, 38.896416529878074 ], [ -7.202621944606941, 38.896307161781827 ], [ -7.202597438184844, 38.896215091953927 ], [ -7.202576726904176, 38.896115034649078 ], [ -7.202548828817287, 38.895999874565753 ], [ -7.202527710965465, 38.895922146699412 ], [ -7.202510623305193, 38.895827251725343 ], [ -7.202475500786436, 38.895700593408819 ], [ -7.202443696022254, 38.895602702266693 ], [ -7.202423215609086, 38.89548489807251 ], [ -7.202398934335013, 38.895375530775461 ], [ -7.202378456311324, 38.895257641916601 ], [ -7.202361330264375, 38.895165625454027 ], [ -7.20231906017371, 38.895021615391691 ], [ -7.202305169656714, 38.894964129457854 ], [ -7.202295190692828, 38.894880726336503 ], [ -7.202285137607213, 38.894803091128566 ], [ -7.202275709130023, 38.894757076888936 ], [ -7.202261785654906, 38.894693645628507 ], [ -7.202249848768115, 38.894627522501139 ], [ -7.20223016751544, 38.894581425614078 ], [ -7.202199720891023, 38.894520652280974 ], [ -7.202162182704454, 38.894447121593245 ], [ -7.202129965013608, 38.894380842148365 ], [ -7.20210506829125, 38.894318849267023 ], [ -7.202072833081086, 38.894254008189343 ], [ -7.20201206628524, 38.894122822436884 ], [ -7.201988716053008, 38.894084085232997 ], [ -7.201958266322933, 38.894023492862907 ], [ -7.201927762515827, 38.893967221929586 ], [ -7.201906217699737, 38.893931197803013 ], [ -7.201819231625506, 38.893839979707444 ], [ -7.201791669177537, 38.893805532543361 ], [ -7.201737367487726, 38.893744745352997 ], [ -7.201688615487192, 38.893682657565151 ], [ -7.201641612388539, 38.893627695258672 ], [ -7.20159645451657, 38.893564101199146 ], [ -7.20156399300043, 38.893516643860671 ], [ -7.201520698035513, 38.893460362642735 ], [ -7.201480823065836, 38.893415454749309 ], [ -7.201442986062612, 38.89336489458173 ], [ -7.201374416704416, 38.893266705249999 ], [ -7.201314581451012, 38.893205963779309 ], [ -7.20128344191308, 38.893172298636202 ], [ -7.201252657679447, 38.893137554500086 ], [ -7.201216453307536, 38.8930942098157 ], [ -7.20117852252798, 38.893050852241082 ], [ -7.201142342888172, 38.893006062901669 ], [ -7.201122454414271, 38.892984286658915 ], [ -7.201057268969397, 38.89290072106764 ], [ -7.200994120711153, 38.892811131163718 ], [ -7.200936466901136, 38.892724554918104 ], [ -7.200893218860985, 38.892664669872602 ], [ -7.200851839760932, 38.892593903162449 ], [ -7.200731159794426, 38.892409004840559 ], [ -7.200686167175824, 38.892341178140299 ], [ -7.200637473624644, 38.89227476219115 ], [ -7.200609702897945, 38.892239055610787 ], [ -7.200580743399944, 38.892205764392443 ], [ -7.200535571861421, 38.892152256588695 ], [ -7.200503038604334, 38.892110386731773 ], [ -7.200465140778912, 38.892064053053275 ], [ -7.200432646544947, 38.892019293829428 ], [ -7.200403784820315, 38.891978892697416 ], [ -7.20036931821482, 38.891944118008908 ], [ -7.200338590308409, 38.891905141377244 ], [ -7.200313262447241, 38.891876202783294 ], [ -7.200293487602661, 38.89184587092484 ], [ -7.200275500369711, 38.891811227864281 ], [ -7.200259600871895, 38.891766600270692 ], [ -7.200240046674743, 38.891710418167911 ], [ -7.200225986315265, 38.891666529479487 ], [ -7.200210141287505, 38.891608932176894 ], [ -7.20019971826453, 38.891568677414163 ], [ -7.200187596378527, 38.891516877463488 ], [ -7.200180920219689, 38.891472323552456 ], [ -7.200172262538616, 38.891429108560828 ], [ -7.200163677924139, 38.89138022112455 ], [ -7.200153554321132, 38.891316995599318 ], [ -7.200148809614501, 38.891256608130888 ], [ -7.200140006902235, 38.891224922689183 ], [ -7.200137011987464, 38.891171659852269 ], [ -7.200134110104886, 38.891111286206218 ], [ -7.200131083180549, 38.891060999245134 ], [ -7.200124625169495, 38.890999247833967 ], [ -7.200125413496297, 38.890938902772191 ], [ -7.200120481487334, 38.890892923365548 ], [ -7.200113745582701, 38.890844045289398 ], [ -7.200108888965021, 38.890792304280062 ], [ -7.200102299067535, 38.890740548519112 ], [ -7.200095864859922, 38.890668524050106 ], [ -7.200085758100943, 38.890595212762754 ], [ -7.200082930488638, 38.890529166675037 ], [ -7.200079977938582, 38.890473110891918 ], [ -7.200075482851528, 38.890402637721358 ], [ -7.200061815677354, 38.890319296765249 ], [ -7.200059063497581, 38.890247487270798 ], [ -7.20004725761056, 38.890171998755825 ], [ -7.200044505507062, 38.890100184756143 ], [ -7.200042098546821, 38.890002431432123 ], [ -7.200046381602521, 38.889956525655201 ], [ -7.200048924182425, 38.889903403438431 ], [ -7.200055206602096, 38.889845982021747 ], [ -7.200057574939365, 38.889805648398543 ], [ -7.200065602531033, 38.889746801500841 ], [ -7.200079450113105, 38.889675125548877 ], [ -7.200091243243627, 38.889610540227508 ], [ -7.200104766902499, 38.889563267958557 ], [ -7.200116580877102, 38.889505896140363 ], [ -7.200124650681563, 38.88944425629473 ], [ -7.200145737223025, 38.889382633982905 ], [ -7.20018744385002, 38.889304467197292 ], [ -7.200189097977536, 38.889301367363508 ], [ -7.20029773487311, 38.889305299725081 ], [ -7.200443051356211, 38.889351135003338 ], [ -7.200664683896142, 38.889412805239097 ], [ -7.200950846316569, 38.889467418396855 ], [ -7.201192053794824, 38.889495555226716 ], [ -7.201333157173044, 38.889492983691675 ], [ -7.201538705217937, 38.889498316060688 ], [ -7.201804380223374, 38.889479889827875 ], [ -7.202005462031832, 38.889474016241969 ], [ -7.202055516613171, 38.889489369918799 ], [ -7.20221061395245, 38.889518615004278 ], [ -7.202284157359761, 38.889562170600847 ], [ -7.202452276982711, 38.889688804707696 ], [ -7.202585095558803, 38.889773990398943 ], [ -7.202761095670612, 38.889844569987446 ], [ -7.202911307898183, 38.889877561143656 ], [ -7.203064251742115, 38.889886255861221 ], [ -7.203309514740005, 38.889841485529615 ], [ -7.203397517847919, 38.889819546411324 ], [ -7.203413718731724, 38.889858945244825 ], [ -7.203433522230989, 38.889993680205897 ], [ -7.203522901243487, 38.890467471887668 ], [ -7.203533475653263, 38.89057591472222 ], [ -7.203607907949443, 38.890737385136788 ], [ -7.203649555295605, 38.890840584242198 ], [ -7.203783463053011, 38.89102855292748 ], [ -7.203874967522252, 38.891162056923619 ], [ -7.203884257328518, 38.891369753086408 ], [ -7.203894570366827, 38.891489459683982 ], [ -7.203894399011092, 38.891502610414975 ], [ -7.203998673918425, 38.89157630774644 ], [ -7.204133548484331, 38.891689614655768 ], [ -7.204277951143811, 38.891797323276705 ], [ -7.204323059903882, 38.891829567450522 ], [ -7.204547926394008, 38.892007090151473 ], [ -7.204680582835898, 38.892105338686719 ], [ -7.204791350505929, 38.892229621748598 ], [ -7.204913782112451, 38.892378319029199 ], [ -7.205007868483067, 38.892491210589611 ], [ -7.205080919023357, 38.892581505788812 ], [ -7.205210402348854, 38.892737732463807 ], [ -7.205334947610374, 38.892910677616761 ], [ -7.2054499285469, 38.893074269650462 ], [ -7.205546183159226, 38.89321528371601 ], [ -7.205684625257584, 38.893418422689216 ], [ -7.205846181975537, 38.89367020630467 ], [ -7.205866960872525, 38.893730177714325 ], [ -7.205822128610299, 38.893871967119189 ], [ -7.205776270288716, 38.894092197002159 ], [ -7.205760140705802, 38.894224845465644 ], [ -7.205787064986633, 38.894361525417303 ], [ -7.20571404632987, 38.894463722901271 ], [ -7.205676414773593, 38.894592501105947 ], [ -7.205637651137899, 38.894825849270937 ], [ -7.205614330896791, 38.894962130114848 ], [ -7.205557984074157, 38.895253355109972 ], [ -7.205529062889434, 38.895456877764836 ], [ -7.205498614352562, 38.895768928791156 ], [ -7.20548923283374, 38.895940901489318 ], [ -7.205484121941205, 38.896148398295971 ], [ -7.205311456784141, 38.896369606540333 ], [ -7.205207603615507, 38.896449221434906 ], [ -7.205118159463396, 38.89652886068442 ], [ -7.20482078254718, 38.896767720937419 ], [ -7.204535864490285, 38.896978583713079 ], [ -7.204383984705254, 38.897072674919528 ], [ -7.204349474732177, 38.897147257653998 ], [ -7.204365544304161, 38.897205305629498 ], [ -7.204414832601769, 38.89727118156722 ], [ -7.204544638337014, 38.897403089874359 ], [ -7.204702804543218, 38.89756134846747 ], [ -7.204849227382811, 38.897700959505237 ], [ -7.205000270141165, 38.897857267647986 ], [ -7.2051869664038, 38.898028903551463 ], [ -7.205307647929564, 38.898127146230635 ], [ -7.205354364220969, 38.898213447811536 ], [ -7.205471872332108, 38.898369585242833 ], [ -7.205577315761043, 38.898531202448567 ], [ -7.205671480601595, 38.898647879038414 ], [ -7.205755976302266, 38.898771862328012 ], [ -7.205842729376745, 38.898899739478225 ], [ -7.205957885330724, 38.899059637343512 ], [ -7.20607512803894, 38.899236303201235 ], [ -7.206171222130279, 38.899390468352564 ], [ -7.206222735028608, 38.89947131568934 ], [ -7.206255792165086, 38.899508955390793 ], [ -7.206391269213633, 38.899754948980018 ], [ -7.20646378028048, 38.899878928495411 ], [ -7.206524859837391, 38.899969127707656 ], [ -7.206571894762205, 38.90003120432435 ], [ -7.206696088972252, 38.900222969295591 ], [ -7.206740795631632, 38.900286824395693 ], [ -7.2068716752161, 38.900523501243988 ], [ -7.206974745885669, 38.90069069118541 ], [ -7.20708216483559, 38.900887813729526 ], [ -7.20710314615469, 38.90092347120293 ], [ -7.207184036698663, 38.901139213739114 ], [ -7.207296558773457, 38.901315846302687 ], [ -7.207361977526266, 38.901426706100771 ], [ -7.207472033773807, 38.901616374631807 ], [ -7.20757274056696, 38.901779851247198 ], [ -7.207605217685381, 38.901853067994509 ], [ -7.207645037042811, 38.901920760890206 ], [ -7.207773526513727, 38.902155527936678 ], [ -7.207855437520969, 38.902292642156581 ], [ -7.207965493421963, 38.902473034122686 ], [ -7.208035632190661, 38.902602574972072 ], [ -7.208134816315564, 38.90269686025119 ], [ -7.208176889420996, 38.902768263953313 ], [ -7.208313251538701, 38.902956338537223 ], [ -7.208472720867674, 38.903202610649295 ], [ -7.208594698939784, 38.903379311413026 ], [ -7.208676564980329, 38.903520208799783 ], [ -7.208737335022822, 38.903634725933642 ], [ -7.208812597309666, 38.903725036210226 ], [ -7.208908969549206, 38.903858569220375 ], [ -7.209078009007464, 38.904104825266494 ], [ -7.209228335685576, 38.904309764415835 ], [ -7.209374751693398, 38.90446053464548 ], [ -7.209462456099301, 38.904524824357843 ], [ -7.209685048886275, 38.904694843575413 ], [ -7.20987422047131, 38.90486459898213 ], [ -7.209956985407184, 38.904936413886261 ], [ -7.210134247461572, 38.905091120197959 ], [ -7.210396864419836, 38.905313792517127 ], [ -7.210593085902276, 38.905491076120775 ], [ -7.210798781310684, 38.905676004266738 ], [ -7.210933507703532, 38.905804165564327 ], [ -7.211065622936686, 38.905937979100933 ], [ -7.211162559221219, 38.906028458123821 ], [ -7.211323228627895, 38.906183036996602 ], [ -7.211488620306249, 38.906337648421832 ], [ -7.211611626415453, 38.906445179872364 ], [ -7.211694297170432, 38.906524377267914 ], [ -7.211772488762655, 38.906584890721447 ], [ -7.211907496940813, 38.90669999022203 ], [ -7.212347733359691, 38.907051245723459 ], [ -7.212501593559716, 38.907179640780306 ], [ -7.212607913660566, 38.907285057015812 ], [ -7.212813614841872, 38.907469981645498 ], [ -7.212986138738788, 38.907626448693755 ], [ -7.213062031573065, 38.907677581516388 ], [ -7.213156869359679, 38.907743720790492 ], [ -7.213272999494263, 38.907821288211217 ], [ -7.213422236435598, 38.907932809431685 ], [ -7.213652476415621, 38.908074956706344 ], [ -7.213818581505311, 38.908175344403311 ], [ -7.214017988058953, 38.908294643471024 ], [ -7.214169732388492, 38.908391228079111 ], [ -7.214349881489441, 38.908519737545895 ], [ -7.214470617700328, 38.908616078632718 ], [ -7.214562909623757, 38.908691564684915 ], [ -7.214650408059191, 38.908772600396077 ], [ -7.214891858172255, 38.908967078671935 ], [ -7.2150691552613, 38.909129257698403 ], [ -7.215246507643065, 38.909287742853508 ], [ -7.215473853570368, 38.909467245515856 ], [ -7.215585027241297, 38.909563420207562 ], [ -7.215722404423825, 38.909665473720864 ], [ -7.215945039219239, 38.909826114265115 ], [ -7.21615346692726, 38.90998853530369 ], [ -7.216475829467034, 38.910221029321434 ], [ -7.216608507743013, 38.910330517639814 ], [ -7.216985384670928, 38.910591448378739 ], [ -7.217539806217936, 38.91100536731085 ], [ -7.217722347126835, 38.911137679844217 ], [ -7.217838440392457, 38.911219022041792 ], [ -7.217990139100332, 38.911328573235771 ], [ -7.218182037523652, 38.911468432944588 ], [ -7.218516186431693, 38.911717854388804 ], [ -7.218776909222826, 38.911903109456304 ], [ -7.21885050782473, 38.911944847192281 ], [ -7.219009694423928, 38.912028332632339 ], [ -7.219223558584606, 38.912136566536518 ], [ -7.219311447719406, 38.912187783801052 ], [ -7.219468305518181, 38.912273232970612 ], [ -7.219512936571074, 38.912335281010435 ], [ -7.219682993257571, 38.912497396355057 ], [ -7.219775344013847, 38.912578556259582 ], [ -7.219884340624872, 38.912656061293923 ], [ -7.220012378483704, 38.912741193305138 ], [ -7.220190158163288, 38.912867787220812 ], [ -7.220368028423437, 38.912996359652375 ], [ -7.220574364830332, 38.913134435803904 ], [ -7.220726172197816, 38.91323659532118 ], [ -7.221067606909659, 38.913467332304869 ], [ -7.22132134039003, 38.913641447684043 ], [ -7.221437628551967, 38.913717115711528 ], [ -7.221684538257295, 38.913676074494916 ], [ -7.222024708669474, 38.913635669650823 ], [ -7.222436564356458, 38.913597805619361 ], [ -7.222757552115294, 38.91356102950229 ], [ -7.223061943088974, 38.913514755173011 ], [ -7.22327045552639, 38.913492147164213 ], [ -7.223323469756774, 38.913638397689944 ], [ -7.223435297071743, 38.913874814516412 ], [ -7.223493156225189, 38.914021097306538 ], [ -7.223576842081946, 38.914212529426393 ], [ -7.223608052708716, 38.914395988051147 ], [ -7.223623196362632, 38.91451950984105 ], [ -7.223643969133666, 38.914762698777629 ], [ -7.223669463695677, 38.914833964087656 ], [ -7.223716106918318, 38.915109149711036 ], [ -7.223750909327094, 38.915382442442059 ], [ -7.223768826181723, 38.915477969329046 ], [ -7.223769701127616, 38.915599492831994 ], [ -7.22375822993854, 38.9157489294223 ], [ -7.223759747515983, 38.915819917853007 ], [ -7.223828056932254, 38.915897107662701 ], [ -7.223881975537307, 38.915981655386126 ], [ -7.223878192860901, 38.916097555163084 ], [ -7.223994180527542, 38.916188261960833 ], [ -7.224098155940716, 38.916289955406619 ], [ -7.224152502520973, 38.916340913240084 ], [ -7.224301734218106, 38.916456109126109 ], [ -7.224458182060696, 38.916565774450646 ], [ -7.22470782698806, 38.91669111749934 ], [ -7.224897991441175, 38.916788078098058 ], [ -7.22504532476585, 38.91687145769157 ], [ -7.225216282791183, 38.916964394185392 ], [ -7.225377696893064, 38.917064734360871 ], [ -7.225451233599469, 38.917112050391225 ], [ -7.225688530698726, 38.917265311801657 ], [ -7.22599699676485, 38.917462179586664 ], [ -7.226105539168057, 38.917386367949703 ], [ -7.226148039629194, 38.917435334904482 ], [ -7.226291837395263, 38.917597236581862 ], [ -7.226447600330968, 38.91777040048359 ], [ -7.226589048264327, 38.917926697003004 ], [ -7.226645586822753, 38.917986947663842 ], [ -7.226956147620353, 38.918210128784061 ], [ -7.227133757399953, 38.918351664379358 ], [ -7.227124571789487, 38.918512380347458 ], [ -7.227120891932391, 38.918611434914077 ], [ -7.227012875575381, 38.918827502291258 ], [ -7.226877909697778, 38.919095692925069 ], [ -7.226694743242984, 38.919391614766369 ], [ -7.226601803100391, 38.91955537073494 ], [ -7.226536403220641, 38.919620353782378 ], [ -7.226456576744416, 38.919687020868615 ], [ -7.226323530778961, 38.919803716374183 ], [ -7.226125278134417, 38.91996116279163 ], [ -7.225980102227159, 38.920079660659134 ], [ -7.225905206483696, 38.920138891138308 ], [ -7.225849120345997, 38.92022447637332 ], [ -7.225763896691977, 38.920343524564132 ], [ -7.225667152410157, 38.92042501407407 ], [ -7.22547359895816, 38.920593667152673 ], [ -7.225422855812582, 38.920640022229442 ], [ -7.22517617669923, 38.920851226321048 ], [ -7.225055100626335, 38.920960628979692 ], [ -7.224889350209663, 38.921019152917879 ], [ -7.224869854695883, 38.921037736214878 ], [ -7.224789477228854, 38.921147367860542 ], [ -7.224606796471562, 38.921213326067608 ], [ -7.224510814080295, 38.921244375978141 ], [ -7.224460114196419, 38.921277580719639 ], [ -7.22432476792343, 38.921375610183652 ], [ -7.224206715644879, 38.921445764906821 ], [ -7.224091071431266, 38.921508457421602 ], [ -7.223864437383305, 38.921648748155555 ], [ -7.223758575983965, 38.921694674964222 ], [ -7.223853507809532, 38.921755219711407 ], [ -7.224047793248126, 38.92190085677899 ], [ -7.224343908630953, 38.922118079087987 ], [ -7.224697287635696, 38.922365739892754 ], [ -7.225064615920415, 38.922641522771819 ], [ -7.225268615443401, 38.922785250789822 ], [ -7.225647788912951, 38.923072378987776 ], [ -7.22606931032496, 38.923412266631729 ], [ -7.22657615915414, 38.923816136367471 ], [ -7.226881616841581, 38.924061615965705 ], [ -7.227315074133225, 38.924397716682115 ], [ -7.227729792401497, 38.924711327021264 ], [ -7.228037845125764, 38.924943768058114 ], [ -7.228265296982904, 38.925121264822373 ], [ -7.228506906971484, 38.925300766967396 ], [ -7.228800526561626, 38.925544172622487 ], [ -7.229025426166355, 38.925723539733255 ], [ -7.229294030734371, 38.925875233790933 ], [ -7.229619951826091, 38.92601799843505 ], [ -7.229855808286864, 38.926096564209956 ], [ -7.230051351223555, 38.926144824938227 ], [ -7.23029017914769, 38.926180266282849 ], [ -7.230564684358724, 38.926230938363688 ], [ -7.231037996613995, 38.926308455050446 ], [ -7.231309064155461, 38.926347923953024 ], [ -7.231564470084068, 38.926394750303061 ], [ -7.23166233082722, 38.926407666371205 ], [ -7.232021679565214, 38.926469346274132 ], [ -7.232286220592605, 38.926514440038716 ], [ -7.232215351740428, 38.926437330963758 ], [ -7.232181007280952, 38.926317352697481 ], [ -7.232079571950835, 38.926204426583368 ], [ -7.231761283233613, 38.925822395892546 ], [ -7.23158909838349, 38.925632266291885 ], [ -7.231282684426801, 38.925268969083 ], [ -7.231113164064382, 38.92505084832797 ], [ -7.230871669004902, 38.924852622867839 ], [ -7.230672866731447, 38.924679132243256 ], [ -7.230348311459775, 38.924411081329119 ], [ -7.230119378317565, 38.924168092549863 ], [ -7.230008640874728, 38.924034552560705 ], [ -7.229823189948299, 38.923754517012057 ], [ -7.229743822285339, 38.923592936439547 ], [ -7.22969003272177, 38.923497132936561 ], [ -7.229714532536884, 38.923456245035737 ], [ -7.229798907197172, 38.923404564534664 ], [ -7.229955227599071, 38.923334699351742 ], [ -7.23026290504191, 38.923223039184371 ], [ -7.230399854358035, 38.923171673882415 ], [ -7.230537479038946, 38.923075546601503 ], [ -7.230706853807523, 38.922940297638867 ], [ -7.230798579828493, 38.922871826256028 ], [ -7.230985987726497, 38.922805985878092 ], [ -7.231288864375016, 38.92269050087075 ], [ -7.231560464848081, 38.922595405513285 ], [ -7.231805763995253, 38.922492536432202 ], [ -7.232027142098998, 38.922393267192241 ], [ -7.232412360562362, 38.922194284404412 ], [ -7.232513724596575, 38.922129580951207 ], [ -7.232732852493913, 38.922017231924634 ], [ -7.232884884052808, 38.921921116572989 ], [ -7.233106048368922, 38.921838691498905 ], [ -7.233295868097049, 38.921772865975029 ], [ -7.233368335988363, 38.921713612037912 ], [ -7.233568883778586, 38.921556260178242 ], [ -7.233868672974477, 38.921300499298638 ], [ -7.233992377643708, 38.921164984642559 ], [ -7.234055465794013, 38.921090702640257 ], [ -7.234168489686247, 38.921042934511703 ], [ -7.234548758844741, 38.920860748942715 ], [ -7.23478205242924, 38.920757781120827 ], [ -7.235129357459243, 38.920537962759077 ], [ -7.235656830661381, 38.920257820858986 ], [ -7.235970196443019, 38.920067642596365 ], [ -7.23626386169865, 38.919922260259582 ], [ -7.236386737503921, 38.919852132116709 ], [ -7.236717222983328, 38.919630286348685 ], [ -7.236854996647576, 38.919521091559659 ], [ -7.236855560919868, 38.919476146855146 ], [ -7.236776630599865, 38.91927926520188 ], [ -7.236667392098436, 38.91901675616468 ], [ -7.236572065682752, 38.918802905961144 ], [ -7.23657354082359, 38.91850188003913 ], [ -7.236526565075657, 38.918239758024022 ], [ -7.236486283165966, 38.918027276278046 ], [ -7.236599629734115, 38.917958020485713 ], [ -7.23678757795359, 38.917847225762266 ], [ -7.236956344338125, 38.917740160371942 ], [ -7.237214398467802, 38.917573785476144 ], [ -7.237458183830708, 38.917405589974699 ], [ -7.237646204198059, 38.917279749829504 ], [ -7.237860924928082, 38.917139256026985 ], [ -7.238072945548908, 38.917021254833443 ], [ -7.238253204978228, 38.916953454414696 ], [ -7.238335278012079, 38.916890490426226 ], [ -7.238495051974208, 38.91674588023465 ], [ -7.238647515769633, 38.916604995217931 ], [ -7.238811877415785, 38.916471497337128 ], [ -7.238860303178614, 38.91642511770565 ], [ -7.239151005047455, 38.916137567235339 ], [ -7.239340372545231, 38.915912743262354 ], [ -7.23947156571226, 38.915793945879884 ], [ -7.239527617590212, 38.915710239891986 ], [ -7.239722387193734, 38.915440599426972 ], [ -7.239817451962971, 38.915297384648447 ], [ -7.23990949256244, 38.915202695183517 ], [ -7.23996558274228, 38.915115210556493 ], [ -7.240019487943964, 38.915018431304688 ], [ -7.240106288169275, 38.914936763582226 ], [ -7.240215510691933, 38.914814284281448 ], [ -7.240441001478098, 38.91456730567576 ], [ -7.240611039752137, 38.914366653305592 ], [ -7.240693597274095, 38.91426450622518 ], [ -7.240749786331529, 38.914169541100911 ], [ -7.240829594492683, 38.914102863955769 ], [ -7.240991802292693, 38.913937732286222 ], [ -7.241238755661405, 38.913698390642651 ], [ -7.241509271480516, 38.913483548182846 ], [ -7.241676159098057, 38.913322230885889 ], [ -7.241838573063307, 38.913149625024914 ], [ -7.242066083672763, 38.912943822669313 ], [ -7.24236787797126, 38.912716154899691 ], [ -7.242570353311679, 38.912594292019854 ], [ -7.242645899325376, 38.912675306645227 ], [ -7.242792592183303, 38.912801629179853 ], [ -7.243019647145729, 38.913010895143231 ], [ -7.243232852043442, 38.913175191562274 ], [ -7.243436560169562, 38.913333743998493 ], [ -7.243607144406923, 38.913458627100169 ], [ -7.243853459548623, 38.913649303165073 ], [ -7.24393629165711, 38.913719111982346 ], [ -7.244206515987937, 38.913915727098583 ], [ -7.244377143924785, 38.914046014900272 ], [ -7.244464472404323, 38.914134682669449 ], [ -7.244698314051744, 38.914364533570037 ], [ -7.244946500318438, 38.914609445839936 ], [ -7.245109382336388, 38.914778944306079 ], [ -7.24518732641335, 38.914861863523605 ], [ -7.245258195853448, 38.914939059466562 ], [ -7.245311750160011, 38.915055390752244 ], [ -7.245452073395783, 38.91530515642107 ], [ -7.245606691559114, 38.915573679135242 ], [ -7.245728410627158, 38.915780337418077 ], [ -7.245820448212028, 38.915880209447316 ], [ -7.246001803718613, 38.916103980349064 ], [ -7.246107643026459, 38.916252509175109 ], [ -7.246229975629189, 38.916419810846911 ], [ -7.24638259616163, 38.916654715184755 ], [ -7.246495355392089, 38.916822028526568 ], [ -7.246582203491636, 38.916949877032316 ], [ -7.246612891346062, 38.916985599320995 ], [ -7.246721574625479, 38.917091092602796 ], [ -7.246872709324386, 38.917251217897324 ], [ -7.247182166392367, 38.917567662663828 ], [ -7.247396935536054, 38.917793578349666 ], [ -7.247451030561948, 38.917866951635766 ], [ -7.247535829933006, 38.917974150954734 ], [ -7.247625196435378, 38.918094451351543 ], [ -7.247785434210813, 38.918291937074841 ], [ -7.247856129792392, 38.918374713044372 ], [ -7.248074977029161, 38.918662453574726 ], [ -7.248282236304349, 38.918927675908392 ], [ -7.248340913425304, 38.919012338563647 ], [ -7.248491934784631, 38.919181743264701 ], [ -7.248739268421772, 38.91948834062427 ], [ -7.248934774411632, 38.919734738634212 ], [ -7.249095249630219, 38.919913580303039 ], [ -7.249225248730914, 38.920039950243122 ], [ -7.249511264293712, 38.920315043632328 ], [ -7.249562956423754, 38.920386505230404 ], [ -7.249764229975129, 38.9205488978318 ], [ -7.249977103301547, 38.920743088363139 ], [ -7.250126221183756, 38.920871494438067 ], [ -7.25030849798129, 38.921031764326621 ], [ -7.250613772403432, 38.921297632690951 ], [ -7.250776985402272, 38.92144280503112 ], [ -7.251011102510712, 38.92166336829046 ], [ -7.251241000645383, 38.921833363607327 ], [ -7.251535353743034, 38.922022578451951 ], [ -7.251703825498494, 38.92214347216499 ], [ -7.251869987325074, 38.922245699667052 ], [ -7.252048123060087, 38.922349908913112 ], [ -7.252190630816695, 38.922435201402401 ], [ -7.252428055412639, 38.922584623668754 ], [ -7.252866516030706, 38.922907606690089 ], [ -7.253008517260332, 38.923033971927765 ], [ -7.253115420599699, 38.923098368239607 ], [ -7.253379021334385, 38.923247985897255 ], [ -7.253585616919194, 38.923373033882015 ], [ -7.253839761578035, 38.923522671131302 ], [ -7.254241177710526, 38.923755653805962 ], [ -7.254609265563386, 38.92396965198818 ], [ -7.254986907040627, 38.924185607079195 ], [ -7.255241039990616, 38.924337041820465 ], [ -7.255397757546076, 38.924430093756598 ], [ -7.255670912496064, 38.92459112771374 ], [ -7.255979817042658, 38.924761706634328 ], [ -7.25620081452851, 38.924879112536452 ], [ -7.256436332927045, 38.924987440179187 ], [ -7.256707764779734, 38.92508288492315 ], [ -7.256926914860397, 38.925163072210424 ], [ -7.257150767355445, 38.925254465654717 ], [ -7.257420123253604, 38.925331242840052 ], [ -7.257744320213905, 38.925421498058029 ], [ -7.257901639826453, 38.925465731521939 ], [ -7.257931588777508, 38.925364980369203 ], [ -7.257947286527586, 38.925260429229127 ], [ -7.257984954075514, 38.92512235329913 ], [ -7.258022787476898, 38.924961848659272 ], [ -7.258081246640956, 38.92467998817915 ], [ -7.258120815355213, 38.924386816578377 ], [ -7.258149494299191, 38.92420192261055 ], [ -7.258172725810814, 38.924056263841592 ], [ -7.258221591523419, 38.923776314821666 ], [ -7.258263100175533, 38.92351306125142 ], [ -7.258312469470802, 38.923191856407499 ], [ -7.258351907165802, 38.922909763073733 ], [ -7.258370569093194, 38.922769747508681 ], [ -7.258416876040556, 38.922510224727887 ], [ -7.258484677009585, 38.922247168022679 ], [ -7.258566154128115, 38.922034652058862 ], [ -7.2586592270362, 38.921863397762195 ], [ -7.258713250535816, 38.921755346722414 ], [ -7.258828366172585, 38.921535613371205 ], [ -7.259041195694734, 38.921152038187017 ], [ -7.259165740108426, 38.920952997189346 ], [ -7.259294858433475, 38.920757684325174 ], [ -7.259472484518928, 38.920517790662259 ], [ -7.259712549220995, 38.920244850911068 ], [ -7.259809476415359, 38.920144599366459 ], [ -7.259947541585869, 38.919999798234315 ], [ -7.260070479378173, 38.919922169173823 ], [ -7.260181641276991, 38.919837063847218 ], [ -7.260334316316436, 38.919675528980562 ], [ -7.260518195501624, 38.919508543327616 ], [ -7.260840539996782, 38.91916325597294 ], [ -7.261104667962869, 38.918892293686817 ], [ -7.261405198107107, 38.918567378320077 ], [ -7.261678931955785, 38.918283425315423 ], [ -7.26180979876251, 38.91814235228729 ], [ -7.261918893282711, 38.918027145155001 ], [ -7.262214551448279, 38.917713451742507 ], [ -7.262374618674261, 38.917531427293994 ], [ -7.262480838122706, 38.917453670933995 ], [ -7.262687940421396, 38.917213385779917 ], [ -7.263000016699451, 38.916925816034507 ], [ -7.263109391126983, 38.916806824818181 ], [ -7.263262059388436, 38.916663838113521 ], [ -7.263439125807483, 38.916676325032483 ], [ -7.26370628418087, 38.916770100328392 ], [ -7.263897078868083, 38.916838895693495 ], [ -7.264240931882632, 38.916931347382871 ], [ -7.264439030151037, 38.916987135115306 ], [ -7.264770805626518, 38.917086969031779 ], [ -7.265042674649623, 38.917182669724831 ], [ -7.265314588214939, 38.917274584197422 ], [ -7.265465210255863, 38.917318757685479 ], [ -7.265670488812626, 38.917391437420719 ], [ -7.265923037589395, 38.917501947023005 ], [ -7.266301886470339, 38.917665718550694 ], [ -7.26668530892711, 38.917852047351495 ], [ -7.267002201705847, 38.917991127054769 ], [ -7.267240372692897, 38.918090085609236 ], [ -7.26761244409072, 38.91822398996829 ], [ -7.267856229828408, 38.918278217221818 ], [ -7.26810941939107, 38.918336297765677 ], [ -7.268235682151906, 38.918404859184136 ], [ -7.268159438139394, 38.918524796067381 ], [ -7.268106386467669, 38.918659510670658 ], [ -7.267856228328012, 38.918877318467892 ], [ -7.267694709793446, 38.919072736769344 ], [ -7.267506866336248, 38.919247467218419 ], [ -7.267414961598365, 38.919399303385163 ], [ -7.267277645437868, 38.919544346880272 ], [ -7.267190962456945, 38.919615794013424 ], [ -7.267025118945663, 38.919856058120565 ], [ -7.266859664796111, 38.920083268268236 ], [ -7.266630219532729, 38.920424217591957 ], [ -7.266330138564147, 38.920865708775757 ], [ -7.266164402060356, 38.921096696297411 ], [ -7.266168862385832, 38.921137893505474 ], [ -7.266163569030877, 38.921212143027581 ], [ -7.26625638212321, 38.921267606023356 ], [ -7.26648870248914, 38.921382529254146 ], [ -7.266776668459569, 38.921534380233048 ], [ -7.267056320974089, 38.921646283831059 ], [ -7.267306472883186, 38.921766139707799 ], [ -7.267597070793607, 38.921906824282473 ], [ -7.267897153792577, 38.922064426353771 ], [ -7.268096988486529, 38.922178229162725 ], [ -7.268404035727666, 38.922341468085207 ], [ -7.268497048426934, 38.92238341029082 ], [ -7.268732468045464, 38.92252936266938 ], [ -7.268965157433446, 38.922701508437584 ], [ -7.269150288187332, 38.922839522162263 ], [ -7.269197439373002, 38.922907247473859 ], [ -7.269453659295221, 38.923116944566743 ], [ -7.269698174377948, 38.923292865897992 ], [ -7.270085069040081, 38.923552635980556 ], [ -7.270331426058519, 38.923667655346335 ], [ -7.271062923068474, 38.92386659169491 ], [ -7.271519619934367, 38.923983161676631 ], [ -7.271804036663608, 38.924043686008915 ], [ -7.271889173403745, 38.923992521944925 ], [ -7.272014510462925, 38.923926068423192 ], [ -7.272120507125432, 38.9238763128279 ], [ -7.27220005463732, 38.923839429479422 ], [ -7.272184698775667, 38.924118283268562 ], [ -7.272180362160698, 38.9244777467311 ], [ -7.272188629114789, 38.924614449293429 ], [ -7.272238751879986, 38.924828300315781 ], [ -7.272339302315959, 38.925229698577823 ], [ -7.272384968318837, 38.925421087602111 ], [ -7.272458011851173, 38.925741755400743 ], [ -7.272570133539885, 38.926178820747715 ], [ -7.272674697534638, 38.92663087482935 ], [ -7.27270868306444, 38.926795872550713 ], [ -7.272770256811437, 38.927045292415926 ], [ -7.272826130544207, 38.927275546091956 ], [ -7.272927819644259, 38.927371235200603 ], [ -7.273182176972522, 38.92759950572335 ], [ -7.27362576389399, 38.928030004576186 ], [ -7.273977054990787, 38.928361230158259 ], [ -7.274328306458997, 38.928696106987061 ], [ -7.274865296788683, 38.929244045365657 ], [ -7.275183119498331, 38.929512281153364 ], [ -7.275700928693687, 38.930009801207071 ], [ -7.276009170412157, 38.929761728925939 ], [ -7.276961175953087, 38.929105919078225 ], [ -7.277269891938747, 38.928932170788435 ], [ -7.277361503692796, 38.928880327842222 ], [ -7.277627470869193, 38.928804317957791 ], [ -7.278222969627037, 38.92865531557139 ], [ -7.279038779169004, 38.928456800262126 ], [ -7.279639750570571, 38.928312830803151 ], [ -7.279798241887352, 38.928280298188575 ], [ -7.280005010979321, 38.928221905033936 ], [ -7.280246211973049, 38.928081343974561 ], [ -7.280443725563632, 38.927996673749284 ], [ -7.280717830592872, 38.927920034349029 ], [ -7.280871744736156, 38.927864948615337 ], [ -7.281084341765568, 38.927724177865848 ], [ -7.281296650382867, 38.927617093239796 ], [ -7.281339819774053, 38.927613714212228 ], [ -7.281550176888917, 38.927591471476568 ], [ -7.281727411476995, 38.927625628708562 ], [ -7.28186310090349, 38.927615663184064 ], [ -7.282370334621944, 38.927418525498389 ], [ -7.282703206568382, 38.927402769967095 ], [ -7.283221325412136, 38.927354108966263 ], [ -7.283374984096288, 38.92734027581308 ], [ -7.283518505269968, 38.927363747738255 ], [ -7.283823455615537, 38.927504496454901 ], [ -7.283980873936989, 38.927561847626038 ], [ -7.284501262507384, 38.927730373807165 ], [ -7.284754733842158, 38.927788420384033 ], [ -7.285461942538063, 38.927947133095877 ], [ -7.285911443667771, 38.928025332809639 ], [ -7.286309719960579, 38.927979483202982 ], [ -7.287016893243147, 38.927752475751589 ], [ -7.287180653161214, 38.927693758099615 ], [ -7.287354308374897, 38.927597643666282 ], [ -7.287489632514527, 38.927505030911753 ], [ -7.287548695891806, 38.927366923712896 ], [ -7.287723058480766, 38.927210910225504 ], [ -7.288284476431587, 38.926739365960103 ], [ -7.28843938301729, 38.926609420144736 ], [ -7.288546031966455, 38.926503451962354 ], [ -7.288633388491236, 38.926410491691044 ], [ -7.288778484445181, 38.926301015503974 ], [ -7.289012652707524, 38.926167951753143 ], [ -7.289251648424413, 38.926016097316932 ], [ -7.289457228428802, 38.925852832287063 ], [ -7.289622076731698, 38.925681707039736 ], [ -7.289782113797735, 38.925527389316279 ], [ -7.289874749485326, 38.925387625493236 ], [ -7.289947629275989, 38.925309514151202 ], [ -7.289998164008246, 38.92528735910151 ], [ -7.290111546586711, 38.925226295332926 ], [ -7.290516014152228, 38.925055094749716 ], [ -7.290704270701934, 38.924942232709938 ], [ -7.290851269393352, 38.924866456281208 ], [ -7.291070203283286, 38.924762733470651 ], [ -7.291387770486606, 38.924831676868997 ], [ -7.291550011872318, 38.924900222135669 ], [ -7.291869696367845, 38.925014842931695 ], [ -7.292091408475075, 38.92510633426496 ], [ -7.292225000381636, 38.925159723066244 ], [ -7.292329532105212, 38.925233433573148 ], [ -7.292586312703335, 38.925401920926205 ], [ -7.292826749224158, 38.925538492117944 ], [ -7.293003158445068, 38.925609030763106 ], [ -7.29314836517974, 38.925684924871355 ], [ -7.293355671588185, 38.925785677215444 ], [ -7.293634522761669, 38.925911264412228 ], [ -7.293837140417536, 38.925998921074111 ], [ -7.294025322956346, 38.926088275156545 ], [ -7.294239624644544, 38.926202138225733 ], [ -7.294384728258644, 38.926287493505939 ], [ -7.29443427700509, 38.926359006427916 ], [ -7.294505283616352, 38.926440044154461 ], [ -7.294606890097456, 38.926556792731013 ], [ -7.294694330362799, 38.926662266368446 ], [ -7.294901341223377, 38.926896147974709 ], [ -7.295171952761718, 38.927311897353086 ], [ -7.295317892915843, 38.927532097642342 ], [ -7.295437639461396, 38.927744545146282 ], [ -7.295576824118521, 38.927921555339609 ], [ -7.295790518783352, 38.928087924054147 ], [ -7.295923511045915, 38.928193722597889 ], [ -7.296094472073763, 38.928316638475145 ], [ -7.296234910363967, 38.928377184232211 ], [ -7.29607643856291, 38.928428386991691 ], [ -7.29596806249019, 38.928494897923258 ], [ -7.295796832691122, 38.928611403504767 ], [ -7.295589743744857, 38.928737014111405 ], [ -7.295370276400177, 38.92887569299495 ], [ -7.29514562809182, 38.929032888239966 ], [ -7.295029996423572, 38.929108622286456 ], [ -7.294844465141058, 38.929225113842463 ], [ -7.294682975172377, 38.929326733193662 ], [ -7.294509646542553, 38.92942457412839 ], [ -7.29433136861011, 38.929531749903191 ], [ -7.29418924084612, 38.929614768161805 ], [ -7.293984717746906, 38.929717970658736 ], [ -7.29381635924813, 38.929795217846085 ], [ -7.293714971886176, 38.929865561920316 ], [ -7.293647368205046, 38.929926780905916 ], [ -7.293463275108132, 38.930116149804107 ], [ -7.293278939691133, 38.930316595173231 ], [ -7.293165082417078, 38.930437289203077 ], [ -7.293005408166191, 38.930589454900257 ], [ -7.292923212663387, 38.930665517536653 ], [ -7.292865258529615, 38.930709959396353 ], [ -7.292788161131638, 38.930754263416254 ], [ -7.292725477843256, 38.930798670259342 ], [ -7.292664799395705, 38.930869214599326 ], [ -7.292594434844826, 38.930958515156263 ], [ -7.292548332964937, 38.931004933805305 ], [ -7.292434480240604, 38.931134909518583 ], [ -7.29223537565361, 38.931383974612238 ], [ -7.292128337035151, 38.93153273231556 ], [ -7.29207227003944, 38.931612676615487 ], [ -7.291999680050064, 38.931685029078793 ], [ -7.291866650347467, 38.931807567128004 ], [ -7.291813143373372, 38.931885727316583 ], [ -7.291747418580933, 38.931982445252714 ], [ -7.291677360250741, 38.932036170818911 ], [ -7.291616893119587, 38.932088068475004 ], [ -7.291503404783227, 38.932176966477456 ], [ -7.291264405081295, 38.932356569741991 ], [ -7.291117207840001, 38.93246765419407 ], [ -7.291015687633571, 38.932558531450113 ], [ -7.290793105348935, 38.932773741406308 ], [ -7.290717266200367, 38.93287750269571 ], [ -7.290622825000215, 38.932974017231544 ], [ -7.29050873830152, 38.933113354561314 ], [ -7.290368402321306, 38.933258177080504 ], [ -7.290184849638939, 38.933410160992835 ], [ -7.290119524558968, 38.933473196758754 ], [ -7.289894734580844, 38.933669650392737 ], [ -7.289626990256681, 38.933850935077523 ], [ -7.289382860966805, 38.934064095854232 ], [ -7.289280804717561, 38.934199824865473 ], [ -7.289152164673942, 38.934359592145718 ], [ -7.289016614602975, 38.934489497601788 ], [ -7.288893710158579, 38.934574539897199 ], [ -7.28880077742748, 38.93465052368763 ], [ -7.288665076591891, 38.934802764793659 ], [ -7.288553862637645, 38.934902936767777 ], [ -7.288433130913348, 38.934999254745307 ], [ -7.288240088841213, 38.935143607634558 ], [ -7.287868698854627, 38.935398900497034 ], [ -7.287583663169859, 38.935617347727721 ], [ -7.287484794393928, 38.935678332956094 ], [ -7.287407649629394, 38.935735694090674 ], [ -7.287323419410234, 38.935778050242718 ], [ -7.287244109345719, 38.935803690474017 ], [ -7.287178978517578, 38.935849969939447 ], [ -7.287084866610881, 38.935927834491999 ], [ -7.286947312537451, 38.936031508916201 ], [ -7.286705900036131, 38.936218558783636 ], [ -7.286336613444488, 38.936499895820333 ], [ -7.286211221330535, 38.936579425229731 ], [ -7.286127171118449, 38.936616200676966 ], [ -7.286002201857568, 38.936660152742888 ], [ -7.285910661988, 38.936715515891585 ], [ -7.28580702382713, 38.936780159092059 ], [ -7.285681654298553, 38.936857796483764 ], [ -7.285580385530031, 38.936926242593501 ], [ -7.28538250802957, 38.937068753126766 ], [ -7.285168047705804, 38.937199878797095 ], [ -7.284921890222681, 38.937386890432933 ], [ -7.284767526038962, 38.937497915523316 ], [ -7.284666277992307, 38.937564472074072 ], [ -7.284569600214866, 38.937644112929043 ], [ -7.284426956523265, 38.937768283841258 ], [ -7.284316213338298, 38.937857291041013 ], [ -7.283993079513748, 38.938077431254221 ], [ -7.283715805229035, 38.938262323220414 ], [ -7.28346237344044, 38.938439917140933 ], [ -7.283180459589017, 38.938626666544614 ], [ -7.283069485129427, 38.938706207429597 ], [ -7.28286204932747, 38.93884675239326 ], [ -7.282700720631829, 38.938931599116557 ], [ -7.282520138708476, 38.939034955620457 ], [ -7.282401936885589, 38.939110840136379 ], [ -7.282165319613118, 38.939299716903264 ], [ -7.281960460635402, 38.939427217050728 ], [ -7.281796377092932, 38.939549335828083 ], [ -7.281598367308564, 38.939692015408653 ], [ -7.281381110168662, 38.93985302164846 ], [ -7.280997187634425, 38.940149278307452 ], [ -7.280664145718422, 38.940405099808785 ], [ -7.28045905645442, 38.940551238689842 ], [ -7.280193400487814, 38.940766115051368 ], [ -7.279988085880388, 38.940930985514584 ], [ -7.279703211933183, 38.941151302294706 ], [ -7.279567991829595, 38.941241922947064 ], [ -7.279478280929167, 38.941345937350057 ], [ -7.27938154783946, 38.941429273743815 ], [ -7.278963007608814, 38.941850561985198 ], [ -7.278670264094163, 38.942130635559003 ], [ -7.278505717147241, 38.942280848216996 ], [ -7.278198509235557, 38.942564503287883 ], [ -7.277864771093779, 38.942866789072347 ], [ -7.277627541953837, 38.943094928799013 ], [ -7.277409862860624, 38.943289703887537 ], [ -7.277303624222331, 38.943376748422367 ], [ -7.277114661428886, 38.943571642521519 ], [ -7.276918250904031, 38.943790706780504 ], [ -7.276775158461267, 38.943959812872208 ], [ -7.276588991497404, 38.944122930584527 ], [ -7.276236189213749, 38.944417507068877 ], [ -7.2760982212948, 38.944552961406963 ], [ -7.275959676304811, 38.944736962434192 ], [ -7.275959024517789, 38.944791182645012 ], [ -7.27596789881361, 38.944849166840669 ], [ -7.276010087270765, 38.94491865521281 ], [ -7.276049720683747, 38.945008660388261 ], [ -7.276157489147387, 38.945207705899442 ], [ -7.276201718463198, 38.945309004294018 ], [ -7.276267020256984, 38.945451534837801 ], [ -7.276304366580311, 38.945530263601711 ], [ -7.276377495212471, 38.945616820517536 ], [ -7.276467215760754, 38.945714672222465 ], [ -7.276558953308324, 38.945846222666404 ], [ -7.276652858896292, 38.945988962001181 ], [ -7.276758741899806, 38.946133677136984 ], [ -7.276800935607871, 38.946212442203219 ], [ -7.276887874505932, 38.946340177577305 ], [ -7.27695351824383, 38.946464060848868 ], [ -7.277044536763265, 38.946646050112271 ], [ -7.277151874020225, 38.946871214512036 ], [ -7.277261910567606, 38.947073883150338 ], [ -7.277328891048694, 38.94725947640692 ], [ -7.277386891090754, 38.947415104781498 ], [ -7.277397897789844, 38.947497421456525 ], [ -7.277405992728264, 38.947611426308654 ], [ -7.2774095775134, 38.947716122043644 ], [ -7.277399378497691, 38.94776838424486 ], [ -7.27738682216988, 38.947815042635014 ], [ -7.277321062829746, 38.947911750899131 ], [ -7.277255219144564, 38.94801593753229 ], [ -7.277019292434765, 38.948345060714978 ], [ -7.276866009211611, 38.948555164043796 ] ] ] } },
{ "type": "Feature", "properties": { "dtmnfr": "120712", "freguesia": "Assunção, Ajuda, Salvador e Santo Ildefonso", "municipio": "Elvas", "distrito_i": "Portalegre", "nuts3_cod": "1C3", "nuts3": "Alto Alentejo", "nuts2": "Alentejo", "nuts1": "Continente", "area_ha": 9866.22, "perimetro_": 64, "designacao": "Assunção, Ajuda, Salvador e Santo Ildefonso" }, "geometry": { "type": "Polygon", "coordinates": [ [ [ -7.227599357381059, 38.766825995473816 ], [ -7.227612189849919, 38.766922477282698 ], [ -7.227627506520492, 38.767030332752874 ], [ -7.227645068426551, 38.767124867665345 ], [ -7.227668628401561, 38.767327996545717 ], [ -7.227667754117355, 38.767406447393441 ], [ -7.227652121507866, 38.76745965645479 ], [ -7.227613525139075, 38.767555020063995 ], [ -7.227577928929676, 38.767640228916022 ], [ -7.227558203692374, 38.767726280460145 ], [ -7.227585385522477, 38.767860977617111 ], [ -7.227618293612609, 38.7679795950516 ], [ -7.227676482347754, 38.768173533038407 ], [ -7.227745731007635, 38.768375666452762 ], [ -7.227788675265455, 38.768519132308612 ], [ -7.227841449388362, 38.768686905446295 ], [ -7.227895481026851, 38.768836314954591 ], [ -7.227928046384946, 38.76899132230642 ], [ -7.227960128507341, 38.769111283508394 ], [ -7.227990396202151, 38.769238346860114 ], [ -7.228032593462285, 38.76931388842884 ], [ -7.228087861452367, 38.769420428176225 ], [ -7.22827919926809, 38.769776906054261 ], [ -7.228365880168051, 38.769929089404584 ], [ -7.22845968269185, 38.770109698081541 ], [ -7.228532640837491, 38.770245743782382 ], [ -7.2285558517327, 38.770302853132755 ], [ -7.228542684661493, 38.770371207374474 ], [ -7.228519461630727, 38.770405798874272 ], [ -7.228470733130896, 38.770428571896169 ], [ -7.228361671679489, 38.770481688327145 ], [ -7.228199050396416, 38.770557715808465 ], [ -7.228130440194152, 38.770578446691289 ], [ -7.22798758453462, 38.770628956326348 ], [ -7.227850081539272, 38.770683831021628 ], [ -7.227736134628135, 38.770732132150229 ], [ -7.227685462206805, 38.770753449424504 ], [ -7.227624812068768, 38.770772797718401 ], [ -7.227519925534702, 38.770796035998735 ], [ -7.22757084117713, 38.770901101882693 ], [ -7.227630816522643, 38.770999030748058 ], [ -7.227729335590098, 38.771161393264599 ], [ -7.227808193179621, 38.771304326566856 ], [ -7.227858744980578, 38.771401642740777 ], [ -7.227946061641327, 38.771576437418098 ], [ -7.22803740461905, 38.77176955547155 ], [ -7.228073335725497, 38.7718489191491 ], [ -7.228147526508205, 38.771997040630083 ], [ -7.228244886530618, 38.772187768479888 ], [ -7.228255943965686, 38.772241451763051 ], [ -7.228301953337526, 38.772370619487759 ], [ -7.228355039708868, 38.772522452610289 ], [ -7.228394827013861, 38.772634186954377 ], [ -7.228403055423762, 38.772720545948175 ], [ -7.228426410571622, 38.772921871345261 ], [ -7.228461856800798, 38.773104010808957 ], [ -7.228481129820922, 38.773199736984523 ], [ -7.228493430350187, 38.773246129891518 ], [ -7.228519268702785, 38.773341810495126 ], [ -7.22851156457311, 38.773423364760681 ], [ -7.228502434290476, 38.773508596703138 ], [ -7.228500004907101, 38.773609918103979 ], [ -7.228498369345561, 38.773694307271697 ], [ -7.228492355052187, 38.773733265642178 ], [ -7.228472379163133, 38.773866157071147 ], [ -7.228470254938801, 38.773888842230498 ], [ -7.228453778953599, 38.773972578744036 ], [ -7.228413343883389, 38.774158904024773 ], [ -7.228401629148528, 38.774211871415133 ], [ -7.228388337424158, 38.774243656329539 ], [ -7.228331319307361, 38.774321315721117 ], [ -7.228150485336401, 38.774553850468529 ], [ -7.228105979604615, 38.774615751007339 ], [ -7.228055867852309, 38.774684273025002 ], [ -7.227981435307978, 38.774782962227036 ], [ -7.227916421321575, 38.774855783510169 ], [ -7.227859553586541, 38.774912272660679 ], [ -7.227783584721539, 38.774986991636389 ], [ -7.227734976044152, 38.775027598099435 ], [ -7.227705076318516, 38.775052953266005 ], [ -7.227613610499562, 38.775133763879985 ], [ -7.227505120084041, 38.775232733843282 ], [ -7.227427206992871, 38.775305901674507 ], [ -7.227303883440143, 38.775431238680369 ], [ -7.227173488227669, 38.775569129925664 ], [ -7.227149976909375, 38.775599305029573 ], [ -7.227084912304074, 38.775676000619697 ], [ -7.227047317821495, 38.775728224034943 ], [ -7.226967243606234, 38.775826960701579 ], [ -7.22694142867015, 38.775848108243878 ], [ -7.226766276556714, 38.775967728130034 ], [ -7.226680679253321, 38.776011924244678 ], [ -7.226530698081957, 38.776078775529705 ], [ -7.22636672227397, 38.776160553042772 ], [ -7.226218064267547, 38.776232186549251 ], [ -7.226169136116787, 38.776261173338668 ], [ -7.226006627661845, 38.776353954911457 ], [ -7.225932830838603, 38.776392926534754 ], [ -7.225732696144697, 38.776495054931885 ], [ -7.225433334682704, 38.776635864907099 ], [ -7.225152160530263, 38.776751912309066 ], [ -7.224976872661768, 38.776859685795316 ], [ -7.22477911850538, 38.77696471625346 ], [ -7.224738372806351, 38.776983225948932 ], [ -7.224605097185329, 38.777048221058564 ], [ -7.224514096512157, 38.777082735159119 ], [ -7.22443110828972, 38.777111546466784 ], [ -7.224223888123017, 38.777181821243964 ], [ -7.224046514137571, 38.777239804215142 ], [ -7.223888284344365, 38.777285326677593 ], [ -7.223741845844312, 38.777327064602986 ], [ -7.223642623159923, 38.777347012301327 ], [ -7.22361909981064, 38.777351152996516 ], [ -7.223577026606307, 38.777365327283277 ], [ -7.223521460017601, 38.77738273393765 ], [ -7.223462400981677, 38.777411907357653 ], [ -7.223351963949632, 38.777481493546134 ], [ -7.223261308078403, 38.777543391408116 ], [ -7.223128467517827, 38.777628295550819 ], [ -7.222944785957401, 38.777738742577966 ], [ -7.222895017973899, 38.77777033281312 ], [ -7.222726144677645, 38.777883779143401 ], [ -7.222670367910488, 38.777917124940892 ], [ -7.222561070819786, 38.777987620935889 ], [ -7.222468967458433, 38.778072836319375 ], [ -7.222260846195469, 38.77826794662915 ], [ -7.222173136582397, 38.778378152260238 ], [ -7.222131722054351, 38.778440613216716 ], [ -7.222032208226691, 38.778610535218256 ], [ -7.221892015797001, 38.778594942213147 ], [ -7.221812004843818, 38.77859729448879 ], [ -7.221738011016798, 38.778606357641692 ], [ -7.221662816096247, 38.778619282051487 ], [ -7.22157860779782, 38.77865330724881 ], [ -7.221544104460516, 38.778660694779155 ], [ -7.221739762679793, 38.778858137014808 ], [ -7.221932813872109, 38.779088257976198 ], [ -7.222020540051694, 38.779167130970961 ], [ -7.222351859914395, 38.77943787000622 ], [ -7.222612734729034, 38.779656088486639 ], [ -7.222697636862077, 38.779767113191504 ], [ -7.222764012859089, 38.779769145409546 ], [ -7.222924008047763, 38.77982395684257 ], [ -7.222995357582686, 38.779784453756584 ], [ -7.223335635463658, 38.77964940406634 ], [ -7.223408430231574, 38.779710057607716 ], [ -7.223497841047823, 38.779780794112085 ], [ -7.223673358764741, 38.779815036124894 ], [ -7.224005046685149, 38.779876429203171 ], [ -7.224274936974566, 38.779955633877293 ], [ -7.224311913846386, 38.779953041640923 ], [ -7.224501762220743, 38.779937306630458 ], [ -7.224722482183756, 38.779910106496736 ], [ -7.224909952759739, 38.77989129147209 ], [ -7.225022107094823, 38.779977197131785 ], [ -7.225143895994249, 38.780083262338287 ], [ -7.225277585279406, 38.780222212933083 ], [ -7.22531853525119, 38.780287205588046 ], [ -7.225381189751054, 38.780401459588347 ], [ -7.225457392024227, 38.780509152976052 ], [ -7.225507656393159, 38.780520172634482 ], [ -7.225620079638692, 38.78049402040034 ], [ -7.225853576714568, 38.780430253624871 ], [ -7.226069907658017, 38.78036833216364 ], [ -7.226255371180182, 38.780307976836248 ], [ -7.226471871326825, 38.780232545970506 ], [ -7.226890059449387, 38.780078778430934 ], [ -7.227104153138932, 38.779992611086591 ], [ -7.22722304512151, 38.779936868931912 ], [ -7.227443489652246, 38.77983156167361 ], [ -7.228004914651003, 38.77955243263245 ], [ -7.22832091454145, 38.779388949729707 ], [ -7.228546426824095, 38.779291511928982 ], [ -7.228608277882204, 38.779268841406683 ], [ -7.228735659882749, 38.779224518704531 ], [ -7.228916049871341, 38.779173845630837 ], [ -7.229212748675981, 38.779089480028915 ], [ -7.2293474773386, 38.779054942860171 ], [ -7.229783449302265, 38.778940755897871 ], [ -7.229908282884557, 38.778906047007084 ], [ -7.230150504544007, 38.778834682346485 ], [ -7.230305643108427, 38.778787954708768 ], [ -7.230431681710601, 38.778758121507138 ], [ -7.230503283298618, 38.77874705173906 ], [ -7.230670921654609, 38.778730963982831 ], [ -7.230836051758979, 38.778722597967224 ], [ -7.230938240903108, 38.778722393359914 ], [ -7.230980648637608, 38.778873241946073 ], [ -7.231016702732908, 38.779135736119756 ], [ -7.231068019039618, 38.779356010283408 ], [ -7.23117852806574, 38.779572779637157 ], [ -7.231423276172255, 38.780087751927645 ], [ -7.231509401913386, 38.780285145184955 ], [ -7.231749444773279, 38.780780806354038 ], [ -7.231792584495527, 38.780873735279918 ], [ -7.231970486376577, 38.780828806948591 ], [ -7.232052580933662, 38.78133855819182 ], [ -7.232032129618121, 38.781400106958259 ], [ -7.23205598060882, 38.781462082005561 ], [ -7.232132039572544, 38.781682460844031 ], [ -7.232154147491103, 38.781883236966003 ], [ -7.232225746529949, 38.78206511513492 ], [ -7.232317991028629, 38.782169953352046 ], [ -7.232393491233473, 38.782343758025476 ], [ -7.232484904261648, 38.782606495452406 ], [ -7.232510879657008, 38.782700646584608 ], [ -7.232506170666199, 38.782764208391406 ], [ -7.232496292162161, 38.782936902750187 ], [ -7.232500447626524, 38.78305511681652 ], [ -7.232485499732262, 38.783173092670218 ], [ -7.232459875331109, 38.783362331972199 ], [ -7.232432981783291, 38.783487782332209 ], [ -7.232373615335102, 38.783761435270513 ], [ -7.232306471958277, 38.784030613469582 ], [ -7.232289301441124, 38.784160733633556 ], [ -7.232290424759029, 38.784227401240813 ], [ -7.232336338471177, 38.784410969317854 ], [ -7.232345051647602, 38.784486796052796 ], [ -7.232355856337771, 38.784927628615193 ], [ -7.232364747673632, 38.784989759389703 ], [ -7.232398574820669, 38.785164325497732 ], [ -7.232341214628441, 38.785186580411839 ], [ -7.232177079466127, 38.785233779955192 ], [ -7.232010464060657, 38.785268169905244 ], [ -7.231798141359, 38.785303647431995 ], [ -7.231698710132426, 38.785320987124202 ], [ -7.231588654472227, 38.785342120839424 ], [ -7.231521875116639, 38.785353314914389 ], [ -7.231463819577417, 38.785357552850215 ], [ -7.231380078031118, 38.785363392314494 ], [ -7.231313905307389, 38.785363244673903 ], [ -7.231210418079218, 38.785364606065642 ], [ -7.23103443579123, 38.785365953623192 ], [ -7.230957655570201, 38.785367526362734 ], [ -7.230931976377168, 38.78536849552362 ], [ -7.230885990186179, 38.785373456902725 ], [ -7.230759114359891, 38.785386532164317 ], [ -7.230686976271103, 38.785394261400889 ], [ -7.230618299458071, 38.785400939987404 ], [ -7.230469221639741, 38.785413119229268 ], [ -7.230329002375727, 38.785425643260609 ], [ -7.230104890983609, 38.785446162787927 ], [ -7.229983701449171, 38.785455677110491 ], [ -7.229913993390571, 38.785461894217789 ], [ -7.229941234474343, 38.785519662170422 ], [ -7.230021914586548, 38.785638467695996 ], [ -7.229996306853868, 38.78567007106777 ], [ -7.229919337483962, 38.785714155066195 ], [ -7.229835599936613, 38.785755935636139 ], [ -7.229739216578192, 38.785805994774414 ], [ -7.229474431028209, 38.785916072557114 ], [ -7.229313116594708, 38.786024984563895 ], [ -7.22910632832638, 38.786135928930904 ], [ -7.228967534001865, 38.786208632908874 ], [ -7.228872056497887, 38.786268518678028 ], [ -7.228700444360306, 38.786370238449358 ], [ -7.228579534260748, 38.78644803378824 ], [ -7.228546355396675, 38.786469039055945 ], [ -7.228353222628453, 38.786579601355143 ], [ -7.228047041057277, 38.786774236199705 ], [ -7.227733138500411, 38.786970249858413 ], [ -7.227627819114943, 38.787034558653971 ], [ -7.227553577900717, 38.787099113605215 ], [ -7.227506685712821, 38.787139556603535 ], [ -7.227367267719826, 38.787297557134103 ], [ -7.227186642166822, 38.78751126676935 ], [ -7.227166788865984, 38.787552004823823 ], [ -7.227140763254734, 38.78760783088709 ], [ -7.227063144067108, 38.787784505983808 ], [ -7.226869825503742, 38.788228353350654 ], [ -7.226809542339174, 38.788408137090535 ], [ -7.226636970150333, 38.788885381125588 ], [ -7.226585417385063, 38.788984972652067 ], [ -7.226494176725422, 38.789164510623458 ], [ -7.226363199629573, 38.789428595761429 ], [ -7.226279346676924, 38.789634043354752 ], [ -7.226282776946306, 38.789662805862996 ], [ -7.226378357831567, 38.789740835696456 ], [ -7.226579579303062, 38.789892372872899 ], [ -7.226894395078761, 38.790102200346631 ], [ -7.227142274201666, 38.79023180761255 ], [ -7.227272721981122, 38.790287899132899 ], [ -7.227380685157034, 38.790351326956511 ], [ -7.227664606101829, 38.790413615005072 ], [ -7.22775375707392, 38.790446852887484 ], [ -7.227813576561884, 38.790525982658409 ], [ -7.227556717350813, 38.79078756510502 ], [ -7.227251057194358, 38.791094167220201 ], [ -7.227158706030849, 38.791207133668138 ], [ -7.227048323142744, 38.791371393131001 ], [ -7.226989166649174, 38.791461819812383 ], [ -7.226908418979833, 38.791576316384621 ], [ -7.226874911057047, 38.79162308008857 ], [ -7.226679437640568, 38.791780549391873 ], [ -7.226632641270027, 38.791804509308207 ], [ -7.226523576403102, 38.791855101468684 ], [ -7.226338762813739, 38.791933929872826 ], [ -7.226048980047913, 38.792058961343095 ], [ -7.225867138247809, 38.792139256018139 ], [ -7.225833974248752, 38.792158724761357 ], [ -7.225803522978002, 38.792191096654811 ], [ -7.225774008146771, 38.792231764815433 ], [ -7.225706046670488, 38.792326627266803 ], [ -7.225557674471605, 38.792509506686763 ], [ -7.225370988010468, 38.792736047366759 ], [ -7.225274642156383, 38.792854926405106 ], [ -7.225256907558785, 38.792873795131499 ], [ -7.22514253543031, 38.792934522690892 ], [ -7.225094552781324, 38.792987923853524 ], [ -7.225014822955646, 38.793057749056466 ], [ -7.224920418057558, 38.793141508749159 ], [ -7.224828391238458, 38.793191869613949 ], [ -7.224576705640303, 38.793342954088082 ], [ -7.224480045649021, 38.793432103280658 ], [ -7.224415971955878, 38.793492500614178 ], [ -7.224332300431605, 38.793564634919271 ], [ -7.224238528269998, 38.793634346760719 ], [ -7.223762308702943, 38.793991588739054 ], [ -7.223716522349035, 38.79402636291649 ], [ -7.223685101670861, 38.794062509981664 ], [ -7.223655183032144, 38.794134252338331 ], [ -7.223602564524671, 38.7941992386815 ], [ -7.223561073096727, 38.794267105842792 ], [ -7.223465299528556, 38.79443111248586 ], [ -7.223379297380668, 38.794586909726185 ], [ -7.223328456741855, 38.794674702276474 ], [ -7.223272521042235, 38.794764794460967 ], [ -7.223212029560678, 38.794851434472633 ], [ -7.22316577340217, 38.794913585847112 ], [ -7.223114414121, 38.794979034857427 ], [ -7.22306524380805, 38.795044228856518 ], [ -7.223022537523606, 38.79509875207075 ], [ -7.22295220651226, 38.795189814708785 ], [ -7.222852638700697, 38.795307946846918 ], [ -7.222798093427421, 38.795379134096066 ], [ -7.222784163195547, 38.79547018292601 ], [ -7.222767183575924, 38.795592646193938 ], [ -7.222757715107605, 38.795658511481236 ], [ -7.222750614421874, 38.795709621486573 ], [ -7.22274637991308, 38.795726072808165 ], [ -7.222740238589981, 38.795747191538659 ], [ -7.222724432179637, 38.795777426545307 ], [ -7.222695336982444, 38.795784764616648 ], [ -7.2226632642022, 38.795790549951448 ], [ -7.222512807215682, 38.795837122555234 ], [ -7.222423451236977, 38.795866694227982 ], [ -7.22223518403477, 38.795926662759541 ], [ -7.222123456515649, 38.795968940982753 ], [ -7.222074859138261, 38.795989008030311 ], [ -7.22188735838666, 38.796060962374952 ], [ -7.221799924117194, 38.796093698588876 ], [ -7.22173956321953, 38.796124305677608 ], [ -7.221606135346772, 38.796198215348447 ], [ -7.221500026361673, 38.796250803913765 ], [ -7.221404439379785, 38.796309147607843 ], [ -7.221325587585869, 38.796354746038162 ], [ -7.221290910424377, 38.796375642006673 ], [ -7.221216908503189, 38.796419747780995 ], [ -7.221104291899799, 38.796486249116043 ], [ -7.221038112571294, 38.796522120532153 ], [ -7.220921647843687, 38.796583820208433 ], [ -7.22076055447334, 38.79666994010195 ], [ -7.220653029763406, 38.79672557769053 ], [ -7.220627651643917, 38.796738442643303 ], [ -7.220520592820695, 38.796793726136343 ], [ -7.220449817290642, 38.796837493601878 ], [ -7.220436677106955, 38.796848021991131 ], [ -7.220423397756218, 38.79686043642981 ], [ -7.220309497652827, 38.796982774535572 ], [ -7.220257369983396, 38.797044520338787 ], [ -7.220238744564124, 38.797070141687868 ], [ -7.220207244927598, 38.797112233229726 ], [ -7.220100974063165, 38.797250032298344 ], [ -7.220085261452241, 38.79726360050158 ], [ -7.220044238410677, 38.797294266828708 ], [ -7.219906784355082, 38.79738561372676 ], [ -7.219752617870075, 38.797470075759151 ], [ -7.219493717330284, 38.797598307390132 ], [ -7.21944215897203, 38.797624481797477 ], [ -7.219312690981878, 38.797685624168892 ], [ -7.219145346895608, 38.797765296463922 ], [ -7.21894095281371, 38.797852516346119 ], [ -7.218684215610772, 38.797964187806024 ], [ -7.218628794085193, 38.797986545631488 ], [ -7.218581664259736, 38.79796338607899 ], [ -7.218385471662955, 38.797877088561648 ], [ -7.21815152547379, 38.797790501389947 ], [ -7.217866679979668, 38.797678467927476 ], [ -7.21770843368074, 38.797613184485179 ], [ -7.217567133037907, 38.797540136458885 ], [ -7.217415206685756, 38.79747611549417 ], [ -7.217118354118389, 38.797319328061555 ], [ -7.217074100319598, 38.797296280527071 ], [ -7.217007700243709, 38.797348728599438 ], [ -7.216957722443861, 38.797417360030146 ], [ -7.216903559319492, 38.797518077788411 ], [ -7.216837333062361, 38.797643220195347 ], [ -7.216747424528999, 38.797764834029742 ], [ -7.216713469641383, 38.797854375643752 ], [ -7.216711344624324, 38.797867596862318 ], [ -7.216703700278242, 38.797934195639499 ], [ -7.216693724230494, 38.797994650813287 ], [ -7.216675380994328, 38.798042787929234 ], [ -7.216642489419105, 38.798130087705324 ], [ -7.216604945163136, 38.798230679838298 ], [ -7.216527672614329, 38.79844067728888 ], [ -7.216460919216976, 38.798593458500669 ], [ -7.216422124838574, 38.798717283619155 ], [ -7.216251213888822, 38.7989120976479 ], [ -7.216076189960773, 38.799122203226709 ], [ -7.21591326671831, 38.799304819798436 ], [ -7.215801699650261, 38.799473585376234 ], [ -7.215844682936057, 38.799514638137808 ], [ -7.215886599563758, 38.799549466218863 ], [ -7.216046834772646, 38.799711330574496 ], [ -7.216210179217721, 38.799882137743211 ], [ -7.216343347505086, 38.800018567407236 ], [ -7.216421353840795, 38.800102412524076 ], [ -7.21649662449138, 38.80018443366388 ], [ -7.216576919379845, 38.800269555021032 ], [ -7.21674924281358, 38.80044961893163 ], [ -7.216857475981803, 38.800564232792475 ], [ -7.21691770100091, 38.800625776216243 ], [ -7.217010735528259, 38.800740723846673 ], [ -7.217149698972976, 38.800919177123781 ], [ -7.217295901656295, 38.8011079549795 ], [ -7.217373133271296, 38.801198814070489 ], [ -7.217497353271359, 38.801350664808879 ], [ -7.217633006632521, 38.801518461446861 ], [ -7.217714963740918, 38.801626657735213 ], [ -7.217817207687266, 38.801760230253763 ], [ -7.217922791007443, 38.801902749272479 ], [ -7.21800052014926, 38.802008657585247 ], [ -7.218062685450053, 38.80208976525909 ], [ -7.218099356984301, 38.802138690121843 ], [ -7.21818604503349, 38.802255300387117 ], [ -7.218243743611102, 38.802334479544072 ], [ -7.218272583717424, 38.802374610859481 ], [ -7.218343655111382, 38.802479566029099 ], [ -7.218385855410155, 38.802537363541248 ], [ -7.218266395975578, 38.802769192715552 ], [ -7.218163817768947, 38.802932150537693 ], [ -7.218082124261987, 38.803046542286886 ], [ -7.217957012541298, 38.803270399979652 ], [ -7.217712696404301, 38.80364294061819 ], [ -7.217605487173841, 38.803807755072953 ], [ -7.217498231484155, 38.803967076098246 ], [ -7.2174281090347, 38.804058675508479 ], [ -7.217354199961626, 38.804175739988601 ], [ -7.217287370240814, 38.804270879062578 ], [ -7.217254067732361, 38.804309622716268 ], [ -7.217169501296784, 38.804386788129847 ], [ -7.217107578972093, 38.804449177155476 ], [ -7.217062860794559, 38.804498372186671 ], [ -7.217002076437718, 38.804570408428091 ], [ -7.216930932064467, 38.804651278422924 ], [ -7.21684627627821, 38.804726732312027 ], [ -7.216753885302135, 38.804795007503273 ], [ -7.216675458787846, 38.804833488945725 ], [ -7.21637996887697, 38.804957645798709 ], [ -7.216278759874245, 38.804995042927388 ], [ -7.215770899804801, 38.80518914627384 ], [ -7.21569478880054, 38.805217733945234 ], [ -7.21562427649072, 38.805249067873092 ], [ -7.215537862486381, 38.805290908784976 ], [ -7.215504841612645, 38.805307495843813 ], [ -7.215467389315325, 38.805319539682792 ], [ -7.215427713346559, 38.805325445241671 ], [ -7.215323112658703, 38.805375971692854 ], [ -7.215162638865572, 38.805416842298101 ], [ -7.215008258195398, 38.805486596340273 ], [ -7.214935543001273, 38.805535155273851 ], [ -7.214816227918846, 38.805590627113837 ], [ -7.214419933269634, 38.805802606280949 ], [ -7.214359733931766, 38.805828709529237 ], [ -7.214266016050861, 38.805879267455069 ], [ -7.214088076345265, 38.805972490373847 ], [ -7.213701076704014, 38.806227837980721 ], [ -7.213485180953825, 38.806378990400063 ], [ -7.213236401154859, 38.806555359371679 ], [ -7.213050897657975, 38.806694012325373 ], [ -7.212970875366679, 38.806767988331238 ], [ -7.212661401285072, 38.806962074691114 ], [ -7.212509034552519, 38.807055496634298 ], [ -7.212106496338613, 38.8072524864114 ], [ -7.211588815720377, 38.807541370398916 ], [ -7.211364126318187, 38.807652417014658 ], [ -7.211141291290271, 38.807799871128552 ], [ -7.211137490443356, 38.807860650971307 ], [ -7.211117495652755, 38.807920668870644 ], [ -7.211098291928554, 38.807999337346523 ], [ -7.211093768265124, 38.808091358627266 ], [ -7.211102338890491, 38.80821267300739 ], [ -7.211137518678245, 38.808296989766873 ], [ -7.211259402856852, 38.808576739226623 ], [ -7.21130234428775, 38.808657698716196 ], [ -7.211412035091393, 38.80890978884527 ], [ -7.21147920216045, 38.80904047955476 ], [ -7.21152674411107, 38.809121384270199 ], [ -7.211545566758055, 38.809152517757745 ], [ -7.21153847201205, 38.809176336055295 ], [ -7.21153922625337, 38.809207327919601 ], [ -7.211572465332678, 38.809343967221807 ], [ -7.211614324007984, 38.809517695634106 ], [ -7.211629957892768, 38.80970716278685 ], [ -7.211645505017184, 38.809823393177659 ], [ -7.211663719769875, 38.809902264960243 ], [ -7.211682245562014, 38.809956460538572 ], [ -7.211787652384521, 38.810291744899011 ], [ -7.211826535387547, 38.810428342141066 ], [ -7.211876979010023, 38.81064195347745 ], [ -7.211920868871332, 38.810836953454086 ], [ -7.211931183976204, 38.810912340835934 ], [ -7.211953105493015, 38.810962058341353 ], [ -7.211971685154255, 38.811012644868519 ], [ -7.212007990050886, 38.81108111919491 ], [ -7.212084796755451, 38.81125881612045 ], [ -7.212172846247713, 38.811448854014792 ], [ -7.212212528830842, 38.811532309636085 ], [ -7.212314790076273, 38.811763350310137 ], [ -7.21235656747503, 38.811854029523985 ], [ -7.212399294413812, 38.811960568116682 ], [ -7.212408000095627, 38.811981892409662 ], [ -7.212413255967511, 38.812012018952387 ], [ -7.212425704811563, 38.812100576270957 ], [ -7.212439093948252, 38.81220508028354 ], [ -7.212447815032795, 38.812234333352038 ], [ -7.212473242699739, 38.812271735906549 ], [ -7.212533821744143, 38.812314639960363 ], [ -7.212772113627606, 38.812505223392243 ], [ -7.212925487985544, 38.812629387863744 ], [ -7.212990101484342, 38.812698895539427 ], [ -7.213179506660893, 38.812913058334132 ], [ -7.213534648924057, 38.813329124460914 ], [ -7.213928803261738, 38.813809274295544 ], [ -7.214072302948402, 38.813994520651185 ], [ -7.214242252026277, 38.814226811759795 ], [ -7.214339995182124, 38.814362063170904 ], [ -7.214367741477024, 38.814407411296727 ], [ -7.214410859937203, 38.814492065982215 ], [ -7.21479051864234, 38.815296013532247 ], [ -7.21488192800561, 38.815485265018296 ], [ -7.214906438241019, 38.815522658921786 ], [ -7.215002005636339, 38.815648163351021 ], [ -7.214874012336452, 38.815752550329343 ], [ -7.214730010989256, 38.815866451458291 ], [ -7.21456516623115, 38.816043961854191 ], [ -7.214489276289696, 38.816134522143258 ], [ -7.214504246111212, 38.816206340930734 ], [ -7.214465041727688, 38.81635466203182 ], [ -7.214430000845564, 38.816527875543066 ], [ -7.214414796348843, 38.816645399461351 ], [ -7.214414377444307, 38.816678093527969 ], [ -7.214603225628739, 38.816847029572315 ], [ -7.214867114906997, 38.817072043111565 ], [ -7.214995913091528, 38.817165115855055 ], [ -7.215175240877734, 38.817286953713008 ], [ -7.215643635848834, 38.817609412319051 ], [ -7.215695096060542, 38.81765494634525 ], [ -7.215738544344594, 38.817705727524107 ], [ -7.215844852369206, 38.817793217152669 ], [ -7.216134339649923, 38.818052208901335 ], [ -7.21642049259852, 38.818310991809561 ], [ -7.216485651325071, 38.818331083295327 ], [ -7.216585204511731, 38.81841445493675 ], [ -7.216705274729338, 38.818570254185538 ], [ -7.216824699406258, 38.818776376535162 ], [ -7.216938023795658, 38.818943737266324 ], [ -7.216994777121219, 38.81902032062149 ], [ -7.217084154159979, 38.819125550490533 ], [ -7.21719992181785, 38.819230986298287 ], [ -7.217382538859735, 38.819397599019851 ], [ -7.21765940221082, 38.81967593131602 ], [ -7.217948868551987, 38.819987585085784 ], [ -7.218168451094188, 38.820243858659808 ], [ -7.218287949985617, 38.820315770419754 ], [ -7.21845508531989, 38.820403541213125 ], [ -7.218576432688751, 38.820459981872737 ], [ -7.21868435493142, 38.820534384230811 ], [ -7.218951494683195, 38.820799731891135 ], [ -7.21908780414693, 38.820976303379624 ], [ -7.219191570217698, 38.821117778019868 ], [ -7.21916017556653, 38.821145894310192 ], [ -7.219095575360092, 38.82121371291705 ], [ -7.218867290031427, 38.821529540942159 ], [ -7.218679884228469, 38.821786597453979 ], [ -7.2186365254529, 38.821854582062763 ], [ -7.218576621035703, 38.82192428372295 ], [ -7.218467621112746, 38.822141327656659 ], [ -7.218374105272051, 38.822255084318641 ], [ -7.218282713145532, 38.822387323480243 ], [ -7.218174467773448, 38.822545282898112 ], [ -7.218075875827766, 38.822686698472154 ], [ -7.217986795621092, 38.822822648685829 ], [ -7.217656888326649, 38.823146911077437 ], [ -7.217389268954293, 38.823399643605761 ], [ -7.217255363935352, 38.823533395262437 ], [ -7.217089028895054, 38.823618881021659 ], [ -7.216809137062874, 38.823723788422932 ], [ -7.216358780274289, 38.823867982601726 ], [ -7.216155033194677, 38.823925473606693 ], [ -7.215778080369185, 38.824051775741587 ], [ -7.215579171493723, 38.824100071659629 ], [ -7.215209819403721, 38.824185806582932 ], [ -7.214982348432876, 38.824252342988963 ], [ -7.21469310458003, 38.824349785407485 ], [ -7.214491810091678, 38.82439990730267 ], [ -7.214437237158836, 38.824421637273396 ], [ -7.21438548195699, 38.824460299672332 ], [ -7.21436309658603, 38.824526510912307 ], [ -7.214423103882689, 38.824696146123173 ], [ -7.214464506922351, 38.824816816471646 ], [ -7.214491944763926, 38.824886030878474 ], [ -7.214600987896965, 38.82510199302444 ], [ -7.21467148853193, 38.825243246039797 ], [ -7.214769016474041, 38.825423253039823 ], [ -7.214831584749406, 38.825514227965904 ], [ -7.215078218504604, 38.825977813862536 ], [ -7.215201483814737, 38.826305629496964 ], [ -7.215334405316898, 38.826616901515195 ], [ -7.215473721852575, 38.826981774802746 ], [ -7.215601972243136, 38.827289316612585 ], [ -7.215654651055753, 38.827415298670324 ], [ -7.215713890076899, 38.827581956363353 ], [ -7.21568561280161, 38.827617718527684 ], [ -7.215617214494171, 38.827752567212528 ], [ -7.215569552699828, 38.827859386215444 ], [ -7.215518450277983, 38.827965187315606 ], [ -7.215381503433078, 38.828236685698279 ], [ -7.215247759054822, 38.828584687720159 ], [ -7.21522528157931, 38.828680533910344 ], [ -7.215109334288898, 38.829069253772161 ], [ -7.215040204189493, 38.829305074292833 ], [ -7.214933391587456, 38.82958640307006 ], [ -7.214899305098028, 38.829685310647349 ], [ -7.214847125191096, 38.829784981264218 ], [ -7.214740241634238, 38.830010592644776 ], [ -7.214604312471306, 38.83028300417552 ], [ -7.21448532246773, 38.830598865281061 ], [ -7.21441022257147, 38.830747848597525 ], [ -7.214253058793791, 38.831036527333644 ], [ -7.214074743455176, 38.831317652162213 ], [ -7.214019239001687, 38.831411391626887 ], [ -7.213663029054689, 38.83139012248413 ], [ -7.212825109279578, 38.831347339027815 ], [ -7.212401410997389, 38.831330853411082 ], [ -7.212123309719223, 38.831320736979684 ], [ -7.211957234777658, 38.831312493301645 ], [ -7.211894019236924, 38.83130317258216 ], [ -7.21178683132015, 38.83128286955408 ], [ -7.211749627067165, 38.831274562806392 ], [ -7.211697714995845, 38.831263614256919 ], [ -7.211651665005411, 38.831244602238442 ], [ -7.211575240590448, 38.831205086720743 ], [ -7.211547201759716, 38.831191718690661 ], [ -7.211508312489125, 38.831151551629844 ], [ -7.211457022705949, 38.831101289001452 ], [ -7.211406042548261, 38.831027024007824 ], [ -7.211228615853069, 38.830872356825708 ], [ -7.210980992463754, 38.830669123884178 ], [ -7.210787520250878, 38.830477397538296 ], [ -7.210527858396549, 38.830292534495506 ], [ -7.210289466603505, 38.830105992318003 ], [ -7.210087938479009, 38.829989911417996 ], [ -7.209937985009542, 38.829901936644625 ], [ -7.209708394079123, 38.829765320803112 ], [ -7.209636100371437, 38.829696425422974 ], [ -7.209412900225859, 38.829613410676494 ], [ -7.209253698385937, 38.829510589163171 ], [ -7.20912494388284, 38.829426474186242 ], [ -7.208640410113881, 38.829110408086713 ], [ -7.208527841947337, 38.829035509383026 ], [ -7.208370925016228, 38.828951474229747 ], [ -7.208257190788238, 38.829105294771615 ], [ -7.20820505320321, 38.829194607402599 ], [ -7.208093955712064, 38.829370111422115 ], [ -7.207860598266446, 38.829750172620066 ], [ -7.207736287831549, 38.829961615277369 ], [ -7.207669146653648, 38.830073815518638 ], [ -7.207557347338428, 38.830253593918307 ], [ -7.207459182690842, 38.830464030969637 ], [ -7.20744232180354, 38.830501302086901 ], [ -7.207376193835667, 38.830664296829788 ], [ -7.207355953419726, 38.830751935066608 ], [ -7.207300953727298, 38.830872740027665 ], [ -7.207249555206822, 38.830982768694369 ], [ -7.207180240826815, 38.831150573419158 ], [ -7.20710766874522, 38.831303580447333 ], [ -7.206858524537819, 38.831922396478319 ], [ -7.206580041886405, 38.832525980374143 ], [ -7.206358709299431, 38.833006863808478 ], [ -7.20627431436432, 38.833193061015102 ], [ -7.206207193652929, 38.833311610962419 ], [ -7.206040563448563, 38.833501489045773 ], [ -7.205841362541211, 38.833706258475807 ], [ -7.20568237611883, 38.833864383116712 ], [ -7.205553908337008, 38.834017253345721 ], [ -7.20537353348122, 38.834199024212779 ], [ -7.205138505431717, 38.834440817964605 ], [ -7.205019783993223, 38.834564452878787 ], [ -7.204903030931278, 38.834692121668006 ], [ -7.204834215483716, 38.834779846294339 ], [ -7.204753497200198, 38.834868286076556 ], [ -7.204585766250936, 38.835158246497556 ], [ -7.204338650030876, 38.835608793512641 ], [ -7.204246123136447, 38.835794948797847 ], [ -7.20412255867767, 38.836016274737013 ], [ -7.204172164865908, 38.836044951784615 ], [ -7.204201207966828, 38.836151203075801 ], [ -7.204216340871193, 38.836248421564264 ], [ -7.204217802081645, 38.836316218307708 ], [ -7.204207504063688, 38.836387585889916 ], [ -7.204185472911793, 38.836460691437871 ], [ -7.20417531772726, 38.836521067993829 ], [ -7.204167815600828, 38.836557649156411 ], [ -7.204111675856612, 38.836551706149677 ], [ -7.20406830275309, 38.83664479497245 ], [ -7.204038766856484, 38.836754481621909 ], [ -7.2040398342043, 38.836817126398813 ], [ -7.20404067266658, 38.836885859493904 ], [ -7.204063814527992, 38.836957387635593 ], [ -7.20409209026538, 38.837023551053662 ], [ -7.204151754521033, 38.837076629026427 ], [ -7.204401475984473, 38.837331814490071 ], [ -7.204515349826117, 38.837440454298559 ], [ -7.204613570120298, 38.837566531073868 ], [ -7.204722466538606, 38.837668462677343 ], [ -7.204766079260986, 38.837750955468273 ], [ -7.204807887237627, 38.837840192412983 ], [ -7.204856039617723, 38.837839225725006 ], [ -7.204947785157223, 38.837798246204891 ], [ -7.205086570049836, 38.837718459341495 ], [ -7.205211106282495, 38.837670984315935 ], [ -7.205289206689683, 38.837759161829169 ], [ -7.205328412052485, 38.837844613578952 ], [ -7.205381611911022, 38.837916689163805 ], [ -7.205434770753367, 38.837992020699346 ], [ -7.205523421740628, 38.838011523900143 ], [ -7.205608592348565, 38.838078131541316 ], [ -7.205688504835841, 38.838150200205476 ], [ -7.205792171171963, 38.838256049993014 ], [ -7.205883572780542, 38.838375317554821 ], [ -7.205932346490268, 38.838477999407665 ], [ -7.206071630591881, 38.838553355792364 ], [ -7.206126107588705, 38.838629356839157 ], [ -7.206094695625298, 38.838685682509002 ], [ -7.205949236406976, 38.838781028903725 ], [ -7.20584665937244, 38.838662964394331 ], [ -7.205722586238031, 38.838596840749474 ], [ -7.205614832132228, 38.838556902366008 ], [ -7.205508399065919, 38.838511118437403 ], [ -7.205460808612952, 38.838552422045439 ], [ -7.20536129750321, 38.838519062394759 ], [ -7.205293960539822, 38.838465545772578 ], [ -7.205158322805375, 38.838436026332737 ], [ -7.205046531936738, 38.83838628375198 ], [ -7.204922248510043, 38.838336441794567 ], [ -7.204817538816052, 38.838259218579715 ], [ -7.204687551225155, 38.838193512534581 ], [ -7.204518601512872, 38.838077685565693 ], [ -7.204405890751908, 38.837996804283286 ], [ -7.204297054911819, 38.837915194351226 ], [ -7.204123219922474, 38.837836112904952 ], [ -7.20380860228632, 38.83772858623238 ], [ -7.203393534314333, 38.837612151356929 ], [ -7.203241325021008, 38.837528790899889 ], [ -7.203207821610462, 38.837598514385256 ], [ -7.203072226489865, 38.837566445477265 ], [ -7.202933405652192, 38.837524988972362 ], [ -7.202761679905067, 38.837489935058223 ], [ -7.202615861912934, 38.837454995399014 ], [ -7.202425162227641, 38.83742655015643 ], [ -7.202148560380441, 38.837388048327682 ], [ -7.201988664278242, 38.837373261313068 ], [ -7.201901150624393, 38.837345630505524 ], [ -7.201702299615435, 38.837288740191887 ], [ -7.201653990214239, 38.837292412958547 ], [ -7.201576312790386, 38.83727995012336 ], [ -7.201342712868906, 38.837310656250949 ], [ -7.201192856578522, 38.837306204455757 ], [ -7.201100957053436, 38.837317640688795 ], [ -7.200980937139324, 38.837282995811336 ], [ -7.20080772184738, 38.837238469008092 ], [ -7.200656910785198, 38.837210732886987 ], [ -7.200469750758104, 38.837192953564319 ], [ -7.200157845166567, 38.837161150649536 ], [ -7.199841776870609, 38.837129312742825 ], [ -7.199567219360941, 38.837107577353308 ], [ -7.199363532096914, 38.837079893467703 ], [ -7.199251831446865, 38.837023632575089 ], [ -7.199136532008742, 38.837004543893116 ], [ -7.199064386421992, 38.836990452684354 ], [ -7.1989646129358, 38.837014822451152 ], [ -7.198782927903103, 38.837215299567241 ], [ -7.198626012792185, 38.837432259660559 ], [ -7.198511544529291, 38.837587676856444 ], [ -7.198444496138713, 38.837619709672495 ], [ -7.19831082639578, 38.837651209301455 ], [ -7.198005500820521, 38.83775298770837 ], [ -7.197921541807406, 38.837804427143283 ], [ -7.197944945215399, 38.837824726106881 ], [ -7.197794797142823, 38.837920540021749 ], [ -7.197675196653243, 38.837977504771963 ], [ -7.197495197900619, 38.838055513234124 ], [ -7.197330929966953, 38.838110765971585 ], [ -7.197120064779451, 38.838170965067171 ], [ -7.196871457551739, 38.838220135751797 ], [ -7.196652329542889, 38.838260180501749 ], [ -7.19657121772198, 38.838271600561058 ], [ -7.196381290709104, 38.838315839631768 ], [ -7.19619845145716, 38.838346711004711 ], [ -7.195802429104603, 38.838399746625647 ], [ -7.194929906482498, 38.838565359896307 ], [ -7.194679345682653, 38.838618715021049 ], [ -7.194574734332823, 38.838656958205895 ], [ -7.194449473940333, 38.838682006563758 ], [ -7.194319793617141, 38.838726561557735 ], [ -7.194177279155577, 38.838797069033255 ], [ -7.194051804367751, 38.838838400333756 ], [ -7.19396350027651, 38.838901146311976 ], [ -7.193864465683157, 38.838970341954209 ], [ -7.193746197110154, 38.839056944321264 ], [ -7.193698352207215, 38.839115655718714 ], [ -7.193626195047683, 38.839219297626926 ], [ -7.193523519534632, 38.83942691535259 ], [ -7.193417561307665, 38.839568739261587 ], [ -7.193361559618173, 38.839641068548843 ], [ -7.193326290174359, 38.839696002227022 ], [ -7.193213038702102, 38.839919472857275 ], [ -7.19318264831162, 38.840013679855566 ], [ -7.193177241513133, 38.840108086990284 ], [ -7.193184327685532, 38.840202595555553 ], [ -7.193182056930222, 38.840375195273843 ], [ -7.193118447614828, 38.840778544414803 ], [ -7.193040166399201, 38.840776434441665 ], [ -7.1929633934746, 38.84085129866434 ], [ -7.192838189353161, 38.840948571556169 ], [ -7.192565015401385, 38.841120879970781 ], [ -7.19241347955782, 38.841243423249239 ], [ -7.192274521012001, 38.84135955414127 ], [ -7.192194074707193, 38.841459871141062 ], [ -7.192071300008283, 38.841611958619659 ], [ -7.191973418680231, 38.841782033217306 ], [ -7.191852283368204, 38.841954818124258 ], [ -7.191756053165563, 38.842072587106131 ], [ -7.191650960635815, 38.842207755974719 ], [ -7.191531665290842, 38.842362993882091 ], [ -7.191437235078575, 38.842475370656722 ], [ -7.191295322050345, 38.842607630091592 ], [ -7.191190636371891, 38.842711815203813 ], [ -7.191071994748027, 38.842834807504772 ], [ -7.191009208708147, 38.842888170950779 ], [ -7.190887925316218, 38.842949165845347 ], [ -7.190742362286018, 38.843026087665919 ], [ -7.190704078590495, 38.843055416026111 ], [ -7.190585968007507, 38.843137964683287 ], [ -7.190464330764331, 38.843225890297099 ], [ -7.190401330006133, 38.84329546379282 ], [ -7.190289110945119, 38.843400471831593 ], [ -7.190461768274683, 38.843887149731138 ], [ -7.190546939396442, 38.844060454032402 ], [ -7.190653448168304, 38.844194848599592 ], [ -7.190794681974078, 38.844300831800581 ], [ -7.191086770861767, 38.844599447687088 ], [ -7.191236669787832, 38.844727301648831 ], [ -7.191406606713212, 38.844890358848701 ], [ -7.191507900642862, 38.845044663608867 ], [ -7.191826175992797, 38.845454012683248 ], [ -7.191941030105305, 38.845619239219396 ], [ -7.192131248468113, 38.845817406070317 ], [ -7.191860395399949, 38.845987637908358 ], [ -7.19164810458042, 38.846144005363932 ], [ -7.191390825033905, 38.846300776260001 ], [ -7.191432192133279, 38.846342428233584 ], [ -7.191495655462939, 38.846491203483176 ], [ -7.191528215261451, 38.846634239358785 ], [ -7.191587415137583, 38.846844771392675 ], [ -7.191709507968473, 38.84704653777294 ], [ -7.191761497333054, 38.847157480710202 ], [ -7.191853566005658, 38.847356211650713 ], [ -7.19195912155201, 38.847580632234326 ], [ -7.192010883959957, 38.847699591002637 ], [ -7.192047249496036, 38.847825090508515 ], [ -7.192096641403088, 38.848001945310806 ], [ -7.192117162199605, 38.848210913330703 ], [ -7.192173226547474, 38.848397279960146 ], [ -7.192254649500159, 38.848494858112879 ], [ -7.192198252497733, 38.848643251951813 ], [ -7.192125611310307, 38.848782715240873 ], [ -7.19204223552356, 38.848924168269306 ], [ -7.192010727805573, 38.848964359081272 ], [ -7.191874454174053, 38.849194321706385 ], [ -7.191815125243813, 38.849183653135547 ], [ -7.191629263161033, 38.849469185294666 ], [ -7.19149282064272, 38.849603974083145 ], [ -7.191447138932445, 38.849698959742511 ], [ -7.191380752063505, 38.849743137919646 ], [ -7.191344326330234, 38.84989372717461 ], [ -7.191265563847926, 38.850127561276857 ], [ -7.191159544685474, 38.850323434940215 ], [ -7.191088970290776, 38.85046023440006 ], [ -7.190969172345804, 38.850661312197204 ], [ -7.190806864733641, 38.850958970879908 ], [ -7.190662245648493, 38.851216510243056 ], [ -7.190553055461215, 38.85139875696121 ], [ -7.190451329524025, 38.851609438131291 ], [ -7.190373402905732, 38.851762389870402 ], [ -7.190302107455313, 38.851944942202067 ], [ -7.19016899152104, 38.852116274402363 ], [ -7.190032119676774, 38.852318477093434 ], [ -7.189922312578596, 38.852477926863891 ], [ -7.189834094453457, 38.852633499217212 ], [ -7.189708202590746, 38.852780572872966 ], [ -7.189568676992478, 38.852922216286814 ], [ -7.189438971450953, 38.853096282882397 ], [ -7.189309681110092, 38.853229995408476 ], [ -7.189145538638872, 38.853403779771718 ], [ -7.188981319335696, 38.853582878727742 ], [ -7.188754529883269, 38.853807320805799 ], [ -7.188544648101603, 38.854050815373292 ], [ -7.188438207513953, 38.854171201023533 ], [ -7.188552050811512, 38.854256430394891 ], [ -7.188649278751814, 38.854156785170545 ], [ -7.188949270215887, 38.854194242623812 ], [ -7.189102281384274, 38.854174935586876 ], [ -7.189279148884502, 38.854163305651795 ], [ -7.189372263284266, 38.854169639278901 ], [ -7.189479388762752, 38.854187435757439 ], [ -7.189579080517219, 38.854236792767004 ], [ -7.189596423536582, 38.854371420765311 ], [ -7.18956295704986, 38.854550493102593 ], [ -7.189555922866708, 38.854725997533826 ], [ -7.189544343689287, 38.854833438080831 ], [ -7.18970772817114, 38.854981234202988 ], [ -7.189920011765896, 38.855184721563454 ], [ -7.190139041093352, 38.855418165909242 ], [ -7.190382579618738, 38.855601272605249 ], [ -7.190699701113782, 38.855812986562434 ], [ -7.190998797428153, 38.855994424356773 ], [ -7.191253515289928, 38.856194779110368 ], [ -7.191380562628474, 38.856327531511972 ], [ -7.191479381489153, 38.856443316249674 ], [ -7.191588889007551, 38.8566571378418 ], [ -7.191747928072783, 38.856897575523583 ], [ -7.191843362173669, 38.85708705178363 ], [ -7.191858387311782, 38.857214181619391 ], [ -7.191994692718454, 38.857427892706049 ], [ -7.192055760350657, 38.857564140911528 ], [ -7.192116860214155, 38.857698048238483 ], [ -7.192286643569136, 38.857989653560601 ], [ -7.192461613213224, 38.858342155592773 ], [ -7.192575390397617, 38.858567771974208 ], [ -7.192643280226396, 38.858640877601992 ], [ -7.192030989124703, 38.859216419294548 ], [ -7.191825068792186, 38.859394987843878 ], [ -7.190872903522908, 38.860341730363963 ], [ -7.190970745748971, 38.860432869716412 ], [ -7.191055303756225, 38.86053813130497 ], [ -7.19122292476183, 38.860687116000626 ], [ -7.191493246452429, 38.860833051630735 ], [ -7.191673477763037, 38.86092611122023 ], [ -7.191867858913203, 38.861037836846002 ], [ -7.192152147194252, 38.861208210629385 ], [ -7.1922872297582, 38.861291538382801 ], [ -7.192471275065457, 38.861453625596511 ], [ -7.192537343815528, 38.861519550964466 ], [ -7.192674167761575, 38.861645857250785 ], [ -7.192718869069253, 38.861698460099028 ], [ -7.192871459298972, 38.861895873827379 ], [ -7.193099619757694, 38.862164786287266 ], [ -7.19321489438058, 38.862300105440966 ], [ -7.193316334963122, 38.862392439181335 ], [ -7.193456658612585, 38.862260974888706 ], [ -7.193606064089983, 38.862157595646224 ], [ -7.193764196444756, 38.862105434858456 ], [ -7.193953015310337, 38.862013328247656 ], [ -7.194137679012152, 38.861933671700015 ], [ -7.194406043018099, 38.86180154939467 ], [ -7.194609960125539, 38.861732203936874 ], [ -7.194864443167482, 38.861627774007303 ], [ -7.194996479889903, 38.861574607404407 ], [ -7.195145662742015, 38.86148798051304 ], [ -7.195306632970804, 38.861416396373528 ], [ -7.195436543187673, 38.861340873977227 ], [ -7.195513648760292, 38.861294742126283 ], [ -7.195671729571566, 38.861434276757379 ], [ -7.196165604486531, 38.861832407420131 ], [ -7.196231848397835, 38.861885185366084 ], [ -7.196363742102802, 38.862018831418943 ], [ -7.19652209713349, 38.862147108362429 ], [ -7.196725197717985, 38.862324386388678 ], [ -7.196902132478715, 38.862484607191085 ], [ -7.197015367494942, 38.862592076057666 ], [ -7.197158731100021, 38.862764999372175 ], [ -7.197357268597368, 38.862973782010819 ], [ -7.197603025489051, 38.862800985187704 ], [ -7.197747979343563, 38.862705400777628 ], [ -7.197885575108748, 38.862644659423708 ], [ -7.197963034349105, 38.862808543489926 ], [ -7.198071823121697, 38.863070995664224 ], [ -7.198114669006957, 38.863265452077194 ], [ -7.198141578528279, 38.863402043289376 ], [ -7.198021180767498, 38.863484674445736 ], [ -7.197912434114805, 38.863558702737976 ], [ -7.197843722772951, 38.86362368984836 ], [ -7.197790936274759, 38.863691925629567 ], [ -7.197705728390813, 38.863797351240116 ], [ -7.197828151917699, 38.863898198379545 ], [ -7.198246006860632, 38.864359134611497 ], [ -7.198616326008938, 38.864675352211997 ], [ -7.199065626184418, 38.865115861729365 ], [ -7.199254272942389, 38.865342070279347 ], [ -7.19941156209343, 38.865524335047645 ], [ -7.19956832147362, 38.865747166964525 ], [ -7.199620887803313, 38.865875568610974 ], [ -7.199520585781788, 38.8658804416648 ], [ -7.199381984868423, 38.865888611502463 ], [ -7.199098670396162, 38.865946266068399 ], [ -7.198546093949735, 38.866076040262641 ], [ -7.198345205037909, 38.8660951672788 ], [ -7.198194220079532, 38.866125757633775 ], [ -7.197988564572361, 38.866142757889975 ], [ -7.197828240770155, 38.866173096438935 ], [ -7.197660689422033, 38.866201659104227 ], [ -7.197536225700127, 38.866221200515774 ], [ -7.197423870748146, 38.866231471704651 ], [ -7.197275732698132, 38.866237766487366 ], [ -7.197170458137229, 38.866261635448275 ], [ -7.196544966292012, 38.86647195800964 ], [ -7.1960396651939, 38.866648912439572 ], [ -7.195762818623232, 38.866755918926955 ], [ -7.195670114842589, 38.86683923015223 ], [ -7.195609163338101, 38.866935937541179 ], [ -7.19556988869088, 38.86701407840529 ], [ -7.195595445009433, 38.867068417144097 ], [ -7.195642670451825, 38.867113654601397 ], [ -7.195699780792594, 38.86712528169079 ], [ -7.195795619623228, 38.867109297537112 ], [ -7.195775348890083, 38.867196868026795 ], [ -7.195775554145338, 38.867348199920031 ], [ -7.195824688032181, 38.867423173523534 ], [ -7.19591855855406, 38.867549046532503 ], [ -7.196068127234571, 38.867626899573985 ], [ -7.196120592464847, 38.867632901710849 ], [ -7.196233464065574, 38.867583365069152 ], [ -7.196423324421132, 38.867497057605405 ], [ -7.196625299902362, 38.867392207351187 ], [ -7.196774198984862, 38.867327999999588 ], [ -7.196911499473515, 38.867243259201942 ], [ -7.197080349414122, 38.86711570891061 ], [ -7.197194033161597, 38.867004474191582 ], [ -7.197402406429007, 38.867140624427428 ], [ -7.197563535738605, 38.867233521873864 ], [ -7.197772258385616, 38.867343555522169 ], [ -7.197990762357684, 38.867436820020799 ], [ -7.198195798088876, 38.867524420339912 ], [ -7.197997719663683, 38.86771320403944 ], [ -7.19775075944191, 38.867976496701381 ], [ -7.197576463521606, 38.868177953916344 ], [ -7.197390070134766, 38.868388676529172 ], [ -7.197260948290918, 38.868493749828396 ], [ -7.197103353321273, 38.868639165439546 ], [ -7.196861401991709, 38.868824475227051 ], [ -7.196724295630102, 38.868929484805001 ], [ -7.196635497186865, 38.869003671749695 ], [ -7.196315859172401, 38.869328794568048 ], [ -7.196088436663587, 38.869623448382733 ], [ -7.19584076605199, 38.869939784683694 ], [ -7.195713036674761, 38.870095305984897 ], [ -7.195649834486736, 38.87017884312899 ], [ -7.195535653328123, 38.870327365014788 ], [ -7.195479622240252, 38.870409067119361 ], [ -7.195348260425758, 38.870585286441091 ], [ -7.195253175198005, 38.870719097784267 ], [ -7.195107143922928, 38.870932668309031 ], [ -7.194984945238655, 38.871139044692441 ], [ -7.194921576468722, 38.871235642136867 ], [ -7.194814538895568, 38.87138421526388 ], [ -7.194758589566491, 38.871467809273042 ], [ -7.19472217263843, 38.871512375850635 ], [ -7.194594935861611, 38.871558014989361 ], [ -7.194556661996344, 38.87155959989957 ], [ -7.194568104206216, 38.871600765135348 ], [ -7.194217921255452, 38.871715686110974 ], [ -7.193963565978843, 38.871807054168613 ], [ -7.193704320140681, 38.87190207277709 ], [ -7.193210139734117, 38.872075465854273 ], [ -7.192742250042828, 38.87223789900316 ], [ -7.192576643712794, 38.872292594036679 ], [ -7.19226467996464, 38.872409614862867 ], [ -7.191851828439374, 38.87255762244591 ], [ -7.191540009663905, 38.872663478359456 ], [ -7.191115258404826, 38.872813185304302 ], [ -7.19083462707216, 38.872904335430732 ], [ -7.190631050045094, 38.872945659241779 ], [ -7.190355711352445, 38.872993886058282 ], [ -7.189998951947906, 38.873046946663912 ], [ -7.189755084494711, 38.873067408715492 ], [ -7.189549497365342, 38.873086292462133 ], [ -7.189322318082689, 38.873108776460676 ], [ -7.189159073274214, 38.873167180656999 ], [ -7.188995498902556, 38.873259270705837 ], [ -7.188727374034369, 38.873484998901986 ], [ -7.188516905495749, 38.87368119907137 ], [ -7.188308880353704, 38.873875706257877 ], [ -7.188217191021264, 38.873951528804263 ], [ -7.188085409716348, 38.874077170809912 ], [ -7.187726956358148, 38.87428782357825 ], [ -7.18754533829441, 38.874379027749733 ], [ -7.187223654755429, 38.874537596101696 ], [ -7.186912544469051, 38.8746761017455 ], [ -7.18653958534484, 38.874814106122436 ], [ -7.186213223886817, 38.874936369712934 ], [ -7.185821301138334, 38.875027978869959 ], [ -7.185524456014456, 38.875100741342365 ], [ -7.184883047052902, 38.875153843256314 ], [ -7.184875159330814, 38.875237350670119 ], [ -7.184816548774783, 38.875307821919144 ], [ -7.184788118658393, 38.875683064497942 ], [ -7.184769533195217, 38.875998182366502 ], [ -7.18477439977902, 38.876170178495222 ], [ -7.184800933993397, 38.876332892519976 ], [ -7.18481080901872, 38.876491777199071 ], [ -7.184802572362058, 38.87657386034288 ], [ -7.184773014033716, 38.876639015144953 ], [ -7.18469111982533, 38.876644833761134 ], [ -7.184600372303377, 38.876640408035541 ], [ -7.184499010868904, 38.876628326864449 ], [ -7.184377449143177, 38.876610585001885 ], [ -7.184266595104273, 38.876592843545836 ], [ -7.184256327245646, 38.876645993692414 ], [ -7.184231751485597, 38.876786856042038 ], [ -7.184211692633571, 38.876909105590649 ], [ -7.184172052462381, 38.87701336350873 ], [ -7.184130249324244, 38.877106435213356 ], [ -7.184101113039283, 38.87713979616322 ], [ -7.184078763052706, 38.877296346311667 ], [ -7.183773855956854, 38.877289195583074 ], [ -7.18369923698576, 38.877539050084387 ], [ -7.183640288044891, 38.877707802513434 ], [ -7.183586279488484, 38.877892712514758 ], [ -7.183568778814052, 38.87804568448913 ], [ -7.183506076617426, 38.878496459155308 ], [ -7.183457382012845, 38.878669323982535 ], [ -7.183167292974208, 38.878775756430294 ], [ -7.182999202838254, 38.87878033213952 ], [ -7.182989272900453, 38.878815365961678 ], [ -7.182637918729645, 38.878779466437905 ], [ -7.182266805239142, 38.878757296598252 ], [ -7.181799320423789, 38.878721299187674 ], [ -7.180714734848086, 38.878639300588432 ], [ -7.18017616663325, 38.878599791205758 ], [ -7.179633895648328, 38.878557322513458 ], [ -7.178916042154307, 38.878487080928124 ], [ -7.178531264931952, 38.878425409628143 ], [ -7.178120559196695, 38.878343041565891 ], [ -7.177747209216364, 38.878266829979317 ], [ -7.177415036806576, 38.87819095422045 ], [ -7.177097759010826, 38.878121051747549 ], [ -7.176871126381785, 38.87809507982972 ], [ -7.176883683228567, 38.878052216960967 ], [ -7.176719836884931, 38.877981788980605 ], [ -7.176491543573123, 38.877905160691853 ], [ -7.176327189852151, 38.877855263696816 ], [ -7.176255972104615, 38.877820992347864 ], [ -7.176163180189722, 38.877741756207506 ], [ -7.176104308293853, 38.877665189528472 ], [ -7.176086573658335, 38.877591886567942 ], [ -7.176072620763747, 38.877515688906385 ], [ -7.175902803010024, 38.877431315605456 ], [ -7.175837306219553, 38.877475717971677 ], [ -7.175773122025631, 38.877516159578811 ], [ -7.175659882643568, 38.877585463065763 ], [ -7.175531747090949, 38.877648791101294 ], [ -7.175403730291518, 38.877703341091269 ], [ -7.17521925034688, 38.877780837816623 ], [ -7.17510732425697, 38.877792856435974 ], [ -7.17501203545268, 38.877878632057417 ], [ -7.174872709495946, 38.877938940952191 ], [ -7.174702493147082, 38.878069228059054 ], [ -7.174580132641749, 38.878100739601869 ], [ -7.174405749307611, 38.878103004771155 ], [ -7.174171414223723, 38.878116037852777 ], [ -7.17394928542968, 38.878112323680803 ], [ -7.17373450389208, 38.878093805893585 ], [ -7.173350158111311, 38.878070207318736 ], [ -7.173163866599298, 38.878066876276854 ], [ -7.172882102617827, 38.878058891095797 ], [ -7.172554012127983, 38.878039868990321 ], [ -7.172370473915208, 38.8780471379389 ], [ -7.172257465733503, 38.878098881352578 ], [ -7.172247550679961, 38.87815732619849 ], [ -7.171926521094532, 38.878210283967469 ], [ -7.171798894849679, 38.878235569982422 ], [ -7.171603494207472, 38.878289561027685 ], [ -7.171392726552269, 38.878372687496032 ], [ -7.171312861274289, 38.878559792752498 ], [ -7.171235366177557, 38.878820737111909 ], [ -7.171185685798998, 38.878958596470625 ], [ -7.171139683242669, 38.879002985612104 ], [ -7.171105057485854, 38.878913075862194 ], [ -7.171035903687891, 38.878725687089506 ], [ -7.170978631737627, 38.878545784262336 ], [ -7.170929814806412, 38.878448187481901 ], [ -7.170821385789081, 38.878265560670577 ], [ -7.170295075739654, 38.878428020843891 ], [ -7.169839886097492, 38.878591066242727 ], [ -7.169776301657375, 38.878637118547651 ], [ -7.169720578779391, 38.878693234188432 ], [ -7.169711475407169, 38.878743637149398 ], [ -7.169721757028857, 38.878813953856707 ], [ -7.169790076511892, 38.878952785182207 ], [ -7.169805559537716, 38.87905386994187 ], [ -7.169778486314003, 38.87912284169051 ], [ -7.169715270237178, 38.879204471873223 ], [ -7.169483668194124, 38.879544493651167 ], [ -7.169351963007585, 38.879739686434569 ], [ -7.169298348926423, 38.879810220718582 ], [ -7.169438766754365, 38.880028101365625 ], [ -7.16919852076111, 38.880128898578668 ], [ -7.168867011194204, 38.880262545694464 ], [ -7.168665269175295, 38.880344921103216 ], [ -7.168626639162647, 38.880363341579461 ], [ -7.16876274161262, 38.880551279224335 ], [ -7.168873029292993, 38.88051669799723 ], [ -7.168937508315683, 38.880521014545266 ], [ -7.169015973816245, 38.880547784643475 ], [ -7.169235765883463, 38.880725242282566 ], [ -7.169396620295828, 38.880846101657298 ], [ -7.169537837229701, 38.880996882559188 ], [ -7.169284072853385, 38.881039649987706 ], [ -7.16890582835627, 38.881092558547351 ], [ -7.168666326139383, 38.881137334906924 ], [ -7.168596092928656, 38.88103019324106 ], [ -7.168360509834695, 38.881134812227891 ], [ -7.168141358950793, 38.881260012123512 ], [ -7.168126154650892, 38.881327173713665 ], [ -7.168126339114185, 38.881484267968951 ], [ -7.168074855306322, 38.881584727404466 ], [ -7.167928408618482, 38.881813304248496 ], [ -7.16785164109138, 38.881831314634219 ], [ -7.167804238009605, 38.881808494590764 ], [ -7.167481156291739, 38.881667560159649 ], [ -7.167279510903684, 38.881563207807602 ], [ -7.166984946685728, 38.881435568991805 ], [ -7.166733476999324, 38.881308376171404 ], [ -7.16657936410624, 38.881217387917758 ], [ -7.166470664076747, 38.881304311918761 ], [ -7.166224531219959, 38.881481622941891 ], [ -7.165915830349507, 38.881692099344377 ], [ -7.165764098949103, 38.881782362076869 ], [ -7.165349150038043, 38.882068617300142 ], [ -7.164963209760141, 38.882340066048634 ], [ -7.16494390975544, 38.88200355912263 ], [ -7.164945468725306, 38.881710285345342 ], [ -7.164900978884173, 38.881642630134316 ], [ -7.164851636412779, 38.881584302633847 ], [ -7.164759804531298, 38.881480855586176 ], [ -7.164656766527917, 38.881498646007032 ], [ -7.164404660241171, 38.881597442399581 ], [ -7.164292260816853, 38.881600296699446 ], [ -7.164198926395557, 38.881616274715142 ], [ -7.164131928694438, 38.88161950468389 ], [ -7.164070250463671, 38.881587197603054 ], [ -7.16402840895439, 38.881502807991389 ], [ -7.16393259524242, 38.881345012862859 ], [ -7.163907136585187, 38.881284989788533 ], [ -7.16387404701429, 38.881260393549042 ], [ -7.163725252572136, 38.881304018330106 ], [ -7.163535916589576, 38.881354696177667 ], [ -7.163428150535592, 38.881372537232117 ], [ -7.16333510863727, 38.881188639718481 ], [ -7.163246397191986, 38.881212226307674 ], [ -7.163225433566265, 38.881203403929725 ], [ -7.163084123831348, 38.881230248439685 ], [ -7.162976131173744, 38.881264843243635 ], [ -7.162894313675042, 38.881307129993218 ], [ -7.162814734813042, 38.881362496393102 ], [ -7.162664787660964, 38.881499520565804 ], [ -7.162646759659277, 38.881596560674097 ], [ -7.162547369322516, 38.881702207822045 ], [ -7.162426657480447, 38.88179092069209 ], [ -7.162291883624021, 38.881862676704955 ], [ -7.162196866222956, 38.881901067291473 ], [ -7.16211460183803, 38.881772389819652 ], [ -7.162050841941606, 38.88171510864818 ], [ -7.161926878242639, 38.881585184391248 ], [ -7.161859912768787, 38.881509862037106 ], [ -7.161840059255511, 38.881486548115952 ], [ -7.16175270736932, 38.881393042608778 ], [ -7.161719430680801, 38.881348809310943 ], [ -7.161674789858397, 38.88124178995723 ], [ -7.161660862100911, 38.881206722567988 ], [ -7.16165241901138, 38.881191522160762 ], [ -7.161582190202756, 38.881084829445214 ], [ -7.161572119468499, 38.880986649543885 ], [ -7.161529221402168, 38.880988458055512 ], [ -7.161480193641793, 38.88099246475872 ], [ -7.161408671016326, 38.88098087754927 ], [ -7.161362720904503, 38.880969689572481 ], [ -7.161280277754805, 38.88101539199311 ], [ -7.161238622478282, 38.881010903578371 ], [ -7.161205291052806, 38.880995762615036 ], [ -7.161138059292669, 38.881016374602368 ], [ -7.161086917610736, 38.880989197043995 ], [ -7.16103838743926, 38.88095609254561 ], [ -7.160939005266105, 38.880874650221529 ], [ -7.160925164472222, 38.880858771583782 ], [ -7.160779871696221, 38.880712631287217 ], [ -7.160754564314805, 38.880666662541749 ], [ -7.16068675617982, 38.880594216748101 ], [ -7.160638731000621, 38.880524099312638 ], [ -7.1605799400228, 38.880432092755669 ], [ -7.160545999099554, 38.880377495681593 ], [ -7.160478272647024, 38.880307124009143 ], [ -7.160407610493265, 38.880232489738482 ], [ -7.160379541874875, 38.880177850554922 ], [ -7.160319642889927, 38.880133848163609 ], [ -7.160286351031122, 38.880090243062924 ], [ -7.160272479491888, 38.88005103425175 ], [ -7.160272927864225, 38.880018069051097 ], [ -7.160270788926737, 38.879963735041066 ], [ -7.160247016623604, 38.879830675798566 ], [ -7.160242231940669, 38.879758753904945 ], [ -7.160246566680904, 38.879652232099382 ], [ -7.160493167831337, 38.879449806191289 ], [ -7.160110487859832, 38.879354657968527 ], [ -7.159869975536775, 38.879278881774937 ], [ -7.159758228751463, 38.879259665694406 ], [ -7.159782651218566, 38.879209248917434 ], [ -7.159647765700972, 38.879171285877717 ], [ -7.159671716150863, 38.879129960223679 ], [ -7.159249015969944, 38.879020421801336 ], [ -7.15907299043903, 38.879346203723543 ], [ -7.158558586487249, 38.879040160458544 ], [ -7.158575113748308, 38.878994539477262 ], [ -7.159020199489762, 38.87836627299891 ], [ -7.159073034287995, 38.87837913980033 ], [ -7.159909254167751, 38.878823242233956 ], [ -7.16070049221091, 38.878339629806746 ], [ -7.160791321998944, 38.878414245390751 ], [ -7.160834768950022, 38.878481892593427 ], [ -7.160878408793797, 38.878475772232107 ], [ -7.161111676881906, 38.878456722735663 ], [ -7.161223837027748, 38.878446037320408 ], [ -7.161312578754474, 38.87842839755433 ], [ -7.161371370578629, 38.878401504427636 ], [ -7.161418610552674, 38.878368208879245 ], [ -7.161481872681229, 38.878376662034064 ], [ -7.161503334876376, 38.878383322529999 ], [ -7.161518223236352, 38.878406957311512 ], [ -7.161521005535344, 38.878439587301294 ], [ -7.161528540973837, 38.878495857817015 ], [ -7.161527162185278, 38.87859727443066 ], [ -7.161528550984556, 38.87862205525731 ], [ -7.161546648567927, 38.878646975107188 ], [ -7.161574641621882, 38.878673421213925 ], [ -7.16164572659176, 38.87871706745026 ], [ -7.161679010457784, 38.878735630805345 ], [ -7.161753427405301, 38.878771467128189 ], [ -7.161836168901777, 38.878830522339264 ], [ -7.161878697508727, 38.878906633222385 ], [ -7.161921980660878, 38.878901585921035 ], [ -7.162160819914281, 38.878786472511088 ], [ -7.162173914098889, 38.878780993935848 ], [ -7.162410442895648, 38.879022648923154 ], [ -7.162193655479725, 38.879185512057909 ], [ -7.162303615546249, 38.87930262154206 ], [ -7.162510199460441, 38.87918696632552 ], [ -7.162570773181065, 38.879257821449144 ], [ -7.162671322041201, 38.879355216563411 ], [ -7.162882497560025, 38.87950379268495 ], [ -7.162899870673584, 38.879582120840865 ], [ -7.162910815457217, 38.879650132252465 ], [ -7.162919664258821, 38.879736855879131 ], [ -7.162925222868859, 38.879811215273641 ], [ -7.162925362260157, 38.879928585363125 ], [ -7.162923840832231, 38.880040631634849 ], [ -7.162937758453612, 38.88010172733614 ], [ -7.162957145356123, 38.88015926811368 ], [ -7.162988069978418, 38.880215552694203 ], [ -7.163012015609181, 38.880251417467917 ], [ -7.163025386765423, 38.88024270464782 ], [ -7.163106727422148, 38.880235900414277 ], [ -7.163209443145265, 38.88023306229298 ], [ -7.163411854974889, 38.880288874923522 ], [ -7.163516588859125, 38.880315951521681 ], [ -7.163713769580576, 38.880392262165103 ], [ -7.163766411624142, 38.880385223721312 ], [ -7.164035024524957, 38.880318361807866 ], [ -7.164157487685438, 38.88027829863524 ], [ -7.164124925002995, 38.880206962476159 ], [ -7.164164115386463, 38.880138198015715 ], [ -7.164202520387797, 38.880127256214834 ], [ -7.164255775907931, 38.880075450955538 ], [ -7.164346232329001, 38.879922977515037 ], [ -7.16404181169082, 38.880004498415083 ], [ -7.163979314143712, 38.879854544415501 ], [ -7.163946162099181, 38.879656194369439 ], [ -7.163936510699, 38.879484248959912 ], [ -7.163911329323607, 38.879403691601475 ], [ -7.163858066025768, 38.879278043883389 ], [ -7.163854251154968, 38.879210812348177 ], [ -7.16384866128279, 38.879087451938794 ], [ -7.163846945030595, 38.879044472038949 ], [ -7.163954523115569, 38.879039691928213 ], [ -7.163855706894639, 38.878754947478818 ], [ -7.16386904357173, 38.878646698683859 ], [ -7.163839821335883, 38.878515572961696 ], [ -7.164137230414659, 38.878432107252344 ], [ -7.164062830044307, 38.878276376060292 ], [ -7.163904260903961, 38.878344240696215 ], [ -7.163689595491683, 38.87813879996385 ], [ -7.163557531456411, 38.878020065204289 ], [ -7.163494547420707, 38.877905596168056 ], [ -7.163479467653357, 38.877785942838713 ], [ -7.163535655948931, 38.877687320573855 ], [ -7.163565562082492, 38.87759794441741 ], [ -7.163645214339599, 38.877536905030865 ], [ -7.163663375020073, 38.877438057954869 ], [ -7.16375141408952, 38.877285570234307 ], [ -7.163829473867727, 38.877162904158943 ], [ -7.163680925231181, 38.877019529137733 ], [ -7.163469540084219, 38.876750608456391 ], [ -7.162944876753793, 38.87703955014247 ], [ -7.162896220513157, 38.877100845694372 ], [ -7.16289204821956, 38.877229711625937 ], [ -7.162479871928632, 38.877321594558445 ], [ -7.162422351186584, 38.877339942439129 ], [ -7.162359262268769, 38.877132061525195 ], [ -7.162335436983681, 38.877053318415172 ], [ -7.162163452658323, 38.876870656975221 ], [ -7.161950292922, 38.876741879892492 ], [ -7.16166621700953, 38.876726368475289 ], [ -7.161245058220339, 38.87677511569408 ], [ -7.16084275397494, 38.876844641428313 ], [ -7.160765506379412, 38.876898228869273 ], [ -7.160607518827709, 38.877093188430599 ], [ -7.160383886927564, 38.877369666181515 ], [ -7.160236027213096, 38.877531025423444 ], [ -7.160092285301539, 38.877559643121437 ], [ -7.159747585317598, 38.87761289257984 ], [ -7.159400686990582, 38.877649190081542 ], [ -7.159168515277377, 38.877680945219929 ], [ -7.158735188919026, 38.877742640265716 ], [ -7.158577080770666, 38.877776812843706 ], [ -7.158305442708823, 38.877905343081366 ], [ -7.157910763228836, 38.878107606964832 ], [ -7.157609957129487, 38.878262190735093 ], [ -7.157244337312169, 38.878445956460304 ], [ -7.157054325145641, 38.878537779587127 ], [ -7.156878944752831, 38.878612975884487 ], [ -7.156858062276338, 38.878386615346066 ], [ -7.156817909084322, 38.8780107529671 ], [ -7.15673331317593, 38.877556062222396 ], [ -7.156635364959751, 38.877202146449243 ], [ -7.156622193576346, 38.877119795449282 ], [ -7.156625966752098, 38.877020834594717 ], [ -7.156691719996133, 38.876931668109435 ], [ -7.156738547390701, 38.876827388818796 ], [ -7.156734955655152, 38.876735842734305 ], [ -7.156615565286048, 38.876559194074687 ], [ -7.156535381920413, 38.87648196108703 ], [ -7.156480500076239, 38.876475916440299 ], [ -7.156409471110196, 38.876428572591983 ], [ -7.156400976969191, 38.876350046600251 ], [ -7.156185342842958, 38.876217456920934 ], [ -7.15589815981301, 38.876084264504051 ], [ -7.155610497880914, 38.875977191399123 ], [ -7.155374793183821, 38.87591352099237 ], [ -7.1554481767173, 38.875789019864698 ], [ -7.155554404840657, 38.875537602731818 ], [ -7.155608576690827, 38.875418521810253 ], [ -7.15543587190324, 38.875290069713159 ], [ -7.155157674803126, 38.875022383410581 ], [ -7.155061197897628, 38.874915104800586 ], [ -7.154998130165767, 38.874808014978036 ], [ -7.154951208475258, 38.874742228100381 ], [ -7.154878516312259, 38.874648210584056 ], [ -7.154767996107084, 38.874514696360592 ], [ -7.154678404915767, 38.874426118284596 ], [ -7.154551472104353, 38.874279314242266 ], [ -7.154405412553322, 38.874132349757488 ], [ -7.154268568113517, 38.874002303966101 ], [ -7.154025269659075, 38.873803989968486 ], [ -7.153947636880726, 38.873717318530964 ], [ -7.153766289769495, 38.873530783025231 ], [ -7.153631944959151, 38.873395174497098 ], [ -7.153573133338986, 38.873331180740983 ], [ -7.153519072886159, 38.873265328896089 ], [ -7.153411106708199, 38.873122376753976 ], [ -7.153237194307174, 38.872906082915151 ], [ -7.153119778108246, 38.872763052104332 ], [ -7.152973775325889, 38.872612391350351 ], [ -7.152829514448683, 38.87250281819545 ], [ -7.152744352806778, 38.872444190274408 ], [ -7.152613688600342, 38.872385084760005 ], [ -7.152490053940966, 38.872342969842208 ], [ -7.152423664096044, 38.87231061705274 ], [ -7.152492000968929, 38.87220102986209 ], [ -7.152574968661206, 38.872074626561918 ], [ -7.152650037853883, 38.872011749214721 ], [ -7.152753563539579, 38.871949115223259 ], [ -7.152852780667562, 38.871856536811208 ], [ -7.152947523009007, 38.871745185703993 ], [ -7.153051227486119, 38.871669401747731 ], [ -7.153169283835709, 38.871597516850656 ], [ -7.153263260665294, 38.871542276830823 ], [ -7.15326525932486, 38.871396460344279 ], [ -7.153297339584596, 38.871140820738269 ], [ -7.153293638744652, 38.871066028733011 ], [ -7.153270175531247, 38.871037815307901 ], [ -7.153379079606235, 38.870935950629956 ], [ -7.153444553274912, 38.870858043117728 ], [ -7.153570497514403, 38.870731999598121 ], [ -7.153655418690249, 38.870639300555482 ], [ -7.153755879083104, 38.870537182738303 ], [ -7.153650564839399, 38.870456570777144 ], [ -7.153496621105391, 38.870365152336134 ], [ -7.153342726512378, 38.870270267052419 ], [ -7.15310091935264, 38.870119180896332 ], [ -7.152987262281987, 38.8700003688527 ], [ -7.152825025096527, 38.869867281594715 ], [ -7.152683051327574, 38.869949277356866 ], [ -7.152493531657808, 38.870014884179916 ], [ -7.152315965097909, 38.870065727528981 ], [ -7.152205961292736, 38.870079759909537 ], [ -7.152074648022152, 38.870076766123951 ], [ -7.152014671627937, 38.870089415252885 ], [ -7.152023253444938, 38.869984817323235 ], [ -7.151967624958058, 38.869689171296912 ], [ -7.151945439771481, 38.869567564199549 ], [ -7.151664428191198, 38.869331635704832 ], [ -7.151602893903842, 38.869289956177511 ], [ -7.1516966123937, 38.869253450273227 ], [ -7.151826299937449, 38.869198420512411 ], [ -7.151781496960463, 38.869155079234801 ], [ -7.151663370157864, 38.869064372809135 ], [ -7.15147879871906, 38.868937617527862 ], [ -7.15136051902175, 38.868858163695577 ], [ -7.151240255208908, 38.868746902285579 ], [ -7.151101294489033, 38.868596299254676 ], [ -7.150986329101336, 38.86845148352073 ], [ -7.150779005871564, 38.86823670828003 ], [ -7.150665761400456, 38.86813487330047 ], [ -7.150623392873962, 38.868082184979208 ], [ -7.150659840663184, 38.868029204027728 ], [ -7.150560253951528, 38.867855044141891 ], [ -7.15047754374553, 38.867743421424457 ], [ -7.150426011376243, 38.867621662551365 ], [ -7.150347496168026, 38.867527407604342 ], [ -7.150282855639071, 38.867391672841343 ], [ -7.150213541262346, 38.867273230366798 ], [ -7.150018433242803, 38.867264340471564 ], [ -7.149963362055335, 38.867087403019035 ], [ -7.149899676412139, 38.866882346716103 ], [ -7.149958027639042, 38.866830841182512 ], [ -7.149981150333224, 38.866761706482343 ], [ -7.149986585995115, 38.866688957626216 ], [ -7.149921516044778, 38.866584416214579 ], [ -7.149838235300225, 38.866514385668317 ], [ -7.149799480018303, 38.866430865370091 ], [ -7.149699707707388, 38.866270568674324 ], [ -7.149569426297528, 38.866071883655557 ], [ -7.149521471112115, 38.86601255065306 ], [ -7.14945688009638, 38.865873348774905 ], [ -7.14939238486868, 38.865727214458261 ], [ -7.149193025240208, 38.86571513560181 ], [ -7.14916289831233, 38.865649019450558 ], [ -7.149137922331169, 38.865530949886306 ], [ -7.149078196691444, 38.865360591603931 ], [ -7.149062947067406, 38.865180207805537 ], [ -7.149001768865866, 38.864935149189492 ], [ -7.149049275529396, 38.864885444314588 ], [ -7.148929119375356, 38.864274338218145 ], [ -7.148845276901686, 38.863999650493774 ], [ -7.148844287407945, 38.863673928132009 ], [ -7.148837188725441, 38.863545609777063 ], [ -7.148786690748444, 38.863225671899393 ], [ -7.148773242295701, 38.863156379574832 ], [ -7.148752700141132, 38.863083332506264 ], [ -7.148670828745927, 38.862963110493119 ], [ -7.148525447707726, 38.862769393500933 ], [ -7.148323983435677, 38.862481883855864 ], [ -7.148218714278867, 38.862320300921198 ], [ -7.148148502572655, 38.862215131415113 ], [ -7.148104274061371, 38.862130630256274 ], [ -7.148083659143108, 38.862063259988943 ], [ -7.148096337038014, 38.862012740156509 ], [ -7.148008777107351, 38.861954174999369 ], [ -7.147871015050303, 38.861893207275607 ], [ -7.147803148796537, 38.861793547526808 ], [ -7.14771437890071, 38.861647147958948 ], [ -7.147630144015632, 38.861523033759397 ], [ -7.147447837834569, 38.861233791724054 ], [ -7.147422630034698, 38.861157016383544 ], [ -7.147387676239258, 38.861093124432429 ], [ -7.147342353006395, 38.861096527802289 ], [ -7.147300635370691, 38.860997092972731 ], [ -7.147221478683011, 38.860846989139034 ], [ -7.147292466828973, 38.860783688800566 ], [ -7.147598542040686, 38.860772405638329 ], [ -7.147788505702331, 38.860782677513342 ], [ -7.1480432283624, 38.860833370535033 ], [ -7.148395449906536, 38.860855390383513 ], [ -7.148669585745589, 38.860909697472053 ], [ -7.148896283542944, 38.86098062145453 ], [ -7.148989388643519, 38.861004377455856 ], [ -7.148911144047093, 38.860938863672004 ], [ -7.148801921322955, 38.860897138355675 ], [ -7.148624706596518, 38.860852338360537 ], [ -7.1484979740631, 38.860803306749148 ], [ -7.148433087620435, 38.860717902807963 ], [ -7.148396308253062, 38.860647493112872 ], [ -7.148376628326488, 38.860556029810141 ], [ -7.148323156840043, 38.860477160747436 ], [ -7.1482586271379, 38.860365932887795 ], [ -7.148151838067229, 38.860239591302118 ], [ -7.148040431651351, 38.860105831577698 ], [ -7.147976005679313, 38.85998722533963 ], [ -7.147930350378689, 38.859876156504825 ], [ -7.147870540166584, 38.859764968237208 ], [ -7.147777957454513, 38.85963505660461 ], [ -7.147717791261889, 38.859549691182188 ], [ -7.147643675048252, 38.859449450728277 ], [ -7.14755545500035, 38.859345401658977 ], [ -7.147443545823239, 38.859271436424152 ], [ -7.147392896779294, 38.859159674870448 ], [ -7.147351269707998, 38.859053753462135 ], [ -7.147321930459598, 38.858959109790838 ], [ -7.147291372419279, 38.858819410195444 ], [ -7.147268197434641, 38.858678335286065 ], [ -7.147249957166572, 38.858572524775113 ], [ -7.147206975083162, 38.858431282645483 ], [ -7.147148625620266, 38.858351881832917 ], [ -7.147068556565934, 38.858285001151749 ], [ -7.146955793174063, 38.858233333964591 ], [ -7.146862448739437, 38.858210033721221 ], [ -7.146758748323533, 38.858161235261264 ], [ -7.146630554552547, 38.858058725073924 ], [ -7.146461089887218, 38.857941819503573 ], [ -7.146314583634381, 38.857856093212334 ], [ -7.146192951234385, 38.85779588853228 ], [ -7.146031826267887, 38.857733906014317 ], [ -7.145927700475876, 38.857707715215135 ], [ -7.145812761536813, 38.857688367929036 ], [ -7.145740888924097, 38.857679385869076 ], [ -7.145681580601748, 38.857668979589384 ], [ -7.145620730401716, 38.857645945880229 ], [ -7.145503015405028, 38.857560456606905 ], [ -7.145442649743694, 38.857519145805604 ], [ -7.14531012883389, 38.857463076332344 ], [ -7.145218749787829, 38.857431227796013 ], [ -7.145051985105241, 38.857386135176348 ], [ -7.14493355868622, 38.85735279470947 ], [ -7.144815339917179, 38.857303877989324 ], [ -7.144704656000144, 38.857235293584736 ], [ -7.144593988672103, 38.857165359864581 ], [ -7.144531778015668, 38.857107096727439 ], [ -7.144487734042762, 38.857034840770595 ], [ -7.144458146169298, 38.856958566339863 ], [ -7.144437109834955, 38.856921729681446 ], [ -7.144376649664778, 38.856862036446778 ], [ -7.144337685905858, 38.856822345689672 ], [ -7.144251683035347, 38.856784955348594 ], [ -7.144155087224758, 38.856739008921316 ], [ -7.144076402462568, 38.856706008613116 ], [ -7.144008544543499, 38.856673005365828 ], [ -7.143879674668717, 38.856619854860185 ], [ -7.143838300563276, 38.856612477508861 ], [ -7.143773178537196, 38.856640028046144 ], [ -7.143704034806679, 38.85669160040068 ], [ -7.14362055108082, 38.856738812202487 ], [ -7.143432087193222, 38.856821713689037 ], [ -7.143366895815793, 38.856862054322093 ], [ -7.143246717901524, 38.856963814379938 ], [ -7.143151737911182, 38.857058851986558 ], [ -7.142990268885313, 38.857118941712976 ], [ -7.142904781388948, 38.857158801050097 ], [ -7.142819754286599, 38.85716545920161 ], [ -7.142706469313937, 38.857168188111359 ], [ -7.142593594901765, 38.85714140491487 ], [ -7.142490667595409, 38.857077810508812 ], [ -7.142302457537052, 38.857039319356062 ], [ -7.142128555759364, 38.856989881569561 ], [ -7.141876380199091, 38.856970524235919 ], [ -7.14161928047257, 38.856909309984907 ], [ -7.14137428391433, 38.856882633420717 ], [ -7.141153972273193, 38.856890601483343 ], [ -7.141021525797312, 38.856914072841938 ], [ -7.140857899073701, 38.85691760185798 ], [ -7.140549518200499, 38.856924819597218 ], [ -7.140404968050885, 38.856913752816951 ], [ -7.140304727209329, 38.856883385250235 ], [ -7.140207213857581, 38.856880316050464 ], [ -7.140202216446816, 38.856974584905807 ], [ -7.140106281454079, 38.857075624524988 ], [ -7.14009154092848, 38.857181340363454 ], [ -7.140119113611754, 38.857259873182443 ], [ -7.140136394602235, 38.857309292135447 ], [ -7.140216690187069, 38.857359336006894 ], [ -7.140531954961632, 38.857478927464747 ], [ -7.14061784041134, 38.857516229461588 ], [ -7.14066964383884, 38.857551887923989 ], [ -7.140706469631051, 38.857621198801731 ], [ -7.140581342312078, 38.857680759871563 ], [ -7.140438260271194, 38.85774719418783 ], [ -7.140307711814177, 38.857806613401024 ], [ -7.140198745755562, 38.857871898004305 ], [ -7.140082497704636, 38.857946936257299 ], [ -7.139955441450165, 38.858020527725493 ], [ -7.139840747504548, 38.85810828338299 ], [ -7.13977130409072, 38.858048601463224 ], [ -7.139666271229558, 38.857963127733896 ], [ -7.139538106922263, 38.857859261605533 ], [ -7.139470429416261, 38.857805091017205 ], [ -7.139320632193751, 38.857699602067022 ], [ -7.139183413583373, 38.857592774243194 ], [ -7.138972762493136, 38.857464247729972 ], [ -7.138774379408822, 38.857348433339858 ], [ -7.138736734382632, 38.857329736252751 ], [ -7.138654820691258, 38.857396690074914 ], [ -7.138529332710561, 38.857481552951072 ], [ -7.138460243081618, 38.85753726436414 ], [ -7.13834328883357, 38.857654630068573 ], [ -7.138202328266916, 38.857825297669194 ], [ -7.138104988838907, 38.857956974981285 ], [ -7.138005435108145, 38.858123760589933 ], [ -7.137977466065897, 38.858188287490691 ], [ -7.137932288888343, 38.858206275496933 ], [ -7.138018783221275, 38.858323842112696 ], [ -7.138075261106457, 38.858413137240397 ], [ -7.138083338938923, 38.858477971279321 ], [ -7.138078890051301, 38.858541349239225 ], [ -7.13807724575396, 38.858651230718344 ], [ -7.138108609225492, 38.858731754552366 ], [ -7.138209637457512, 38.858848181068431 ], [ -7.13833705715715, 38.859005638884668 ], [ -7.138365072137074, 38.859062175501236 ], [ -7.138404971725326, 38.8591751978011 ], [ -7.138453375473009, 38.859315049823756 ], [ -7.138496887640563, 38.859425219498817 ], [ -7.1385389482212, 38.85950727914387 ], [ -7.138546171326536, 38.859634167863355 ], [ -7.138524478183674, 38.859769186563554 ], [ -7.138470119387444, 38.8599250968986 ], [ -7.138416767527246, 38.860133081955269 ], [ -7.138354433349905, 38.860228808861663 ], [ -7.138911842133496, 38.860661446198328 ], [ -7.13899397938486, 38.860800921275867 ], [ -7.139074564373066, 38.861039240526956 ], [ -7.139278266137082, 38.861321373239676 ], [ -7.139993038795843, 38.861500857797935 ], [ -7.140354053523258, 38.861721648183973 ], [ -7.140550642390731, 38.861702146629689 ], [ -7.140808751192669, 38.861666323131587 ], [ -7.141007028838893, 38.861649718513867 ], [ -7.141126106198564, 38.861636589783551 ], [ -7.141192984021662, 38.861616077168364 ], [ -7.141328282982547, 38.861596143793001 ], [ -7.141472806943011, 38.86156773760419 ], [ -7.141604500445927, 38.861550567474566 ], [ -7.141747060126193, 38.86153060517934 ], [ -7.141867946134511, 38.861511904482533 ], [ -7.141940276594759, 38.861488648941105 ], [ -7.142101510640088, 38.861418132379832 ], [ -7.142200275982425, 38.861382668596967 ], [ -7.142228158254208, 38.861374347878865 ], [ -7.142354411843778, 38.861616371700883 ], [ -7.142483497428399, 38.861920301242655 ], [ -7.142649753136576, 38.862261299003336 ], [ -7.142742478199027, 38.862453675953347 ], [ -7.142828438278565, 38.862619242663861 ], [ -7.142921170034898, 38.862820091240707 ], [ -7.142991630006099, 38.862931931631785 ], [ -7.143150902283158, 38.863144688414621 ], [ -7.143338861432942, 38.863357601636608 ], [ -7.143496590401116, 38.863540707809634 ], [ -7.143597654097503, 38.863655691417335 ], [ -7.1435270699535, 38.86368607973116 ], [ -7.143208343993078, 38.863757505363225 ], [ -7.143027967026232, 38.863833454879988 ], [ -7.142876309625308, 38.863880132194645 ], [ -7.142776812732444, 38.863908803934919 ], [ -7.142625513337255, 38.863929657155019 ], [ -7.14228573088598, 38.863930464359072 ], [ -7.14214417582377, 38.863929263270457 ], [ -7.141879479154301, 38.863960221856821 ], [ -7.141685405558398, 38.864002848046482 ], [ -7.141481382016983, 38.864082283953209 ], [ -7.141352906231869, 38.86415867156024 ], [ -7.141233099883118, 38.864255387309555 ], [ -7.141095402008257, 38.864314842045275 ], [ -7.140953788202043, 38.864374264248845 ], [ -7.140813572179032, 38.864432161447048 ], [ -7.140651099082918, 38.864508343162498 ], [ -7.140513476881955, 38.864562120312485 ], [ -7.140388524354818, 38.864616004999853 ], [ -7.140252282348853, 38.864695106029068 ], [ -7.1400651066587, 38.864816116156966 ], [ -7.139892774550695, 38.86497638785093 ], [ -7.139953243709242, 38.865039622531569 ], [ -7.140424842043457, 38.865401508797845 ], [ -7.140602147985751, 38.865546904358929 ], [ -7.140799047578215, 38.865640813459734 ], [ -7.140985947180089, 38.865676590945732 ], [ -7.140960664075913, 38.865804648074494 ], [ -7.140838379220905, 38.86579090648415 ], [ -7.14056318508002, 38.865770290409245 ], [ -7.140316980347205, 38.865692058470124 ], [ -7.140161778867992, 38.865653844433787 ], [ -7.139827271210194, 38.865597668042341 ], [ -7.139547266251779, 38.865524852449312 ], [ -7.139324831124628, 38.865463779390595 ], [ -7.139175669299238, 38.865427294472447 ], [ -7.139107591329941, 38.865401311605439 ], [ -7.138978329308818, 38.865359411960199 ], [ -7.138863810509434, 38.86530907680401 ], [ -7.138691729801425, 38.865247080986755 ], [ -7.138498150142734, 38.865182019360539 ], [ -7.138371341852469, 38.865111016345807 ], [ -7.138183473002769, 38.865046695533444 ], [ -7.137752205204034, 38.86493652104879 ], [ -7.137672412026826, 38.864944239675921 ], [ -7.137517565402926, 38.864973981719046 ], [ -7.137572207667099, 38.865187113211746 ], [ -7.137626860908804, 38.865398901722941 ], [ -7.137696910028079, 38.865655944448896 ], [ -7.137744875841638, 38.865835245581621 ], [ -7.137830789271046, 38.866003604219998 ], [ -7.137903167573359, 38.866233920185635 ], [ -7.137937108296931, 38.866377968196794 ], [ -7.137966210447201, 38.866480993680057 ], [ -7.13783071842122, 38.866513710536204 ], [ -7.137477823560952, 38.866579180482056 ], [ -7.137231784500853, 38.866625045691343 ], [ -7.137099507462055, 38.866634985303222 ], [ -7.136891576431347, 38.866655348927623 ], [ -7.136730421233445, 38.866705625806304 ], [ -7.136640354458415, 38.866734372732125 ], [ -7.136512280841626, 38.866781242944718 ], [ -7.13637902461566, 38.866861273740362 ], [ -7.136212272715672, 38.86697422340621 ], [ -7.136126151276078, 38.86705834490617 ], [ -7.135963603110024, 38.86720822459327 ], [ -7.135814210376932, 38.867361625796349 ], [ -7.13558685357138, 38.867520293309688 ], [ -7.135403271969769, 38.867638528755464 ], [ -7.135261379606226, 38.867741540483799 ], [ -7.135193852948855, 38.867791855865292 ], [ -7.135035226052434, 38.867805996121042 ], [ -7.134728612173341, 38.867830935930513 ], [ -7.13460654956699, 38.867890756194264 ], [ -7.134488322097156, 38.867908192038804 ], [ -7.134150969750441, 38.867933740309773 ], [ -7.133983158758712, 38.867922318792175 ], [ -7.133774861648068, 38.867968498676525 ], [ -7.13359005531006, 38.868022259227459 ], [ -7.133475054757739, 38.868076053168181 ], [ -7.133295736085481, 38.868145180456423 ], [ -7.133125549628238, 38.868165860491274 ], [ -7.132870581714461, 38.86817474461737 ], [ -7.132613056633865, 38.868160557473182 ], [ -7.132411156845265, 38.868171353583385 ], [ -7.132115369256916, 38.868197014328807 ], [ -7.13191328521637, 38.868229064276669 ], [ -7.131652209202422, 38.868230713365726 ], [ -7.131501156538985, 38.868233106522936 ], [ -7.131260992590341, 38.868239062308724 ], [ -7.13101816338482, 38.868218604985927 ], [ -7.130731980551012, 38.868200660191079 ], [ -7.130555486936776, 38.86819068151302 ], [ -7.130264038214345, 38.86816998626422 ], [ -7.130060897843304, 38.868145725154072 ], [ -7.129770459866974, 38.868140771936702 ], [ -7.129535807578744, 38.868082043385719 ], [ -7.129356075048377, 38.868056536482051 ], [ -7.129156746058817, 38.868015373962237 ], [ -7.129023847000533, 38.867986222027312 ], [ -7.128857122398888, 38.86793686852824 ], [ -7.128726186291987, 38.867899085782568 ], [ -7.128600507007907, 38.867864226956854 ], [ -7.128255020123885, 38.86784365456586 ], [ -7.128095140959653, 38.867816196153797 ], [ -7.127954467499523, 38.867823543590951 ], [ -7.127743400742984, 38.867847042702465 ], [ -7.12758804681895, 38.867882369909246 ], [ -7.127437379436528, 38.867928851818355 ], [ -7.127294361436474, 38.86803092442657 ], [ -7.127051624983697, 38.868176411356281 ], [ -7.12650143346428, 38.86850229618566 ], [ -7.126312452767072, 38.868626056343615 ], [ -7.126128797107352, 38.868748418180715 ], [ -7.125870128562217, 38.868963145803498 ], [ -7.125727262460275, 38.869054150056989 ], [ -7.125627177749544, 38.86912338601531 ], [ -7.125450446227646, 38.869273127621391 ], [ -7.125251714923555, 38.869402927096608 ], [ -7.125114847464515, 38.869532717076972 ], [ -7.124958177963274, 38.869660986593139 ], [ -7.124933935462238, 38.869721310544307 ], [ -7.124913167429511, 38.869788775129201 ], [ -7.124950596309278, 38.869937003955009 ], [ -7.124982887138939, 38.870073838765094 ], [ -7.125003675680767, 38.870136170143326 ], [ -7.125097231562625, 38.870397565582017 ], [ -7.125143286735136, 38.870579739375508 ], [ -7.125201608294085, 38.870783093325507 ], [ -7.125227080230046, 38.870888973848153 ], [ -7.125243495993609, 38.871007385115149 ], [ -7.12524061575076, 38.871211652023163 ], [ -7.125225562156147, 38.871249624468582 ], [ -7.125175890036074, 38.871454841348829 ], [ -7.125086499788284, 38.871665388372506 ], [ -7.125023353553544, 38.871804284420293 ], [ -7.125060232032802, 38.871869367791469 ], [ -7.124946226309256, 38.872036016888337 ], [ -7.124859420385145, 38.872185964531148 ], [ -7.124866759895666, 38.872302948111987 ], [ -7.124770166925997, 38.872386696822339 ], [ -7.124777923862698, 38.872474047937537 ], [ -7.124700056406578, 38.872635331290965 ], [ -7.124635026841426, 38.872776999603609 ], [ -7.124484582295609, 38.873101061966238 ], [ -7.124448931077992, 38.873202267533159 ], [ -7.124239169930989, 38.873376557728925 ], [ -7.124031687332407, 38.873536727020877 ], [ -7.123791272502229, 38.873727592199309 ], [ -7.123579758431819, 38.873911777143746 ], [ -7.123374038258224, 38.874069167203402 ], [ -7.123208335069959, 38.874200054789405 ], [ -7.123044408876676, 38.874326819392252 ], [ -7.122862630378294, 38.874453430214466 ], [ -7.122664588810784, 38.874572868654646 ], [ -7.122575736596034, 38.874614345635059 ], [ -7.122316752282768, 38.874716329804585 ], [ -7.122059658568622, 38.8748070639015 ], [ -7.121894155767139, 38.874792934537581 ], [ -7.121635249118723, 38.874766821936198 ], [ -7.12159373343535, 38.874769346571405 ], [ -7.121411777693464, 38.874777593116285 ], [ -7.121157619974818, 38.8747908876122 ], [ -7.120977236118723, 38.87481049132915 ], [ -7.120732300380173, 38.874815488620989 ], [ -7.120470720503964, 38.874839976827978 ], [ -7.120128323613722, 38.874859531610618 ], [ -7.119836273174648, 38.874879520470358 ], [ -7.11974477857563, 38.874725239852602 ], [ -7.119656931452477, 38.874573959736601 ], [ -7.119559183744149, 38.874350744141566 ], [ -7.119436105505386, 38.874267857559751 ], [ -7.119193352571339, 38.874119200161175 ], [ -7.119018400386946, 38.874007880469009 ], [ -7.118920743823279, 38.873914162631394 ], [ -7.118737184923054, 38.873775928588685 ], [ -7.118350310841938, 38.873503512543714 ], [ -7.118171310734533, 38.873425844100176 ], [ -7.118106965851551, 38.873388718293029 ], [ -7.118026487702223, 38.87335135582758 ], [ -7.117896727998738, 38.873230519785849 ], [ -7.117726092452202, 38.873067169696107 ], [ -7.117493285942654, 38.872851127989549 ], [ -7.117411530846938, 38.872705041619042 ], [ -7.117337548232993, 38.872597404378844 ], [ -7.117226917811609, 38.872411969910488 ], [ -7.117125567496569, 38.872237684671028 ], [ -7.116985869293134, 38.87206936200544 ], [ -7.116837822790322, 38.871895752891689 ], [ -7.116572843332515, 38.87172501613891 ], [ -7.1163904554421, 38.871634702073266 ], [ -7.116228105288716, 38.871528983488993 ], [ -7.115928360975606, 38.871337669928074 ], [ -7.115626808715186, 38.871099356859325 ], [ -7.115388668011267, 38.870920188615997 ], [ -7.115129453547536, 38.870782964948127 ], [ -7.115018978070145, 38.8706992891167 ], [ -7.114854869506352, 38.870624069403746 ], [ -7.114606347809457, 38.870511218829556 ], [ -7.114467568850507, 38.870461663393819 ], [ -7.114395892586272, 38.870376563518612 ], [ -7.114321391428146, 38.870305814258728 ], [ -7.114168039251605, 38.870138451814114 ], [ -7.113911609043862, 38.869918537016467 ], [ -7.113785412114617, 38.869832578083866 ], [ -7.11353217591674, 38.869719684977888 ], [ -7.113354019761596, 38.869636961445586 ], [ -7.112984026446943, 38.8694381891627 ], [ -7.11273315390091, 38.869335364809899 ], [ -7.112652393232231, 38.869310701468663 ], [ -7.112471631262788, 38.869244359452431 ], [ -7.112125901196862, 38.86911172169259 ], [ -7.111932315649865, 38.869048060899082 ], [ -7.111800143194157, 38.868976554389917 ], [ -7.111596428334183, 38.868863441639647 ], [ -7.111417767225425, 38.868763336792775 ], [ -7.111157166966859, 38.868600454636542 ], [ -7.110785879010552, 38.868377517274993 ], [ -7.110659188058592, 38.868293358482092 ], [ -7.110582858465931, 38.868216575523398 ], [ -7.110417381442331, 38.86808118453154 ], [ -7.110150661675209, 38.867846455580406 ], [ -7.10999395384526, 38.867718348724999 ], [ -7.109894860240927, 38.867597857127969 ], [ -7.109783173063354, 38.867479964590572 ], [ -7.109643093085948, 38.867325245749193 ], [ -7.109360940893253, 38.867034175607436 ], [ -7.109277668312413, 38.86694327809208 ], [ -7.109025724768752, 38.866683362812893 ], [ -7.108876620800771, 38.866531361687599 ], [ -7.108843253363888, 38.866471886065455 ], [ -7.108775386989961, 38.86622730597729 ], [ -7.108693364322444, 38.866023667540418 ], [ -7.108532185691925, 38.865745545713452 ], [ -7.108322071698729, 38.865535125414169 ], [ -7.108181212196524, 38.865435255458394 ], [ -7.108150663611627, 38.865427962276165 ], [ -7.107810666268333, 38.865381337422242 ], [ -7.107466317959716, 38.8653709345664 ], [ -7.107319831984083, 38.865384406072273 ], [ -7.107277789306966, 38.865354521395943 ], [ -7.107108080066645, 38.865341961898181 ], [ -7.106914779903091, 38.865329194853814 ], [ -7.106722009108498, 38.865279538607311 ], [ -7.106505328161046, 38.86525180725468 ], [ -7.106406291809959, 38.865247247962365 ], [ -7.106278307914522, 38.86528670575931 ], [ -7.106126571348065, 38.865337024034424 ], [ -7.105960573580376, 38.86539459484252 ], [ -7.105775169939442, 38.86548888913029 ], [ -7.105604240451401, 38.865561174174857 ], [ -7.105452396614849, 38.865618869688838 ], [ -7.105352988039098, 38.865640131155892 ], [ -7.105196691942163, 38.865679339486064 ], [ -7.105026344752368, 38.865711044840815 ], [ -7.104898252993005, 38.865757880131191 ], [ -7.104805965756134, 38.865850789416108 ], [ -7.104584679795479, 38.865967380427946 ], [ -7.104171079579264, 38.866173619657197 ], [ -7.103899182051069, 38.866300848217548 ], [ -7.103724468870769, 38.866323091181805 ], [ -7.103606344713953, 38.86633311848076 ], [ -7.103464839794041, 38.866328181385292 ], [ -7.103064618896076, 38.866231529997656 ], [ -7.102786905613698, 38.866130539165063 ], [ -7.102522918558576, 38.866028139310913 ], [ -7.102422477981741, 38.86596111062449 ], [ -7.102244237808384, 38.86588574851605 ], [ -7.102136296393782, 38.86584421256898 ], [ -7.102033234825005, 38.865791650110488 ], [ -7.101967707356449, 38.865754177114106 ], [ -7.10190705967576, 38.865705678574571 ], [ -7.101747919085523, 38.865584620127812 ], [ -7.101533520113809, 38.865429361333021 ], [ -7.101427286037588, 38.865269777482283 ], [ -7.101372317571665, 38.865154919055399 ], [ -7.101303032254159, 38.865051002704014 ], [ -7.101305395835636, 38.864951894424451 ], [ -7.101205952563251, 38.86488093626096 ], [ -7.101058398738234, 38.864814779983256 ], [ -7.100841904965965, 38.864679554229788 ], [ -7.100774329526535, 38.864675535782155 ], [ -7.100653312839565, 38.864734278522214 ], [ -7.100512124176118, 38.864825269402814 ], [ -7.10041990569864, 38.864860398969874 ], [ -7.100219268140179, 38.86483980218317 ], [ -7.100079796450023, 38.864792996124983 ], [ -7.099837692932502, 38.864565798185183 ], [ -7.099712537321986, 38.864409734890025 ], [ -7.099606148595675, 38.864261215710385 ], [ -7.099541621852662, 38.864111130293111 ], [ -7.099517078402449, 38.863999850571318 ], [ -7.099457216164344, 38.863908705597041 ], [ -7.099371169817296, 38.863868055386448 ], [ -7.099201306606853, 38.863866551650709 ], [ -7.09901669990431, 38.863905501074029 ], [ -7.098798850471372, 38.863958913013775 ], [ -7.098609203995343, 38.864019953447304 ], [ -7.098386314507441, 38.864095457159912 ], [ -7.098262619165099, 38.864164460421883 ], [ -7.098091035732032, 38.864281070609124 ], [ -7.097947628724511, 38.864358347099959 ], [ -7.097756064825766, 38.864459156813382 ], [ -7.097458818838465, 38.86462568741451 ], [ -7.09708312809025, 38.864795964818079 ], [ -7.096821629957451, 38.864930153690189 ], [ -7.096607582634335, 38.865046316379527 ], [ -7.096407959565449, 38.865144159065238 ], [ -7.096270479708138, 38.865187211998361 ], [ -7.096062221315782, 38.865229635352314 ], [ -7.09585873606918, 38.865268412098622 ], [ -7.09564082658955, 38.865325508000168 ], [ -7.095450583956469, 38.865427121899828 ], [ -7.094961249417954, 38.865651517442309 ], [ -7.094775884613914, 38.865742105900502 ], [ -7.094571429958895, 38.865847281513986 ], [ -7.094398711483266, 38.865950144849542 ], [ -7.094275822405186, 38.865986618103079 ], [ -7.094159618595302, 38.866014588039043 ], [ -7.094065156979934, 38.86605310919893 ], [ -7.093951097669374, 38.866084527215897 ], [ -7.093852407801897, 38.866112652690212 ], [ -7.093751363734096, 38.866144275512539 ], [ -7.093527612857248, 38.866215698851917 ], [ -7.093266643978747, 38.866286882241354 ], [ -7.092826562277597, 38.866410991969772 ], [ -7.092347402283032, 38.866583815474534 ], [ -7.091433064237528, 38.866943702615167 ], [ -7.09112117803255, 38.867053696678745 ], [ -7.090974100480484, 38.86710535276255 ], [ -7.09096256859537, 38.867137680050803 ], [ -7.090733759298463, 38.867207695401838 ], [ -7.090538893790895, 38.867301880886437 ], [ -7.090366543725046, 38.867470055853921 ], [ -7.090217516100241, 38.867656886483402 ], [ -7.09012017770573, 38.867858935792661 ], [ -7.089948626914522, 38.868054801324 ], [ -7.089917410716483, 38.868170726379049 ], [ -7.0899251757052, 38.868285168399993 ], [ -7.090025806681139, 38.868503744026228 ], [ -7.090231734256905, 38.868944626197511 ], [ -7.090281861933699, 38.869066824649991 ], [ -7.090401970113476, 38.86930613018918 ], [ -7.090500657476491, 38.86957867618522 ], [ -7.090593343807201, 38.869820366010337 ], [ -7.090721446806217, 38.869989418177724 ], [ -7.090781229428184, 38.870096945379579 ], [ -7.090826029680998, 38.870188061130904 ], [ -7.090915041058418, 38.870231551751921 ], [ -7.090946884661169, 38.870291734004169 ], [ -7.090982799347936, 38.870365555906481 ], [ -7.09107030038114, 38.870504693095327 ], [ -7.091268848018071, 38.870827673246765 ], [ -7.091373268284374, 38.870967862815633 ], [ -7.091428085599365, 38.87109652592968 ], [ -7.091225276561524, 38.871038024375849 ], [ -7.090672411593747, 38.871084741888495 ], [ -7.090492716383717, 38.871108963413221 ], [ -7.090289749402269, 38.87111084058705 ], [ -7.090157458674422, 38.871120727711933 ], [ -7.089850407129079, 38.871140121193541 ], [ -7.089590706281052, 38.871148869332856 ], [ -7.089028617396115, 38.871180739422037 ], [ -7.088258086801599, 38.871266083020195 ], [ -7.087752300601628, 38.871320587866592 ], [ -7.087182278897953, 38.871376731968134 ], [ -7.08672845234535, 38.871428007324887 ], [ -7.08643072859772, 38.871454854432798 ], [ -7.086090479210785, 38.871485009021058 ], [ -7.086000386839092, 38.871513716500402 ], [ -7.085839565258955, 38.871538100985759 ], [ -7.085480819357865, 38.87154226123797 ], [ -7.085089751458648, 38.871569639318821 ], [ -7.084829690584267, 38.871577576449475 ], [ -7.084519428442497, 38.871590106494303 ], [ -7.084233232450689, 38.871596278113977 ], [ -7.083792108998185, 38.871599167179021 ], [ -7.083420949790335, 38.871592413012692 ], [ -7.083126174135395, 38.871586435475635 ], [ -7.082748474426906, 38.87157790891338 ], [ -7.082586771339912, 38.871588436260588 ], [ -7.082431228644143, 38.871610907076999 ], [ -7.082199925537773, 38.871597638224237 ], [ -7.082001893658045, 38.871584787299469 ], [ -7.081685617711815, 38.871589319059588 ], [ -7.081350085027724, 38.87161950228645 ], [ -7.081100358416866, 38.871674247637536 ], [ -7.080669365476036, 38.87169453692627 ], [ -7.080381130037296, 38.871717764578861 ], [ -7.080052731830918, 38.871767415315261 ], [ -7.079678780887207, 38.871801520488823 ], [ -7.079246954927978, 38.871818217375413 ], [ -7.079020228527344, 38.871830929085895 ], [ -7.078778963414884, 38.871869333946123 ], [ -7.078547355344377, 38.871893069228761 ], [ -7.078225759144524, 38.871938126506322 ], [ -7.078060268527236, 38.871958768554912 ], [ -7.077828495160821, 38.871993568581075 ], [ -7.077521164396734, 38.872031374684106 ], [ -7.07731336791222, 38.872040563768671 ], [ -7.076939916419996, 38.872081460019622 ], [ -7.07674144748732, 38.872098111492299 ], [ -7.07655274543443, 38.872092715667272 ], [ -7.076330736873988, 38.872105463932755 ], [ -7.076193669026822, 38.872118981503313 ], [ -7.07607081182273, 38.872128937126078 ], [ -7.07591492344318, 38.872138594481633 ], [ -7.075669155345207, 38.872162194946419 ], [ -7.075319407086691, 38.872195921603129 ], [ -7.075002745535848, 38.87222625749807 ], [ -7.07462512002542, 38.872230214197209 ], [ -7.074275535223133, 38.872252870639969 ], [ -7.073982851638172, 38.872257595433027 ], [ -7.073580485622803, 38.872279860234755 ], [ -7.073279168240664, 38.87227199514281 ], [ -7.073263571882918, 38.872150524556737 ], [ -7.073242118698182, 38.871972877931817 ], [ -7.073229368506627, 38.871877012107063 ], [ -7.073138451638866, 38.871527595575706 ], [ -7.073000557966948, 38.871106139209843 ], [ -7.072882672290988, 38.870811335829458 ], [ -7.072849355997831, 38.870680513802334 ], [ -7.072804071995077, 38.870509949562333 ], [ -7.072798441996082, 38.870446754111931 ], [ -7.072790590204709, 38.870238245541167 ], [ -7.072761337241597, 38.870003962790662 ], [ -7.072722547239753, 38.869535576275844 ], [ -7.072712169279598, 38.869349297164234 ], [ -7.072681014523235, 38.869096172960283 ], [ -7.072658032206679, 38.868882392591651 ], [ -7.072647720042311, 38.868699532446435 ], [ -7.072665698216298, 38.868373440439434 ], [ -7.072682160664106, 38.868141284180354 ], [ -7.072705634018229, 38.867887033714148 ], [ -7.072736217362436, 38.867588347417048 ], [ -7.072758566431467, 38.867402454591698 ], [ -7.072777861412187, 38.867274540438927 ], [ -7.072836036304724, 38.867034204703067 ], [ -7.072862297015152, 38.866887528731311 ], [ -7.072854302886816, 38.866836200949919 ], [ -7.07287147181519, 38.866711694867462 ], [ -7.072889261395504, 38.866537645255292 ], [ -7.072904191853151, 38.866416450759971 ], [ -7.072912835212492, 38.866276459711877 ], [ -7.072943542580348, 38.865969308128669 ], [ -7.072976841471405, 38.865643265826641 ], [ -7.073026107666746, 38.865413117744808 ], [ -7.073055409476082, 38.865208458353081 ], [ -7.07313590327918, 38.864783941473171 ], [ -7.073180301798274, 38.864734799784081 ], [ -7.073186122749891, 38.864637481928888 ], [ -7.073227532785633, 38.86435429663964 ], [ -7.073249838863435, 38.86417858094201 ], [ -7.07329721118408, 38.863781054588394 ], [ -7.073384278744961, 38.863207875653437 ], [ -7.07338041064449, 38.862878072895427 ], [ -7.073363789412377, 38.862678131847794 ], [ -7.073365814209863, 38.862541508016683 ], [ -7.073304511777889, 38.861966985236812 ], [ -7.07326436461299, 38.861737736885189 ], [ -7.073194788359349, 38.861286184999969 ], [ -7.073149245686464, 38.860969785575918 ], [ -7.073126098132681, 38.860759340846968 ], [ -7.073093449503044, 38.860607087477554 ], [ -7.073059098969264, 38.860413740219443 ], [ -7.072955166032241, 38.860212830828097 ], [ -7.07290151945389, 38.860070563604118 ], [ -7.072867661881523, 38.859991620452931 ], [ -7.072873963139953, 38.859861875798316 ], [ -7.072896585634605, 38.859517092239841 ], [ -7.072910614212084, 38.859161865548991 ], [ -7.072923744377016, 38.85885122299787 ], [ -7.072867711989159, 38.85879955092625 ], [ -7.072569582838952, 38.85858841529469 ], [ -7.07230598495686, 38.858394700777581 ], [ -7.072109519377877, 38.858102601620509 ], [ -7.071938831399486, 38.85782776530025 ], [ -7.071841141644323, 38.857649068587541 ], [ -7.071698346098293, 38.857265219080674 ], [ -7.071638940615562, 38.857138210979898 ], [ -7.071428575732455, 38.856890304613906 ], [ -7.071213647335306, 38.856662891993217 ], [ -7.070986191725517, 38.856394383879753 ], [ -7.07066773753158, 38.856063519921406 ], [ -7.070345439207254, 38.855712179967369 ], [ -7.070125126927039, 38.855552904194532 ], [ -7.069818403742356, 38.855324655262379 ], [ -7.069606533709523, 38.855186082876003 ], [ -7.06939825852464, 38.855085105619366 ], [ -7.069094899158662, 38.854925254338227 ], [ -7.068865633960606, 38.854779676320845 ], [ -7.06866928559226, 38.854767620909165 ], [ -7.068490593393377, 38.854745549283741 ], [ -7.068334194443747, 38.854696292899789 ], [ -7.068064974211259, 38.854587913607801 ], [ -7.068044987323775, 38.854468199017283 ], [ -7.068041577970887, 38.854441596279699 ], [ -7.068081407940745, 38.85444367095819 ], [ -7.068185234174422, 38.854449211627589 ], [ -7.068409715414043, 38.854366849490766 ], [ -7.068606657542962, 38.854199751419543 ], [ -7.069057250862492, 38.853561337813296 ], [ -7.069682878374214, 38.852523312075817 ], [ -7.069962703922068, 38.852119161689295 ], [ -7.070548376415491, 38.851606007746334 ], [ -7.071067449697997, 38.85103909824678 ], [ -7.071774915959756, 38.850118095357715 ], [ -7.072463752591788, 38.849209884386006 ], [ -7.073729228213827, 38.848377516449936 ], [ -7.073987003264467, 38.84820753694985 ], [ -7.07456677328614, 38.847450561483804 ], [ -7.075098281280365, 38.846622703209711 ], [ -7.075534622702342, 38.845553928306856 ], [ -7.076240511411803, 38.84410854751485 ], [ -7.076876275100501, 38.842698918809262 ], [ -7.07725653526652, 38.841790055026472 ], [ -7.077390264718367, 38.84120022930059 ], [ -7.078262322053031, 38.840067499433864 ], [ -7.079598372178866, 38.838541034659762 ], [ -7.079973797410043, 38.83778443910338 ], [ -7.081388427320012, 38.835764046995727 ], [ -7.082650714472006, 38.834160406077672 ], [ -7.083761385146536, 38.832973435527862 ], [ -7.083939420561467, 38.832423942786711 ], [ -7.084264172722048, 38.831818837710976 ], [ -7.084609488014889, 38.831460996198231 ], [ -7.085100019360689, 38.83114237624995 ], [ -7.085395902604262, 38.830841017419452 ], [ -7.085574642437005, 38.830234600520924 ], [ -7.085952246752521, 38.829344961012218 ], [ -7.086626871382823, 38.828058940563075 ], [ -7.086781409337592, 38.827452305534941 ], [ -7.086863409385214, 38.826845020562189 ], [ -7.086798344540339, 38.826293614459715 ], [ -7.086901632391502, 38.825876315798808 ], [ -7.08798442790988, 38.823264039040346 ], [ -7.088114535091475, 38.822657182180464 ], [ -7.089231422337538, 38.821033068563963 ], [ -7.090412876458128, 38.819960609719743 ], [ -7.091761069943921, 38.819098510210615 ], [ -7.092837838563926, 38.818538083053241 ], [ -7.093575293201794, 38.817936708079138 ], [ -7.09534005081743, 38.816831367511583 ], [ -7.095906722071394, 38.816285391695693 ], [ -7.096372576386982, 38.815966504643079 ], [ -7.097130254242622, 38.815650198511584 ], [ -7.098641024279156, 38.815302537731696 ], [ -7.099491556827547, 38.815253035452059 ], [ -7.100021605461265, 38.81554272011735 ], [ -7.100885314564599, 38.816272402003115 ], [ -7.101295905719309, 38.81644698850004 ], [ -7.10468822684509, 38.816990026016434 ], [ -7.105853308033299, 38.817038273994541 ], [ -7.108089032123679, 38.816943843558313 ], [ -7.110014121790813, 38.816485716128582 ], [ -7.112251177836478, 38.816296277919065 ], [ -7.1165287739742, 38.816067524193208 ], [ -7.120030729335962, 38.815736868337787 ], [ -7.122778490139853, 38.815513726970075 ], [ -7.123677320899432, 38.815483472498578 ], [ -7.124307846343232, 38.815545928862925 ], [ -7.125404023010639, 38.815327390089919 ], [ -7.126749845021319, 38.814597906495443 ], [ -7.12860733106851, 38.81375885529463 ], [ -7.131426695966543, 38.81188302614553 ], [ -7.133070377359012, 38.810681041813616 ], [ -7.136528167441899, 38.808278545314153 ], [ -7.140227619282052, 38.805915922820354 ], [ -7.142758110184572, 38.803790189210048 ], [ -7.144220889194715, 38.802865212234593 ], [ -7.145634753309397, 38.801978723081966 ], [ -7.147786260742614, 38.800252955705403 ], [ -7.149891045837466, 38.798333269320324 ], [ -7.153306623656131, 38.795068950243902 ], [ -7.153943302407644, 38.793776532287218 ], [ -7.154698446964478, 38.793104379812902 ], [ -7.156128566718383, 38.791727690193525 ], [ -7.156518660040916, 38.791210388277932 ], [ -7.156862021176858, 38.790176999333589 ], [ -7.157439623546513, 38.787246901082739 ], [ -7.157852854529604, 38.786506844337886 ], [ -7.159295167168858, 38.784514442840141 ], [ -7.160289886905499, 38.784300043674371 ], [ -7.160337136510067, 38.784210447263462 ], [ -7.160489172546884, 38.784040476271755 ], [ -7.160815043724234, 38.783764031815949 ], [ -7.160908924358514, 38.783638702753592 ], [ -7.160943570667454, 38.783629890413955 ], [ -7.161001967601782, 38.783558405671876 ], [ -7.161133057235912, 38.783235121453146 ], [ -7.161381303253155, 38.782741756720149 ], [ -7.161512997197634, 38.782373532586981 ], [ -7.161592659961407, 38.781590513826075 ], [ -7.161640398661051, 38.781455795379316 ], [ -7.161710773427911, 38.781366301423375 ], [ -7.161849958748765, 38.781277467646539 ], [ -7.162047156982541, 38.781170918221548 ], [ -7.16219809143039, 38.781064081364249 ], [ -7.162256112812926, 38.781028527684619 ], [ -7.162453552724849, 38.780904056731451 ], [ -7.162523200370416, 38.78085959438129 ], [ -7.162789561271873, 38.780735693475833 ], [ -7.163032663686093, 38.780629704579191 ], [ -7.163299753757212, 38.78045167430782 ], [ -7.163451780389487, 38.780272779671741 ], [ -7.163628407333683, 38.779967975050546 ], [ -7.163675400233484, 38.779905309322253 ], [ -7.163803674257381, 38.779780262224797 ], [ -7.16412913713663, 38.779548849263634 ], [ -7.164198782414283, 38.779504386774796 ], [ -7.164441879802986, 38.779398304775334 ], [ -7.164604307884557, 38.779300649802643 ], [ -7.164813855461431, 38.779122229146708 ], [ -7.16486013520295, 38.779095587372531 ], [ -7.164987434858753, 38.779042596086562 ], [ -7.165137618894429, 38.779007717070222 ], [ -7.165276431357139, 38.778945811214513 ], [ -7.165369695995101, 38.778865512374367 ], [ -7.165522075466332, 38.778650673994498 ], [ -7.165603595229422, 38.778579192747259 ], [ -7.165650111053158, 38.778543547496199 ], [ -7.165823789575958, 38.778473014591881 ], [ -7.165904941450527, 38.778428645411942 ], [ -7.16604326910128, 38.778402673101546 ], [ -7.166089408513284, 38.77840305402038 ], [ -7.166158697766615, 38.778376601228331 ], [ -7.166331653417546, 38.778351101563246 ], [ -7.166355388122165, 38.778306257037094 ], [ -7.166757756234183, 38.778327322373201 ], [ -7.166930589325433, 38.778319921112832 ], [ -7.166988364188632, 38.778302383144656 ], [ -7.167138670080162, 38.778249669772613 ], [ -7.167173556047893, 38.778222841909333 ], [ -7.167255198009522, 38.778133526828675 ], [ -7.167349180245949, 38.777999098034108 ], [ -7.167430573583587, 38.777936715045605 ], [ -7.167511723870973, 38.777892344725103 ], [ -7.167534854438259, 38.777883615407646 ], [ -7.167822523973462, 38.777876893196698 ], [ -7.167938303223233, 38.777832897795214 ], [ -7.168077234824674, 38.777761888963369 ], [ -7.168250187859901, 38.777745390638948 ], [ -7.16856123045949, 38.777702823808575 ], [ -7.168630754417411, 38.777667457340037 ], [ -7.168700632662123, 38.777613897959803 ], [ -7.168782624631146, 38.777515489484585 ], [ -7.168876006828619, 38.777408254490012 ], [ -7.169029702318179, 38.777112261825259 ], [ -7.169041331345372, 38.777094343024579 ], [ -7.169145981604439, 38.777014135943865 ], [ -7.16935406010633, 38.776943694134751 ], [ -7.169493707204676, 38.776827835053453 ], [ -7.1695399718867, 38.776810196394273 ], [ -7.169597503687943, 38.776810669858691 ], [ -7.16970093772153, 38.776820440371139 ], [ -7.169873642458307, 38.776821862243715 ], [ -7.169908165768062, 38.776813226357852 ], [ -7.170012325513383, 38.776768958354971 ], [ -7.170058947304109, 38.776733396869176 ], [ -7.170141424662956, 38.776589951407168 ], [ -7.17017631233883, 38.776554209406086 ], [ -7.170765172507134, 38.776414927810713 ], [ -7.170903730661055, 38.776379946489598 ], [ -7.171053666734013, 38.77635424484977 ], [ -7.171399097493972, 38.776338977882475 ], [ -7.171583796814621, 38.776295545997868 ], [ -7.171942294565566, 38.776154366399361 ], [ -7.172415375713748, 38.776050245488527 ], [ -7.172554293638669, 38.775988331766868 ], [ -7.17267103235534, 38.775872185052847 ], [ -7.172751936610085, 38.775845829180803 ], [ -7.172901638742831, 38.775837956925862 ], [ -7.173096875920598, 38.775866583535411 ], [ -7.173154290813367, 38.775867054284639 ], [ -7.173258089562602, 38.775849981326104 ], [ -7.173362125222012, 38.77581479908978 ], [ -7.173732965677583, 38.775619579200516 ], [ -7.17380247736023, 38.775593033585359 ], [ -7.17446216903124, 38.775310371449336 ], [ -7.174715901440514, 38.775258313781897 ], [ -7.175027166674965, 38.775215822457312 ], [ -7.175188849235983, 38.775172196138051 ], [ -7.175489677466562, 38.775057462633129 ], [ -7.175501063949928, 38.775066656545945 ], [ -7.175766664132349, 38.774987759533062 ], [ -7.175767026589075, 38.7749606471425 ], [ -7.175801664447035, 38.774952016748991 ], [ -7.175939732900891, 38.774962060041361 ], [ -7.176066297912447, 38.774954180672445 ], [ -7.176320023813029, 38.774911214656797 ], [ -7.176897597304163, 38.774753790331118 ], [ -7.177290952328185, 38.774594863756022 ], [ -7.177498775599254, 38.774542425417025 ], [ -7.177510287643138, 38.774533600001796 ], [ -7.177521792932373, 38.7745426136334 ], [ -7.177567817749797, 38.774534069519596 ], [ -7.177867566300141, 38.774500395983715 ], [ -7.178133276931146, 38.774421494464711 ], [ -7.178214296588414, 38.774386125198831 ], [ -7.17832971840466, 38.77435112252585 ], [ -7.178998966741215, 38.774221374630031 ], [ -7.179184136154945, 38.774141814009987 ], [ -7.179242144735734, 38.774106252585575 ], [ -7.179393276533368, 38.773981374648635 ], [ -7.179521152766927, 38.773883422121635 ], [ -7.179890538501317, 38.773796260999809 ], [ -7.17994830090933, 38.773778715575993 ], [ -7.180028958122881, 38.773770458357838 ], [ -7.180086602715473, 38.773770927566403 ], [ -7.180432131309994, 38.773746806042155 ], [ -7.180594048236825, 38.773684978293275 ], [ -7.180814453657456, 38.773542647439363 ], [ -7.180895472176994, 38.773507362764413 ], [ -7.180964857104574, 38.77348991153611 ], [ -7.181206717200317, 38.773464858351183 ], [ -7.181299597885426, 38.773411564273694 ], [ -7.181429149736541, 38.773178413912532 ], [ -7.181452519975527, 38.773151493352636 ], [ -7.181521790468216, 38.773143137868743 ], [ -7.181763292625721, 38.773145100504877 ], [ -7.181856167881811, 38.773091719458954 ], [ -7.181937899663607, 38.773002394662583 ], [ -7.182067692488961, 38.772751230759617 ], [ -7.182125807769179, 38.772715673255838 ], [ -7.182183457317532, 38.77270704085204 ], [ -7.182448320948217, 38.772691176489069 ], [ -7.182459592913958, 38.772700368798084 ], [ -7.18249422680267, 38.772700650528719 ], [ -7.182540252281789, 38.772691923393324 ], [ -7.182586630669881, 38.772665275322019 ], [ -7.18271401992423, 38.772612356260247 ], [ -7.182865027868579, 38.77250539654132 ], [ -7.18294568457242, 38.772497131890987 ], [ -7.183083872145118, 38.772489158332824 ], [ -7.183302836682564, 38.772454995100183 ], [ -7.183407458590885, 38.772374774849041 ], [ -7.183594524494801, 38.772151093615186 ], [ -7.183687990621374, 38.772052766793671 ], [ -7.183828679721807, 38.77185564721956 ], [ -7.183863678847104, 38.771810892329185 ], [ -7.183933658279561, 38.771748404970388 ], [ -7.184072680616076, 38.771668461700067 ], [ -7.184119767209133, 38.771596869657259 ], [ -7.184120601469745, 38.771533821575872 ], [ -7.184064391104891, 38.771434281611107 ], [ -7.184053839155569, 38.7713531253886 ], [ -7.184065821022824, 38.771326198280839 ], [ -7.184112321639335, 38.771281444831587 ], [ -7.184192853172521, 38.771291197572445 ], [ -7.184273033485666, 38.771318777518943 ], [ -7.1843411138544, 38.771382384207229 ], [ -7.184397091587297, 38.771500033309493 ], [ -7.184408476812614, 38.771518140507354 ], [ -7.184523173032471, 38.771537084518506 ], [ -7.184569671952894, 38.771510345647378 ], [ -7.184604663555218, 38.771465589567768 ], [ -7.184629584960118, 38.771321667340551 ], [ -7.184768714986877, 38.771241725003904 ], [ -7.184792086752383, 38.771214980324771 ], [ -7.184792443341246, 38.771187962408241 ], [ -7.184758995582247, 38.771115536407137 ], [ -7.184783194068276, 38.771025743573936 ], [ -7.184992430158646, 38.770865299289078 ], [ -7.18505186042791, 38.770721655112709 ], [ -7.185190886648475, 38.770623697540252 ], [ -7.185251973817471, 38.770380891287431 ], [ -7.185275458635563, 38.770345046802809 ], [ -7.18531091883672, 38.770282279521453 ], [ -7.18538031239669, 38.770246901914071 ], [ -7.185518733795903, 38.770220907165836 ], [ -7.185713601403683, 38.770276625073919 ], [ -7.185713363138289, 38.770294637920365 ], [ -7.18591855785972, 38.770440423917641 ], [ -7.185998023229387, 38.770522135803724 ], [ -7.186179964885478, 38.770685747667677 ], [ -7.186363099130276, 38.770759202242388 ], [ -7.186420506134641, 38.770768762506528 ], [ -7.186594030872151, 38.770698015251547 ], [ -7.186812986751173, 38.770672851365752 ], [ -7.186870873664716, 38.770637289622016 ], [ -7.186986996478346, 38.770557068251989 ], [ -7.187080457028009, 38.77045873861487 ], [ -7.1871268311108, 38.7704321787608 ], [ -7.187242481461605, 38.77037897322419 ], [ -7.187288733694137, 38.77037043250305 ], [ -7.187392285845903, 38.770371268724993 ], [ -7.187415058301971, 38.770389468685288 ], [ -7.187552409129971, 38.770444532524486 ], [ -7.187851064840118, 38.770474149529285 ], [ -7.187966117389497, 38.770483997826169 ], [ -7.188057215273401, 38.770547788519337 ], [ -7.188170718856353, 38.770665895627232 ], [ -7.188285177738094, 38.770720773508188 ], [ -7.188399878319707, 38.77073971915501 ], [ -7.188549558901752, 38.77074092723408 ], [ -7.188676471484988, 38.770714925804526 ], [ -7.188838254708839, 38.770662181573009 ], [ -7.1889555628522, 38.770483063523514 ], [ -7.188991261966033, 38.770402282261237 ], [ -7.188980705691066, 38.770321127311092 ], [ -7.188912034500319, 38.770293458012397 ], [ -7.18882046234333, 38.770265693712133 ], [ -7.18878595151121, 38.770265415757009 ], [ -7.188762815499041, 38.770274329428602 ], [ -7.18876163022192, 38.770364400063059 ], [ -7.188727003140745, 38.770364121150941 ], [ -7.188681212917234, 38.77035474057238 ], [ -7.188613135882825, 38.770273121634844 ], [ -7.188463571315128, 38.770271915480073 ], [ -7.188440791502494, 38.770262630723472 ], [ -7.188338193310281, 38.77018983409733 ], [ -7.188292888059763, 38.770135328004081 ], [ -7.188260742116497, 38.769954913991036 ], [ -7.18826323265876, 38.769765769455859 ], [ -7.188174164284636, 38.769530936412963 ], [ -7.188130043179961, 38.769386455989441 ], [ -7.188144978577182, 38.769143366814916 ], [ -7.188157083831111, 38.769089323958305 ], [ -7.188227649785468, 38.768981800399899 ], [ -7.188273668377951, 38.768982171554519 ], [ -7.18830794554918, 38.769000552632463 ], [ -7.188387180570431, 38.769091181522718 ], [ -7.188455615181246, 38.769136773923172 ], [ -7.188556202124192, 38.769353866139689 ], [ -7.188647642287373, 38.769408647701347 ], [ -7.188716676917918, 38.769409204685005 ], [ -7.188832196156531, 38.769374107661726 ], [ -7.189121360903757, 38.769259249901744 ], [ -7.189328929959533, 38.769224888670287 ], [ -7.189397958771838, 38.769216530141406 ], [ -7.189534950537883, 38.769307619229458 ], [ -7.189626521741886, 38.769335472139858 ], [ -7.189730065552408, 38.769336307116845 ], [ -7.189880692143664, 38.769265370992358 ], [ -7.189984235872293, 38.769266204842211 ], [ -7.190007124945413, 38.769275484775903 ], [ -7.190075451483171, 38.769321075359485 ], [ -7.190097868553221, 38.769366295463726 ], [ -7.190108419074604, 38.769447450284503 ], [ -7.190003692609677, 38.769536595350608 ], [ -7.189818310787637, 38.769634187258298 ], [ -7.189873823068605, 38.769787853311385 ], [ -7.190044512106076, 38.769924257484611 ], [ -7.190111049932529, 38.770123058809091 ], [ -7.190168106004521, 38.770150448126991 ], [ -7.190202505088848, 38.770159735316511 ], [ -7.190318139875557, 38.770124726940494 ], [ -7.190433905892752, 38.770062604100765 ], [ -7.190538516453406, 38.769982372784924 ], [ -7.190735284817616, 38.76990288634272 ], [ -7.190886033526155, 38.769805015563065 ], [ -7.190911764162111, 38.769598043517732 ], [ -7.1908687015434, 38.769372502946958 ], [ -7.190882101239089, 38.769237400543844 ], [ -7.191023473391717, 38.768977404654869 ], [ -7.191026550081365, 38.768743133618621 ], [ -7.191050029182291, 38.768716298449142 ], [ -7.19105061915147, 38.7686713540593 ], [ -7.19103934888258, 38.768653247520454 ], [ -7.191064843935781, 38.768455193967803 ], [ -7.191112287113858, 38.768347480442181 ], [ -7.191159484070874, 38.768266791149095 ], [ -7.191205976059818, 38.768231129076241 ], [ -7.191298728594066, 38.768168820762988 ], [ -7.19133347527523, 38.768151085081371 ], [ -7.191540920485733, 38.768125733948906 ], [ -7.191725823727878, 38.768064166785024 ], [ -7.191807774188447, 38.767956821897734 ], [ -7.191844290396999, 38.767812990464328 ], [ -7.191915334218144, 38.767651416889287 ], [ -7.192043300513657, 38.767544351423524 ], [ -7.192146962435299, 38.767536089074419 ], [ -7.192226905040878, 38.767581771937493 ], [ -7.19228348225203, 38.767654376666563 ], [ -7.192327848535846, 38.767780752698464 ], [ -7.192385018586118, 38.767808236439841 ], [ -7.192431159344579, 38.767799688267907 ], [ -7.192477882458911, 38.767755028703128 ], [ -7.192501246849487, 38.767728100430411 ], [ -7.192664909119753, 38.767531332276903 ], [ -7.192734291917271, 38.767495769112891 ], [ -7.192734644328142, 38.76746883758355 ], [ -7.192792875184714, 38.767424270484121 ], [ -7.193001614504772, 38.767290736596642 ], [ -7.19333772823041, 38.767104361515933 ], [ -7.193511354728613, 38.767033605592857 ], [ -7.194138265069618, 38.766597342368165 ], [ -7.194173368462482, 38.766561497514026 ], [ -7.194242748387721, 38.76652602439718 ], [ -7.194497261908243, 38.766429071571395 ], [ -7.194508766036486, 38.766420063332653 ], [ -7.194693904140072, 38.766340476707747 ], [ -7.194879270807371, 38.7662429687011 ], [ -7.195042098066459, 38.766118164051193 ], [ -7.195332415559444, 38.765913310670825 ], [ -7.195448866414709, 38.765815153254373 ], [ -7.195471879912586, 38.765815337891596 ], [ -7.195472114507354, 38.765797415049761 ], [ -7.195495242431205, 38.765788505372598 ], [ -7.195866203729355, 38.76557537711885 ], [ -7.19638719940933, 38.765318317351571 ], [ -7.19643333080001, 38.76531868618639 ], [ -7.196433682899945, 38.765291669953527 ], [ -7.196468436617264, 38.76526483214689 ], [ -7.19667739326246, 38.765122378254965 ], [ -7.196840335232134, 38.764979557163045 ], [ -7.196993644687947, 38.764701630050439 ], [ -7.197065140646542, 38.764513035955019 ], [ -7.19707781746051, 38.764414052886792 ], [ -7.197068666646289, 38.764242739377373 ], [ -7.197035327772642, 38.764143478733637 ], [ -7.196923456659712, 38.763908289246778 ], [ -7.19691195517225, 38.763899277536844 ], [ -7.196832719820444, 38.763799559092199 ], [ -7.196815695621608, 38.763781317819294 ], [ -7.196753365849608, 38.76370884479595 ], [ -7.196641377380778, 38.763482753824782 ], [ -7.196630340766073, 38.763446636669819 ], [ -7.19649535621615, 38.763202255495727 ], [ -7.196360832860035, 38.762931030841031 ], [ -7.196214218787874, 38.762704571830646 ], [ -7.196170083690755, 38.762569104671783 ], [ -7.196116327140475, 38.762271413523315 ], [ -7.196050598414059, 38.762027678899294 ], [ -7.19596126982294, 38.761810864146526 ], [ -7.195791892641658, 38.761575213293661 ], [ -7.195747401363164, 38.761457847994187 ], [ -7.195736723663621, 38.761394706446247 ], [ -7.195762791995656, 38.76115170063597 ], [ -7.195916218922441, 38.760855578907005 ], [ -7.196092185787236, 38.760604773350458 ], [ -7.196186098493023, 38.760452479993234 ], [ -7.196198536968545, 38.760389524684136 ], [ -7.196164967765098, 38.760308186636394 ], [ -7.196177530977086, 38.760236131686604 ], [ -7.19620077247964, 38.760218303180174 ], [ -7.196396806644533, 38.760174831582148 ], [ -7.196454795342754, 38.760139265784332 ], [ -7.196525339877396, 38.760031734985368 ], [ -7.19657135281924, 38.760032103702429 ], [ -7.196743555240293, 38.760051585654587 ], [ -7.196870445648232, 38.760034495487481 ], [ -7.196962829534926, 38.75999920405453 ], [ -7.197055557643584, 38.759954905641926 ], [ -7.197183267069128, 38.759865937157123 ], [ -7.197230343322445, 38.759785244275378 ], [ -7.197242783367225, 38.759713192717228 ], [ -7.19724372220672, 38.759641226517942 ], [ -7.19721391545189, 38.759280582375276 ], [ -7.19729655211583, 38.759119103440902 ], [ -7.197426022827689, 38.758895033529804 ], [ -7.197438463712469, 38.758822977441341 ], [ -7.197451025841343, 38.758733088553292 ], [ -7.197454430833367, 38.758471891371407 ], [ -7.19749058574993, 38.758354990295899 ], [ -7.197619348921528, 38.758184958952832 ], [ -7.197712201586481, 38.758113545516828 ], [ -7.197817135323457, 38.758015389750298 ], [ -7.197991557181484, 38.757872658666692 ], [ -7.19804966312554, 38.757827991443051 ], [ -7.198189579209566, 38.757684983992185 ], [ -7.198411657004443, 38.757407693831951 ], [ -7.198505906889614, 38.757246215863582 ], [ -7.198564593529198, 38.757156694745397 ], [ -7.198599809945205, 38.757093921262083 ], [ -7.198890902366276, 38.756825918670408 ], [ -7.199030346327665, 38.756718936967438 ], [ -7.199286453698761, 38.756495784977524 ], [ -7.199425659402079, 38.756406905801704 ], [ -7.199565101752817, 38.756308842123346 ], [ -7.199785297580819, 38.75618457880315 ], [ -7.199831776184903, 38.756148828391105 ], [ -7.199982604061307, 38.75604220756432 ], [ -7.200284133702811, 38.755864178771972 ], [ -7.20042333802973, 38.755775303780993 ], [ -7.200528150790245, 38.755676963486223 ], [ -7.200783790160595, 38.755480823510709 ], [ -7.200865010560364, 38.755427510616528 ], [ -7.20090010588082, 38.755382755687855 ], [ -7.200911841733535, 38.755355733798787 ], [ -7.200981795888853, 38.755293235717602 ], [ -7.201086957442038, 38.755167963254436 ], [ -7.201146928536297, 38.754970270100848 ], [ -7.20117121569145, 38.754880564300876 ], [ -7.201210282335132, 38.754520469949085 ], [ -7.201293841301649, 38.754286839590058 ], [ -7.201272122012571, 38.754187581640188 ], [ -7.201249701414598, 38.754151463279392 ], [ -7.201182792986006, 38.75398878631016 ], [ -7.201183377473551, 38.753943750706462 ], [ -7.201194993493206, 38.753925828479282 ], [ -7.201241476786341, 38.753890168500277 ], [ -7.201310490028714, 38.753899637403464 ], [ -7.201333375745279, 38.753908915100119 ], [ -7.201412840957525, 38.753990616723591 ], [ -7.201491607252972, 38.754126273482015 ], [ -7.201606285182843, 38.754145200528846 ], [ -7.201722823944644, 38.754038123953698 ], [ -7.201713547510372, 38.753857804295833 ], [ -7.201601556909287, 38.753631717688435 ], [ -7.201510710868694, 38.753531905228272 ], [ -7.201500255396879, 38.753459852586424 ], [ -7.201500490734089, 38.753441748636277 ], [ -7.201512113492644, 38.753423826429056 ], [ -7.20162818295525, 38.753352775884053 ], [ -7.201674549495653, 38.753317113895527 ], [ -7.20175682025148, 38.75318255769448 ], [ -7.20181561216412, 38.753092946510769 ], [ -7.202036727986065, 38.752896534875667 ], [ -7.202446203070305, 38.752359319884732 ], [ -7.20262095657112, 38.752198563137512 ], [ -7.202644309567012, 38.752171820000136 ], [ -7.202783738830159, 38.752064832651911 ], [ -7.203026803208422, 38.751940654092586 ], [ -7.203061771705123, 38.751904901739486 ], [ -7.203580419355573, 38.751579601339749 ], [ -7.20371052161633, 38.751499745182457 ], [ -7.203714576671405, 38.751497340795311 ], [ -7.203770397086783, 38.751513282691214 ], [ -7.203924140389631, 38.751674085864941 ], [ -7.204062478457574, 38.751823305664594 ], [ -7.204114309984226, 38.751889199502067 ], [ -7.204302159493263, 38.751978341746479 ], [ -7.204636755449584, 38.752087918232419 ], [ -7.204670280229859, 38.752093137968011 ], [ -7.204905423236742, 38.752109774870327 ], [ -7.20528512155486, 38.752139090767308 ], [ -7.205362789623425, 38.752146280325995 ], [ -7.205431542620196, 38.75218465641165 ], [ -7.205471180387298, 38.752206323276837 ], [ -7.205487634504696, 38.752232844243039 ], [ -7.205469819887244, 38.752311613667615 ], [ -7.205392403996862, 38.752454133499896 ], [ -7.205294064402796, 38.75261297250043 ], [ -7.20528923595058, 38.752657344806764 ], [ -7.205357936463644, 38.752708873819635 ], [ -7.205642010061862, 38.752829579188244 ], [ -7.206101617209114, 38.75302238441342 ], [ -7.206304082755334, 38.753111182668768 ], [ -7.206516943517086, 38.753214837703403 ], [ -7.206679659290758, 38.753299983664455 ], [ -7.206940257761193, 38.753448516111568 ], [ -7.20724884682703, 38.753622107019339 ], [ -7.207685334153353, 38.753806523919003 ], [ -7.207978234918055, 38.75391233863629 ], [ -7.208160010027284, 38.753982864983335 ], [ -7.208381269557738, 38.754086672272351 ], [ -7.208544109268606, 38.754162001641731 ], [ -7.209105099869445, 38.754478826566661 ], [ -7.209387033040841, 38.754624093831993 ], [ -7.209487859916715, 38.754458692615415 ], [ -7.209526584596851, 38.754381713742845 ], [ -7.209774979544735, 38.754021736174735 ], [ -7.209851933851309, 38.753923615032434 ], [ -7.209913767756317, 38.753856634446109 ], [ -7.209992385828585, 38.753781590118791 ], [ -7.210061596635632, 38.753793667703363 ], [ -7.210145200091496, 38.75382224693309 ], [ -7.210254954560176, 38.753938324326356 ], [ -7.210308807871412, 38.753999640973767 ], [ -7.210462070858103, 38.75416704535877 ], [ -7.210549292143061, 38.75425483731631 ], [ -7.210692176907535, 38.754415581927624 ], [ -7.210846043248977, 38.754688292649156 ], [ -7.210887313487402, 38.754762394604569 ], [ -7.210922333393379, 38.754812028677492 ], [ -7.211000199047375, 38.754965686837885 ], [ -7.211071733910165, 38.755119294101277 ], [ -7.211154077924406, 38.75526460745553 ], [ -7.211215688915811, 38.75536715266751 ], [ -7.2112548865204, 38.755423398041614 ], [ -7.211354073737263, 38.755555785377723 ], [ -7.211448707133938, 38.755702910535994 ], [ -7.211572596552507, 38.755873501203048 ], [ -7.211672032010914, 38.755996069836122 ], [ -7.211721768960059, 38.756055645478099 ], [ -7.211817417008545, 38.756123868442529 ], [ -7.211899101570928, 38.75614099039332 ], [ -7.212104406568766, 38.756180442349866 ], [ -7.21221969416147, 38.756206029633155 ], [ -7.212297418745613, 38.756218172980233 ], [ -7.212383271135416, 38.756233620436355 ], [ -7.212431392656063, 38.756248772424129 ], [ -7.212536100059327, 38.756274275152542 ], [ -7.212779756104646, 38.75643580905416 ], [ -7.21293385353771, 38.756538989696644 ], [ -7.213152432970412, 38.756692040850432 ], [ -7.21320640589834, 38.7567352503659 ], [ -7.213293539429859, 38.756821418157749 ], [ -7.213386995220564, 38.75690772841574 ], [ -7.213556015398344, 38.757157496411772 ], [ -7.213671367646239, 38.757331166830575 ], [ -7.213828081265543, 38.757562732685599 ], [ -7.213941527108203, 38.757723240845053 ], [ -7.214026118903284, 38.757837407088353 ], [ -7.214137895863113, 38.757966644608047 ], [ -7.214299284852395, 38.758157076093951 ], [ -7.214340951067448, 38.75820009735552 ], [ -7.214479164432957, 38.758385484855708 ], [ -7.214557652319924, 38.758491401965337 ], [ -7.214687518586207, 38.758681767121828 ], [ -7.214782228655521, 38.758850327990793 ], [ -7.214849920822367, 38.758972554403428 ], [ -7.214928179046426, 38.759096575278448 ], [ -7.214958790138252, 38.759167617632805 ], [ -7.214976415143486, 38.759264766370521 ], [ -7.21498830720176, 38.759324134290985 ], [ -7.215038622613896, 38.75951036193424 ], [ -7.215100712810317, 38.75973784530872 ], [ -7.215114802642134, 38.759787320014588 ], [ -7.215165200208267, 38.759948954946637 ], [ -7.215212073685634, 38.76007101762216 ], [ -7.215279294273534, 38.760239362167141 ], [ -7.21534456028286, 38.760389580997476 ], [ -7.21540610740335, 38.76050689726501 ], [ -7.21551891075455, 38.760718383351886 ], [ -7.215586452775391, 38.760843941046112 ], [ -7.215687124313154, 38.761014259437964 ], [ -7.215749923222375, 38.761195722277378 ], [ -7.215820998016377, 38.761387155085785 ], [ -7.215886321205737, 38.761542150916149 ], [ -7.215936163151573, 38.76161557246202 ], [ -7.216088452716123, 38.761839912195306 ], [ -7.216154185234919, 38.761953922574421 ], [ -7.216269042454662, 38.762185155755851 ], [ -7.216389527519779, 38.762444355552113 ], [ -7.21645893692305, 38.762594696301718 ], [ -7.216673552550611, 38.763050551551572 ], [ -7.21671464148758, 38.763121583693064 ], [ -7.216806898746462, 38.763303275996954 ], [ -7.21689513709252, 38.763475027164141 ], [ -7.216929440936451, 38.7635723972842 ], [ -7.216975285501289, 38.763766873483604 ], [ -7.216999302520754, 38.763859214922043 ], [ -7.217036938083212, 38.764047053702512 ], [ -7.21705849410689, 38.764170629527534 ], [ -7.217341089025838, 38.764087264948706 ], [ -7.217834654968957, 38.763944569716053 ], [ -7.218178441308144, 38.763835376625174 ], [ -7.218621294694941, 38.763698945057612 ], [ -7.218737255407836, 38.763663638923376 ], [ -7.218979367247317, 38.763624366017446 ], [ -7.219126937608557, 38.76358272828211 ], [ -7.21930181281168, 38.763537975447051 ], [ -7.219539961472786, 38.763475697621111 ], [ -7.219695863732349, 38.763439082222668 ], [ -7.220090081219359, 38.763326853715007 ], [ -7.220357959871167, 38.76323346268056 ], [ -7.220651270791139, 38.763130447405423 ], [ -7.22079888047891, 38.763085565921109 ], [ -7.220942468160871, 38.763040471800288 ], [ -7.221024685667088, 38.763016433696883 ], [ -7.221147353206751, 38.762951539802728 ], [ -7.221249003576802, 38.762883241670515 ], [ -7.221503849857567, 38.762674623918684 ], [ -7.221654657481539, 38.7625408595013 ], [ -7.221815781910259, 38.762418706303052 ], [ -7.221896393963474, 38.762358534397634 ], [ -7.222052731308617, 38.762287328997076 ], [ -7.222344301937709, 38.762157809115628 ], [ -7.222492055080327, 38.762101400116464 ], [ -7.222576382979028, 38.762074130015527 ], [ -7.222886421143197, 38.761976101840794 ], [ -7.223139541828108, 38.761912226236163 ], [ -7.223307743682375, 38.761893807573458 ], [ -7.223488402060393, 38.761891873640167 ], [ -7.223679415925965, 38.7619164211821 ], [ -7.22392854292309, 38.762017864010495 ], [ -7.223928970517209, 38.762115718960445 ], [ -7.223892926407152, 38.762299741441019 ], [ -7.223884136775278, 38.762349037104627 ], [ -7.223855730800723, 38.762429433872022 ], [ -7.223825990982342, 38.762600053911271 ], [ -7.223766408256707, 38.762872061349441 ], [ -7.223688697953468, 38.763245445496182 ], [ -7.22364887020669, 38.763508817578455 ], [ -7.223615881212138, 38.763675558678472 ], [ -7.223581776267368, 38.763930186272297 ], [ -7.22355190482534, 38.764293394321676 ], [ -7.223580152186157, 38.764500164596434 ], [ -7.223603500237627, 38.764648877948453 ], [ -7.223564854651386, 38.764820858995037 ], [ -7.223535619209561, 38.764912919784727 ], [ -7.223500437068502, 38.765031302114615 ], [ -7.223456098158803, 38.765207623831181 ], [ -7.223423498452822, 38.765343605985706 ], [ -7.223388952024473, 38.765555046293017 ], [ -7.223367885059017, 38.765666947382726 ], [ -7.223329281241562, 38.76583364552841 ], [ -7.223300212486922, 38.765912523624159 ], [ -7.223240876290529, 38.766021603656867 ], [ -7.223188957069159, 38.766131725963128 ], [ -7.22310031260391, 38.76626067878275 ], [ -7.222944570478638, 38.766599470596304 ], [ -7.222903513429578, 38.766697697793404 ], [ -7.223488210464065, 38.766799348549782 ], [ -7.224323695542497, 38.767177588513974 ], [ -7.224386543136585, 38.767184655648308 ], [ -7.224529511147548, 38.767179186066066 ], [ -7.224830091215867, 38.767166660402701 ], [ -7.225004553957701, 38.767154860161881 ], [ -7.225181318098827, 38.767124973530059 ], [ -7.225324535846497, 38.767099783992933 ], [ -7.225635971900241, 38.767047790639346 ], [ -7.225774893899437, 38.767025803719164 ], [ -7.225983113019257, 38.767001118001545 ], [ -7.226212206774202, 38.766991361395831 ], [ -7.226344573968408, 38.766987433248559 ], [ -7.226512730110677, 38.766973962206464 ], [ -7.226881324694148, 38.766959077234453 ], [ -7.227001250091446, 38.766945358500386 ], [ -7.227226208361254, 38.766911944709555 ], [ -7.227406226452391, 38.766881112481059 ], [ -7.227599357381059, 38.766825995473816 ] ] ] } },
{ "type": "Feature", "properties": { "dtmnfr": "120713", "freguesia": "Caia, São Pedro e Alcáçova", "municipio": "Elvas", "distrito_i": "Portalegre", "nuts3_cod": "1C3", "nuts3": "Alto Alentejo", "nuts2": "Alentejo", "nuts1": "Continente", "area_ha": 10404.29, "perimetro_": 74, "designacao": "Caia, São Pedro e Alcáçova" }, "geometry": { "type": "Polygon", "coordinates": [ [ [ -7.110478104326694, 38.980836564409856 ], [ -7.110356805650221, 38.980732819576119 ], [ -7.110171475605435, 38.980547627003759 ], [ -7.109893535739712, 38.980253981757166 ], [ -7.109720614462731, 38.980040610189469 ], [ -7.109578937994266, 38.979829405818798 ], [ -7.109519972184005, 38.979740620649302 ], [ -7.109379968083168, 38.979557530440523 ], [ -7.109209256528233, 38.979351205129355 ], [ -7.109032281757419, 38.979083215224627 ], [ -7.108798661667938, 38.978733392032332 ], [ -7.108744428441921, 38.9786447326792 ], [ -7.108675680362206, 38.978562882527449 ], [ -7.108575982486824, 38.978457879777842 ], [ -7.108521116074579, 38.978413266751829 ], [ -7.108425675740026, 38.978341807290903 ], [ -7.108349305680283, 38.978291775597462 ], [ -7.108261054727978, 38.978225700762593 ], [ -7.108146718163778, 38.978127600310728 ], [ -7.108003958958232, 38.977992224789588 ], [ -7.107868695854425, 38.977840975316951 ], [ -7.107757907905814, 38.977665256657815 ], [ -7.107670973995912, 38.977507404896485 ], [ -7.107636880840466, 38.977358844803959 ], [ -7.107628603210531, 38.977268695421401 ], [ -7.107640783896778, 38.977095857887562 ], [ -7.107677887363091, 38.976699044896939 ], [ -7.107685627332551, 38.976497886615618 ], [ -7.107713431348508, 38.976242226511104 ], [ -7.107741000712645, 38.976002421103281 ], [ -7.107776210267001, 38.975729083091352 ], [ -7.107826839011049, 38.97539417745827 ], [ -7.107861171961453, 38.975189744365032 ], [ -7.107887850645109, 38.975011718807835 ], [ -7.107893843162548, 38.974932325424099 ], [ -7.107895087586646, 38.974845864481793 ], [ -7.107875475106313, 38.974701034619756 ], [ -7.107818845541369, 38.974442831924755 ], [ -7.107789559383023, 38.974304762730206 ], [ -7.107720112106844, 38.97410292699692 ], [ -7.107671571078568, 38.97395603686909 ], [ -7.107612974111805, 38.973842570703574 ], [ -7.10754710397225, 38.973729039682745 ], [ -7.107390431142211, 38.973582645612176 ], [ -7.107238438548586, 38.973424221541904 ], [ -7.107069630456415, 38.973255019675847 ], [ -7.106983862786912, 38.973185450967705 ], [ -7.106754808260796, 38.973017521232379 ], [ -7.106538019095693, 38.972839159291034 ], [ -7.106338258692337, 38.972648520056836 ], [ -7.1061767324387, 38.972479380069672 ], [ -7.106024852881648, 38.972305010349196 ], [ -7.105851746773695, 38.972082899421451 ], [ -7.105512936182997, 38.971668638729142 ], [ -7.105268909438617, 38.971371767105147 ], [ -7.105136367294597, 38.971201170444331 ], [ -7.104953561211945, 38.971003649639052 ], [ -7.104465062003095, 38.970416841657794 ], [ -7.104424614653301, 38.970381176631221 ], [ -7.104316838679612, 38.97032555099949 ], [ -7.104182671298553, 38.970267805491972 ], [ -7.104062644141277, 38.970229632604919 ], [ -7.103901864704361, 38.970177058386135 ], [ -7.10373385102046, 38.970129730947015 ], [ -7.103645028850964, 38.970104179470425 ], [ -7.103532401675334, 38.970057338560345 ], [ -7.103309662223843, 38.969956471715136 ], [ -7.103113320500229, 38.969857729029108 ], [ -7.103032045390506, 38.969812880298186 ], [ -7.102938989292802, 38.96974495119553 ], [ -7.102582574395032, 38.969553015204603 ], [ -7.102369595850996, 38.969439896109961 ], [ -7.102048806685814, 38.969281778341795 ], [ -7.101834380715914, 38.969180982144572 ], [ -7.101400991417755, 38.968974218688039 ], [ -7.101082388880034, 38.968840795429102 ], [ -7.100758903912915, 38.968701929017783 ], [ -7.100526385363525, 38.968608087178787 ], [ -7.100320447394174, 38.968510967213795 ], [ -7.100069225064428, 38.96837814203802 ], [ -7.099863448598991, 38.968270392056127 ], [ -7.099782176293221, 38.968225536588506 ], [ -7.099453926505968, 38.968049694558438 ], [ -7.09917151792879, 38.967911271377083 ], [ -7.098870005726461, 38.967753315694296 ], [ -7.098776750650988, 38.967699525080796 ], [ -7.098516693476806, 38.967540133530171 ], [ -7.098373223582336, 38.967455904229524 ], [ -7.098220186680662, 38.967371590808419 ], [ -7.098126983667215, 38.967314290819402 ], [ -7.098038649006047, 38.967255227936704 ], [ -7.097804870234734, 38.967081924326962 ], [ -7.097354063042443, 38.966749611548103 ], [ -7.096986927264958, 38.966463972793939 ], [ -7.096612870719087, 38.966162327248881 ], [ -7.096377337980583, 38.965974956213621 ], [ -7.09601283896085, 38.965675195154347 ], [ -7.09597242368598, 38.965637725087497 ], [ -7.095652901165439, 38.965394841420832 ], [ -7.095252528806288, 38.965078817588036 ], [ -7.095114480637958, 38.964955811107373 ], [ -7.094726032080406, 38.964645203248892 ], [ -7.094562173952737, 38.964504314458651 ], [ -7.094450461634598, 38.964395684237694 ], [ -7.094167572955593, 38.96415055722904 ], [ -7.094013406227202, 38.963994274569679 ], [ -7.093838220682947, 38.963709704421781 ], [ -7.093602950409339, 38.963359060253005 ], [ -7.09351377692987, 38.963194418622265 ], [ -7.093419021490513, 38.962889711964436 ], [ -7.093346896176151, 38.962603080430945 ], [ -7.093218125591242, 38.962015060344577 ], [ -7.093173230772531, 38.961692923262376 ], [ -7.09315698595046, 38.961499140705264 ], [ -7.093144293609403, 38.961323263378105 ], [ -7.093146427459398, 38.96117730867217 ], [ -7.093175746351107, 38.960998826940575 ], [ -7.093224663958979, 38.96078477177759 ], [ -7.093292264535998, 38.960597693881461 ], [ -7.093410724120203, 38.96032467723456 ], [ -7.093563301516967, 38.960066859180202 ], [ -7.093654406756962, 38.95997232811515 ], [ -7.093747335420056, 38.959881372080176 ], [ -7.093823009101148, 38.959818539549993 ], [ -7.093893455705039, 38.959782055102863 ], [ -7.093973241401134, 38.959761599752362 ], [ -7.094135200068643, 38.959731244413973 ], [ -7.094294862684636, 38.959692124829296 ], [ -7.094486446488502, 38.95961618362648 ], [ -7.094695797351203, 38.959476808138412 ], [ -7.094771932634728, 38.959382184407829 ], [ -7.094838661950122, 38.959268022536229 ], [ -7.094918292756645, 38.959092271302474 ], [ -7.094980806649552, 38.958958618335203 ], [ -7.095030846384465, 38.958833768194545 ], [ -7.095100693489798, 38.958671983296739 ], [ -7.095178708643367, 38.958448573198801 ], [ -7.095237509940579, 38.958221382853651 ], [ -7.095308203488415, 38.958001419559118 ], [ -7.095325965427824, 38.957937980925415 ], [ -7.095342209466196, 38.957812830983158 ], [ -7.095315557087131, 38.957662530735206 ], [ -7.095261046420007, 38.957429115479599 ], [ -7.095195803357194, 38.957274959065394 ], [ -7.095132678174748, 38.957110715027497 ], [ -7.095061932056061, 38.956990923665117 ], [ -7.095009870307337, 38.956898110208193 ], [ -7.094946407211458, 38.956802216519861 ], [ -7.094864087527387, 38.956691259324209 ], [ -7.094736284831829, 38.956555953629447 ], [ -7.094631681400576, 38.956450895173134 ], [ -7.094572340367626, 38.956390380713607 ], [ -7.094388959354691, 38.95623688117626 ], [ -7.094250878069892, 38.956117476289791 ], [ -7.094055708563585, 38.955949824081088 ], [ -7.093929347625862, 38.955849800131475 ], [ -7.093572320798763, 38.955532824978725 ], [ -7.093425761467502, 38.955379587960522 ], [ -7.09326056210587, 38.955196393239746 ], [ -7.093106461050873, 38.955037131053651 ], [ -7.092875759120957, 38.954898038283567 ], [ -7.092701670182287, 38.954801156342867 ], [ -7.092515964011572, 38.954716087490425 ], [ -7.092326181238387, 38.954648855585503 ], [ -7.092132540766555, 38.954584568646254 ], [ -7.091801828605101, 38.954501183914502 ], [ -7.091531630014813, 38.954454087346974 ], [ -7.091368204710015, 38.954410921191304 ], [ -7.091231743682657, 38.954350121939157 ], [ -7.090978027779845, 38.954219758117098 ], [ -7.090799779605768, 38.954146668271186 ], [ -7.090610000010851, 38.954079434512394 ], [ -7.090321341682051, 38.953990462785946 ], [ -7.090058908260347, 38.953934494952904 ], [ -7.089826687310079, 38.953899649903917 ], [ -7.089567412627503, 38.953888394550127 ], [ -7.089312477993449, 38.953841428442622 ], [ -7.089103452559864, 38.953785936135255 ], [ -7.088970852845229, 38.953722190007149 ], [ -7.08883079940726, 38.953646460099741 ], [ -7.088679564196744, 38.953552756357666 ], [ -7.088381135707396, 38.953353189205529 ], [ -7.088240730592764, 38.953228441991172 ], [ -7.088138612174553, 38.953119796069231 ], [ -7.088063427052819, 38.952992116973896 ], [ -7.087976469835214, 38.952841276787595 ], [ -7.087894443819875, 38.952676426283695 ], [ -7.087852602382535, 38.952571837370421 ], [ -7.087813933429134, 38.95241620338151 ], [ -7.087775677834959, 38.952232285898106 ], [ -7.087763630342012, 38.952070583274953 ], [ -7.087756870053115, 38.951871006390597 ], [ -7.087754221738141, 38.951721010337081 ], [ -7.087771577265081, 38.951528766284191 ], [ -7.087782707545132, 38.951422939461644 ], [ -7.087789307168174, 38.951303020339353 ], [ -7.087787971826516, 38.951228781088801 ], [ -7.087788942332846, 38.951069190205857 ], [ -7.087802136553209, 38.950950146222944 ], [ -7.087803624234928, 38.950848871888837 ], [ -7.087801253894935, 38.950750541781559 ], [ -7.087779503671825, 38.950672891379 ], [ -7.08775376420103, 38.950607122176805 ], [ -7.087701409077585, 38.950535156090005 ], [ -7.087633753311119, 38.950466031698369 ], [ -7.087542375553197, 38.950388168234852 ], [ -7.087290959492528, 38.95016803374012 ], [ -7.086903356752001, 38.949804094439799 ], [ -7.086741052031359, 38.949646802197584 ], [ -7.086593480137716, 38.949507753244674 ], [ -7.086505613264075, 38.949419412286403 ], [ -7.086479708531121, 38.949376753691404 ], [ -7.086468038070302, 38.949346656715932 ], [ -7.086466249430281, 38.94931133122634 ], [ -7.086476519641112, 38.949263772688248 ], [ -7.08652673016368, 38.949128303203004 ], [ -7.086599137008647, 38.948957807947096 ], [ -7.086634381426765, 38.948859127803786 ], [ -7.086642679931252, 38.948788675185348 ], [ -7.086651764252165, 38.948665173555234 ], [ -7.086648964439239, 38.948525714841232 ], [ -7.086643773771715, 38.94838442777904 ], [ -7.086650894065201, 38.948229202980656 ], [ -7.086655182394346, 38.948102146305359 ], [ -7.086666656364916, 38.947980466688179 ], [ -7.08668794065948, 38.947843026305868 ], [ -7.086708602557299, 38.94774791025182 ], [ -7.086769618724904, 38.947527775883209 ], [ -7.086835188586189, 38.947335957788482 ], [ -7.086892568192096, 38.947198840933851 ], [ -7.086932111965129, 38.947137399346893 ], [ -7.086991054588278, 38.947058482301053 ], [ -7.087067141573272, 38.946967380390817 ], [ -7.08715029635223, 38.946881651702107 ], [ -7.087279971902571, 38.946754003603125 ], [ -7.087461599975091, 38.946603635481424 ], [ -7.087638768445501, 38.946489040109697 ], [ -7.087739517615613, 38.946382696358882 ], [ -7.087798745096821, 38.946246190072387 ], [ -7.08783087936612, 38.946136252880684 ], [ -7.087847755185948, 38.946026179023043 ], [ -7.087865112141163, 38.945883340117582 ], [ -7.087837397561584, 38.945692432461257 ], [ -7.087769080915425, 38.945408809748912 ], [ -7.087644075782631, 38.945088931055892 ], [ -7.087510830082392, 38.944810685910895 ], [ -7.087386349017956, 38.944597931747971 ], [ -7.087245667989609, 38.944335453986845 ], [ -7.087085617386083, 38.94407280695593 ], [ -7.086961022752855, 38.943854609864211 ], [ -7.086891154461474, 38.943695181882624 ], [ -7.086805132194483, 38.943473725566498 ], [ -7.086712097125959, 38.943250500282936 ], [ -7.086617021714548, 38.942993654064324 ], [ -7.086486210425507, 38.942711809395171 ], [ -7.086345654048468, 38.942433481080677 ], [ -7.086212141467497, 38.942171069912384 ], [ -7.086094363106897, 38.941959959764567 ], [ -7.085993059165716, 38.941805475371041 ], [ -7.085945730174416, 38.941745058833391 ], [ -7.085917068743378, 38.941725348128806 ], [ -7.085878811280434, 38.941707348316719 ], [ -7.085825865422765, 38.94169984827257 ], [ -7.085635579087358, 38.94169814336113 ], [ -7.08547678122607, 38.941680869347586 ], [ -7.085370942706624, 38.941662264537747 ], [ -7.085320718147673, 38.941642360113214 ], [ -7.085251582410099, 38.941590576699575 ], [ -7.085201889863126, 38.941526625707596 ], [ -7.085138767324988, 38.94139545436277 ], [ -7.085101380425724, 38.941310357864154 ], [ -7.085032571757022, 38.94107149368979 ], [ -7.084993205545408, 38.940799204828224 ], [ -7.084987097548721, 38.940728526482282 ], [ -7.084968898858491, 38.940656035333227 ], [ -7.084938993161942, 38.940563979188724 ], [ -7.084840961615797, 38.940344220415056 ], [ -7.084749464358132, 38.940173967956603 ], [ -7.084642400558223, 38.939917102444127 ], [ -7.084542712081219, 38.939653191644453 ], [ -7.08445719885449, 38.939405347830707 ], [ -7.084331078823193, 38.93912705573505 ], [ -7.084258965567525, 38.938979949844686 ], [ -7.084158917419491, 38.938740707974084 ], [ -7.08396709567022, 38.938177644690562 ], [ -7.083920505227992, 38.938067781725643 ], [ -7.083850287725023, 38.937933032920618 ], [ -7.083817430752596, 38.937869232665427 ], [ -7.083567750036445, 38.937470646607302 ], [ -7.083399682863345, 38.93722783161499 ], [ -7.083208619383575, 38.936990039293143 ], [ -7.083050761028792, 38.936745058333408 ], [ -7.082888356304625, 38.936808901723126 ], [ -7.082722880842939, 38.936595646558004 ], [ -7.082530852731648, 38.936376753045302 ], [ -7.082396059393658, 38.93620250505306 ], [ -7.082306164735649, 38.936088744055567 ], [ -7.082199631516215, 38.935937723056703 ], [ -7.082062760461278, 38.935740580443913 ], [ -7.081919102762375, 38.935518692310204 ], [ -7.081829280127531, 38.935399615344416 ], [ -7.081758153521519, 38.935319530072768 ], [ -7.081717762551196, 38.935282146192797 ], [ -7.081670000784496, 38.935251723576179 ], [ -7.081504648858453, 38.935113515820333 ], [ -7.081188429659417, 38.934830634833553 ], [ -7.081042113857818, 38.934665468198226 ], [ -7.080926397302982, 38.93449461874053 ], [ -7.080701668019771, 38.934215539928992 ], [ -7.080578062086955, 38.934062493531677 ], [ -7.080473259238012, 38.933927490223823 ], [ -7.080384020729985, 38.933771774763265 ], [ -7.080272721923049, 38.933569332740213 ], [ -7.080199546780166, 38.933350063458796 ], [ -7.080163788667994, 38.933188871759505 ], [ -7.080120536249163, 38.933018675162479 ], [ -7.080070448053074, 38.932794793227629 ], [ -7.080031185563986, 38.932612716518854 ], [ -7.079999329551199, 38.93244560147474 ], [ -7.079982376605222, 38.932302453916847 ], [ -7.079976555120054, 38.932180260130941 ], [ -7.07998748552339, 38.931994052316163 ], [ -7.080021788215327, 38.931959142346969 ], [ -7.080353195639976, 38.931711446797422 ], [ -7.080523738349261, 38.931587693642157 ], [ -7.080490795951682, 38.93153794339657 ], [ -7.080362355249893, 38.931367477590584 ], [ -7.080284031226589, 38.931247608650992 ], [ -7.08024380006575, 38.931131062062605 ], [ -7.080237978181692, 38.931008868260669 ], [ -7.080259051921955, 38.930909201704743 ], [ -7.080295948670133, 38.930699568837298 ], [ -7.080317041424854, 38.930562722027013 ], [ -7.080350479373262, 38.930426411710464 ], [ -7.080433686490332, 38.930180089005169 ], [ -7.080496195435403, 38.930023555868253 ], [ -7.080588580703925, 38.929803706084478 ], [ -7.08061696626405, 38.929624043668916 ], [ -7.080618463032349, 38.929522769196907 ], [ -7.080597960434177, 38.92936171508952 ], [ -7.080576092031388, 38.929292999352249 ], [ -7.080542607114501, 38.929236094931639 ], [ -7.080493868689331, 38.929179053847342 ], [ -7.080439576949961, 38.929124639701108 ], [ -7.080332356365537, 38.929010769494809 ], [ -7.080131786804306, 38.928904693549981 ], [ -7.079953612939144, 38.928831587856969 ], [ -7.079748877772843, 38.928749305818613 ], [ -7.079505743363931, 38.928684551382396 ], [ -7.079099560614007, 38.928555764188665 ], [ -7.078423250372417, 38.92829623894108 ], [ -7.078189637220079, 38.928190056558009 ], [ -7.077924597744691, 38.928059561110878 ], [ -7.077530876035414, 38.927862362572462 ], [ -7.077303796007883, 38.927744125064372 ], [ -7.07704351171946, 38.927584797867709 ], [ -7.076876318050947, 38.927482676268035 ], [ -7.076669337300489, 38.927321315657018 ], [ -7.07643547414401, 38.92714641349589 ], [ -7.076095059502485, 38.926955650269242 ], [ -7.075123269494372, 38.926441225064075 ], [ -7.074917819007191, 38.92632992561753 ], [ -7.074699931554328, 38.926232657579661 ], [ -7.074412453969977, 38.926124122781367 ], [ -7.074103126433044, 38.926018998366409 ], [ -7.07388999213662, 38.925935909277875 ], [ -7.073653172208294, 38.925817206094038 ], [ -7.073466703802239, 38.925716701681495 ], [ -7.073323568603554, 38.925625327722997 ], [ -7.073234216438301, 38.925554528761722 ], [ -7.073127083566138, 38.925461774526731 ], [ -7.072932544557277, 38.925260584454421 ], [ -7.072764042296074, 38.925084308533435 ], [ -7.072614487276929, 38.924936491789055 ], [ -7.072548087832442, 38.924865266698745 ], [ -7.072462445874788, 38.924774795059513 ], [ -7.072276887763401, 38.924430516936951 ], [ -7.072169898975826, 38.924188240648554 ], [ -7.072055684633859, 38.923919086728105 ], [ -7.071989577694664, 38.923748679229682 ], [ -7.071930919136594, 38.923590255481123 ], [ -7.071913007849526, 38.923512636794605 ], [ -7.071914019044509, 38.923436869138058 ], [ -7.071917224809886, 38.923383841155612 ], [ -7.071930163612373, 38.923320458310876 ], [ -7.071957627419312, 38.923257110226011 ], [ -7.07196801958439, 38.923209553896704 ], [ -7.071961724162429, 38.923144194685193 ], [ -7.071926940370426, 38.923048576868105 ], [ -7.071845362767348, 38.922866067508401 ], [ -7.071742061674158, 38.922686869007045 ], [ -7.071610318524998, 38.922473819941281 ], [ -7.071528224362793, 38.922326609819038 ], [ -7.071394979798157, 38.922051841570422 ], [ -7.071282699682939, 38.921824915575861 ], [ -7.071012593745365, 38.921356408822909 ], [ -7.070971873846264, 38.921280196592448 ], [ -7.070953562577739, 38.921216439411431 ], [ -7.070959141839631, 38.921167128831343 ], [ -7.070967151602671, 38.920959913777374 ], [ -7.071031755758894, 38.920719197556281 ], [ -7.071064118901949, 38.920590787687786 ], [ -7.071089445881415, 38.920430753152068 ], [ -7.071092376698213, 38.920234162193452 ], [ -7.071067505687974, 38.92011179358439 ], [ -7.071013274781978, 38.919954935465377 ], [ -7.07094801091252, 38.919807882527905 ], [ -7.070822825555664, 38.919641854828292 ], [ -7.070721609189869, 38.919524749847604 ], [ -7.070605584847746, 38.919377719334847 ], [ -7.070564487311648, 38.919320743629271 ], [ -7.070535406239145, 38.919225148439125 ], [ -7.070581390540434, 38.918954472242945 ], [ -7.070611456864954, 38.918728336678797 ], [ -7.070629062542319, 38.918570607206895 ], [ -7.070600958999028, 38.918409481092993 ], [ -7.070515795559867, 38.918238899192296 ], [ -7.070396273349643, 38.918070984135667 ], [ -7.070227450308265, 38.917884744590374 ], [ -7.070103404646789, 38.917764452392973 ], [ -7.069907005636766, 38.917637543505016 ], [ -7.069638030280796, 38.917518909514854 ], [ -7.069448990881002, 38.917409940586488 ], [ -7.069312647359659, 38.917318283088413 ], [ -7.069167579697174, 38.917188159343574 ], [ -7.068808868757907, 38.916864895314617 ], [ -7.068557062777824, 38.916618316302966 ], [ -7.068350477754193, 38.916407897488547 ], [ -7.067972426583822, 38.915933756349808 ], [ -7.067841118494177, 38.915789563300216 ], [ -7.067548182139833, 38.915488983007073 ], [ -7.067333754734417, 38.915293385686347 ], [ -7.067172349210423, 38.915122105215772 ], [ -7.066978100907368, 38.914852216156625 ], [ -7.066892683985548, 38.914699502945695 ], [ -7.066829874899963, 38.914564871661398 ], [ -7.066790208417976, 38.914412577150152 ], [ -7.066774266228752, 38.914203896773763 ], [ -7.066798187576961, 38.913879396594886 ], [ -7.066845208464845, 38.913540212491803 ], [ -7.066872228264072, 38.913263406736135 ], [ -7.066924655238856, 38.912920853572437 ], [ -7.0669428307674, 38.912831033196099 ], [ -7.066963564608412, 38.91273943917269 ], [ -7.066988579583609, 38.912677872194834 ], [ -7.067030715898592, 38.912597007950332 ], [ -7.06715901883183, 38.912389923081065 ], [ -7.067189165858364, 38.912309040274103 ], [ -7.067253709456065, 38.912179023632973 ], [ -7.067305605316177, 38.912093023102962 ], [ -7.067347107608388, 38.91205457943601 ], [ -7.067391111279985, 38.912010843230043 ], [ -7.067493564857415, 38.911928817094015 ], [ -7.067627096783919, 38.911857614265791 ], [ -7.06780192901164, 38.911769221639851 ], [ -7.067855446404085, 38.911729085019282 ], [ -7.067904339023801, 38.911681879378733 ], [ -7.068005185525802, 38.911545165848544 ], [ -7.068099083580549, 38.911387128297072 ], [ -7.068156074055293, 38.911276491337006 ], [ -7.068176812759726, 38.911184897108882 ], [ -7.068170574201633, 38.911116019751248 ], [ -7.068121339185761, 38.911023788086212 ], [ -7.068024364653628, 38.910901122981798 ], [ -7.0679293743555, 38.910815495165451 ], [ -7.067821552736585, 38.910721991071618 ], [ -7.067761087805359, 38.910685690996786 ], [ -7.067654784168557, 38.910654930141597 ], [ -7.067541387540262, 38.910663601691255 ], [ -7.067437862866892, 38.9106556362118 ], [ -7.067346468930245, 38.910645975371779 ], [ -7.067274322226632, 38.910636489288144 ], [ -7.067161338753931, 38.910621315828898 ], [ -7.066972263360888, 38.910544111302038 ], [ -7.066684901953866, 38.910425023374337 ], [ -7.066548400938358, 38.910370812811827 ], [ -7.066392437902438, 38.910330567024594 ], [ -7.066204779339007, 38.910312999737272 ], [ -7.066110727939884, 38.910319168749062 ], [ -7.065901936577315, 38.910326116453561 ], [ -7.065607889730267, 38.910356198383738 ], [ -7.06545512523552, 38.910372675064252 ], [ -7.065171890479345, 38.910444561568603 ], [ -7.064976028581934, 38.910538099342567 ], [ -7.064610765721157, 38.910740312784675 ], [ -7.064376107769953, 38.910878180926723 ], [ -7.06406488707419, 38.911036200882741 ], [ -7.06376334483528, 38.911196135386213 ], [ -7.063668682533931, 38.911242920000213 ], [ -7.063542191782713, 38.911321209597915 ], [ -7.063449576094059, 38.911392690781163 ], [ -7.063314662398581, 38.911482147080207 ], [ -7.063175847718865, 38.911585141851845 ], [ -7.06299863938083, 38.911705659108613 ], [ -7.0628215658013, 38.911817240932137 ], [ -7.062614259484699, 38.911910669761546 ], [ -7.062395917806662, 38.91197718602136 ], [ -7.062074727761886, 38.912036799822594 ], [ -7.061807583783506, 38.91205222315665 ], [ -7.061540932430877, 38.912034880022709 ], [ -7.061019247016254, 38.911988383428259 ], [ -7.060567834410818, 38.911987626470776 ], [ -7.060374576607317, 38.912006294286876 ], [ -7.060260380973887, 38.911993328773917 ], [ -7.060135151436986, 38.91195344985519 ], [ -7.060086127098557, 38.911917250077508 ], [ -7.060041453208352, 38.911845341996731 ], [ -7.060034860585711, 38.911776762748779 ], [ -7.060063297187513, 38.911660840223171 ], [ -7.060117972380744, 38.911574950438968 ], [ -7.060168386837026, 38.911518811245656 ], [ -7.059991622909795, 38.911356316999104 ], [ -7.059728249977513, 38.911121528722525 ], [ -7.059525204923894, 38.910931980236803 ], [ -7.059386613118963, 38.910766857314279 ], [ -7.059240935283354, 38.91056591986451 ], [ -7.059136836473679, 38.910389196937722 ], [ -7.059067486009909, 38.910214773475388 ], [ -7.05903455103937, 38.910120342421067 ], [ -7.059012699366349, 38.910047902588893 ], [ -7.059000002334535, 38.909972125012821 ], [ -7.058978159680536, 38.909785965781246 ], [ -7.058973138443326, 38.909613133063644 ], [ -7.058964035812388, 38.909458138280705 ], [ -7.058962378801847, 38.909315128096388 ], [ -7.058972158961815, 38.909172222242148 ], [ -7.059000685928357, 38.909050343162974 ], [ -7.059056437718984, 38.908892965365219 ], [ -7.059162108672017, 38.908712214578401 ], [ -7.059302494174565, 38.908504971109423 ], [ -7.059434535791374, 38.908345316011513 ], [ -7.059508808479868, 38.90822385750009 ], [ -7.05953702002587, 38.908122828759645 ], [ -7.059530697374186, 38.908036377330589 ], [ -7.059512712259368, 38.907964714447075 ], [ -7.059452838486536, 38.907889686625232 ], [ -7.059366232989252, 38.907817392609097 ], [ -7.059265277369889, 38.907757626653684 ], [ -7.059155866573055, 38.907704466437238 ], [ -7.059044114734881, 38.907661465822898 ], [ -7.058857021005228, 38.907599216268522 ], [ -7.058699566109195, 38.907543993059249 ], [ -7.058555755707341, 38.907493943064793 ], [ -7.058428105424994, 38.907442325718137 ], [ -7.058284486795191, 38.907387230221339 ], [ -7.058131845911555, 38.907318631110719 ], [ -7.057897219956094, 38.907205502711037 ], [ -7.057612649227883, 38.907063356173225 ], [ -7.057375934359848, 38.906943539189839 ], [ -7.056534542039511, 38.906474565532918 ], [ -7.056337747216673, 38.906377420891985 ], [ -7.055981471923342, 38.90623709689541 ], [ -7.055670269223924, 38.906141874298228 ], [ -7.055358976145506, 38.906052607638287 ], [ -7.054903047137387, 38.905947109533614 ], [ -7.054636916421652, 38.905896986043494 ], [ -7.054423616340932, 38.905883099296993 ], [ -7.054156759018605, 38.905876748332574 ], [ -7.053904542104886, 38.905867756869817 ], [ -7.053583533255725, 38.905864792556663 ], [ -7.05323011986145, 38.905869904651212 ], [ -7.053039866442121, 38.905864815460362 ], [ -7.052384244766413, 38.90585530086274 ], [ -7.05191149183356, 38.905853902316963 ], [ -7.051651994191429, 38.905869373339328 ], [ -7.051384826462245, 38.905887751513447 ], [ -7.051152626468637, 38.905885197124995 ], [ -7.051007315782255, 38.905737572128075 ], [ -7.050544872306777, 38.905102401009465 ], [ -7.050125304398557, 38.904407456196317 ], [ -7.049174686331948, 38.90305769686632 ], [ -7.048849210541003, 38.90266627490066 ], [ -7.048585526410499, 38.902472421368834 ], [ -7.047137480524738, 38.901991668377278 ], [ -7.046992382624317, 38.902057878889387 ], [ -7.046861087273676, 38.902163668046036 ], [ -7.046492561703039, 38.902239055622722 ], [ -7.046233051054043, 38.902248084049162 ], [ -7.045315359809607, 38.901952211250567 ], [ -7.044828599090704, 38.901745013790773 ], [ -7.043721696951295, 38.900636956397342 ], [ -7.043502196799462, 38.90038152719184 ], [ -7.043061155401666, 38.899544219924628 ], [ -7.042791891012059, 38.899248964388612 ], [ -7.042422044300142, 38.898935922680735 ], [ -7.041667322443629, 38.897876078475022 ], [ -7.041210585323747, 38.896650213926442 ], [ -7.040538380709345, 38.895382877241303 ], [ -7.039821205155577, 38.893771660548424 ], [ -7.039337272580149, 38.892444196530455 ], [ -7.039174391795639, 38.891316730753751 ], [ -7.039168952022623, 38.890731189540027 ], [ -7.039322385235644, 38.889178821808571 ], [ -7.03943952758538, 38.888588753902205 ], [ -7.039373110549861, 38.888222242301204 ], [ -7.039199890057212, 38.887792765148333 ], [ -7.039153700016887, 38.887505170896809 ], [ -7.039203895205126, 38.887049677705306 ], [ -7.039346797411883, 38.886651259311229 ], [ -7.039566913650062, 38.886388764928057 ], [ -7.039909082999835, 38.886155517470094 ], [ -7.039975484804482, 38.886049128229693 ], [ -7.040031036414995, 38.885717540694458 ], [ -7.040113815584903, 38.885481868478813 ], [ -7.040170750948166, 38.885060126122042 ], [ -7.040405860353053, 38.88475831808865 ], [ -7.040481011860763, 38.884554278161382 ], [ -7.040516533053964, 38.884115579264382 ], [ -7.040441813169677, 38.883816463391298 ], [ -7.040301310818763, 38.883584375141965 ], [ -7.040045486271851, 38.883356797305652 ], [ -7.039824531402633, 38.883208264469104 ], [ -7.039365780130831, 38.883063186856653 ], [ -7.038819220194885, 38.883007452244328 ], [ -7.038350104208276, 38.883064941395538 ], [ -7.037613111636993, 38.883215674379464 ], [ -7.036880176364728, 38.883574781598291 ], [ -7.036287301102574, 38.883721178937137 ], [ -7.036071243828764, 38.883719152782632 ], [ -7.0358274231214, 38.883649307581955 ], [ -7.035627505282882, 38.883534834840368 ], [ -7.035268864163513, 38.883212241943845 ], [ -7.035124132764519, 38.882941018477155 ], [ -7.035082688092421, 38.882848297451659 ], [ -7.035050510886715, 38.882767290547221 ], [ -7.034712032784347, 38.881995677520187 ], [ -7.034512513331943, 38.881368679764421 ], [ -7.034201293782322, 38.88075864559837 ], [ -7.03392296541568, 38.880228186024993 ], [ -7.03329385501785, 38.879263594975548 ], [ -7.033021736492906, 38.878824979860511 ], [ -7.032938808307128, 38.878290591939624 ], [ -7.032858089273988, 38.877687676106788 ], [ -7.032878386270526, 38.877305043145299 ], [ -7.033115538104323, 38.876998406384729 ], [ -7.033477372464223, 38.876758965355677 ], [ -7.033760525064428, 38.87661525731135 ], [ -7.034996948708621, 38.876294852745239 ], [ -7.035307260346933, 38.876258314603518 ], [ -7.035865397426702, 38.876021518534202 ], [ -7.036071256960002, 38.875747551152401 ], [ -7.036259028374524, 38.875248310168757 ], [ -7.036323545885034, 38.874798715832611 ], [ -7.036337512916232, 38.87435387194234 ], [ -7.03667623525928, 38.87293835591182 ], [ -7.036796535513584, 38.872607376261278 ], [ -7.03698729646766, 38.872378299666281 ], [ -7.03794502755242, 38.871891857123828 ], [ -7.038680329874469, 38.871369541874877 ], [ -7.039031554807016, 38.87100694262211 ], [ -7.039587756059873, 38.869959337772102 ], [ -7.039738655336231, 38.869510372450193 ], [ -7.039838633267148, 38.868148997655041 ], [ -7.03979096168041, 38.867974074939013 ], [ -7.039734823165696, 38.867877800291893 ], [ -7.039534684149981, 38.867780269966069 ], [ -7.039261933788807, 38.867721420601455 ], [ -7.039062830403663, 38.867556250256676 ], [ -7.038929158388308, 38.86734674382199 ], [ -7.038666688468536, 38.867090907501648 ], [ -7.038534599578689, 38.866785664598872 ], [ -7.038537012082078, 38.866628052308585 ], [ -7.038633568927453, 38.866431959162057 ], [ -7.038997793493334, 38.866159467420893 ], [ -7.039064257188201, 38.866047492320774 ], [ -7.039032027677503, 38.865337847575518 ], [ -7.039243820901037, 38.864681189874943 ], [ -7.039675011350204, 38.864262946764143 ], [ -7.040684501927547, 38.863698328617033 ], [ -7.041516658627457, 38.863435870915453 ], [ -7.042296723396628, 38.863279841948234 ], [ -7.042987616599969, 38.863297542941822 ], [ -7.043904241089939, 38.863154125673177 ], [ -7.044113092220563, 38.86315607072325 ], [ -7.044263313967751, 38.863225026774053 ], [ -7.04438410788529, 38.863327484137969 ], [ -7.044439905894868, 38.863446272497441 ], [ -7.044415417741309, 38.863631782115334 ], [ -7.044088083517277, 38.864321060630751 ], [ -7.044127939977638, 38.864540943322687 ], [ -7.044560759306407, 38.864967248279086 ], [ -7.044853188061551, 38.865155706229153 ], [ -7.045054188496708, 38.865197033409274 ], [ -7.045307066489759, 38.865137409675427 ], [ -7.045582552140771, 38.865016120837339 ], [ -7.046338703898327, 38.864538987441847 ], [ -7.047042064421523, 38.863675929445911 ], [ -7.047277005885054, 38.863325466011389 ], [ -7.047348883012942, 38.862909349173975 ], [ -7.047337973154705, 38.862550116737076 ], [ -7.047463923386649, 38.862358975046448 ], [ -7.047852551818597, 38.862053713297534 ], [ -7.048020215572286, 38.861915290181258 ], [ -7.048080405522474, 38.861729840287524 ], [ -7.04796944819869, 38.861472364198889 ], [ -7.048070171213197, 38.86132584623671 ], [ -7.048227761709705, 38.861205434519405 ], [ -7.049413559600941, 38.860889448709194 ], [ -7.050491419529905, 38.860655779730969 ], [ -7.051077688362114, 38.860398271641792 ], [ -7.052187937701885, 38.859651898278479 ], [ -7.052817704975802, 38.859221750144052 ], [ -7.052967682764657, 38.859062801639908 ], [ -7.053064968340914, 38.858602057816192 ], [ -7.05305440433743, 38.858210759757142 ], [ -7.05321374188973, 38.857981368629666 ], [ -7.053551712727148, 38.85786909837249 ], [ -7.054287345452051, 38.857941642876249 ], [ -7.054532454827337, 38.857921474249984 ], [ -7.055709523757156, 38.857690196965443 ], [ -7.05627930502877, 38.857622213713185 ], [ -7.056516429541628, 38.85765817580441 ], [ -7.056883527217694, 38.857661554821753 ], [ -7.057389505226385, 38.857531183101358 ], [ -7.059064325644517, 38.857715380236456 ], [ -7.059386235984557, 38.857859124197383 ], [ -7.059995665581896, 38.858027935872315 ], [ -7.060354813856843, 38.858093201650703 ], [ -7.060838367544172, 38.858128531392467 ], [ -7.061175564802443, 38.858067582623924 ], [ -7.061481851288204, 38.857877982359511 ], [ -7.062088165781943, 38.857370552348982 ], [ -7.062871259659592, 38.856550551997842 ], [ -7.063147778015716, 38.856155575068072 ], [ -7.063320628578433, 38.855567251935547 ], [ -7.063446230574154, 38.85539527198123 ], [ -7.065365703208847, 38.854260288349835 ], [ -7.065618976953296, 38.854178103843957 ], [ -7.066051499459158, 38.854142599363414 ], [ -7.066734580741239, 38.854199540635513 ], [ -7.067667367990801, 38.85442197558568 ], [ -7.068041577970887, 38.854441596279699 ], [ -7.068044987323775, 38.854468199017283 ], [ -7.068064974211259, 38.854587913607801 ], [ -7.068334194443747, 38.854696292899789 ], [ -7.068490593393377, 38.854745549283741 ], [ -7.06866928559226, 38.854767620909165 ], [ -7.068865633960606, 38.854779676320845 ], [ -7.069094899158662, 38.854925254338227 ], [ -7.06939825852464, 38.855085105619366 ], [ -7.069606533709523, 38.855186082876003 ], [ -7.069818403742356, 38.855324655262379 ], [ -7.070125126927039, 38.855552904194532 ], [ -7.070345439207254, 38.855712179967369 ], [ -7.07066773753158, 38.856063519921406 ], [ -7.070986191725517, 38.856394383879753 ], [ -7.071213647335306, 38.856662891993217 ], [ -7.071428575732455, 38.856890304613906 ], [ -7.071638940615562, 38.857138210979898 ], [ -7.071698346098293, 38.857265219080674 ], [ -7.071841141644323, 38.857649068587541 ], [ -7.071938831399486, 38.85782776530025 ], [ -7.072109519377877, 38.858102601620509 ], [ -7.07230598495686, 38.858394700777581 ], [ -7.072569582838952, 38.85858841529469 ], [ -7.072867711989159, 38.85879955092625 ], [ -7.072923744377016, 38.85885122299787 ], [ -7.072910614212084, 38.859161865548991 ], [ -7.072896585634605, 38.859517092239841 ], [ -7.072873963139953, 38.859861875798316 ], [ -7.072867661881523, 38.859991620452931 ], [ -7.07290151945389, 38.860070563604118 ], [ -7.072955166032241, 38.860212830828097 ], [ -7.073059098969264, 38.860413740219443 ], [ -7.073093449503044, 38.860607087477554 ], [ -7.073126098132681, 38.860759340846968 ], [ -7.073149245686464, 38.860969785575918 ], [ -7.073194788359349, 38.861286184999969 ], [ -7.07326436461299, 38.861737736885189 ], [ -7.073304511777889, 38.861966985236812 ], [ -7.073365814209863, 38.862541508016683 ], [ -7.073363789412377, 38.862678131847794 ], [ -7.07338041064449, 38.862878072895427 ], [ -7.073384278744961, 38.863207875653437 ], [ -7.07329721118408, 38.863781054588394 ], [ -7.073249838863435, 38.86417858094201 ], [ -7.073227532785633, 38.86435429663964 ], [ -7.073186122749891, 38.864637481928888 ], [ -7.073180301798274, 38.864734799784081 ], [ -7.07313590327918, 38.864783941473171 ], [ -7.073055409476082, 38.865208458353081 ], [ -7.073026107666746, 38.865413117744808 ], [ -7.072976841471405, 38.865643265826641 ], [ -7.072943542580348, 38.865969308128669 ], [ -7.072912835212492, 38.866276459711877 ], [ -7.072904191853151, 38.866416450759971 ], [ -7.072889261395504, 38.866537645255292 ], [ -7.07287147181519, 38.866711694867462 ], [ -7.072854302886816, 38.866836200949919 ], [ -7.072862297015152, 38.866887528731311 ], [ -7.072836036304724, 38.867034204703067 ], [ -7.072777861412187, 38.867274540438927 ], [ -7.072758566431467, 38.867402454591698 ], [ -7.072736217362436, 38.867588347417048 ], [ -7.072705634018229, 38.867887033714148 ], [ -7.072682160664106, 38.868141284180354 ], [ -7.072665698216298, 38.868373440439434 ], [ -7.072647720042311, 38.868699532446435 ], [ -7.072658032206679, 38.868882392591651 ], [ -7.072681014523235, 38.869096172960283 ], [ -7.072712169279598, 38.869349297164234 ], [ -7.072722547239753, 38.869535576275844 ], [ -7.072761337241597, 38.870003962790662 ], [ -7.072790590204709, 38.870238245541167 ], [ -7.072798441996082, 38.870446754111931 ], [ -7.072804071995077, 38.870509949562333 ], [ -7.072849355997831, 38.870680513802334 ], [ -7.072882672290988, 38.870811335829458 ], [ -7.073000557966948, 38.871106139209843 ], [ -7.073138451638866, 38.871527595575706 ], [ -7.073229368506627, 38.871877012107063 ], [ -7.073242118698182, 38.871972877931817 ], [ -7.073263571882918, 38.872150524556737 ], [ -7.073279168240664, 38.87227199514281 ], [ -7.073580485622803, 38.872279860234755 ], [ -7.073982851638172, 38.872257595433027 ], [ -7.074275535223133, 38.872252870639969 ], [ -7.07462512002542, 38.872230214197209 ], [ -7.075002745535848, 38.87222625749807 ], [ -7.075319407086691, 38.872195921603129 ], [ -7.075669155345207, 38.872162194946419 ], [ -7.07591492344318, 38.872138594481633 ], [ -7.07607081182273, 38.872128937126078 ], [ -7.076193669026822, 38.872118981503313 ], [ -7.076330736873988, 38.872105463932755 ], [ -7.07655274543443, 38.872092715667272 ], [ -7.07674144748732, 38.872098111492299 ], [ -7.076939916419996, 38.872081460019622 ], [ -7.07731336791222, 38.872040563768671 ], [ -7.077521164396734, 38.872031374684106 ], [ -7.077828495160821, 38.871993568581075 ], [ -7.078060268527236, 38.871958768554912 ], [ -7.078225759144524, 38.871938126506322 ], [ -7.078547355344377, 38.871893069228761 ], [ -7.078778963414884, 38.871869333946123 ], [ -7.079020228527344, 38.871830929085895 ], [ -7.079246954927978, 38.871818217375413 ], [ -7.079678780887207, 38.871801520488823 ], [ -7.080052731830918, 38.871767415315261 ], [ -7.080381130037296, 38.871717764578861 ], [ -7.080669365476036, 38.87169453692627 ], [ -7.081100358416866, 38.871674247637536 ], [ -7.081350085027724, 38.87161950228645 ], [ -7.081685617711815, 38.871589319059588 ], [ -7.082001893658045, 38.871584787299469 ], [ -7.082199925537773, 38.871597638224237 ], [ -7.082431228644143, 38.871610907076999 ], [ -7.082586771339912, 38.871588436260588 ], [ -7.082748474426906, 38.87157790891338 ], [ -7.083126174135395, 38.871586435475635 ], [ -7.083420949790335, 38.871592413012692 ], [ -7.083792108998185, 38.871599167179021 ], [ -7.084233232450689, 38.871596278113977 ], [ -7.084519428442497, 38.871590106494303 ], [ -7.084829690584267, 38.871577576449475 ], [ -7.085089751458648, 38.871569639318821 ], [ -7.085480819357865, 38.87154226123797 ], [ -7.085839565258955, 38.871538100985759 ], [ -7.086000386839092, 38.871513716500402 ], [ -7.086090479210785, 38.871485009021058 ], [ -7.08643072859772, 38.871454854432798 ], [ -7.08672845234535, 38.871428007324887 ], [ -7.087182278897953, 38.871376731968134 ], [ -7.087752300601628, 38.871320587866592 ], [ -7.088258086801599, 38.871266083020195 ], [ -7.089028617396115, 38.871180739422037 ], [ -7.089590706281052, 38.871148869332856 ], [ -7.089850407129079, 38.871140121193541 ], [ -7.090157458674422, 38.871120727711933 ], [ -7.090289749402269, 38.87111084058705 ], [ -7.090492716383717, 38.871108963413221 ], [ -7.090672411593747, 38.871084741888495 ], [ -7.091225276561524, 38.871038024375849 ], [ -7.091428085599365, 38.87109652592968 ], [ -7.091373268284374, 38.870967862815633 ], [ -7.091268848018071, 38.870827673246765 ], [ -7.09107030038114, 38.870504693095327 ], [ -7.090982799347936, 38.870365555906481 ], [ -7.090946884661169, 38.870291734004169 ], [ -7.090915041058418, 38.870231551751921 ], [ -7.090826029680998, 38.870188061130904 ], [ -7.090781229428184, 38.870096945379579 ], [ -7.090721446806217, 38.869989418177724 ], [ -7.090593343807201, 38.869820366010337 ], [ -7.090500657476491, 38.86957867618522 ], [ -7.090401970113476, 38.86930613018918 ], [ -7.090281861933699, 38.869066824649991 ], [ -7.090231734256905, 38.868944626197511 ], [ -7.090025806681139, 38.868503744026228 ], [ -7.0899251757052, 38.868285168399993 ], [ -7.089917410716483, 38.868170726379049 ], [ -7.089948626914522, 38.868054801324 ], [ -7.09012017770573, 38.867858935792661 ], [ -7.090217516100241, 38.867656886483402 ], [ -7.090366543725046, 38.867470055853921 ], [ -7.090538893790895, 38.867301880886437 ], [ -7.090733759298463, 38.867207695401838 ], [ -7.09096256859537, 38.867137680050803 ], [ -7.090974100480484, 38.86710535276255 ], [ -7.09112117803255, 38.867053696678745 ], [ -7.091433064237528, 38.866943702615167 ], [ -7.092347402283032, 38.866583815474534 ], [ -7.092826562277597, 38.866410991969772 ], [ -7.093266643978747, 38.866286882241354 ], [ -7.093527612857248, 38.866215698851917 ], [ -7.093751363734096, 38.866144275512539 ], [ -7.093852407801897, 38.866112652690212 ], [ -7.093951097669374, 38.866084527215897 ], [ -7.094065156979934, 38.86605310919893 ], [ -7.094159618595302, 38.866014588039043 ], [ -7.094275822405186, 38.865986618103079 ], [ -7.094398711483266, 38.865950144849542 ], [ -7.094571429958895, 38.865847281513986 ], [ -7.094775884613914, 38.865742105900502 ], [ -7.094961249417954, 38.865651517442309 ], [ -7.095450583956469, 38.865427121899828 ], [ -7.09564082658955, 38.865325508000168 ], [ -7.09585873606918, 38.865268412098622 ], [ -7.096062221315782, 38.865229635352314 ], [ -7.096270479708138, 38.865187211998361 ], [ -7.096407959565449, 38.865144159065238 ], [ -7.096607582634335, 38.865046316379527 ], [ -7.096821629957451, 38.864930153690189 ], [ -7.09708312809025, 38.864795964818079 ], [ -7.097458818838465, 38.86462568741451 ], [ -7.097756064825766, 38.864459156813382 ], [ -7.097947628724511, 38.864358347099959 ], [ -7.098091035732032, 38.864281070609124 ], [ -7.098262619165099, 38.864164460421883 ], [ -7.098386314507441, 38.864095457159912 ], [ -7.098609203995343, 38.864019953447304 ], [ -7.098798850471372, 38.863958913013775 ], [ -7.09901669990431, 38.863905501074029 ], [ -7.099201306606853, 38.863866551650709 ], [ -7.099371169817296, 38.863868055386448 ], [ -7.099457216164344, 38.863908705597041 ], [ -7.099517078402449, 38.863999850571318 ], [ -7.099541621852662, 38.864111130293111 ], [ -7.099606148595675, 38.864261215710385 ], [ -7.099712537321986, 38.864409734890025 ], [ -7.099837692932502, 38.864565798185183 ], [ -7.100079796450023, 38.864792996124983 ], [ -7.100219268140179, 38.86483980218317 ], [ -7.10041990569864, 38.864860398969874 ], [ -7.100512124176118, 38.864825269402814 ], [ -7.100653312839565, 38.864734278522214 ], [ -7.100774329526535, 38.864675535782155 ], [ -7.100841904965965, 38.864679554229788 ], [ -7.101058398738234, 38.864814779983256 ], [ -7.101205952563251, 38.86488093626096 ], [ -7.101305395835636, 38.864951894424451 ], [ -7.101303032254159, 38.865051002704014 ], [ -7.101372317571665, 38.865154919055399 ], [ -7.101427286037588, 38.865269777482283 ], [ -7.101533520113809, 38.865429361333021 ], [ -7.101747919085523, 38.865584620127812 ], [ -7.10190705967576, 38.865705678574571 ], [ -7.101967707356449, 38.865754177114106 ], [ -7.102033234825005, 38.865791650110488 ], [ -7.102136296393782, 38.86584421256898 ], [ -7.102244237808384, 38.86588574851605 ], [ -7.102422477981741, 38.86596111062449 ], [ -7.102522918558576, 38.866028139310913 ], [ -7.102786905613698, 38.866130539165063 ], [ -7.103064618896076, 38.866231529997656 ], [ -7.103464839794041, 38.866328181385292 ], [ -7.103606344713953, 38.86633311848076 ], [ -7.103724468870769, 38.866323091181805 ], [ -7.103899182051069, 38.866300848217548 ], [ -7.104171079579264, 38.866173619657197 ], [ -7.104584679795479, 38.865967380427946 ], [ -7.104805965756134, 38.865850789416108 ], [ -7.104898252993005, 38.865757880131191 ], [ -7.105026344752368, 38.865711044840815 ], [ -7.105196691942163, 38.865679339486064 ], [ -7.105352988039098, 38.865640131155892 ], [ -7.105452396614849, 38.865618869688838 ], [ -7.105604240451401, 38.865561174174857 ], [ -7.105775169939442, 38.86548888913029 ], [ -7.105960573580376, 38.86539459484252 ], [ -7.106126571348065, 38.865337024034424 ], [ -7.106278307914522, 38.86528670575931 ], [ -7.106406291809959, 38.865247247962365 ], [ -7.106505328161046, 38.86525180725468 ], [ -7.106722009108498, 38.865279538607311 ], [ -7.106914779903091, 38.865329194853814 ], [ -7.107108080066645, 38.865341961898181 ], [ -7.107277789306966, 38.865354521395943 ], [ -7.107319831984083, 38.865384406072273 ], [ -7.107466317959716, 38.8653709345664 ], [ -7.107810666268333, 38.865381337422242 ], [ -7.108150663611627, 38.865427962276165 ], [ -7.108181212196524, 38.865435255458394 ], [ -7.108322071698729, 38.865535125414169 ], [ -7.108532185691925, 38.865745545713452 ], [ -7.108693364322444, 38.866023667540418 ], [ -7.108775386989961, 38.86622730597729 ], [ -7.108843253363888, 38.866471886065455 ], [ -7.108876620800771, 38.866531361687599 ], [ -7.109025724768752, 38.866683362812893 ], [ -7.109277668312413, 38.86694327809208 ], [ -7.109360940893253, 38.867034175607436 ], [ -7.109643093085948, 38.867325245749193 ], [ -7.109783173063354, 38.867479964590572 ], [ -7.109894860240927, 38.867597857127969 ], [ -7.10999395384526, 38.867718348724999 ], [ -7.110150661675209, 38.867846455580406 ], [ -7.110417381442331, 38.86808118453154 ], [ -7.110582858465931, 38.868216575523398 ], [ -7.110659188058592, 38.868293358482092 ], [ -7.110785879010552, 38.868377517274993 ], [ -7.111157166966859, 38.868600454636542 ], [ -7.111417767225425, 38.868763336792775 ], [ -7.111596428334183, 38.868863441639647 ], [ -7.111800143194157, 38.868976554389917 ], [ -7.111932315649865, 38.869048060899082 ], [ -7.112125901196862, 38.86911172169259 ], [ -7.112471631262788, 38.869244359452431 ], [ -7.112652393232231, 38.869310701468663 ], [ -7.11273315390091, 38.869335364809899 ], [ -7.112984026446943, 38.8694381891627 ], [ -7.113354019761596, 38.869636961445586 ], [ -7.11353217591674, 38.869719684977888 ], [ -7.113785412114617, 38.869832578083866 ], [ -7.113911609043862, 38.869918537016467 ], [ -7.114168039251605, 38.870138451814114 ], [ -7.114321391428146, 38.870305814258728 ], [ -7.114395892586272, 38.870376563518612 ], [ -7.114467568850507, 38.870461663393819 ], [ -7.114606347809457, 38.870511218829556 ], [ -7.114854869506352, 38.870624069403746 ], [ -7.115018978070145, 38.8706992891167 ], [ -7.115129453547536, 38.870782964948127 ], [ -7.115388668011267, 38.870920188615997 ], [ -7.115626808715186, 38.871099356859325 ], [ -7.115928360975606, 38.871337669928074 ], [ -7.116228105288716, 38.871528983488993 ], [ -7.1163904554421, 38.871634702073266 ], [ -7.116572843332515, 38.87172501613891 ], [ -7.116837822790322, 38.871895752891689 ], [ -7.116985869293134, 38.87206936200544 ], [ -7.117125567496569, 38.872237684671028 ], [ -7.117226917811609, 38.872411969910488 ], [ -7.117337548232993, 38.872597404378844 ], [ -7.117411530846938, 38.872705041619042 ], [ -7.117493285942654, 38.872851127989549 ], [ -7.117726092452202, 38.873067169696107 ], [ -7.117896727998738, 38.873230519785849 ], [ -7.118026487702223, 38.87335135582758 ], [ -7.118106965851551, 38.873388718293029 ], [ -7.118171310734533, 38.873425844100176 ], [ -7.118350310841938, 38.873503512543714 ], [ -7.118737184923054, 38.873775928588685 ], [ -7.118920743823279, 38.873914162631394 ], [ -7.119018400386946, 38.874007880469009 ], [ -7.119193352571339, 38.874119200161175 ], [ -7.119436105505386, 38.874267857559751 ], [ -7.119559183744149, 38.874350744141566 ], [ -7.119656931452477, 38.874573959736601 ], [ -7.11974477857563, 38.874725239852602 ], [ -7.119836273174648, 38.874879520470358 ], [ -7.120128323613722, 38.874859531610618 ], [ -7.120470720503964, 38.874839976827978 ], [ -7.120732300380173, 38.874815488620989 ], [ -7.120977236118723, 38.87481049132915 ], [ -7.121157619974818, 38.8747908876122 ], [ -7.121411777693464, 38.874777593116285 ], [ -7.12159373343535, 38.874769346571405 ], [ -7.121635249118723, 38.874766821936198 ], [ -7.121894155767139, 38.874792934537581 ], [ -7.122059658568622, 38.8748070639015 ], [ -7.122316752282768, 38.874716329804585 ], [ -7.122575736596034, 38.874614345635059 ], [ -7.122664588810784, 38.874572868654646 ], [ -7.122862630378294, 38.874453430214466 ], [ -7.123044408876676, 38.874326819392252 ], [ -7.123208335069959, 38.874200054789405 ], [ -7.123374038258224, 38.874069167203402 ], [ -7.123579758431819, 38.873911777143746 ], [ -7.123791272502229, 38.873727592199309 ], [ -7.124031687332407, 38.873536727020877 ], [ -7.124239169930989, 38.873376557728925 ], [ -7.124448931077992, 38.873202267533159 ], [ -7.124484582295609, 38.873101061966238 ], [ -7.124635026841426, 38.872776999603609 ], [ -7.124700056406578, 38.872635331290965 ], [ -7.124777923862698, 38.872474047937537 ], [ -7.124770166925997, 38.872386696822339 ], [ -7.124866759895666, 38.872302948111987 ], [ -7.124859420385145, 38.872185964531148 ], [ -7.124946226309256, 38.872036016888337 ], [ -7.125060232032802, 38.871869367791469 ], [ -7.125023353553544, 38.871804284420293 ], [ -7.125086499788284, 38.871665388372506 ], [ -7.125175890036074, 38.871454841348829 ], [ -7.125225562156147, 38.871249624468582 ], [ -7.12524061575076, 38.871211652023163 ], [ -7.125243495993609, 38.871007385115149 ], [ -7.125227080230046, 38.870888973848153 ], [ -7.125201608294085, 38.870783093325507 ], [ -7.125143286735136, 38.870579739375508 ], [ -7.125097231562625, 38.870397565582017 ], [ -7.125003675680767, 38.870136170143326 ], [ -7.124982887138939, 38.870073838765094 ], [ -7.124950596309278, 38.869937003955009 ], [ -7.124913167429511, 38.869788775129201 ], [ -7.124933935462238, 38.869721310544307 ], [ -7.124958177963274, 38.869660986593139 ], [ -7.125114847464515, 38.869532717076972 ], [ -7.125251714923555, 38.869402927096608 ], [ -7.125450446227646, 38.869273127621391 ], [ -7.125627177749544, 38.86912338601531 ], [ -7.125727262460275, 38.869054150056989 ], [ -7.125870128562217, 38.868963145803498 ], [ -7.126128797107352, 38.868748418180715 ], [ -7.126312452767072, 38.868626056343615 ], [ -7.12650143346428, 38.86850229618566 ], [ -7.127051624983697, 38.868176411356281 ], [ -7.127294361436474, 38.86803092442657 ], [ -7.127437379436528, 38.867928851818355 ], [ -7.12758804681895, 38.867882369909246 ], [ -7.127743400742984, 38.867847042702465 ], [ -7.127954467499523, 38.867823543590951 ], [ -7.128095140959653, 38.867816196153797 ], [ -7.128255020123885, 38.86784365456586 ], [ -7.128600507007907, 38.867864226956854 ], [ -7.128726186291987, 38.867899085782568 ], [ -7.128857122398888, 38.86793686852824 ], [ -7.129023847000533, 38.867986222027312 ], [ -7.129156746058817, 38.868015373962237 ], [ -7.129356075048377, 38.868056536482051 ], [ -7.129535807578744, 38.868082043385719 ], [ -7.129770459866974, 38.868140771936702 ], [ -7.130060897843304, 38.868145725154072 ], [ -7.130264038214345, 38.86816998626422 ], [ -7.130555486936776, 38.86819068151302 ], [ -7.130731980551012, 38.868200660191079 ], [ -7.13101816338482, 38.868218604985927 ], [ -7.131260992590341, 38.868239062308724 ], [ -7.131501156538985, 38.868233106522936 ], [ -7.131652209202422, 38.868230713365726 ], [ -7.13191328521637, 38.868229064276669 ], [ -7.132115369256916, 38.868197014328807 ], [ -7.132411156845265, 38.868171353583385 ], [ -7.132613056633865, 38.868160557473182 ], [ -7.132870581714461, 38.86817474461737 ], [ -7.133125549628238, 38.868165860491274 ], [ -7.133295736085481, 38.868145180456423 ], [ -7.133475054757739, 38.868076053168181 ], [ -7.13359005531006, 38.868022259227459 ], [ -7.133774861648068, 38.867968498676525 ], [ -7.133983158758712, 38.867922318792175 ], [ -7.134150969750441, 38.867933740309773 ], [ -7.134488322097156, 38.867908192038804 ], [ -7.13460654956699, 38.867890756194264 ], [ -7.134728612173341, 38.867830935930513 ], [ -7.135035226052434, 38.867805996121042 ], [ -7.135193852948855, 38.867791855865292 ], [ -7.135261379606226, 38.867741540483799 ], [ -7.135403271969769, 38.867638528755464 ], [ -7.13558685357138, 38.867520293309688 ], [ -7.135814210376932, 38.867361625796349 ], [ -7.135963603110024, 38.86720822459327 ], [ -7.136126151276078, 38.86705834490617 ], [ -7.136212272715672, 38.86697422340621 ], [ -7.13637902461566, 38.866861273740362 ], [ -7.136512280841626, 38.866781242944718 ], [ -7.136640354458415, 38.866734372732125 ], [ -7.136730421233445, 38.866705625806304 ], [ -7.136891576431347, 38.866655348927623 ], [ -7.137099507462055, 38.866634985303222 ], [ -7.137231784500853, 38.866625045691343 ], [ -7.137477823560952, 38.866579180482056 ], [ -7.13783071842122, 38.866513710536204 ], [ -7.137966210447201, 38.866480993680057 ], [ -7.137937108296931, 38.866377968196794 ], [ -7.137903167573359, 38.866233920185635 ], [ -7.137830789271046, 38.866003604219998 ], [ -7.137744875841638, 38.865835245581621 ], [ -7.137696910028079, 38.865655944448896 ], [ -7.137626860908804, 38.865398901722941 ], [ -7.137572207667099, 38.865187113211746 ], [ -7.137517565402926, 38.864973981719046 ], [ -7.137672412026826, 38.864944239675921 ], [ -7.137752205204034, 38.86493652104879 ], [ -7.138183473002769, 38.865046695533444 ], [ -7.138371341852469, 38.865111016345807 ], [ -7.138498150142734, 38.865182019360539 ], [ -7.138691729801425, 38.865247080986755 ], [ -7.138863810509434, 38.86530907680401 ], [ -7.138978329308818, 38.865359411960199 ], [ -7.139107591329941, 38.865401311605439 ], [ -7.139175669299238, 38.865427294472447 ], [ -7.139324831124628, 38.865463779390595 ], [ -7.139547266251779, 38.865524852449312 ], [ -7.139827271210194, 38.865597668042341 ], [ -7.140161778867992, 38.865653844433787 ], [ -7.140316980347205, 38.865692058470124 ], [ -7.14056318508002, 38.865770290409245 ], [ -7.140838379220905, 38.86579090648415 ], [ -7.140960664075913, 38.865804648074494 ], [ -7.140985947180089, 38.865676590945732 ], [ -7.140799047578215, 38.865640813459734 ], [ -7.140602147985751, 38.865546904358929 ], [ -7.140424842043457, 38.865401508797845 ], [ -7.139953243709242, 38.865039622531569 ], [ -7.139892774550695, 38.86497638785093 ], [ -7.1400651066587, 38.864816116156966 ], [ -7.140252282348853, 38.864695106029068 ], [ -7.140388524354818, 38.864616004999853 ], [ -7.140513476881955, 38.864562120312485 ], [ -7.140651099082918, 38.864508343162498 ], [ -7.140813572179032, 38.864432161447048 ], [ -7.140953788202043, 38.864374264248845 ], [ -7.141095402008257, 38.864314842045275 ], [ -7.141233099883118, 38.864255387309555 ], [ -7.141352906231869, 38.86415867156024 ], [ -7.141481382016983, 38.864082283953209 ], [ -7.141685405558398, 38.864002848046482 ], [ -7.141879479154301, 38.863960221856821 ], [ -7.14214417582377, 38.863929263270457 ], [ -7.14228573088598, 38.863930464359072 ], [ -7.142625513337255, 38.863929657155019 ], [ -7.142776812732444, 38.863908803934919 ], [ -7.142876309625308, 38.863880132194645 ], [ -7.143027967026232, 38.863833454879988 ], [ -7.143208343993078, 38.863757505363225 ], [ -7.1435270699535, 38.86368607973116 ], [ -7.143597654097503, 38.863655691417335 ], [ -7.143496590401116, 38.863540707809634 ], [ -7.143338861432942, 38.863357601636608 ], [ -7.143150902283158, 38.863144688414621 ], [ -7.142991630006099, 38.862931931631785 ], [ -7.142921170034898, 38.862820091240707 ], [ -7.142828438278565, 38.862619242663861 ], [ -7.142742478199027, 38.862453675953347 ], [ -7.142649753136576, 38.862261299003336 ], [ -7.142483497428399, 38.861920301242655 ], [ -7.142354411843778, 38.861616371700883 ], [ -7.142228158254208, 38.861374347878865 ], [ -7.142200275982425, 38.861382668596967 ], [ -7.142101510640088, 38.861418132379832 ], [ -7.141940276594759, 38.861488648941105 ], [ -7.141867946134511, 38.861511904482533 ], [ -7.141747060126193, 38.86153060517934 ], [ -7.141604500445927, 38.861550567474566 ], [ -7.141472806943011, 38.86156773760419 ], [ -7.141328282982547, 38.861596143793001 ], [ -7.141192984021662, 38.861616077168364 ], [ -7.141126106198564, 38.861636589783551 ], [ -7.141007028838893, 38.861649718513867 ], [ -7.140808751192669, 38.861666323131587 ], [ -7.140550642390731, 38.861702146629689 ], [ -7.140354053523258, 38.861721648183973 ], [ -7.139993038795843, 38.861500857797935 ], [ -7.139278266137082, 38.861321373239676 ], [ -7.139074564373066, 38.861039240526956 ], [ -7.13899397938486, 38.860800921275867 ], [ -7.138911842133496, 38.860661446198328 ], [ -7.138354433349905, 38.860228808861663 ], [ -7.138416767527246, 38.860133081955269 ], [ -7.138470119387444, 38.8599250968986 ], [ -7.138524478183674, 38.859769186563554 ], [ -7.138546171326536, 38.859634167863355 ], [ -7.1385389482212, 38.85950727914387 ], [ -7.138496887640563, 38.859425219498817 ], [ -7.138453375473009, 38.859315049823756 ], [ -7.138404971725326, 38.8591751978011 ], [ -7.138365072137074, 38.859062175501236 ], [ -7.13833705715715, 38.859005638884668 ], [ -7.138209637457512, 38.858848181068431 ], [ -7.138108609225492, 38.858731754552366 ], [ -7.13807724575396, 38.858651230718344 ], [ -7.138078890051301, 38.858541349239225 ], [ -7.138083338938923, 38.858477971279321 ], [ -7.138075261106457, 38.858413137240397 ], [ -7.138018783221275, 38.858323842112696 ], [ -7.137932288888343, 38.858206275496933 ], [ -7.137977466065897, 38.858188287490691 ], [ -7.138005435108145, 38.858123760589933 ], [ -7.138104988838907, 38.857956974981285 ], [ -7.138202328266916, 38.857825297669194 ], [ -7.13834328883357, 38.857654630068573 ], [ -7.138460243081618, 38.85753726436414 ], [ -7.138529332710561, 38.857481552951072 ], [ -7.138654820691258, 38.857396690074914 ], [ -7.138736734382632, 38.857329736252751 ], [ -7.138774379408822, 38.857348433339858 ], [ -7.138972762493136, 38.857464247729972 ], [ -7.139183413583373, 38.857592774243194 ], [ -7.139320632193751, 38.857699602067022 ], [ -7.139470429416261, 38.857805091017205 ], [ -7.139538106922263, 38.857859261605533 ], [ -7.139666271229558, 38.857963127733896 ], [ -7.13977130409072, 38.858048601463224 ], [ -7.139840747504548, 38.85810828338299 ], [ -7.139955441450165, 38.858020527725493 ], [ -7.140082497704636, 38.857946936257299 ], [ -7.140198745755562, 38.857871898004305 ], [ -7.140307711814177, 38.857806613401024 ], [ -7.140438260271194, 38.85774719418783 ], [ -7.140581342312078, 38.857680759871563 ], [ -7.140706469631051, 38.857621198801731 ], [ -7.14066964383884, 38.857551887923989 ], [ -7.14061784041134, 38.857516229461588 ], [ -7.140531954961632, 38.857478927464747 ], [ -7.140216690187069, 38.857359336006894 ], [ -7.140136394602235, 38.857309292135447 ], [ -7.140119113611754, 38.857259873182443 ], [ -7.14009154092848, 38.857181340363454 ], [ -7.140106281454079, 38.857075624524988 ], [ -7.140202216446816, 38.856974584905807 ], [ -7.140207213857581, 38.856880316050464 ], [ -7.140304727209329, 38.856883385250235 ], [ -7.140404968050885, 38.856913752816951 ], [ -7.140549518200499, 38.856924819597218 ], [ -7.140857899073701, 38.85691760185798 ], [ -7.141021525797312, 38.856914072841938 ], [ -7.141153972273193, 38.856890601483343 ], [ -7.14137428391433, 38.856882633420717 ], [ -7.14161928047257, 38.856909309984907 ], [ -7.141876380199091, 38.856970524235919 ], [ -7.142128555759364, 38.856989881569561 ], [ -7.142302457537052, 38.857039319356062 ], [ -7.142490667595409, 38.857077810508812 ], [ -7.142593594901765, 38.85714140491487 ], [ -7.142706469313937, 38.857168188111359 ], [ -7.142819754286599, 38.85716545920161 ], [ -7.142904781388948, 38.857158801050097 ], [ -7.142990268885313, 38.857118941712976 ], [ -7.143151737911182, 38.857058851986558 ], [ -7.143246717901524, 38.856963814379938 ], [ -7.143366895815793, 38.856862054322093 ], [ -7.143432087193222, 38.856821713689037 ], [ -7.14362055108082, 38.856738812202487 ], [ -7.143704034806679, 38.85669160040068 ], [ -7.143773178537196, 38.856640028046144 ], [ -7.143838300563276, 38.856612477508861 ], [ -7.143879674668717, 38.856619854860185 ], [ -7.144008544543499, 38.856673005365828 ], [ -7.144076402462568, 38.856706008613116 ], [ -7.144155087224758, 38.856739008921316 ], [ -7.144251683035347, 38.856784955348594 ], [ -7.144337685905858, 38.856822345689672 ], [ -7.144376649664778, 38.856862036446778 ], [ -7.144437109834955, 38.856921729681446 ], [ -7.144458146169298, 38.856958566339863 ], [ -7.144487734042762, 38.857034840770595 ], [ -7.144531778015668, 38.857107096727439 ], [ -7.144593988672103, 38.857165359864581 ], [ -7.144704656000144, 38.857235293584736 ], [ -7.144815339917179, 38.857303877989324 ], [ -7.14493355868622, 38.85735279470947 ], [ -7.145051985105241, 38.857386135176348 ], [ -7.145218749787829, 38.857431227796013 ], [ -7.14531012883389, 38.857463076332344 ], [ -7.145442649743694, 38.857519145805604 ], [ -7.145503015405028, 38.857560456606905 ], [ -7.145620730401716, 38.857645945880229 ], [ -7.145681580601748, 38.857668979589384 ], [ -7.145740888924097, 38.857679385869076 ], [ -7.145812761536813, 38.857688367929036 ], [ -7.145927700475876, 38.857707715215135 ], [ -7.146031826267887, 38.857733906014317 ], [ -7.146192951234385, 38.85779588853228 ], [ -7.146314583634381, 38.857856093212334 ], [ -7.146461089887218, 38.857941819503573 ], [ -7.146630554552547, 38.858058725073924 ], [ -7.146758748323533, 38.858161235261264 ], [ -7.146862448739437, 38.858210033721221 ], [ -7.146955793174063, 38.858233333964591 ], [ -7.147068556565934, 38.858285001151749 ], [ -7.147148625620266, 38.858351881832917 ], [ -7.147206975083162, 38.858431282645483 ], [ -7.147249957166572, 38.858572524775113 ], [ -7.147268197434641, 38.858678335286065 ], [ -7.147291372419279, 38.858819410195444 ], [ -7.147321930459598, 38.858959109790838 ], [ -7.147351269707998, 38.859053753462135 ], [ -7.147392896779294, 38.859159674870448 ], [ -7.147443545823239, 38.859271436424152 ], [ -7.14755545500035, 38.859345401658977 ], [ -7.147643675048252, 38.859449450728277 ], [ -7.147717791261889, 38.859549691182188 ], [ -7.147777957454513, 38.85963505660461 ], [ -7.147870540166584, 38.859764968237208 ], [ -7.147930350378689, 38.859876156504825 ], [ -7.147976005679313, 38.85998722533963 ], [ -7.148040431651351, 38.860105831577698 ], [ -7.148151838067229, 38.860239591302118 ], [ -7.1482586271379, 38.860365932887795 ], [ -7.148323156840043, 38.860477160747436 ], [ -7.148376628326488, 38.860556029810141 ], [ -7.148396308253062, 38.860647493112872 ], [ -7.148433087620435, 38.860717902807963 ], [ -7.1484979740631, 38.860803306749148 ], [ -7.148624706596518, 38.860852338360537 ], [ -7.148801921322955, 38.860897138355675 ], [ -7.148911144047093, 38.860938863672004 ], [ -7.148989388643519, 38.861004377455856 ], [ -7.148896283542944, 38.86098062145453 ], [ -7.148669585745589, 38.860909697472053 ], [ -7.148395449906536, 38.860855390383513 ], [ -7.1480432283624, 38.860833370535033 ], [ -7.147788505702331, 38.860782677513342 ], [ -7.147598542040686, 38.860772405638329 ], [ -7.147292466828973, 38.860783688800566 ], [ -7.147221478683011, 38.860846989139034 ], [ -7.147300635370691, 38.860997092972731 ], [ -7.147342353006395, 38.861096527802289 ], [ -7.147387676239258, 38.861093124432429 ], [ -7.147422630034698, 38.861157016383544 ], [ -7.147447837834569, 38.861233791724054 ], [ -7.147630144015632, 38.861523033759397 ], [ -7.14771437890071, 38.861647147958948 ], [ -7.147803148796537, 38.861793547526808 ], [ -7.147871015050303, 38.861893207275607 ], [ -7.148008777107351, 38.861954174999369 ], [ -7.148096337038014, 38.862012740156509 ], [ -7.148083659143108, 38.862063259988943 ], [ -7.148104274061371, 38.862130630256274 ], [ -7.148148502572655, 38.862215131415113 ], [ -7.148218714278867, 38.862320300921198 ], [ -7.148323983435677, 38.862481883855864 ], [ -7.148525447707726, 38.862769393500933 ], [ -7.148670828745927, 38.862963110493119 ], [ -7.148752700141132, 38.863083332506264 ], [ -7.148773242295701, 38.863156379574832 ], [ -7.148786690748444, 38.863225671899393 ], [ -7.148837188725441, 38.863545609777063 ], [ -7.148844287407945, 38.863673928132009 ], [ -7.148845276901686, 38.863999650493774 ], [ -7.148929119375356, 38.864274338218145 ], [ -7.149049275529396, 38.864885444314588 ], [ -7.149001768865866, 38.864935149189492 ], [ -7.149062947067406, 38.865180207805537 ], [ -7.149078196691444, 38.865360591603931 ], [ -7.149137922331169, 38.865530949886306 ], [ -7.14916289831233, 38.865649019450558 ], [ -7.149193025240208, 38.86571513560181 ], [ -7.14939238486868, 38.865727214458261 ], [ -7.14945688009638, 38.865873348774905 ], [ -7.149521471112115, 38.86601255065306 ], [ -7.149569426297528, 38.866071883655557 ], [ -7.149699707707388, 38.866270568674324 ], [ -7.149799480018303, 38.866430865370091 ], [ -7.149838235300225, 38.866514385668317 ], [ -7.149921516044778, 38.866584416214579 ], [ -7.149986585995115, 38.866688957626216 ], [ -7.149981150333224, 38.866761706482343 ], [ -7.149958027639042, 38.866830841182512 ], [ -7.149899676412139, 38.866882346716103 ], [ -7.149963362055335, 38.867087403019035 ], [ -7.150018433242803, 38.867264340471564 ], [ -7.150213541262346, 38.867273230366798 ], [ -7.150282855639071, 38.867391672841343 ], [ -7.150347496168026, 38.867527407604342 ], [ -7.150426011376243, 38.867621662551365 ], [ -7.15047754374553, 38.867743421424457 ], [ -7.150560253951528, 38.867855044141891 ], [ -7.150659840663184, 38.868029204027728 ], [ -7.150623392873962, 38.868082184979208 ], [ -7.150665761400456, 38.86813487330047 ], [ -7.150779005871564, 38.86823670828003 ], [ -7.150986329101336, 38.86845148352073 ], [ -7.151101294489033, 38.868596299254676 ], [ -7.151240255208908, 38.868746902285579 ], [ -7.15136051902175, 38.868858163695577 ], [ -7.15147879871906, 38.868937617527862 ], [ -7.151663370157864, 38.869064372809135 ], [ -7.151781496960463, 38.869155079234801 ], [ -7.151826299937449, 38.869198420512411 ], [ -7.1516966123937, 38.869253450273227 ], [ -7.151602893903842, 38.869289956177511 ], [ -7.151664428191198, 38.869331635704832 ], [ -7.151945439771481, 38.869567564199549 ], [ -7.151967624958058, 38.869689171296912 ], [ -7.152023253444938, 38.869984817323235 ], [ -7.152014671627937, 38.870089415252885 ], [ -7.152074648022152, 38.870076766123951 ], [ -7.152205961292736, 38.870079759909537 ], [ -7.152315965097909, 38.870065727528981 ], [ -7.152493531657808, 38.870014884179916 ], [ -7.152683051327574, 38.869949277356866 ], [ -7.152825025096527, 38.869867281594715 ], [ -7.152987262281987, 38.8700003688527 ], [ -7.15310091935264, 38.870119180896332 ], [ -7.153342726512378, 38.870270267052419 ], [ -7.153496621105391, 38.870365152336134 ], [ -7.153650564839399, 38.870456570777144 ], [ -7.153755879083104, 38.870537182738303 ], [ -7.153655418690249, 38.870639300555482 ], [ -7.153570497514403, 38.870731999598121 ], [ -7.153444553274912, 38.870858043117728 ], [ -7.153379079606235, 38.870935950629956 ], [ -7.153270175531247, 38.871037815307901 ], [ -7.153293638744652, 38.871066028733011 ], [ -7.153297339584596, 38.871140820738269 ], [ -7.15326525932486, 38.871396460344279 ], [ -7.153263260665294, 38.871542276830823 ], [ -7.153169283835709, 38.871597516850656 ], [ -7.153051227486119, 38.871669401747731 ], [ -7.152947523009007, 38.871745185703993 ], [ -7.152852780667562, 38.871856536811208 ], [ -7.152753563539579, 38.871949115223259 ], [ -7.152650037853883, 38.872011749214721 ], [ -7.152574968661206, 38.872074626561918 ], [ -7.152492000968929, 38.87220102986209 ], [ -7.152423664096044, 38.87231061705274 ], [ -7.152490053940966, 38.872342969842208 ], [ -7.152613688600342, 38.872385084760005 ], [ -7.152744352806778, 38.872444190274408 ], [ -7.152829514448683, 38.87250281819545 ], [ -7.152973775325889, 38.872612391350351 ], [ -7.153119778108246, 38.872763052104332 ], [ -7.153237194307174, 38.872906082915151 ], [ -7.153411106708199, 38.873122376753976 ], [ -7.153519072886159, 38.873265328896089 ], [ -7.153573133338986, 38.873331180740983 ], [ -7.153631944959151, 38.873395174497098 ], [ -7.153766289769495, 38.873530783025231 ], [ -7.153947636880726, 38.873717318530964 ], [ -7.154025269659075, 38.873803989968486 ], [ -7.154268568113517, 38.874002303966101 ], [ -7.154405412553322, 38.874132349757488 ], [ -7.154551472104353, 38.874279314242266 ], [ -7.154678404915767, 38.874426118284596 ], [ -7.154767996107084, 38.874514696360592 ], [ -7.154878516312259, 38.874648210584056 ], [ -7.154951208475258, 38.874742228100381 ], [ -7.154998130165767, 38.874808014978036 ], [ -7.155061197897628, 38.874915104800586 ], [ -7.155157674803126, 38.875022383410581 ], [ -7.15543587190324, 38.875290069713159 ], [ -7.155608576690827, 38.875418521810253 ], [ -7.155554404840657, 38.875537602731818 ], [ -7.1554481767173, 38.875789019864698 ], [ -7.155374793183821, 38.87591352099237 ], [ -7.155610497880914, 38.875977191399123 ], [ -7.15589815981301, 38.876084264504051 ], [ -7.156185342842958, 38.876217456920934 ], [ -7.156400976969191, 38.876350046600251 ], [ -7.156409471110196, 38.876428572591983 ], [ -7.156480500076239, 38.876475916440299 ], [ -7.156535381920413, 38.87648196108703 ], [ -7.156615565286048, 38.876559194074687 ], [ -7.156734955655152, 38.876735842734305 ], [ -7.156738547390701, 38.876827388818796 ], [ -7.156691719996133, 38.876931668109435 ], [ -7.156625966752098, 38.877020834594717 ], [ -7.156622193576346, 38.877119795449282 ], [ -7.156635364959751, 38.877202146449243 ], [ -7.15673331317593, 38.877556062222396 ], [ -7.156817909084322, 38.8780107529671 ], [ -7.156858062276338, 38.878386615346066 ], [ -7.156878944752831, 38.878612975884487 ], [ -7.157054325145641, 38.878537779587127 ], [ -7.157244337312169, 38.878445956460304 ], [ -7.157609957129487, 38.878262190735093 ], [ -7.157910763228836, 38.878107606964832 ], [ -7.158305442708823, 38.877905343081366 ], [ -7.158577080770666, 38.877776812843706 ], [ -7.158735188919026, 38.877742640265716 ], [ -7.159168515277377, 38.877680945219929 ], [ -7.159400686990582, 38.877649190081542 ], [ -7.159747585317598, 38.87761289257984 ], [ -7.160092285301539, 38.877559643121437 ], [ -7.160236027213096, 38.877531025423444 ], [ -7.160383886927564, 38.877369666181515 ], [ -7.160607518827709, 38.877093188430599 ], [ -7.160765506379412, 38.876898228869273 ], [ -7.16084275397494, 38.876844641428313 ], [ -7.161245058220339, 38.87677511569408 ], [ -7.16166621700953, 38.876726368475289 ], [ -7.161950292922, 38.876741879892492 ], [ -7.162163452658323, 38.876870656975221 ], [ -7.162335436983681, 38.877053318415172 ], [ -7.162359262268769, 38.877132061525195 ], [ -7.162422351186584, 38.877339942439129 ], [ -7.162479871928632, 38.877321594558445 ], [ -7.16289204821956, 38.877229711625937 ], [ -7.162896220513157, 38.877100845694372 ], [ -7.162944876753793, 38.87703955014247 ], [ -7.163469540084219, 38.876750608456391 ], [ -7.163680925231181, 38.877019529137733 ], [ -7.163829473867727, 38.877162904158943 ], [ -7.16375141408952, 38.877285570234307 ], [ -7.163663375020073, 38.877438057954869 ], [ -7.163645214339599, 38.877536905030865 ], [ -7.163565562082492, 38.87759794441741 ], [ -7.163535655948931, 38.877687320573855 ], [ -7.163479467653357, 38.877785942838713 ], [ -7.163494547420707, 38.877905596168056 ], [ -7.163557531456411, 38.878020065204289 ], [ -7.163689595491683, 38.87813879996385 ], [ -7.163904260903961, 38.878344240696215 ], [ -7.164062830044307, 38.878276376060292 ], [ -7.164137230414659, 38.878432107252344 ], [ -7.163839821335883, 38.878515572961696 ], [ -7.16386904357173, 38.878646698683859 ], [ -7.163855706894639, 38.878754947478818 ], [ -7.163954523115569, 38.879039691928213 ], [ -7.163846945030595, 38.879044472038949 ], [ -7.16384866128279, 38.879087451938794 ], [ -7.163854251154968, 38.879210812348177 ], [ -7.163858066025768, 38.879278043883389 ], [ -7.163911329323607, 38.879403691601475 ], [ -7.163936510699, 38.879484248959912 ], [ -7.163946162099181, 38.879656194369439 ], [ -7.163979314143712, 38.879854544415501 ], [ -7.16404181169082, 38.880004498415083 ], [ -7.164346232329001, 38.879922977515037 ], [ -7.164255775907931, 38.880075450955538 ], [ -7.164202520387797, 38.880127256214834 ], [ -7.164164115386463, 38.880138198015715 ], [ -7.164124925002995, 38.880206962476159 ], [ -7.164157487685438, 38.88027829863524 ], [ -7.164035024524957, 38.880318361807866 ], [ -7.163766411624142, 38.880385223721312 ], [ -7.163713769580576, 38.880392262165103 ], [ -7.163516588859125, 38.880315951521681 ], [ -7.163411854974889, 38.880288874923522 ], [ -7.163209443145265, 38.88023306229298 ], [ -7.163106727422148, 38.880235900414277 ], [ -7.163025386765423, 38.88024270464782 ], [ -7.163012015609181, 38.880251417467917 ], [ -7.162988069978418, 38.880215552694203 ], [ -7.162957145356123, 38.88015926811368 ], [ -7.162937758453612, 38.88010172733614 ], [ -7.162923840832231, 38.880040631634849 ], [ -7.162925362260157, 38.879928585363125 ], [ -7.162925222868859, 38.879811215273641 ], [ -7.162919664258821, 38.879736855879131 ], [ -7.162910815457217, 38.879650132252465 ], [ -7.162899870673584, 38.879582120840865 ], [ -7.162882497560025, 38.87950379268495 ], [ -7.162671322041201, 38.879355216563411 ], [ -7.162570773181065, 38.879257821449144 ], [ -7.162510199460441, 38.87918696632552 ], [ -7.162303615546249, 38.87930262154206 ], [ -7.162193655479725, 38.879185512057909 ], [ -7.162410442895648, 38.879022648923154 ], [ -7.162173914098889, 38.878780993935848 ], [ -7.162160819914281, 38.878786472511088 ], [ -7.161921980660878, 38.878901585921035 ], [ -7.161878697508727, 38.878906633222385 ], [ -7.161836168901777, 38.878830522339264 ], [ -7.161753427405301, 38.878771467128189 ], [ -7.161679010457784, 38.878735630805345 ], [ -7.16164572659176, 38.87871706745026 ], [ -7.161574641621882, 38.878673421213925 ], [ -7.161546648567927, 38.878646975107188 ], [ -7.161528550984556, 38.87862205525731 ], [ -7.161527162185278, 38.87859727443066 ], [ -7.161528540973837, 38.878495857817015 ], [ -7.161521005535344, 38.878439587301294 ], [ -7.161518223236352, 38.878406957311512 ], [ -7.161503334876376, 38.878383322529999 ], [ -7.161481872681229, 38.878376662034064 ], [ -7.161418610552674, 38.878368208879245 ], [ -7.161371370578629, 38.878401504427636 ], [ -7.161312578754474, 38.87842839755433 ], [ -7.161223837027748, 38.878446037320408 ], [ -7.161111676881906, 38.878456722735663 ], [ -7.160878408793797, 38.878475772232107 ], [ -7.160834768950022, 38.878481892593427 ], [ -7.160791321998944, 38.878414245390751 ], [ -7.16070049221091, 38.878339629806746 ], [ -7.159909254167751, 38.878823242233956 ], [ -7.159073034287995, 38.87837913980033 ], [ -7.159020199489762, 38.87836627299891 ], [ -7.158575113748308, 38.878994539477262 ], [ -7.158558586487249, 38.879040160458544 ], [ -7.15907299043903, 38.879346203723543 ], [ -7.159249015969944, 38.879020421801336 ], [ -7.159671716150863, 38.879129960223679 ], [ -7.159647765700972, 38.879171285877717 ], [ -7.159782651218566, 38.879209248917434 ], [ -7.159758228751463, 38.879259665694406 ], [ -7.159869975536775, 38.879278881774937 ], [ -7.160110487859832, 38.879354657968527 ], [ -7.160493167831337, 38.879449806191289 ], [ -7.160246566680904, 38.879652232099382 ], [ -7.160242231940669, 38.879758753904945 ], [ -7.160247016623604, 38.879830675798566 ], [ -7.160270788926737, 38.879963735041066 ], [ -7.160272927864225, 38.880018069051097 ], [ -7.160272479491888, 38.88005103425175 ], [ -7.160286351031122, 38.880090243062924 ], [ -7.160319642889927, 38.880133848163609 ], [ -7.160379541874875, 38.880177850554922 ], [ -7.160407610493265, 38.880232489738482 ], [ -7.160478272647024, 38.880307124009143 ], [ -7.160545999099554, 38.880377495681593 ], [ -7.1605799400228, 38.880432092755669 ], [ -7.160638731000621, 38.880524099312638 ], [ -7.16068675617982, 38.880594216748101 ], [ -7.160754564314805, 38.880666662541749 ], [ -7.160779871696221, 38.880712631287217 ], [ -7.160925164472222, 38.880858771583782 ], [ -7.160939005266105, 38.880874650221529 ], [ -7.16103838743926, 38.88095609254561 ], [ -7.161086917610736, 38.880989197043995 ], [ -7.161138059292669, 38.881016374602368 ], [ -7.161205291052806, 38.880995762615036 ], [ -7.161238622478282, 38.881010903578371 ], [ -7.161280277754805, 38.88101539199311 ], [ -7.161362720904503, 38.880969689572481 ], [ -7.161408671016326, 38.88098087754927 ], [ -7.161480193641793, 38.88099246475872 ], [ -7.161529221402168, 38.880988458055512 ], [ -7.161572119468499, 38.880986649543885 ], [ -7.161582190202756, 38.881084829445214 ], [ -7.16165241901138, 38.881191522160762 ], [ -7.161660862100911, 38.881206722567988 ], [ -7.161674789858397, 38.88124178995723 ], [ -7.161719430680801, 38.881348809310943 ], [ -7.16175270736932, 38.881393042608778 ], [ -7.161840059255511, 38.881486548115952 ], [ -7.161859912768787, 38.881509862037106 ], [ -7.161926878242639, 38.881585184391248 ], [ -7.162050841941606, 38.88171510864818 ], [ -7.16211460183803, 38.881772389819652 ], [ -7.162196866222956, 38.881901067291473 ], [ -7.162291883624021, 38.881862676704955 ], [ -7.162426657480447, 38.88179092069209 ], [ -7.162547369322516, 38.881702207822045 ], [ -7.162646759659277, 38.881596560674097 ], [ -7.162664787660964, 38.881499520565804 ], [ -7.162814734813042, 38.881362496393102 ], [ -7.162894313675042, 38.881307129993218 ], [ -7.162976131173744, 38.881264843243635 ], [ -7.163084123831348, 38.881230248439685 ], [ -7.163225433566265, 38.881203403929725 ], [ -7.163246397191986, 38.881212226307674 ], [ -7.16333510863727, 38.881188639718481 ], [ -7.163428150535592, 38.881372537232117 ], [ -7.163535916589576, 38.881354696177667 ], [ -7.163725252572136, 38.881304018330106 ], [ -7.16387404701429, 38.881260393549042 ], [ -7.163907136585187, 38.881284989788533 ], [ -7.16393259524242, 38.881345012862859 ], [ -7.16402840895439, 38.881502807991389 ], [ -7.164070250463671, 38.881587197603054 ], [ -7.164131928694438, 38.88161950468389 ], [ -7.164198926395557, 38.881616274715142 ], [ -7.164292260816853, 38.881600296699446 ], [ -7.164404660241171, 38.881597442399581 ], [ -7.164656766527917, 38.881498646007032 ], [ -7.164759804531298, 38.881480855586176 ], [ -7.164851636412779, 38.881584302633847 ], [ -7.164900978884173, 38.881642630134316 ], [ -7.164945468725306, 38.881710285345342 ], [ -7.16494390975544, 38.88200355912263 ], [ -7.164963209760141, 38.882340066048634 ], [ -7.165349150038043, 38.882068617300142 ], [ -7.165764098949103, 38.881782362076869 ], [ -7.165915830349507, 38.881692099344377 ], [ -7.166224531219959, 38.881481622941891 ], [ -7.166470664076747, 38.881304311918761 ], [ -7.16657936410624, 38.881217387917758 ], [ -7.166733476999324, 38.881308376171404 ], [ -7.166984946685728, 38.881435568991805 ], [ -7.167279510903684, 38.881563207807602 ], [ -7.167481156291739, 38.881667560159649 ], [ -7.167804238009605, 38.881808494590764 ], [ -7.16785164109138, 38.881831314634219 ], [ -7.167928408618482, 38.881813304248496 ], [ -7.168074855306322, 38.881584727404466 ], [ -7.168126339114185, 38.881484267968951 ], [ -7.168126154650892, 38.881327173713665 ], [ -7.168141358950793, 38.881260012123512 ], [ -7.168360509834695, 38.881134812227891 ], [ -7.168596092928656, 38.88103019324106 ], [ -7.168666326139383, 38.881137334906924 ], [ -7.16890582835627, 38.881092558547351 ], [ -7.169284072853385, 38.881039649987706 ], [ -7.169537837229701, 38.880996882559188 ], [ -7.169396620295828, 38.880846101657298 ], [ -7.169235765883463, 38.880725242282566 ], [ -7.169015973816245, 38.880547784643475 ], [ -7.168937508315683, 38.880521014545266 ], [ -7.168873029292993, 38.88051669799723 ], [ -7.16876274161262, 38.880551279224335 ], [ -7.168626639162647, 38.880363341579461 ], [ -7.168665269175295, 38.880344921103216 ], [ -7.168867011194204, 38.880262545694464 ], [ -7.16919852076111, 38.880128898578668 ], [ -7.169438766754365, 38.880028101365625 ], [ -7.169298348926423, 38.879810220718582 ], [ -7.169351963007585, 38.879739686434569 ], [ -7.169483668194124, 38.879544493651167 ], [ -7.169715270237178, 38.879204471873223 ], [ -7.169778486314003, 38.87912284169051 ], [ -7.169805559537716, 38.87905386994187 ], [ -7.169790076511892, 38.878952785182207 ], [ -7.169721757028857, 38.878813953856707 ], [ -7.169711475407169, 38.878743637149398 ], [ -7.169720578779391, 38.878693234188432 ], [ -7.169776301657375, 38.878637118547651 ], [ -7.169839886097492, 38.878591066242727 ], [ -7.170295075739654, 38.878428020843891 ], [ -7.170821385789081, 38.878265560670577 ], [ -7.170929814806412, 38.878448187481901 ], [ -7.170978631737627, 38.878545784262336 ], [ -7.171035903687891, 38.878725687089506 ], [ -7.171105057485854, 38.878913075862194 ], [ -7.171139683242669, 38.879002985612104 ], [ -7.171185685798998, 38.878958596470625 ], [ -7.171235366177557, 38.878820737111909 ], [ -7.171312861274289, 38.878559792752498 ], [ -7.171392726552269, 38.878372687496032 ], [ -7.171603494207472, 38.878289561027685 ], [ -7.171798894849679, 38.878235569982422 ], [ -7.171926521094532, 38.878210283967469 ], [ -7.172247550679961, 38.87815732619849 ], [ -7.172257465733503, 38.878098881352578 ], [ -7.172370473915208, 38.8780471379389 ], [ -7.172554012127983, 38.878039868990321 ], [ -7.172882102617827, 38.878058891095797 ], [ -7.173163866599298, 38.878066876276854 ], [ -7.173350158111311, 38.878070207318736 ], [ -7.17373450389208, 38.878093805893585 ], [ -7.17394928542968, 38.878112323680803 ], [ -7.174171414223723, 38.878116037852777 ], [ -7.174405749307611, 38.878103004771155 ], [ -7.174580132641749, 38.878100739601869 ], [ -7.174702493147082, 38.878069228059054 ], [ -7.174872709495946, 38.877938940952191 ], [ -7.17501203545268, 38.877878632057417 ], [ -7.17510732425697, 38.877792856435974 ], [ -7.17521925034688, 38.877780837816623 ], [ -7.175403730291518, 38.877703341091269 ], [ -7.175531747090949, 38.877648791101294 ], [ -7.175659882643568, 38.877585463065763 ], [ -7.175773122025631, 38.877516159578811 ], [ -7.175837306219553, 38.877475717971677 ], [ -7.175902803010024, 38.877431315605456 ], [ -7.176072620763747, 38.877515688906385 ], [ -7.176086573658335, 38.877591886567942 ], [ -7.176104308293853, 38.877665189528472 ], [ -7.176163180189722, 38.877741756207506 ], [ -7.176255972104615, 38.877820992347864 ], [ -7.176327189852151, 38.877855263696816 ], [ -7.176491543573123, 38.877905160691853 ], [ -7.176719836884931, 38.877981788980605 ], [ -7.176883683228567, 38.878052216960967 ], [ -7.176871126381785, 38.87809507982972 ], [ -7.177097759010826, 38.878121051747549 ], [ -7.177415036806576, 38.87819095422045 ], [ -7.177747209216364, 38.878266829979317 ], [ -7.178120559196695, 38.878343041565891 ], [ -7.178531264931952, 38.878425409628143 ], [ -7.178916042154307, 38.878487080928124 ], [ -7.179633895648328, 38.878557322513458 ], [ -7.18017616663325, 38.878599791205758 ], [ -7.180714734848086, 38.878639300588432 ], [ -7.181799320423789, 38.878721299187674 ], [ -7.182266805239142, 38.878757296598252 ], [ -7.182637918729645, 38.878779466437905 ], [ -7.182989272900453, 38.878815365961678 ], [ -7.183193166039477, 38.878825544249082 ], [ -7.183182379724019, 38.878948877859216 ], [ -7.183165540065967, 38.878967385852832 ], [ -7.183102092238807, 38.878984150000861 ], [ -7.182988428052377, 38.879018210115149 ], [ -7.182874763759353, 38.879052270117235 ], [ -7.182753285121139, 38.879080092549927 ], [ -7.182673897716569, 38.879110315712744 ], [ -7.182734858835398, 38.879177816365527 ], [ -7.182783876882368, 38.879218482310534 ], [ -7.182852876741009, 38.879280832880667 ], [ -7.183014398301009, 38.879422844369273 ], [ -7.183072477973204, 38.879475019163962 ], [ -7.183128619220176, 38.879534477077584 ], [ -7.183192095675136, 38.879596783411593 ], [ -7.183261153741411, 38.879654815934494 ], [ -7.183317373285521, 38.879708414902183 ], [ -7.183373513989322, 38.879767509683766 ], [ -7.1834407187723, 38.879826967353608 ], [ -7.183500545643931, 38.879886364084506 ], [ -7.183569497283522, 38.879952951947885 ], [ -7.183632247923195, 38.879966896247261 ], [ -7.183766363876607, 38.880088719242003 ], [ -7.183845097964376, 38.880151554609796 ], [ -7.183937970101499, 38.88020718791509 ], [ -7.184012219707657, 38.880255352851897 ], [ -7.184137658086929, 38.880325884557237 ], [ -7.184249299380848, 38.880378011232168 ], [ -7.184351629455149, 38.880426404130617 ], [ -7.184449134292445, 38.880485733587754 ], [ -7.184555415675534, 38.88058903585479 ], [ -7.184572165546859, 38.880650262856193 ], [ -7.184615687566835, 38.880696641990845 ], [ -7.184646326618149, 38.880741299589815 ], [ -7.1846732353781, 38.880788987689044 ], [ -7.184709132718845, 38.880853863365658 ], [ -7.184734052889961, 38.880912703912024 ], [ -7.184753379830289, 38.880976095641657 ], [ -7.184783770063462, 38.881039486240141 ], [ -7.184808718164581, 38.881095714771206 ], [ -7.184835533710957, 38.881150519936817 ], [ -7.184869647288432, 38.881211504173628 ], [ -7.184894736461327, 38.881257648841249 ], [ -7.184927062908968, 38.881313937261162 ], [ -7.184961346784879, 38.881361599605547 ], [ -7.184988238050822, 38.881410636836414 ], [ -7.185027958512404, 38.881465545838459 ], [ -7.185069581002878, 38.881507499222039 ], [ -7.185111242127382, 38.881555307890949 ], [ -7.18516365876015, 38.881617613432979 ], [ -7.185216040721418, 38.881682621871981 ], [ -7.185255798673476, 38.881734646843398 ], [ -7.185273394029426, 38.881789376159929 ], [ -7.185269328326873, 38.881818079430793 ], [ -7.185294296183375, 38.881872869488909 ], [ -7.185315734849763, 38.881924745738182 ], [ -7.185360725554276, 38.88199113354198 ], [ -7.18539307174552, 38.882046074441689 ], [ -7.185427487973572, 38.882083736503304 ], [ -7.185470863699341, 38.882132906505049 ], [ -7.185536189333809, 38.882195140991001 ], [ -7.185644266465681, 38.882282766366103 ], [ -7.185701287267177, 38.882345915208788 ], [ -7.185869210300539, 38.882461904668972 ], [ -7.185915187200001, 38.882524472897835 ], [ -7.18601630728104, 38.882664318410306 ], [ -7.186079037947854, 38.882808545481815 ], [ -7.186149283835509, 38.882916844219174 ], [ -7.186238678664013, 38.882838073768745 ], [ -7.186478974706469, 38.882719289584664 ], [ -7.18668163454039, 38.882614834618288 ], [ -7.186776016514241, 38.882557062318511 ], [ -7.186870204232003, 38.882513923130496 ], [ -7.186963518486179, 38.882536630972218 ], [ -7.187042355132713, 38.882592147181249 ], [ -7.187111589004936, 38.882665879219239 ], [ -7.187185454098899, 38.882743307649235 ], [ -7.187236307107954, 38.882791280999399 ], [ -7.187319629833677, 38.882861468123473 ], [ -7.187403002365921, 38.882927997576203 ], [ -7.18750046468474, 38.882990982157033 ], [ -7.18757954468317, 38.883028208096654 ], [ -7.187653847030473, 38.883072712229577 ], [ -7.18774672595682, 38.883128342562536 ], [ -7.187862715758967, 38.883206110703327 ], [ -7.187955643485835, 38.883258083250269 ], [ -7.188025266678634, 38.883302549272209 ], [ -7.188146180158883, 38.883362064205201 ], [ -7.188271918833217, 38.883410643111368 ], [ -7.188430662008902, 38.883441196126469 ], [ -7.188526796554195, 38.883452180437786 ], [ -7.188649164389007, 38.883453170267835 ], [ -7.188807742475873, 38.88345799552777 ], [ -7.188925389486061, 38.883473117758413 ], [ -7.189033739001109, 38.883505878284282 ], [ -7.189114661337984, 38.883556130563846 ], [ -7.189195676385248, 38.883599298102915 ], [ -7.189294446349031, 38.883670950834606 ], [ -7.189384620850131, 38.883707105943067 ], [ -7.189484280342973, 38.883711454081855 ], [ -7.189615712976043, 38.883712516155811 ], [ -7.189746770840275, 38.883741916790079 ], [ -7.189900113767231, 38.883799839028889 ], [ -7.190016919738794, 38.883878722274318 ], [ -7.190174233457458, 38.883979187927835 ], [ -7.190295525389867, 38.884061649837626 ], [ -7.190366963532052, 38.884143709123791 ], [ -7.190502600359958, 38.884169603164764 ], [ -7.19064295785854, 38.884181363382567 ], [ -7.190733366534194, 38.884199806658131 ], [ -7.190855174216187, 38.884243302264096 ], [ -7.190959040407117, 38.884272482112138 ], [ -7.191067110254806, 38.884326494800909 ], [ -7.191147894636757, 38.884387372712297 ], [ -7.191234567818777, 38.88434555927806 ], [ -7.191411603150922, 38.884325730871872 ], [ -7.191610832989182, 38.884341508326621 ], [ -7.191841132779385, 38.884407133944741 ], [ -7.19202597069471, 38.884483019965074 ], [ -7.192124043801072, 38.88460780544883 ], [ -7.192163712310121, 38.884693149427683 ], [ -7.192197166493074, 38.884905982024939 ], [ -7.192158618858393, 38.885079263617669 ], [ -7.192065590428053, 38.885259191561104 ], [ -7.192027696565857, 38.885382881236758 ], [ -7.19197601994449, 38.885520629772685 ], [ -7.191861322060017, 38.885635427672106 ], [ -7.191888560682933, 38.885658619500227 ], [ -7.192011966362472, 38.885774459268418 ], [ -7.192101471158969, 38.88588291054478 ], [ -7.192160579930642, 38.885961412218705 ], [ -7.192027787670588, 38.886063080802238 ], [ -7.192030917857749, 38.886169387513107 ], [ -7.192120916943802, 38.886217697650011 ], [ -7.192108138497419, 38.886289814552406 ], [ -7.192260430735283, 38.886295231241384 ], [ -7.192391446601951, 38.886328171297066 ], [ -7.192463823728744, 38.886339382533883 ], [ -7.192542987124765, 38.886351533845158 ], [ -7.192634556356711, 38.886368214096784 ], [ -7.19272644089593, 38.886360982356564 ], [ -7.192838581382269, 38.886364542710631 ], [ -7.192943886631544, 38.886370705183317 ], [ -7.193062825084168, 38.886374319157227 ], [ -7.193171636092383, 38.886372538762558 ], [ -7.193341878066047, 38.886352652769482 ], [ -7.193447674518331, 38.886321619770108 ], [ -7.1936284287028, 38.88627790439439 ], [ -7.193812792118758, 38.886218275998139 ], [ -7.193966281927582, 38.886179655293276 ], [ -7.194156989205765, 38.886154619085481 ], [ -7.194402222910994, 38.88611939188354 ], [ -7.194582187657541, 38.886122626563228 ], [ -7.194735061397546, 38.886092329285013 ], [ -7.194828092429276, 38.886072896105198 ], [ -7.194828885086324, 38.886012551984315 ], [ -7.194891680673613, 38.885987204557829 ], [ -7.195021154577357, 38.885922219501076 ], [ -7.195121354063421, 38.885848347268961 ], [ -7.195144888148809, 38.885802595396754 ], [ -7.195136540755167, 38.885736414740116 ], [ -7.195127866652934, 38.885694728719876 ], [ -7.195139551288215, 38.885647443133998 ], [ -7.195156877160399, 38.885582908133095 ], [ -7.195161283647336, 38.88552835614108 ], [ -7.195158517624424, 38.885457981306722 ], [ -7.195128154210746, 38.885391623793268 ], [ -7.195133949721632, 38.88537158234066 ], [ -7.195171145013976, 38.885338821169015 ], [ -7.195230295926131, 38.885310564525149 ], [ -7.195291669616642, 38.885279527920751 ], [ -7.195378606069911, 38.885232754801237 ], [ -7.195400954971977, 38.885207082262873 ], [ -7.19544314868013, 38.885214628139416 ], [ -7.195512719303833, 38.885235274804927 ], [ -7.19570116484985, 38.885287043429678 ], [ -7.195851214952053, 38.885331392005014 ], [ -7.19599947590478, 38.885371317674291 ], [ -7.196162357283815, 38.885421440959782 ], [ -7.196270189262908, 38.885459688916185 ], [ -7.196336071712125, 38.885480299195542 ], [ -7.196505047355948, 38.88547877316428 ], [ -7.196567677363819, 38.885483598302095 ], [ -7.196626129046277, 38.885508478805619 ], [ -7.196695548977956, 38.88554073985334 ], [ -7.196947660283466, 38.885641841315802 ], [ -7.197053744478077, 38.88568142208517 ], [ -7.197149137022644, 38.885727944842763 ], [ -7.197397731624901, 38.885824697967792 ], [ -7.197496257168991, 38.885870071849503 ], [ -7.197587589236748, 38.885909534828841 ], [ -7.197688128460493, 38.885950601000062 ], [ -7.197746713198263, 38.885965394317942 ], [ -7.197803657460248, 38.885964404734509 ], [ -7.197897363749893, 38.885963714974757 ], [ -7.197974405967776, 38.885968654791732 ], [ -7.198032048289498, 38.885975780294707 ], [ -7.198083241319647, 38.88599195367533 ], [ -7.198183587444462, 38.886047342775782 ], [ -7.19822196944331, 38.886056297456953 ], [ -7.198256619914217, 38.886076662894205 ], [ -7.198313001120336, 38.886118729731436 ], [ -7.198387635168952, 38.886175353134213 ], [ -7.198467647827271, 38.886234898394513 ], [ -7.198542277841604, 38.886282964377692 ], [ -7.198602346978133, 38.886325151570361 ], [ -7.19863130670676, 38.886358352322191 ], [ -7.198662004380058, 38.886398859586485 ], [ -7.198698128315053, 38.886447972058754 ], [ -7.198743182876382, 38.886510122527888 ], [ -7.198773738879848, 38.886562070173291 ], [ -7.198788078810185, 38.886593714472504 ], [ -7.198818689190936, 38.886641428034402 ], [ -7.198743171718203, 38.886652266199839 ], [ -7.198678754945186, 38.886660398973049 ], [ -7.198581248768152, 38.886678263595883 ], [ -7.198476327461924, 38.886690396652433 ], [ -7.198402665128859, 38.886709085219714 ], [ -7.198336162424395, 38.886735845183203 ], [ -7.198295376928612, 38.886761370677178 ], [ -7.198300457457158, 38.886795910732303 ], [ -7.198329259198601, 38.886840641912322 ], [ -7.198367131418227, 38.886896971013378 ], [ -7.198405078062147, 38.886947537589791 ], [ -7.198459297519554, 38.887014084310316 ], [ -7.198526274402353, 38.887083527296753 ], [ -7.198596882097058, 38.887165970349479 ], [ -7.198651196252469, 38.887225315204397 ], [ -7.198701731873695, 38.887291747657251 ], [ -7.19875064884036, 38.887349604443585 ], [ -7.198777703966747, 38.887387112695627 ], [ -7.19878637722885, 38.887420242050226 ], [ -7.198769691381838, 38.887435958428171 ], [ -7.198736235166326, 38.887464427877596 ], [ -7.198698970666475, 38.88750286175194 ], [ -7.198637532698463, 38.88756533458718 ], [ -7.198651772626401, 38.887604269807035 ], [ -7.198673480326208, 38.887627506770571 ], [ -7.198706065954164, 38.887665144870184 ], [ -7.198758651130537, 38.887715829373562 ], [ -7.198791330033824, 38.887746265662742 ], [ -7.198838593742785, 38.887780875697409 ], [ -7.198884121970924, 38.887815647476884 ], [ -7.198914940555918, 38.88784750917327 ], [ -7.198942088019861, 38.887877900263398 ], [ -7.198985453076128, 38.887928509997053 ], [ -7.199019793041161, 38.887973285308746 ], [ -7.199063179123065, 38.888031098614846 ], [ -7.199097455666613, 38.888080196176652 ], [ -7.19912788050283, 38.888142229458879 ], [ -7.199163967914168, 38.888194221237683 ], [ -7.199185546233085, 38.888227452881097 ], [ -7.199221486243606, 38.888290884103625 ], [ -7.19925180885022, 38.888360123570763 ], [ -7.199287859863493, 38.888414998374053 ], [ -7.199341653186823, 38.888514239107671 ], [ -7.199366678826589, 38.888566142358727 ], [ -7.199379073410978, 38.888596416267362 ], [ -7.19940041108655, 38.888656937380716 ], [ -7.199423294530486, 38.888731795746139 ], [ -7.199433512733935, 38.888787633123442 ], [ -7.199473116307362, 38.888852628466701 ], [ -7.199521937396563, 38.888909044730042 ], [ -7.199550691131726, 38.888958093492384 ], [ -7.199595994101445, 38.889010157914612 ], [ -7.199643068069988, 38.889059357626735 ], [ -7.199697590842233, 38.889102849256766 ], [ -7.199761428590091, 38.889139297462336 ], [ -7.199812467631724, 38.889167000473769 ], [ -7.19987641748632, 38.889194802151046 ], [ -7.199956772894474, 38.889228502516701 ], [ -7.200042772024648, 38.889253601466585 ], [ -7.200121468620238, 38.889281519952441 ], [ -7.200189097977536, 38.889301367363508 ], [ -7.20018744385002, 38.889304467197292 ], [ -7.200145737223025, 38.889382633982905 ], [ -7.200124650681563, 38.88944425629473 ], [ -7.200116580877102, 38.889505896140363 ], [ -7.200104766902499, 38.889563267958557 ], [ -7.200091243243627, 38.889610540227508 ], [ -7.200079450113105, 38.889675125548877 ], [ -7.200065602531033, 38.889746801500841 ], [ -7.200057574939365, 38.889805648398543 ], [ -7.200055206602096, 38.889845982021747 ], [ -7.200048924182425, 38.889903403438431 ], [ -7.200046381602521, 38.889956525655201 ], [ -7.200042098546821, 38.890002431432123 ], [ -7.200044505507062, 38.890100184756143 ], [ -7.20004725761056, 38.890171998755825 ], [ -7.200059063497581, 38.890247487270798 ], [ -7.200061815677354, 38.890319296765249 ], [ -7.200075482851528, 38.890402637721358 ], [ -7.200079977938582, 38.890473110891918 ], [ -7.200082930488638, 38.890529166675037 ], [ -7.200085758100943, 38.890595212762754 ], [ -7.200095864859922, 38.890668524050106 ], [ -7.200102299067535, 38.890740548519112 ], [ -7.200108888965021, 38.890792304280062 ], [ -7.200113745582701, 38.890844045289398 ], [ -7.200120481487334, 38.890892923365548 ], [ -7.200125413496297, 38.890938902772191 ], [ -7.200124625169495, 38.890999247833967 ], [ -7.200131083180549, 38.891060999245134 ], [ -7.200134110104886, 38.891111286206218 ], [ -7.200137011987464, 38.891171659852269 ], [ -7.200140006902235, 38.891224922689183 ], [ -7.200148809614501, 38.891256608130888 ], [ -7.200153554321132, 38.891316995599318 ], [ -7.200163677924139, 38.89138022112455 ], [ -7.200172262538616, 38.891429108560828 ], [ -7.200180920219689, 38.891472323552456 ], [ -7.200187596378527, 38.891516877463488 ], [ -7.20019971826453, 38.891568677414163 ], [ -7.200210141287505, 38.891608932176894 ], [ -7.200225986315265, 38.891666529479487 ], [ -7.200240046674743, 38.891710418167911 ], [ -7.200259600871895, 38.891766600270692 ], [ -7.200275500369711, 38.891811227864281 ], [ -7.200293487602661, 38.89184587092484 ], [ -7.200313262447241, 38.891876202783294 ], [ -7.200338590308409, 38.891905141377244 ], [ -7.20036931821482, 38.891944118008908 ], [ -7.200403784820315, 38.891978892697416 ], [ -7.200432646544947, 38.892019293829428 ], [ -7.200465140778912, 38.892064053053275 ], [ -7.200503038604334, 38.892110386731773 ], [ -7.200535571861421, 38.892152256588695 ], [ -7.200580743399944, 38.892205764392443 ], [ -7.200609702897945, 38.892239055610787 ], [ -7.200637473624644, 38.89227476219115 ], [ -7.200686167175824, 38.892341178140299 ], [ -7.200731159794426, 38.892409004840559 ], [ -7.200851839760932, 38.892593903162449 ], [ -7.200893218860985, 38.892664669872602 ], [ -7.200936466901136, 38.892724554918104 ], [ -7.200994120711153, 38.892811131163718 ], [ -7.201057268969397, 38.89290072106764 ], [ -7.201122454414271, 38.892984286658915 ], [ -7.201142342888172, 38.893006062901669 ], [ -7.20117852252798, 38.893050852241082 ], [ -7.201216453307536, 38.8930942098157 ], [ -7.201252657679447, 38.893137554500086 ], [ -7.20128344191308, 38.893172298636202 ], [ -7.201314581451012, 38.893205963779309 ], [ -7.201374416704416, 38.893266705249999 ], [ -7.201442986062612, 38.89336489458173 ], [ -7.201480823065836, 38.893415454749309 ], [ -7.201520698035513, 38.893460362642735 ], [ -7.20156399300043, 38.893516643860671 ], [ -7.20159645451657, 38.893564101199146 ], [ -7.201641612388539, 38.893627695258672 ], [ -7.201688615487192, 38.893682657565151 ], [ -7.201737367487726, 38.893744745352997 ], [ -7.201791669177537, 38.893805532543361 ], [ -7.201819231625506, 38.893839979707444 ], [ -7.201906217699737, 38.893931197803013 ], [ -7.201927762515827, 38.893967221929586 ], [ -7.201958266322933, 38.894023492862907 ], [ -7.201988716053008, 38.894084085232997 ], [ -7.20201206628524, 38.894122822436884 ], [ -7.202072833081086, 38.894254008189343 ], [ -7.20210506829125, 38.894318849267023 ], [ -7.202129965013608, 38.894380842148365 ], [ -7.202162182704454, 38.894447121593245 ], [ -7.202199720891023, 38.894520652280974 ], [ -7.20223016751544, 38.894581425614078 ], [ -7.202249848768115, 38.894627522501139 ], [ -7.202261785654906, 38.894693645628507 ], [ -7.202275709130023, 38.894757076888936 ], [ -7.202285137607213, 38.894803091128566 ], [ -7.202295190692828, 38.894880726336503 ], [ -7.202305169656714, 38.894964129457854 ], [ -7.20231906017371, 38.895021615391691 ], [ -7.202361330264375, 38.895165625454027 ], [ -7.202378456311324, 38.895257641916601 ], [ -7.202398934335013, 38.895375530775461 ], [ -7.202423215609086, 38.89548489807251 ], [ -7.202443696022254, 38.895602702266693 ], [ -7.202475500786436, 38.895700593408819 ], [ -7.202510623305193, 38.895827251725343 ], [ -7.202527710965465, 38.895922146699412 ], [ -7.202548828817287, 38.895999874565753 ], [ -7.202576726904176, 38.896115034649078 ], [ -7.202597438184844, 38.896215091953927 ], [ -7.202621944606941, 38.896307161781827 ], [ -7.202646220738054, 38.896416529878074 ], [ -7.202656349621051, 38.896488401639779 ], [ -7.2026770904599, 38.896586209948381 ], [ -7.202736458373704, 38.896825023885491 ], [ -7.202735186677877, 38.896922656768417 ], [ -7.202737550171367, 38.897015723810661 ], [ -7.20272867541552, 38.897139147182145 ], [ -7.202734631828775, 38.897239721910069 ], [ -7.202715180164047, 38.897325678311937 ], [ -7.202706233414247, 38.89744630872746 ], [ -7.20267707786905, 38.897569662346861 ], [ -7.202664441667983, 38.897690172374723 ], [ -7.202637092457592, 38.897816333647903 ], [ -7.20260963031152, 38.897951140461146 ], [ -7.202577600005611, 38.898082937428846 ], [ -7.202548743796195, 38.898183230183612 ], [ -7.202525907698166, 38.898246282819073 ], [ -7.202483912027132, 38.898363770029384 ], [ -7.20244773776441, 38.898459680747372 ], [ -7.20241350278608, 38.898557051739097 ], [ -7.20237549945889, 38.898651512930932 ], [ -7.202344932554501, 38.898741705213837 ], [ -7.202329409235187, 38.898800492426481 ], [ -7.202298710526156, 38.898900770415878 ], [ -7.202247179307372, 38.899051151320947 ], [ -7.202222086891539, 38.899145800962408 ], [ -7.20218192131041, 38.899264651980097 ], [ -7.202133532145037, 38.89940415501205 ], [ -7.20206931083922, 38.89959109308186 ], [ -7.202019963904913, 38.899715633912905 ], [ -7.202007868389834, 38.899794537276435 ], [ -7.201997939344335, 38.899849040869164 ], [ -7.201976738189394, 38.89992787070814 ], [ -7.201915007420433, 38.900012142190974 ], [ -7.201796921703803, 38.900192162249873 ], [ -7.201676887405478, 38.900380729310278 ], [ -7.201668561898323, 38.900497753363766 ], [ -7.201572321170336, 38.900603339771308 ], [ -7.201412619766699, 38.900830888622309 ], [ -7.201286331316036, 38.901026475448063 ], [ -7.201197957210588, 38.901161129854522 ], [ -7.201096790271963, 38.901327911441044 ], [ -7.200987670727674, 38.901472068879855 ], [ -7.200873877614777, 38.901658086176937 ], [ -7.200747586198138, 38.901853671455605 ], [ -7.200659420779135, 38.901972213309179 ], [ -7.200579841767126, 38.902065041080917 ], [ -7.200377557451981, 38.902240266958337 ], [ -7.200222735799033, 38.902417109383897 ], [ -7.200075522383882, 38.902576722217773 ], [ -7.199961551664196, 38.902665997716134 ], [ -7.199861771889906, 38.902726435056323 ], [ -7.199707872241928, 38.902825113075778 ], [ -7.199595720598825, 38.902885450372011 ], [ -7.199479232373168, 38.902961867561388 ], [ -7.199374989883395, 38.903048051379848 ], [ -7.199233208197086, 38.903166163294522 ], [ -7.199162812712577, 38.90325140702641 ], [ -7.199038692383348, 38.903327970789675 ], [ -7.198918245703376, 38.903414650576678 ], [ -7.198821804570839, 38.903481347017802 ], [ -7.198701396294875, 38.903565057062977 ], [ -7.198584636523703, 38.903643123170831 ], [ -7.198497817842779, 38.903697101902047 ], [ -7.198355069670965, 38.903796488902465 ], [ -7.198251275791347, 38.903870243834611 ], [ -7.198151036130974, 38.903945552130175 ], [ -7.198045580328158, 38.904013707025094 ], [ -7.197947245785246, 38.904084712135521 ], [ -7.197801701437223, 38.904131229097914 ], [ -7.197730829987923, 38.904188673238927 ], [ -7.197577220306764, 38.904264791076308 ], [ -7.197498438379804, 38.904296388203896 ], [ -7.19741561555743, 38.904321507021542 ], [ -7.197345420499105, 38.904327390285125 ], [ -7.197213362382747, 38.904332777607799 ], [ -7.197089467033037, 38.904344675194686 ], [ -7.196936237256868, 38.90439178971404 ], [ -7.196754053780775, 38.904445116786952 ], [ -7.196542916470931, 38.90450465807762 ], [ -7.196298742134761, 38.90456715592768 ], [ -7.19602922964194, 38.904674570074896 ], [ -7.195892409785163, 38.904728260797505 ], [ -7.195784969537081, 38.904743512024616 ], [ -7.195690070515887, 38.904745973014556 ], [ -7.195640834336372, 38.904726240960258 ], [ -7.195579310070746, 38.904699963438333 ], [ -7.195468888891135, 38.904628173906374 ], [ -7.195317599967381, 38.904550248776111 ], [ -7.195275994987131, 38.904505415016303 ], [ -7.195239437655049, 38.904489270598624 ], [ -7.195184793434513, 38.90445442422098 ], [ -7.195135751139253, 38.904413764253661 ], [ -7.195073999215079, 38.904367328234528 ], [ -7.195003037608246, 38.904310823300207 ], [ -7.194959289825971, 38.904288944400975 ], [ -7.194910133908425, 38.904256935266822 ], [ -7.194846273272297, 38.904221924590338 ], [ -7.194777064109428, 38.904181192473786 ], [ -7.194694944727946, 38.904131714613264 ], [ -7.194591107508132, 38.904067737257272 ], [ -7.194499980643153, 38.90401097893421 ], [ -7.194397935713636, 38.903951340385284 ], [ -7.194297563313712, 38.903904594324779 ], [ -7.194195500888533, 38.903846308406528 ], [ -7.194097184132268, 38.903783815330279 ], [ -7.194025343745955, 38.90374144023 ], [ -7.193914195599222, 38.903673085202101 ], [ -7.193823043854795, 38.903617856549808 ], [ -7.193761116836665, 38.90358429935791 ], [ -7.193708376672181, 38.903553610224876 ], [ -7.193642971246103, 38.903504351682543 ], [ -7.19358832976555, 38.903469413603283 ], [ -7.193500926344308, 38.903409891194883 ], [ -7.193448296774273, 38.903361998235539 ], [ -7.193373934045652, 38.9032924939305 ], [ -7.193286855235795, 38.903217124124915 ], [ -7.19322688232435, 38.903166377780927 ], [ -7.193103863291795, 38.903027569512098 ], [ -7.193038362421686, 38.902976874944436 ], [ -7.192965244743394, 38.902953314883128 ], [ -7.192895791951271, 38.902931228215699 ], [ -7.192851928087541, 38.90290934849402 ], [ -7.192771544107447, 38.90287708695719 ], [ -7.192700475284517, 38.902837784359591 ], [ -7.192622101073356, 38.902792653474037 ], [ -7.1925364877139, 38.902746024793863 ], [ -7.192465381092344, 38.902700957757546 ], [ -7.192399978510307, 38.902651607564543 ], [ -7.192316205046434, 38.902596437186901 ], [ -7.192254283026936, 38.902554237303377 ], [ -7.192226509995961, 38.902579865423476 ], [ -7.192179759744793, 38.902636955622768 ], [ -7.192121932994351, 38.902703958615618 ], [ -7.192077182399781, 38.902758185145174 ], [ -7.191989582403196, 38.902853592392972 ], [ -7.191904014320656, 38.902943339336467 ], [ -7.191794185424191, 38.903045861616214 ], [ -7.191682801972822, 38.903135400248424 ], [ -7.191558619059247, 38.903224840953065 ], [ -7.191436493013811, 38.903298527532691 ], [ -7.191287456988672, 38.903393439594019 ], [ -7.191147815816647, 38.903474913096836 ], [ -7.191105126106003, 38.903512581807888 ], [ -7.191047590474911, 38.90355733862549 ], [ -7.190984613619366, 38.903603490926542 ], [ -7.190917817323974, 38.903651051790355 ], [ -7.190851212379318, 38.90369285107046 ], [ -7.19077442462084, 38.903737452368986 ], [ -7.190594514315432, 38.903838960133172 ], [ -7.190501585466587, 38.903918559840697 ], [ -7.19042647452202, 38.904019648750129 ], [ -7.190314725759285, 38.904136473547162 ], [ -7.190051190419575, 38.904355310613099 ], [ -7.190032136464414, 38.904401092060816 ], [ -7.189979638831879, 38.904483361718228 ], [ -7.189869890700317, 38.904769998042234 ], [ -7.189781405119815, 38.904911088572554 ], [ -7.189546226601209, 38.905228251259715 ], [ -7.189402675161998, 38.905478473444411 ], [ -7.1892427544722, 38.905718894300094 ], [ -7.189074796211183, 38.905943136167373 ], [ -7.1888612148949, 38.906186346384139 ], [ -7.188491675906591, 38.906613001397119 ], [ -7.188253302611627, 38.906616513041769 ], [ -7.187997895764389, 38.906591886071716 ], [ -7.187750916111924, 38.90653954813601 ], [ -7.18767021742152, 38.906418421124599 ], [ -7.187527962117737, 38.906259348955309 ], [ -7.187397395276492, 38.90615193730833 ], [ -7.187307644885789, 38.906077084609535 ], [ -7.187213642018106, 38.906011866184237 ], [ -7.187095322016666, 38.905914222220055 ], [ -7.186940524828135, 38.905767939431634 ], [ -7.186740832326569, 38.905585840263093 ], [ -7.186647386905945, 38.905478728680528 ], [ -7.186594671523996, 38.905410621530926 ], [ -7.186529924474255, 38.905316634247477 ], [ -7.186485114432726, 38.905274373701921 ], [ -7.186456758921155, 38.905235469494961 ], [ -7.186424406374365, 38.905186864072412 ], [ -7.186237534120393, 38.904883502694659 ], [ -7.186208822864041, 38.904831567795178 ], [ -7.186172704257981, 38.904782456152709 ], [ -7.186138308317815, 38.904741910322734 ], [ -7.186116940633853, 38.904692919210724 ], [ -7.186093592316523, 38.904654264506149 ], [ -7.1860593675345, 38.904600844523834 ], [ -7.186019711477388, 38.904540172559891 ], [ -7.185980073518501, 38.904478056804649 ], [ -7.18592949966952, 38.904414417396453 ], [ -7.185887573556485, 38.904359848560325 ], [ -7.185840441476022, 38.904306233713783 ], [ -7.185797019822743, 38.904259942439417 ], [ -7.185757186037897, 38.904212239941216 ], [ -7.185715573561395, 38.904160199329247 ], [ -7.185666695910661, 38.904108009667461 ], [ -7.185619705733655, 38.90405250337782 ], [ -7.185567175333351, 38.903988843428351 ], [ -7.185512936267097, 38.903923820242291 ], [ -7.185471298072629, 38.903873219654891 ], [ -7.185422574035219, 38.90380959053541 ], [ -7.185368451450403, 38.903735739840513 ], [ -7.185330561776348, 38.903680845965319 ], [ -7.185269188242295, 38.903597120735796 ], [ -7.185173637793834, 38.903456996789032 ], [ -7.18511257777685, 38.903332736043168 ], [ -7.184997261232954, 38.90316228036054 ], [ -7.184934391680228, 38.903052596297549 ], [ -7.184894920964854, 38.902977606004754 ], [ -7.184859049811618, 38.902910029396857 ], [ -7.184810590439894, 38.902817756071428 ], [ -7.184763939691346, 38.902736848843745 ], [ -7.184711792291874, 38.902653108180502 ], [ -7.184670391504952, 38.902584761478273 ], [ -7.184621992611958, 38.90249672755823 ], [ -7.184575242664979, 38.902414470102272 ], [ -7.184532014511618, 38.902345121265647 ], [ -7.184488863387458, 38.902278652781 ], [ -7.184454584394033, 38.902229913147337 ], [ -7.184425971401543, 38.902170769780618 ], [ -7.184401264727059, 38.902095808305148 ], [ -7.184370884247386, 38.902030978450298 ], [ -7.18434375569912, 38.901990491139365 ], [ -7.184318737701853, 38.901938584873285 ], [ -7.184297245063451, 38.901899049520829 ], [ -7.184264985748481, 38.901836992232845 ], [ -7.184238297366485, 38.901772193248483 ], [ -7.184258708110176, 38.901713385206378 ], [ -7.184234718868583, 38.901670979533456 ], [ -7.184153837005964, 38.901630537200752 ], [ -7.184118181623104, 38.901598723345408 ], [ -7.184108993374869, 38.901524141056122 ], [ -7.184065822085915, 38.901447044130173 ], [ -7.183998050042155, 38.901373584456742 ], [ -7.183944854249666, 38.901311755913312 ], [ -7.183882145899552, 38.901226825573133 ], [ -7.183853552262713, 38.901161358853088 ], [ -7.183800766663179, 38.901068834634899 ], [ -7.183762558380303, 38.900987940692517 ], [ -7.183729156987033, 38.900914760335787 ], [ -7.183705525996398, 38.900845497576917 ], [ -7.183648341697112, 38.900714564061417 ], [ -7.183597348307353, 38.90085612960867 ], [ -7.183551828203773, 38.900955528935391 ], [ -7.183515923857809, 38.901070355473209 ], [ -7.183485183962388, 38.901166037727847 ], [ -7.183434446640713, 38.901288418097003 ], [ -7.183398899736673, 38.90137638671321 ], [ -7.183353173373473, 38.901491134193897 ], [ -7.18328801171801, 38.901590373620003 ], [ -7.18321804077391, 38.901681899369073 ], [ -7.183131042049783, 38.901748702871615 ], [ -7.183082631761939, 38.901791455551951 ], [ -7.183041995421142, 38.901813463824602 ], [ -7.182945292208878, 38.901898879967746 ], [ -7.182859850686857, 38.901961420010011 ], [ -7.182718927704433, 38.902060801791208 ], [ -7.182463523973417, 38.90223120070651 ], [ -7.182353073758541, 38.902312048331702 ], [ -7.182095917477941, 38.902339680900191 ], [ -7.18192895396376, 38.902379193802702 ], [ -7.181643516230937, 38.902388015800454 ], [ -7.181410729059514, 38.902371254940924 ], [ -7.181306271145851, 38.902359256442914 ], [ -7.181220734925401, 38.902354842526663 ], [ -7.181111968992387, 38.902309366973043 ], [ -7.181045997226112, 38.902264239399685 ], [ -7.180994737204013, 38.902185790008446 ], [ -7.180952638005146, 38.902133425762415 ], [ -7.180910837791721, 38.902058769133482 ], [ -7.18086443079493, 38.901972927061507 ], [ -7.180663538677487, 38.902060467584995 ], [ -7.180480056971838, 38.902171933589479 ], [ -7.180283803648025, 38.902270861826793 ], [ -7.180084018290041, 38.902375609557367 ], [ -7.179762434287649, 38.902591901146948 ], [ -7.179642966971176, 38.902635515152156 ], [ -7.179338907266885, 38.902734974601408 ], [ -7.1794201362157, 38.902585389880464 ], [ -7.179441989201581, 38.902373769115933 ], [ -7.17946264800232, 38.902251316898074 ], [ -7.17947379748143, 38.902128787000315 ], [ -7.179451515493372, 38.902017131875816 ], [ -7.179447854384396, 38.901935354054338 ], [ -7.179426466036745, 38.901756821806487 ], [ -7.179371545988452, 38.901596594788408 ], [ -7.179209983682648, 38.90158784356926 ], [ -7.178951293427993, 38.901695395870256 ], [ -7.178871912819464, 38.90172636840795 ], [ -7.178774034569234, 38.901761507951761 ], [ -7.178724165594861, 38.90177542695244 ], [ -7.178666805901973, 38.901806572152957 ], [ -7.178594710578311, 38.901836159232936 ], [ -7.178518924469884, 38.901865716090896 ], [ -7.178432167869698, 38.901896622613542 ], [ -7.178347202584346, 38.901923225458965 ], [ -7.178155175390573, 38.901990655239814 ], [ -7.177914425387776, 38.902101175856565 ], [ -7.177627793292141, 38.902199156569282 ], [ -7.177565731840835, 38.902217227792981 ], [ -7.177478956921755, 38.902189245128305 ], [ -7.177457417955168, 38.902138309892095 ], [ -7.177387540880546, 38.902029980441164 ], [ -7.177304757665255, 38.901880302022548 ], [ -7.17725757624152, 38.901839738988549 ], [ -7.177221312001943, 38.901802059488858 ], [ -7.177144925425709, 38.901682426054698 ], [ -7.177041915523968, 38.901562677241635 ], [ -7.176962678823712, 38.901443123934129 ], [ -7.176925737455576, 38.901361073480309 ], [ -7.176883792408564, 38.901297562086114 ], [ -7.176790541815654, 38.901159313826085 ], [ -7.17669716562807, 38.901241735367044 ], [ -7.176607120002152, 38.901362180132622 ], [ -7.176525392646947, 38.901428394043826 ], [ -7.176452974849703, 38.901509547681009 ], [ -7.176404529243865, 38.901576035111987 ], [ -7.176331961551658, 38.901668335293465 ], [ -7.176244929258186, 38.901775379479204 ], [ -7.176177265384986, 38.901856571899849 ], [ -7.176109351961681, 38.901956341383915 ], [ -7.176070765264346, 38.901996899032291 ], [ -7.175993342439883, 38.90203828496783 ], [ -7.175923266833248, 38.902003121146443 ], [ -7.175776817342272, 38.901931320328174 ], [ -7.17543221420167, 38.901742705337 ], [ -7.175333612280122, 38.90164900163721 ], [ -7.175239365802117, 38.901585060588324 ], [ -7.175126750274122, 38.901472662588851 ], [ -7.174986147754897, 38.901387434234053 ], [ -7.174908391713663, 38.901306447982215 ], [ -7.174842562975078, 38.901229346386074 ], [ -7.174817481880868, 38.901131988660339 ], [ -7.174733544823024, 38.901008678718185 ], [ -7.174662930950108, 38.900871172160663 ], [ -7.174720992068957, 38.900813819759549 ], [ -7.174771900991074, 38.900765594609119 ], [ -7.174827414408577, 38.900717501809304 ], [ -7.174861944648987, 38.900686975502701 ], [ -7.174896926030551, 38.900657359056552 ], [ -7.174935014506278, 38.900619386492977 ], [ -7.174980829201131, 38.900589858929209 ], [ -7.175134662936178, 38.900516352479677 ], [ -7.175197366932115, 38.900473902334817 ], [ -7.175262565264521, 38.900425883380329 ], [ -7.175377978920343, 38.900329638681725 ], [ -7.175411803082585, 38.900308478863941 ], [ -7.175444324969303, 38.900281630839871 ], [ -7.175470940837354, 38.900256625967394 ], [ -7.175495332215066, 38.90022602080969 ], [ -7.175529216521312, 38.900191709397781 ], [ -7.175549867608458, 38.900164853155836 ], [ -7.175575419054636, 38.900133267555645 ], [ -7.175604495029983, 38.900105494963981 ], [ -7.175631121731582, 38.900079588477944 ], [ -7.175645809218918, 38.900050707034843 ], [ -7.175679440223674, 38.89997602036302 ], [ -7.1756753344169, 38.8999276814288 ], [ -7.175589451067839, 38.899949271910174 ], [ -7.17545086803339, 38.900000156178315 ], [ -7.17528355710123, 38.900065668106009 ], [ -7.175219519986022, 38.900111708618091 ], [ -7.175151868857543, 38.900127905059556 ], [ -7.175077338739172, 38.90014972342982 ], [ -7.174990904165299, 38.900182704507671 ], [ -7.174913909079388, 38.900225044462495 ], [ -7.174827183602131, 38.900270993128103 ], [ -7.174711717445577, 38.900327965350748 ], [ -7.174637244218724, 38.900362845879975 ], [ -7.174562630288214, 38.900399612306018 ], [ -7.174476196401933, 38.900432502027421 ], [ -7.174392141559117, 38.900459829187291 ], [ -7.174317894537156, 38.900477954460769 ], [ -7.174260444992737, 38.900481177589569 ], [ -7.174217377658291, 38.900486405913583 ], [ -7.17419185287863, 38.900430170571525 ], [ -7.17414487033408, 38.900366284439976 ], [ -7.174097903759648, 38.900309872057079 ], [ -7.174043502166901, 38.900240605032359 ], [ -7.173984509729659, 38.900178421706045 ], [ -7.173923161344171, 38.900119998598917 ], [ -7.173878491897057, 38.900072882865871 ], [ -7.173816897392031, 38.900033191765196 ], [ -7.173745959523482, 38.89997658317764 ], [ -7.173634707446044, 38.899891542121914 ], [ -7.173516476819262, 38.89980283514344 ], [ -7.173463935041312, 38.899758180289489 ], [ -7.173395469050961, 38.899697897774139 ], [ -7.173353029063398, 38.899656471374584 ], [ -7.173279646075764, 38.899601644831712 ], [ -7.173225194914949, 38.899562013045539 ], [ -7.173161442943377, 38.899511049718541 ], [ -7.173102350082981, 38.899456339657291 ], [ -7.173014926494909, 38.899382748983797 ], [ -7.172925045140686, 38.899320396678768 ], [ -7.172867616916416, 38.899279481874999 ], [ -7.172787184641725, 38.899217213483688 ], [ -7.172713919037919, 38.899162381245247 ], [ -7.172647608902409, 38.899113289999768 ], [ -7.172569397222014, 38.89906598700103 ], [ -7.172505465375211, 38.898994391641551 ], [ -7.172416726249199, 38.899202345948282 ], [ -7.172357918500309, 38.899331915213359 ], [ -7.17229480677246, 38.899428005468586 ], [ -7.172149014102059, 38.899660900558573 ], [ -7.172023139915034, 38.899827074114739 ], [ -7.171844011797828, 38.900063410032544 ], [ -7.171631200194056, 38.900329193472217 ], [ -7.171514632139639, 38.90051030658838 ], [ -7.17134551826385, 38.900695945437043 ], [ -7.171291949609955, 38.90077017473368 ], [ -7.171243073296726, 38.900855707610958 ], [ -7.171170734026885, 38.900975662590923 ], [ -7.171097647572811, 38.901091770510519 ], [ -7.171068066166102, 38.90115692128466 ], [ -7.171024532168104, 38.901238278007199 ], [ -7.170981138312435, 38.901282510002233 ], [ -7.17087118597164, 38.90132699061175 ], [ -7.170797500373298, 38.901500227914624 ], [ -7.170753553346232, 38.901585328300271 ], [ -7.170705153730732, 38.901648098071284 ], [ -7.170574793960951, 38.901722592046504 ], [ -7.170523897027938, 38.90177820530397 ], [ -7.170458948236154, 38.901921036181044 ], [ -7.170296684928173, 38.902146183354787 ], [ -7.17026939821644, 38.902224167091397 ], [ -7.169993662250175, 38.902203499176416 ], [ -7.169966135483727, 38.902286681866222 ], [ -7.169984648828041, 38.902533943659684 ], [ -7.170021733337517, 38.90260484959736 ], [ -7.170049308626458, 38.902675677082065 ], [ -7.170119225259913, 38.902780295546059 ], [ -7.170198552197791, 38.902892422876612 ], [ -7.170253752423894, 38.903030362512787 ], [ -7.17028538020107, 38.903153244230303 ], [ -7.17029773842626, 38.90329454526389 ], [ -7.170371858726576, 38.903440072162184 ], [ -7.170385270930293, 38.903503350571761 ], [ -7.170364795723785, 38.903610940010545 ], [ -7.170357983588546, 38.903763230784577 ], [ -7.170341861540161, 38.903900581290287 ], [ -7.170364381800229, 38.903993661786608 ], [ -7.170391536000237, 38.904054418778692 ], [ -7.170479241070232, 38.904107381718589 ], [ -7.170576546816834, 38.904129178981442 ], [ -7.170690162485592, 38.904167273906694 ], [ -7.171357848948037, 38.904377143911681 ], [ -7.171365904706641, 38.904484967645381 ], [ -7.171307091665326, 38.904614535294456 ], [ -7.171266293681835, 38.904818566972786 ], [ -7.171235057503806, 38.905018961761563 ], [ -7.171195111437447, 38.905159832622921 ], [ -7.17113659836718, 38.90526710785867 ], [ -7.170955958414371, 38.905261903636458 ], [ -7.170771416441045, 38.905193498276816 ], [ -7.170662403404876, 38.905166589213721 ], [ -7.170548483960279, 38.90515078743713 ], [ -7.170320445658541, 38.905134043591772 ], [ -7.170172600525309, 38.905133073763572 ], [ -7.17004798623974, 38.905158169795037 ], [ -7.169928215350411, 38.905183397529548 ], [ -7.169825068656416, 38.905206778828934 ], [ -7.169707654142088, 38.905228239872883 ], [ -7.169573598860977, 38.905243976929725 ], [ -7.169463526176725, 38.905259917194741 ], [ -7.169389054309383, 38.905285427291957 ], [ -7.169378394428417, 38.905366498016953 ], [ -7.169381971777922, 38.905459932135429 ], [ -7.169397121993149, 38.905575895278119 ], [ -7.169417532653838, 38.905652630389 ], [ -7.169418788472391, 38.905755685300839 ], [ -7.169412856482716, 38.905845351393218 ], [ -7.169405646634476, 38.905966261596959 ], [ -7.169361746467694, 38.90604764701726 ], [ -7.169305096538162, 38.906107845716427 ], [ -7.169282795391466, 38.90617116807082 ], [ -7.169329749593497, 38.906303771434395 ], [ -7.169333097780952, 38.906407840752799 ], [ -7.169345856456171, 38.906519419046141 ], [ -7.169371674180467, 38.90672028423068 ], [ -7.169369966082471, 38.906846606573616 ], [ -7.169368659880504, 38.906943206169352 ], [ -7.169347227497761, 38.907121386513218 ], [ -7.169325995957196, 38.907284705925576 ], [ -7.169324840406956, 38.907370158921701 ], [ -7.169337197270529, 38.90751146084181 ], [ -7.169340294291461, 38.907634106289599 ], [ -7.169365861133545, 38.907853548492554 ], [ -7.16937781507182, 38.908024573128401 ], [ -7.169403733817713, 38.908218007803399 ], [ -7.169386771600185, 38.908383931412423 ], [ -7.169397660674612, 38.908456890264482 ], [ -7.169405660670625, 38.908573332081531 ], [ -7.169409112565297, 38.908676051972826 ], [ -7.169407649774868, 38.908784399789035 ], [ -7.169408466896725, 38.908894657123376 ], [ -7.169416410706127, 38.90901542843136 ], [ -7.169422242504153, 38.909112666105202 ], [ -7.169415874485287, 38.909234038976919 ], [ -7.169410469544228, 38.909284615389922 ], [ -7.169324210523158, 38.909295072754915 ], [ -7.169328037679307, 38.909369865803491 ], [ -7.169336525953886, 38.909450283857339 ], [ -7.169342358823145, 38.909547435964214 ], [ -7.169343948780178, 38.909609062116331 ], [ -7.169350165098456, 38.909678287456906 ], [ -7.169347289923888, 38.909711867550385 ], [ -7.169384600560442, 38.909783150203175 ], [ -7.169468617003959, 38.909930399520022 ], [ -7.16953401667589, 38.910039297402619 ], [ -7.169595698514232, 38.910073494095307 ], [ -7.169752636606117, 38.910130904016384 ], [ -7.169881064240982, 38.910182406396601 ], [ -7.17006401417373, 38.91026047601315 ], [ -7.170026737869355, 38.910365649535748 ], [ -7.169987033014228, 38.910471793846838 ], [ -7.169947194547553, 38.910587303162458 ], [ -7.169915000545681, 38.910674769959378 ], [ -7.169897604776957, 38.910725070902487 ], [ -7.169966015762395, 38.910790399205666 ], [ -7.170077160308845, 38.910875352696621 ], [ -7.170124472086054, 38.91091501709225 ], [ -7.170277439348873, 38.910976537059859 ], [ -7.170431984714128, 38.911032033835291 ], [ -7.170631755960303, 38.911102766751384 ], [ -7.17082911299968, 38.91118095845286 ], [ -7.17076549061514, 38.911290687266309 ], [ -7.170687172024746, 38.911422002347599 ], [ -7.170574359393217, 38.911460259007427 ], [ -7.170540296105973, 38.911506727691091 ], [ -7.17052792997477, 38.911534636719253 ], [ -7.170352911055137, 38.91157805412999 ], [ -7.170204183298988, 38.911612319310343 ], [ -7.170034849686987, 38.911584711227391 ], [ -7.169846595051151, 38.911549563234523 ], [ -7.169590171016368, 38.911422335829457 ], [ -7.169345718226253, 38.911297008215307 ], [ -7.169019942155266, 38.911131824487853 ], [ -7.168896534076631, 38.91106730607914 ], [ -7.168811118298998, 38.911023631528892 ], [ -7.168725804846551, 38.910972488644525 ], [ -7.168612235339224, 38.910887418359408 ], [ -7.168493867492933, 38.910807986718915 ], [ -7.168365179066064, 38.910716127432238 ], [ -7.168265632339426, 38.910651805542408 ], [ -7.16815138052664, 38.910796513514526 ], [ -7.16801047244402, 38.910969108377785 ], [ -7.16793002947833, 38.911086084623093 ], [ -7.167832572934671, 38.911225434674272 ], [ -7.167739826743929, 38.911365639680476 ], [ -7.16755337646399, 38.911324829918506 ], [ -7.167396106890264, 38.911291820444092 ], [ -7.167288905367236, 38.911264725939908 ], [ -7.167100055549218, 38.911265058611548 ], [ -7.166941997762549, 38.911289870904099 ], [ -7.16671942699944, 38.911319832767049 ], [ -7.166631860919503, 38.911554475075853 ], [ -7.166584772355373, 38.911677398594215 ], [ -7.166550681926843, 38.911725669199718 ], [ -7.166100238865887, 38.911742480764509 ], [ -7.165897209691294, 38.911742694030849 ], [ -7.165833115458954, 38.911708475406371 ], [ -7.165694850365132, 38.911684903451558 ], [ -7.1655994851205, 38.911669159596734 ], [ -7.16551609853269, 38.911646041329405 ], [ -7.165411445255709, 38.911609684776913 ], [ -7.16530260241034, 38.911534022897676 ], [ -7.165222315091971, 38.91146048476535 ], [ -7.165107104596814, 38.911575574625438 ], [ -7.164918142757543, 38.911762716266388 ], [ -7.164708709214675, 38.911923263937283 ], [ -7.164690081387598, 38.912018627958282 ], [ -7.1646151722113, 38.91207583631455 ], [ -7.164528336309743, 38.912159056940062 ], [ -7.164360128906904, 38.912244666674169 ], [ -7.164189008875429, 38.912317128796424 ], [ -7.164092232029723, 38.912396675247237 ], [ -7.164017651478082, 38.912429654559467 ], [ -7.163967204401533, 38.912451664733375 ], [ -7.163926175265931, 38.91247564647378 ], [ -7.163824666317367, 38.912564429452217 ], [ -7.163757031725662, 38.912612420706047 ], [ -7.163691472642737, 38.912694117627034 ], [ -7.16362842138158, 38.912760789920384 ], [ -7.16355603430327, 38.91281054401049 ], [ -7.163469352342273, 38.912860264895471 ], [ -7.163425896744362, 38.912893502341682 ], [ -7.163356132537921, 38.912928414630876 ], [ -7.163276694811763, 38.912970720130282 ], [ -7.163144486870642, 38.913045310886446 ], [ -7.162961142497537, 38.913156813993311 ], [ -7.162995019054602, 38.913302745891009 ], [ -7.163062625633749, 38.913426620084017 ], [ -7.162969360739552, 38.913425845965939 ], [ -7.162818841390932, 38.913430184235779 ], [ -7.162739917497245, 38.913435116550673 ], [ -7.162617396111457, 38.913464095206507 ], [ -7.162478528501864, 38.913625088482483 ], [ -7.162301955457029, 38.913821870535841 ], [ -7.162147125141348, 38.91395695898126 ], [ -7.161992085898805, 38.914106995407458 ], [ -7.161841889036891, 38.91425698633735 ], [ -7.161778808781726, 38.914325639933679 ], [ -7.161705782699209, 38.914422137925555 ], [ -7.16163538239237, 38.914503702387321 ], [ -7.161557967555902, 38.914566560875386 ], [ -7.161494939497313, 38.914631430650282 ], [ -7.161315822282496, 38.914623893818202 ], [ -7.161098876983214, 38.914570674926892 ], [ -7.160922209355609, 38.914533610229633 ], [ -7.160740371915461, 38.914504411785011 ], [ -7.160639279675014, 38.914465514356515 ], [ -7.160437435418208, 38.914446521037547 ], [ -7.160291353363567, 38.914393891061344 ], [ -7.160109678546283, 38.914352829070474 ], [ -7.160020065326457, 38.914310836287335 ], [ -7.159878141011284, 38.9142087706675 ], [ -7.15979995321591, 38.914159568697009 ], [ -7.159693134370846, 38.914104363071793 ], [ -7.159562695321777, 38.914039777114134 ], [ -7.159411241129438, 38.913926462018068 ], [ -7.159250442346861, 38.913805500579095 ], [ -7.159155525314448, 38.913748683204091 ], [ -7.159061073853757, 38.913665746670659 ], [ -7.158976146239538, 38.913586583553013 ], [ -7.158914774450044, 38.913529864842467 ], [ -7.158832549965677, 38.913430188630755 ], [ -7.158735730162398, 38.913343446169641 ], [ -7.158660016610916, 38.913290574570844 ], [ -7.158572080302962, 38.913254350537969 ], [ -7.158460240993956, 38.91321225118358 ], [ -7.158348774275902, 38.913151605464016 ], [ -7.158199390941334, 38.913064425451331 ], [ -7.158142607928833, 38.913026568757559 ], [ -7.158014784779815, 38.912939573072734 ], [ -7.15780358026836, 38.912820172083016 ], [ -7.157692219492056, 38.912751956627929 ], [ -7.157599507294562, 38.912719386880852 ], [ -7.157493463756526, 38.912776421437243 ], [ -7.157380161987338, 38.912850236757627 ], [ -7.157305372024038, 38.912898164443938 ], [ -7.157209366954735, 38.912929159680829 ], [ -7.156938443511702, 38.912995804565824 ], [ -7.156873501537723, 38.913023278774126 ], [ -7.15676078505851, 38.913054133889894 ], [ -7.156568756202724, 38.913117923846883 ], [ -7.156303683528374, 38.913193921952079 ], [ -7.156201858048614, 38.913236573039548 ], [ -7.156099707136766, 38.913302950054444 ], [ -7.155970779859011, 38.913501429112372 ], [ -7.155806175457413, 38.913658856231251 ], [ -7.155764612509197, 38.913722011000495 ], [ -7.155623633622387, 38.913728306951818 ], [ -7.155422982602317, 38.913722848893777 ], [ -7.155256065222372, 38.913695330594059 ], [ -7.155024966253332, 38.913648539417522 ], [ -7.154755679589242, 38.913586475126316 ], [ -7.154391034067965, 38.913508662664931 ], [ -7.154098413719836, 38.913416498683787 ], [ -7.15385379683521, 38.913304283980352 ], [ -7.153739965097805, 38.91323982994296 ], [ -7.153529290451204, 38.913099707302329 ], [ -7.153226202825599, 38.912887920568679 ], [ -7.15294731779814, 38.912668951822219 ], [ -7.152782591093077, 38.912521249082509 ], [ -7.152772494928879, 38.912512196326276 ], [ -7.15263561382084, 38.912320796210132 ], [ -7.152445948629948, 38.912125417952893 ], [ -7.152305917842543, 38.912001641721389 ], [ -7.152138080072821, 38.911905437247 ], [ -7.151981898138108, 38.911793785162516 ], [ -7.151834612635525, 38.911730940607306 ], [ -7.151691741638958, 38.911690466440618 ], [ -7.151543660138, 38.911685528338793 ], [ -7.151385628202889, 38.911708432657264 ], [ -7.151256146477546, 38.911742835494891 ], [ -7.151108321789807, 38.91171925595593 ], [ -7.150955653306853, 38.911695545402836 ], [ -7.150757713659556, 38.911669561213941 ], [ -7.15042591734765, 38.911634887224892 ], [ -7.150144372012783, 38.911610091605098 ], [ -7.149931661563398, 38.911610195582462 ], [ -7.149692741476394, 38.911604401794051 ], [ -7.149468462386723, 38.911581978533818 ], [ -7.149258162002197, 38.911574622575344 ], [ -7.149076583857095, 38.911565619451615 ], [ -7.148923827506062, 38.91155685993165 ], [ -7.148816251785371, 38.911557846365042 ], [ -7.148720683012131, 38.911557042347958 ], [ -7.148577691730248, 38.911525930372825 ], [ -7.148477390475451, 38.911517520757293 ], [ -7.148318396780099, 38.911434031182132 ], [ -7.148221019996312, 38.911397721537639 ], [ -7.148112561125989, 38.911462200791469 ], [ -7.148071379889307, 38.911497345088328 ], [ -7.14799871023422, 38.911575193543769 ], [ -7.147911775677088, 38.911634176742481 ], [ -7.147839506090674, 38.911674645108512 ], [ -7.147798588543591, 38.911698621200927 ], [ -7.147608206339608, 38.911642787509869 ], [ -7.147526448080359, 38.911677588162156 ], [ -7.147317156434253, 38.91178049300855 ], [ -7.147179606614784, 38.911872742982837 ], [ -7.147037153910902, 38.911978013306076 ], [ -7.146969644485259, 38.912024103347107 ], [ -7.146857107435645, 38.912041887579072 ], [ -7.146660874728036, 38.912058876237104 ], [ -7.146440961187946, 38.912062607899806 ], [ -7.146141950957445, 38.912075038371249 ], [ -7.145653790911687, 38.912056299038746 ], [ -7.145521199653215, 38.912026827805342 ], [ -7.145438007602696, 38.911998023878866 ], [ -7.145394078541494, 38.912064938110156 ], [ -7.145335273883229, 38.912165325718746 ], [ -7.145312416842089, 38.912267818991218 ], [ -7.145274880901278, 38.912388926564134 ], [ -7.145252052768879, 38.912480340713685 ], [ -7.145224453992897, 38.912575313924776 ], [ -7.145127597068624, 38.91266790579548 ], [ -7.145084004469069, 38.912710502221167 ], [ -7.144965144447935, 38.912668335055194 ], [ -7.144729729136905, 38.912584195522363 ], [ -7.144519078774674, 38.912481724887854 ], [ -7.144332082175112, 38.912460366808844 ], [ -7.144031239744747, 38.912462450929915 ], [ -7.143840146746609, 38.912449665021164 ], [ -7.143756701755611, 38.912439591765882 ], [ -7.143665989489364, 38.912429547833575 ], [ -7.143577880723082, 38.912406373899778 ], [ -7.143502654413982, 38.912493559446467 ], [ -7.143429475686072, 38.912599410738309 ], [ -7.143377333844492, 38.912742728201366 ], [ -7.143333792263768, 38.912947912497167 ], [ -7.143348787334871, 38.913063786399597 ], [ -7.143424853274185, 38.913271325963237 ], [ -7.143443176575456, 38.913409899292837 ], [ -7.143435478339216, 38.913599665597133 ], [ -7.14333167807079, 38.913790284436018 ], [ -7.143333928044735, 38.913986376431502 ], [ -7.14325019840853, 38.91418340671509 ], [ -7.143155432489077, 38.914261330445328 ], [ -7.143068889991947, 38.91429986875518 ], [ -7.142915999727857, 38.914291919007404 ], [ -7.142682651935417, 38.914226050392983 ], [ -7.142465063915559, 38.91422024980983 ], [ -7.14220673700685, 38.914264555486355 ], [ -7.142077518414625, 38.914270934886893 ], [ -7.141986844151813, 38.914266380997297 ], [ -7.141879776210387, 38.914229988300761 ], [ -7.141772819438277, 38.914186110235612 ], [ -7.141686891085251, 38.914179800300239 ], [ -7.141513669500973, 38.914200307598982 ], [ -7.141422178186717, 38.914227214373845 ], [ -7.141263014701993, 38.914388009747626 ], [ -7.141135046271964, 38.91448974684404 ], [ -7.141058683218373, 38.914520737116156 ], [ -7.141017640878196, 38.91455993618343 ], [ -7.140931485138716, 38.914567113535298 ], [ -7.140774358610279, 38.91458159712861 ], [ -7.14061247527166, 38.914609711798555 ], [ -7.140399619973525, 38.914619164130244 ], [ -7.140015462541419, 38.914551414953699 ], [ -7.139803265510372, 38.914521925653865 ], [ -7.139650813834924, 38.914564131457666 ], [ -7.139453360743206, 38.914566406175389 ], [ -7.139326216732225, 38.914608826064274 ], [ -7.139250238888122, 38.914612134482361 ], [ -7.139109346050748, 38.914602619985821 ], [ -7.138989026107821, 38.914467537179668 ], [ -7.138812370953197, 38.914430439172598 ], [ -7.138570688020921, 38.914337419931613 ], [ -7.138297754869672, 38.914307410450178 ], [ -7.138060085852305, 38.914289565723948 ], [ -7.137615448358012, 38.914230407916435 ], [ -7.13740308758754, 38.914212777668432 ], [ -7.137168413141106, 38.914173748287077 ], [ -7.136967422461373, 38.914160533391261 ], [ -7.136752142653426, 38.914116528034434 ], [ -7.136576433467275, 38.914049860086678 ], [ -7.136404826748071, 38.914040728686821 ], [ -7.136217804987035, 38.914081299017404 ], [ -7.136100625338759, 38.914154918118065 ], [ -7.135878822091281, 38.914218050318759 ], [ -7.135736556262932, 38.914308443973646 ], [ -7.135627142354347, 38.914440105418258 ], [ -7.135604713368614, 38.91451080353422 ], [ -7.135600803310997, 38.914617235379019 ], [ -7.135613741375932, 38.914714450494273 ], [ -7.135664270219939, 38.914860623300527 ], [ -7.135705704625136, 38.914973029080592 ], [ -7.135744525267454, 38.915107846824895 ], [ -7.13577422569789, 38.915201504806873 ], [ -7.13583187445816, 38.915362200050048 ], [ -7.135864609149996, 38.915477482333074 ], [ -7.135927316973452, 38.915554686130086 ], [ -7.135960158027544, 38.915662302930386 ], [ -7.135977583504578, 38.915819622550124 ], [ -7.136000183778831, 38.915957818208391 ], [ -7.135997287145726, 38.91616479873624 ], [ -7.135950663136666, 38.916340737601907 ], [ -7.135933047830861, 38.916547592387062 ], [ -7.135899969145397, 38.91679772715198 ], [ -7.135861972027512, 38.916950623475564 ], [ -7.135829890794543, 38.917026913927472 ], [ -7.135752645350844, 38.917084173698314 ], [ -7.13564923611286, 38.91712436837031 ], [ -7.135591482664912, 38.917164857610324 ], [ -7.135554529080312, 38.917242997040383 ], [ -7.135535128031529, 38.917435237867856 ], [ -7.135472138747157, 38.917574845051313 ], [ -7.135411974585113, 38.917666332579785 ], [ -7.135366528990756, 38.917757946776952 ], [ -7.135350896552723, 38.917822981268785 ], [ -7.135306309696849, 38.917853267405377 ], [ -7.135249885562176, 38.917838140565451 ], [ -7.135226600638207, 38.917788406990582 ], [ -7.135141315412279, 38.91773633016129 ], [ -7.135112901469776, 38.917648442507584 ], [ -7.135010350300382, 38.917613064864852 ], [ -7.134868549746563, 38.917577352406717 ], [ -7.13472152046784, 38.917564594134532 ], [ -7.134598700831413, 38.917575044538161 ], [ -7.134411829967574, 38.917604113205577 ], [ -7.134278444682409, 38.917668140091834 ], [ -7.134164415794221, 38.917751499711599 ], [ -7.134030761259636, 38.917834691253425 ], [ -7.133936573405582, 38.91790288593576 ], [ -7.133881312480876, 38.91799441552871 ], [ -7.13379779661448, 38.918001367880315 ], [ -7.133710073085841, 38.917958448770058 ], [ -7.133630596554604, 38.9179288881978 ], [ -7.133509235011581, 38.917933728299261 ], [ -7.133395089369228, 38.918030079602552 ], [ -7.133271792522134, 38.918069698291099 ], [ -7.133196582382992, 38.918184056658539 ], [ -7.133141536637766, 38.918260254119538 ], [ -7.133056567705515, 38.918370695166765 ], [ -7.132957900850331, 38.91840818434617 ], [ -7.132873361965408, 38.918487961711207 ], [ -7.132852875374112, 38.918549120627915 ], [ -7.13281577739467, 38.918594246015829 ], [ -7.132722648432089, 38.918591557269487 ], [ -7.132668623441498, 38.918524721878256 ], [ -7.132618551611654, 38.91846277723338 ], [ -7.132568407097043, 38.918431793720188 ], [ -7.132523832584711, 38.918281708278116 ], [ -7.132494861056164, 38.918185711103924 ], [ -7.132421696543212, 38.918154416709825 ], [ -7.132294345869181, 38.918137991338526 ], [ -7.132176807416843, 38.918121649061938 ], [ -7.132019371802873, 38.918150967171002 ], [ -7.131851908449216, 38.918195531770948 ], [ -7.131753026885336, 38.918248351703156 ], [ -7.131712752288673, 38.918320840659206 ], [ -7.131697759978675, 38.918392094464359 ], [ -7.131578770563246, 38.91842702743017 ], [ -7.131485117334592, 38.918456891117714 ], [ -7.131454709579748, 38.918525631913212 ], [ -7.131355610529828, 38.918593783248667 ], [ -7.131266486373799, 38.918650519220769 ], [ -7.131255542228635, 38.918730926984125 ], [ -7.131292418858939, 38.918831251979405 ], [ -7.13132244726166, 38.918909963942475 ], [ -7.131327673093918, 38.918967914948766 ], [ -7.131266218560656, 38.919018525406798 ], [ -7.131211816970461, 38.919048725728636 ], [ -7.131142695190863, 38.919078799677735 ], [ -7.131054055459932, 38.919101039688542 ], [ -7.131073992994279, 38.919236433588239 ], [ -7.131033996104554, 38.919342289668158 ], [ -7.130998918336254, 38.91944287258535 ], [ -7.131020592865339, 38.919580687323354 ], [ -7.131106576150939, 38.919946236137172 ], [ -7.131126085921211, 38.920092143592498 ], [ -7.131126724207407, 38.920219246965949 ], [ -7.131141292527627, 38.920372501818179 ], [ -7.131214698950909, 38.92078221392287 ], [ -7.131248938034724, 38.921139016159259 ], [ -7.131266138560427, 38.92131166707118 ], [ -7.131262958086202, 38.921537812027672 ], [ -7.131240256736932, 38.921667735299408 ], [ -7.131267459933641, 38.921766868403218 ], [ -7.131270720969289, 38.921871475300321 ], [ -7.131341749800422, 38.921920725809819 ], [ -7.131466673366513, 38.922048802890878 ], [ -7.131600714337639, 38.922201189352606 ], [ -7.131711129762806, 38.922344181651788 ], [ -7.131802378083819, 38.922481250887941 ], [ -7.131844333501584, 38.9225563709781 ], [ -7.131850855948916, 38.922601284670883 ], [ -7.131832431509727, 38.922722637080362 ], [ -7.131820663601928, 38.922879359895795 ], [ -7.131799122598884, 38.923058515118129 ], [ -7.131772888121782, 38.923218985282297 ], [ -7.131840816281276, 38.923316670560084 ], [ -7.131979409528235, 38.923489721169844 ], [ -7.132068823722468, 38.923593172580667 ], [ -7.132129921628738, 38.923668456716577 ], [ -7.132181627715446, 38.923730602903234 ], [ -7.132229047833761, 38.92375343747581 ], [ -7.132266440045162, 38.923817258804924 ], [ -7.132319809487226, 38.923854595207303 ], [ -7.132373298864033, 38.923889554612956 ], [ -7.132436440853906, 38.923936096716609 ], [ -7.132553504373616, 38.92398693461395 ], [ -7.132607454302577, 38.924044287996495 ], [ -7.132767681912304, 38.924204461203807 ], [ -7.132871342005668, 38.92431181365891 ], [ -7.132875746975362, 38.924453539698 ], [ -7.132877692506392, 38.924664394928328 ], [ -7.132840276914596, 38.924882579215797 ], [ -7.132818657921666, 38.925024229961778 ], [ -7.132736487797248, 38.92528419784184 ], [ -7.132680734871233, 38.925410223320903 ], [ -7.132628945711295, 38.925546300968847 ], [ -7.132605037031214, 38.925886039237533 ], [ -7.132608090046523, 38.926005598628365 ], [ -7.132614596617951, 38.926207421370236 ], [ -7.132623653667133, 38.926416654878736 ], [ -7.132640270248181, 38.926588660914838 ], [ -7.132640911169018, 38.926715673201329 ], [ -7.132647381357986, 38.926764365952643 ], [ -7.132618442032766, 38.926952739207586 ], [ -7.132553236128622, 38.92717070402751 ], [ -7.132528210952997, 38.927252729558532 ], [ -7.132480754327437, 38.927388515453273 ], [ -7.13242324224326, 38.927567363194889 ], [ -7.132400162742816, 38.927675528232264 ], [ -7.13239665172052, 38.927761427668841 ], [ -7.132398329994033, 38.927806208789669 ], [ -7.132567122142975, 38.928046894151279 ], [ -7.132703092396057, 38.928234875702884 ], [ -7.132874344016175, 38.928473507247652 ], [ -7.132982182811928, 38.928620176482454 ], [ -7.133031385337474, 38.928697159699844 ], [ -7.133094815378965, 38.928770575285718 ], [ -7.133170331994898, 38.928845890487395 ], [ -7.133236165226764, 38.928921219073587 ], [ -7.133330728216601, 38.928994896707302 ], [ -7.133411184975646, 38.929055305101237 ], [ -7.133484347593873, 38.929117543464393 ], [ -7.133612273692847, 38.929197093078457 ], [ -7.133829832505409, 38.929365229236844 ], [ -7.133972042539114, 38.929454180339327 ], [ -7.13403098642266, 38.929510711055919 ], [ -7.134216640179129, 38.929742080379881 ], [ -7.134390514033984, 38.92995839514785 ], [ -7.134456128444585, 38.930041103774585 ], [ -7.134569209693035, 38.930159800138362 ], [ -7.134700963766353, 38.930312248942528 ], [ -7.134818840459593, 38.930434680085121 ], [ -7.134884363877672, 38.930532337553664 ], [ -7.134985057143798, 38.930629671506978 ], [ -7.135152011529521, 38.930788545041459 ], [ -7.135300618917698, 38.930931775686837 ], [ -7.135496762517616, 38.931097837676475 ], [ -7.13576586436498, 38.931285764397153 ], [ -7.135935633902207, 38.931429050745614 ], [ -7.136139004744107, 38.931626292745342 ], [ -7.136254709822652, 38.931771218300931 ], [ -7.136389544938111, 38.931877035900285 ], [ -7.13655250844353, 38.932016691730553 ], [ -7.136767775395064, 38.932184804638197 ], [ -7.136916832465979, 38.932296329518785 ], [ -7.136978492112824, 38.93233234556525 ], [ -7.137028334093279, 38.932355198856847 ], [ -7.137312989272991, 38.932518227210338 ], [ -7.137471982972285, 38.932603619628402 ], [ -7.137685613103717, 38.932715693414011 ], [ -7.137906552844222, 38.932816656146002 ], [ -7.138110848768401, 38.932911804516763 ], [ -7.138246278309012, 38.932967090783841 ], [ -7.138315189533711, 38.932995692552566 ], [ -7.138527630148998, 38.933193685056821 ], [ -7.138903115875988, 38.93352565294812 ], [ -7.139134424627897, 38.933735064516235 ], [ -7.139316073271071, 38.933908472929019 ], [ -7.139407327178537, 38.934054989579046 ], [ -7.139477855749773, 38.934141517681873 ], [ -7.139560186083907, 38.934233824570491 ], [ -7.139616598287222, 38.934307086784472 ], [ -7.139751640748973, 38.93439047432426 ], [ -7.139893659723447, 38.934494366447829 ], [ -7.140163412635729, 38.934692842738663 ], [ -7.140319386755182, 38.934830541357641 ], [ -7.140430297409416, 38.934932366713504 ], [ -7.140532522320881, 38.934970617463328 ], [ -7.140692370166668, 38.935003588730318 ], [ -7.140797355758478, 38.935017632368464 ], [ -7.140924033728658, 38.935022401465218 ], [ -7.141031613148859, 38.935015835111145 ], [ -7.141100954109531, 38.935022010051604 ], [ -7.141218341495881, 38.934998775511367 ], [ -7.141319041053921, 38.934980896373247 ], [ -7.141491945119219, 38.934920749171361 ], [ -7.141725660630586, 38.934791939221533 ], [ -7.142051215082367, 38.934602299562009 ], [ -7.142207896507854, 38.934506530032365 ], [ -7.142360095640984, 38.934384502112842 ], [ -7.142488355416252, 38.93427533809713 ], [ -7.142613963548556, 38.934182993786457 ], [ -7.142698692808452, 38.934110844238191 ], [ -7.142865225541381, 38.933994614737777 ], [ -7.142940086420185, 38.93393543775931 ], [ -7.143027132735024, 38.933870781202771 ], [ -7.143355726827993, 38.933619550044767 ], [ -7.143541629987112, 38.933486552281309 ], [ -7.143696128626797, 38.933381388931963 ], [ -7.143910697719874, 38.933252503209083 ], [ -7.144089354831739, 38.933134397516056 ], [ -7.144265329756414, 38.933027521980343 ], [ -7.144369068907481, 38.932964899210198 ], [ -7.144518254435138, 38.932893378063334 ], [ -7.144945653087457, 38.933184795379937 ], [ -7.145125939927662, 38.933328694307363 ], [ -7.145306227496351, 38.933472592962296 ], [ -7.145441334807062, 38.9335884260773 ], [ -7.145530334663872, 38.933693875032013 ], [ -7.145648635163931, 38.933779007519448 ], [ -7.14635641940942, 38.934054922165998 ], [ -7.146930194065166, 38.934304969176345 ], [ -7.147219122949678, 38.934490886987589 ], [ -7.147508248238566, 38.93467455565186 ], [ -7.14794981414435, 38.934902843963485 ], [ -7.148141900131617, 38.935189900559728 ], [ -7.148256958644066, 38.935334724139103 ], [ -7.148306356032746, 38.935398640693634 ], [ -7.148427163575955, 38.935535685931832 ], [ -7.148525759336903, 38.935779706735751 ], [ -7.148630045069542, 38.93587750963114 ], [ -7.148759114702641, 38.936064473897389 ], [ -7.148870114918028, 38.936290899136061 ], [ -7.14895187358831, 38.936433548722562 ], [ -7.149043584933797, 38.936540791440457 ], [ -7.149293022062129, 38.936826897415706 ], [ -7.149390265433704, 38.936927986578311 ], [ -7.149589730541831, 38.937151135693071 ], [ -7.149719078059306, 38.937318326907587 ], [ -7.149888275767881, 38.937533311847076 ], [ -7.149967538267406, 38.93766053313729 ], [ -7.150037058149622, 38.937759988457138 ], [ -7.150053400844229, 38.937864568846571 ], [ -7.150141185171268, 38.938089502014101 ], [ -7.150229032635293, 38.938301380074236 ], [ -7.150305829320278, 38.938453348466012 ], [ -7.150371089623089, 38.9385716268539 ], [ -7.150424379292693, 38.938697189723428 ], [ -7.150470585854686, 38.938817110045441 ], [ -7.150557872780925, 38.938915220267248 ], [ -7.150636155679268, 38.93911361873112 ], [ -7.150674096733234, 38.939299813714229 ], [ -7.150709306874337, 38.939530801933792 ], [ -7.150780366374814, 38.939755595604993 ], [ -7.150790576296453, 38.939877106209309 ], [ -7.150801153112685, 38.939979970636806 ], [ -7.150833582180526, 38.940237945471786 ], [ -7.150842865075957, 38.940426733862118 ], [ -7.150850853972569, 38.940533266895649 ], [ -7.150838428077559, 38.940740517334106 ], [ -7.150817633647408, 38.940859964569874 ], [ -7.15080178946567, 38.940971974482245 ], [ -7.150802437412277, 38.941100879061182 ], [ -7.15081332509599, 38.941181227177189 ], [ -7.150817590946924, 38.941214951363449 ], [ -7.150859938849053, 38.941263854919811 ], [ -7.151004460579829, 38.941364064201842 ], [ -7.151193974023065, 38.94148896864008 ], [ -7.151070863813847, 38.941575755692774 ], [ -7.15076158481124, 38.941814108904573 ], [ -7.150592326308499, 38.941943478493016 ], [ -7.150237777065212, 38.942293876158047 ], [ -7.149955352762267, 38.942576242675038 ], [ -7.149939014778683, 38.942659155653665 ], [ -7.149948431717657, 38.942710647428783 ], [ -7.14999296599524, 38.94278616362579 ], [ -7.150036735789659, 38.942917040133089 ], [ -7.15012008547324, 38.943115482401886 ], [ -7.150167771907413, 38.943329442437609 ], [ -7.150175386374674, 38.943786360936762 ], [ -7.15021380273852, 38.944075529833214 ], [ -7.150251822003501, 38.9442626676557 ], [ -7.150285014299691, 38.944457239284866 ], [ -7.150321036963034, 38.944621931444033 ], [ -7.150347604512646, 38.944769697139385 ], [ -7.150375265012372, 38.944846582555783 ], [ -7.150393048104642, 38.944945722637875 ], [ -7.150434960063402, 38.945026337362563 ], [ -7.150503371954517, 38.945092305504161 ], [ -7.150564815959596, 38.945145153989408 ], [ -7.150656589853476, 38.945265547805271 ], [ -7.150712543815, 38.945365099216041 ], [ -7.150790095913018, 38.945462854324717 ], [ -7.15086088070614, 38.945532537126617 ], [ -7.150910848930682, 38.945629479017214 ], [ -7.151025109446941, 38.945760005216044 ], [ -7.15106972797136, 38.945820185421773 ], [ -7.151096902347015, 38.945932471667192 ], [ -7.151133357521392, 38.946057891541805 ], [ -7.151197584194688, 38.946260288523014 ], [ -7.151299760500571, 38.946479669591184 ], [ -7.151376388866253, 38.946644702965095 ], [ -7.151465458981821, 38.946768762880673 ], [ -7.151533655840741, 38.946858958023384 ], [ -7.151575903129453, 38.946915430393872 ], [ -7.151601271818826, 38.946982838295668 ], [ -7.151626384464675, 38.947068983354193 ], [ -7.151641875741116, 38.947158737891606 ], [ -7.15164373250748, 38.947199916226829 ], [ -7.151737128706207, 38.947408177090743 ], [ -7.151850068334451, 38.947494936262778 ], [ -7.151933653803716, 38.947682451150072 ], [ -7.152017304449976, 38.947856818195916 ], [ -7.152124573101423, 38.948050208583389 ], [ -7.152216223334581, 38.948290168162181 ], [ -7.152428850109938, 38.948663705708391 ], [ -7.152572653138879, 38.948886382650343 ], [ -7.152708875203561, 38.94903594448207 ], [ -7.152810767298177, 38.949248268864018 ], [ -7.153021112893598, 38.949420090847681 ], [ -7.153298816559371, 38.949612507158207 ], [ -7.153433595328866, 38.949718304543595 ], [ -7.153585139683369, 38.949829735291502 ], [ -7.153930538244558, 38.950096009079267 ], [ -7.15397810903626, 38.950171624841808 ], [ -7.154913183990439, 38.951045565414447 ], [ -7.155048067028446, 38.951181158782248 ], [ -7.155226594156328, 38.951319360573123 ], [ -7.155311588832078, 38.951396634180696 ], [ -7.155460843725566, 38.951498770937015 ], [ -7.155603175790196, 38.95158399819492 ], [ -7.155793031169901, 38.951686468273778 ], [ -7.155890706528969, 38.951722775023264 ], [ -7.155795905841656, 38.951830345616358 ], [ -7.155698522880157, 38.951958429913702 ], [ -7.15564711624527, 38.95204771456438 ], [ -7.15559022760041, 38.95218361237729 ], [ -7.155559996016088, 38.952293609752438 ], [ -7.155512807261759, 38.952375444393802 ], [ -7.155539835967229, 38.95254384983425 ], [ -7.155538607125709, 38.952633463745194 ], [ -7.155431736746627, 38.952746514894926 ], [ -7.15540421932134, 38.952843478514005 ], [ -7.155170016065829, 38.95318146197507 ], [ -7.15495654777629, 38.953403875356216 ], [ -7.154849486920774, 38.953539354043649 ], [ -7.154700271662685, 38.953638122071084 ], [ -7.154493187706534, 38.953880098442433 ], [ -7.154352931290528, 38.953996558095163 ], [ -7.154215268145787, 38.954100072965488 ], [ -7.154087196614825, 38.954194212012496 ], [ -7.154023524148973, 38.954252679975063 ], [ -7.153900994257056, 38.954345962748086 ], [ -7.153789493514025, 38.954451494522715 ], [ -7.153707630707732, 38.954490083141181 ], [ -7.153587772325403, 38.954515197285183 ], [ -7.153421128767932, 38.954576540542931 ], [ -7.153309167656376, 38.954615149140132 ], [ -7.153172171030097, 38.954646199960976 ], [ -7.153024147299518, 38.95471557969217 ], [ -7.152915888785151, 38.954853088502361 ], [ -7.152827996285366, 38.954982857853601 ], [ -7.152763911387912, 38.955132334763114 ], [ -7.152680666479011, 38.95527179461746 ], [ -7.152655327158978, 38.955361205885787 ], [ -7.152579139287488, 38.955515674765607 ], [ -7.152551634027883, 38.955603270804133 ], [ -7.152555415545464, 38.955848032984392 ], [ -7.152494362135973, 38.9561183749585 ], [ -7.152398200571088, 38.956332402162538 ], [ -7.152280189439881, 38.956566775629994 ], [ -7.152167672281068, 38.956745260123121 ], [ -7.152022248737596, 38.956884197697434 ], [ -7.151755823031757, 38.957069884615684 ], [ -7.151628145446352, 38.957204080717162 ], [ -7.151446945149075, 38.957335237701557 ], [ -7.151147801444488, 38.957519542758611 ], [ -7.150998723273006, 38.957579902539813 ], [ -7.150794225092711, 38.957660419312333 ], [ -7.150332865627552, 38.957828585257438 ], [ -7.15019052374543, 38.957918904847659 ], [ -7.150074512762368, 38.95800755357952 ], [ -7.149953549759956, 38.958103729508061 ], [ -7.149844704363409, 38.958200002901961 ], [ -7.149737685910898, 38.958322328770542 ], [ -7.149703510065932, 38.958374372769448 ], [ -7.149693036467325, 38.958439678322634 ], [ -7.149725516606714, 38.958518405859905 ], [ -7.149738747761948, 38.958619000018516 ], [ -7.149711785389801, 38.958737416476779 ], [ -7.149650024737172, 38.95880808167653 ], [ -7.149562558654127, 38.958906213959828 ], [ -7.14948021221988, 38.959000435018893 ], [ -7.149413441704423, 38.959067103553771 ], [ -7.149371994915904, 38.959133985521007 ], [ -7.149291104087704, 38.959157618554265 ], [ -7.149216441235883, 38.959192480588122 ], [ -7.149136941237507, 38.959282285581217 ], [ -7.149105731640875, 38.959341344249623 ], [ -7.149068912062403, 38.959439903183608 ], [ -7.149001020952097, 38.959545652921243 ], [ -7.148993238024396, 38.959582607353063 ], [ -7.149069522469223, 38.959605950512533 ], [ -7.149179142864843, 38.95964614315028 ], [ -7.149527484672006, 38.959876963908528 ], [ -7.149614828259801, 38.959959937919137 ], [ -7.149807282221131, 38.960075864384876 ], [ -7.150015927897981, 38.960213992691585 ], [ -7.150196011869357, 38.960331434765024 ], [ -7.150489889412916, 38.960530085588914 ], [ -7.150709645861551, 38.960724336670218 ], [ -7.15095994477461, 38.96095442054213 ], [ -7.151174766630428, 38.961163579017324 ], [ -7.151423940981715, 38.961360670446588 ], [ -7.151657463192637, 38.961568283816746 ], [ -7.151850467999845, 38.961775555132824 ], [ -7.152003020864163, 38.961908870187365 ], [ -7.15211965849528, 38.961996102353474 ], [ -7.152316627033393, 38.962132885346115 ], [ -7.152458485441773, 38.962260580197906 ], [ -7.152898868764833, 38.9626380358891 ], [ -7.153281055684337, 38.962963251223599 ], [ -7.153361270398467, 38.963021425183506 ], [ -7.153397497483348, 38.963064855586559 ], [ -7.153426479880007, 38.963099599546617 ], [ -7.15342584637546, 38.963145594789381 ], [ -7.153366259265406, 38.96319397029805 ], [ -7.153043259004497, 38.963383885907305 ], [ -7.152827990566172, 38.963505705250299 ], [ -7.152578749069584, 38.963687614411363 ], [ -7.152367941157368, 38.963811979868424 ], [ -7.152249910385309, 38.963870800549685 ], [ -7.152061903984261, 38.963975782833458 ], [ -7.151719896688713, 38.964154143109852 ], [ -7.151539229032602, 38.964253689862815 ], [ -7.151368720659954, 38.964376077519141 ], [ -7.151294204255917, 38.964438701464161 ], [ -7.151289926608313, 38.964481791716679 ], [ -7.151377426807311, 38.964545778728329 ], [ -7.151704303313269, 38.964876283316947 ], [ -7.151875107572075, 38.965041597203559 ], [ -7.152034350944783, 38.965244189478966 ], [ -7.152153723722967, 38.965400445842725 ], [ -7.1522550030251, 38.965533549283045 ], [ -7.152327578466426, 38.965611785244612 ], [ -7.152436619710864, 38.96571620353803 ], [ -7.152578286035491, 38.965858271698409 ], [ -7.152657820242086, 38.965879291566829 ], [ -7.15277748070464, 38.965878493569718 ], [ -7.15277575860973, 38.966003597250101 ], [ -7.152641710624324, 38.966178025039682 ], [ -7.152563857895774, 38.966276459084391 ], [ -7.152459003825323, 38.966249366079985 ], [ -7.152301427276757, 38.966221919939429 ], [ -7.152228623444953, 38.966305350922767 ], [ -7.152217764500793, 38.966398668588482 ], [ -7.152106576214344, 38.966479969928805 ], [ -7.15193523411032, 38.966588786907067 ], [ -7.151804879267276, 38.966679208152129 ], [ -7.15166464953482, 38.966782608909348 ], [ -7.151507798252219, 38.966895326678589 ], [ -7.151299395746781, 38.967089755530417 ], [ -7.151125100561893, 38.967245205422515 ], [ -7.150955413509182, 38.967410056251204 ], [ -7.150741566719413, 38.967647406840527 ], [ -7.150707465765318, 38.967710536323672 ], [ -7.150590046671184, 38.967900146025421 ], [ -7.15052634070864, 38.968009865297915 ], [ -7.150503231895778, 38.968129196928587 ], [ -7.150470281981456, 38.968259801465535 ], [ -7.150430866807592, 38.968339818448293 ], [ -7.150322634680498, 38.968557424930168 ], [ -7.15026625055043, 38.968663510823575 ], [ -7.150201681332767, 38.968844199190499 ], [ -7.150077608044451, 38.969164452297463 ], [ -7.150057712711471, 38.969218509064461 ], [ -7.15000130875976, 38.969317030131748 ], [ -7.149886968267091, 38.969450549044822 ], [ -7.149794661781857, 38.969550655467998 ], [ -7.149731842227429, 38.969621107148029 ], [ -7.149705283108734, 38.969639527090074 ], [ -7.149665201856634, 38.96976808870312 ], [ -7.149640644989299, 38.969816433169534 ], [ -7.149557763638739, 38.969927878228347 ], [ -7.149420696212993, 38.970152721489256 ], [ -7.149256700970314, 38.970422290462302 ], [ -7.149217025194686, 38.970521036831151 ], [ -7.149169335253369, 38.970690696647807 ], [ -7.149149183184636, 38.970763308363395 ], [ -7.149107494468849, 38.970832136360357 ], [ -7.149058471479239, 38.970923239332016 ], [ -7.14899958842721, 38.971025519423108 ], [ -7.148900181251914, 38.971121780254713 ], [ -7.148800540542521, 38.971234975862018 ], [ -7.148727797430857, 38.971305343262195 ], [ -7.148659715639092, 38.971388811739821 ], [ -7.148618302973712, 38.971446557230756 ], [ -7.148563830207163, 38.97158058435538 ], [ -7.148490734709248, 38.971843437431119 ], [ -7.148415174157178, 38.972117439864661 ], [ -7.148374444128987, 38.972292739085681 ], [ -7.148361154996759, 38.972386035764039 ], [ -7.148352657024705, 38.972483066854402 ], [ -7.148351285987215, 38.972598977487436 ], [ -7.148335327463624, 38.972718375221973 ], [ -7.148149559141387, 38.973176463425268 ], [ -7.148082905120265, 38.973323442943631 ], [ -7.147978735573262, 38.97342155520964 ], [ -7.147900345682046, 38.973549792686647 ], [ -7.147843484952776, 38.973689382108688 ], [ -7.147786408440688, 38.973836532383665 ], [ -7.147773596707792, 38.973903710312619 ], [ -7.147767404196352, 38.974000756295439 ], [ -7.147775816144909, 38.974084867411008 ], [ -7.147773438059486, 38.97425680162295 ], [ -7.147743235540096, 38.974363017164784 ], [ -7.147713949848215, 38.974411315838296 ], [ -7.147634284417752, 38.974464873675075 ], [ -7.147552190305806, 38.974518314563049 ], [ -7.147496883530744, 38.974545863480422 ], [ -7.147641003720776, 38.974679756850449 ], [ -7.147488737913276, 38.974792508587335 ], [ -7.147406532545465, 38.974845948427934 ], [ -7.147521111146347, 38.974837910557767 ], [ -7.14764351002759, 38.974807055941319 ], [ -7.147796080186076, 38.974847521622941 ], [ -7.147872623914295, 38.974844472158587 ], [ -7.14812190509118, 38.974809196413645 ], [ -7.148270821046846, 38.974771267087704 ], [ -7.148376464442702, 38.9745666063708 ], [ -7.148548705027387, 38.974569949574985 ], [ -7.148780810184705, 38.974566317698489 ], [ -7.149072527486938, 38.974574361009779 ], [ -7.149316442955623, 38.97457641412359 ], [ -7.149553268105674, 38.974582011769499 ], [ -7.149718489806911, 38.974566554856736 ], [ -7.149879092267956, 38.974543586155008 ], [ -7.150027466211884, 38.974544833589661 ], [ -7.150132794756236, 38.974538335670246 ], [ -7.150248068009796, 38.974505616782814 ], [ -7.150401894513708, 38.974454578723112 ], [ -7.15048125361882, 38.974423536089354 ], [ -7.150674215735085, 38.974312924562362 ], [ -7.150869010087549, 38.974245384947885 ], [ -7.151097398115486, 38.974159482174151 ], [ -7.151280009489047, 38.974104990308142 ], [ -7.151397544436375, 38.974083548699227 ], [ -7.151630264796216, 38.974035059803363 ], [ -7.151866061552276, 38.973971411444232 ], [ -7.152049382378413, 38.973995887805216 ], [ -7.152323351195546, 38.97392925549115 ], [ -7.152625212483775, 38.97394041790983 ], [ -7.153246439869847, 38.974029012466502 ], [ -7.153727013706668, 38.974168173244855 ], [ -7.154007058470812, 38.974426402557285 ], [ -7.154235626757359, 38.974678448979432 ], [ -7.154522053264474, 38.975008606044554 ], [ -7.154788247945278, 38.975470845591666 ], [ -7.154987835269948, 38.975688146960394 ], [ -7.155118437678696, 38.975832993465183 ], [ -7.155335113898666, 38.975997500310029 ], [ -7.155565684043012, 38.976206962549227 ], [ -7.155793099635208, 38.976377124254455 ], [ -7.155971346379443, 38.976515255610494 ], [ -7.155908921401688, 38.976739504500387 ], [ -7.156210125010954, 38.976799527847817 ], [ -7.156455978387629, 38.977005080008098 ], [ -7.156405366277353, 38.977027085979671 ], [ -7.156361097881564, 38.977116429343539 ], [ -7.156359984050191, 38.977197668676816 ], [ -7.156384136714757, 38.977270833498174 ], [ -7.156343522724328, 38.977346154821944 ], [ -7.156180907298978, 38.97742334075847 ], [ -7.155983250184308, 38.977438529776741 ], [ -7.155760594955986, 38.977442255094338 ], [ -7.155376251788578, 38.977447506773558 ], [ -7.155056523122768, 38.977461587515279 ], [ -7.154847905432065, 38.977493529482658 ], [ -7.154660977521954, 38.977508806209272 ], [ -7.154359247266111, 38.977523126936426 ], [ -7.154035823463941, 38.977545639140921 ], [ -7.153586284688495, 38.977600778111871 ], [ -7.153309863209195, 38.977595491155562 ], [ -7.153094319323226, 38.977602150795605 ], [ -7.15286401274843, 38.977633816069051 ], [ -7.152705858046225, 38.977646542649175 ], [ -7.152472435166066, 38.977652959939441 ], [ -7.152386165395985, 38.977657913214323 ], [ -7.15225405204757, 38.977606270613308 ], [ -7.152132398454548, 38.977582821028513 ], [ -7.152044515567566, 38.977554067903142 ], [ -7.151897902120566, 38.977516360102562 ], [ -7.15158651945881, 38.977443667326945 ], [ -7.151371369737951, 38.977422224574774 ], [ -7.15119567783151, 38.977409579631995 ], [ -7.151012714549548, 38.97739678314916 ], [ -7.150808060506244, 38.977400736093557 ], [ -7.150621331997749, 38.977401959913415 ], [ -7.150513869312854, 38.977378628130914 ], [ -7.150313799539061, 38.97730966069912 ], [ -7.150177763964883, 38.977283203740363 ], [ -7.150030732361139, 38.9772680043422 ], [ -7.149901147380494, 38.977292136229948 ], [ -7.149711399619363, 38.977520411520082 ], [ -7.149558731874642, 38.977645322640058 ], [ -7.14940937645469, 38.977798272123813 ], [ -7.149331938325001, 38.97794903724941 ], [ -7.149219232884222, 38.978046177806554 ], [ -7.149070334517183, 38.978173913278795 ], [ -7.148913547738452, 38.978346433993856 ], [ -7.148724569176893, 38.978510222162939 ], [ -7.148702911689568, 38.978524002885415 ], [ -7.148719635255253, 38.978608270469998 ], [ -7.149168152777306, 38.978886775190382 ], [ -7.149435874489603, 38.979003965531689 ], [ -7.149768974688811, 38.979318069859737 ], [ -7.150070961422923, 38.979553360265925 ], [ -7.150266838915767, 38.979667150176113 ], [ -7.150466333777316, 38.979778181498425 ], [ -7.150587449711243, 38.979849277997921 ], [ -7.150690951209, 38.979892212728117 ], [ -7.150751218692221, 38.979948835991934 ], [ -7.150804329962815, 38.980005308003449 ], [ -7.150827200860345, 38.980170965693169 ], [ -7.150798682656547, 38.980414649717474 ], [ -7.150745322275686, 38.98064407287093 ], [ -7.15062461019532, 38.980794471740438 ], [ -7.150579637283938, 38.980934250696478 ], [ -7.150519387511496, 38.981135690649474 ], [ -7.150345016239069, 38.981285551755938 ], [ -7.150039787853267, 38.981543750406644 ], [ -7.149909388375455, 38.981626786249898 ], [ -7.149946683273802, 38.981784099451666 ], [ -7.149984131104874, 38.981938710775673 ], [ -7.150102231143693, 38.98222001922592 ], [ -7.150105385818331, 38.982250849653838 ], [ -7.150048943579695, 38.982435480062868 ], [ -7.149975081613761, 38.982577805859997 ], [ -7.149945496562315, 38.982639259751899 ], [ -7.149853977157584, 38.982773060605993 ], [ -7.149655531228728, 38.982844258815661 ], [ -7.149474929779606, 38.982918494923226 ], [ -7.14929678655761, 38.983073994612326 ], [ -7.14909310007776, 38.983274045873266 ], [ -7.14896192172626, 38.98341318895794 ], [ -7.148702983882036, 38.983702578230933 ], [ -7.148446728914972, 38.984056485927219 ], [ -7.148248643804044, 38.984352065092168 ], [ -7.148127066688036, 38.984572531348725 ], [ -7.147998139494885, 38.984806903334125 ], [ -7.14796439733817, 38.984910381189408 ], [ -7.147705680963631, 38.985183018765383 ], [ -7.14752301831981, 38.985414053055372 ], [ -7.147402330174291, 38.985570124227877 ], [ -7.147358199870198, 38.985648296748273 ], [ -7.147225150616781, 38.985921993936515 ], [ -7.147118188410222, 38.986128534461798 ], [ -7.147101900386723, 38.986262876885064 ], [ -7.147218669217709, 38.986390056783407 ], [ -7.147267044681489, 38.986522242449276 ], [ -7.147272875602619, 38.986626058930518 ], [ -7.147295547270869, 38.98679721179068 ], [ -7.147380203692955, 38.986910067606857 ], [ -7.147610086577362, 38.987169978688783 ], [ -7.147700493013211, 38.987383861321021 ], [ -7.14777212540428, 38.987653606521633 ], [ -7.147858361828106, 38.987935502693716 ], [ -7.147901935197095, 38.988139751582352 ], [ -7.147922232709655, 38.98822396375926 ], [ -7.147858854867312, 38.988391688506567 ], [ -7.147823133518553, 38.988638104705522 ], [ -7.147786241031909, 38.988968633735297 ], [ -7.14777803459687, 38.989044321017559 ], [ -7.147794409604392, 38.989153807519187 ], [ -7.14782198231212, 38.989238080238046 ], [ -7.147957432563957, 38.989567092986412 ], [ -7.148115971991428, 38.989787131539231 ], [ -7.148347191373021, 38.990209638435068 ], [ -7.148532916847636, 38.990542138256558 ], [ -7.148674074552372, 38.990734014265264 ], [ -7.148755043574591, 38.990846838828475 ], [ -7.148790544600661, 38.990875153425982 ], [ -7.148879516118219, 38.99093480756509 ], [ -7.148975608852203, 38.990997320330109 ], [ -7.149034838803212, 38.991129595846189 ], [ -7.149070856525004, 38.991379405204626 ], [ -7.149139150422847, 38.991640746109418 ], [ -7.149158365113325, 38.991803493275853 ], [ -7.149184048398545, 38.992016648631548 ], [ -7.149186342263066, 38.992117641886438 ], [ -7.149266925854812, 38.992258472504155 ], [ -7.149332804189885, 38.992427286026221 ], [ -7.149389748801229, 38.992725012262241 ], [ -7.149291807997525, 38.99305503222228 ], [ -7.1492616365785, 38.993158544914913 ], [ -7.149269978203192, 38.993339935900927 ], [ -7.149276361446664, 38.993396014473312 ], [ -7.149195675077022, 38.993513154636382 ], [ -7.149182812455697, 38.993667252469571 ], [ -7.14921680908453, 38.993804902382749 ], [ -7.149247103943905, 38.993950987199909 ], [ -7.149262745691296, 38.994122080217984 ], [ -7.149327897832873, 38.994344124495093 ], [ -7.149315144351144, 38.994489847185164 ], [ -7.149295089720753, 38.994637849348038 ], [ -7.149269558262002, 38.994923621582352 ], [ -7.149262993200435, 38.995139565612632 ], [ -7.149282368704622, 38.995299611781128 ], [ -7.149173111748989, 38.995663133055409 ], [ -7.149070092750698, 38.996101558065988 ], [ -7.148987657419773, 38.996344787969299 ], [ -7.148986030348729, 38.996462497487038 ], [ -7.148977669452058, 38.996549352731286 ], [ -7.148954149978895, 38.996689398070274 ], [ -7.148811041714898, 38.996654503723065 ], [ -7.148635690533605, 38.996605381845754 ], [ -7.148426742952352, 38.996656853604669 ], [ -7.148228177873959, 38.996733725448287 ], [ -7.147978673780528, 38.99685493400186 ], [ -7.147920654335337, 38.996893718480514 ], [ -7.147839850553039, 38.997027607823163 ], [ -7.14776658033973, 38.997133551082129 ], [ -7.147672204702311, 38.997205621758283 ], [ -7.147498686188778, 38.997282702995868 ], [ -7.147317969599186, 38.997370892422659 ], [ -7.147155259342354, 38.997442391560064 ], [ -7.146964237724307, 38.99749130992388 ], [ -7.146798340374948, 38.997534499046779 ], [ -7.14666487364399, 38.99757822966626 ], [ -7.146534947053839, 38.997624783286689 ], [ -7.146469733895888, 38.997666295814859 ], [ -7.146331597900746, 38.997788531745691 ], [ -7.146109543162132, 38.998002473377504 ], [ -7.145842995218049, 38.998319896945766 ], [ -7.145780732159168, 38.998406291263642 ], [ -7.145710732953884, 38.998534688577109 ], [ -7.14548400287623, 38.998827225543778 ], [ -7.1454069245924, 38.998949794348576 ], [ -7.145326379749042, 38.999064049575715 ], [ -7.145267811035344, 38.999142097933031 ], [ -7.145157012646441, 38.999291567393186 ], [ -7.145155323680695, 38.999293986909606 ], [ -7.145001278055434, 38.999198193028683 ], [ -7.144747739233114, 38.999019144041981 ], [ -7.144610362842402, 38.998919978847859 ], [ -7.144285892273137, 38.998694932880781 ], [ -7.144210129429979, 38.998631239308949 ], [ -7.14406179297423, 38.998465505419041 ], [ -7.143979432485584, 38.99837014223737 ], [ -7.143699968378298, 38.99799667094949 ], [ -7.14354497638083, 38.997787014457728 ], [ -7.14330027032169, 38.997496161714693 ], [ -7.143052728384991, 38.997234920778702 ], [ -7.142857010828179, 38.997031949887926 ], [ -7.142729348005115, 38.996924126770182 ], [ -7.142476710230536, 38.996689144073585 ], [ -7.142273793436775, 38.996489620382839 ], [ -7.142021580591504, 38.99620726639219 ], [ -7.141885909768047, 38.996080994568409 ], [ -7.141660002194304, 38.995855646402902 ], [ -7.141547651153447, 38.995699781929503 ], [ -7.141244080443814, 38.995295030326638 ], [ -7.141037636379386, 38.995043035661539 ], [ -7.140906369727547, 38.994875093724708 ], [ -7.140679594141764, 38.994712296791832 ], [ -7.140456324941308, 38.994597674213693 ], [ -7.140092492864046, 38.994382585316671 ], [ -7.139850535075487, 38.994213699106446 ], [ -7.139628039983154, 38.994018167372168 ], [ -7.139394593820568, 38.993786793064615 ], [ -7.139184160369155, 38.99355226535706 ], [ -7.138850930599029, 38.99321336159197 ], [ -7.13876375634657, 38.993116328731411 ], [ -7.138714503966984, 38.993047632278333 ], [ -7.138608757304318, 38.992917205213509 ], [ -7.13851967325705, 38.992783412585162 ], [ -7.138454052794161, 38.992688362922813 ], [ -7.13836908379147, 38.992607112552299 ], [ -7.138246070163916, 38.992506355391306 ], [ -7.138040039968894, 38.992366246213024 ], [ -7.1379428187751, 38.992302455617441 ], [ -7.137798412558219, 38.992196196595266 ], [ -7.137630503939871, 38.992061726310652 ], [ -7.137533905087047, 38.991953985989639 ], [ -7.137397392227243, 38.99179537480186 ], [ -7.137143025987573, 38.991513073794643 ], [ -7.137046218764597, 38.991428207583155 ], [ -7.136991660684827, 38.991392796376417 ], [ -7.13686320745637, 38.99134269711665 ], [ -7.136679677915341, 38.991293845080989 ], [ -7.136310193433238, 38.991204946753712 ], [ -7.136043199084372, 38.99114141270389 ], [ -7.135819220716217, 38.991079963469353 ], [ -7.135511796841117, 38.991002040857715 ], [ -7.135290268112873, 38.990938899233733 ], [ -7.135211720328683, 38.990910213282874 ], [ -7.134935611607653, 38.990813364754395 ], [ -7.13468810989444, 38.990725503039712 ], [ -7.134482055897254, 38.990653573102463 ], [ -7.134144186520487, 38.990524671493851 ], [ -7.133591361128129, 38.990311323630181 ], [ -7.13342379991724, 38.990283076381132 ], [ -7.133313112822392, 38.99028212793327 ], [ -7.13311833142112, 38.990289395869382 ], [ -7.132797595980786, 38.990295583665329 ], [ -7.132359211728082, 38.990253096646263 ], [ -7.132081132060704, 38.990211983467006 ], [ -7.131783507707299, 38.990203471995265 ], [ -7.131546741049519, 38.990210376969145 ], [ -7.131291426249374, 38.990234169751929 ], [ -7.131073936213694, 38.990253384965996 ], [ -7.131197054292976, 38.990173912734747 ], [ -7.131322481341122, 38.990094460196666 ], [ -7.131399783050105, 38.990039096488971 ], [ -7.131416911546893, 38.990011228487376 ], [ -7.131417231555542, 38.989988445017168 ], [ -7.131395960847866, 38.989974299904858 ], [ -7.131355323312936, 38.989966926067055 ], [ -7.131314481099018, 38.989982340278267 ], [ -7.131189080806687, 38.990059990643502 ], [ -7.131015339267742, 38.990168841029991 ], [ -7.130827205089918, 38.990275766018492 ], [ -7.130747774114766, 38.990310036253682 ], [ -7.130642351255251, 38.99033011611791 ], [ -7.13039364921437, 38.990327981681361 ], [ -7.130032379205599, 38.990337132756295 ], [ -7.129578000517358, 38.990326930101048 ], [ -7.12935806429867, 38.990323329453936 ], [ -7.129102224546127, 38.990312393605251 ], [ -7.128442356811139, 38.990279015386704 ], [ -7.12820147842696, 38.990306731368896 ], [ -7.127841647918147, 38.990378108094795 ], [ -7.127599968166633, 38.990462417100609 ], [ -7.127400539691668, 38.990561950343988 ], [ -7.127211816596713, 38.990646751037445 ], [ -7.126916658035237, 38.99073357720679 ], [ -7.126526458965048, 38.990792771061528 ], [ -7.126224424642913, 38.990825913757185 ], [ -7.125964671276606, 38.99083856655291 ], [ -7.125806310820384, 38.990819524074894 ], [ -7.125658359844997, 38.990793745403543 ], [ -7.125496250297823, 38.990757397400927 ], [ -7.125274607721432, 38.990702973963344 ], [ -7.125046006266784, 38.990634435619477 ], [ -7.124760305388206, 38.990539197915844 ], [ -7.124436681018962, 38.99042443853569 ], [ -7.124184475902217, 38.990327686606676 ], [ -7.123944130893982, 38.990241570058295 ], [ -7.123741992839633, 38.990162809389524 ], [ -7.123528205812868, 38.990059450847632 ], [ -7.123423675369706, 38.990007836917485 ], [ -7.123312195610412, 38.989942019213323 ], [ -7.123222571046723, 38.989855613037065 ], [ -7.123076174207218, 38.989681561717873 ], [ -7.123001363671746, 38.989573668378434 ], [ -7.122943955240109, 38.989441713569235 ], [ -7.122902377030738, 38.989286824050474 ], [ -7.122872345447768, 38.988982701371526 ], [ -7.122739771884117, 38.988641942761475 ], [ -7.12264036398172, 38.988384884953405 ], [ -7.122545366104215, 38.988086157934241 ], [ -7.122468097245809, 38.987882913220439 ], [ -7.122364112498093, 38.987679437917237 ], [ -7.122259618767414, 38.987511706080035 ], [ -7.122128579978139, 38.987331829049218 ], [ -7.121877844962566, 38.98705317979001 ], [ -7.121609123574688, 38.986787833032423 ], [ -7.121323065769013, 38.986548912780655 ], [ -7.120925033711918, 38.986222457725269 ], [ -7.120625146065531, 38.985957369760726 ], [ -7.120191126954096, 38.985611013147796 ], [ -7.119999074957389, 38.985427624338953 ], [ -7.119720220072294, 38.985174963238158 ], [ -7.119493610516304, 38.985006168210504 ], [ -7.119228411214243, 38.98486682785439 ], [ -7.119027370314075, 38.98477868908563 ], [ -7.118852237447147, 38.98474737638346 ], [ -7.11865776789466, 38.984733768837877 ], [ -7.118432595876685, 38.984731810865114 ], [ -7.118085169966651, 38.984737726206717 ], [ -7.117851940241544, 38.984765487448165 ], [ -7.117637579326246, 38.984808308109905 ], [ -7.117446406650966, 38.984863137231223 ], [ -7.117223899536283, 38.984903537968115 ], [ -7.117054912086759, 38.984921436186887 ], [ -7.116821033176261, 38.984917691460943 ], [ -7.116652256231587, 38.984912711036387 ], [ -7.11648624724412, 38.984891807647749 ], [ -7.116277017145813, 38.984851075716563 ], [ -7.11599588346937, 38.984778011208753 ], [ -7.115645198834297, 38.984677856656837 ], [ -7.115390825676024, 38.984597997318879 ], [ -7.115191499028856, 38.984534472637854 ], [ -7.114758766859274, 38.98436937989397 ], [ -7.114511854805576, 38.984268413491257 ], [ -7.114205195671429, 38.984124506823719 ], [ -7.113917769345507, 38.983991390772246 ], [ -7.113589370481519, 38.983850890176576 ], [ -7.113096703451693, 38.983648878259892 ], [ -7.112852088238209, 38.983556757562482 ], [ -7.112515383149763, 38.983416005674982 ], [ -7.112283626262818, 38.983272831989602 ], [ -7.112157555138831, 38.983136907704953 ], [ -7.111811039811971, 38.982596208005781 ], [ -7.111617944699723, 38.98226799930125 ], [ -7.111498370248021, 38.982035734939004 ], [ -7.111341065374502, 38.981738732972353 ], [ -7.111054480002777, 38.981379622299528 ], [ -7.110954817859037, 38.981263996687737 ], [ -7.110764626053412, 38.981047053439703 ], [ -7.110691037754585, 38.980972278886718 ], [ -7.110593034678436, 38.980909632382414 ], [ -7.110478104326694, 38.980836564409856 ] ] ] } },
{ "type": "Feature", "properties": { "dtmnfr": "120714", "freguesia": "União das freguesias de Barbacena e Vila Fernando", "municipio": "Elvas", "distrito_i": "Portalegre", "nuts3_cod": "1C3", "nuts3": "Alto Alentejo", "nuts2": "Alentejo", "nuts1": "Continente", "area_ha": 8253.09, "perimetro_": 51, "designacao": "Barbacena e Vila Fernando" }, "geometry": { "type": "Polygon", "coordinates": [ [ [ -7.267876552075243, 38.8843988550638 ], [ -7.267898730258021, 38.884318580534838 ], [ -7.267930679544119, 38.884240360095461 ], [ -7.267969779666801, 38.884171469669823 ], [ -7.267982170597554, 38.88413787263174 ], [ -7.268083125071524, 38.884095598822334 ], [ -7.268140941385271, 38.884024123955101 ], [ -7.268168053805431, 38.883955844557875 ], [ -7.268217192635475, 38.883877456809088 ], [ -7.268257320847654, 38.883819546190693 ], [ -7.268306293453806, 38.883754853397903 ], [ -7.268381547990717, 38.883690355217674 ], [ -7.268478538262692, 38.883639713262731 ], [ -7.268588710304797, 38.883585744989574 ], [ -7.268690121899842, 38.883531712659995 ], [ -7.268822153950662, 38.88348132982064 ], [ -7.26891497088639, 38.883413536548645 ], [ -7.269008243831404, 38.883308083523303 ], [ -7.26907031428934, 38.883246911157308 ], [ -7.269158584706678, 38.883192780273475 ], [ -7.269268962837679, 38.883121693713534 ], [ -7.26947603930668, 38.88302392981921 ], [ -7.269643360488926, 38.882953263142831 ], [ -7.269894570648368, 38.882828433284473 ], [ -7.270212105892504, 38.88265273283502 ], [ -7.270331532166542, 38.882557743489592 ], [ -7.270468244534467, 38.88241360591423 ], [ -7.270583816027402, 38.882343895905343 ], [ -7.270729441163431, 38.882255948227353 ], [ -7.270846618477046, 38.882143728888593 ], [ -7.270902121834988, 38.882089913177161 ], [ -7.271049048121062, 38.881995782796075 ], [ -7.271176403985498, 38.881927631950724 ], [ -7.271380551174157, 38.881846900025074 ], [ -7.271469383706656, 38.881800803697097 ], [ -7.271651826237652, 38.881733058797181 ], [ -7.271894362854733, 38.881622784620177 ], [ -7.272067034490907, 38.881571723159091 ], [ -7.272249158478525, 38.881520730226043 ], [ -7.272447916812761, 38.881475533574836 ], [ -7.272707027769113, 38.881386006631992 ], [ -7.272982841029224, 38.881296607544662 ], [ -7.27324461333728, 38.881186477632781 ], [ -7.273436594101455, 38.88112060170409 ], [ -7.273491808603175, 38.881091103456974 ], [ -7.273585361160651, 38.881054407378194 ], [ -7.273916913955867, 38.88093724109676 ], [ -7.274145342960008, 38.880884137590989 ], [ -7.27434306827333, 38.88083423257163 ], [ -7.274561664155229, 38.880807559347303 ], [ -7.274698404690502, 38.880754428241623 ], [ -7.274966989352909, 38.880677891972745 ], [ -7.275156716249511, 38.88058213784101 ], [ -7.275245434717639, 38.880554777438846 ], [ -7.275374918694983, 38.880520236404998 ], [ -7.275509080119228, 38.880480142990713 ], [ -7.275648038978045, 38.880443783219953 ], [ -7.275761104013865, 38.880384889516748 ], [ -7.275850226851978, 38.880323837337329 ], [ -7.275932341614315, 38.880251570375286 ], [ -7.276068529394963, 38.88014499077898 ], [ -7.276080724404948, 38.880223832094948 ], [ -7.276110274711175, 38.880316497023898 ], [ -7.276117636293439, 38.880432966847579 ], [ -7.276125368040866, 38.880518623069065 ], [ -7.276141449622766, 38.880638580718319 ], [ -7.276144636937668, 38.880737899824787 ], [ -7.2761917908473, 38.880823845345084 ], [ -7.276243242601842, 38.88091667095361 ], [ -7.276363585411012, 38.88110929772278 ], [ -7.276437185434018, 38.881181740933719 ], [ -7.276479959965689, 38.881267655105667 ], [ -7.276518764539101, 38.881319299090769 ], [ -7.276574598233749, 38.881412156693152 ], [ -7.276639314275093, 38.88149480701307 ], [ -7.27673031291728, 38.881577650053245 ], [ -7.276808334903332, 38.88164670252435 ], [ -7.276864455732573, 38.881715593448703 ], [ -7.276942519096738, 38.881781221397929 ], [ -7.27701169925822, 38.881857056571853 ], [ -7.277063399308443, 38.881929339723669 ], [ -7.277132456504674, 38.882015445426667 ], [ -7.277210438281002, 38.882087921166949 ], [ -7.277310075250894, 38.88218109857236 ], [ -7.277392560664923, 38.882243334793898 ], [ -7.277496742407344, 38.88232285000781 ], [ -7.277626959648232, 38.882423099779999 ], [ -7.277739944282207, 38.882499255434375 ], [ -7.277887806823883, 38.882589362668718 ], [ -7.278296558705281, 38.882842306364893 ], [ -7.278561541866587, 38.883029141931274 ], [ -7.278870085169136, 38.883236838578462 ], [ -7.279006854011428, 38.883338652540175 ], [ -7.2791357270987, 38.883368892715033 ], [ -7.279508404133714, 38.883454730071747 ], [ -7.279947900012997, 38.883507118787669 ], [ -7.280223575440672, 38.883554978354233 ], [ -7.280340498870989, 38.883568978178779 ], [ -7.280464324855719, 38.883603483918442 ], [ -7.280599928636845, 38.883654912744156 ], [ -7.280728464997044, 38.883700706838177 ], [ -7.280961044059874, 38.883835088080254 ], [ -7.281171802264504, 38.883991824450256 ], [ -7.281406515106368, 38.884150536710123 ], [ -7.281600662850146, 38.884299495487483 ], [ -7.281894981863962, 38.884466119625586 ], [ -7.282194045059302, 38.884630880569148 ], [ -7.282453568374193, 38.884701074321143 ], [ -7.28256994759621, 38.884769995220054 ], [ -7.282705261641694, 38.884836373207889 ], [ -7.282821544625766, 38.884904414902842 ], [ -7.282940202824648, 38.884976348896174 ], [ -7.283058523848338, 38.885066925390227 ], [ -7.283146361313507, 38.885123681986627 ], [ -7.283280423863197, 38.885162485680631 ], [ -7.283419620050388, 38.885245674276106 ], [ -7.283576133732454, 38.885346108768587 ], [ -7.283867585983177, 38.885519428641722 ], [ -7.284206756698076, 38.885764799750739 ], [ -7.28445120702194, 38.885910429019233 ], [ -7.284558011680039, 38.885971015570135 ], [ -7.284685818206063, 38.886069042972039 ], [ -7.284989254848854, 38.886284273558793 ], [ -7.285110081595027, 38.886367481646026 ], [ -7.285207205106322, 38.886448533989061 ], [ -7.285278174482984, 38.886508861457628 ], [ -7.285398989675382, 38.886593780627877 ], [ -7.285555242899724, 38.886712639464179 ], [ -7.285638125459039, 38.886769266341531 ], [ -7.285768326682486, 38.886869207863022 ], [ -7.285898771181111, 38.886948698983367 ], [ -7.286048173188646, 38.887043191117776 ], [ -7.286195311129989, 38.887133973475748 ], [ -7.286359030554029, 38.887236043660828 ], [ -7.286517862938406, 38.887341772248163 ], [ -7.286759871768454, 38.887489357076589 ], [ -7.286930673939695, 38.88759706528446 ], [ -7.287023077836612, 38.887657541617074 ], [ -7.28716321141106, 38.887737102433285 ], [ -7.287400668605739, 38.887860245650465 ], [ -7.287531144946811, 38.887937842657408 ], [ -7.287911331744752, 38.88811624210696 ], [ -7.288194265203659, 38.88823412629705 ], [ -7.288380206640934, 38.888280326454804 ], [ -7.288554060804658, 38.88832454727023 ], [ -7.288602921412993, 38.888237077237875 ], [ -7.288690267566055, 38.888121867908801 ], [ -7.288789310618149, 38.888040340973262 ], [ -7.28888808252514, 38.88797196505918 ], [ -7.28901586483892, 38.887877584522364 ], [ -7.289169760980299, 38.887796452877147 ], [ -7.28932855760704, 38.887700589187439 ], [ -7.289499413139303, 38.887599042959764 ], [ -7.28967982992372, 38.887497566443294 ], [ -7.28977108374851, 38.887460840829547 ], [ -7.289910004527711, 38.887437611540975 ], [ -7.290101319582228, 38.887418453532753 ], [ -7.290316676835981, 38.887393791180841 ], [ -7.290441036449919, 38.88738351825026 ], [ -7.290498626567081, 38.887367090318058 ], [ -7.290566087002919, 38.887315239565055 ], [ -7.290720886484422, 38.8872215808357 ], [ -7.290824636431842, 38.887132433146213 ], [ -7.290915922651354, 38.887037531412176 ], [ -7.291160891925597, 38.886925347689456 ], [ -7.291370153108732, 38.886820381547821 ], [ -7.291554221012021, 38.886819813984367 ], [ -7.291802770676176, 38.886814125958125 ], [ -7.291946173489707, 38.886811463230551 ], [ -7.292017743737632, 38.886821254038928 ], [ -7.29212975122875, 38.886842691182459 ], [ -7.292493956598094, 38.886959432527441 ], [ -7.292751169839393, 38.887030369573701 ], [ -7.292922542807254, 38.887089519750411 ], [ -7.293091810437067, 38.887122537546752 ], [ -7.293345917767179, 38.887214804642355 ], [ -7.293723095856784, 38.887278517833778 ], [ -7.294045301798096, 38.887318179623414 ], [ -7.294485891123662, 38.887044981645616 ], [ -7.294632753073139, 38.886963885015142 ], [ -7.294880328702064, 38.886834864136276 ], [ -7.295005291409069, 38.886783428080982 ], [ -7.295113188466201, 38.886752404319679 ], [ -7.295369241979296, 38.88670577561544 ], [ -7.295603344038359, 38.886678797784263 ], [ -7.295824303155225, 38.886623103203512 ], [ -7.296109927062721, 38.886566849372237 ], [ -7.296504992557743, 38.886444846174953 ], [ -7.296780476259803, 38.886383308877647 ], [ -7.296972188312727, 38.886339821579099 ], [ -7.297063211511093, 38.886321737275679 ], [ -7.297161237099001, 38.886316850705306 ], [ -7.297326339626443, 38.886301189040566 ], [ -7.297558582064238, 38.886271137647462 ], [ -7.297706776306811, 38.886262918236767 ], [ -7.297814553678476, 38.886241259144811 ], [ -7.298144917040758, 38.886187590302818 ], [ -7.298437089450561, 38.886137342501172 ], [ -7.298614306106574, 38.886101223490286 ], [ -7.298722109817712, 38.886077761300491 ], [ -7.298823079104242, 38.886007591067461 ], [ -7.298957834914331, 38.885926400655165 ], [ -7.29912086925814, 38.885880812422279 ], [ -7.299379742335707, 38.885809788599779 ], [ -7.299523693947187, 38.885760368577913 ], [ -7.299780063476996, 38.885706168635579 ], [ -7.300000392532021, 38.885659184702313 ], [ -7.300110750033753, 38.885624389710415 ], [ -7.3001513997492, 38.885617204180704 ], [ -7.300318949360916, 38.885609120417513 ], [ -7.300350284266034, 38.885590604222955 ], [ -7.300496097414067, 38.88559971586492 ], [ -7.300928946901772, 38.885551756533843 ], [ -7.301328375091602, 38.885524693255803 ], [ -7.301526830930342, 38.88551493448729 ], [ -7.302071832262169, 38.885496378113565 ], [ -7.302337990459997, 38.885487706907412 ], [ -7.303039277765014, 38.885512795940912 ], [ -7.303366678734917, 38.885515118393194 ], [ -7.303579258290505, 38.88552031564371 ], [ -7.30373477191251, 38.885506468402873 ], [ -7.303918785337524, 38.885500383527621 ], [ -7.304239226083951, 38.88547644522118 ], [ -7.304691218869668, 38.885447936597387 ], [ -7.304861159617588, 38.885422930547961 ], [ -7.305112233829964, 38.885407861328389 ], [ -7.305298833546115, 38.885386842488522 ], [ -7.305740625625096, 38.885344831460337 ], [ -7.306216796184057, 38.885346765915877 ], [ -7.306704509167417, 38.885339041863574 ], [ -7.306979268966304, 38.88533908998668 ], [ -7.307145973873625, 38.885303411477501 ], [ -7.307759285852385, 38.885195377643299 ], [ -7.307938965321448, 38.885207776586988 ], [ -7.308029733100753, 38.885212110256035 ], [ -7.30830546629542, 38.885208868907888 ], [ -7.308642018191676, 38.885233719090664 ], [ -7.309036037040651, 38.885262185140498 ], [ -7.309352052471635, 38.885286889243339 ], [ -7.309717905679018, 38.885332455439553 ], [ -7.309968589945336, 38.885351066438545 ], [ -7.310207354937865, 38.88536400540535 ], [ -7.310417472395968, 38.88538223496424 ], [ -7.310486884953907, 38.885369660982057 ], [ -7.310738130343148, 38.885339631632966 ], [ -7.311039787096605, 38.885295091201009 ], [ -7.311470509008438, 38.88524218026641 ], [ -7.312432605923832, 38.885112466370366 ], [ -7.312684000481319, 38.885078738902209 ], [ -7.312799033695713, 38.885047839864356 ], [ -7.313009868953793, 38.88499329092118 ], [ -7.313316657814407, 38.884913199189846 ], [ -7.313584389617674, 38.884815818729905 ], [ -7.314048307246523, 38.88466800056068 ], [ -7.314240872176985, 38.884620394098697 ], [ -7.31483066588128, 38.88441262984761 ], [ -7.315053350345106, 38.884337136176924 ], [ -7.315300825415101, 38.884248973378575 ], [ -7.31558678570344, 38.884141813757076 ], [ -7.315778357411618, 38.8840887454094 ], [ -7.316006112926117, 38.884006020665694 ], [ -7.31626975792803, 38.883928867409487 ], [ -7.316459083501765, 38.883870466761067 ], [ -7.316695449025539, 38.883810683232802 ], [ -7.316907167300806, 38.883759465350408 ], [ -7.317053560651455, 38.88371662085337 ], [ -7.317301313719784, 38.883648086291991 ], [ -7.317528823960818, 38.883586436752736 ], [ -7.317709115862526, 38.883541934764551 ], [ -7.317837472049721, 38.883514727765949 ], [ -7.318276654870057, 38.883395011501364 ], [ -7.318601083813474, 38.883312959829503 ], [ -7.318891773843822, 38.883228865948659 ], [ -7.319103552299496, 38.883161885446469 ], [ -7.319265791303793, 38.883113831352922 ], [ -7.319497789955395, 38.88306283567055 ], [ -7.319729605352065, 38.883017068142351 ], [ -7.319956812995649, 38.882981808021178 ], [ -7.320172725941518, 38.882946376946087 ], [ -7.320480687887606, 38.88291338404256 ], [ -7.320800109796126, 38.882866509851844 ], [ -7.320991179652018, 38.882846762562437 ], [ -7.321170901422609, 38.882832154237406 ], [ -7.321456344470029, 38.882813145225882 ], [ -7.321662041513076, 38.8828023711323 ], [ -7.32216725347964, 38.882771609062885 ], [ -7.322800951198448, 38.88276967939786 ], [ -7.323036745762476, 38.882739297406125 ], [ -7.323370761855369, 38.882715710547913 ], [ -7.323737292194181, 38.882670776365089 ], [ -7.324088160289606, 38.882624106620007 ], [ -7.324366878858905, 38.882589193873265 ], [ -7.324519999463813, 38.882551610161457 ], [ -7.32474513321777, 38.882505696306673 ], [ -7.32503109720006, 38.882441012897047 ], [ -7.325317043458692, 38.882377950956197 ], [ -7.325542078151464, 38.882330412579485 ], [ -7.32576276974565, 38.882279240642298 ], [ -7.325848322664661, 38.882255241882326 ], [ -7.326064188252995, 38.88223393991629 ], [ -7.326302369756737, 38.882216305661643 ], [ -7.326524871984564, 38.882198475243015 ], [ -7.326814857022878, 38.882165340527379 ], [ -7.327419622394317, 38.882097538453131 ], [ -7.327961795051621, 38.882010019695755 ], [ -7.328312823886746, 38.881949289855882 ], [ -7.328663675621502, 38.881893788535287 ], [ -7.328809956292332, 38.881870200536973 ], [ -7.328969716013812, 38.881836169719797 ], [ -7.329178857488565, 38.881807788737206 ], [ -7.329480133972156, 38.881774730530871 ], [ -7.329677982019891, 38.881746270929462 ], [ -7.329853518248159, 38.881714058918966 ], [ -7.330082809299094, 38.881668492122301 ], [ -7.330372974859142, 38.881647452601207 ], [ -7.330609300395657, 38.881599891970588 ], [ -7.330744170377609, 38.881576228528083 ], [ -7.331002351144303, 38.881583223160078 ], [ -7.331240491095394, 38.881569091552414 ], [ -7.331373972637875, 38.881494519572371 ], [ -7.331720127071437, 38.881251072480381 ], [ -7.331955772811045, 38.881078926393933 ], [ -7.332073349034799, 38.881004158903131 ], [ -7.332212276490442, 38.880945265263243 ], [ -7.332382295850716, 38.88091741458372 ], [ -7.332599993893906, 38.88089403498396 ], [ -7.333078674658574, 38.880844304015575 ], [ -7.333339213620313, 38.880790404634254 ], [ -7.333694575814237, 38.880706707670356 ], [ -7.334082382624916, 38.880647183237528 ], [ -7.334195488576229, 38.88065880605771 ], [ -7.334310881400169, 38.880789578205842 ], [ -7.334452776360939, 38.880941515954895 ], [ -7.334576770123032, 38.881096844137645 ], [ -7.334723275785412, 38.881248903161762 ], [ -7.334873883153543, 38.881436122961965 ], [ -7.335143091774073, 38.881859340004233 ], [ -7.335297727817178, 38.882088737633694 ], [ -7.335430360277863, 38.882275743813018 ], [ -7.335682769418539, 38.88260417609164 ], [ -7.335944642871422, 38.882879881623936 ], [ -7.33621105181402, 38.883152108098031 ], [ -7.336375191297023, 38.883335815181844 ], [ -7.336526082969049, 38.883498350829754 ], [ -7.336753334945383, 38.883654470209912 ], [ -7.336989349596227, 38.883821278931769 ], [ -7.337265029041543, 38.884068973242648 ], [ -7.337522731846656, 38.884316545320473 ], [ -7.337851258883834, 38.884662966480136 ], [ -7.338117409857402, 38.884959685181073 ], [ -7.338268307927065, 38.88511186059808 ], [ -7.338472553561544, 38.885327451285207 ], [ -7.338721236899367, 38.885578386763825 ], [ -7.33892501814364, 38.885825679851344 ], [ -7.339133253938837, 38.886086964870287 ], [ -7.339305931849913, 38.886302339430316 ], [ -7.339620518283866, 38.886690726048904 ], [ -7.339851078065212, 38.886966391000072 ], [ -7.340104499791627, 38.887196366751581 ], [ -7.340718093502907, 38.887748375067027 ], [ -7.340971598237251, 38.887981857104542 ], [ -7.341340334569805, 38.888342678779459 ], [ -7.341557656515324, 38.888586459542708 ], [ -7.341811090474688, 38.888816341573992 ], [ -7.342005377341596, 38.888705237852633 ], [ -7.342294740390457, 38.888531632595345 ], [ -7.342529784249093, 38.888392792642605 ], [ -7.342982007665627, 38.888104445951988 ], [ -7.343303179214803, 38.88789943711955 ], [ -7.343615055921142, 38.887711926941719 ], [ -7.343890969799704, 38.887534809196865 ], [ -7.344727618655365, 38.887020705210361 ], [ -7.345292803416242, 38.88667690283657 ], [ -7.345604895373112, 38.886478853258083 ], [ -7.346052522296629, 38.88619748953321 ], [ -7.34629654112584, 38.886058612304062 ], [ -7.346689683676159, 38.885836512044584 ], [ -7.346870386179836, 38.885732426545822 ], [ -7.347363101529287, 38.885447758212635 ], [ -7.348127171008113, 38.884989350344263 ], [ -7.348556453242006, 38.88473938428217 ], [ -7.348660136607832, 38.884711977590285 ], [ -7.348822206122024, 38.884667390656425 ], [ -7.349056795869157, 38.884577716647861 ], [ -7.349210528836624, 38.884473356311467 ], [ -7.349378093740154, 38.884348098745647 ], [ -7.349509699714639, 38.884222604135473 ], [ -7.349709528263551, 38.884023792707353 ], [ -7.349882394396088, 38.88382479377492 ], [ -7.350227603906002, 38.884283795460476 ], [ -7.350705498592695, 38.884929603410725 ], [ -7.351072996769085, 38.885406136850726 ], [ -7.351417800142565, 38.885903687200752 ], [ -7.351620664670189, 38.885838294954425 ], [ -7.351936084222618, 38.885735100424746 ], [ -7.352761057330112, 38.885459744071802 ], [ -7.353094600144895, 38.885342529842013 ], [ -7.353716442095568, 38.885146517248764 ], [ -7.354473641533637, 38.884902227068011 ], [ -7.355082520346104, 38.884667575638446 ], [ -7.355209010718587, 38.884598154291062 ], [ -7.355921334510367, 38.884346529646677 ], [ -7.35656159454509, 38.884118919797245 ], [ -7.356859242829974, 38.884005054625092 ], [ -7.35747279674332, 38.88374231481648 ], [ -7.358343615546278, 38.883358323106066 ], [ -7.358690318631647, 38.883269277092438 ], [ -7.359101780531135, 38.883128056713367 ], [ -7.359177147682061, 38.883106131444947 ], [ -7.359323989542125, 38.883417184928106 ], [ -7.359429770880959, 38.883607545972303 ], [ -7.359565320912617, 38.883894440278262 ], [ -7.359697085968941, 38.884175288563341 ], [ -7.359777317300345, 38.884410540442261 ], [ -7.359884898039954, 38.884628967623364 ], [ -7.359996977133301, 38.884857966258679 ], [ -7.360142197545179, 38.885134563157692 ], [ -7.360284922828645, 38.885428703970696 ], [ -7.360526210761975, 38.885860629014637 ], [ -7.360695814012918, 38.886204946470109 ], [ -7.360771313012685, 38.886346938757846 ], [ -7.360824257702306, 38.886437603375121 ], [ -7.360846649353404, 38.886503981874064 ], [ -7.360903380519459, 38.886600693179176 ], [ -7.360937099697937, 38.886688220207859 ], [ -7.360943605181237, 38.886791961378421 ], [ -7.360993965915981, 38.886920471112774 ], [ -7.361046417227152, 38.887047197599564 ], [ -7.361188191965126, 38.887333371705971 ], [ -7.361298292946128, 38.887619406535912 ], [ -7.361351541386847, 38.887672452934844 ], [ -7.361409307505647, 38.887734267586005 ], [ -7.361462955874718, 38.887761016644959 ], [ -7.361514304939055, 38.887777114132504 ], [ -7.361572182984897, 38.887828389472567 ], [ -7.361607320881293, 38.887893567529332 ], [ -7.361640180678879, 38.8879780998912 ], [ -7.36167059615501, 38.888064323062835 ], [ -7.361732794204142, 38.888175390588366 ], [ -7.361781499231693, 38.888302153230143 ], [ -7.361845317684646, 38.888456109190201 ], [ -7.361920202856253, 38.888655295858001 ], [ -7.361957905975571, 38.888730807321302 ], [ -7.36197635015702, 38.888806190684264 ], [ -7.362025479125585, 38.888893819141643 ], [ -7.362049146795419, 38.888967499390766 ], [ -7.362118017650358, 38.889036413959026 ], [ -7.3621914398596, 38.889100126834713 ], [ -7.362271646735693, 38.889165602231806 ], [ -7.36233623031051, 38.889215119904229 ], [ -7.362409635678419, 38.889280639485541 ], [ -7.362480904043046, 38.889330291277503 ], [ -7.362647877803084, 38.889461284002245 ], [ -7.362833048739776, 38.889583653610963 ], [ -7.362966637358753, 38.889679298118452 ], [ -7.363008824819855, 38.889732361776041 ], [ -7.362722824357124, 38.889800735602961 ], [ -7.362513463669816, 38.889848539111526 ], [ -7.362340351495631, 38.889880639613786 ], [ -7.362002600651662, 38.88995921091864 ], [ -7.361700967942077, 38.890023880401856 ], [ -7.361361090361966, 38.890097126626962 ], [ -7.361162919915073, 38.890143290193585 ], [ -7.360973881374228, 38.890187619480798 ], [ -7.360766727515753, 38.890233541911066 ], [ -7.360546202441826, 38.890279556559037 ], [ -7.360336820415867, 38.890329066580044 ], [ -7.359887758094545, 38.890533277293976 ], [ -7.358068613295432, 38.891407383219445 ], [ -7.358259168406535, 38.891507492596297 ], [ -7.358759510942388, 38.891783761808377 ], [ -7.359238967418209, 38.892092003058927 ], [ -7.359616449753972, 38.892331328693444 ], [ -7.359896919735183, 38.892517829763108 ], [ -7.360039113977322, 38.892667288274559 ], [ -7.360191275731747, 38.892844910445859 ], [ -7.360399194264112, 38.893091139575191 ], [ -7.360622478028975, 38.893341482934893 ], [ -7.360896513757068, 38.893648358128793 ], [ -7.360959718143695, 38.893770706720268 ], [ -7.361077411327457, 38.893897863595136 ], [ -7.361179431486281, 38.894014461447746 ], [ -7.36128941930554, 38.894129225657601 ], [ -7.361458181806893, 38.894309413202386 ], [ -7.361647254246418, 38.894520340297277 ], [ -7.361768519406373, 38.894796165811066 ], [ -7.361810821505592, 38.894828059727445 ], [ -7.361870864218035, 38.894882862198074 ], [ -7.362015791471068, 38.894985695145962 ], [ -7.362240635973367, 38.895108622182008 ], [ -7.362401250866702, 38.895218060009547 ], [ -7.362515868545596, 38.895306120442932 ], [ -7.362619093347562, 38.895379053648973 ], [ -7.362710728892196, 38.895454919782516 ], [ -7.362825576113702, 38.895521908718045 ], [ -7.362940259832521, 38.895603948395987 ], [ -7.363027793715764, 38.895683971319869 ], [ -7.363103735097583, 38.895717802602782 ], [ -7.363179563952318, 38.895762168547137 ], [ -7.363264454849469, 38.895810197288526 ], [ -7.36335148727408, 38.895863374498454 ], [ -7.363416172098921, 38.895904243878292 ], [ -7.363552724186399, 38.895966233559832 ], [ -7.363659835459086, 38.896036181073626 ], [ -7.363851108034059, 38.896160870869643 ], [ -7.363919861338704, 38.89621551258594 ], [ -7.364004055136802, 38.896267245584383 ], [ -7.364095921709543, 38.89632203944435 ], [ -7.364195296474995, 38.896394944996757 ], [ -7.364318326738267, 38.896474376498254 ], [ -7.364420313537321, 38.896529889799524 ], [ -7.364593382107784, 38.89662431322914 ], [ -7.36472695525095, 38.896691269515784 ], [ -7.364845733802918, 38.896746467784766 ], [ -7.364920001182573, 38.8967780511515 ], [ -7.365038863774104, 38.896825475197367 ], [ -7.365137790653513, 38.896876655738502 ], [ -7.365251219633609, 38.896966799964005 ], [ -7.365354951830803, 38.897033558380024 ], [ -7.365488233564587, 38.897127719755929 ], [ -7.365616332946023, 38.897241281110851 ], [ -7.365709659825013, 38.897350726946016 ], [ -7.365796319219831, 38.897424450136043 ], [ -7.365897866632959, 38.897397087161757 ], [ -7.366005903069863, 38.897373206787435 ], [ -7.366208351493921, 38.89733760407205 ], [ -7.366408761050819, 38.897288023819023 ], [ -7.366590997312733, 38.897255886303583 ], [ -7.36681832252653, 38.897211707432959 ], [ -7.36699826120367, 38.897179559605441 ], [ -7.367189582152197, 38.897138651375471 ], [ -7.367392103833292, 38.897096111122174 ], [ -7.367531639886935, 38.897068921986332 ], [ -7.367938950968989, 38.896987361511279 ], [ -7.368071783104818, 38.896961840165332 ], [ -7.368240446708717, 38.896948980479152 ], [ -7.368433770176055, 38.896925655622496 ], [ -7.368687718489329, 38.896902721968871 ], [ -7.36889677879182, 38.896884719358631 ], [ -7.369148600875224, 38.896856549897784 ], [ -7.369461078332559, 38.896825263600007 ], [ -7.369712726721213, 38.896802403649545 ], [ -7.369926356886311, 38.896777401232086 ], [ -7.370089329568046, 38.896757479237799 ], [ -7.370565692056652, 38.896728966021321 ], [ -7.37089151399453, 38.896678393693087 ], [ -7.371080312768109, 38.896669087887744 ], [ -7.371552060657523, 38.896640629701736 ], [ -7.372105022131351, 38.896584596609436 ], [ -7.372249239217526, 38.896539866332674 ], [ -7.37237539709336, 38.896502045155174 ], [ -7.37245147975592, 38.896534154416116 ], [ -7.372586176521708, 38.896528004015899 ], [ -7.372927953993147, 38.896484556861637 ], [ -7.373170867960001, 38.896447583202274 ], [ -7.373472144224968, 38.896407475737341 ], [ -7.37373300319823, 38.896374125270555 ], [ -7.373930853890823, 38.896347397797832 ], [ -7.374146690638114, 38.896320691422126 ], [ -7.374398190456763, 38.896322323258232 ], [ -7.37477108786793, 38.896300151937702 ], [ -7.375046362878306, 38.896287791930767 ], [ -7.375257682459128, 38.896262856620424 ], [ -7.375536406325804, 38.896229533400145 ], [ -7.375821931626091, 38.896196343704261 ], [ -7.376062425962336, 38.896169793705518 ], [ -7.376289783987797, 38.896132621703629 ], [ -7.376456172813842, 38.896105591426831 ], [ -7.37663628746919, 38.896066403811261 ], [ -7.376843314013938, 38.896022163937602 ], [ -7.37705721627009, 38.89597094217617 ], [ -7.377273271883313, 38.895923156003704 ], [ -7.377538598672492, 38.895881093830837 ], [ -7.377813071185579, 38.895835480811861 ], [ -7.378040174412333, 38.895800197172115 ], [ -7.378325863587492, 38.895751147864125 ], [ -7.378575558761955, 38.89570528730075 ], [ -7.378976034271452, 38.895635896390615 ], [ -7.379247009816262, 38.895593684853388 ], [ -7.379678743536842, 38.895533321835401 ], [ -7.380074703859551, 38.895465613086692 ], [ -7.380484041581452, 38.895397984717995 ], [ -7.380956336646232, 38.895327338446457 ], [ -7.382283362047804, 38.895111208136079 ], [ -7.382629537365039, 38.895053712317704 ], [ -7.383092611929623, 38.894993536285703 ], [ -7.383668471741375, 38.894895349065905 ], [ -7.384379366388166, 38.894780547250605 ], [ -7.385090136550617, 38.894655200328685 ], [ -7.385611898784282, 38.894570801786301 ], [ -7.386160676139387, 38.894483054403189 ], [ -7.386596998184097, 38.894412069552828 ], [ -7.387190751710752, 38.894310556371877 ], [ -7.388036582243162, 38.894164976967922 ], [ -7.388481935441267, 38.894090522454356 ], [ -7.38902178093773, 38.893995683984365 ], [ -7.389548000194505, 38.893914719158083 ], [ -7.390195828786472, 38.893799571182505 ], [ -7.391126968231079, 38.893640548269595 ], [ -7.392247183546191, 38.893454518080816 ], [ -7.393190242993008, 38.89324502258733 ], [ -7.393316272915918, 38.893434900294828 ], [ -7.393390996347563, 38.893511752284049 ], [ -7.393752408086915, 38.893788306842396 ], [ -7.394109776363159, 38.894026646303907 ], [ -7.394388257737457, 38.89430712831556 ], [ -7.39452372490101, 38.894415985598727 ], [ -7.394682377949303, 38.894589302935024 ], [ -7.394892880085396, 38.894821229858891 ], [ -7.394977781725867, 38.89491517613947 ], [ -7.395094005625311, 38.895045797247143 ], [ -7.395223242431902, 38.895188218664096 ], [ -7.395376457861034, 38.895364474142127 ], [ -7.395440971638371, 38.895434872000394 ], [ -7.395527852527185, 38.895527386437593 ], [ -7.395614537139848, 38.895627197652509 ], [ -7.395692084812908, 38.89570794473471 ], [ -7.395848992909032, 38.895884132828975 ], [ -7.39592104049666, 38.895961875171395 ], [ -7.396068513493923, 38.896124942152547 ], [ -7.396184766264964, 38.896252593387793 ], [ -7.396302967689435, 38.896381786319438 ], [ -7.396367539444906, 38.896458128242372 ], [ -7.396450499250008, 38.896550620846646 ], [ -7.396458815673068, 38.896649938759964 ], [ -7.396461592665887, 38.896749220821519 ], [ -7.396471425406403, 38.896868908521739 ], [ -7.396487096730724, 38.89698132776644 ], [ -7.396498761163329, 38.897124447172999 ], [ -7.396509264589157, 38.897190270932057 ], [ -7.396564570867415, 38.8974387780071 ], [ -7.396583751330902, 38.897556994235387 ], [ -7.396670265172022, 38.897674275004157 ], [ -7.396799020277922, 38.89786488127266 ], [ -7.397009006101717, 38.898147960577418 ], [ -7.397233775661261, 38.898439784618191 ], [ -7.397294383189169, 38.898520424747197 ], [ -7.397334780964094, 38.898593733991149 ], [ -7.39738605138439, 38.898686022604643 ], [ -7.397450626152128, 38.898762272049794 ], [ -7.397567505374238, 38.899019910362057 ], [ -7.397614777951326, 38.899131271016103 ], [ -7.39770059971482, 38.899315657082326 ], [ -7.397722285318853, 38.899381550243874 ], [ -7.39778296048337, 38.899478227033818 ], [ -7.397960047440535, 38.89976278273042 ], [ -7.398133743235562, 38.899858482853638 ], [ -7.39821133437828, 38.899924546773384 ], [ -7.398259363758073, 38.899973038730487 ], [ -7.398272165716556, 38.900006627229658 ], [ -7.398282830418787, 38.900056328849196 ], [ -7.398300322504202, 38.900171825499093 ], [ -7.39831818574863, 38.900250756623471 ], [ -7.398367443306114, 38.900359068615622 ], [ -7.39842434951712, 38.900452837063057 ], [ -7.398501334987653, 38.900589067335126 ], [ -7.398613598932335, 38.90074740471691 ], [ -7.398670615275529, 38.900841173733113 ], [ -7.398745334802721, 38.900951713900234 ], [ -7.398338110046493, 38.901014981366771 ], [ -7.397766308630469, 38.901051765913138 ], [ -7.397370865436445, 38.901100898083165 ], [ -7.397009200094002, 38.901139067763381 ], [ -7.396612871767415, 38.9011499241712 ], [ -7.395847233197827, 38.901290903980311 ], [ -7.39529765101212, 38.901445449776617 ], [ -7.394994074659733, 38.90149514807257 ], [ -7.394576914940282, 38.901570972044226 ], [ -7.394190459415936, 38.901642574150301 ], [ -7.39396044464142, 38.901679224568646 ], [ -7.393806976537768, 38.901716358357611 ], [ -7.393555338379607, 38.901782055243537 ], [ -7.393211435159719, 38.90187410187545 ], [ -7.393011853594672, 38.901933281580568 ], [ -7.392690023105905, 38.901982626656284 ], [ -7.392155351504146, 38.902128519149457 ], [ -7.391934261563689, 38.902231552519787 ], [ -7.391771193620463, 38.902304561771842 ], [ -7.391349633101297, 38.902503750498532 ], [ -7.391017499169708, 38.902649734405415 ], [ -7.390897495574237, 38.90270509072969 ], [ -7.3904950945405, 38.902834861976729 ], [ -7.390206490253171, 38.902918331960223 ], [ -7.389890178786641, 38.903006038647312 ], [ -7.389408466822873, 38.903112601726455 ], [ -7.389027994277978, 38.903195393484609 ], [ -7.388862434821053, 38.903219023952367 ], [ -7.388545221173283, 38.903213029924814 ], [ -7.388189221558677, 38.903266306217219 ], [ -7.387112408263985, 38.903419129982289 ], [ -7.386458481532493, 38.903564826935607 ], [ -7.386317411117624, 38.90358410112065 ], [ -7.386111940602222, 38.903620983095095 ], [ -7.385894419715401, 38.903642023143014 ], [ -7.385784071848502, 38.903655729249721 ], [ -7.385661396901087, 38.903668460065177 ], [ -7.385321126214217, 38.903708889571867 ], [ -7.385106485639117, 38.903741029718006 ], [ -7.38493483812543, 38.903762451941247 ], [ -7.384744915053787, 38.90377916102247 ], [ -7.384487362359866, 38.903813362469343 ], [ -7.384300480162707, 38.903825680136485 ], [ -7.384131859704762, 38.903844775877559 ], [ -7.383892941966717, 38.90386116925648 ], [ -7.383804040060536, 38.90387411483794 ], [ -7.383675275019178, 38.903884458862883 ], [ -7.383561847290889, 38.90390616178329 ], [ -7.383108216274301, 38.903950362676127 ], [ -7.383016296560387, 38.90395427873262 ], [ -7.382869252830009, 38.903960090641341 ], [ -7.382325688674919, 38.903989053166669 ], [ -7.381606878273975, 38.904052879293133 ], [ -7.3810315203661, 38.904105706110379 ], [ -7.38063559961059, 38.90415175899723 ], [ -7.37920788671989, 38.904291831989305 ], [ -7.378585123417563, 38.904360714873249 ], [ -7.377868986661434, 38.904435934519647 ], [ -7.376754699586646, 38.90460008517119 ], [ -7.376264260832966, 38.904657445199206 ], [ -7.375743206569028, 38.904710190776754 ], [ -7.375387625173718, 38.904748241831498 ], [ -7.375157873220542, 38.904769182465593 ], [ -7.374545090323054, 38.904796650470971 ], [ -7.374015266658732, 38.904817891665175 ], [ -7.373932514762069, 38.904826364935687 ], [ -7.373768102766919, 38.904843298584424 ], [ -7.372807045752322, 38.904968969433618 ], [ -7.372638495619123, 38.905019731896424 ], [ -7.372152726374765, 38.905079273200279 ], [ -7.371359571542492, 38.90522453180921 ], [ -7.371252379552494, 38.905232844614105 ], [ -7.37110212198842, 38.905258794425059 ], [ -7.370801400902404, 38.905308362721726 ], [ -7.370559172812259, 38.905342722621882 ], [ -7.369691489181753, 38.905469395547961 ], [ -7.368774733509418, 38.905605737537073 ], [ -7.368575696486038, 38.905594425844335 ], [ -7.368431497149556, 38.905624826568761 ], [ -7.368209297160637, 38.905713129424839 ], [ -7.36766495546407, 38.905924807808347 ], [ -7.366638872543831, 38.906288407997636 ], [ -7.366521818163483, 38.906357177312216 ], [ -7.366410844383389, 38.906416983217795 ], [ -7.366195150170681, 38.906545728183765 ], [ -7.366004297730299, 38.906647708278442 ], [ -7.365871809731162, 38.906725295874971 ], [ -7.365133236558477, 38.907078148341171 ], [ -7.364141170304388, 38.907602789348992 ], [ -7.36310910273111, 38.908127158911356 ], [ -7.362264416378511, 38.90857984992136 ], [ -7.361464375028452, 38.909012000385928 ], [ -7.360816819938999, 38.909313228866196 ], [ -7.360656445556637, 38.90940102901088 ], [ -7.360080057181188, 38.909645108145106 ], [ -7.359807282424568, 38.909790226556922 ], [ -7.359355061197683, 38.909986843097165 ], [ -7.359142776538889, 38.910075160026565 ], [ -7.358566147125637, 38.910343303142071 ], [ -7.358108228945658, 38.910611201002951 ], [ -7.357846621069156, 38.910739628255563 ], [ -7.35728953641193, 38.91100508798106 ], [ -7.357114121127938, 38.911084720446553 ], [ -7.35690491017806, 38.911186558063037 ], [ -7.356584674199255, 38.911341441036647 ], [ -7.356403027835726, 38.911432200541874 ], [ -7.356055181340379, 38.91160265824729 ], [ -7.355685521447474, 38.911806568415813 ], [ -7.355202141147811, 38.912056833637777 ], [ -7.354937313872089, 38.912194150483224 ], [ -7.354744620529033, 38.912250698122037 ], [ -7.355116720656075, 38.912309829701009 ], [ -7.355416267657239, 38.912361185064903 ], [ -7.355718744457746, 38.912419222174549 ], [ -7.355877197847251, 38.912489811317243 ], [ -7.356108642032053, 38.912601425266736 ], [ -7.356373757081748, 38.912713080828858 ], [ -7.356629965310999, 38.912806747601579 ], [ -7.356898532666734, 38.912887077199521 ], [ -7.357115302569175, 38.912949047375527 ], [ -7.357229249317507, 38.912992702141089 ], [ -7.357508913326733, 38.913018862349858 ], [ -7.357987196382829, 38.913031124959637 ], [ -7.358415538318403, 38.913060896696194 ], [ -7.359171239292072, 38.913108591983942 ], [ -7.359321201826852, 38.913111838869327 ], [ -7.359477367795278, 38.913117372293286 ], [ -7.359691637172329, 38.913123294054316 ], [ -7.359902841578725, 38.913124689464993 ], [ -7.360373876076849, 38.913128125283123 ], [ -7.360797278609942, 38.913094659280347 ], [ -7.361078825695034, 38.913105522898029 ], [ -7.36142656872453, 38.913169804977791 ], [ -7.361626029262682, 38.913216255490987 ], [ -7.36177680195905, 38.913245026129424 ], [ -7.361945386177455, 38.913270441756957 ], [ -7.362149667257938, 38.913282205691928 ], [ -7.362478324199219, 38.913298262816809 ], [ -7.362681551874585, 38.913264897430871 ], [ -7.36281854290344, 38.913337591966176 ], [ -7.362915978146673, 38.913389846308093 ], [ -7.362985866738699, 38.913441919756295 ], [ -7.363046307470279, 38.913514109021335 ], [ -7.363100832894397, 38.913568335691934 ], [ -7.363164679924923, 38.913613613399406 ], [ -7.363240779348611, 38.913645463003988 ], [ -7.363383957448352, 38.913711527464855 ], [ -7.363563884706553, 38.913779998550531 ], [ -7.363670454314688, 38.913830062347238 ], [ -7.363804652678493, 38.913884812872055 ], [ -7.364060795091062, 38.913985132242644 ], [ -7.364307856686831, 38.91407205803533 ], [ -7.364494003618629, 38.914131558233237 ], [ -7.364643484933295, 38.9141796526294 ], [ -7.364817451509362, 38.914234749333026 ], [ -7.364972853823939, 38.914300806721769 ], [ -7.365027621918325, 38.914332604884621 ], [ -7.365079082441397, 38.914393475273044 ], [ -7.365139572516472, 38.91446124999851 ], [ -7.365190966491372, 38.914517614241383 ], [ -7.36526389673575, 38.914576461216619 ], [ -7.365440065418403, 38.914705436520357 ], [ -7.365606890069097, 38.914856869408048 ], [ -7.365704203202873, 38.914931549824104 ], [ -7.365837801182723, 38.915031151572634 ], [ -7.365922765012367, 38.915096745632056 ], [ -7.36594705152497, 38.915121584559891 ], [ -7.365986369138732, 38.915164450302747 ], [ -7.366040544520448, 38.915252266657568 ], [ -7.36611318409735, 38.915326790013097 ], [ -7.366186165584844, 38.915381130188244 ], [ -7.366249441198953, 38.915415233791883 ], [ -7.36635927222714, 38.915451806793108 ], [ -7.366481347488013, 38.915486295544568 ], [ -7.36653298337419, 38.915520233381613 ], [ -7.366608767786904, 38.915592520646626 ], [ -7.366723574284988, 38.915745952386757 ], [ -7.36680223542562, 38.915829428872662 ], [ -7.366884343251995, 38.915881579290769 ], [ -7.367277264123057, 38.916077099997899 ], [ -7.367514830968121, 38.916190799703948 ], [ -7.367709884725441, 38.916279626451015 ], [ -7.367889612910698, 38.916368268645549 ], [ -7.368053856822515, 38.916470319755305 ], [ -7.368230017966922, 38.916601545422111 ], [ -7.368451746533403, 38.916773507613513 ], [ -7.368670403637936, 38.916941039995955 ], [ -7.368801136042083, 38.917018191284924 ], [ -7.368929183118231, 38.917077304024396 ], [ -7.369069518226113, 38.917118664482224 ], [ -7.3692284037503, 38.917151051070476 ], [ -7.369381300891854, 38.917172227804926 ], [ -7.369525067899394, 38.917184426086912 ], [ -7.369641269612375, 38.917207613483342 ], [ -7.369845854244502, 38.917258306303147 ], [ -7.370078053342058, 38.91731368942002 ], [ -7.370286036379331, 38.917337474230699 ], [ -7.370442184927843, 38.917345156554987 ], [ -7.370640918216306, 38.917371136736534 ], [ -7.37087945225647, 38.917395119123618 ], [ -7.371056740683692, 38.917432213711706 ], [ -7.370945010538224, 38.917561560157687 ], [ -7.370840325277513, 38.917625999696043 ], [ -7.370781979769479, 38.91763678917043 ], [ -7.370602454814934, 38.917622577156173 ], [ -7.370469182794237, 38.917618235024797 ], [ -7.370251185654846, 38.917641112596122 ], [ -7.370103653881624, 38.917723468851015 ], [ -7.370066699715873, 38.91779363337686 ], [ -7.369992558320349, 38.917858277190795 ], [ -7.3699179494978, 38.917956426579586 ], [ -7.369830435810752, 38.918128616882704 ], [ -7.369752325390513, 38.918273946361552 ], [ -7.369649981321193, 38.918398932828659 ], [ -7.369547880258121, 38.918490237366903 ], [ -7.369341453093937, 38.918612294408376 ], [ -7.369086237082202, 38.918713762638632 ], [ -7.368898832348245, 38.918770912236624 ], [ -7.368723820235339, 38.918812371081863 ], [ -7.368509431057726, 38.918858700753987 ], [ -7.368344044966936, 38.91894788185283 ], [ -7.368259814610504, 38.919029218189735 ], [ -7.368062153929733, 38.919126563690291 ], [ -7.367959239561366, 38.919191851734027 ], [ -7.367821309049799, 38.919374044553251 ], [ -7.367743789118222, 38.919463253095728 ], [ -7.367560516912333, 38.919704364072146 ], [ -7.367402869965598, 38.919846910272554 ], [ -7.367257465784848, 38.91997603222103 ], [ -7.367164990642095, 38.920040550316692 ], [ -7.367035404006418, 38.920113747838869 ], [ -7.366903059240343, 38.920175662977861 ], [ -7.366730917747395, 38.920239572238728 ], [ -7.366540265824416, 38.920319119574884 ], [ -7.366411041668842, 38.92036988599029 ], [ -7.366331028102509, 38.920411969602391 ], [ -7.366186122082463, 38.920505239200871 ], [ -7.365914718802403, 38.920685147558686 ], [ -7.365761179070966, 38.920787365782466 ], [ -7.365559196668173, 38.920866815402427 ], [ -7.365362921183319, 38.920934957902048 ], [ -7.365184083135801, 38.92103446159755 ], [ -7.364978319470555, 38.921158088827788 ], [ -7.364701745639869, 38.921343480223079 ], [ -7.364513799229425, 38.921449975953195 ], [ -7.364326337248322, 38.921511530640743 ], [ -7.364192345779354, 38.921510499523954 ], [ -7.364041029932736, 38.921530333057426 ], [ -7.363902820157249, 38.921571083062872 ], [ -7.363706691150247, 38.921625337450045 ], [ -7.363620080250046, 38.921681814145309 ], [ -7.363500054752945, 38.9217348925715 ], [ -7.363336588045594, 38.921848211670131 ], [ -7.363163611338393, 38.921988407141406 ], [ -7.363015149982913, 38.922122092974746 ], [ -7.362792228799322, 38.922349420457593 ], [ -7.362678598492734, 38.92250351023074 ], [ -7.362569600871724, 38.922666554393899 ], [ -7.362370750494444, 38.922927727813054 ], [ -7.362122652230567, 38.923222174340054 ], [ -7.362031245918449, 38.923266812669404 ], [ -7.362007973355261, 38.923344823240612 ], [ -7.361955348672495, 38.923402757219016 ], [ -7.361899839889333, 38.923438330327187 ], [ -7.361841323416855, 38.9234648785418 ], [ -7.361755510953693, 38.923477732117711 ], [ -7.361657376286933, 38.923488344153299 ], [ -7.361540987044142, 38.923491991404831 ], [ -7.361407442153313, 38.9234933596804 ], [ -7.361021539505908, 38.923499823762199 ], [ -7.360877449664654, 38.923505627336461 ], [ -7.360727126593249, 38.923533818655599 ], [ -7.360625743152481, 38.923557741519886 ], [ -7.360524344970787, 38.92359301119361 ], [ -7.360438124643812, 38.92363279951708 ], [ -7.360404138203699, 38.923661758591436 ], [ -7.360350048156375, 38.923747695172452 ], [ -7.360304333520114, 38.92382711155539 ], [ -7.360260677938912, 38.923907620673049 ], [ -7.360250510443676, 38.923995018085655 ], [ -7.3602577392553, 38.924179003091197 ], [ -7.360240339455085, 38.924369579003674 ], [ -7.360213866470768, 38.924546676971744 ], [ -7.360158268020407, 38.924878329767779 ], [ -7.360112479162917, 38.925144923649178 ], [ -7.360089432062412, 38.925292860222356 ], [ -7.360054569984086, 38.925402518717256 ], [ -7.359932802348871, 38.925614839693075 ], [ -7.359767578156172, 38.9258897409374 ], [ -7.359674000068638, 38.926043874017637 ], [ -7.359521628290808, 38.926260582076154 ], [ -7.359406404984905, 38.926432586867406 ], [ -7.359213691230037, 38.926700460127151 ], [ -7.359089463311949, 38.926852225860443 ], [ -7.358993057068631, 38.926990666225315 ], [ -7.358933550964414, 38.927118181699797 ], [ -7.358917534671052, 38.92718086268313 ], [ -7.358917048264444, 38.927225716854473 ], [ -7.358937525357157, 38.927315569256315 ], [ -7.358978721492135, 38.927461675165034 ], [ -7.359094826539539, 38.927772033975359 ], [ -7.359212979500494, 38.928053950043719 ], [ -7.3592820127126, 38.928245350886073 ], [ -7.35945151059529, 38.928707680658682 ], [ -7.359570560726892, 38.929033822818909 ], [ -7.359633403085905, 38.92916214840664 ], [ -7.359695536988811, 38.929366668896165 ], [ -7.359817774908834, 38.929675991125421 ], [ -7.360038997298375, 38.93016327160182 ], [ -7.360164794694162, 38.930448783573404 ], [ -7.360255917259509, 38.930790431417783 ], [ -7.360417613471118, 38.931130370104697 ], [ -7.360531322452934, 38.931375679596172 ], [ -7.360659972441618, 38.931656936624947 ], [ -7.360728372163553, 38.931848079213744 ], [ -7.360823660273744, 38.93201711915119 ], [ -7.360884302177891, 38.932163332231177 ], [ -7.360931497198598, 38.93231987010676 ], [ -7.361036472601608, 38.93247679105238 ], [ -7.361122879500543, 38.932706494582682 ], [ -7.361301343378654, 38.933054844339246 ], [ -7.361418525280687, 38.933315996063968 ], [ -7.361483624743288, 38.933572560763309 ], [ -7.361550873264076, 38.933778352512093 ], [ -7.361615430254335, 38.934036846583759 ], [ -7.361732679386571, 38.934531151409317 ], [ -7.361809511583608, 38.934785130746697 ], [ -7.361868834512713, 38.934962793869104 ], [ -7.361944703011958, 38.93515633060936 ], [ -7.361991049097312, 38.935275354406855 ], [ -7.362112298287077, 38.935677805964552 ], [ -7.362154276215564, 38.935763383248499 ], [ -7.362220935854316, 38.93593433976838 ], [ -7.362408902538854, 38.93639541578392 ], [ -7.362575903402399, 38.936822760737719 ], [ -7.362725018065221, 38.937187201169849 ], [ -7.362861437606003, 38.937605425327305 ], [ -7.362944799607962, 38.937832603125969 ], [ -7.363039730459044, 38.938109135474789 ], [ -7.363147367811933, 38.938352147521925 ], [ -7.363330107940143, 38.93873248226938 ], [ -7.363395856851344, 38.938892171552148 ], [ -7.363526644841483, 38.939256490007715 ], [ -7.363624711675437, 38.939542047476969 ], [ -7.363675872326993, 38.93972856975207 ], [ -7.363758941283962, 38.939982684222137 ], [ -7.363820852664113, 38.94020972083392 ], [ -7.363892217352952, 38.940405294653111 ], [ -7.363972877464, 38.940594266701396 ], [ -7.364045015164591, 38.940718145342025 ], [ -7.364100880615537, 38.940788774165753 ], [ -7.364276320381018, 38.940863248759477 ], [ -7.364535489233059, 38.940970432744201 ], [ -7.364752062724897, 38.941059321318129 ], [ -7.364996082463581, 38.941148384707802 ], [ -7.365212782161982, 38.941226104646177 ], [ -7.365371814510035, 38.941249576304386 ], [ -7.365509556855237, 38.941268495778516 ], [ -7.365619643717416, 38.941284982228517 ], [ -7.365720340642801, 38.9413169919141 ], [ -7.365869927202973, 38.941360666252187 ], [ -7.365979723890123, 38.941403994218909 ], [ -7.366220558043813, 38.941510963886664 ], [ -7.366529060930653, 38.941643144999766 ], [ -7.366833964031391, 38.941777466209111 ], [ -7.36723308732201, 38.941977525865831 ], [ -7.367516449948607, 38.942120714324254 ], [ -7.367762007254704, 38.942238970483622 ], [ -7.368015149849304, 38.942339346979352 ], [ -7.368241010784967, 38.942412706695258 ], [ -7.368677705452703, 38.942541220981155 ], [ -7.369105432997754, 38.942656159829987 ], [ -7.369551429752232, 38.94276671189315 ], [ -7.369731849253798, 38.942797074184945 ], [ -7.370484825922818, 38.942849098471896 ], [ -7.370846140913445, 38.942864963896128 ], [ -7.371106383720662, 38.94287332346282 ], [ -7.371161344123896, 38.94288944658755 ], [ -7.371089162593898, 38.943006532684002 ], [ -7.37086965943652, 38.943244338662048 ], [ -7.370467927948787, 38.943566984130477 ], [ -7.370112545719063, 38.943858497118327 ], [ -7.369874404820622, 38.944070062493751 ], [ -7.369756852434872, 38.944179280089223 ], [ -7.369685495014821, 38.944261775814596 ], [ -7.369626400363309, 38.94435110475905 ], [ -7.369429889931401, 38.944681846337495 ], [ -7.369192794362673, 38.945063928666933 ], [ -7.36905244415856, 38.94529856589763 ], [ -7.368982226768609, 38.945457450048309 ], [ -7.368919057494844, 38.94563646829635 ], [ -7.368814878756633, 38.945918447627207 ], [ -7.368733276199872, 38.946106355417612 ], [ -7.368567896023412, 38.946383430742017 ], [ -7.368529941584631, 38.946502082400144 ], [ -7.368403558401562, 38.946853544202021 ], [ -7.368268061719248, 38.947204856044195 ], [ -7.368208989419503, 38.947345801875763 ], [ -7.368098372780084, 38.947668178180315 ], [ -7.368019737487685, 38.947858359469691 ], [ -7.367865972177436, 38.948202796169255 ], [ -7.367809315884485, 38.948343753105895 ], [ -7.367826552622525, 38.948447091232879 ], [ -7.367836564878099, 38.948653521516022 ], [ -7.36782641648271, 38.948749929733374 ], [ -7.367806836314992, 38.948844022386623 ], [ -7.367772261374212, 38.948926848109934 ], [ -7.367700656847076, 38.949031762780457 ], [ -7.367569828577222, 38.949237362123519 ], [ -7.367333043092164, 38.94961044367367 ], [ -7.367143050256328, 38.949900864963659 ], [ -7.367021262893572, 38.950113185949483 ], [ -7.36688707691588, 38.950341100529023 ], [ -7.366646609253761, 38.950765768496744 ], [ -7.366624628705259, 38.950814982508277 ], [ -7.366546178989109, 38.950987235054569 ], [ -7.366496354682934, 38.951126077007366 ], [ -7.366379393390686, 38.95145733363978 ], [ -7.366284729907366, 38.951721444940674 ], [ -7.366253821940463, 38.951806456993985 ], [ -7.366129255671931, 38.951976151587424 ], [ -7.366054045020525, 38.95213716547665 ], [ -7.365934807339207, 38.952401120349272 ], [ -7.365834445315985, 38.95261583092492 ], [ -7.365761789231717, 38.952817214789491 ], [ -7.365716706522066, 38.953018873584035 ], [ -7.365685030742478, 38.953121800242108 ], [ -7.365610128476115, 38.953242462445921 ], [ -7.365529159393904, 38.953369839537444 ], [ -7.365488397431573, 38.953459287674562 ], [ -7.365447520012649, 38.953548735036286 ], [ -7.365388321884855, 38.953647071323495 ], [ -7.365227429001304, 38.953970790977849 ], [ -7.365056062132544, 38.954214349921457 ], [ -7.364796131884376, 38.954622958300703 ], [ -7.364614226203343, 38.95494926352022 ], [ -7.36419546769702, 38.955778438387703 ], [ -7.364077244282813, 38.956011052119209 ], [ -7.363831926811197, 38.956404698188635 ], [ -7.36361148525086, 38.956726983402149 ], [ -7.363469682456673, 38.956910503350237 ], [ -7.363245184148179, 38.957202252180515 ], [ -7.363213870738568, 38.957260412462752 ], [ -7.363072548253561, 38.957580245981092 ], [ -7.36294998375728, 38.957862093547988 ], [ -7.362918524475185, 38.95793367867558 ], [ -7.362889572369208, 38.958061396168937 ], [ -7.362887996165493, 38.958207308717277 ], [ -7.36290326456585, 38.958492320388537 ], [ -7.362895087320378, 38.958682956453778 ], [ -7.362903498427174, 38.959324623732563 ], [ -7.362916489132284, 38.959542333224391 ], [ -7.362907881775064, 38.959773324260283 ], [ -7.362894641011456, 38.959856198164886 ], [ -7.362862836052728, 38.959970382613363 ], [ -7.362797154137648, 38.960091102783011 ], [ -7.362740193262097, 38.96025898864648 ], [ -7.362584636146032, 38.960475588123273 ], [ -7.362506893320199, 38.96058055608912 ], [ -7.362358984433994, 38.960783695189505 ], [ -7.361998407717809, 38.961257009445035 ], [ -7.361802438843, 38.961529367417171 ], [ -7.361656328726854, 38.961714679640806 ], [ -7.361540427669917, 38.961944962969802 ], [ -7.361389621244338, 38.962287154148378 ], [ -7.361363243880755, 38.9624642518367 ], [ -7.361355765071703, 38.962589860728052 ], [ -7.361330736625103, 38.962632297734231 ], [ -7.361259435793517, 38.962717042936333 ], [ -7.361206122003505, 38.96282442075541 ], [ -7.361126706713703, 38.963084127884592 ], [ -7.361011988961863, 38.963491593250744 ], [ -7.36096427725166, 38.963657290112224 ], [ -7.360941332489695, 38.963794051658759 ], [ -7.360912400838576, 38.963919428465914 ], [ -7.360883976078597, 38.963997786959176 ], [ -7.360796686020771, 38.964131783384673 ], [ -7.36069411329824, 38.964270183307029 ], [ -7.360653991494157, 38.964352969035446 ], [ -7.360575852356306, 38.964493871657751 ], [ -7.360488353725897, 38.964657049389679 ], [ -7.360431602717568, 38.964804761857202 ], [ -7.360361965781928, 38.965012915760951 ], [ -7.360289778985488, 38.965158270425327 ], [ -7.36016448889801, 38.965401999688602 ], [ -7.360092720874652, 38.965529343528615 ], [ -7.360076818919155, 38.965580856431522 ], [ -7.360012786341275, 38.9658361544314 ], [ -7.359999444203811, 38.96592803576798 ], [ -7.360004576828484, 38.966029044423955 ], [ -7.360009160110827, 38.966170402727982 ], [ -7.359999053206747, 38.966251136929372 ], [ -7.359998566803339, 38.966295990811076 ], [ -7.359953217005401, 38.966519978583477 ], [ -7.359892703098341, 38.966737202010421 ], [ -7.359870299659458, 38.966824519463195 ], [ -7.35981700505357, 38.966929647476633 ], [ -7.359741756894586, 38.967090655635346 ], [ -7.359644685832161, 38.967285208537511 ], [ -7.359461293136686, 38.967524048006915 ], [ -7.359239916557051, 38.96787036473188 ], [ -7.359061184409891, 38.968136167253256 ], [ -7.359023964527832, 38.968185283972645 ], [ -7.358914788678673, 38.968357235953633 ], [ -7.358880102741598, 38.968437802453025 ], [ -7.358801444731929, 38.968625721034961 ], [ -7.358735703330682, 38.968750939405936 ], [ -7.358688951400246, 38.968826925563143 ], [ -7.35862001323817, 38.968969961353018 ], [ -7.358494759587287, 38.969209184150365 ], [ -7.3582144926554, 38.969622394836399 ], [ -7.358019036751473, 38.970024913127425 ], [ -7.357896843987135, 38.970268570193745 ], [ -7.35775894006198, 38.970545901321309 ], [ -7.357602362457565, 38.970863370447923 ], [ -7.357467399431747, 38.971156389499086 ], [ -7.357335761099288, 38.971409082634786 ], [ -7.35712619481101, 38.971802580716108 ], [ -7.357051266973541, 38.971923146678201 ], [ -7.356941560086955, 38.972153557101059 ], [ -7.356762351187685, 38.972567344272314 ], [ -7.35668409771039, 38.972717161717796 ], [ -7.356636124504651, 38.972905282826773 ], [ -7.356607303318708, 38.973019485116417 ], [ -7.356512725459561, 38.973258909693882 ], [ -7.356459513851425, 38.973366199306589 ], [ -7.356424643816435, 38.973473697445563 ], [ -7.356414627767444, 38.973545422403248 ], [ -7.356395185622309, 38.973646267501564 ], [ -7.356356614845732, 38.973807517364648 ], [ -7.356324499741678, 38.973948631317519 ], [ -7.35630510419222, 38.974044977398094 ], [ -7.356240928821921, 38.974300271937764 ], [ -7.356114548786678, 38.974651722916299 ], [ -7.356045695944677, 38.974785838232087 ], [ -7.355976653628816, 38.9749267070531 ], [ -7.355901075752433, 38.97510572549335 ], [ -7.355838487749631, 38.975226461952744 ], [ -7.355757011928339, 38.97539634601258 ], [ -7.355663553306378, 38.975532638242441 ], [ -7.355563730974617, 38.975691230478532 ], [ -7.355414310612863, 38.975901099410066 ], [ -7.355270951297295, 38.976126779073198 ], [ -7.35501230084784, 38.976522112086414 ], [ -7.354862509284531, 38.976765580695911 ], [ -7.354722407586519, 38.976966596903686 ], [ -7.354417956780262, 38.977339199446362 ], [ -7.35421487325313, 38.977580148807938 ], [ -7.353891526599298, 38.978001980992559 ], [ -7.353742195075431, 38.978202843350935 ], [ -7.353577358256842, 38.978428468335196 ], [ -7.35329124036436, 38.978801184869127 ], [ -7.353018147354264, 38.979111206511611 ], [ -7.352884581148586, 38.97927407092871 ], [ -7.35277008195152, 38.979381035373947 ], [ -7.352687608809785, 38.979472455092974 ], [ -7.352569578318557, 38.979617408723847 ], [ -7.352522364761866, 38.97971356887755 ], [ -7.352400399019288, 38.979943887220507 ], [ -7.352349831127152, 38.980082626332539 ], [ -7.352229559441084, 38.980431767945554 ], [ -7.352169812113538, 38.980565941732209 ], [ -7.352065869816894, 38.98082547217097 ], [ -7.351999141599443, 38.981038149955701 ], [ -7.351957951359995, 38.981163528508354 ], [ -7.351938506668144, 38.981253112280299 ], [ -7.351854514401309, 38.981366950136142 ], [ -7.351618218163578, 38.98167721467356 ], [ -7.351512494155984, 38.981815584855283 ], [ -7.351369382076332, 38.982005317126834 ], [ -7.351307414159463, 38.982067775024611 ], [ -7.351288452116484, 38.982123765345179 ], [ -7.351269540750009, 38.982175250398342 ], [ -7.351160028095238, 38.982374217828571 ], [ -7.350989144751015, 38.982570433628503 ], [ -7.35081193585615, 38.982807043687494 ], [ -7.350762223868432, 38.982867333352004 ], [ -7.350662755732277, 38.982992320638978 ], [ -7.35042401899697, 38.98325095271376 ], [ -7.350147838055781, 38.983556440984017 ], [ -7.349914970706281, 38.983826281688387 ], [ -7.349673064136637, 38.98408939109072 ], [ -7.349545643216216, 38.984247793452425 ], [ -7.34930653545243, 38.984528848685116 ], [ -7.34914809512988, 38.984716225940197 ], [ -7.349057924794383, 38.984834520372573 ], [ -7.348964268956345, 38.984986478824275 ], [ -7.348880543858153, 38.985127248947585 ], [ -7.348703173328819, 38.985377279490308 ], [ -7.348569133142983, 38.985580578740787 ], [ -7.348438492884698, 38.985747963083355 ], [ -7.348394791310363, 38.985817210535195 ], [ -7.348244726558246, 38.986092102086232 ], [ -7.348182363296268, 38.986190408533211 ], [ -7.34810412395275, 38.986335805233992 ], [ -7.34801034183616, 38.986498931435705 ], [ -7.347814278034409, 38.986769013578751 ], [ -7.34762030032582, 38.987016771484875 ], [ -7.347440183872891, 38.98722192459222 ], [ -7.347368708111571, 38.987308909726146 ], [ -7.347115366396714, 38.987769380327613 ], [ -7.347040270760159, 38.987912456365798 ], [ -7.346952720564119, 38.988064369555879 ], [ -7.346861730121536, 38.988256696375721 ], [ -7.346805173611198, 38.988381973865756 ], [ -7.3467079966469, 38.98856975506542 ], [ -7.346592538088506, 38.988761922144342 ], [ -7.346517990157493, 38.988907251603095 ], [ -7.346467600215268, 38.989028066688114 ], [ -7.346380393113946, 38.989159801117999 ], [ -7.346283652608038, 38.989307231770958 ], [ -7.346208653371912, 38.989441299384168 ], [ -7.346115480752349, 38.989548407154118 ], [ -7.346044124604565, 38.989624126442507 ], [ -7.345913712359949, 38.989769080436076 ], [ -7.345854630003502, 38.989851732683135 ], [ -7.345730089860862, 38.990019154979912 ], [ -7.345512316336491, 38.990309356297914 ], [ -7.34535631634227, 38.990555110178612 ], [ -7.345210271407977, 38.990798683668544 ], [ -7.345126201256103, 38.990917014281194 ], [ -7.344929867652604, 38.991209518361323 ], [ -7.344839383185506, 38.991354739910562 ], [ -7.344714192559022, 38.991580437551747 ], [ -7.344632619938499, 38.991754902823587 ], [ -7.344535597860997, 38.991938182025869 ], [ -7.344491522866101, 38.992041110158283 ], [ -7.3444221498569, 38.992197647056251 ], [ -7.344322519163929, 38.992345056441287 ], [ -7.344154482228394, 38.992572714756754 ], [ -7.344062972732099, 38.992695498942034 ], [ -7.343854419641318, 38.992985759335298 ], [ -7.34367464273126, 38.993168479743517 ], [ -7.343584610019517, 38.99326209166076 ], [ -7.343497807636429, 38.993355719963269 ], [ -7.343450790276174, 38.993442867189003 ], [ -7.343335911348777, 38.993581258581877 ], [ -7.343148973339023, 38.993846889508191 ], [ -7.342955928890619, 38.99412166559592 ], [ -7.342738040782059, 38.994409515098148 ], [ -7.342635196151996, 38.994565910573719 ], [ -7.342613377278386, 38.994597110929448 ], [ -7.342284192326002, 38.994980766688379 ], [ -7.342200192062863, 38.995092341664076 ], [ -7.342010845833806, 38.995304182699485 ], [ -7.341855545599588, 38.995484902534884 ], [ -7.341762150970309, 38.995621096937818 ], [ -7.341699205353052, 38.995759746998033 ], [ -7.341654883136375, 38.995894018664288 ], [ -7.341650769910991, 38.995983796315819 ], [ -7.341551942475484, 38.996048157881191 ], [ -7.341399179781136, 38.996166748311836 ], [ -7.34114179368593, 38.996050337711715 ], [ -7.340905943170944, 38.995949744155872 ], [ -7.340624889808161, 38.995813267669995 ], [ -7.340300909280264, 38.995665330324073 ], [ -7.340017666406711, 38.995528836598126 ], [ -7.339850747753832, 38.995467802347889 ], [ -7.339738825106539, 38.995422185397572 ], [ -7.33952151827154, 38.995366486406937 ], [ -7.339321199742758, 38.995309100177209 ], [ -7.33923780283157, 38.995273043799074 ], [ -7.339126057236115, 38.995201213612894 ], [ -7.339033353697528, 38.995140773294253 ], [ -7.338843395256829, 38.995003108257315 ], [ -7.338667655238825, 38.994884189016148 ], [ -7.338598807649061, 38.994836880798829 ], [ -7.33857046407136, 38.994801197925781 ], [ -7.338447099026994, 38.99469569059346 ], [ -7.338319116461506, 38.994590151675375 ], [ -7.338184004370034, 38.994471508456961 ], [ -7.338091254478533, 38.994414851156577 ], [ -7.338031838932873, 38.99437138735442 ], [ -7.337920732343087, 38.994252905611667 ], [ -7.337747766032725, 38.994092835646505 ], [ -7.337648324259296, 38.99399496503586 ], [ -7.337608158300589, 38.993953620227742 ], [ -7.337513372356694, 38.993872627220028 ], [ -7.337423571017452, 38.993769240156503 ], [ -7.337321787795611, 38.99366387790716 ], [ -7.337283786569841, 38.99363560964229 ], [ -7.337226946897888, 38.993588472592947 ], [ -7.337155523619697, 38.993545016508726 ], [ -7.33707251077677, 38.993484645242013 ], [ -7.337037204886033, 38.993432066713837 ], [ -7.337008904990824, 38.993392604175348 ], [ -7.336980543887585, 38.993358813285248 ], [ -7.336895444422132, 38.99324797799995 ], [ -7.336772925857008, 38.993077082335063 ], [ -7.336593479578577, 38.992857159687922 ], [ -7.336506262950839, 38.992729468186852 ], [ -7.336449529671333, 38.992673054575079 ], [ -7.336357161070934, 38.992582620968662 ], [ -7.33621270929993, 38.992443368984624 ], [ -7.335888392978125, 38.992121479802854 ], [ -7.335729694393993, 38.991976544269306 ], [ -7.335613648486168, 38.99186730346112 ], [ -7.33548085556321, 38.991748666639012 ], [ -7.335282006380202, 38.991551124659068 ], [ -7.335104211912788, 38.991400390121164 ], [ -7.334947858367444, 38.991262858476468 ], [ -7.334836553655005, 38.991163102781712 ], [ -7.33473930370713, 38.991076327597611 ], [ -7.334642148328111, 38.990991531945077 ], [ -7.334585385327416, 38.990927642725254 ], [ -7.334521380563522, 38.990871179304733 ], [ -7.334440669210773, 38.990812618021785 ], [ -7.334326858197617, 38.990740860065955 ], [ -7.334222281516206, 38.990669165226791 ], [ -7.334186810927458, 38.990631545390258 ], [ -7.334132243744706, 38.990588202868231 ], [ -7.334065667856117, 38.990544692509701 ], [ -7.333965754197084, 38.990489875355465 ], [ -7.333827992336662, 38.990402913806292 ], [ -7.333704369530924, 38.990321720141928 ], [ -7.333580727659495, 38.990251786595415 ], [ -7.333499850726395, 38.990208174312578 ], [ -7.333442827890599, 38.990177881038761 ], [ -7.333242947754597, 38.990062567736594 ], [ -7.333135981783743, 38.989998244464132 ], [ -7.333040724819297, 38.989960209847986 ], [ -7.33295781984707, 38.989881097008102 ], [ -7.33283209835281, 38.989781245932207 ], [ -7.332718287824171, 38.989679401981768 ], [ -7.332516861861722, 38.989506157167611 ], [ -7.332357804789961, 38.989374185490348 ], [ -7.332241598825004, 38.989279980178615 ], [ -7.332161010094305, 38.98921025055526 ], [ -7.332061518823653, 38.989118052295012 ], [ -7.331973862823091, 38.989040797726943 ], [ -7.331869606672957, 38.98894100201629 ], [ -7.33176999137367, 38.988859972058847 ], [ -7.331729810443147, 38.988820512200071 ], [ -7.331544200506008, 38.988729524397598 ], [ -7.331353790041916, 38.988634719227321 ], [ -7.331189444815596, 38.988562616357754 ], [ -7.330958437833879, 38.988454470523536 ], [ -7.330813015941319, 38.988403028205511 ], [ -7.330703405030293, 38.988359220906986 ], [ -7.330693828475429, 38.988359155048315 ], [ -7.330444986466818, 38.988144419495796 ], [ -7.330302784944299, 38.988021932454913 ], [ -7.330129575043896, 38.98788616544379 ], [ -7.329556852945013, 38.987459318286909 ], [ -7.329501169329319, 38.987371662096834 ], [ -7.329438992465947, 38.987369342257296 ], [ -7.329315930854898, 38.987342300507443 ], [ -7.329116570676697, 38.987303623856242 ], [ -7.328862296777471, 38.98714117976251 ], [ -7.328422800635864, 38.986844599587606 ], [ -7.328210774950236, 38.986677779500603 ], [ -7.328080670256906, 38.986564728471649 ], [ -7.327727560732628, 38.986203397924207 ], [ -7.327589486937896, 38.986040882023161 ], [ -7.327514125773324, 38.985907682684804 ], [ -7.327285960856272, 38.985560398668753 ], [ -7.327136883826724, 38.985404172794702 ], [ -7.326934449508875, 38.985178921351952 ], [ -7.326847185754993, 38.985103104140592 ], [ -7.326791793186482, 38.985007439105544 ], [ -7.326740208883881, 38.984915476358189 ], [ -7.32662696348151, 38.984765174027523 ], [ -7.326504166236445, 38.98462227464713 ], [ -7.326451925428763, 38.984588317000295 ], [ -7.326304745252347, 38.984478938121221 ], [ -7.326193071611136, 38.984403406514879 ], [ -7.325912859972489, 38.98422024110041 ], [ -7.325749097569186, 38.984097600228594 ], [ -7.325531742572982, 38.983967571305158 ], [ -7.3253314921731, 38.983886075280296 ], [ -7.32507391390762, 38.98379136412867 ], [ -7.324768118763691, 38.983649626650596 ], [ -7.324164080649084, 38.983333430240577 ], [ -7.323959375221672, 38.983229237883677 ], [ -7.323757178955786, 38.983117581769406 ], [ -7.323574037460777, 38.983015429902821 ], [ -7.323455068993594, 38.982952906970773 ], [ -7.32328183187142, 38.982832084882254 ], [ -7.323224744873952, 38.982798092156187 ], [ -7.323046767200196, 38.982667783349406 ], [ -7.322925736546359, 38.982573444265817 ], [ -7.322807066066332, 38.982484794426469 ], [ -7.32264088248565, 38.982373391863987 ], [ -7.322484194825735, 38.982258270045506 ], [ -7.322411422011475, 38.982170694389715 ], [ -7.322306038323564, 38.982051399752578 ], [ -7.322104951851625, 38.981936051771115 ], [ -7.321905966717325, 38.981775777381785 ], [ -7.321676160613137, 38.98157610890879 ], [ -7.321481593722372, 38.981423339917484 ], [ -7.321308546428142, 38.981276306826935 ], [ -7.321216273287415, 38.981130567849227 ], [ -7.321094144071028, 38.981039994297447 ], [ -7.321029084178572, 38.980985067217084 ], [ -7.32093961284566, 38.980910742586332 ], [ -7.320821515739007, 38.980826606615338 ], [ -7.32048018431197, 38.980678125053998 ], [ -7.320292150450292, 38.980590792885316 ], [ -7.320094928854888, 38.980458634072598 ], [ -7.319990495758047, 38.980377560465918 ], [ -7.319736673486524, 38.980179518719787 ], [ -7.319590786210841, 38.980029749430294 ], [ -7.319390810559098, 38.979925813529576 ], [ -7.319211229465998, 38.97986744212723 ], [ -7.319132625364714, 38.97983888382042 ], [ -7.318847514703706, 38.979688102693252 ], [ -7.31881716292678, 38.979591860046291 ], [ -7.318681969228182, 38.979486249200463 ], [ -7.318359050582097, 38.979256018142657 ], [ -7.318226011678403, 38.979163488226931 ], [ -7.318076354511148, 38.979070923153749 ], [ -7.317931282347555, 38.978991366257908 ], [ -7.317822227911181, 38.978900890525921 ], [ -7.317630249736476, 38.97873516765852 ], [ -7.317499979143105, 38.978612742944343 ], [ -7.317379143220387, 38.978512728275497 ], [ -7.317318938842844, 38.978376437749297 ], [ -7.317205763710461, 38.978221835493997 ], [ -7.317034642807906, 38.978108484405617 ], [ -7.316847101181679, 38.977995019100582 ], [ -7.316716736086987, 38.977907588248726 ], [ -7.316610889864041, 38.97782994172362 ], [ -7.316525569510588, 38.977752438744524 ], [ -7.316436182338778, 38.977689430184 ], [ -7.316353661546748, 38.977589861852742 ], [ -7.316257538466304, 38.977407869731202 ], [ -7.316121802048203, 38.977149031123844 ], [ -7.316025808506962, 38.976955869390721 ], [ -7.315825577667004, 38.976574978065372 ], [ -7.315666567738094, 38.976252391276049 ], [ -7.315516454486113, 38.975989671628177 ], [ -7.315354009295545, 38.975856031589558 ], [ -7.315157225068492, 38.975688287466497 ], [ -7.31495611880894, 38.975494388875099 ], [ -7.314704955279383, 38.975259062425614 ], [ -7.314524801243345, 38.975109985912297 ], [ -7.314430159653277, 38.97502150149144 ], [ -7.314278406911764, 38.974891539805682 ], [ -7.314096207856047, 38.974720200413032 ], [ -7.313868987191931, 38.974499903635753 ], [ -7.313783504329755, 38.974437605921203 ], [ -7.313626920787674, 38.97431679991768 ], [ -7.313503572486383, 38.974226215239 ], [ -7.313323437068668, 38.97406605854983 ], [ -7.313098154315578, 38.973888833801105 ], [ -7.312936752843958, 38.973775558494317 ], [ -7.312879768752409, 38.973733900460751 ], [ -7.312768082500344, 38.973662050811242 ], [ -7.312454218339818, 38.973491672958112 ], [ -7.312095812665656, 38.973265363468499 ], [ -7.311877882275564, 38.973178378474593 ], [ -7.311442307738134, 38.973034099229679 ], [ -7.311187506610401, 38.972925746717813 ], [ -7.311077905333411, 38.972883812663184 ], [ -7.310906401013304, 38.972796587217971 ], [ -7.310711306224944, 38.972703697929745 ], [ -7.310466449504364, 38.97256352792968 ], [ -7.310259553217281, 38.972453532128831 ], [ -7.310050218582995, 38.972345497732817 ], [ -7.309712751778035, 38.972141263019225 ], [ -7.309574765714927, 38.972069310309699 ], [ -7.30938676110654, 38.971972507304329 ], [ -7.309233444509903, 38.971830978465725 ], [ -7.309059701535249, 38.971710120843632 ], [ -7.308929294509981, 38.971628021586554 ], [ -7.308702811370334, 38.971526582425625 ], [ -7.308512888110179, 38.971396348064467 ], [ -7.308299165223704, 38.971248918109836 ], [ -7.30807811071003, 38.97111656689507 ], [ -7.30786693137152, 38.970969154131325 ], [ -7.307724273649833, 38.970882211779248 ], [ -7.307579337519395, 38.97079336694307 ], [ -7.307510668273055, 38.9707348721874 ], [ -7.307373294699872, 38.970610498775976 ], [ -7.307143580827993, 38.970399543642515 ], [ -7.306899575910077, 38.970177312043141 ], [ -7.30671705606635, 38.970026405185791 ], [ -7.306577130312435, 38.969913272260278 ], [ -7.306670439380073, 38.969842946916344 ], [ -7.306203585434083, 38.969483950226191 ], [ -7.305675756386803, 38.969074050639065 ], [ -7.305276076082427, 38.96876359287505 ], [ -7.305074697562238, 38.968608352112327 ], [ -7.304903879221648, 38.968472554622998 ], [ -7.304766700097892, 38.968356222397439 ], [ -7.304532734057922, 38.968343555008836 ], [ -7.304372312398804, 38.968297560695277 ], [ -7.304181340320042, 38.968258824565339 ], [ -7.304006525062003, 38.968268935846751 ], [ -7.303815691486216, 38.968218939699462 ], [ -7.303441856490168, 38.968059286254032 ], [ -7.30308982687271, 38.96786051085963 ], [ -7.30285058491404, 38.967789845861709 ], [ -7.302654274481146, 38.967728633119805 ], [ -7.302243648683967, 38.967579774454038 ], [ -7.302136489676799, 38.967537844898196 ], [ -7.301917797060272, 38.967412886870747 ], [ -7.301623237595232, 38.967223887894974 ], [ -7.301365441832028, 38.967023029580105 ], [ -7.301197045076853, 38.966915016170532 ], [ -7.300955516651324, 38.966819110606878 ], [ -7.300755909092637, 38.966699958582495 ], [ -7.300580106997026, 38.966588455963631 ], [ -7.30043967710161, 38.966519988890447 ], [ -7.300266516571961, 38.96645976151413 ], [ -7.300069010000117, 38.966501077549843 ], [ -7.299715332663825, 38.966656875329562 ], [ -7.299431209943549, 38.966752875655359 ], [ -7.299042352496164, 38.966702339619069 ], [ -7.298594944650036, 38.966699056337127 ], [ -7.29838227805674, 38.96667141959766 ], [ -7.298028355050358, 38.966655739973774 ], [ -7.297827395005755, 38.966652502917391 ], [ -7.297615528919588, 38.966641621948703 ], [ -7.297367456660233, 38.96668470616698 ], [ -7.297125371311462, 38.966705404718134 ], [ -7.296485816066745, 38.96676433036491 ], [ -7.296186441131318, 38.966790203645708 ], [ -7.295843592983571, 38.966843866170471 ], [ -7.295593451843831, 38.966862116726375 ], [ -7.295303112552477, 38.966885668272759 ], [ -7.295171775247165, 38.96688472528308 ], [ -7.295025388127604, 38.966826745128607 ], [ -7.294808232110639, 38.966778437728841 ], [ -7.294612428595789, 38.966739650354256 ], [ -7.294314234409897, 38.966655186013156 ], [ -7.293954521413651, 38.966514337752628 ], [ -7.29358338548216, 38.966334040292963 ], [ -7.293447837846389, 38.966263802936069 ], [ -7.293276684817383, 38.966169164313953 ], [ -7.293086187425322, 38.966091143035186 ], [ -7.292938083439384, 38.966022701794124 ], [ -7.292670393346738, 38.965982320787894 ], [ -7.292552229232272, 38.965913457839676 ], [ -7.29239970300735, 38.965863809047939 ], [ -7.292244938642511, 38.965767898909355 ], [ -7.292130381032114, 38.96569317145093 ], [ -7.291981716395007, 38.965597064417672 ], [ -7.291800113221751, 38.965506938583573 ], [ -7.291539921514551, 38.965447383225118 ], [ -7.291093008569422, 38.965363047806086 ], [ -7.290871893631889, 38.965318193174241 ], [ -7.290614292953986, 38.965280419520475 ], [ -7.290304807838835, 38.965243801888008 ], [ -7.290081106402378, 38.965222358550726 ], [ -7.289892035477155, 38.965201165918181 ], [ -7.289728466597865, 38.965171144281705 ], [ -7.289541719595351, 38.965125051954431 ], [ -7.289434637822737, 38.965086896310204 ], [ -7.289318038312186, 38.965024350328562 ], [ -7.289120951479619, 38.964899615574396 ], [ -7.288847543338512, 38.964694327357968 ], [ -7.288589047752645, 38.96449238194959 ], [ -7.288374116765449, 38.964315986115615 ], [ -7.288287886977069, 38.964123453161768 ], [ -7.288200508478646, 38.964029411744377 ], [ -7.288131789103033, 38.963967216626926 ], [ -7.288077892224218, 38.963871525043487 ], [ -7.28805473734325, 38.963809653503063 ], [ -7.28803188060036, 38.963723468096134 ], [ -7.288059412740507, 38.963415338157212 ], [ -7.288086264032651, 38.962970647108222 ], [ -7.288064286413745, 38.962809702255612 ], [ -7.288028425692992, 38.962603804402164 ], [ -7.287991100013715, 38.962326910601455 ], [ -7.287975389608348, 38.962240861587453 ], [ -7.287964590145051, 38.962139809039819 ], [ -7.287908461115213, 38.961823509466164 ], [ -7.2878832845706, 38.961727940195502 ], [ -7.28779830970576, 38.961635802954362 ], [ -7.287694555029409, 38.961502372959458 ], [ -7.287495479891245, 38.961342040090699 ], [ -7.287173194607367, 38.961083626275922 ], [ -7.286997601068161, 38.960957059330475 ], [ -7.286857603775334, 38.960864347715869 ], [ -7.286679696795416, 38.96072848748382 ], [ -7.286504507550967, 38.960577693169633 ], [ -7.286371588120493, 38.960481429274616 ], [ -7.286115718351101, 38.960275824080263 ], [ -7.285964300380043, 38.960125200574652 ], [ -7.285869324897281, 38.960059028513484 ], [ -7.285805208546413, 38.960017491941329 ], [ -7.285684987983674, 38.959872675684828 ], [ -7.285533632439263, 38.959716379079801 ], [ -7.285334899775716, 38.959528034948761 ], [ -7.285136057679162, 38.959348959410342 ], [ -7.284977737584313, 38.959187024956535 ], [ -7.284881073932916, 38.959059230490439 ], [ -7.284863157260705, 38.959043155900943 ], [ -7.284814187986504, 38.959047485719545 ], [ -7.284684208580645, 38.958908276783255 ], [ -7.284497454060163, 38.958721903589527 ], [ -7.284324627849713, 38.958567337274069 ], [ -7.284066607898413, 38.958339284789773 ], [ -7.283978834065616, 38.958269559635298 ], [ -7.284005104742746, 38.958243631415634 ], [ -7.283865267948057, 38.958128580305832 ], [ -7.283641529430271, 38.957831596100803 ], [ -7.283509493691408, 38.957671743453943 ], [ -7.283306079698944, 38.957470294428035 ], [ -7.283107584209094, 38.95726320697559 ], [ -7.282911238658739, 38.957069288656797 ], [ -7.282759987864195, 38.956914881689002 ], [ -7.28260616386578, 38.956773604178679 ], [ -7.282447514684013, 38.956630402398332 ], [ -7.282400067688973, 38.956603933580311 ], [ -7.282322253342906, 38.956502393734603 ], [ -7.282183340398658, 38.956320060488729 ], [ -7.282022939599824, 38.95612072344143 ], [ -7.281876853494873, 38.955940139936686 ], [ -7.281747153840406, 38.955778498989282 ], [ -7.281529893719877, 38.95553956785475 ], [ -7.281369657146524, 38.955336542478925 ], [ -7.281261175102525, 38.955195412131218 ], [ -7.281185449825279, 38.955121991411772 ], [ -7.281085782249635, 38.95505397426686 ], [ -7.281019519309974, 38.954989899458155 ], [ -7.280939359772814, 38.9548921256523 ], [ -7.280764841177821, 38.954677821208563 ], [ -7.280682148831969, 38.95458930476439 ], [ -7.280637124245818, 38.954553486806795 ], [ -7.280571643324337, 38.95442402399285 ], [ -7.280426910552478, 38.954131390235794 ], [ -7.280331490102816, 38.95390081967065 ], [ -7.280308845359145, 38.953797878243904 ], [ -7.280248925264192, 38.95359918552554 ], [ -7.28021865182045, 38.953526091803084 ], [ -7.28018100668972, 38.953471592660044 ], [ -7.280222796995881, 38.953382183137826 ], [ -7.280262416751056, 38.953272220378679 ], [ -7.280272637158381, 38.953218070130895 ], [ -7.280273619357204, 38.953135927871188 ], [ -7.280253834112024, 38.952986256900118 ], [ -7.280205446257808, 38.952827009880373 ], [ -7.280156005601075, 38.952764945500171 ], [ -7.28006125192983, 38.952682014345903 ], [ -7.279974189638576, 38.952563561963409 ], [ -7.279885354276209, 38.952390777032875 ], [ -7.279770461066806, 38.95218807998144 ], [ -7.279726690131353, 38.952047601444214 ], [ -7.279653098470854, 38.951806020430965 ], [ -7.279581191076439, 38.951616698554716 ], [ -7.279541773200093, 38.951507961282715 ], [ -7.279325938430769, 38.951132299862394 ], [ -7.279259932902922, 38.951047684046593 ], [ -7.27919397473337, 38.95096874784155 ], [ -7.279130183839981, 38.950900996000769 ], [ -7.279152268456858, 38.950848819738198 ], [ -7.279181683199818, 38.950791029510526 ], [ -7.279056661546588, 38.950644284990823 ], [ -7.278958100468211, 38.950484671145219 ], [ -7.27890884084432, 38.95040765220083 ], [ -7.278830881983912, 38.950309893009468 ], [ -7.278662456655278, 38.950194626344121 ], [ -7.2785129388732, 38.950090757406471 ], [ -7.278382451510121, 38.949996302790886 ], [ -7.278112264709661, 38.949777514925508 ], [ -7.277920412132117, 38.949615416103072 ], [ -7.277759258414576, 38.94949083349178 ], [ -7.277531672798458, 38.949307664546318 ], [ -7.277398921788028, 38.949200136593134 ], [ -7.277273773435861, 38.949064557766619 ], [ -7.277155715567074, 38.948934792979436 ], [ -7.277066215408571, 38.94881820940823 ], [ -7.276962392664531, 38.948703413204754 ], [ -7.276920040222241, 38.948637709007087 ], [ -7.276866009211611, 38.948555164043796 ], [ -7.277019292434765, 38.948345060714978 ], [ -7.277255219144564, 38.94801593753229 ], [ -7.277321062829746, 38.947911750899131 ], [ -7.27738682216988, 38.947815042635014 ], [ -7.277399378497691, 38.94776838424486 ], [ -7.2774095775134, 38.947716122043644 ], [ -7.277405992728264, 38.947611426308654 ], [ -7.277397897789844, 38.947497421456525 ], [ -7.277386891090754, 38.947415104781498 ], [ -7.277328891048694, 38.94725947640692 ], [ -7.277261910567606, 38.947073883150338 ], [ -7.277151874020225, 38.946871214512036 ], [ -7.277044536763265, 38.946646050112271 ], [ -7.27695351824383, 38.946464060848868 ], [ -7.276887874505932, 38.946340177577305 ], [ -7.276800935607871, 38.946212442203219 ], [ -7.276758741899806, 38.946133677136984 ], [ -7.276652858896292, 38.945988962001181 ], [ -7.276558953308324, 38.945846222666404 ], [ -7.276467215760754, 38.945714672222465 ], [ -7.276377495212471, 38.945616820517536 ], [ -7.276304366580311, 38.945530263601711 ], [ -7.276267020256984, 38.945451534837801 ], [ -7.276201718463198, 38.945309004294018 ], [ -7.276157489147387, 38.945207705899442 ], [ -7.276049720683747, 38.945008660388261 ], [ -7.276010087270765, 38.94491865521281 ], [ -7.27596789881361, 38.944849166840669 ], [ -7.275959024517789, 38.944791182645012 ], [ -7.275959676304811, 38.944736962434192 ], [ -7.2760982212948, 38.944552961406963 ], [ -7.276236189213749, 38.944417507068877 ], [ -7.276588991497404, 38.944122930584527 ], [ -7.276775158461267, 38.943959812872208 ], [ -7.276918250904031, 38.943790706780504 ], [ -7.277114661428886, 38.943571642521519 ], [ -7.277303624222331, 38.943376748422367 ], [ -7.277409862860624, 38.943289703887537 ], [ -7.277627541953837, 38.943094928799013 ], [ -7.277864771093779, 38.942866789072347 ], [ -7.278198509235557, 38.942564503287883 ], [ -7.278505717147241, 38.942280848216996 ], [ -7.278670264094163, 38.942130635559003 ], [ -7.278963007608814, 38.941850561985198 ], [ -7.27938154783946, 38.941429273743815 ], [ -7.279478280929167, 38.941345937350057 ], [ -7.279567991829595, 38.941241922947064 ], [ -7.279703211933183, 38.941151302294706 ], [ -7.279988085880388, 38.940930985514584 ], [ -7.280193400487814, 38.940766115051368 ], [ -7.28045905645442, 38.940551238689842 ], [ -7.280664145718422, 38.940405099808785 ], [ -7.280997187634425, 38.940149278307452 ], [ -7.281381110168662, 38.93985302164846 ], [ -7.281598367308564, 38.939692015408653 ], [ -7.281796377092932, 38.939549335828083 ], [ -7.281960460635402, 38.939427217050728 ], [ -7.282165319613118, 38.939299716903264 ], [ -7.282401936885589, 38.939110840136379 ], [ -7.282520138708476, 38.939034955620457 ], [ -7.282700720631829, 38.938931599116557 ], [ -7.28286204932747, 38.93884675239326 ], [ -7.283069485129427, 38.938706207429597 ], [ -7.283180459589017, 38.938626666544614 ], [ -7.28346237344044, 38.938439917140933 ], [ -7.283715805229035, 38.938262323220414 ], [ -7.283993079513748, 38.938077431254221 ], [ -7.284316213338298, 38.937857291041013 ], [ -7.284426956523265, 38.937768283841258 ], [ -7.284569600214866, 38.937644112929043 ], [ -7.284666277992307, 38.937564472074072 ], [ -7.284767526038962, 38.937497915523316 ], [ -7.284921890222681, 38.937386890432933 ], [ -7.285168047705804, 38.937199878797095 ], [ -7.28538250802957, 38.937068753126766 ], [ -7.285580385530031, 38.936926242593501 ], [ -7.285681654298553, 38.936857796483764 ], [ -7.28580702382713, 38.936780159092059 ], [ -7.285910661988, 38.936715515891585 ], [ -7.286002201857568, 38.936660152742888 ], [ -7.286127171118449, 38.936616200676966 ], [ -7.286211221330535, 38.936579425229731 ], [ -7.286336613444488, 38.936499895820333 ], [ -7.286705900036131, 38.936218558783636 ], [ -7.286947312537451, 38.936031508916201 ], [ -7.287084866610881, 38.935927834491999 ], [ -7.287178978517578, 38.935849969939447 ], [ -7.287244109345719, 38.935803690474017 ], [ -7.287323419410234, 38.935778050242718 ], [ -7.287407649629394, 38.935735694090674 ], [ -7.287484794393928, 38.935678332956094 ], [ -7.287583663169859, 38.935617347727721 ], [ -7.287868698854627, 38.935398900497034 ], [ -7.288240088841213, 38.935143607634558 ], [ -7.288433130913348, 38.934999254745307 ], [ -7.288553862637645, 38.934902936767777 ], [ -7.288665076591891, 38.934802764793659 ], [ -7.28880077742748, 38.93465052368763 ], [ -7.288893710158579, 38.934574539897199 ], [ -7.289016614602975, 38.934489497601788 ], [ -7.289152164673942, 38.934359592145718 ], [ -7.289280804717561, 38.934199824865473 ], [ -7.289382860966805, 38.934064095854232 ], [ -7.289626990256681, 38.933850935077523 ], [ -7.289894734580844, 38.933669650392737 ], [ -7.290119524558968, 38.933473196758754 ], [ -7.290184849638939, 38.933410160992835 ], [ -7.290368402321306, 38.933258177080504 ], [ -7.29050873830152, 38.933113354561314 ], [ -7.290622825000215, 38.932974017231544 ], [ -7.290717266200367, 38.93287750269571 ], [ -7.290793105348935, 38.932773741406308 ], [ -7.291015687633571, 38.932558531450113 ], [ -7.291117207840001, 38.93246765419407 ], [ -7.291264405081295, 38.932356569741991 ], [ -7.291503404783227, 38.932176966477456 ], [ -7.291616893119587, 38.932088068475004 ], [ -7.291677360250741, 38.932036170818911 ], [ -7.291747418580933, 38.931982445252714 ], [ -7.291813143373372, 38.931885727316583 ], [ -7.291866650347467, 38.931807567128004 ], [ -7.291999680050064, 38.931685029078793 ], [ -7.29207227003944, 38.931612676615487 ], [ -7.292128337035151, 38.93153273231556 ], [ -7.29223537565361, 38.931383974612238 ], [ -7.292434480240604, 38.931134909518583 ], [ -7.292548332964937, 38.931004933805305 ], [ -7.292594434844826, 38.930958515156263 ], [ -7.292664799395705, 38.930869214599326 ], [ -7.292725477843256, 38.930798670259342 ], [ -7.292788161131638, 38.930754263416254 ], [ -7.292865258529615, 38.930709959396353 ], [ -7.292923212663387, 38.930665517536653 ], [ -7.293005408166191, 38.930589454900257 ], [ -7.293165082417078, 38.930437289203077 ], [ -7.293278939691133, 38.930316595173231 ], [ -7.293463275108132, 38.930116149804107 ], [ -7.293647368205046, 38.929926780905916 ], [ -7.293714971886176, 38.929865561920316 ], [ -7.29381635924813, 38.929795217846085 ], [ -7.293984717746906, 38.929717970658736 ], [ -7.29418924084612, 38.929614768161805 ], [ -7.29433136861011, 38.929531749903191 ], [ -7.294509646542553, 38.92942457412839 ], [ -7.294682975172377, 38.929326733193662 ], [ -7.294844465141058, 38.929225113842463 ], [ -7.295029996423572, 38.929108622286456 ], [ -7.29514562809182, 38.929032888239966 ], [ -7.295370276400177, 38.92887569299495 ], [ -7.295589743744857, 38.928737014111405 ], [ -7.295796832691122, 38.928611403504767 ], [ -7.29596806249019, 38.928494897923258 ], [ -7.29607643856291, 38.928428386991691 ], [ -7.296234910363967, 38.928377184232211 ], [ -7.296094472073763, 38.928316638475145 ], [ -7.295923511045915, 38.928193722597889 ], [ -7.295790518783352, 38.928087924054147 ], [ -7.295576824118521, 38.927921555339609 ], [ -7.295437639461396, 38.927744545146282 ], [ -7.295317892915843, 38.927532097642342 ], [ -7.295171952761718, 38.927311897353086 ], [ -7.294901341223377, 38.926896147974709 ], [ -7.294694330362799, 38.926662266368446 ], [ -7.294606890097456, 38.926556792731013 ], [ -7.294505283616352, 38.926440044154461 ], [ -7.29443427700509, 38.926359006427916 ], [ -7.294384728258644, 38.926287493505939 ], [ -7.294239624644544, 38.926202138225733 ], [ -7.294025322956346, 38.926088275156545 ], [ -7.293837140417536, 38.925998921074111 ], [ -7.293634522761669, 38.925911264412228 ], [ -7.293355671588185, 38.925785677215444 ], [ -7.29314836517974, 38.925684924871355 ], [ -7.293003158445068, 38.925609030763106 ], [ -7.292826749224158, 38.925538492117944 ], [ -7.292586312703335, 38.925401920926205 ], [ -7.292329532105212, 38.925233433573148 ], [ -7.292225000381636, 38.925159723066244 ], [ -7.292091408475075, 38.92510633426496 ], [ -7.291869696367845, 38.925014842931695 ], [ -7.291550011872318, 38.924900222135669 ], [ -7.291387770486606, 38.924831676868997 ], [ -7.291070203283286, 38.924762733470651 ], [ -7.290851269393352, 38.924866456281208 ], [ -7.290704270701934, 38.924942232709938 ], [ -7.290516014152228, 38.925055094749716 ], [ -7.290111546586711, 38.925226295332926 ], [ -7.289998164008246, 38.92528735910151 ], [ -7.289947629275989, 38.925309514151202 ], [ -7.289874749485326, 38.925387625493236 ], [ -7.289782113797735, 38.925527389316279 ], [ -7.289622076731698, 38.925681707039736 ], [ -7.289457228428802, 38.925852832287063 ], [ -7.289251648424413, 38.926016097316932 ], [ -7.289012652707524, 38.926167951753143 ], [ -7.288778484445181, 38.926301015503974 ], [ -7.288633388491236, 38.926410491691044 ], [ -7.288546031966455, 38.926503451962354 ], [ -7.28843938301729, 38.926609420144736 ], [ -7.288284476431587, 38.926739365960103 ], [ -7.287723058480766, 38.927210910225504 ], [ -7.287548695891806, 38.927366923712896 ], [ -7.287489632514527, 38.927505030911753 ], [ -7.287354308374897, 38.927597643666282 ], [ -7.287180653161214, 38.927693758099615 ], [ -7.287016893243147, 38.927752475751589 ], [ -7.286309719960579, 38.927979483202982 ], [ -7.285911443667771, 38.928025332809639 ], [ -7.285461942538063, 38.927947133095877 ], [ -7.284754733842158, 38.927788420384033 ], [ -7.284501262507384, 38.927730373807165 ], [ -7.283980873936989, 38.927561847626038 ], [ -7.283823455615537, 38.927504496454901 ], [ -7.283518505269968, 38.927363747738255 ], [ -7.283374984096288, 38.92734027581308 ], [ -7.283221325412136, 38.927354108966263 ], [ -7.282703206568382, 38.927402769967095 ], [ -7.282370334621944, 38.927418525498389 ], [ -7.28186310090349, 38.927615663184064 ], [ -7.281727411476995, 38.927625628708562 ], [ -7.281550176888917, 38.927591471476568 ], [ -7.281339819774053, 38.927613714212228 ], [ -7.281296650382867, 38.927617093239796 ], [ -7.281084341765568, 38.927724177865848 ], [ -7.280871744736156, 38.927864948615337 ], [ -7.280717830592872, 38.927920034349029 ], [ -7.280443725563632, 38.927996673749284 ], [ -7.280246211973049, 38.928081343974561 ], [ -7.280005010979321, 38.928221905033936 ], [ -7.279798241887352, 38.928280298188575 ], [ -7.279639750570571, 38.928312830803151 ], [ -7.279038779169004, 38.928456800262126 ], [ -7.278222969627037, 38.92865531557139 ], [ -7.277627470869193, 38.928804317957791 ], [ -7.277361503692796, 38.928880327842222 ], [ -7.277269891938747, 38.928932170788435 ], [ -7.276961175953087, 38.929105919078225 ], [ -7.276009170412157, 38.929761728925939 ], [ -7.275700928693687, 38.930009801207071 ], [ -7.275183119498331, 38.929512281153364 ], [ -7.274865296788683, 38.929244045365657 ], [ -7.274328306458997, 38.928696106987061 ], [ -7.273977054990787, 38.928361230158259 ], [ -7.27362576389399, 38.928030004576186 ], [ -7.273182176972522, 38.92759950572335 ], [ -7.272927819644259, 38.927371235200603 ], [ -7.272826130544207, 38.927275546091956 ], [ -7.272770256811437, 38.927045292415926 ], [ -7.27270868306444, 38.926795872550713 ], [ -7.272674697534638, 38.92663087482935 ], [ -7.272570133539885, 38.926178820747715 ], [ -7.272458011851173, 38.925741755400743 ], [ -7.272384968318837, 38.925421087602111 ], [ -7.272339302315959, 38.925229698577823 ], [ -7.272238751879986, 38.924828300315781 ], [ -7.272188629114789, 38.924614449293429 ], [ -7.272180362160698, 38.9244777467311 ], [ -7.272184698775667, 38.924118283268562 ], [ -7.27220005463732, 38.923839429479422 ], [ -7.272120507125432, 38.9238763128279 ], [ -7.272014510462925, 38.923926068423192 ], [ -7.271889173403745, 38.923992521944925 ], [ -7.271804036663608, 38.924043686008915 ], [ -7.271519619934367, 38.923983161676631 ], [ -7.271062923068474, 38.92386659169491 ], [ -7.270331426058519, 38.923667655346335 ], [ -7.270085069040081, 38.923552635980556 ], [ -7.269698174377948, 38.923292865897992 ], [ -7.269453659295221, 38.923116944566743 ], [ -7.269197439373002, 38.922907247473859 ], [ -7.269150288187332, 38.922839522162263 ], [ -7.268965157433446, 38.922701508437584 ], [ -7.268732468045464, 38.92252936266938 ], [ -7.268497048426934, 38.92238341029082 ], [ -7.268404035727666, 38.922341468085207 ], [ -7.268096988486529, 38.922178229162725 ], [ -7.267897153792577, 38.922064426353771 ], [ -7.267597070793607, 38.921906824282473 ], [ -7.267306472883186, 38.921766139707799 ], [ -7.267056320974089, 38.921646283831059 ], [ -7.266776668459569, 38.921534380233048 ], [ -7.26648870248914, 38.921382529254146 ], [ -7.26625638212321, 38.921267606023356 ], [ -7.266163569030877, 38.921212143027581 ], [ -7.266168862385832, 38.921137893505474 ], [ -7.266164402060356, 38.921096696297411 ], [ -7.266330138564147, 38.920865708775757 ], [ -7.266630219532729, 38.920424217591957 ], [ -7.266859664796111, 38.920083268268236 ], [ -7.267025118945663, 38.919856058120565 ], [ -7.267190962456945, 38.919615794013424 ], [ -7.267277645437868, 38.919544346880272 ], [ -7.267414961598365, 38.919399303385163 ], [ -7.267506866336248, 38.919247467218419 ], [ -7.267694709793446, 38.919072736769344 ], [ -7.267856228328012, 38.918877318467892 ], [ -7.268106386467669, 38.918659510670658 ], [ -7.268159438139394, 38.918524796067381 ], [ -7.268235682151906, 38.918404859184136 ], [ -7.26810941939107, 38.918336297765677 ], [ -7.267856229828408, 38.918278217221818 ], [ -7.26761244409072, 38.91822398996829 ], [ -7.267240372692897, 38.918090085609236 ], [ -7.267002201705847, 38.917991127054769 ], [ -7.26668530892711, 38.917852047351495 ], [ -7.266301886470339, 38.917665718550694 ], [ -7.265923037589395, 38.917501947023005 ], [ -7.265670488812626, 38.917391437420719 ], [ -7.265465210255863, 38.917318757685479 ], [ -7.265314588214939, 38.917274584197422 ], [ -7.265042674649623, 38.917182669724831 ], [ -7.264770805626518, 38.917086969031779 ], [ -7.264439030151037, 38.916987135115306 ], [ -7.264240931882632, 38.916931347382871 ], [ -7.263897078868083, 38.916838895693495 ], [ -7.26370628418087, 38.916770100328392 ], [ -7.263439125807483, 38.916676325032483 ], [ -7.263262059388436, 38.916663838113521 ], [ -7.263109391126983, 38.916806824818181 ], [ -7.263000016699451, 38.916925816034507 ], [ -7.262687940421396, 38.917213385779917 ], [ -7.262480838122706, 38.917453670933995 ], [ -7.262374618674261, 38.917531427293994 ], [ -7.262308752091633, 38.917429961033925 ], [ -7.262196364821089, 38.917238433202655 ], [ -7.262062436682561, 38.917035571433949 ], [ -7.261935160385133, 38.916883208345922 ], [ -7.261758121212938, 38.916698582976011 ], [ -7.261621302646338, 38.916544250403682 ], [ -7.26134510136041, 38.916246745932739 ], [ -7.26106472228666, 38.915904438820228 ], [ -7.260942682613892, 38.915720312209231 ], [ -7.260886183093126, 38.915645124701946 ], [ -7.260725431190104, 38.915298034760646 ], [ -7.260566918254024, 38.914956634343824 ], [ -7.260469594007989, 38.91472206618343 ], [ -7.260360025746004, 38.914489485368883 ], [ -7.260399234902784, 38.914413124182097 ], [ -7.260480583318813, 38.914209978054132 ], [ -7.260496129737005, 38.914116593820481 ], [ -7.26054367748461, 38.913943099520864 ], [ -7.260578052216152, 38.913885346192217 ], [ -7.260678032191048, 38.913732784773508 ], [ -7.260724253860118, 38.913667735449778 ], [ -7.260836693204106, 38.913467700221233 ], [ -7.261004835879721, 38.913218452383468 ], [ -7.261072961271906, 38.913125459022929 ], [ -7.261029046062791, 38.913001818751525 ], [ -7.260931602331303, 38.912758068498476 ], [ -7.260882936032719, 38.912626822629285 ], [ -7.260827055822578, 38.912510566538877 ], [ -7.260661222346035, 38.912183974064291 ], [ -7.260586522830722, 38.912031997830667 ], [ -7.26059213862191, 38.911968447481101 ], [ -7.260575634683431, 38.911951481598557 ], [ -7.260483464823817, 38.911870537086365 ], [ -7.260356613559532, 38.911684482196513 ], [ -7.260220576023931, 38.911466651493939 ], [ -7.26013329769275, 38.911363133132014 ], [ -7.259988907075117, 38.911244324027798 ], [ -7.259815444557669, 38.911136471289268 ], [ -7.259599582773876, 38.911007669897984 ], [ -7.259445788974353, 38.910875642172968 ], [ -7.259105196407516, 38.910566477240117 ], [ -7.258885019131667, 38.910385304968194 ], [ -7.25863876443245, 38.910177823722414 ], [ -7.25855140045432, 38.910109970291288 ], [ -7.258380662553155, 38.90998718130011 ], [ -7.258110229728316, 38.909805728289435 ], [ -7.257913551788559, 38.909664004639794 ], [ -7.257747612224987, 38.909535664137465 ], [ -7.257622132890832, 38.909435642471998 ], [ -7.257335607494681, 38.90920353036126 ], [ -7.257219701921594, 38.909103489102449 ], [ -7.25703282960012, 38.908952561436244 ], [ -7.256885960635318, 38.9088392272687 ], [ -7.256647899704181, 38.908659904536499 ], [ -7.256411024037442, 38.908478607630876 ], [ -7.256269250190213, 38.908335491958859 ], [ -7.25606199324273, 38.908079654938312 ], [ -7.25593363830568, 38.907923577640439 ], [ -7.255874658233862, 38.907853960979203 ], [ -7.255762074691948, 38.907681160354151 ], [ -7.255684211019648, 38.907590769616036 ], [ -7.255691660910483, 38.907566503995795 ], [ -7.255684615304686, 38.907360805928107 ], [ -7.255678541209988, 38.907076569164694 ], [ -7.255669194833146, 38.906870944765274 ], [ -7.255690782520424, 38.906671138504493 ], [ -7.2557317579672, 38.906254568687423 ], [ -7.255749805027947, 38.906146254638934 ], [ -7.255795166155877, 38.905954011476787 ], [ -7.255832328431875, 38.905847728157745 ], [ -7.255893154416163, 38.905569669749639 ], [ -7.25601587139063, 38.905114441341389 ], [ -7.256075113610358, 38.904965268020419 ], [ -7.256115033297791, 38.904830994138145 ], [ -7.256189692057188, 38.904590418576781 ], [ -7.256308584384667, 38.904258570704876 ], [ -7.256353162906505, 38.90412991376661 ], [ -7.256383241867981, 38.904017994081151 ], [ -7.256405166170333, 38.903988249630437 ], [ -7.256565766993485, 38.903761379343138 ], [ -7.256746101544238, 38.903486019098303 ], [ -7.256822970241712, 38.903262305809818 ], [ -7.256860605417968, 38.903126121964881 ], [ -7.256918906604021, 38.903044407695162 ], [ -7.256966402810085, 38.902874609098575 ], [ -7.257016258896004, 38.902710501221051 ], [ -7.257093951520931, 38.902419506540795 ], [ -7.257151705828136, 38.902193757052068 ], [ -7.257170141472129, 38.902053644000745 ], [ -7.257151846079783, 38.901797331933466 ], [ -7.257173248625412, 38.901612201830908 ], [ -7.257201573092994, 38.901446044280995 ], [ -7.25723261104924, 38.901255676414898 ], [ -7.257265860147506, 38.901082075804517 ], [ -7.257326920239589, 38.900972190651338 ], [ -7.257429972834262, 38.900765514918895 ], [ -7.257515929083592, 38.900590421515631 ], [ -7.257606054846973, 38.900441477082509 ], [ -7.257629597501901, 38.900279064957495 ], [ -7.257662942676054, 38.90009799034523 ], [ -7.25771413818556, 38.900012351741509 ], [ -7.257890072216835, 38.899709026381906 ], [ -7.258002228509954, 38.899520794004374 ], [ -7.258092307160211, 38.899394369817557 ], [ -7.258340140197013, 38.899065377405151 ], [ -7.258524972854603, 38.898816165603051 ], [ -7.258614155630334, 38.898753325835216 ], [ -7.258727429581324, 38.898681302931436 ], [ -7.258929975199884, 38.898548152929123 ], [ -7.259043268256296, 38.898474142761344 ], [ -7.259169124586773, 38.898353571212198 ], [ -7.259425525800706, 38.898114350790088 ], [ -7.259529661566959, 38.898006769326329 ], [ -7.259704645574535, 38.897770634018883 ], [ -7.259854883145717, 38.897607092764019 ], [ -7.260073137445635, 38.897358218455686 ], [ -7.260330399573162, 38.897047935357492 ], [ -7.260536817758239, 38.896785910518091 ], [ -7.260677624527004, 38.896620499745566 ], [ -7.260946957256075, 38.896302916413987 ], [ -7.261172644641968, 38.89602968374583 ], [ -7.261366638565093, 38.895803054888091 ], [ -7.26144931107916, 38.895687746733174 ], [ -7.261512685201889, 38.895594808279107 ], [ -7.261563804548334, 38.895514750289088 ], [ -7.261673713044422, 38.89533045989026 ], [ -7.261927013823955, 38.894947269510197 ], [ -7.262165997240482, 38.89456586426374 ], [ -7.262282796479589, 38.894402161290685 ], [ -7.26237569060668, 38.894232697855244 ], [ -7.262592728500679, 38.893892292271886 ], [ -7.262775661017938, 38.893598291898378 ], [ -7.262963292905718, 38.893315585858943 ], [ -7.263104556071061, 38.893101623932552 ], [ -7.263255840267688, 38.892850442816041 ], [ -7.263439064979913, 38.892532128129346 ], [ -7.263624501946477, 38.892221206909802 ], [ -7.263731674095508, 38.892051939610305 ], [ -7.263846661280453, 38.891837872050324 ], [ -7.263878417627085, 38.891785684562763 ], [ -7.263924364051741, 38.891552364201623 ], [ -7.264004909648929, 38.891222025408744 ], [ -7.264102717850366, 38.8908469512686 ], [ -7.264190909998207, 38.89047567516662 ], [ -7.264260850040675, 38.890231278044588 ], [ -7.264349522117151, 38.889829835854641 ], [ -7.264358853818953, 38.889668755701877 ], [ -7.264440588060492, 38.88942102235761 ], [ -7.264527844113555, 38.88912630891091 ], [ -7.264594702323718, 38.888936114069779 ], [ -7.264719147983209, 38.888729589553122 ], [ -7.264824330982646, 38.88853409210671 ], [ -7.264922234674462, 38.8883498000625 ], [ -7.265095644466339, 38.888049961748827 ], [ -7.265183156799952, 38.887914054569606 ], [ -7.265355840262571, 38.887664831041597 ], [ -7.265501723524419, 38.887467747384079 ], [ -7.26565963577629, 38.88724822732825 ], [ -7.265854269037406, 38.886974845277393 ], [ -7.266136391472801, 38.886576908988062 ], [ -7.266350266709027, 38.886275653159636 ], [ -7.266485988192416, 38.886117763677497 ], [ -7.266716344771363, 38.885863383076391 ], [ -7.266912302441854, 38.885661081620363 ], [ -7.267112991483951, 38.885477548247749 ], [ -7.267269961922994, 38.885344046149832 ], [ -7.26740991102529, 38.885236716552086 ], [ -7.267489910850676, 38.885149394386445 ], [ -7.267628342787328, 38.884967292879473 ], [ -7.2677108063612, 38.88486683665915 ], [ -7.267787394636257, 38.884661756412754 ], [ -7.267876552075243, 38.8843988550638 ] ] ] } },
{ "type": "Feature", "properties": { "dtmnfr": "120716", "freguesia": "Terrugem", "municipio": "Elvas", "distrito_i": "Portalegre", "nuts3_cod": "1C3", "nuts3": "Alto Alentejo", "nuts2": "Alentejo", "nuts1": "Continente", "area_ha": 7272.57, "perimetro_": 50, "designacao": "Terrugem" }, "geometry": { "type": "Polygon", "coordinates": [ [ [ -7.314048307246523, 38.88466800056068 ], [ -7.314001359510548, 38.884591018125953 ], [ -7.313887423250311, 38.884315574813193 ], [ -7.313759540949655, 38.884010398075709 ], [ -7.313624512661858, 38.883695439979917 ], [ -7.313555805264547, 38.883435268362483 ], [ -7.313475238145457, 38.883175013449367 ], [ -7.313383998135956, 38.882991427659363 ], [ -7.313260027783608, 38.882756986716174 ], [ -7.313178219407277, 38.882605083231397 ], [ -7.313033175719122, 38.882329420584384 ], [ -7.312929173377321, 38.882022341491592 ], [ -7.312804506669528, 38.881638462181229 ], [ -7.312786577653892, 38.881533574435103 ], [ -7.312760440111597, 38.881262243293847 ], [ -7.312889790653807, 38.88127872919366 ], [ -7.313043916527945, 38.881307071882709 ], [ -7.313168061532647, 38.881342992477457 ], [ -7.313257601746271, 38.881355304111842 ], [ -7.313382283870106, 38.881344496504589 ], [ -7.313522090645604, 38.881318217672373 ], [ -7.313643269369916, 38.881273410268861 ], [ -7.313604421279196, 38.881064868560024 ], [ -7.313598663525721, 38.880943496605603 ], [ -7.313568648639732, 38.880847983170703 ], [ -7.313508486846135, 38.880677496597208 ], [ -7.31347610300097, 38.880550715334394 ], [ -7.313287773744998, 38.880337802988571 ], [ -7.313175711025469, 38.880110920092314 ], [ -7.313040587175647, 38.879910184940137 ], [ -7.312983180592914, 38.879816281421988 ], [ -7.312843090648212, 38.879531377053581 ], [ -7.312574109039107, 38.879030554796863 ], [ -7.312484883443566, 38.878882379183111 ], [ -7.312433457498025, 38.878784826941228 ], [ -7.312316108418599, 38.878597181586287 ], [ -7.312236884096446, 38.878420979123618 ], [ -7.312211749570915, 38.878321804641203 ], [ -7.312140776279377, 38.878059723539657 ], [ -7.312097779104608, 38.877850175873071 ], [ -7.31203237993015, 38.877715137658925 ], [ -7.311866945856839, 38.877349614690253 ], [ -7.311792042277739, 38.87720901837055 ], [ -7.311695905100683, 38.877051339883877 ], [ -7.311640308407627, 38.87690547732403 ], [ -7.311593763493283, 38.876804173971578 ], [ -7.311561432963008, 38.876699276526551 ], [ -7.311447850480051, 38.876405185206316 ], [ -7.311366925058255, 38.876167354454878 ], [ -7.311265037877745, 38.87588829809345 ], [ -7.311186427635985, 38.875659761473187 ], [ -7.311101035741943, 38.875399469788114 ], [ -7.311032675383786, 38.875311165739994 ], [ -7.310970266792401, 38.875136967846906 ], [ -7.310893636520419, 38.874936459941544 ], [ -7.310857215081275, 38.874787032497579 ], [ -7.310781216354981, 38.87454158029508 ], [ -7.310699929880686, 38.874335543831499 ], [ -7.310557870580222, 38.874013148630389 ], [ -7.310504719636237, 38.87386513813847 ], [ -7.310490459788999, 38.873642725547391 ], [ -7.310490172152717, 38.873467257973488 ], [ -7.310321152126818, 38.873204480379378 ], [ -7.310133405622719, 38.872907977961844 ], [ -7.310041931764919, 38.872756003079559 ], [ -7.309910104593129, 38.872596269939947 ], [ -7.309902027995141, 38.872467226524606 ], [ -7.309846212493628, 38.872330456609134 ], [ -7.309839824448541, 38.872265011701707 ], [ -7.30980172239412, 38.872051713377921 ], [ -7.309754559862515, 38.871784210064554 ], [ -7.309725780104017, 38.871591694355445 ], [ -7.309697820347409, 38.871328021372854 ], [ -7.309666670662664, 38.871131612889563 ], [ -7.309657727469387, 38.871077324059954 ], [ -7.309645777481233, 38.870864300127934 ], [ -7.309617473242156, 38.870630527705025 ], [ -7.309534534266346, 38.870368450445511 ], [ -7.309486219764449, 38.870201740100569 ], [ -7.309482139039946, 38.870145678588166 ], [ -7.309472763183963, 38.869919429562287 ], [ -7.309460713968826, 38.869725047321403 ], [ -7.309479885286443, 38.869501073203075 ], [ -7.309483392627541, 38.869196548446006 ], [ -7.309495119179468, 38.868978459710988 ], [ -7.309505110647244, 38.868851611800089 ], [ -7.309567840538304, 38.868586684794302 ], [ -7.309581432820571, 38.868437341968729 ], [ -7.309584628623694, 38.868370076564212 ], [ -7.309519653405235, 38.868208921777978 ], [ -7.309493880638548, 38.868165773917823 ], [ -7.309408805980524, 38.868079244396526 ], [ -7.309229755490391, 38.867868732071962 ], [ -7.308989206220091, 38.867596087764348 ], [ -7.308857125933719, 38.867449407400557 ], [ -7.308672934514115, 38.867264987631259 ], [ -7.308399019770879, 38.866988411564392 ], [ -7.308157872976683, 38.866768093680989 ], [ -7.307999657076044, 38.866610058996827 ], [ -7.307945545287524, 38.866546175575685 ], [ -7.308053664250438, 38.866492712759239 ], [ -7.308224312179179, 38.866402397598939 ], [ -7.308361081122857, 38.866341655912088 ], [ -7.308447896027874, 38.866276873551094 ], [ -7.308532567790146, 38.866178471645412 ], [ -7.308547765882381, 38.866109489439033 ], [ -7.308551169699849, 38.866014214979387 ], [ -7.308559299536185, 38.865928336551455 ], [ -7.308605489828807, 38.865859482170592 ], [ -7.308721198083538, 38.865766891250736 ], [ -7.308829874774794, 38.865664878009753 ], [ -7.308943892840484, 38.865508763016706 ], [ -7.309065668929363, 38.865309651856315 ], [ -7.309180725986439, 38.865063827548404 ], [ -7.309258766568488, 38.864920525955881 ], [ -7.30937042745146, 38.864758719900856 ], [ -7.309515507337409, 38.864606613870343 ], [ -7.309670260229269, 38.864445112301425 ], [ -7.309800387504866, 38.864350724906622 ], [ -7.309937225495849, 38.864267047197615 ], [ -7.310124485080479, 38.864210955035922 ], [ -7.310307010574736, 38.864164506350576 ], [ -7.310507495505867, 38.864056877632798 ], [ -7.310757125566814, 38.863821221863688 ], [ -7.310966614962352, 38.863688119901084 ], [ -7.311173763138664, 38.863538243934876 ], [ -7.311335330086121, 38.863404713035393 ], [ -7.311419759148117, 38.86332684946052 ], [ -7.311543058270418, 38.863204400599734 ], [ -7.311676306343522, 38.863039141014802 ], [ -7.311826674472612, 38.862836532962355 ], [ -7.312034407580785, 38.862636127777208 ], [ -7.312320115659817, 38.862367811547628 ], [ -7.31226551636476, 38.862275188849033 ], [ -7.312227730628416, 38.862033967294074 ], [ -7.312196701275542, 38.861826300303754 ], [ -7.312127064578138, 38.861439110025266 ], [ -7.31207026268365, 38.861188297454277 ], [ -7.31202922310179, 38.861019830288633 ], [ -7.311937299511444, 38.860707160271836 ], [ -7.311908484152308, 38.860480064599734 ], [ -7.311840907881968, 38.860292661791675 ], [ -7.311807433447153, 38.860171702297457 ], [ -7.311739364929791, 38.860027133545195 ], [ -7.311670983064539, 38.859909822827852 ], [ -7.311560773548314, 38.859796445253892 ], [ -7.311544135991562, 38.859679165354358 ], [ -7.311525379456162, 38.859577780932923 ], [ -7.311507474379451, 38.859402410300582 ], [ -7.311452932337073, 38.859205321805923 ], [ -7.31144849895509, 38.8591697999966 ], [ -7.311478642429746, 38.859042911506499 ], [ -7.311516101406704, 38.858901209843545 ], [ -7.311541469401653, 38.858768706520664 ], [ -7.311635463411634, 38.858489133189423 ], [ -7.311723288007653, 38.85832527076257 ], [ -7.311851213993013, 38.858210509684859 ], [ -7.311906483262686, 38.858173423278785 ], [ -7.311907598724172, 38.858076239051215 ], [ -7.31193947226023, 38.85800926697398 ], [ -7.312004837459339, 38.857934957520506 ], [ -7.312096620833957, 38.857847777877502 ], [ -7.312236268230015, 38.857745979877507 ], [ -7.312378200327799, 38.857655456579415 ], [ -7.312474750681475, 38.857564615141875 ], [ -7.312759199040648, 38.857342403650406 ], [ -7.312850672020681, 38.857272067559997 ], [ -7.312834567603821, 38.857219617479736 ], [ -7.312804481264388, 38.857140858369945 ], [ -7.312779245233888, 38.857051056458381 ], [ -7.312797085600977, 38.856952097137537 ], [ -7.312802580579681, 38.856884933223931 ], [ -7.312855972269124, 38.856819913566518 ], [ -7.312933384348535, 38.85674010695935 ], [ -7.313029969250771, 38.856645484720339 ], [ -7.313131120893025, 38.856575210952847 ], [ -7.313220044202317, 38.856516112775246 ], [ -7.313114022974951, 38.856388269631466 ], [ -7.313062076162597, 38.856337459555114 ], [ -7.312945790203321, 38.856271159176785 ], [ -7.312817633868518, 38.856204866290646 ], [ -7.31264181624672, 38.856115900069568 ], [ -7.312498065512552, 38.856053815610061 ], [ -7.312588460847999, 38.856007159883113 ], [ -7.312780679630224, 38.855911408109847 ], [ -7.313016078954873, 38.855797217646305 ], [ -7.313176707637484, 38.855723485395579 ], [ -7.313378527034973, 38.855624013157346 ], [ -7.313704988202177, 38.855474968839893 ], [ -7.313909180963303, 38.855369930205718 ], [ -7.313831926599391, 38.855234900379529 ], [ -7.313719109655411, 38.855077106066894 ], [ -7.313648532132275, 38.854983109251975 ], [ -7.313613690162423, 38.854896934178718 ], [ -7.313533273050004, 38.854827281134376 ], [ -7.313410400016407, 38.854712473135095 ], [ -7.313358796289569, 38.854631762463818 ], [ -7.31333361982561, 38.85453628164813 ], [ -7.313303725141016, 38.854440774013071 ], [ -7.313268289977849, 38.854406927164248 ], [ -7.313204484810127, 38.854344865153145 ], [ -7.313112445542372, 38.854254503313236 ], [ -7.313073694229566, 38.854197660582358 ], [ -7.313134885540278, 38.854155662657661 ], [ -7.31331278447121, 38.854052333864701 ], [ -7.313541201236618, 38.853913771360922 ], [ -7.313726417791535, 38.853804901247464 ], [ -7.313940031212064, 38.853681188814889 ], [ -7.314165351780192, 38.853611698442464 ], [ -7.314311597959041, 38.853566061690536 ], [ -7.314378863577864, 38.853536622901551 ], [ -7.314552512890124, 38.853392094142514 ], [ -7.31471895827173, 38.853241926213194 ], [ -7.314817834024445, 38.85315857909292 ], [ -7.314906803934803, 38.853104971045759 ], [ -7.314957290261741, 38.853071815762561 ], [ -7.315187948530095, 38.852948310490667 ], [ -7.315524422072815, 38.852758167307599 ], [ -7.315637438057696, 38.852697341537393 ], [ -7.315820006788791, 38.852597731144208 ], [ -7.315906712564053, 38.852540416892992 ], [ -7.316003733728282, 38.852397152209868 ], [ -7.316137094440274, 38.852218740143691 ], [ -7.316290025854786, 38.852001189044842 ], [ -7.316474540036544, 38.851740982406888 ], [ -7.316537620479341, 38.851644226739253 ], [ -7.316600581113919, 38.851568010650773 ], [ -7.316908167072397, 38.851192822579009 ], [ -7.317048624889773, 38.851018147702511 ], [ -7.317163783426752, 38.850768625863459 ], [ -7.317253855438674, 38.850617923346462 ], [ -7.317313112061238, 38.850452054397884 ], [ -7.317435020535088, 38.850226811256384 ], [ -7.317537218014185, 38.850053580930727 ], [ -7.317639426458364, 38.849878640006217 ], [ -7.317802439677722, 38.849614411273173 ], [ -7.317958171566041, 38.849352199667834 ], [ -7.318099160253023, 38.849140144827615 ], [ -7.318280949240917, 38.84890604053389 ], [ -7.318387165221206, 38.84880400079124 ], [ -7.318461546659986, 38.848776502676316 ], [ -7.318643916283684, 38.848693728226735 ], [ -7.318811857693413, 38.848633195825187 ], [ -7.31904258117207, 38.84850211847867 ], [ -7.319314137189416, 38.848345196274188 ], [ -7.319504055057813, 38.84823626398795 ], [ -7.31973273641509, 38.848092199813713 ], [ -7.319965777926421, 38.847959063166691 ], [ -7.320189394545031, 38.847824239049622 ], [ -7.320288102050829, 38.847753942793496 ], [ -7.32034599948141, 38.847707594344278 ], [ -7.320473979559145, 38.847585167241725 ], [ -7.320587412170912, 38.847475787472668 ], [ -7.320756067271418, 38.847342383258443 ], [ -7.320965454046814, 38.847192419245587 ], [ -7.321081095386487, 38.847101612200113 ], [ -7.321312402392355, 38.846918286446112 ], [ -7.321608822610249, 38.84669055470971 ], [ -7.321796681845623, 38.846549710430509 ], [ -7.321695073720153, 38.8464593806466 ], [ -7.321466737398783, 38.846168200760005 ], [ -7.321292893911592, 38.845916665061495 ], [ -7.321120511563619, 38.845749187401019 ], [ -7.321046483010387, 38.845726154154036 ], [ -7.32068754707541, 38.84558539294683 ], [ -7.320630409635905, 38.84557562920542 ], [ -7.320397454842816, 38.845478707853133 ], [ -7.320231265052965, 38.845395401183779 ], [ -7.320077263097858, 38.845283988315089 ], [ -7.319795052807747, 38.845112051867495 ], [ -7.319642634956332, 38.845013165789219 ], [ -7.319508859029416, 38.844885860954641 ], [ -7.319265326438378, 38.844665456847196 ], [ -7.319220783806242, 38.844601639709779 ], [ -7.319226293092818, 38.84453258829376 ], [ -7.31919606686398, 38.844455724021159 ], [ -7.319094148099516, 38.844393404051836 ], [ -7.318953061059747, 38.844199922281959 ], [ -7.318841046999953, 38.843961879665841 ], [ -7.318815703140742, 38.843881354327259 ], [ -7.318834253200511, 38.843718982066399 ], [ -7.318852838185648, 38.843552830369013 ], [ -7.318811304351835, 38.843427243245365 ], [ -7.318694683880825, 38.843189167450085 ], [ -7.318575387260313, 38.842964131476499 ], [ -7.318493788379802, 38.842786021395831 ], [ -7.318419836948483, 38.842574362798203 ], [ -7.318423993614624, 38.842421262793394 ], [ -7.318446099736387, 38.842361512402377 ], [ -7.318499593077291, 38.842275953769501 ], [ -7.318552773849321, 38.842218403587076 ], [ -7.318713913614836, 38.842116746397672 ], [ -7.318781368382571, 38.842059295629305 ], [ -7.318873079760874, 38.841975889488893 ], [ -7.318809354443991, 38.841908158778587 ], [ -7.318781620524763, 38.841835181496982 ], [ -7.318715616525514, 38.841754371735199 ], [ -7.318625797365183, 38.841671510542767 ], [ -7.318571934434462, 38.841587091258049 ], [ -7.318546571653627, 38.841487915948974 ], [ -7.318505635130455, 38.841310090297057 ], [ -7.318514863841696, 38.841136393257045 ], [ -7.318536493622095, 38.84091603670246 ], [ -7.318588050673681, 38.840798661552732 ], [ -7.31871117955522, 38.840676294254862 ], [ -7.318838617407265, 38.840591063605466 ], [ -7.319030757182863, 38.840487733999595 ], [ -7.319282836953447, 38.840369951625519 ], [ -7.319379307032547, 38.840282798533927 ], [ -7.319387171866583, 38.84021934560414 ], [ -7.319364157382607, 38.840146315743496 ], [ -7.319335948303136, 38.84010495085289 ], [ -7.319271840468879, 38.84007090599993 ], [ -7.319160215544666, 38.84002157705288 ], [ -7.318938809395855, 38.839963918099656 ], [ -7.318595846767392, 38.83989054918505 ], [ -7.31829793656898, 38.83984541953906 ], [ -7.318033574401473, 38.839787551096947 ], [ -7.317840538124224, 38.83974702539907 ], [ -7.317697430782238, 38.839742243202544 ], [ -7.317396612922311, 38.839740146462987 ], [ -7.317303828571675, 38.839705902071053 ], [ -7.317116570388877, 38.839583167980273 ], [ -7.317045385080118, 38.839543400252019 ], [ -7.31696464571638, 38.83951293384181 ], [ -7.31679792531629, 38.839457363500529 ], [ -7.316510603735939, 38.839322762128404 ], [ -7.316268094478859, 38.839227658280848 ], [ -7.316006853466481, 38.839108106331928 ], [ -7.315902787762529, 38.83902333550774 ], [ -7.315844348313035, 38.838916363418988 ], [ -7.315816609356223, 38.838834019062482 ], [ -7.315803352710421, 38.838744208575434 ], [ -7.315814073354328, 38.838632228300796 ], [ -7.315784897723227, 38.838463850246512 ], [ -7.315715569751755, 38.838261588497005 ], [ -7.315700404658266, 38.838126998545981 ], [ -7.315664677839139, 38.837917496309252 ], [ -7.315620710443572, 38.837793874454299 ], [ -7.315566670217602, 38.837685044961709 ], [ -7.315465916232889, 38.83752174884782 ], [ -7.315356124386819, 38.83730236261912 ], [ -7.315314906005332, 38.837160114626045 ], [ -7.315286104002334, 38.836969305085205 ], [ -7.315228318665469, 38.836795146206711 ], [ -7.315229544092291, 38.836698047923456 ], [ -7.315178476388542, 38.836359541758888 ], [ -7.315085892233068, 38.836106675709168 ], [ -7.315013967341279, 38.836126573782131 ], [ -7.31482682005103, 38.83620178515465 ], [ -7.314644411171122, 38.836280858644926 ], [ -7.314481422212169, 38.836343226050097 ], [ -7.314287010505311, 38.836424018221791 ], [ -7.314061118530414, 38.836538278536359 ], [ -7.313806716811072, 38.836657919682999 ], [ -7.313540125757977, 38.836796126310546 ], [ -7.313331246504131, 38.836893655460585 ], [ -7.313139402229291, 38.836970769620883 ], [ -7.312923633613509, 38.837045912117205 ], [ -7.312777353095513, 38.837097225663761 ], [ -7.312386779993674, 38.837219695086539 ], [ -7.312171363138253, 38.837274211683123 ], [ -7.312068294101844, 38.837303392279082 ], [ -7.311974783344207, 38.837332555302353 ], [ -7.311610376058414, 38.837453313508675 ], [ -7.311469127828979, 38.837487812600379 ], [ -7.311327592732678, 38.83754654139608 ], [ -7.311190658928711, 38.837616652228384 ], [ -7.311001070801336, 38.837688100206101 ], [ -7.310674643558484, 38.837840832040726 ], [ -7.310425035942033, 38.837953025735352 ], [ -7.31030003391488, 38.838026910043872 ], [ -7.310136320527967, 38.838141598864595 ], [ -7.310109785223119, 38.838165733875378 ], [ -7.30969332884156, 38.83844492686945 ], [ -7.30929900088835, 38.83869247778172 ], [ -7.309072914693521, 38.838832849599207 ], [ -7.308979184667311, 38.838880743081411 ], [ -7.308851768010066, 38.838963889516968 ], [ -7.308659375056411, 38.839078370247272 ], [ -7.308510373452048, 38.839165240008874 ], [ -7.308346720120262, 38.839274249986197 ], [ -7.308072318301365, 38.839468505631906 ], [ -7.30792305256247, 38.839568339494086 ], [ -7.307756809735134, 38.839692375162755 ], [ -7.3075858813044, 38.839812592397969 ], [ -7.307383546004332, 38.839969976032151 ], [ -7.307161747432804, 38.840157030289433 ], [ -7.30685604891887, 38.840367904497825 ], [ -7.306591375351601, 38.840547276070218 ], [ -7.306471186002993, 38.840402570131126 ], [ -7.306379605284461, 38.840274646307158 ], [ -7.306144745205822, 38.839936725405387 ], [ -7.305987349066267, 38.839713209342825 ], [ -7.305782718501582, 38.839440810089556 ], [ -7.3053615880506, 38.838907096048871 ], [ -7.305070050697675, 38.838501392953695 ], [ -7.304975869950285, 38.838379304645784 ], [ -7.304919823203859, 38.838276129185054 ], [ -7.304710735765227, 38.837981352571369 ], [ -7.304555421139527, 38.837787757901197 ], [ -7.304373923467392, 38.837577225454538 ], [ -7.304128759344643, 38.837365517580835 ], [ -7.304142262989821, 38.83733318262837 ], [ -7.304115695025212, 38.837269848493996 ], [ -7.304069271653307, 38.837151700585039 ], [ -7.304022176576126, 38.836981476491346 ], [ -7.304016591463543, 38.836896945473917 ], [ -7.304002233142956, 38.836814153744136 ], [ -7.30393724750703, 38.836488424343365 ], [ -7.303910821945562, 38.836423380584542 ], [ -7.303807608526423, 38.836286000400889 ], [ -7.303772258007132, 38.83623539490663 ], [ -7.303521323400381, 38.83586564790663 ], [ -7.303500016948575, 38.835816048252937 ], [ -7.303459917757437, 38.835698841272162 ], [ -7.303408152002493, 38.835554259567374 ], [ -7.303277980485847, 38.835209236804268 ], [ -7.303145577852756, 38.834867717377641 ], [ -7.303028022162999, 38.834567195121153 ], [ -7.302898896689577, 38.83424118579422 ], [ -7.302816223394512, 38.834021169856833 ], [ -7.302785375669733, 38.833960331663029 ], [ -7.302743531428637, 38.833894278140527 ], [ -7.302675722208629, 38.833812726747936 ], [ -7.302605852685746, 38.833719988286063 ], [ -7.302551040135991, 38.833604761660624 ], [ -7.30262398310267, 38.833576712920241 ], [ -7.30292250867638, 38.833515690202432 ], [ -7.303285706789679, 38.833429445807887 ], [ -7.303648920507227, 38.833341583488696 ], [ -7.303787890750082, 38.833305008547818 ], [ -7.304000218948805, 38.833248501914866 ], [ -7.304455366552875, 38.833127957075128 ], [ -7.304642627691227, 38.833078027299578 ], [ -7.304975384648168, 38.832984810375422 ], [ -7.305199598848235, 38.832925773551104 ], [ -7.305450337970681, 38.832654793048867 ], [ -7.305556083027613, 38.832562939261244 ], [ -7.305568651824974, 38.832561769912019 ], [ -7.305843774475843, 38.832542277348452 ], [ -7.306032676475136, 38.83252946822256 ], [ -7.306176433579183, 38.832516883286829 ], [ -7.306488710610295, 38.832490892755381 ], [ -7.30664200376915, 38.832480448324233 ], [ -7.306790568678849, 38.832469964840314 ], [ -7.306890986374285, 38.832460406231043 ], [ -7.306915005736768, 38.832455170530046 ], [ -7.306964892587809, 38.832433364145153 ], [ -7.307025398753532, 38.832399201158751 ], [ -7.3071751074795, 38.832300091126463 ], [ -7.307292543960927, 38.832222554357458 ], [ -7.307494267626181, 38.832086698538831 ], [ -7.307205497635464, 38.831682193646991 ], [ -7.30710019135921, 38.831536601658271 ], [ -7.30707328591549, 38.831492453285342 ], [ -7.306973766733798, 38.831324478056985 ], [ -7.306897229572634, 38.831190893173499 ], [ -7.306859351596031, 38.8311401797164 ], [ -7.306782982818834, 38.830982006422012 ], [ -7.306667822348548, 38.830741946960757 ], [ -7.306608987172172, 38.830621366486099 ], [ -7.306548753013118, 38.830492219560249 ], [ -7.306824540558333, 38.830354638729922 ], [ -7.307028764629854, 38.830250955631335 ], [ -7.307144592225138, 38.830192776194274 ], [ -7.307293266255833, 38.830132663371685 ], [ -7.307475199805586, 38.830054588751658 ], [ -7.307527728362182, 38.830033425923723 ], [ -7.307702658668354, 38.829953142278356 ], [ -7.307863894134915, 38.829882396379915 ], [ -7.308034573250326, 38.829821355319083 ], [ -7.308239704331423, 38.82974875885153 ], [ -7.308384140920787, 38.829706810492191 ], [ -7.308594606321893, 38.829640733981826 ], [ -7.308696399894619, 38.829611366318126 ], [ -7.308820234884982, 38.829577914119469 ], [ -7.308901356299946, 38.829553806896136 ], [ -7.309095431213842, 38.829481039928758 ], [ -7.309255249153264, 38.829423162370453 ], [ -7.309391541696577, 38.829378004387621 ], [ -7.309486483360166, 38.829343272203673 ], [ -7.309618830772567, 38.829280876706441 ], [ -7.309791088091004, 38.82920264105973 ], [ -7.30999228651415, 38.82911073434655 ], [ -7.310035001093346, 38.82909175678725 ], [ -7.310119096526957, 38.829059112241417 ], [ -7.310174027794939, 38.829048777223285 ], [ -7.310343472204484, 38.829034928627827 ], [ -7.310540394711083, 38.829014870521419 ], [ -7.310700303016057, 38.828998788779323 ], [ -7.310791558876172, 38.828994748936651 ], [ -7.310853296597875, 38.828993562108664 ], [ -7.310895826909201, 38.82899007638089 ], [ -7.310972717934697, 38.828973411721215 ], [ -7.311022250529944, 38.828961960973317 ], [ -7.311393409126726, 38.828912963890161 ], [ -7.311623312150621, 38.828865883692181 ], [ -7.311748077974525, 38.828843694692381 ], [ -7.311918859570778, 38.828809013623939 ], [ -7.31247917648604, 38.828716272042961 ], [ -7.313178853376056, 38.82865383276134 ], [ -7.313549965638542, 38.82857145181471 ], [ -7.313851867673588, 38.828534924146894 ], [ -7.314008195924496, 38.828529620341257 ], [ -7.314134456423814, 38.828515464332234 ], [ -7.314464239295614, 38.82845768562543 ], [ -7.314780127016371, 38.82840621320706 ], [ -7.314947790338975, 38.828366668654027 ], [ -7.315167981407885, 38.828295242767943 ], [ -7.315590853081789, 38.828233793379795 ], [ -7.315964532720042, 38.828163528313198 ], [ -7.316258694495, 38.828088297616233 ], [ -7.316788878388251, 38.827997684644636 ], [ -7.317200790512086, 38.827927590892457 ], [ -7.317450461357326, 38.827916540630625 ], [ -7.317922188190146, 38.827902713156632 ], [ -7.318095566159466, 38.827846000810098 ], [ -7.318651451486669, 38.827671694045584 ], [ -7.31943013028596, 38.827419666919837 ], [ -7.320239242379742, 38.827163527090264 ], [ -7.320503595160999, 38.827055913991536 ], [ -7.321173054631051, 38.826766639989408 ], [ -7.321346675088073, 38.826677763832144 ], [ -7.32171905936238, 38.82650929589019 ], [ -7.321851134851832, 38.826447239460606 ], [ -7.321925494827449, 38.82640920323972 ], [ -7.322077202796985, 38.826343686952541 ], [ -7.322269883236883, 38.826269986604672 ], [ -7.32272681550955, 38.826097135319458 ], [ -7.322809323600699, 38.826071945267564 ], [ -7.322916413913316, 38.82606196961963 ], [ -7.323210220350732, 38.826016799601085 ], [ -7.323368895155299, 38.826047983011129 ], [ -7.323497594510511, 38.826061758921135 ], [ -7.323745185597594, 38.825979783750398 ], [ -7.324535311397312, 38.825689159903895 ], [ -7.324675755459739, 38.825632118790878 ], [ -7.325414292311879, 38.825289790003616 ], [ -7.325642929943259, 38.825192640262891 ], [ -7.325310997288483, 38.824973622484507 ], [ -7.325215354182118, 38.824938643957104 ], [ -7.324996999474523, 38.824849221766662 ], [ -7.324320393410543, 38.824561337690064 ], [ -7.324156786835527, 38.824487245955588 ], [ -7.323968629028855, 38.824395866365592 ], [ -7.323889811582787, 38.824339474579546 ], [ -7.323802796443998, 38.824274554985607 ], [ -7.323597981625957, 38.8242001778831 ], [ -7.323409717502477, 38.824128074314665 ], [ -7.323259531570322, 38.824069114718448 ], [ -7.322852914910109, 38.823918210065436 ], [ -7.322664906262137, 38.823813952719611 ], [ -7.322272698438022, 38.823590185286086 ], [ -7.322005852115327, 38.823431688483275 ], [ -7.321667950117976, 38.823253426189687 ], [ -7.321980662894163, 38.822991752185089 ], [ -7.322237914283864, 38.822787528960845 ], [ -7.322547980359086, 38.822525744051106 ], [ -7.322797342076242, 38.822295703323633 ], [ -7.323148999396493, 38.821980608651621 ], [ -7.323447523783948, 38.821750997423159 ], [ -7.323569238287774, 38.821648878675468 ], [ -7.323711050773403, 38.821469615430637 ], [ -7.323796482291473, 38.821429490087866 ], [ -7.324224192687011, 38.821189951506618 ], [ -7.324701402516408, 38.820931486118319 ], [ -7.325032240981411, 38.820755685588175 ], [ -7.325338261560947, 38.820605474023019 ], [ -7.325292719898593, 38.820508596914692 ], [ -7.32522333917244, 38.820340753336822 ], [ -7.325193824492893, 38.820282629737861 ], [ -7.32513453665012, 38.820189981261812 ], [ -7.325029556291693, 38.82002396134682 ], [ -7.324865014549886, 38.819788983239746 ], [ -7.324751664014722, 38.819640109229063 ], [ -7.324686438312212, 38.819583902977783 ], [ -7.324447571950238, 38.819384798892514 ], [ -7.324232989238654, 38.819207394790766 ], [ -7.324187134824268, 38.819149157797234 ], [ -7.324127940135648, 38.819047861921412 ], [ -7.324079686916019, 38.818946731864045 ], [ -7.324034091788012, 38.818864894266177 ], [ -7.323934769759283, 38.818677474778475 ], [ -7.32385717323449, 38.81850318148836 ], [ -7.323741504446246, 38.818315648594051 ], [ -7.323588033692916, 38.818059303089242 ], [ -7.323571809534014, 38.818048383961766 ], [ -7.323501708277732, 38.817944938575636 ], [ -7.323242927045673, 38.817552749665467 ], [ -7.323084002315798, 38.817311319586437 ], [ -7.322887202944071, 38.817018105377699 ], [ -7.322759999591024, 38.816873462492914 ], [ -7.322434076278232, 38.81661592093252 ], [ -7.322156676755441, 38.816425107589033 ], [ -7.32151759672217, 38.815982988616497 ], [ -7.321027722511682, 38.815674947400097 ], [ -7.32066670409096, 38.81536554471554 ], [ -7.320596075619569, 38.815309298595309 ], [ -7.32024098154254, 38.814954894777735 ], [ -7.320157258319817, 38.814844960616576 ], [ -7.320006121244043, 38.814659251664423 ], [ -7.319805934699015, 38.814179365219609 ], [ -7.319754760169752, 38.814093253388826 ], [ -7.319417259018939, 38.813640338122596 ], [ -7.319340827520875, 38.813497031441692 ], [ -7.319234839082055, 38.813300012213773 ], [ -7.319422438650911, 38.813123684232167 ], [ -7.319560775468895, 38.813006644847249 ], [ -7.319826404813981, 38.812791848354998 ], [ -7.320172497700967, 38.812539768291693 ], [ -7.320484480443934, 38.812296485705204 ], [ -7.320780274092265, 38.812071094591182 ], [ -7.321199585432213, 38.811827276247087 ], [ -7.321347623989748, 38.811737684176698 ], [ -7.321586050814133, 38.811626652366108 ], [ -7.321867627046277, 38.811467184522371 ], [ -7.322033955032611, 38.811368437777595 ], [ -7.322540980261458, 38.811094149973535 ], [ -7.322651098459774, 38.811038612142731 ], [ -7.323071921586012, 38.810853352104296 ], [ -7.323190124548521, 38.810815708960597 ], [ -7.323584074142535, 38.810706396016975 ], [ -7.324052780187224, 38.810596313120719 ], [ -7.324647355924961, 38.810417556079486 ], [ -7.325251920086068, 38.810228561880223 ], [ -7.325217507697878, 38.81018701031401 ], [ -7.325149320248842, 38.80998573934415 ], [ -7.324794660304815, 38.809399149435215 ], [ -7.324727318502423, 38.809275816394951 ], [ -7.324335981035613, 38.809423765302817 ], [ -7.323714817111407, 38.809625518333043 ], [ -7.323285266669844, 38.809766779065214 ], [ -7.322908731714232, 38.809877498123178 ], [ -7.322720376253106, 38.809940584420012 ], [ -7.32231415630001, 38.810056246333865 ], [ -7.32206972455799, 38.810129244686387 ], [ -7.321762574788018, 38.810217260866445 ], [ -7.321388947619364, 38.810361479172542 ], [ -7.320952453612803, 38.810533591667003 ], [ -7.320826549576468, 38.810604835032038 ], [ -7.320704347298827, 38.810640044678344 ], [ -7.320594248798188, 38.810647559066091 ], [ -7.320576781873598, 38.810634642842047 ], [ -7.320543638472174, 38.810587413883042 ], [ -7.320537522911867, 38.81054616043869 ], [ -7.320531641444252, 38.810484303166191 ], [ -7.320306211604993, 38.810333346200871 ], [ -7.320158874939375, 38.810262777793952 ], [ -7.320054302722474, 38.810195082155225 ], [ -7.319907571244949, 38.810059081019226 ], [ -7.319813945841124, 38.809991498290245 ], [ -7.319697433278412, 38.80986143983867 ], [ -7.3195953791194, 38.809756870570077 ], [ -7.319525220206657, 38.809700990960486 ], [ -7.319366285410725, 38.809669879846808 ], [ -7.319307083864025, 38.809687931786989 ], [ -7.319188576802783, 38.809733265196421 ], [ -7.319005433520213, 38.809496576233506 ], [ -7.319246233790815, 38.809387366349725 ], [ -7.319471605823984, 38.80928011852712 ], [ -7.319834135993307, 38.8091078840189 ], [ -7.32020489018271, 38.808931297152114 ], [ -7.320396404161158, 38.808844711063131 ], [ -7.32081495461505, 38.808656287800446 ], [ -7.320964453603833, 38.808589316908986 ], [ -7.321231647981632, 38.808458753989001 ], [ -7.32150832451961, 38.808344202021722 ], [ -7.32188002552688, 38.808195179492976 ], [ -7.322142473329662, 38.808086471497525 ], [ -7.322471096913659, 38.807949395137484 ], [ -7.322818815742869, 38.807813169104605 ], [ -7.322942366593399, 38.807750159310636 ], [ -7.323146863518353, 38.807645281771336 ], [ -7.323386601449196, 38.807528939700049 ], [ -7.323445723406377, 38.807492955887994 ], [ -7.323644393439517, 38.807363267285908 ], [ -7.323788396210106, 38.807272743261493 ], [ -7.323865597100532, 38.807226254293759 ], [ -7.323916128719923, 38.807211172021447 ], [ -7.324008659359091, 38.807168245443442 ], [ -7.324080686658845, 38.807141270254654 ], [ -7.324113792609302, 38.807125105192469 ], [ -7.324218382912987, 38.80708863410711 ], [ -7.324286663670584, 38.807049871293685 ], [ -7.324420276879867, 38.806972325138631 ], [ -7.324462448392761, 38.806925734731927 ], [ -7.324514938329723, 38.806885563557692 ], [ -7.324633816902788, 38.806797476874017 ], [ -7.324698206913357, 38.806753335325325 ], [ -7.324767944725038, 38.806705082621463 ], [ -7.324873070145471, 38.80663176440212 ], [ -7.324924735664342, 38.806593297929162 ], [ -7.32501182736648, 38.806527059322526 ], [ -7.32512973203919, 38.806443652176739 ], [ -7.325214354332322, 38.806391449498179 ], [ -7.325236502511877, 38.806377100894004 ], [ -7.325323971310389, 38.806328698415101 ], [ -7.325495660131906, 38.806232781496277 ], [ -7.325615327569474, 38.806166494662655 ], [ -7.325750178490205, 38.806091312873917 ], [ -7.325899988575325, 38.806017822364304 ], [ -7.325980012115976, 38.805983755301952 ], [ -7.326077968525234, 38.805929040831231 ], [ -7.326155068722256, 38.805892645641769 ], [ -7.326285545215168, 38.805831231253677 ], [ -7.326368884227217, 38.805764875625535 ], [ -7.32648453516513, 38.805710282084725 ], [ -7.32660626641453, 38.805639575703651 ], [ -7.326680418004168, 38.805603159809877 ], [ -7.326769497520661, 38.805550690394924 ], [ -7.326696297102647, 38.805412158650327 ], [ -7.326663050742979, 38.805312233785948 ], [ -7.326567672738407, 38.805138477675406 ], [ -7.326545065919341, 38.805050618383888 ], [ -7.326455534810564, 38.804881517266118 ], [ -7.326409568097493, 38.80477272453863 ], [ -7.326369500947183, 38.804663973427509 ], [ -7.32633651162968, 38.804568376711273 ], [ -7.326372974757073, 38.804558057758996 ], [ -7.326584427734585, 38.804478626091914 ], [ -7.326725082692465, 38.804429239383794 ], [ -7.326946661037121, 38.804349786859397 ], [ -7.327243290420327, 38.804250040717136 ], [ -7.327291625444088, 38.804230733342706 ], [ -7.327409842197759, 38.804191102400765 ], [ -7.32759926921431, 38.804124580196692 ], [ -7.328171237211257, 38.803934572853279 ], [ -7.328236411885305, 38.803912863399248 ], [ -7.3282828674046, 38.803897059334084 ], [ -7.328358360423002, 38.803878390779786 ], [ -7.328590182523017, 38.803819360741549 ], [ -7.328858748072729, 38.803758151944017 ], [ -7.329236271213124, 38.803671565813673 ], [ -7.329496174427349, 38.803612998305773 ], [ -7.329969543360016, 38.803561481723072 ], [ -7.330074079295463, 38.803622551133486 ], [ -7.330434220397898, 38.8038335497763 ], [ -7.330583857853905, 38.803927807270092 ], [ -7.330882689866805, 38.804145143806807 ], [ -7.330964331008758, 38.804204705842864 ], [ -7.331085591148235, 38.804324800595595 ], [ -7.331168347871757, 38.804439227136285 ], [ -7.331261970408652, 38.804528955662342 ], [ -7.331501709820924, 38.804780834660619 ], [ -7.331756334721551, 38.805043309418501 ], [ -7.332030028486, 38.804894003693732 ], [ -7.332462208354326, 38.804642019180186 ], [ -7.332728221879453, 38.804500523934848 ], [ -7.332931672308303, 38.804394363551644 ], [ -7.333145767742479, 38.804283317764892 ], [ -7.333286666505971, 38.804211586200587 ], [ -7.333372030354993, 38.804164880136831 ], [ -7.333446034475846, 38.804124941339765 ], [ -7.333675919555517, 38.804012109182324 ], [ -7.334089745313642, 38.803807844571615 ], [ -7.334321508197813, 38.803691510903676 ], [ -7.334349625799937, 38.803678731802087 ], [ -7.334463039782062, 38.803645996924153 ], [ -7.334644842478517, 38.803590937609592 ], [ -7.335178213992076, 38.803267682269116 ], [ -7.335419875328728, 38.803120517911246 ], [ -7.335567049576802, 38.803033157222593 ], [ -7.335629653319792, 38.802993134702938 ], [ -7.33567070862432, 38.802924776760371 ], [ -7.335699877038302, 38.802900296975551 ], [ -7.335766088256176, 38.802856875110578 ], [ -7.335914139591143, 38.802855905421474 ], [ -7.335926418353302, 38.802849053139489 ], [ -7.33605421360381, 38.802775245262097 ], [ -7.336188136918713, 38.802698691104816 ], [ -7.336541404386879, 38.802504275422301 ], [ -7.336699216641113, 38.802412117960358 ], [ -7.336744117364257, 38.802391160928266 ], [ -7.33686413161063, 38.802343605701402 ], [ -7.337069097744623, 38.802265550208567 ], [ -7.337114768756348, 38.802247664559665 ], [ -7.337140777588877, 38.80223829340342 ], [ -7.337292519351664, 38.802174201033125 ], [ -7.337409906897013, 38.80212500593364 ], [ -7.337521261348168, 38.802079822275992 ], [ -7.337625080659296, 38.802040082912157 ], [ -7.337784165269942, 38.801978018918803 ], [ -7.337886030868456, 38.801937546293694 ], [ -7.338047450957234, 38.801872974729669 ], [ -7.338207263136681, 38.801807939806658 ], [ -7.338276531640634, 38.801779226436345 ], [ -7.338364874913083, 38.801743342792228 ], [ -7.338525504802256, 38.80167759866805 ], [ -7.338572563637695, 38.801658548156936 ], [ -7.338673602927857, 38.801620048249873 ], [ -7.338727555653996, 38.80157790242589 ], [ -7.338816832788626, 38.801550660632799 ], [ -7.338959667020239, 38.801507867692713 ], [ -7.339089725987567, 38.801470955476191 ], [ -7.339232331799665, 38.801426206841207 ], [ -7.339269308018171, 38.801413220100237 ], [ -7.339357710879531, 38.801375303928367 ], [ -7.339408880758057, 38.801345812056418 ], [ -7.339552111347978, 38.801267215687524 ], [ -7.339687627650143, 38.801196522509912 ], [ -7.339787359120431, 38.80114349025839 ], [ -7.339869119853668, 38.801106249227104 ], [ -7.33992535032358, 38.801078782222277 ], [ -7.340025103511074, 38.801023760073718 ], [ -7.340142896824307, 38.800967215434724 ], [ -7.340251002724794, 38.800903538263256 ], [ -7.34033037316844, 38.800856428774537 ], [ -7.340414490904497, 38.800807543558129 ], [ -7.340473863857838, 38.800778488799565 ], [ -7.34056688096492, 38.800736243194429 ], [ -7.340711115945659, 38.800673893396755 ], [ -7.340827487895196, 38.800622523352942 ], [ -7.340922916991489, 38.800580831586878 ], [ -7.341032926086573, 38.800532394398132 ], [ -7.341057336822858, 38.800521390112031 ], [ -7.341086612168397, 38.800507896591043 ], [ -7.341173740153108, 38.800467140115352 ], [ -7.341265149434992, 38.80042479297267 ], [ -7.34135470537644, 38.800383061948715 ], [ -7.341369741349567, 38.800377037579658 ], [ -7.341411256629582, 38.800359479689618 ], [ -7.341447567544257, 38.800344322252236 ], [ -7.341499829056156, 38.800323600611122 ], [ -7.341604440125879, 38.800284491795068 ], [ -7.341701193185065, 38.800247490649653 ], [ -7.341764421210651, 38.800223867866848 ], [ -7.341830361387003, 38.800205124967022 ], [ -7.34190229624701, 38.800185165123878 ], [ -7.342175401960096, 38.800117111239274 ], [ -7.342269228193167, 38.800095223939948 ], [ -7.342527412643276, 38.800033913319574 ], [ -7.342543221197219, 38.800020148153422 ], [ -7.342753027473946, 38.799815285361966 ], [ -7.342823733132434, 38.799749914233743 ], [ -7.343015566680689, 38.799745083511787 ], [ -7.34335898442703, 38.799741188862939 ], [ -7.34339894965817, 38.799687317140467 ], [ -7.343446234790911, 38.799606119035317 ], [ -7.343641557415567, 38.799283780488004 ], [ -7.343766480021411, 38.799239405831102 ], [ -7.343989618633623, 38.799182626667871 ], [ -7.344710112363093, 38.799003451338073 ], [ -7.344737378243314, 38.798983641423277 ], [ -7.344828248165939, 38.798916330599468 ], [ -7.344918513881439, 38.798851814375702 ], [ -7.345032817403471, 38.798767910411186 ], [ -7.345134675007539, 38.798706889789756 ], [ -7.345273983736582, 38.798620450948462 ], [ -7.345307826796653, 38.798599692577028 ], [ -7.345369444303811, 38.798575422813286 ], [ -7.34541694824607, 38.798557728207371 ], [ -7.345573802641565, 38.798498788536456 ], [ -7.345656086344739, 38.798469437843337 ], [ -7.345882811728623, 38.798389083073118 ], [ -7.346029101659248, 38.798337999444279 ], [ -7.346157284805799, 38.798300400085616 ], [ -7.346415146245618, 38.79822538576358 ], [ -7.346603967640656, 38.798169454168786 ], [ -7.346693104340794, 38.7981443816725 ], [ -7.346769956973718, 38.798127330829686 ], [ -7.346784505382619, 38.798123376090899 ], [ -7.346791044402528, 38.798125398226695 ], [ -7.346877667666879, 38.798161653243348 ], [ -7.346916513107194, 38.79817731629705 ], [ -7.346958324413042, 38.798196065575347 ], [ -7.34698090485564, 38.798205131697081 ], [ -7.347038024039869, 38.798192186118065 ], [ -7.34737996037484, 38.798112958363546 ], [ -7.347433038368998, 38.79810133479593 ], [ -7.347591922337749, 38.798067091245692 ], [ -7.347717472997432, 38.79803838667037 ], [ -7.347792544881425, 38.798025919004679 ], [ -7.347816180423968, 38.798022654862464 ], [ -7.347828864754926, 38.798020307982931 ], [ -7.348187927828059, 38.798003500474813 ], [ -7.348472874232963, 38.797981543408277 ], [ -7.348734834028228, 38.797969376942532 ], [ -7.349057994459918, 38.7979397183082 ], [ -7.349406659479654, 38.79790227228284 ], [ -7.34953994420045, 38.797895666211737 ], [ -7.349747306761822, 38.797900577795296 ], [ -7.349856670569049, 38.797895343228376 ], [ -7.349938095867283, 38.797887932359735 ], [ -7.350024474535971, 38.797892490075895 ], [ -7.350360239929438, 38.797861337734439 ], [ -7.350464441872172, 38.797858969457565 ], [ -7.350566774089877, 38.797858843238807 ], [ -7.350891743051498, 38.797857592593537 ], [ -7.351131648681061, 38.797855499756238 ], [ -7.35142446990761, 38.797857098761405 ], [ -7.351499748070897, 38.797857601442018 ], [ -7.351537835096049, 38.797858575039903 ], [ -7.351750886698938, 38.797870627440169 ], [ -7.351841984216761, 38.797876727792001 ], [ -7.351972301116603, 38.797886153851678 ], [ -7.352084420832443, 38.797949327978202 ], [ -7.352215810620296, 38.798029115210525 ], [ -7.352268524556861, 38.798061535559576 ], [ -7.352406281017158, 38.798117309571708 ], [ -7.352576292384335, 38.798158220595724 ], [ -7.352873370738567, 38.79816159284195 ], [ -7.353036140946313, 38.798161323947269 ], [ -7.353146508283455, 38.798163412807433 ], [ -7.35322730831, 38.798152958014263 ], [ -7.353436048376746, 38.798117325961364 ], [ -7.353737804652822, 38.798069972300794 ], [ -7.353836136284957, 38.7980460366215 ], [ -7.353974826467863, 38.798015430307252 ], [ -7.354383727518801, 38.797938611163389 ], [ -7.354459133157985, 38.797926775588294 ], [ -7.355032496584791, 38.797852487681283 ], [ -7.355032332998883, 38.797867531561479 ], [ -7.355087029583194, 38.79806696552712 ], [ -7.355138169604127, 38.798276560095573 ], [ -7.355159820089186, 38.798370835736605 ], [ -7.355183489750153, 38.798459809263193 ], [ -7.355203974820542, 38.798513271419779 ], [ -7.355221441521336, 38.798558070413009 ], [ -7.355231631561749, 38.798584708807851 ], [ -7.355296587022097, 38.798719627128094 ], [ -7.355428712392134, 38.799018575657527 ], [ -7.355481264019954, 38.799140167020212 ], [ -7.355361152673028, 38.799198280942299 ], [ -7.355219225089749, 38.799271653880247 ], [ -7.354926805466071, 38.79942383700206 ], [ -7.354682650821636, 38.799551384603184 ], [ -7.354472294401606, 38.799661594254651 ], [ -7.35431831077174, 38.79974308021432 ], [ -7.354249687836019, 38.799776494241698 ], [ -7.354143552071745, 38.799840463298978 ], [ -7.354087145816577, 38.799871976039952 ], [ -7.353980485870129, 38.79993098891898 ], [ -7.353830678193379, 38.800009441195868 ], [ -7.353778212081569, 38.800039358645719 ], [ -7.353721695029666, 38.800070868667433 ], [ -7.353700379411069, 38.800083251039979 ], [ -7.353552050636418, 38.800152164466688 ], [ -7.35347105746443, 38.800190176894382 ], [ -7.353441684603117, 38.800213583348381 ], [ -7.353366223062822, 38.800272350739078 ], [ -7.35333890299249, 38.80029667165384 ], [ -7.353211584005557, 38.800402746340673 ], [ -7.353182654062423, 38.800427323105716 ], [ -7.353174646698266, 38.800433667052737 ], [ -7.353093502477454, 38.80049636250051 ], [ -7.353033015064977, 38.800543341034064 ], [ -7.35296371082382, 38.800596567083616 ], [ -7.352954073952367, 38.800604339594358 ], [ -7.352911665895341, 38.800640358184687 ], [ -7.352826506638535, 38.800711759772604 ], [ -7.352811998579792, 38.800722657002879 ], [ -7.352789149466204, 38.800738717692205 ], [ -7.352624427430709, 38.800843822197237 ], [ -7.352395352753751, 38.800991645135539 ], [ -7.352268516950688, 38.801074299714479 ], [ -7.352197078710208, 38.801123187257438 ], [ -7.352257970423684, 38.801239344550197 ], [ -7.352385410154702, 38.801492323971232 ], [ -7.352470209301622, 38.801665478801951 ], [ -7.352500618949772, 38.801748015776319 ], [ -7.352558966041966, 38.801940181490338 ], [ -7.352585977717444, 38.802028096862855 ], [ -7.352648441924471, 38.802233442429475 ], [ -7.35270751921047, 38.802442636920652 ], [ -7.352746299447739, 38.802570988844295 ], [ -7.352776117746645, 38.802718464073877 ], [ -7.352795002786894, 38.802834340510145 ], [ -7.352820518176304, 38.802985934211932 ], [ -7.352832142599997, 38.803049696625557 ], [ -7.352841913994459, 38.803114799645741 ], [ -7.352857603381262, 38.803280829493019 ], [ -7.352876703362303, 38.803524795727789 ], [ -7.352883019254209, 38.803589875664549 ], [ -7.352889730989268, 38.803618027756762 ], [ -7.352936852258865, 38.803784086409934 ], [ -7.352982165695543, 38.803957069033117 ], [ -7.353035306472249, 38.804140909739985 ], [ -7.353052123660987, 38.804203357410287 ], [ -7.353068205359098, 38.804259673011231 ], [ -7.353096732041197, 38.804442001773396 ], [ -7.353126187568562, 38.804622986443967 ], [ -7.353149148350545, 38.804766364012821 ], [ -7.353189152314251, 38.805025514633776 ], [ -7.353210039862106, 38.805147892700738 ], [ -7.353252361199558, 38.805257976656726 ], [ -7.353269325110782, 38.805307005336033 ], [ -7.353285497356565, 38.805389901032676 ], [ -7.353297666028483, 38.805439713814863 ], [ -7.353327325337778, 38.805517492068645 ], [ -7.35346411381916, 38.805465308914201 ], [ -7.353567500107793, 38.805422487121461 ], [ -7.353811813039812, 38.805324399759904 ], [ -7.353850527911129, 38.805310694872624 ], [ -7.353970780545414, 38.805273119697475 ], [ -7.354134950211941, 38.805219084362484 ], [ -7.354263304866794, 38.805177692217939 ], [ -7.354335300265403, 38.80515231861915 ], [ -7.354378159604966, 38.805138373646436 ], [ -7.354467272871871, 38.805115902893121 ], [ -7.354600962948616, 38.805081391015257 ], [ -7.354671617406486, 38.805062854257301 ], [ -7.35479527463999, 38.805029177900792 ], [ -7.354829065913688, 38.805023366818034 ], [ -7.354905307646588, 38.805009644011292 ], [ -7.355182477494371, 38.804960767332176 ], [ -7.35528236772271, 38.804942968930689 ], [ -7.355345011219346, 38.804930413708369 ], [ -7.355380549984944, 38.804922903502863 ], [ -7.355457115060686, 38.804942956611768 ], [ -7.355481864961367, 38.804932671303632 ], [ -7.355525110763319, 38.80491512442984 ], [ -7.355557609200162, 38.804901468581662 ], [ -7.355629486783909, 38.804876275356406 ], [ -7.35565144013806, 38.804868764744903 ], [ -7.355796582380836, 38.804817843286017 ], [ -7.355911343194075, 38.804776443557088 ], [ -7.355966233030798, 38.804757535415213 ], [ -7.356028957472833, 38.804748312376056 ], [ -7.356160524023114, 38.804728467419082 ], [ -7.356258532109516, 38.804713896697841 ], [ -7.356328758808285, 38.80470319384164 ], [ -7.356406285307103, 38.804688032829773 ], [ -7.356666870104084, 38.804606889654544 ], [ -7.356799504690718, 38.804563267579375 ], [ -7.356894131219753, 38.804541918849203 ], [ -7.356912626766968, 38.80453456248275 ], [ -7.35700420634075, 38.804476255725554 ], [ -7.357100121641056, 38.804421407891198 ], [ -7.357165204541343, 38.804385536590821 ], [ -7.357242707824831, 38.80434020028342 ], [ -7.357341933771563, 38.804309327976689 ], [ -7.357475211703599, 38.804269136897169 ], [ -7.357889477772881, 38.804145952532856 ], [ -7.35833610827301, 38.804010638713969 ], [ -7.358665154776679, 38.803911475257621 ], [ -7.358896043889384, 38.803850758285158 ], [ -7.359067170092466, 38.803792257236218 ], [ -7.359289094477967, 38.803730130712971 ], [ -7.35942500568269, 38.803691395196694 ], [ -7.359748176423742, 38.803592820317199 ], [ -7.359847254654604, 38.803564023010686 ], [ -7.36004378075622, 38.803509202593247 ], [ -7.360087646825063, 38.803497778976528 ], [ -7.360120074654696, 38.803490517877918 ], [ -7.360259495543307, 38.803467388235646 ], [ -7.360300636906671, 38.803463512233336 ], [ -7.360563130622531, 38.803450923804505 ], [ -7.360789034768215, 38.803436020219173 ], [ -7.360897675432599, 38.803417548804148 ], [ -7.361039607302996, 38.803396599417894 ], [ -7.361208710658038, 38.803375732984946 ], [ -7.3613617254145, 38.803374038704149 ], [ -7.361465146317262, 38.803391114308049 ], [ -7.361594779167026, 38.803379627769047 ], [ -7.361664841743774, 38.803351176889805 ], [ -7.361845305021104, 38.803270479434545 ], [ -7.361983045010648, 38.803227624691331 ], [ -7.362057213712444, 38.803186340124078 ], [ -7.362100685383284, 38.803162756111149 ], [ -7.362184894112531, 38.803133473155079 ], [ -7.362312594611866, 38.803078616337181 ], [ -7.362409640948757, 38.803037482465221 ], [ -7.362496086175392, 38.802978592520809 ], [ -7.36253814121078, 38.80296445277078 ], [ -7.362602719290536, 38.802943439892957 ], [ -7.362639618811369, 38.802926569148468 ], [ -7.362729782542076, 38.802881312655792 ], [ -7.362822590232727, 38.802836071721828 ], [ -7.362961439562331, 38.802770236818979 ], [ -7.363074831299246, 38.802684329259741 ], [ -7.363226434714684, 38.802566963832092 ], [ -7.363319083210055, 38.802493977173917 ], [ -7.363371138705487, 38.802459547896746 ], [ -7.363441586037471, 38.802417226338186 ], [ -7.363479364107076, 38.802393871834319 ], [ -7.363628315428994, 38.802373232159177 ], [ -7.363690160636792, 38.802327521782338 ], [ -7.363835339945994, 38.802218935567112 ], [ -7.364045548602045, 38.802142941663107 ], [ -7.364099225101885, 38.802118614257907 ], [ -7.364298663686723, 38.802027232005621 ], [ -7.364444452744573, 38.801968466231301 ], [ -7.364456713206452, 38.801963050278189 ], [ -7.364518628984747, 38.801900401497029 ], [ -7.364566708098644, 38.801850366388926 ], [ -7.364649932347279, 38.801764709234767 ], [ -7.364694059558476, 38.80172869677623 ], [ -7.364737366821688, 38.801694747118617 ], [ -7.36480072762644, 38.801647244533982 ], [ -7.364911458691293, 38.801680216327469 ], [ -7.365042116387033, 38.801561990161126 ], [ -7.365131114902765, 38.801496186157536 ], [ -7.365179550016102, 38.801466328089411 ], [ -7.365359478198306, 38.801401749347541 ], [ -7.365572898121433, 38.801326494401593 ], [ -7.365815291337299, 38.801223818363546 ], [ -7.366024562526689, 38.801147611133068 ], [ -7.366174921882138, 38.80111279182087 ], [ -7.366294883376795, 38.801067826316107 ], [ -7.366465555789968, 38.801035128878297 ], [ -7.366618434462038, 38.801008161482684 ], [ -7.366763559179837, 38.80098138534229 ], [ -7.366878160081813, 38.800962243914725 ], [ -7.367038835048476, 38.800913566743993 ], [ -7.367250326217603, 38.800867210483439 ], [ -7.36742371071716, 38.800818616086332 ], [ -7.367562381423591, 38.80078076289616 ], [ -7.367697610121758, 38.800729670621799 ], [ -7.367731876495566, 38.80072241944341 ], [ -7.367894734809955, 38.800702947249597 ], [ -7.368073583384761, 38.800665721391297 ], [ -7.36829766928888, 38.800602528880184 ], [ -7.368527663265506, 38.800516744082898 ], [ -7.368588241662622, 38.800492188624609 ], [ -7.368716424182767, 38.800443032596249 ], [ -7.368765287009075, 38.800567750271618 ], [ -7.368814949799772, 38.800692921750048 ], [ -7.368888042750231, 38.800827066977789 ], [ -7.369043354864498, 38.801035183033406 ], [ -7.369153390654219, 38.80122155237509 ], [ -7.369258093817821, 38.801377077074605 ], [ -7.369345614155354, 38.801504029844779 ], [ -7.369444087590377, 38.801650327409043 ], [ -7.369502417876637, 38.80171372690274 ], [ -7.369652769432143, 38.80190138793381 ], [ -7.369730456309717, 38.801989542248585 ], [ -7.369871765352607, 38.802189087469174 ], [ -7.370052313145255, 38.802476440916131 ], [ -7.370144534578944, 38.802681070840677 ], [ -7.370282915276065, 38.802867871890328 ], [ -7.370373440152806, 38.803022158995709 ], [ -7.370530671080843, 38.803208026173721 ], [ -7.370834487220429, 38.803422318201584 ], [ -7.370929948974227, 38.803484555787342 ], [ -7.371069179524731, 38.803555272337135 ], [ -7.371182276816696, 38.803605281232535 ], [ -7.371347460140651, 38.803692651115803 ], [ -7.371557808085042, 38.803809141280752 ], [ -7.371696922956573, 38.803890844145315 ], [ -7.371824740512038, 38.804039495491089 ], [ -7.371909614730332, 38.80412363892296 ], [ -7.372070467550227, 38.804293852095341 ], [ -7.372250257488255, 38.80448048992973 ], [ -7.372440379493728, 38.80461643623304 ], [ -7.3725252029388, 38.80467202930074 ], [ -7.372698255719421, 38.804777994829784 ], [ -7.372874686645411, 38.804881360789146 ], [ -7.372993019000906, 38.804935860897004 ], [ -7.372975147916804, 38.805057829362909 ], [ -7.372969711964797, 38.805244709353296 ], [ -7.372956943082172, 38.805287144383399 ], [ -7.372927140067397, 38.805384143724872 ], [ -7.372873281935916, 38.805501437133067 ], [ -7.372849222076166, 38.805545148062066 ], [ -7.372837700466068, 38.80556759279488 ], [ -7.372817213391326, 38.805588717182545 ], [ -7.372767765218773, 38.805637669414558 ], [ -7.372734226385959, 38.805663484829175 ], [ -7.372670854274412, 38.805701267609457 ], [ -7.372490384560453, 38.805816475613398 ], [ -7.372224936979543, 38.805966084144579 ], [ -7.371970715012998, 38.806110176705431 ], [ -7.371858968462238, 38.806171785914927 ], [ -7.371710097406756, 38.806357732971229 ], [ -7.371591550186688, 38.806484958738181 ], [ -7.371472378877746, 38.806595072548049 ], [ -7.371380244557804, 38.806695723173902 ], [ -7.371343931233733, 38.806744039790161 ], [ -7.371283543919123, 38.806825799714197 ], [ -7.371272057149638, 38.806844907093314 ], [ -7.371258622555557, 38.806874276156748 ], [ -7.371242136767602, 38.806941189978033 ], [ -7.371224653721302, 38.807015477447976 ], [ -7.371213285728396, 38.807099628782836 ], [ -7.371200727684659, 38.807133055297768 ], [ -7.371172842046294, 38.807199981241233 ], [ -7.371118810167204, 38.807344745783354 ], [ -7.37104043439655, 38.807570065702464 ], [ -7.37092645544884, 38.807765152571825 ], [ -7.370897094584301, 38.807808738415112 ], [ -7.370877582793196, 38.807835997772322 ], [ -7.370774664356097, 38.807932882504389 ], [ -7.370566132666928, 38.808131406473834 ], [ -7.370421181896636, 38.808272790199794 ], [ -7.370286869286881, 38.808399283817863 ], [ -7.370116754454017, 38.808611662371916 ], [ -7.370100863713907, 38.808622546403527 ], [ -7.36979642182288, 38.808810809548454 ], [ -7.369583625797866, 38.808923098493736 ], [ -7.369560565097219, 38.808947542890216 ], [ -7.369362420001286, 38.809154330599164 ], [ -7.369219203430917, 38.809305176992744 ], [ -7.369109504407398, 38.809422196225036 ], [ -7.369030081232975, 38.809485991257134 ], [ -7.368793811752694, 38.809671992489356 ], [ -7.3687073046403, 38.809741237559301 ], [ -7.368571400899612, 38.809864929905196 ], [ -7.368509512675271, 38.809913798872962 ], [ -7.368388214308212, 38.809974531471894 ], [ -7.368245708837376, 38.810047553273776 ], [ -7.36802865009794, 38.810213142542445 ], [ -7.367894527615459, 38.8103313482437 ], [ -7.367883630051007, 38.810371001584002 ], [ -7.367856610054062, 38.81044333797707 ], [ -7.367833124460707, 38.81050749854883 ], [ -7.36774311704404, 38.810591764907549 ], [ -7.367697336488749, 38.810620201907057 ], [ -7.367639080366824, 38.810663597594719 ], [ -7.367570368720163, 38.81071521558944 ], [ -7.367499544254061, 38.810792761465713 ], [ -7.367432430608543, 38.810856726128328 ], [ -7.367170929616864, 38.811097233716367 ], [ -7.367068337530028, 38.811195199079435 ], [ -7.36722374789574, 38.811218198057865 ], [ -7.367709884810188, 38.811310194245046 ], [ -7.367967230838606, 38.811361869064747 ], [ -7.368235158010857, 38.811413522511849 ], [ -7.368452622516312, 38.811275323090491 ], [ -7.368609451421145, 38.811165458911361 ], [ -7.368669669327234, 38.811100184650329 ], [ -7.368735761205319, 38.811045132185654 ], [ -7.368784408702164, 38.810993178670778 ], [ -7.368854245315706, 38.810952265069147 ], [ -7.368954015878571, 38.810893447696657 ], [ -7.369034641468374, 38.810861340384875 ], [ -7.36911069760611, 38.81083363951344 ], [ -7.369219330324216, 38.810805883156142 ], [ -7.369301881481999, 38.810783725732783 ], [ -7.369463726835084, 38.810743164621485 ], [ -7.36953749803103, 38.810723919538724 ], [ -7.369686872277517, 38.810686699602407 ], [ -7.369759849240234, 38.810666457422165 ], [ -7.369931196152813, 38.810619922465172 ], [ -7.370006946072396, 38.810599068592886 ], [ -7.370163286902013, 38.810556396942907 ], [ -7.370382448803112, 38.810509763692828 ], [ -7.370859644791842, 38.810386180452682 ], [ -7.371528297365683, 38.8102058759453 ], [ -7.371870236149931, 38.810136790822831 ], [ -7.37218495846563, 38.810063856734331 ], [ -7.372281118584203, 38.8100334553463 ], [ -7.372384024059615, 38.80999016879646 ], [ -7.373727328152774, 38.809528319867042 ], [ -7.374370804009312, 38.809304963280134 ], [ -7.374845174731591, 38.80913480433523 ], [ -7.375226581287644, 38.809005410931555 ], [ -7.37554826031455, 38.808898899067927 ], [ -7.377773687774625, 38.808140198176112 ], [ -7.380351203789092, 38.807289984866088 ], [ -7.380671353275666, 38.807181426685425 ], [ -7.381062807937904, 38.807046752457971 ], [ -7.381249643362903, 38.806981746970337 ], [ -7.381384518374608, 38.806931537425228 ], [ -7.381635995729205, 38.806839195712712 ], [ -7.381680156005836, 38.806821554945955 ], [ -7.381726144091461, 38.806794739677372 ], [ -7.381838521490103, 38.806727270841513 ], [ -7.382140761558452, 38.806536531623031 ], [ -7.382476327123835, 38.806329429407846 ], [ -7.382655917087704, 38.806219425757597 ], [ -7.382824530952832, 38.806113131052648 ], [ -7.383257110923278, 38.805842964658147 ], [ -7.383581500909518, 38.80563596855599 ], [ -7.383931389475912, 38.805412383073573 ], [ -7.385595372347688, 38.804376664669363 ], [ -7.387381540670989, 38.803255562352746 ], [ -7.388372695318482, 38.802636155374614 ], [ -7.390326290559775, 38.801412970962161 ], [ -7.391398989785889, 38.801448873620508 ], [ -7.391456407404493, 38.801408514293101 ], [ -7.391561270263732, 38.801333549561718 ], [ -7.39167306191823, 38.801619241808076 ], [ -7.39169555523599, 38.801757230567084 ], [ -7.39171822947098, 38.801813226998561 ], [ -7.391739681593924, 38.801887405314289 ], [ -7.391775119771102, 38.802022297301384 ], [ -7.391811934822408, 38.802213854968215 ], [ -7.39186690432816, 38.802375266669294 ], [ -7.391922158571274, 38.802508661991858 ], [ -7.391998368677602, 38.802642192009841 ], [ -7.392053924304422, 38.802735865264204 ], [ -7.392112586001782, 38.802829643764611 ], [ -7.392203762639991, 38.80295155919778 ], [ -7.3923159143531, 38.803071442949026 ], [ -7.392457455987613, 38.803221688440445 ], [ -7.392613545385282, 38.803332037215831 ], [ -7.392565349200284, 38.803373264450919 ], [ -7.392532903118566, 38.803431203853286 ], [ -7.392510856387648, 38.803509975960345 ], [ -7.392477260862846, 38.803599872568931 ], [ -7.392509373185316, 38.803667817276967 ], [ -7.392564773902533, 38.803787159988829 ], [ -7.39270806754429, 38.803943162404437 ], [ -7.392759765572534, 38.804076394246827 ], [ -7.392843180616189, 38.804222285834392 ], [ -7.392861873684335, 38.804447243960077 ], [ -7.39296980846657, 38.804808694708285 ], [ -7.393006298765111, 38.805187971617286 ], [ -7.393016944935854, 38.80531640420174 ], [ -7.393048624309296, 38.805426320072293 ], [ -7.393134904647983, 38.805732683522855 ], [ -7.393190260729953, 38.805965552961652 ], [ -7.393248704434162, 38.806068892250231 ], [ -7.393274169259039, 38.806172883840972 ], [ -7.39329864512969, 38.806372394226855 ], [ -7.39332877271145, 38.806538714787386 ], [ -7.393337583679876, 38.806713206543854 ], [ -7.393367711483164, 38.806879527086998 ], [ -7.393392231926029, 38.807074884176124 ], [ -7.393371875301475, 38.8073236144172 ], [ -7.393358216798557, 38.807486932826237 ], [ -7.393344717217487, 38.807645564530532 ], [ -7.393328358723604, 38.807780847699121 ], [ -7.393291037625206, 38.80792753092522 ], [ -7.393306885473072, 38.808141725323168 ], [ -7.393294595206179, 38.808303623713932 ], [ -7.393304523033738, 38.808370138655548 ], [ -7.393335854055515, 38.808420175871653 ], [ -7.393419919412237, 38.808503772539453 ], [ -7.393530222776852, 38.80861660818929 ], [ -7.393624731992085, 38.808716884062292 ], [ -7.393735336505129, 38.80880064937196 ], [ -7.393861177867755, 38.808950962157681 ], [ -7.393950165227033, 38.809071968705254 ], [ -7.394090225738672, 38.809347081765416 ], [ -7.394186897638498, 38.809518122389022 ], [ -7.394239651518716, 38.80960484073298 ], [ -7.394366189793862, 38.809771293194025 ], [ -7.394424214732076, 38.809916417674053 ], [ -7.394468159916838, 38.809998304237801 ], [ -7.394588401028563, 38.810183455741317 ], [ -7.394697287654091, 38.810331238212704 ], [ -7.394841841644467, 38.810481498836467 ], [ -7.394953627952613, 38.810626963643486 ], [ -7.395165853180352, 38.810868717485867 ], [ -7.395369104767228, 38.811110420580292 ], [ -7.395498663562173, 38.811274640694478 ], [ -7.395610412014691, 38.811424694139724 ], [ -7.395823428941813, 38.811696189490533 ], [ -7.395886157155875, 38.811860608951605 ], [ -7.395912068529037, 38.811937698862749 ], [ -7.395955467917154, 38.81206165091627 ], [ -7.395972829268806, 38.812120128827509 ], [ -7.39598633214732, 38.812250920185498 ], [ -7.396023138268854, 38.812444907423142 ], [ -7.395983910273881, 38.81260676035641 ], [ -7.396003045514751, 38.812810389831398 ], [ -7.395970383773246, 38.812889094597629 ], [ -7.395898567786662, 38.812948206072548 ], [ -7.395810935632433, 38.813062051361676 ], [ -7.395802793024722, 38.813182917255283 ], [ -7.395760466598654, 38.813323144235902 ], [ -7.395735126634522, 38.813469989302376 ], [ -7.39572232633911, 38.813561070957348 ], [ -7.395682446689905, 38.813665849321531 ], [ -7.395537427871749, 38.813839961487545 ], [ -7.395491750098579, 38.814003293121658 ], [ -7.395405577911677, 38.814123193385235 ], [ -7.395226061932457, 38.814246505377973 ], [ -7.395125925033724, 38.81441161874762 ], [ -7.394871717217134, 38.814778797033902 ], [ -7.394780320267979, 38.81496729571456 ], [ -7.39471636342216, 38.815095251955228 ], [ -7.394678954966691, 38.815239684720616 ], [ -7.394650346844492, 38.815412274966732 ], [ -7.394624834510166, 38.815575512073977 ], [ -7.394617257067735, 38.815729500654825 ], [ -7.394643069503308, 38.815839469818485 ], [ -7.394680383105703, 38.81597275108664 ], [ -7.394809612304413, 38.816169576478678 ], [ -7.394900762103725, 38.816296261810358 ], [ -7.3949465157805, 38.816425337392431 ], [ -7.395056919330565, 38.816529865071828 ], [ -7.395186247700365, 38.816659816202055 ], [ -7.39523871977941, 38.816774458445209 ], [ -7.395308342250499, 38.816968653018549 ], [ -7.395490443365482, 38.817217886041938 ], [ -7.395610652659165, 38.817401387677364 ], [ -7.395640918368753, 38.817555247647626 ], [ -7.395658415229339, 38.817713107573418 ], [ -7.395659624273041, 38.817800405999321 ], [ -7.395716433275683, 38.81795443438665 ], [ -7.395762924601462, 38.818079324715953 ], [ -7.395819561603541, 38.818249964280177 ], [ -7.395897390390703, 38.818424891070222 ], [ -7.395969825030625, 38.81860809082908 ], [ -7.396031951997554, 38.818763519995805 ], [ -7.396021813972651, 38.818887135011472 ], [ -7.39601069676677, 38.819094783681372 ], [ -7.396006504400813, 38.819211500140717 ], [ -7.395984585419382, 38.819316396321476 ], [ -7.395980536722553, 38.819419059601984 ], [ -7.395997279503572, 38.819526535455473 ], [ -7.396023351915685, 38.819610834366223 ], [ -7.3960117363642, 38.819692348064642 ], [ -7.396053476864369, 38.819763215999743 ], [ -7.396084129726789, 38.819879700086545 ], [ -7.396167483901904, 38.820033894771889 ], [ -7.396255932278075, 38.820208888268205 ], [ -7.396304846924654, 38.820364222210088 ], [ -7.39632549137124, 38.820674850057017 ], [ -7.39640603771366, 38.820960094039293 ], [ -7.396484091300466, 38.8212079422863 ], [ -7.396543289493953, 38.821397388886616 ], [ -7.396635551328096, 38.82149462947492 ], [ -7.396682474248808, 38.821577989522417 ], [ -7.396729482824733, 38.821653043935456 ], [ -7.396781629526803, 38.821744743923922 ], [ -7.396857969038116, 38.821896032068771 ], [ -7.3969114575369, 38.821964586631076 ], [ -7.397022325658152, 38.822086825689937 ], [ -7.397074044341649, 38.822220054518013 ], [ -7.397115018922158, 38.822365675314643 ], [ -7.397130090209891, 38.822448835404529 ], [ -7.397123284667922, 38.822594155173896 ], [ -7.397105263278966, 38.822797550054212 ], [ -7.397050924126698, 38.822993616106821 ], [ -7.397047685877768, 38.823162852597683 ], [ -7.397046775589535, 38.823251487860979 ], [ -7.397062628021335, 38.823311128829197 ], [ -7.397076945426321, 38.823363733087888 ], [ -7.397089579523673, 38.823445512221966 ], [ -7.397094576513529, 38.823519047882755 ], [ -7.39710292172051, 38.823580988094321 ], [ -7.397165129370834, 38.823686717067126 ], [ -7.39720139301214, 38.823774163258591 ], [ -7.397232605108133, 38.823836658261449 ], [ -7.397295627897785, 38.823903507147122 ], [ -7.397393349815071, 38.82403923787529 ], [ -7.397522251301707, 38.824124092061432 ], [ -7.397602263961536, 38.824171256579305 ], [ -7.397682446354393, 38.824212566098396 ], [ -7.397804203645798, 38.824253055406281 ], [ -7.397939257043267, 38.82430211547085 ], [ -7.398087692777927, 38.824323816220129 ], [ -7.398241524462041, 38.82433724367182 ], [ -7.398352841297612, 38.824354556156571 ], [ -7.398511682537058, 38.824397087642232 ], [ -7.398670651968148, 38.824427160040287 ], [ -7.398834716427841, 38.824478030076179 ], [ -7.399078160621824, 38.824554318032199 ], [ -7.399258238952529, 38.824596981040813 ], [ -7.399470894617916, 38.824569244720273 ], [ -7.399805997524945, 38.824509050277918 ], [ -7.400126745223973, 38.824439400226858 ], [ -7.400348634409007, 38.82448555770759 ], [ -7.400570102887243, 38.824551223164754 ], [ -7.400744106965063, 38.824668603868595 ], [ -7.400890801462471, 38.824860572115774 ], [ -7.400995194202351, 38.825035661876768 ], [ -7.401120696256108, 38.825223343488574 ], [ -7.401120810985067, 38.825390270736477 ], [ -7.401175230551501, 38.825654090821239 ], [ -7.401267206114333, 38.825973000433947 ], [ -7.401353969640769, 38.826182433582403 ], [ -7.40143444754486, 38.826386783790447 ], [ -7.401483361499571, 38.826581031217337 ], [ -7.401506221085995, 38.82683474299396 ], [ -7.401541997045205, 38.827063673945553 ], [ -7.401723293563853, 38.827420889001225 ], [ -7.401824067194691, 38.827570167603078 ], [ -7.401865564202731, 38.82766595122451 ], [ -7.401911690006612, 38.827828215690701 ], [ -7.401942525619338, 38.827928086073499 ], [ -7.401961934989269, 38.828106796490175 ], [ -7.401959513563546, 38.828343515099604 ], [ -7.4019627416031, 38.828547042668355 ], [ -7.401970555958008, 38.828821204335661 ], [ -7.40196342072819, 38.828999748586909 ], [ -7.401988055119613, 38.829186797816774 ], [ -7.402055504707821, 38.829340888597606 ], [ -7.402053908626205, 38.829418009295807 ], [ -7.40211832466806, 38.829492998363776 ], [ -7.402169887880524, 38.829578338074754 ], [ -7.402248933229774, 38.82963697836405 ], [ -7.402344076569278, 38.82967910521031 ], [ -7.402471033575569, 38.829725585386406 ], [ -7.40262984680152, 38.829772263730042 ], [ -7.402756846603482, 38.829814590340305 ], [ -7.40294178345524, 38.829902964114225 ], [ -7.403161014855466, 38.829998416782395 ], [ -7.403314453126427, 38.830095875737271 ], [ -7.403465699778984, 38.830205003992823 ], [ -7.403569806284054, 38.830272759132875 ], [ -7.403697748805893, 38.83035183275863 ], [ -7.403801690258508, 38.830435805308383 ], [ -7.403907293374635, 38.83050705913471 ], [ -7.403953797540739, 38.830630603926203 ], [ -7.404044285950325, 38.830791504958874 ], [ -7.404109460317374, 38.830950990451115 ], [ -7.404230307623951, 38.830935615072718 ], [ -7.404386150085172, 38.830921636107675 ], [ -7.404552970343551, 38.83091528479418 ], [ -7.404873612395788, 38.830958977882645 ], [ -7.404975284001059, 38.831083299443648 ], [ -7.405050423662844, 38.831141473907579 ], [ -7.404798643835325, 38.831368295019402 ], [ -7.404656155292739, 38.831456008739671 ], [ -7.404641690276301, 38.831555934564221 ], [ -7.404620786468336, 38.831584450088734 ], [ -7.404573537620291, 38.831700988217342 ], [ -7.40452603892141, 38.831830044784091 ], [ -7.404465617743877, 38.831985053426195 ], [ -7.404442468794936, 38.832075618133238 ], [ -7.404397900251022, 38.832245589477516 ], [ -7.404382823998891, 38.832323861963921 ], [ -7.404354405130066, 38.832456640610083 ], [ -7.404350880239591, 38.832497606159379 ], [ -7.404431863697347, 38.832623049389774 ], [ -7.404458543813798, 38.83278380693698 ], [ -7.404424790952075, 38.832884680729613 ], [ -7.404429334706096, 38.833061173828959 ], [ -7.404425174883674, 38.833153115362698 ], [ -7.404414890429094, 38.83322394301485 ], [ -7.404431095747012, 38.833392774706041 ], [ -7.4043729346897, 38.833541927835526 ], [ -7.404321967498449, 38.833680050658337 ], [ -7.40425734830812, 38.833768249629458 ], [ -7.404234866883269, 38.833889936956709 ], [ -7.404193703249351, 38.83403417055704 ], [ -7.404241209795511, 38.834198588247119 ], [ -7.404251699432939, 38.834265760391453 ], [ -7.40425116864178, 38.834317915243126 ], [ -7.40428613768131, 38.834416330719002 ], [ -7.404242418056267, 38.834537886423405 ], [ -7.404141721879774, 38.834692311121515 ], [ -7.403974630714601, 38.83479477839483 ], [ -7.40400141172116, 38.834811068707559 ], [ -7.404035710460489, 38.834880915270851 ], [ -7.404110692257684, 38.834957923842644 ], [ -7.404130801811834, 38.835068801761878 ], [ -7.404171810731987, 38.835213035549657 ], [ -7.404206362067358, 38.835296316141708 ], [ -7.404290187839886, 38.835407591594667 ], [ -7.404371964391784, 38.835552919187933 ], [ -7.404389089775127, 38.835590228443131 ], [ -7.404512898734915, 38.835785539668713 ], [ -7.40458947710541, 38.835913381972503 ], [ -7.404680553776362, 38.836008090083887 ], [ -7.404777721922419, 38.836106090640342 ], [ -7.404811863289114, 38.836180889400111 ], [ -7.404930263470503, 38.836417808832614 ], [ -7.405033016306689, 38.836619772939898 ], [ -7.405145346275897, 38.836831798951103 ], [ -7.405234134051236, 38.837002599666327 ], [ -7.405329319663824, 38.837167222955244 ], [ -7.405462596912155, 38.837345866359733 ], [ -7.405622491985921, 38.837558272853975 ], [ -7.405766766619762, 38.83774310882994 ], [ -7.405856015098012, 38.8378581497483 ], [ -7.405931301760698, 38.83795175778738 ], [ -7.405986198805873, 38.838024254177796 ], [ -7.406034869485961, 38.838085447474505 ], [ -7.406174386417304, 38.838262777712053 ], [ -7.406243384033473, 38.838341573540191 ], [ -7.406292237703647, 38.838385386326294 ], [ -7.406542566635014, 38.838606909855628 ], [ -7.406632230864117, 38.838692049411726 ], [ -7.406709275318183, 38.83877188677139 ], [ -7.406766052840536, 38.838818269929526 ], [ -7.406889236709802, 38.838891099509695 ], [ -7.407073819724591, 38.839009161569301 ], [ -7.407544213692581, 38.83931411473651 ], [ -7.407749351673504, 38.83944969034652 ], [ -7.408036819143043, 38.83963288860145 ], [ -7.408481835741454, 38.839920289914133 ], [ -7.408975734363112, 38.840236732102838 ], [ -7.409267766190341, 38.840425000013809 ], [ -7.40959928046511, 38.840638280623907 ], [ -7.409907074126888, 38.840840334683961 ], [ -7.410241650804032, 38.841058681325727 ], [ -7.41051785386118, 38.841240630935999 ], [ -7.410718367202262, 38.841367530590915 ], [ -7.411059292894749, 38.84158474043069 ], [ -7.411352938681105, 38.841774180515472 ], [ -7.411608505721895, 38.841947358806927 ], [ -7.411744328097503, 38.842036292586783 ], [ -7.411837539117742, 38.842090372978362 ], [ -7.411987325466537, 38.842199385608119 ], [ -7.412056298399243, 38.842293046177502 ], [ -7.412120535581376, 38.842387930464952 ], [ -7.412223742268895, 38.842547645962263 ], [ -7.412361071056684, 38.842795933447015 ], [ -7.412431319287028, 38.842911940205823 ], [ -7.412579693316074, 38.843161469291864 ], [ -7.412650103737086, 38.843272428019603 ], [ -7.412772005824278, 38.843463334480575 ], [ -7.412832694007841, 38.843590537330122 ], [ -7.412885674107306, 38.843693999294054 ], [ -7.412966741331978, 38.843844930070389 ], [ -7.413019507273408, 38.843969560877383 ], [ -7.413044378454689, 38.844016913485689 ], [ -7.413075653064673, 38.844068005081944 ], [ -7.413115188462771, 38.844088150709624 ], [ -7.413194133382713, 38.844129623878494 ], [ -7.413609951759283, 38.844334946167422 ], [ -7.413790476588784, 38.844400730719855 ], [ -7.414048511247636, 38.844490593618104 ], [ -7.414194062095785, 38.844552382550098 ], [ -7.414228850129721, 38.844574935202587 ], [ -7.414367732645259, 38.844657849500692 ], [ -7.414602009512607, 38.844738918359404 ], [ -7.414706538523528, 38.844779369655086 ], [ -7.414984965744844, 38.844891694451661 ], [ -7.415132281643796, 38.844949707972923 ], [ -7.415255989181928, 38.844972896035287 ], [ -7.415411660383493, 38.844978808762733 ], [ -7.415668981106365, 38.844979032085675 ], [ -7.415772336580033, 38.844975970955311 ], [ -7.415897713651324, 38.844981696984647 ], [ -7.416107289687822, 38.844999285137618 ], [ -7.416496167848324, 38.845032742351712 ], [ -7.416716839282835, 38.845046612388373 ], [ -7.416801145275887, 38.84504712852717 ], [ -7.417009444902948, 38.845019847287013 ], [ -7.417200286449143, 38.844998584906065 ], [ -7.417365653049258, 38.844979780188361 ], [ -7.417535855679573, 38.844960912082144 ], [ -7.41771242650276, 38.844938394920931 ], [ -7.417901762331381, 38.844918380565289 ], [ -7.417933125692708, 38.845111250325402 ], [ -7.417963659979832, 38.845236917403533 ], [ -7.417972647256827, 38.845294167713952 ], [ -7.417999956673851, 38.845419815034823 ], [ -7.418049971847914, 38.845509661868796 ], [ -7.418123451598591, 38.845614600826032 ], [ -7.41819564924927, 38.84570944040523 ], [ -7.418425889139674, 38.84588370714097 ], [ -7.418548790922181, 38.8459764291174 ], [ -7.418627644601681, 38.846039064681946 ], [ -7.418651335292687, 38.846043079362083 ], [ -7.418719665777449, 38.846052143927146 ], [ -7.41883547478669, 38.84605906758469 ], [ -7.418929105941425, 38.846072071836595 ], [ -7.419121081675007, 38.846099361917972 ], [ -7.419433718058637, 38.846132345101502 ], [ -7.419709959789374, 38.846152677951466 ], [ -7.419811528414494, 38.846166988371174 ], [ -7.420203611848634, 38.846226577373308 ], [ -7.420463777945099, 38.846265450247969 ], [ -7.420678046611963, 38.846286661978183 ], [ -7.421011329483167, 38.846316077260404 ], [ -7.421295515414876, 38.846337713190451 ], [ -7.42151146929778, 38.846351454452652 ], [ -7.421711748685907, 38.846343898996594 ], [ -7.422059313100698, 38.846559166070293 ], [ -7.422570998015289, 38.846819668107543 ], [ -7.423070162310289, 38.84730530851165 ], [ -7.423545939301293, 38.847557544885809 ], [ -7.424077647335095, 38.84787446725889 ], [ -7.424292277316757, 38.848012507143132 ], [ -7.424030786088416, 38.848032465834727 ], [ -7.42355206125295, 38.848066858286849 ], [ -7.423272348752552, 38.848081374647286 ], [ -7.422174067724475, 38.848121914030308 ], [ -7.421897497645535, 38.848133834850614 ], [ -7.421144182375335, 38.848154114295752 ], [ -7.42035750380077, 38.848181577126006 ], [ -7.419823403808075, 38.848200662448377 ], [ -7.419565893845897, 38.848206567909337 ], [ -7.419233813977062, 38.848216975880469 ], [ -7.419065277319341, 38.848229547522038 ], [ -7.41896811913903, 38.848246432331777 ], [ -7.418861384481845, 38.848276857631298 ], [ -7.418799307458118, 38.8482988174461 ], [ -7.418706500765169, 38.848364098929451 ], [ -7.418546546577811, 38.848474997807578 ], [ -7.418352717299868, 38.848632892934752 ], [ -7.418261411053606, 38.848709534013537 ], [ -7.418104367022699, 38.848840266422599 ], [ -7.417907056266634, 38.849011921469369 ], [ -7.417814371173892, 38.849064771261595 ], [ -7.417724893640563, 38.849120076343631 ], [ -7.417619430894677, 38.849184106610458 ], [ -7.41741636014752, 38.84930960361315 ], [ -7.417325314722311, 38.849360031844576 ], [ -7.417220001143422, 38.849409108754315 ], [ -7.4171067487874, 38.849456877607608 ], [ -7.416839505981479, 38.849527462082882 ], [ -7.416679088460697, 38.849635769372611 ], [ -7.416621518999553, 38.849667757965285 ], [ -7.416461582822148, 38.849776131859805 ], [ -7.416165745076189, 38.849950784280146 ], [ -7.415956424637309, 38.850067592830669 ], [ -7.415763160508343, 38.850179456129446 ], [ -7.415648062505839, 38.850238382832046 ], [ -7.415555543051361, 38.850275108708317 ], [ -7.415459908849884, 38.850311815372976 ], [ -7.41530048095645, 38.850369296527617 ], [ -7.415251059434975, 38.850381426301375 ], [ -7.415112625195273, 38.850412912611077 ], [ -7.414875250592926, 38.850466044235013 ], [ -7.414631669620192, 38.850517966179282 ], [ -7.414451696808038, 38.850556675379181 ], [ -7.414313029157069, 38.85058816470633 ], [ -7.4142062410973, 38.850611106190058 ], [ -7.414158588604231, 38.850619460396778 ], [ -7.414115655160326, 38.850615502004231 ], [ -7.41401256322044, 38.850603699438302 ], [ -7.413899826978353, 38.850588147788265 ], [ -7.413769414581362, 38.850601037488111 ], [ -7.413542450441427, 38.850589033633007 ], [ -7.413444496261715, 38.85061256030383 ], [ -7.413353879090685, 38.850672974132728 ], [ -7.413262528575385, 38.850753215010144 ], [ -7.413030000814304, 38.850965537499533 ], [ -7.412925845429522, 38.851059391064595 ], [ -7.412859922304563, 38.851131049004536 ], [ -7.412750551314647, 38.851262158156871 ], [ -7.412667081253594, 38.851348658957257 ], [ -7.412426227277101, 38.851586966882451 ], [ -7.41233314223705, 38.851679624411709 ], [ -7.412320279832856, 38.851698189439652 ], [ -7.412283036284451, 38.851758855219693 ], [ -7.412226617161304, 38.85184804392788 ], [ -7.412174914531451, 38.851926001033377 ], [ -7.412155469069734, 38.851969391517926 ], [ -7.41214084962789, 38.852002809496476 ], [ -7.412129474133508, 38.852022646577836 ], [ -7.412031323075236, 38.851988533345647 ], [ -7.411929999787442, 38.851949267783553 ], [ -7.411855857965008, 38.85188791524741 ], [ -7.41174010768784, 38.851832685934824 ], [ -7.411722158204393, 38.851757831718615 ], [ -7.411676136127518, 38.851546750764811 ], [ -7.411606858252413, 38.851276868950151 ], [ -7.411530894938017, 38.851159769910446 ], [ -7.411449951263648, 38.851026553866625 ], [ -7.411343497740947, 38.850873071950872 ], [ -7.411201046311811, 38.850719366546592 ], [ -7.41109430919055, 38.85059403481678 ], [ -7.41097724558806, 38.850472660238779 ], [ -7.410885896685058, 38.850351444550036 ], [ -7.410712874676884, 38.850169397336977 ], [ -7.410651813207537, 38.850104673127042 ], [ -7.410549410234522, 38.850051544744019 ], [ -7.410500507764858, 38.85001151857751 ], [ -7.410345670243714, 38.849933453511689 ], [ -7.410008421284902, 38.849804631348036 ], [ -7.409843857795262, 38.849742724904246 ], [ -7.409691879795743, 38.849689538291955 ], [ -7.409631688088878, 38.84967304325685 ], [ -7.409500130399501, 38.84963989018528 ], [ -7.409325806767942, 38.84959782985117 ], [ -7.409211750657459, 38.849564784006056 ], [ -7.40907552189022, 38.849526558022433 ], [ -7.40895976822477, 38.849502245309772 ], [ -7.408862972373238, 38.849482996235629 ], [ -7.408774272337828, 38.849460109481775 ], [ -7.408587370153428, 38.849409231544541 ], [ -7.408514402735165, 38.84939139468819 ], [ -7.408387581019678, 38.849368180160816 ], [ -7.408308216594917, 38.849356518886744 ], [ -7.408273254719819, 38.849362518231132 ], [ -7.408190955053225, 38.849337367451561 ], [ -7.408114182974145, 38.849300695679617 ], [ -7.408022023917431, 38.849259907241944 ], [ -7.407919905610695, 38.849186882728169 ], [ -7.40782289083277, 38.849117910911481 ], [ -7.407721536836097, 38.849084452461518 ], [ -7.407607023567211, 38.849104505175468 ], [ -7.40753506705742, 38.849100037104016 ], [ -7.407432174328114, 38.849103418978586 ], [ -7.407329157836386, 38.849118865982312 ], [ -7.407221571646318, 38.849077980150795 ], [ -7.407146801010189, 38.849043596461122 ], [ -7.407001176030718, 38.849004219712683 ], [ -7.406919139281694, 38.84897957951592 ], [ -7.406831836927792, 38.848966971607929 ], [ -7.406718945828415, 38.84894213941206 ], [ -7.40657474809466, 38.848961350731429 ], [ -7.406363859728368, 38.848964060753659 ], [ -7.406081140202068, 38.848950236220119 ], [ -7.40585527448627, 38.848908612841385 ], [ -7.40564491988922, 38.84885904254282 ], [ -7.405475705924349, 38.848809728166081 ], [ -7.405249963956501, 38.848756040202467 ], [ -7.404998591806282, 38.848694148041368 ], [ -7.404808768150794, 38.848648725317503 ], [ -7.404587890517621, 38.848651170775419 ], [ -7.404612642825215, 38.848709784174389 ], [ -7.404730381324339, 38.849013720203942 ], [ -7.404817080901321, 38.849233061011212 ], [ -7.404861888610187, 38.849357647534674 ], [ -7.404886140391602, 38.8494647189682 ], [ -7.404916438779556, 38.849611553518017 ], [ -7.404925642608491, 38.8496464729973 ], [ -7.404947847551722, 38.849808121795036 ], [ -7.404965285738881, 38.849962440924216 ], [ -7.404990998192996, 38.8500956459349 ], [ -7.405066326637757, 38.850492639173154 ], [ -7.40508897263359, 38.850610961221882 ], [ -7.405106703199022, 38.850736643548778 ], [ -7.405125302114739, 38.850787651893903 ], [ -7.405207974023859, 38.850927337164201 ], [ -7.40542659939477, 38.851302877357895 ], [ -7.405579706208898, 38.851562354856 ], [ -7.405715691164078, 38.851783168419175 ], [ -7.405829830170285, 38.851966739855158 ], [ -7.406085005445694, 38.852351152967167 ], [ -7.406285272466743, 38.852651996033799 ], [ -7.406573598875523, 38.853050309839134 ], [ -7.406739712803354, 38.853288695588297 ], [ -7.406893096283886, 38.85351096981676 ], [ -7.407043258284751, 38.8537431306165 ], [ -7.407202729154936, 38.85400138078117 ], [ -7.407341916362195, 38.854225999183676 ], [ -7.407499653041391, 38.854495497930863 ], [ -7.407595023294228, 38.85464526172845 ], [ -7.407618462516901, 38.854685131821476 ], [ -7.407777993974814, 38.854937257132036 ], [ -7.407948066588182, 38.855240522013688 ], [ -7.408128782515226, 38.855462025656919 ], [ -7.408239970998027, 38.855655757889458 ], [ -7.408325647914903, 38.855829221740386 ], [ -7.408419133384431, 38.856116117211847 ], [ -7.408571893796237, 38.856400443776117 ], [ -7.408748023049784, 38.85674329294406 ], [ -7.408892933696692, 38.857030006997476 ], [ -7.409023738448791, 38.857287085962831 ], [ -7.409138974917569, 38.857522722444095 ], [ -7.409231226798949, 38.857825576813454 ], [ -7.409327194775349, 38.857999104566751 ], [ -7.40938104991511, 38.858089727261692 ], [ -7.409220582032994, 38.858247813543919 ], [ -7.409108277852739, 38.858358993611979 ], [ -7.408856253307644, 38.858604790189752 ], [ -7.408613906373463, 38.85883938556978 ], [ -7.408299219439813, 38.859151985985164 ], [ -7.408109803475754, 38.859334751710612 ], [ -7.407830477348412, 38.859602715009252 ], [ -7.407633192551558, 38.859789216157246 ], [ -7.407461503685757, 38.859950920749981 ], [ -7.407315501049835, 38.860090540816671 ], [ -7.407212830617398, 38.860183133602227 ], [ -7.407164722845887, 38.860234988024992 ], [ -7.407255809656853, 38.860341215813364 ], [ -7.407364031508973, 38.860473669064113 ], [ -7.40744429313157, 38.860557399979868 ], [ -7.407510261164583, 38.860629868746216 ], [ -7.407623366284345, 38.860769831278979 ], [ -7.407657778245785, 38.860818507068593 ], [ -7.407755105791392, 38.860934769196248 ], [ -7.407800781687627, 38.860974868300325 ], [ -7.40801352537003, 38.861240483038337 ], [ -7.408166441622735, 38.861378170011804 ], [ -7.408335564680895, 38.861439544991931 ], [ -7.40865347309906, 38.861519623266901 ], [ -7.408713382285287, 38.861565487025288 ], [ -7.408770095806271, 38.861528545536849 ], [ -7.408835804578257, 38.861558764402538 ], [ -7.408967338807207, 38.861596242734244 ], [ -7.409130499271175, 38.861651296645441 ], [ -7.409368832359033, 38.861735465540079 ], [ -7.409608935421016, 38.861815225681141 ], [ -7.409795662350237, 38.861886552240399 ], [ -7.410038060881941, 38.861886967793112 ], [ -7.410430085542949, 38.861850671462051 ], [ -7.410697427663925, 38.861864390495896 ], [ -7.410959015797614, 38.861938398659788 ], [ -7.411117652585306, 38.862019812916479 ], [ -7.411389081251985, 38.862138120120228 ], [ -7.411542453094471, 38.862231566328305 ], [ -7.411731790077613, 38.862329256475668 ], [ -7.411885162773383, 38.862422703139551 ], [ -7.412002734658048, 38.862495819518308 ], [ -7.412191909391455, 38.862609594068623 ], [ -7.41232495328705, 38.8626787845403 ], [ -7.412524619955653, 38.86277251516541 ], [ -7.412734695719666, 38.862854245492592 ], [ -7.41300119025704, 38.862952409478446 ], [ -7.413149828690817, 38.863005607212564 ], [ -7.413313775419597, 38.863070965071017 ], [ -7.413508422086164, 38.86315259891407 ], [ -7.413667226626823, 38.863217923692112 ], [ -7.413871756999688, 38.863339834091171 ], [ -7.414050893081024, 38.863429414583436 ], [ -7.414173288897195, 38.863534732578806 ], [ -7.414280455393921, 38.863619847672204 ], [ -7.414448779438706, 38.86376164234197 ], [ -7.414569166728096, 38.86390316256432 ], [ -7.414849887968788, 38.864115577562231 ], [ -7.415099181766204, 38.864302938916069 ], [ -7.415215902755363, 38.864393819236859 ], [ -7.415331597532344, 38.864495234073267 ], [ -7.415658050185194, 38.864742326304594 ], [ -7.415882557672896, 38.864924681202659 ], [ -7.41602770023695, 38.865130947841962 ], [ -7.416122668311794, 38.865232149050129 ], [ -7.416315388384214, 38.865431049868612 ], [ -7.416456856005136, 38.865582976319367 ], [ -7.416492004462452, 38.865650932526819 ], [ -7.416560189671185, 38.865745748235632 ], [ -7.416687083152143, 38.865925691147083 ], [ -7.416849329671643, 38.866154128096071 ], [ -7.416959060298969, 38.866311446821641 ], [ -7.41703505444538, 38.866420005603814 ], [ -7.417058386616976, 38.866459963175224 ], [ -7.417084999148155, 38.866506695809278 ], [ -7.417205219389928, 38.866720644941239 ], [ -7.417235702791809, 38.866771815994795 ], [ -7.417295614852871, 38.866898920380962 ], [ -7.417311992542843, 38.866931989339378 ], [ -7.41734408449433, 38.866983170222433 ], [ -7.417382977252632, 38.867149331496762 ], [ -7.417443778300564, 38.867348597386474 ], [ -7.41748040962175, 38.86748798707125 ], [ -7.417600213795735, 38.867755444095366 ], [ -7.417674834117721, 38.867921189091852 ], [ -7.417756159079244, 38.868061577596968 ], [ -7.417608731485384, 38.868159761215139 ], [ -7.417336355096277, 38.868296727668323 ], [ -7.417174915151884, 38.868344382940265 ], [ -7.416989453240532, 38.868408463247903 ], [ -7.416587144942335, 38.868541567571683 ], [ -7.416279914216828, 38.868637959120804 ], [ -7.416064494032045, 38.868725637366502 ], [ -7.415819085324439, 38.868850332355017 ], [ -7.415682808779304, 38.86892714433143 ], [ -7.415228189302135, 38.869220264174679 ], [ -7.41497798473458, 38.869397800994101 ], [ -7.414685442037083, 38.869591566503971 ], [ -7.414569016765258, 38.869665342046368 ], [ -7.41429340829774, 38.869836510187916 ], [ -7.414057503782181, 38.869989186814017 ], [ -7.413941057474601, 38.870065035187316 ], [ -7.413862773502364, 38.870126616825708 ], [ -7.413551436197355, 38.87034413256621 ], [ -7.413377448189581, 38.870457911665007 ], [ -7.413236795274769, 38.870546044504216 ], [ -7.412946954333945, 38.870744955788673 ], [ -7.412594998935092, 38.870933211534194 ], [ -7.412330978275558, 38.871085801224567 ], [ -7.411933206578527, 38.871326467787398 ], [ -7.411826730466042, 38.871395082876298 ], [ -7.411543927565226, 38.871570251705506 ], [ -7.411252634356827, 38.871764106280779 ], [ -7.410932846173118, 38.87198354080288 ], [ -7.410711077850372, 38.872138457151358 ], [ -7.410628874117057, 38.872188576937596 ], [ -7.410335894730843, 38.872400972114974 ], [ -7.410243361412397, 38.872481107427468 ], [ -7.410114167934973, 38.872585881725975 ], [ -7.409903562988027, 38.872753297284042 ], [ -7.409775750597261, 38.872835288229005 ], [ -7.40968779187871, 38.872873024710536 ], [ -7.409432462536512, 38.872973322699892 ], [ -7.409158495782934, 38.873105127354101 ], [ -7.408924258074753, 38.873239244125045 ], [ -7.408799226665867, 38.873319176738221 ], [ -7.408431526364931, 38.873535253482657 ], [ -7.40810350085746, 38.87372463486674 ], [ -7.40793116680708, 38.873833191476415 ], [ -7.407804880540089, 38.873900779044675 ], [ -7.407637578324187, 38.8741035879777 ], [ -7.407446167541451, 38.874332098315556 ], [ -7.407401517824476, 38.87441667605647 ], [ -7.40731826803348, 38.87455793862199 ], [ -7.407241955707546, 38.874708529476912 ], [ -7.407108864119923, 38.875026398687659 ], [ -7.407023648281612, 38.875338438311417 ], [ -7.40697686353109, 38.87536093531854 ], [ -7.406864988653602, 38.875393390990858 ], [ -7.406764669041921, 38.87541150326178 ], [ -7.406527316924832, 38.875430657260644 ], [ -7.406343739685021, 38.875442941926494 ], [ -7.406261769801958, 38.875446575342707 ], [ -7.406171265135411, 38.875462588124499 ], [ -7.405892308538646, 38.875550929193274 ], [ -7.405661493363645, 38.875618765100654 ], [ -7.405443428300194, 38.875690913659703 ], [ -7.405340065500441, 38.87572441266277 ], [ -7.405104853439435, 38.875816717644817 ], [ -7.404934845422412, 38.875876732281043 ], [ -7.404701076570136, 38.875951845971763 ], [ -7.404596283714873, 38.875990464427083 ], [ -7.404508307843026, 38.87604062940661 ], [ -7.40435081909579, 38.876116218295309 ], [ -7.404238740155942, 38.87616830624254 ], [ -7.404187734026693, 38.876186632193665 ], [ -7.404058840997508, 38.876226182463604 ], [ -7.403854967284548, 38.87628490675403 ], [ -7.403689458180424, 38.876322154354348 ], [ -7.40343345672365, 38.876373345160125 ], [ -7.40337126256614, 38.876381247293651 ], [ -7.403177349833157, 38.876423542085739 ], [ -7.402987983732488, 38.876449204178776 ], [ -7.402606130898099, 38.876524467732466 ], [ -7.402376947078224, 38.876567538608796 ], [ -7.402325993710628, 38.876580638656009 ], [ -7.402187432947808, 38.876607699208833 ], [ -7.40194406564042, 38.876663108498498 ], [ -7.401775849409459, 38.876694124658236 ], [ -7.401596229951752, 38.876725070044152 ], [ -7.401488802929827, 38.876738900486018 ], [ -7.401265913675968, 38.876763267913198 ], [ -7.400778289344737, 38.876814085600763 ], [ -7.400523998199023, 38.876833121140614 ], [ -7.400441931459798, 38.876846117052089 ], [ -7.400123949539165, 38.876884483653733 ], [ -7.399982629779453, 38.876899091721207 ], [ -7.399743713843754, 38.876935874640694 ], [ -7.399614963761525, 38.876972360039403 ], [ -7.399410977860321, 38.87704143479062 ], [ -7.399249633159879, 38.877076634056031 ], [ -7.39897099272622, 38.877132806314457 ], [ -7.398577912490393, 38.877200687968021 ], [ -7.398270990380198, 38.877260914312231 ], [ -7.398203060020735, 38.877278054707041 ], [ -7.398057126270518, 38.877326768199012 ], [ -7.397966026161219, 38.877355203395837 ], [ -7.39785688895067, 38.877401088332249 ], [ -7.397780519122246, 38.877431684315177 ], [ -7.3977039489286, 38.87745912896419 ], [ -7.397610385808759, 38.877491595567726 ], [ -7.397528200745633, 38.877515944792179 ], [ -7.397389465586344, 38.87755956835251 ], [ -7.397236558068108, 38.877603102439664 ], [ -7.397189786822516, 38.877624518255288 ], [ -7.397110287625767, 38.877667527517943 ], [ -7.396773133344084, 38.877787462915443 ], [ -7.396458568654245, 38.87789618462633 ], [ -7.396108957569469, 38.877994330758604 ], [ -7.395919188311796, 38.878047995715754 ], [ -7.395825804194177, 38.878074250244538 ], [ -7.395702571009432, 38.878111753392822 ], [ -7.395576564374529, 38.87815032523217 ], [ -7.395376846036406, 38.878218338015351 ], [ -7.395280302472568, 38.878271591885245 ], [ -7.395103654255861, 38.878382175707088 ], [ -7.394770085428326, 38.878555991766135 ], [ -7.394532974550059, 38.878684565576478 ], [ -7.394459307469194, 38.878709957357444 ], [ -7.394113962560289, 38.878796773761657 ], [ -7.393745973449688, 38.878888581104782 ], [ -7.393434672437777, 38.878959034921671 ], [ -7.393096603020663, 38.879032469195465 ], [ -7.392775320859814, 38.87910970480867 ], [ -7.392570205600294, 38.879152908055978 ], [ -7.392169557199016, 38.879271436550681 ], [ -7.39177908767186, 38.879352827062647 ], [ -7.391530095053239, 38.879403944292058 ], [ -7.391111256351615, 38.879487220586256 ], [ -7.390913256824983, 38.879522175368791 ], [ -7.390722376549358, 38.879559248665572 ], [ -7.390599269613474, 38.87958422909513 ], [ -7.390500206950179, 38.879613595057741 ], [ -7.390600307004381, 38.879750969638394 ], [ -7.390736891051122, 38.879937033412013 ], [ -7.390896773515882, 38.880177117015343 ], [ -7.391024692727926, 38.880366189815618 ], [ -7.391151215328161, 38.880556422807508 ], [ -7.391255593641394, 38.880692559305061 ], [ -7.391348474424576, 38.880815295670388 ], [ -7.391519768360939, 38.881044004706304 ], [ -7.391690984559663, 38.881269653051199 ], [ -7.391856681934462, 38.881494274351688 ], [ -7.392013890605575, 38.881692904553688 ], [ -7.39206413023246, 38.88174915986535 ], [ -7.392118625854859, 38.88179499224335 ], [ -7.392236005555622, 38.881911666182496 ], [ -7.392452633248042, 38.882126159828189 ], [ -7.392694280852603, 38.882372969466886 ], [ -7.392808853757464, 38.882482326930095 ], [ -7.39289033145559, 38.882571839348671 ], [ -7.393020225755806, 38.882704084291852 ], [ -7.393238331341786, 38.882920659423618 ], [ -7.393278897381599, 38.882954066851951 ], [ -7.393554229853484, 38.883232164925076 ], [ -7.39377948372011, 38.883460219677403 ], [ -7.393862997271686, 38.883564245912893 ], [ -7.393992915447154, 38.883705767019784 ], [ -7.394050072422925, 38.883773415044935 ], [ -7.394242428111596, 38.884006402307712 ], [ -7.394383099446382, 38.884189425863894 ], [ -7.394504261438798, 38.88433089190017 ], [ -7.394706484883568, 38.884569163508594 ], [ -7.394880720346905, 38.8847834746052 ], [ -7.395041313409664, 38.884957257020922 ], [ -7.395169575789619, 38.88510299998817 ], [ -7.39526632024219, 38.885210173261882 ], [ -7.395365417225245, 38.885312222384805 ], [ -7.395439257838205, 38.885404750096974 ], [ -7.395509014431758, 38.885491121275706 ], [ -7.395606530783604, 38.885612800748639 ], [ -7.395653955693954, 38.885674080170332 ], [ -7.395677535172366, 38.885712513006801 ], [ -7.395684112940324, 38.885756063876492 ], [ -7.3956672509028, 38.885893593403566 ], [ -7.395652063420104, 38.885991770449571 ], [ -7.395654339163025, 38.886050786611492 ], [ -7.39566637210308, 38.886112925234038 ], [ -7.395690006577901, 38.88627971731924 ], [ -7.395711136667801, 38.886421542961628 ], [ -7.395748040308468, 38.886541848659121 ], [ -7.395790866142849, 38.886636249365246 ], [ -7.395859803571859, 38.886790989514971 ], [ -7.395894460030942, 38.886850205602187 ], [ -7.395938461600554, 38.886964254210845 ], [ -7.395983954095026, 38.887079475115861 ], [ -7.396144519971307, 38.887379453723852 ], [ -7.396170450573245, 38.88746861412055 ], [ -7.396168102243876, 38.887562820544716 ], [ -7.396159057741392, 38.88761239806086 ], [ -7.396138284699084, 38.887715765296079 ], [ -7.396103123088435, 38.887839669494852 ], [ -7.396008051255522, 38.888017063751285 ], [ -7.395897692326264, 38.888168510020705 ], [ -7.39581055751855, 38.888269385501836 ], [ -7.395660630545478, 38.888434993210701 ], [ -7.395496419237979, 38.888610964899051 ], [ -7.395446278644262, 38.888689281435887 ], [ -7.395438564134239, 38.888710942314319 ], [ -7.395423736832895, 38.888785344659937 ], [ -7.395409914517094, 38.888895963665604 ], [ -7.395396332714054, 38.888983882818579 ], [ -7.395384768639952, 38.889009662042007 ], [ -7.395360503394759, 38.889027075674598 ], [ -7.395320710125273, 38.889051684775737 ], [ -7.395261218483101, 38.889076169389945 ], [ -7.395169192566282, 38.889103514610042 ], [ -7.395069895991822, 38.889143242715036 ], [ -7.394935088174071, 38.889228237254187 ], [ -7.394844115350904, 38.889287652910276 ], [ -7.394683677789391, 38.889376719654791 ], [ -7.394550405712767, 38.889435866670055 ], [ -7.394409949592265, 38.889499116158319 ], [ -7.394374473139475, 38.88951861871822 ], [ -7.394348735205607, 38.889544308161113 ], [ -7.394327224297774, 38.88957417151709 ], [ -7.394339692821108, 38.889605327188775 ], [ -7.394368285030049, 38.889704772736287 ], [ -7.39437347372079, 38.88974930121072 ], [ -7.394370390463642, 38.889769007804141 ], [ -7.394356055377313, 38.889795761143802 ], [ -7.394311880667805, 38.88983169195577 ], [ -7.394202531048539, 38.889896220733164 ], [ -7.394039109327887, 38.889994543884882 ], [ -7.393944276282029, 38.89002601303153 ], [ -7.393814220748675, 38.89004176124044 ], [ -7.393555545332255, 38.89006706176928 ], [ -7.393325207144822, 38.890083801031508 ], [ -7.393148445283868, 38.890101331563933 ], [ -7.392908221108414, 38.89012674217954 ], [ -7.392670816643367, 38.890145871953813 ], [ -7.392477319731488, 38.890155006403816 ], [ -7.392176395361811, 38.890175886908338 ], [ -7.391905899246643, 38.890196965198633 ], [ -7.391320297492121, 38.890294589143402 ], [ -7.390866205414762, 38.890380796537961 ], [ -7.390594681465028, 38.890433842801059 ], [ -7.390914684337007, 38.890751592074665 ], [ -7.39119423618976, 38.89101306058587 ], [ -7.391448798614872, 38.891217528033465 ], [ -7.39152724254085, 38.891278014342113 ], [ -7.391877306696518, 38.891564789536076 ], [ -7.392210650527503, 38.891819383654749 ], [ -7.392314236258768, 38.891900751311901 ], [ -7.392418071146617, 38.891968695293677 ], [ -7.392497002815019, 38.89201522652057 ], [ -7.392526289993737, 38.892047479902388 ], [ -7.392547004213672, 38.892095257822305 ], [ -7.392585675503048, 38.892178287990639 ], [ -7.392617764166905, 38.892207493776063 ], [ -7.392650085695443, 38.892225264779107 ], [ -7.392702140577471, 38.892240095566024 ], [ -7.392804869338953, 38.892415674000489 ], [ -7.392921456673269, 38.892609897977977 ], [ -7.392991946430705, 38.892759600655744 ], [ -7.39301589656143, 38.892906668993575 ], [ -7.393065644596741, 38.89300012272038 ], [ -7.393190242993008, 38.89324502258733 ], [ -7.392247183546191, 38.893454518080816 ], [ -7.391126968231079, 38.893640548269595 ], [ -7.390195828786472, 38.893799571182505 ], [ -7.389548000194505, 38.893914719158083 ], [ -7.38902178093773, 38.893995683984365 ], [ -7.388481935441267, 38.894090522454356 ], [ -7.388036582243162, 38.894164976967922 ], [ -7.387190751710752, 38.894310556371877 ], [ -7.386596998184097, 38.894412069552828 ], [ -7.386160676139387, 38.894483054403189 ], [ -7.385611898784282, 38.894570801786301 ], [ -7.385090136550617, 38.894655200328685 ], [ -7.384379366388166, 38.894780547250605 ], [ -7.383668471741375, 38.894895349065905 ], [ -7.383092611929623, 38.894993536285703 ], [ -7.382629537365039, 38.895053712317704 ], [ -7.382283362047804, 38.895111208136079 ], [ -7.380956336646232, 38.895327338446457 ], [ -7.380484041581452, 38.895397984717995 ], [ -7.380074703859551, 38.895465613086692 ], [ -7.379678743536842, 38.895533321835401 ], [ -7.379247009816262, 38.895593684853388 ], [ -7.378976034271452, 38.895635896390615 ], [ -7.378575558761955, 38.89570528730075 ], [ -7.378325863587492, 38.895751147864125 ], [ -7.378040174412333, 38.895800197172115 ], [ -7.377813071185579, 38.895835480811861 ], [ -7.377538598672492, 38.895881093830837 ], [ -7.377273271883313, 38.895923156003704 ], [ -7.37705721627009, 38.89597094217617 ], [ -7.376843314013938, 38.896022163937602 ], [ -7.37663628746919, 38.896066403811261 ], [ -7.376456172813842, 38.896105591426831 ], [ -7.376289783987797, 38.896132621703629 ], [ -7.376062425962336, 38.896169793705518 ], [ -7.375821931626091, 38.896196343704261 ], [ -7.375536406325804, 38.896229533400145 ], [ -7.375257682459128, 38.896262856620424 ], [ -7.375046362878306, 38.896287791930767 ], [ -7.37477108786793, 38.896300151937702 ], [ -7.374398190456763, 38.896322323258232 ], [ -7.374146690638114, 38.896320691422126 ], [ -7.373930853890823, 38.896347397797832 ], [ -7.37373300319823, 38.896374125270555 ], [ -7.373472144224968, 38.896407475737341 ], [ -7.373170867960001, 38.896447583202274 ], [ -7.372927953993147, 38.896484556861637 ], [ -7.372586176521708, 38.896528004015899 ], [ -7.37245147975592, 38.896534154416116 ], [ -7.37237539709336, 38.896502045155174 ], [ -7.372249239217526, 38.896539866332674 ], [ -7.372105022131351, 38.896584596609436 ], [ -7.371552060657523, 38.896640629701736 ], [ -7.371080312768109, 38.896669087887744 ], [ -7.37089151399453, 38.896678393693087 ], [ -7.370565692056652, 38.896728966021321 ], [ -7.370089329568046, 38.896757479237799 ], [ -7.369926356886311, 38.896777401232086 ], [ -7.369712726721213, 38.896802403649545 ], [ -7.369461078332559, 38.896825263600007 ], [ -7.369148600875224, 38.896856549897784 ], [ -7.36889677879182, 38.896884719358631 ], [ -7.368687718489329, 38.896902721968871 ], [ -7.368433770176055, 38.896925655622496 ], [ -7.368240446708717, 38.896948980479152 ], [ -7.368071783104818, 38.896961840165332 ], [ -7.367938950968989, 38.896987361511279 ], [ -7.367531639886935, 38.897068921986332 ], [ -7.367392103833292, 38.897096111122174 ], [ -7.367189582152197, 38.897138651375471 ], [ -7.36699826120367, 38.897179559605441 ], [ -7.36681832252653, 38.897211707432959 ], [ -7.366590997312733, 38.897255886303583 ], [ -7.366408761050819, 38.897288023819023 ], [ -7.366208351493921, 38.89733760407205 ], [ -7.366005903069863, 38.897373206787435 ], [ -7.365897866632959, 38.897397087161757 ], [ -7.365796319219831, 38.897424450136043 ], [ -7.365709659825013, 38.897350726946016 ], [ -7.365616332946023, 38.897241281110851 ], [ -7.365488233564587, 38.897127719755929 ], [ -7.365354951830803, 38.897033558380024 ], [ -7.365251219633609, 38.896966799964005 ], [ -7.365137790653513, 38.896876655738502 ], [ -7.365038863774104, 38.896825475197367 ], [ -7.364920001182573, 38.8967780511515 ], [ -7.364845733802918, 38.896746467784766 ], [ -7.36472695525095, 38.896691269515784 ], [ -7.364593382107784, 38.89662431322914 ], [ -7.364420313537321, 38.896529889799524 ], [ -7.364318326738267, 38.896474376498254 ], [ -7.364195296474995, 38.896394944996757 ], [ -7.364095921709543, 38.89632203944435 ], [ -7.364004055136802, 38.896267245584383 ], [ -7.363919861338704, 38.89621551258594 ], [ -7.363851108034059, 38.896160870869643 ], [ -7.363659835459086, 38.896036181073626 ], [ -7.363552724186399, 38.895966233559832 ], [ -7.363416172098921, 38.895904243878292 ], [ -7.36335148727408, 38.895863374498454 ], [ -7.363264454849469, 38.895810197288526 ], [ -7.363179563952318, 38.895762168547137 ], [ -7.363103735097583, 38.895717802602782 ], [ -7.363027793715764, 38.895683971319869 ], [ -7.362940259832521, 38.895603948395987 ], [ -7.362825576113702, 38.895521908718045 ], [ -7.362710728892196, 38.895454919782516 ], [ -7.362619093347562, 38.895379053648973 ], [ -7.362515868545596, 38.895306120442932 ], [ -7.362401250866702, 38.895218060009547 ], [ -7.362240635973367, 38.895108622182008 ], [ -7.362015791471068, 38.894985695145962 ], [ -7.361870864218035, 38.894882862198074 ], [ -7.361810821505592, 38.894828059727445 ], [ -7.361768519406373, 38.894796165811066 ], [ -7.361647254246418, 38.894520340297277 ], [ -7.361458181806893, 38.894309413202386 ], [ -7.36128941930554, 38.894129225657601 ], [ -7.361179431486281, 38.894014461447746 ], [ -7.361077411327457, 38.893897863595136 ], [ -7.360959718143695, 38.893770706720268 ], [ -7.360896513757068, 38.893648358128793 ], [ -7.360622478028975, 38.893341482934893 ], [ -7.360399194264112, 38.893091139575191 ], [ -7.360191275731747, 38.892844910445859 ], [ -7.360039113977322, 38.892667288274559 ], [ -7.359896919735183, 38.892517829763108 ], [ -7.359616449753972, 38.892331328693444 ], [ -7.359238967418209, 38.892092003058927 ], [ -7.358759510942388, 38.891783761808377 ], [ -7.358259168406535, 38.891507492596297 ], [ -7.358068613295432, 38.891407383219445 ], [ -7.359887758094545, 38.890533277293976 ], [ -7.360336820415867, 38.890329066580044 ], [ -7.360546202441826, 38.890279556559037 ], [ -7.360766727515753, 38.890233541911066 ], [ -7.360973881374228, 38.890187619480798 ], [ -7.361162919915073, 38.890143290193585 ], [ -7.361361090361966, 38.890097126626962 ], [ -7.361700967942077, 38.890023880401856 ], [ -7.362002600651662, 38.88995921091864 ], [ -7.362340351495631, 38.889880639613786 ], [ -7.362513463669816, 38.889848539111526 ], [ -7.362722824357124, 38.889800735602961 ], [ -7.363008824819855, 38.889732361776041 ], [ -7.362966637358753, 38.889679298118452 ], [ -7.362833048739776, 38.889583653610963 ], [ -7.362647877803084, 38.889461284002245 ], [ -7.362480904043046, 38.889330291277503 ], [ -7.362409635678419, 38.889280639485541 ], [ -7.36233623031051, 38.889215119904229 ], [ -7.362271646735693, 38.889165602231806 ], [ -7.3621914398596, 38.889100126834713 ], [ -7.362118017650358, 38.889036413959026 ], [ -7.362049146795419, 38.888967499390766 ], [ -7.362025479125585, 38.888893819141643 ], [ -7.36197635015702, 38.888806190684264 ], [ -7.361957905975571, 38.888730807321302 ], [ -7.361920202856253, 38.888655295858001 ], [ -7.361845317684646, 38.888456109190201 ], [ -7.361781499231693, 38.888302153230143 ], [ -7.361732794204142, 38.888175390588366 ], [ -7.36167059615501, 38.888064323062835 ], [ -7.361640180678879, 38.8879780998912 ], [ -7.361607320881293, 38.887893567529332 ], [ -7.361572182984897, 38.887828389472567 ], [ -7.361514304939055, 38.887777114132504 ], [ -7.361462955874718, 38.887761016644959 ], [ -7.361409307505647, 38.887734267586005 ], [ -7.361351541386847, 38.887672452934844 ], [ -7.361298292946128, 38.887619406535912 ], [ -7.361188191965126, 38.887333371705971 ], [ -7.361046417227152, 38.887047197599564 ], [ -7.360993965915981, 38.886920471112774 ], [ -7.360943605181237, 38.886791961378421 ], [ -7.360937099697937, 38.886688220207859 ], [ -7.360903380519459, 38.886600693179176 ], [ -7.360846649353404, 38.886503981874064 ], [ -7.360824257702306, 38.886437603375121 ], [ -7.360771313012685, 38.886346938757846 ], [ -7.360695814012918, 38.886204946470109 ], [ -7.360526210761975, 38.885860629014637 ], [ -7.360284922828645, 38.885428703970696 ], [ -7.360142197545179, 38.885134563157692 ], [ -7.359996977133301, 38.884857966258679 ], [ -7.359884898039954, 38.884628967623364 ], [ -7.359777317300345, 38.884410540442261 ], [ -7.359697085968941, 38.884175288563341 ], [ -7.359565320912617, 38.883894440278262 ], [ -7.359429770880959, 38.883607545972303 ], [ -7.359323989542125, 38.883417184928106 ], [ -7.359177147682061, 38.883106131444947 ], [ -7.359101780531135, 38.883128056713367 ], [ -7.358690318631647, 38.883269277092438 ], [ -7.358343615546278, 38.883358323106066 ], [ -7.35747279674332, 38.88374231481648 ], [ -7.356859242829974, 38.884005054625092 ], [ -7.35656159454509, 38.884118919797245 ], [ -7.355921334510367, 38.884346529646677 ], [ -7.355209010718587, 38.884598154291062 ], [ -7.355082520346104, 38.884667575638446 ], [ -7.354473641533637, 38.884902227068011 ], [ -7.353716442095568, 38.885146517248764 ], [ -7.353094600144895, 38.885342529842013 ], [ -7.352761057330112, 38.885459744071802 ], [ -7.351936084222618, 38.885735100424746 ], [ -7.351620664670189, 38.885838294954425 ], [ -7.351417800142565, 38.885903687200752 ], [ -7.351072996769085, 38.885406136850726 ], [ -7.350705498592695, 38.884929603410725 ], [ -7.350227603906002, 38.884283795460476 ], [ -7.349882394396088, 38.88382479377492 ], [ -7.349709528263551, 38.884023792707353 ], [ -7.349509699714639, 38.884222604135473 ], [ -7.349378093740154, 38.884348098745647 ], [ -7.349210528836624, 38.884473356311467 ], [ -7.349056795869157, 38.884577716647861 ], [ -7.348822206122024, 38.884667390656425 ], [ -7.348660136607832, 38.884711977590285 ], [ -7.348556453242006, 38.88473938428217 ], [ -7.348127171008113, 38.884989350344263 ], [ -7.347363101529287, 38.885447758212635 ], [ -7.346870386179836, 38.885732426545822 ], [ -7.346689683676159, 38.885836512044584 ], [ -7.34629654112584, 38.886058612304062 ], [ -7.346052522296629, 38.88619748953321 ], [ -7.345604895373112, 38.886478853258083 ], [ -7.345292803416242, 38.88667690283657 ], [ -7.344727618655365, 38.887020705210361 ], [ -7.343890969799704, 38.887534809196865 ], [ -7.343615055921142, 38.887711926941719 ], [ -7.343303179214803, 38.88789943711955 ], [ -7.342982007665627, 38.888104445951988 ], [ -7.342529784249093, 38.888392792642605 ], [ -7.342294740390457, 38.888531632595345 ], [ -7.342005377341596, 38.888705237852633 ], [ -7.341811090474688, 38.888816341573992 ], [ -7.341557656515324, 38.888586459542708 ], [ -7.341340334569805, 38.888342678779459 ], [ -7.340971598237251, 38.887981857104542 ], [ -7.340718093502907, 38.887748375067027 ], [ -7.340104499791627, 38.887196366751581 ], [ -7.339851078065212, 38.886966391000072 ], [ -7.339620518283866, 38.886690726048904 ], [ -7.339305931849913, 38.886302339430316 ], [ -7.339133253938837, 38.886086964870287 ], [ -7.33892501814364, 38.885825679851344 ], [ -7.338721236899367, 38.885578386763825 ], [ -7.338472553561544, 38.885327451285207 ], [ -7.338268307927065, 38.88511186059808 ], [ -7.338117409857402, 38.884959685181073 ], [ -7.337851258883834, 38.884662966480136 ], [ -7.337522731846656, 38.884316545320473 ], [ -7.337265029041543, 38.884068973242648 ], [ -7.336989349596227, 38.883821278931769 ], [ -7.336753334945383, 38.883654470209912 ], [ -7.336526082969049, 38.883498350829754 ], [ -7.336375191297023, 38.883335815181844 ], [ -7.33621105181402, 38.883152108098031 ], [ -7.335944642871422, 38.882879881623936 ], [ -7.335682769418539, 38.88260417609164 ], [ -7.335430360277863, 38.882275743813018 ], [ -7.335297727817178, 38.882088737633694 ], [ -7.335143091774073, 38.881859340004233 ], [ -7.334873883153543, 38.881436122961965 ], [ -7.334723275785412, 38.881248903161762 ], [ -7.334576770123032, 38.881096844137645 ], [ -7.334452776360939, 38.880941515954895 ], [ -7.334310881400169, 38.880789578205842 ], [ -7.334195488576229, 38.88065880605771 ], [ -7.334082382624916, 38.880647183237528 ], [ -7.333694575814237, 38.880706707670356 ], [ -7.333339213620313, 38.880790404634254 ], [ -7.333078674658574, 38.880844304015575 ], [ -7.332599993893906, 38.88089403498396 ], [ -7.332382295850716, 38.88091741458372 ], [ -7.332212276490442, 38.880945265263243 ], [ -7.332073349034799, 38.881004158903131 ], [ -7.331955772811045, 38.881078926393933 ], [ -7.331720127071437, 38.881251072480381 ], [ -7.331373972637875, 38.881494519572371 ], [ -7.331240491095394, 38.881569091552414 ], [ -7.331002351144303, 38.881583223160078 ], [ -7.330744170377609, 38.881576228528083 ], [ -7.330609300395657, 38.881599891970588 ], [ -7.330372974859142, 38.881647452601207 ], [ -7.330082809299094, 38.881668492122301 ], [ -7.329853518248159, 38.881714058918966 ], [ -7.329677982019891, 38.881746270929462 ], [ -7.329480133972156, 38.881774730530871 ], [ -7.329178857488565, 38.881807788737206 ], [ -7.328969716013812, 38.881836169719797 ], [ -7.328809956292332, 38.881870200536973 ], [ -7.328663675621502, 38.881893788535287 ], [ -7.328312823886746, 38.881949289855882 ], [ -7.327961795051621, 38.882010019695755 ], [ -7.327419622394317, 38.882097538453131 ], [ -7.326814857022878, 38.882165340527379 ], [ -7.326524871984564, 38.882198475243015 ], [ -7.326302369756737, 38.882216305661643 ], [ -7.326064188252995, 38.88223393991629 ], [ -7.325848322664661, 38.882255241882326 ], [ -7.32576276974565, 38.882279240642298 ], [ -7.325542078151464, 38.882330412579485 ], [ -7.325317043458692, 38.882377950956197 ], [ -7.32503109720006, 38.882441012897047 ], [ -7.32474513321777, 38.882505696306673 ], [ -7.324519999463813, 38.882551610161457 ], [ -7.324366878858905, 38.882589193873265 ], [ -7.324088160289606, 38.882624106620007 ], [ -7.323737292194181, 38.882670776365089 ], [ -7.323370761855369, 38.882715710547913 ], [ -7.323036745762476, 38.882739297406125 ], [ -7.322800951198448, 38.88276967939786 ], [ -7.32216725347964, 38.882771609062885 ], [ -7.321662041513076, 38.8828023711323 ], [ -7.321456344470029, 38.882813145225882 ], [ -7.321170901422609, 38.882832154237406 ], [ -7.320991179652018, 38.882846762562437 ], [ -7.320800109796126, 38.882866509851844 ], [ -7.320480687887606, 38.88291338404256 ], [ -7.320172725941518, 38.882946376946087 ], [ -7.319956812995649, 38.882981808021178 ], [ -7.319729605352065, 38.883017068142351 ], [ -7.319497789955395, 38.88306283567055 ], [ -7.319265791303793, 38.883113831352922 ], [ -7.319103552299496, 38.883161885446469 ], [ -7.318891773843822, 38.883228865948659 ], [ -7.318601083813474, 38.883312959829503 ], [ -7.318276654870057, 38.883395011501364 ], [ -7.317837472049721, 38.883514727765949 ], [ -7.317709115862526, 38.883541934764551 ], [ -7.317528823960818, 38.883586436752736 ], [ -7.317301313719784, 38.883648086291991 ], [ -7.317053560651455, 38.88371662085337 ], [ -7.316907167300806, 38.883759465350408 ], [ -7.316695449025539, 38.883810683232802 ], [ -7.316459083501765, 38.883870466761067 ], [ -7.31626975792803, 38.883928867409487 ], [ -7.316006112926117, 38.884006020665694 ], [ -7.315778357411618, 38.8840887454094 ], [ -7.31558678570344, 38.884141813757076 ], [ -7.315300825415101, 38.884248973378575 ], [ -7.315053350345106, 38.884337136176924 ], [ -7.31483066588128, 38.88441262984761 ], [ -7.314240872176985, 38.884620394098697 ], [ -7.314048307246523, 38.88466800056068 ] ] ] } },
{ "type": "Feature", "properties": { "dtmnfr": "120717", "freguesia": "Vila Boim", "municipio": "Elvas", "distrito_i": "Portalegre", "nuts3_cod": "1C3", "nuts3": "Alto Alentejo", "nuts2": "Alentejo", "nuts1": "Continente", "area_ha": 2549.65, "perimetro_": 24, "designacao": "Vila Boim" }, "geometry": { "type": "Polygon", "coordinates": [ [ [ -7.304128759344643, 38.837365517580835 ], [ -7.304373923467392, 38.837577225454538 ], [ -7.304555421139527, 38.837787757901197 ], [ -7.304710735765227, 38.837981352571369 ], [ -7.304919823203859, 38.838276129185054 ], [ -7.304975869950285, 38.838379304645784 ], [ -7.305070050697675, 38.838501392953695 ], [ -7.3053615880506, 38.838907096048871 ], [ -7.305782718501582, 38.839440810089556 ], [ -7.305987349066267, 38.839713209342825 ], [ -7.306144745205822, 38.839936725405387 ], [ -7.306379605284461, 38.840274646307158 ], [ -7.306471186002993, 38.840402570131126 ], [ -7.306591375351601, 38.840547276070218 ], [ -7.30685604891887, 38.840367904497825 ], [ -7.307161747432804, 38.840157030289433 ], [ -7.307383546004332, 38.839969976032151 ], [ -7.3075858813044, 38.839812592397969 ], [ -7.307756809735134, 38.839692375162755 ], [ -7.30792305256247, 38.839568339494086 ], [ -7.308072318301365, 38.839468505631906 ], [ -7.308346720120262, 38.839274249986197 ], [ -7.308510373452048, 38.839165240008874 ], [ -7.308659375056411, 38.839078370247272 ], [ -7.308851768010066, 38.838963889516968 ], [ -7.308979184667311, 38.838880743081411 ], [ -7.309072914693521, 38.838832849599207 ], [ -7.30929900088835, 38.83869247778172 ], [ -7.30969332884156, 38.83844492686945 ], [ -7.310109785223119, 38.838165733875378 ], [ -7.310136320527967, 38.838141598864595 ], [ -7.31030003391488, 38.838026910043872 ], [ -7.310425035942033, 38.837953025735352 ], [ -7.310674643558484, 38.837840832040726 ], [ -7.311001070801336, 38.837688100206101 ], [ -7.311190658928711, 38.837616652228384 ], [ -7.311327592732678, 38.83754654139608 ], [ -7.311469127828979, 38.837487812600379 ], [ -7.311610376058414, 38.837453313508675 ], [ -7.311974783344207, 38.837332555302353 ], [ -7.312068294101844, 38.837303392279082 ], [ -7.312171363138253, 38.837274211683123 ], [ -7.312386779993674, 38.837219695086539 ], [ -7.312777353095513, 38.837097225663761 ], [ -7.312923633613509, 38.837045912117205 ], [ -7.313139402229291, 38.836970769620883 ], [ -7.313331246504131, 38.836893655460585 ], [ -7.313540125757977, 38.836796126310546 ], [ -7.313806716811072, 38.836657919682999 ], [ -7.314061118530414, 38.836538278536359 ], [ -7.314287010505311, 38.836424018221791 ], [ -7.314481422212169, 38.836343226050097 ], [ -7.314644411171122, 38.836280858644926 ], [ -7.31482682005103, 38.83620178515465 ], [ -7.315013967341279, 38.836126573782131 ], [ -7.315085892233068, 38.836106675709168 ], [ -7.315178476388542, 38.836359541758888 ], [ -7.315229544092291, 38.836698047923456 ], [ -7.315228318665469, 38.836795146206711 ], [ -7.315286104002334, 38.836969305085205 ], [ -7.315314906005332, 38.837160114626045 ], [ -7.315356124386819, 38.83730236261912 ], [ -7.315465916232889, 38.83752174884782 ], [ -7.315566670217602, 38.837685044961709 ], [ -7.315620710443572, 38.837793874454299 ], [ -7.315664677839139, 38.837917496309252 ], [ -7.315700404658266, 38.838126998545981 ], [ -7.315715569751755, 38.838261588497005 ], [ -7.315784897723227, 38.838463850246512 ], [ -7.315814073354328, 38.838632228300796 ], [ -7.315803352710421, 38.838744208575434 ], [ -7.315816609356223, 38.838834019062482 ], [ -7.315844348313035, 38.838916363418988 ], [ -7.315902787762529, 38.83902333550774 ], [ -7.316006853466481, 38.839108106331928 ], [ -7.316268094478859, 38.839227658280848 ], [ -7.316510603735939, 38.839322762128404 ], [ -7.31679792531629, 38.839457363500529 ], [ -7.31696464571638, 38.83951293384181 ], [ -7.317045385080118, 38.839543400252019 ], [ -7.317116570388877, 38.839583167980273 ], [ -7.317303828571675, 38.839705902071053 ], [ -7.317396612922311, 38.839740146462987 ], [ -7.317697430782238, 38.839742243202544 ], [ -7.317840538124224, 38.83974702539907 ], [ -7.318033574401473, 38.839787551096947 ], [ -7.31829793656898, 38.83984541953906 ], [ -7.318595846767392, 38.83989054918505 ], [ -7.318938809395855, 38.839963918099656 ], [ -7.319160215544666, 38.84002157705288 ], [ -7.319271840468879, 38.84007090599993 ], [ -7.319335948303136, 38.84010495085289 ], [ -7.319364157382607, 38.840146315743496 ], [ -7.319387171866583, 38.84021934560414 ], [ -7.319379307032547, 38.840282798533927 ], [ -7.319282836953447, 38.840369951625519 ], [ -7.319030757182863, 38.840487733999595 ], [ -7.318838617407265, 38.840591063605466 ], [ -7.31871117955522, 38.840676294254862 ], [ -7.318588050673681, 38.840798661552732 ], [ -7.318536493622095, 38.84091603670246 ], [ -7.318514863841696, 38.841136393257045 ], [ -7.318505635130455, 38.841310090297057 ], [ -7.318546571653627, 38.841487915948974 ], [ -7.318571934434462, 38.841587091258049 ], [ -7.318625797365183, 38.841671510542767 ], [ -7.318715616525514, 38.841754371735199 ], [ -7.318781620524763, 38.841835181496982 ], [ -7.318809354443991, 38.841908158778587 ], [ -7.318873079760874, 38.841975889488893 ], [ -7.318781368382571, 38.842059295629305 ], [ -7.318713913614836, 38.842116746397672 ], [ -7.318552773849321, 38.842218403587076 ], [ -7.318499593077291, 38.842275953769501 ], [ -7.318446099736387, 38.842361512402377 ], [ -7.318423993614624, 38.842421262793394 ], [ -7.318419836948483, 38.842574362798203 ], [ -7.318493788379802, 38.842786021395831 ], [ -7.318575387260313, 38.842964131476499 ], [ -7.318694683880825, 38.843189167450085 ], [ -7.318811304351835, 38.843427243245365 ], [ -7.318852838185648, 38.843552830369013 ], [ -7.318834253200511, 38.843718982066399 ], [ -7.318815703140742, 38.843881354327259 ], [ -7.318841046999953, 38.843961879665841 ], [ -7.318953061059747, 38.844199922281959 ], [ -7.319094148099516, 38.844393404051836 ], [ -7.31919606686398, 38.844455724021159 ], [ -7.319226293092818, 38.84453258829376 ], [ -7.319220783806242, 38.844601639709779 ], [ -7.319265326438378, 38.844665456847196 ], [ -7.319508859029416, 38.844885860954641 ], [ -7.319642634956332, 38.845013165789219 ], [ -7.319795052807747, 38.845112051867495 ], [ -7.320077263097858, 38.845283988315089 ], [ -7.320231265052965, 38.845395401183779 ], [ -7.320397454842816, 38.845478707853133 ], [ -7.320630409635905, 38.84557562920542 ], [ -7.32068754707541, 38.84558539294683 ], [ -7.321046483010387, 38.845726154154036 ], [ -7.321120511563619, 38.845749187401019 ], [ -7.321292893911592, 38.845916665061495 ], [ -7.321466737398783, 38.846168200760005 ], [ -7.321695073720153, 38.8464593806466 ], [ -7.321796681845623, 38.846549710430509 ], [ -7.321608822610249, 38.84669055470971 ], [ -7.321312402392355, 38.846918286446112 ], [ -7.321081095386487, 38.847101612200113 ], [ -7.320965454046814, 38.847192419245587 ], [ -7.320756067271418, 38.847342383258443 ], [ -7.320587412170912, 38.847475787472668 ], [ -7.320473979559145, 38.847585167241725 ], [ -7.32034599948141, 38.847707594344278 ], [ -7.320288102050829, 38.847753942793496 ], [ -7.320189394545031, 38.847824239049622 ], [ -7.319965777926421, 38.847959063166691 ], [ -7.31973273641509, 38.848092199813713 ], [ -7.319504055057813, 38.84823626398795 ], [ -7.319314137189416, 38.848345196274188 ], [ -7.31904258117207, 38.84850211847867 ], [ -7.318811857693413, 38.848633195825187 ], [ -7.318643916283684, 38.848693728226735 ], [ -7.318461546659986, 38.848776502676316 ], [ -7.318387165221206, 38.84880400079124 ], [ -7.318280949240917, 38.84890604053389 ], [ -7.318099160253023, 38.849140144827615 ], [ -7.317958171566041, 38.849352199667834 ], [ -7.317802439677722, 38.849614411273173 ], [ -7.317639426458364, 38.849878640006217 ], [ -7.317537218014185, 38.850053580930727 ], [ -7.317435020535088, 38.850226811256384 ], [ -7.317313112061238, 38.850452054397884 ], [ -7.317253855438674, 38.850617923346462 ], [ -7.317163783426752, 38.850768625863459 ], [ -7.317048624889773, 38.851018147702511 ], [ -7.316908167072397, 38.851192822579009 ], [ -7.316600581113919, 38.851568010650773 ], [ -7.316537620479341, 38.851644226739253 ], [ -7.316474540036544, 38.851740982406888 ], [ -7.316290025854786, 38.852001189044842 ], [ -7.316137094440274, 38.852218740143691 ], [ -7.316003733728282, 38.852397152209868 ], [ -7.315906712564053, 38.852540416892992 ], [ -7.315820006788791, 38.852597731144208 ], [ -7.315637438057696, 38.852697341537393 ], [ -7.315524422072815, 38.852758167307599 ], [ -7.315187948530095, 38.852948310490667 ], [ -7.314957290261741, 38.853071815762561 ], [ -7.314906803934803, 38.853104971045759 ], [ -7.314817834024445, 38.85315857909292 ], [ -7.31471895827173, 38.853241926213194 ], [ -7.314552512890124, 38.853392094142514 ], [ -7.314378863577864, 38.853536622901551 ], [ -7.314311597959041, 38.853566061690536 ], [ -7.314165351780192, 38.853611698442464 ], [ -7.313940031212064, 38.853681188814889 ], [ -7.313726417791535, 38.853804901247464 ], [ -7.313541201236618, 38.853913771360922 ], [ -7.31331278447121, 38.854052333864701 ], [ -7.313134885540278, 38.854155662657661 ], [ -7.313073694229566, 38.854197660582358 ], [ -7.313112445542372, 38.854254503313236 ], [ -7.313204484810127, 38.854344865153145 ], [ -7.313268289977849, 38.854406927164248 ], [ -7.313303725141016, 38.854440774013071 ], [ -7.31333361982561, 38.85453628164813 ], [ -7.313358796289569, 38.854631762463818 ], [ -7.313410400016407, 38.854712473135095 ], [ -7.313533273050004, 38.854827281134376 ], [ -7.313613690162423, 38.854896934178718 ], [ -7.313648532132275, 38.854983109251975 ], [ -7.313719109655411, 38.855077106066894 ], [ -7.313831926599391, 38.855234900379529 ], [ -7.313909180963303, 38.855369930205718 ], [ -7.313704988202177, 38.855474968839893 ], [ -7.313378527034973, 38.855624013157346 ], [ -7.313176707637484, 38.855723485395579 ], [ -7.313016078954873, 38.855797217646305 ], [ -7.312780679630224, 38.855911408109847 ], [ -7.312588460847999, 38.856007159883113 ], [ -7.312498065512552, 38.856053815610061 ], [ -7.31264181624672, 38.856115900069568 ], [ -7.312817633868518, 38.856204866290646 ], [ -7.312945790203321, 38.856271159176785 ], [ -7.313062076162597, 38.856337459555114 ], [ -7.313114022974951, 38.856388269631466 ], [ -7.313220044202317, 38.856516112775246 ], [ -7.313131120893025, 38.856575210952847 ], [ -7.313029969250771, 38.856645484720339 ], [ -7.312933384348535, 38.85674010695935 ], [ -7.312855972269124, 38.856819913566518 ], [ -7.312802580579681, 38.856884933223931 ], [ -7.312797085600977, 38.856952097137537 ], [ -7.312779245233888, 38.857051056458381 ], [ -7.312804481264388, 38.857140858369945 ], [ -7.312834567603821, 38.857219617479736 ], [ -7.312850672020681, 38.857272067559997 ], [ -7.312759199040648, 38.857342403650406 ], [ -7.312474750681475, 38.857564615141875 ], [ -7.312378200327799, 38.857655456579415 ], [ -7.312236268230015, 38.857745979877507 ], [ -7.312096620833957, 38.857847777877502 ], [ -7.312004837459339, 38.857934957520506 ], [ -7.31193947226023, 38.85800926697398 ], [ -7.311907598724172, 38.858076239051215 ], [ -7.311906483262686, 38.858173423278785 ], [ -7.311851213993013, 38.858210509684859 ], [ -7.311723288007653, 38.85832527076257 ], [ -7.311635463411634, 38.858489133189423 ], [ -7.311541469401653, 38.858768706520664 ], [ -7.311516101406704, 38.858901209843545 ], [ -7.311478642429746, 38.859042911506499 ], [ -7.31144849895509, 38.8591697999966 ], [ -7.311452932337073, 38.859205321805923 ], [ -7.311507474379451, 38.859402410300582 ], [ -7.311525379456162, 38.859577780932923 ], [ -7.311544135991562, 38.859679165354358 ], [ -7.311560773548314, 38.859796445253892 ], [ -7.311670983064539, 38.859909822827852 ], [ -7.311739364929791, 38.860027133545195 ], [ -7.311807433447153, 38.860171702297457 ], [ -7.311840907881968, 38.860292661791675 ], [ -7.311908484152308, 38.860480064599734 ], [ -7.311937299511444, 38.860707160271836 ], [ -7.31202922310179, 38.861019830288633 ], [ -7.31207026268365, 38.861188297454277 ], [ -7.312127064578138, 38.861439110025266 ], [ -7.312196701275542, 38.861826300303754 ], [ -7.312227730628416, 38.862033967294074 ], [ -7.31226551636476, 38.862275188849033 ], [ -7.312320115659817, 38.862367811547628 ], [ -7.312034407580785, 38.862636127777208 ], [ -7.311826674472612, 38.862836532962355 ], [ -7.311676306343522, 38.863039141014802 ], [ -7.311543058270418, 38.863204400599734 ], [ -7.311419759148117, 38.86332684946052 ], [ -7.311335330086121, 38.863404713035393 ], [ -7.311173763138664, 38.863538243934876 ], [ -7.310966614962352, 38.863688119901084 ], [ -7.310757125566814, 38.863821221863688 ], [ -7.310507495505867, 38.864056877632798 ], [ -7.310307010574736, 38.864164506350576 ], [ -7.310124485080479, 38.864210955035922 ], [ -7.309937225495849, 38.864267047197615 ], [ -7.309800387504866, 38.864350724906622 ], [ -7.309670260229269, 38.864445112301425 ], [ -7.309515507337409, 38.864606613870343 ], [ -7.30937042745146, 38.864758719900856 ], [ -7.309258766568488, 38.864920525955881 ], [ -7.309180725986439, 38.865063827548404 ], [ -7.309065668929363, 38.865309651856315 ], [ -7.308943892840484, 38.865508763016706 ], [ -7.308829874774794, 38.865664878009753 ], [ -7.308721198083538, 38.865766891250736 ], [ -7.308605489828807, 38.865859482170592 ], [ -7.308559299536185, 38.865928336551455 ], [ -7.308551169699849, 38.866014214979387 ], [ -7.308547765882381, 38.866109489439033 ], [ -7.308532567790146, 38.866178471645412 ], [ -7.308447896027874, 38.866276873551094 ], [ -7.308361081122857, 38.866341655912088 ], [ -7.308224312179179, 38.866402397598939 ], [ -7.308053664250438, 38.866492712759239 ], [ -7.307945545287524, 38.866546175575685 ], [ -7.307999657076044, 38.866610058996827 ], [ -7.308157872976683, 38.866768093680989 ], [ -7.308399019770879, 38.866988411564392 ], [ -7.308672934514115, 38.867264987631259 ], [ -7.308857125933719, 38.867449407400557 ], [ -7.308989206220091, 38.867596087764348 ], [ -7.309229755490391, 38.867868732071962 ], [ -7.309408805980524, 38.868079244396526 ], [ -7.309493880638548, 38.868165773917823 ], [ -7.309519653405235, 38.868208921777978 ], [ -7.309584628623694, 38.868370076564212 ], [ -7.309581432820571, 38.868437341968729 ], [ -7.309567840538304, 38.868586684794302 ], [ -7.309505110647244, 38.868851611800089 ], [ -7.309495119179468, 38.868978459710988 ], [ -7.309483392627541, 38.869196548446006 ], [ -7.309479885286443, 38.869501073203075 ], [ -7.309460713968826, 38.869725047321403 ], [ -7.309472763183963, 38.869919429562287 ], [ -7.309482139039946, 38.870145678588166 ], [ -7.309486219764449, 38.870201740100569 ], [ -7.309534534266346, 38.870368450445511 ], [ -7.309617473242156, 38.870630527705025 ], [ -7.309645777481233, 38.870864300127934 ], [ -7.309657727469387, 38.871077324059954 ], [ -7.309666670662664, 38.871131612889563 ], [ -7.309697820347409, 38.871328021372854 ], [ -7.309725780104017, 38.871591694355445 ], [ -7.309754559862515, 38.871784210064554 ], [ -7.30980172239412, 38.872051713377921 ], [ -7.309839824448541, 38.872265011701707 ], [ -7.309846212493628, 38.872330456609134 ], [ -7.309902027995141, 38.872467226524606 ], [ -7.309910104593129, 38.872596269939947 ], [ -7.310041931764919, 38.872756003079559 ], [ -7.310133405622719, 38.872907977961844 ], [ -7.310321152126818, 38.873204480379378 ], [ -7.310490172152717, 38.873467257973488 ], [ -7.310490459788999, 38.873642725547391 ], [ -7.310504719636237, 38.87386513813847 ], [ -7.310557870580222, 38.874013148630389 ], [ -7.310699929880686, 38.874335543831499 ], [ -7.310781216354981, 38.87454158029508 ], [ -7.310857215081275, 38.874787032497579 ], [ -7.310893636520419, 38.874936459941544 ], [ -7.310970266792401, 38.875136967846906 ], [ -7.311032675383786, 38.875311165739994 ], [ -7.311101035741943, 38.875399469788114 ], [ -7.311186427635985, 38.875659761473187 ], [ -7.311265037877745, 38.87588829809345 ], [ -7.311366925058255, 38.876167354454878 ], [ -7.311447850480051, 38.876405185206316 ], [ -7.311561432963008, 38.876699276526551 ], [ -7.311593763493283, 38.876804173971578 ], [ -7.311640308407627, 38.87690547732403 ], [ -7.311695905100683, 38.877051339883877 ], [ -7.311792042277739, 38.87720901837055 ], [ -7.311866945856839, 38.877349614690253 ], [ -7.31203237993015, 38.877715137658925 ], [ -7.312097779104608, 38.877850175873071 ], [ -7.312140776279377, 38.878059723539657 ], [ -7.312211749570915, 38.878321804641203 ], [ -7.312236884096446, 38.878420979123618 ], [ -7.312316108418599, 38.878597181586287 ], [ -7.312433457498025, 38.878784826941228 ], [ -7.312484883443566, 38.878882379183111 ], [ -7.312574109039107, 38.879030554796863 ], [ -7.312843090648212, 38.879531377053581 ], [ -7.312983180592914, 38.879816281421988 ], [ -7.313040587175647, 38.879910184940137 ], [ -7.313175711025469, 38.880110920092314 ], [ -7.313287773744998, 38.880337802988571 ], [ -7.31347610300097, 38.880550715334394 ], [ -7.313508486846135, 38.880677496597208 ], [ -7.313568648639732, 38.880847983170703 ], [ -7.313598663525721, 38.880943496605603 ], [ -7.313604421279196, 38.881064868560024 ], [ -7.313643269369916, 38.881273410268861 ], [ -7.313522090645604, 38.881318217672373 ], [ -7.313382283870106, 38.881344496504589 ], [ -7.313257601746271, 38.881355304111842 ], [ -7.313168061532647, 38.881342992477457 ], [ -7.313043916527945, 38.881307071882709 ], [ -7.312889790653807, 38.88127872919366 ], [ -7.312760440111597, 38.881262243293847 ], [ -7.312786577653892, 38.881533574435103 ], [ -7.312804506669528, 38.881638462181229 ], [ -7.312929173377321, 38.882022341491592 ], [ -7.313033175719122, 38.882329420584384 ], [ -7.313178219407277, 38.882605083231397 ], [ -7.313260027783608, 38.882756986716174 ], [ -7.313383998135956, 38.882991427659363 ], [ -7.313475238145457, 38.883175013449367 ], [ -7.313555805264547, 38.883435268362483 ], [ -7.313624512661858, 38.883695439979917 ], [ -7.313759540949655, 38.884010398075709 ], [ -7.313887423250311, 38.884315574813193 ], [ -7.314001359510548, 38.884591018125953 ], [ -7.314048307246523, 38.88466800056068 ], [ -7.313584389617674, 38.884815818729905 ], [ -7.313316657814407, 38.884913199189846 ], [ -7.313009868953793, 38.88499329092118 ], [ -7.312799033695713, 38.885047839864356 ], [ -7.312684000481319, 38.885078738902209 ], [ -7.312432605923832, 38.885112466370366 ], [ -7.311470509008438, 38.88524218026641 ], [ -7.311039787096605, 38.885295091201009 ], [ -7.310738130343148, 38.885339631632966 ], [ -7.310486884953907, 38.885369660982057 ], [ -7.310417472395968, 38.88538223496424 ], [ -7.310207354937865, 38.88536400540535 ], [ -7.309968589945336, 38.885351066438545 ], [ -7.309717905679018, 38.885332455439553 ], [ -7.309352052471635, 38.885286889243339 ], [ -7.309036037040651, 38.885262185140498 ], [ -7.308642018191676, 38.885233719090664 ], [ -7.30830546629542, 38.885208868907888 ], [ -7.308029733100753, 38.885212110256035 ], [ -7.307938965321448, 38.885207776586988 ], [ -7.307759285852385, 38.885195377643299 ], [ -7.307145973873625, 38.885303411477501 ], [ -7.306979268966304, 38.88533908998668 ], [ -7.306704509167417, 38.885339041863574 ], [ -7.306216796184057, 38.885346765915877 ], [ -7.305740625625096, 38.885344831460337 ], [ -7.305298833546115, 38.885386842488522 ], [ -7.305112233829964, 38.885407861328389 ], [ -7.304861159617588, 38.885422930547961 ], [ -7.304691218869668, 38.885447936597387 ], [ -7.304239226083951, 38.88547644522118 ], [ -7.303918785337524, 38.885500383527621 ], [ -7.30373477191251, 38.885506468402873 ], [ -7.303579258290505, 38.88552031564371 ], [ -7.303366678734917, 38.885515118393194 ], [ -7.303039277765014, 38.885512795940912 ], [ -7.302337990459997, 38.885487706907412 ], [ -7.302071832262169, 38.885496378113565 ], [ -7.301526830930342, 38.88551493448729 ], [ -7.301328375091602, 38.885524693255803 ], [ -7.300928946901772, 38.885551756533843 ], [ -7.300496097414067, 38.88559971586492 ], [ -7.300350284266034, 38.885590604222955 ], [ -7.300318949360916, 38.885609120417513 ], [ -7.3001513997492, 38.885617204180704 ], [ -7.300110750033753, 38.885624389710415 ], [ -7.300000392532021, 38.885659184702313 ], [ -7.299780063476996, 38.885706168635579 ], [ -7.299523693947187, 38.885760368577913 ], [ -7.299379742335707, 38.885809788599779 ], [ -7.29912086925814, 38.885880812422279 ], [ -7.298957834914331, 38.885926400655165 ], [ -7.298823079104242, 38.886007591067461 ], [ -7.298722109817712, 38.886077761300491 ], [ -7.298614306106574, 38.886101223490286 ], [ -7.298437089450561, 38.886137342501172 ], [ -7.298144917040758, 38.886187590302818 ], [ -7.297814553678476, 38.886241259144811 ], [ -7.297706776306811, 38.886262918236767 ], [ -7.297558582064238, 38.886271137647462 ], [ -7.297326339626443, 38.886301189040566 ], [ -7.297161237099001, 38.886316850705306 ], [ -7.297063211511093, 38.886321737275679 ], [ -7.296972188312727, 38.886339821579099 ], [ -7.296780476259803, 38.886383308877647 ], [ -7.296504992557743, 38.886444846174953 ], [ -7.296109927062721, 38.886566849372237 ], [ -7.295824303155225, 38.886623103203512 ], [ -7.295603344038359, 38.886678797784263 ], [ -7.295369241979296, 38.88670577561544 ], [ -7.295113188466201, 38.886752404319679 ], [ -7.295005291409069, 38.886783428080982 ], [ -7.294880328702064, 38.886834864136276 ], [ -7.294632753073139, 38.886963885015142 ], [ -7.294485891123662, 38.887044981645616 ], [ -7.294045301798096, 38.887318179623414 ], [ -7.293723095856784, 38.887278517833778 ], [ -7.293345917767179, 38.887214804642355 ], [ -7.293091810437067, 38.887122537546752 ], [ -7.292922542807254, 38.887089519750411 ], [ -7.292751169839393, 38.887030369573701 ], [ -7.292493956598094, 38.886959432527441 ], [ -7.29212975122875, 38.886842691182459 ], [ -7.292017743737632, 38.886821254038928 ], [ -7.291946173489707, 38.886811463230551 ], [ -7.291802770676176, 38.886814125958125 ], [ -7.291554221012021, 38.886819813984367 ], [ -7.291370153108732, 38.886820381547821 ], [ -7.291160891925597, 38.886925347689456 ], [ -7.290915922651354, 38.887037531412176 ], [ -7.290824636431842, 38.887132433146213 ], [ -7.290720886484422, 38.8872215808357 ], [ -7.290566087002919, 38.887315239565055 ], [ -7.290498626567081, 38.887367090318058 ], [ -7.290441036449919, 38.88738351825026 ], [ -7.290316676835981, 38.887393791180841 ], [ -7.290101319582228, 38.887418453532753 ], [ -7.289910004527711, 38.887437611540975 ], [ -7.28977108374851, 38.887460840829547 ], [ -7.28967982992372, 38.887497566443294 ], [ -7.289499413139303, 38.887599042959764 ], [ -7.28932855760704, 38.887700589187439 ], [ -7.289169760980299, 38.887796452877147 ], [ -7.28901586483892, 38.887877584522364 ], [ -7.28888808252514, 38.88797196505918 ], [ -7.288789310618149, 38.888040340973262 ], [ -7.288690267566055, 38.888121867908801 ], [ -7.288602921412993, 38.888237077237875 ], [ -7.288554060804658, 38.88832454727023 ], [ -7.288380206640934, 38.888280326454804 ], [ -7.288194265203659, 38.88823412629705 ], [ -7.287911331744752, 38.88811624210696 ], [ -7.287531144946811, 38.887937842657408 ], [ -7.287400668605739, 38.887860245650465 ], [ -7.28716321141106, 38.887737102433285 ], [ -7.287023077836612, 38.887657541617074 ], [ -7.286930673939695, 38.88759706528446 ], [ -7.286759871768454, 38.887489357076589 ], [ -7.286517862938406, 38.887341772248163 ], [ -7.286359030554029, 38.887236043660828 ], [ -7.286195311129989, 38.887133973475748 ], [ -7.286048173188646, 38.887043191117776 ], [ -7.285898771181111, 38.886948698983367 ], [ -7.285768326682486, 38.886869207863022 ], [ -7.285638125459039, 38.886769266341531 ], [ -7.285555242899724, 38.886712639464179 ], [ -7.285398989675382, 38.886593780627877 ], [ -7.285278174482984, 38.886508861457628 ], [ -7.285207205106322, 38.886448533989061 ], [ -7.285110081595027, 38.886367481646026 ], [ -7.284989254848854, 38.886284273558793 ], [ -7.284685818206063, 38.886069042972039 ], [ -7.284558011680039, 38.885971015570135 ], [ -7.28445120702194, 38.885910429019233 ], [ -7.284206756698076, 38.885764799750739 ], [ -7.283867585983177, 38.885519428641722 ], [ -7.283576133732454, 38.885346108768587 ], [ -7.283419620050388, 38.885245674276106 ], [ -7.283280423863197, 38.885162485680631 ], [ -7.283146361313507, 38.885123681986627 ], [ -7.283058523848338, 38.885066925390227 ], [ -7.282940202824648, 38.884976348896174 ], [ -7.282821544625766, 38.884904414902842 ], [ -7.282705261641694, 38.884836373207889 ], [ -7.28256994759621, 38.884769995220054 ], [ -7.282453568374193, 38.884701074321143 ], [ -7.282194045059302, 38.884630880569148 ], [ -7.281894981863962, 38.884466119625586 ], [ -7.281600662850146, 38.884299495487483 ], [ -7.281406515106368, 38.884150536710123 ], [ -7.281171802264504, 38.883991824450256 ], [ -7.280961044059874, 38.883835088080254 ], [ -7.280728464997044, 38.883700706838177 ], [ -7.280599928636845, 38.883654912744156 ], [ -7.280464324855719, 38.883603483918442 ], [ -7.280340498870989, 38.883568978178779 ], [ -7.280223575440672, 38.883554978354233 ], [ -7.279947900012997, 38.883507118787669 ], [ -7.279508404133714, 38.883454730071747 ], [ -7.2791357270987, 38.883368892715033 ], [ -7.279006854011428, 38.883338652540175 ], [ -7.278870085169136, 38.883236838578462 ], [ -7.278561541866587, 38.883029141931274 ], [ -7.278296558705281, 38.882842306364893 ], [ -7.277887806823883, 38.882589362668718 ], [ -7.277739944282207, 38.882499255434375 ], [ -7.277626959648232, 38.882423099779999 ], [ -7.277496742407344, 38.88232285000781 ], [ -7.277392560664923, 38.882243334793898 ], [ -7.277310075250894, 38.88218109857236 ], [ -7.277210438281002, 38.882087921166949 ], [ -7.277132456504674, 38.882015445426667 ], [ -7.277063399308443, 38.881929339723669 ], [ -7.27701169925822, 38.881857056571853 ], [ -7.276942519096738, 38.881781221397929 ], [ -7.276864455732573, 38.881715593448703 ], [ -7.276808334903332, 38.88164670252435 ], [ -7.27673031291728, 38.881577650053245 ], [ -7.276639314275093, 38.88149480701307 ], [ -7.276574598233749, 38.881412156693152 ], [ -7.276518764539101, 38.881319299090769 ], [ -7.276479959965689, 38.881267655105667 ], [ -7.276437185434018, 38.881181740933719 ], [ -7.276363585411012, 38.88110929772278 ], [ -7.276243242601842, 38.88091667095361 ], [ -7.2761917908473, 38.880823845345084 ], [ -7.276144636937668, 38.880737899824787 ], [ -7.276141449622766, 38.880638580718319 ], [ -7.276125368040866, 38.880518623069065 ], [ -7.276117636293439, 38.880432966847579 ], [ -7.276110274711175, 38.880316497023898 ], [ -7.276080724404948, 38.880223832094948 ], [ -7.276068529394963, 38.88014499077898 ], [ -7.275932341614315, 38.880251570375286 ], [ -7.275850226851978, 38.880323837337329 ], [ -7.275761104013865, 38.880384889516748 ], [ -7.275648038978045, 38.880443783219953 ], [ -7.275509080119228, 38.880480142990713 ], [ -7.275374918694983, 38.880520236404998 ], [ -7.275245434717639, 38.880554777438846 ], [ -7.275156716249511, 38.88058213784101 ], [ -7.274966989352909, 38.880677891972745 ], [ -7.274698404690502, 38.880754428241623 ], [ -7.274561664155229, 38.880807559347303 ], [ -7.27434306827333, 38.88083423257163 ], [ -7.274145342960008, 38.880884137590989 ], [ -7.273916913955867, 38.88093724109676 ], [ -7.273585361160651, 38.881054407378194 ], [ -7.273491808603175, 38.881091103456974 ], [ -7.273436594101455, 38.88112060170409 ], [ -7.27324461333728, 38.881186477632781 ], [ -7.272982841029224, 38.881296607544662 ], [ -7.272707027769113, 38.881386006631992 ], [ -7.272447916812761, 38.881475533574836 ], [ -7.272249158478525, 38.881520730226043 ], [ -7.272067034490907, 38.881571723159091 ], [ -7.271894362854733, 38.881622784620177 ], [ -7.271651826237652, 38.881733058797181 ], [ -7.271469383706656, 38.881800803697097 ], [ -7.271380551174157, 38.881846900025074 ], [ -7.271176403985498, 38.881927631950724 ], [ -7.271049048121062, 38.881995782796075 ], [ -7.270902121834988, 38.882089913177161 ], [ -7.270846618477046, 38.882143728888593 ], [ -7.270729441163431, 38.882255948227353 ], [ -7.270583816027402, 38.882343895905343 ], [ -7.270468244534467, 38.88241360591423 ], [ -7.270331532166542, 38.882557743489592 ], [ -7.270212105892504, 38.88265273283502 ], [ -7.269894570648368, 38.882828433284473 ], [ -7.269643360488926, 38.882953263142831 ], [ -7.26947603930668, 38.88302392981921 ], [ -7.269268962837679, 38.883121693713534 ], [ -7.269158584706678, 38.883192780273475 ], [ -7.26907031428934, 38.883246911157308 ], [ -7.269008243831404, 38.883308083523303 ], [ -7.26891497088639, 38.883413536548645 ], [ -7.268822153950662, 38.88348132982064 ], [ -7.268690121899842, 38.883531712659995 ], [ -7.268588710304797, 38.883585744989574 ], [ -7.268478538262692, 38.883639713262731 ], [ -7.268381547990717, 38.883690355217674 ], [ -7.268306293453806, 38.883754853397903 ], [ -7.268257320847654, 38.883819546190693 ], [ -7.268217192635475, 38.883877456809088 ], [ -7.268168053805431, 38.883955844557875 ], [ -7.268140941385271, 38.884024123955101 ], [ -7.268083125071524, 38.884095598822334 ], [ -7.267982170597554, 38.88413787263174 ], [ -7.267969779666801, 38.884171469669823 ], [ -7.267930679544119, 38.884240360095461 ], [ -7.267898730258021, 38.884318580534838 ], [ -7.267876552075243, 38.8843988550638 ], [ -7.267831787806858, 38.884346186751763 ], [ -7.26773772234429, 38.884214520239468 ], [ -7.267573005064442, 38.883998288915947 ], [ -7.267368307318826, 38.883723841350182 ], [ -7.267123409458807, 38.883409728884494 ], [ -7.266880865950794, 38.883101401902003 ], [ -7.266683278050799, 38.882840067042089 ], [ -7.266537871547023, 38.882599570217664 ], [ -7.266382837604383, 38.882374035620934 ], [ -7.26611142854552, 38.881940637727631 ], [ -7.265994216485923, 38.881660714695755 ], [ -7.265876867828137, 38.88139210241085 ], [ -7.265793334722646, 38.881119971441869 ], [ -7.265690505501947, 38.8808476961647 ], [ -7.265620124262711, 38.880558102206209 ], [ -7.26557240910297, 38.880401292696853 ], [ -7.265395811923892, 38.879958786195417 ], [ -7.265352685467969, 38.879771554689441 ], [ -7.26522650741085, 38.879285947711992 ], [ -7.26511735864417, 38.878953040785063 ], [ -7.265017803972825, 38.878685528140579 ], [ -7.264974467483781, 38.878594683798134 ], [ -7.264914333082181, 38.87843165189603 ], [ -7.264889130753363, 38.878343460902038 ], [ -7.264857935990913, 38.878150734900387 ], [ -7.264838301116028, 38.877993405100661 ], [ -7.264790100487842, 38.877824869862366 ], [ -7.264729446498327, 38.877704708930686 ], [ -7.26465593746518, 38.877457444407383 ], [ -7.264591284377837, 38.877277527965823 ], [ -7.264526746574707, 38.877069424480915 ], [ -7.264419634539491, 38.876836768075023 ], [ -7.264309995157278, 38.876613556273341 ], [ -7.26418794090707, 38.876416280697065 ], [ -7.264021646013642, 38.876142020925997 ], [ -7.26385031126106, 38.875884661515649 ], [ -7.263744833155624, 38.87570813563584 ], [ -7.263634691313503, 38.875525901869011 ], [ -7.263608875838701, 38.875488331204899 ], [ -7.26344204333976, 38.875249648888214 ], [ -7.263303783468548, 38.87502991251786 ], [ -7.263189308687843, 38.87480665910099 ], [ -7.263019757399698, 38.874582999711826 ], [ -7.26273994684083, 38.874206918328767 ], [ -7.26251381564775, 38.873935997206296 ], [ -7.262442856098504, 38.87387745841837 ], [ -7.262322687140309, 38.873734510577926 ], [ -7.262073302228123, 38.873414862652453 ], [ -7.26189888073448, 38.873213322487047 ], [ -7.261717832138043, 38.872969040491462 ], [ -7.261630079938504, 38.872908483375582 ], [ -7.261502690945691, 38.872771158369346 ], [ -7.261302343916157, 38.872541499846839 ], [ -7.26090594095742, 38.87210851727184 ], [ -7.260547565320698, 38.871703919790029 ], [ -7.260284605138317, 38.871366206955258 ], [ -7.260080473217156, 38.871096940772169 ], [ -7.259808307410181, 38.870868646059897 ], [ -7.259665174800715, 38.870739361396275 ], [ -7.259536927979338, 38.870576249493965 ], [ -7.259360632824118, 38.870397693617157 ], [ -7.259177792883439, 38.870281218400265 ], [ -7.258868798313586, 38.869999559726175 ], [ -7.258435332505519, 38.869678528434449 ], [ -7.258144278919537, 38.869423959643164 ], [ -7.258074102562004, 38.869302007840965 ], [ -7.257868795814022, 38.868989978268054 ], [ -7.257723814080348, 38.868738389314466 ], [ -7.257428642761743, 38.868246430559573 ], [ -7.257301365210889, 38.86799899937013 ], [ -7.257144898616928, 38.86761250933035 ], [ -7.257042687384739, 38.867368713116136 ], [ -7.256940949338495, 38.867102569469914 ], [ -7.256933709740178, 38.866906424030233 ], [ -7.256980959815167, 38.866593785034034 ], [ -7.257000612460107, 38.866171581480671 ], [ -7.256997592595943, 38.866065412593933 ], [ -7.25711003851478, 38.86585880620067 ], [ -7.257203956545549, 38.86571681552762 ], [ -7.257307276660025, 38.865551667038929 ], [ -7.257342424797866, 38.865438800680479 ], [ -7.257392597892915, 38.865280794817792 ], [ -7.25741360194448, 38.86514142520182 ], [ -7.257408211462736, 38.864794453649552 ], [ -7.257373374916122, 38.864488740997459 ], [ -7.257305277665925, 38.863972159991242 ], [ -7.257286624739162, 38.8637552047743 ], [ -7.257229485454981, 38.863243233132593 ], [ -7.257208036125162, 38.862947165359259 ], [ -7.257219701043823, 38.862784752341128 ], [ -7.257226257611803, 38.862635277554034 ], [ -7.257269668710874, 38.862411306816483 ], [ -7.257258989154179, 38.862017879453965 ], [ -7.257285667025425, 38.861687927831042 ], [ -7.257323876604522, 38.86149382822984 ], [ -7.257515303514129, 38.861084057495461 ], [ -7.25758669361655, 38.86090885347096 ], [ -7.257631400291734, 38.860767133823316 ], [ -7.257661641038831, 38.860640260371724 ], [ -7.25773937361075, 38.860341789586279 ], [ -7.257818444647892, 38.860131147952714 ], [ -7.257882962217495, 38.859933462923657 ], [ -7.258031982491937, 38.859684163428987 ], [ -7.258136567242315, 38.859526049511928 ], [ -7.258152545275583, 38.859397176518073 ], [ -7.258187393918321, 38.859279704569701 ], [ -7.258165556664617, 38.859114972182553 ], [ -7.258144021827863, 38.858916639560825 ], [ -7.258105145148367, 38.858581804240941 ], [ -7.258075646792008, 38.858261990213833 ], [ -7.258051897459743, 38.85804688925122 ], [ -7.25801526089422, 38.857726929819506 ], [ -7.25798667567803, 38.857322987507018 ], [ -7.257970708274888, 38.8570648886733 ], [ -7.258052718529945, 38.856680320145436 ], [ -7.258094625847166, 38.85640912256909 ], [ -7.25806906394758, 38.856133647939124 ], [ -7.257977607164541, 38.855725693503096 ], [ -7.25790804168973, 38.85554868968601 ], [ -7.257801130292953, 38.855106692474607 ], [ -7.257772865542655, 38.854884081975605 ], [ -7.257744118119765, 38.854691367273219 ], [ -7.257702894696869, 38.854350838226075 ], [ -7.257683074128918, 38.854031009049955 ], [ -7.257706417857127, 38.853849472434014 ], [ -7.257727277682297, 38.853721415134522 ], [ -7.257737577723408, 38.853483927264584 ], [ -7.257755424802723, 38.853390559648801 ], [ -7.257734916001709, 38.853306271720093 ], [ -7.257697129624733, 38.853070710488247 ], [ -7.257640070784628, 38.852857155742861 ], [ -7.257646006849142, 38.852758117646395 ], [ -7.257652482298113, 38.85234820796849 ], [ -7.25753843242188, 38.851423457293215 ], [ -7.257496175483407, 38.850936680221963 ], [ -7.257435605813876, 38.850625762066578 ], [ -7.257409784250245, 38.850391910845758 ], [ -7.257374428264062, 38.850156186571255 ], [ -7.257391497476383, 38.850034625147885 ], [ -7.257359315424131, 38.849906169222088 ], [ -7.257336315267514, 38.84981549221316 ], [ -7.257272686752989, 38.849499387738312 ], [ -7.257283170017597, 38.849226532151413 ], [ -7.257308681336162, 38.849099628468487 ], [ -7.257391915921533, 38.84856488896866 ], [ -7.257486710206718, 38.84816868980927 ], [ -7.257500328026675, 38.848021631205981 ], [ -7.257510049811516, 38.847947604441622 ], [ -7.25754080698529, 38.847775511131914 ], [ -7.25754588962258, 38.847720405518089 ], [ -7.257594591407019, 38.847522598030025 ], [ -7.257630754388796, 38.847448769445769 ], [ -7.257690780378518, 38.847330431296527 ], [ -7.257875959237108, 38.847112250357604 ], [ -7.257985689954785, 38.846995445596882 ], [ -7.258122142603926, 38.846825517658971 ], [ -7.258271549030297, 38.846580405995653 ], [ -7.25832071493067, 38.846496083243956 ], [ -7.258413963701332, 38.846373863456868 ], [ -7.258501794857589, 38.846275073655072 ], [ -7.2586161398633, 38.846165046941259 ], [ -7.258818282373921, 38.845988526252007 ], [ -7.258897469988903, 38.845909132718553 ], [ -7.258972895352829, 38.845809322797201 ], [ -7.259064459188498, 38.845701791432354 ], [ -7.259160167435391, 38.845583313238684 ], [ -7.259256259064073, 38.845433470087812 ], [ -7.25943780140991, 38.845183891611235 ], [ -7.259517542451243, 38.845059020665126 ], [ -7.259546250149662, 38.845007479449087 ], [ -7.259571214777791, 38.844933953799938 ], [ -7.259575742916691, 38.844891642152589 ], [ -7.259566215656001, 38.84485079363958 ], [ -7.259550805982201, 38.844798922464761 ], [ -7.259543303095185, 38.84475652083735 ], [ -7.259480081432193, 38.844514521817302 ], [ -7.259435399997661, 38.844348719424147 ], [ -7.259438771068998, 38.844280374781384 ], [ -7.259462511450904, 38.844147395926136 ], [ -7.259449414010448, 38.844070449087866 ], [ -7.259440307728996, 38.843995099452364 ], [ -7.25943224822611, 38.843908845634537 ], [ -7.259423068850974, 38.843858875737517 ], [ -7.259417468615407, 38.843826766191761 ], [ -7.259415092309808, 38.8437612268092 ], [ -7.259407530912388, 38.843723529486347 ], [ -7.25940401931461, 38.84368272595102 ], [ -7.259402493681382, 38.843643505523261 ], [ -7.259399058805636, 38.843596429550942 ], [ -7.259387544695, 38.843553997901004 ], [ -7.259384071473729, 38.843510058145903 ], [ -7.259361773334058, 38.843365603099983 ], [ -7.2593504510902, 38.843307489453231 ], [ -7.259290828529226, 38.842935343221285 ], [ -7.259275236650124, 38.842734477613845 ], [ -7.259211817696911, 38.842672837684134 ], [ -7.259168729197689, 38.842361426544763 ], [ -7.259123711365434, 38.841886984601743 ], [ -7.259079824816224, 38.841616956330036 ], [ -7.258996365473807, 38.841085892017908 ], [ -7.258966785076122, 38.840833359335278 ], [ -7.25891496111605, 38.840563094104056 ], [ -7.258900599665933, 38.840190441323976 ], [ -7.258899235117394, 38.839943800964043 ], [ -7.258899460391335, 38.839840486182645 ], [ -7.258917383046282, 38.839697587671772 ], [ -7.25893378506798, 38.839525244870188 ], [ -7.258946894796846, 38.839455078735647 ], [ -7.258964008950773, 38.839391329979904 ], [ -7.259035867550645, 38.83919225452788 ], [ -7.259137734201193, 38.838876828522608 ], [ -7.259174141547196, 38.83873817039175 ], [ -7.259195409779778, 38.838665653877285 ], [ -7.25924135466873, 38.838562856773137 ], [ -7.259251652440845, 38.838521135028373 ], [ -7.259268146643761, 38.838424786938617 ], [ -7.259273851173274, 38.838400869829314 ], [ -7.259305837158373, 38.838290220678068 ], [ -7.259384686447963, 38.838010847888583 ], [ -7.259424350045352, 38.837799466300289 ], [ -7.25945238637709, 38.83772968556687 ], [ -7.259499812645963, 38.837608793787176 ], [ -7.259565842085239, 38.837408052939523 ], [ -7.259570163285792, 38.837384035388013 ], [ -7.259589801228273, 38.837379047813037 ], [ -7.259688232296458, 38.837363569860408 ], [ -7.259954693360649, 38.837339071913014 ], [ -7.260049513903119, 38.837345724000023 ], [ -7.260339581427965, 38.837372722531413 ], [ -7.260493658522549, 38.837373873664191 ], [ -7.260608605143717, 38.837362917712269 ], [ -7.260799108207142, 38.837350161375305 ], [ -7.260983483298443, 38.837344448997143 ], [ -7.261123088807556, 38.837322114260743 ], [ -7.261251800323937, 38.837317128998578 ], [ -7.261300919243304, 38.837321727466254 ], [ -7.261438029253922, 38.83734580702842 ], [ -7.261617455730371, 38.837394075472695 ], [ -7.261730566975059, 38.837430856762502 ], [ -7.261941349227572, 38.837504938908829 ], [ -7.261968516276015, 38.837515409487928 ], [ -7.262078054668394, 38.837562347090582 ], [ -7.262260635460068, 38.837665903498802 ], [ -7.262437615479383, 38.83777119781184 ], [ -7.262635455453266, 38.837900278318692 ], [ -7.262791259332821, 38.838007777927089 ], [ -7.263150661606454, 38.838268029965469 ], [ -7.263184847606653, 38.838331017444375 ], [ -7.263235716780699, 38.838362109203828 ], [ -7.263304253423849, 38.838380543258687 ], [ -7.263378629932182, 38.838404422721219 ], [ -7.26345401490799, 38.838416799505033 ], [ -7.263535528807972, 38.83842213274535 ], [ -7.263632292484012, 38.838415763940638 ], [ -7.263778704792641, 38.838300387615462 ], [ -7.26392722248597, 38.83820087685757 ], [ -7.264015148236217, 38.838149464325362 ], [ -7.264284017630577, 38.838021656996382 ], [ -7.264364124246615, 38.837988205201292 ], [ -7.264487864027103, 38.837946424955661 ], [ -7.264708332250767, 38.837884988140218 ], [ -7.264933453662024, 38.837786062681104 ], [ -7.265124225251856, 38.837715776699156 ], [ -7.26529343797985, 38.837666675973956 ], [ -7.265454603339625, 38.837637684548824 ], [ -7.265548544786646, 38.837614751297799 ], [ -7.265669791854084, 38.837582568885765 ], [ -7.265757777804426, 38.837552502115081 ], [ -7.265815638105442, 38.837515122476852 ], [ -7.265903795977829, 38.837470878623748 ], [ -7.265927710863861, 38.837446544194542 ], [ -7.265965576509452, 38.837429710516709 ], [ -7.266014963211714, 38.8374027844579 ], [ -7.266128050619836, 38.837346421759115 ], [ -7.266249741516652, 38.837293545755202 ], [ -7.266780561956503, 38.837065347917409 ], [ -7.266909424384875, 38.837009464464323 ], [ -7.2670287601451, 38.836970261105421 ], [ -7.26713823246761, 38.836936571127865 ], [ -7.267205062081805, 38.836915266819354 ], [ -7.267246724012054, 38.836898460864035 ], [ -7.267324606580137, 38.836858144619931 ], [ -7.267370149721883, 38.836834970059932 ], [ -7.267503706122408, 38.836771822629004 ], [ -7.267987517085132, 38.836544891384122 ], [ -7.268197416549044, 38.836441042084331 ], [ -7.268444934399588, 38.836328843217515 ], [ -7.268522892819551, 38.836291859606938 ], [ -7.268661064635933, 38.836228023476593 ], [ -7.268744357371818, 38.836206476199685 ], [ -7.268817700786546, 38.836189094310562 ], [ -7.268970653632039, 38.836169687280808 ], [ -7.269145233146606, 38.836161608763348 ], [ -7.269320977417598, 38.836152637819403 ], [ -7.269485786297109, 38.836152142256516 ], [ -7.269629844326844, 38.836165708254661 ], [ -7.269816437244513, 38.836226164096246 ], [ -7.270066302160632, 38.836301265394518 ], [ -7.270328108722293, 38.836388270776524 ], [ -7.270511909214392, 38.836429800244744 ], [ -7.27064124556638, 38.836478016425296 ], [ -7.2708468254797, 38.836548161769024 ], [ -7.270972453622249, 38.83657262190205 ], [ -7.271117038715372, 38.836609134590482 ], [ -7.27120561181204, 38.83664124246669 ], [ -7.271368007935921, 38.836659551819928 ], [ -7.271554227519033, 38.836679657166485 ], [ -7.271708905118834, 38.836698725221552 ], [ -7.271821053526641, 38.836720087246285 ], [ -7.271935456395831, 38.836745517486484 ], [ -7.272056145759512, 38.836775505054661 ], [ -7.27214871695559, 38.836787264276268 ], [ -7.272247643194624, 38.836808881540428 ], [ -7.272323198922825, 38.836807075605563 ], [ -7.272405053319082, 38.836784047750491 ], [ -7.272484141970165, 38.836739732077831 ], [ -7.272615073735889, 38.836655626249588 ], [ -7.27280092578039, 38.83652702636612 ], [ -7.273004732777431, 38.83641273574613 ], [ -7.273117393748641, 38.836340310324324 ], [ -7.273264528322457, 38.836256890536362 ], [ -7.2733567084024, 38.836214873935376 ], [ -7.273606722701425, 38.83610149974038 ], [ -7.273863649054336, 38.835959172574526 ], [ -7.274029627655398, 38.835855503097775 ], [ -7.273964215587117, 38.835767587911178 ], [ -7.27382088089414, 38.835627112844207 ], [ -7.273680284366883, 38.835510286976842 ], [ -7.273626615614596, 38.835450815418469 ], [ -7.273561147559687, 38.83536762597835 ], [ -7.27348385187557, 38.835263082071364 ], [ -7.273335528682832, 38.835035134690237 ], [ -7.273186582012352, 38.834859170981112 ], [ -7.272986960614947, 38.834626120011812 ], [ -7.272804271509484, 38.834492442129587 ], [ -7.272488290638313, 38.834224982854479 ], [ -7.272396594796794, 38.834140626674063 ], [ -7.272645813020468, 38.83400680272571 ], [ -7.272984293304021, 38.833805263707653 ], [ -7.273422859103887, 38.833535279586826 ], [ -7.273844962735906, 38.833274725463092 ], [ -7.27401644453287, 38.833169239007617 ], [ -7.274358214445963, 38.83296096609817 ], [ -7.274799169686502, 38.832683518727222 ], [ -7.275117925756129, 38.832483539981759 ], [ -7.275222485716327, 38.832407470546045 ], [ -7.275286633025271, 38.832339667058584 ], [ -7.275433433730014, 38.832172329879491 ], [ -7.275575230775018, 38.831937063126951 ], [ -7.275693029815487, 38.831687440875136 ], [ -7.275754181306992, 38.831552479129186 ], [ -7.275812536585198, 38.831420671173071 ], [ -7.275860521989129, 38.831327974599375 ], [ -7.276027947318635, 38.831011678329567 ], [ -7.276120922910812, 38.830815988699563 ], [ -7.276168629915525, 38.830746346301055 ], [ -7.276240475005737, 38.830628073096818 ], [ -7.2762875444948, 38.83048190743488 ], [ -7.276382322904813, 38.830388079262001 ], [ -7.276485683120239, 38.830334486917877 ], [ -7.276649289436246, 38.830295513580054 ], [ -7.276722640634365, 38.83025749797627 ], [ -7.276874431040159, 38.830151053962538 ], [ -7.277014817070109, 38.830045344078066 ], [ -7.27718522839892, 38.829942617617924 ], [ -7.277443365935767, 38.829791122147867 ], [ -7.277608732554358, 38.829646405184164 ], [ -7.277831405510328, 38.829457697314822 ], [ -7.277940607462329, 38.829358690375457 ], [ -7.278042195368045, 38.829251067485792 ], [ -7.278222819925384, 38.829071149834967 ], [ -7.2782874434878, 38.828972372999282 ], [ -7.278312909651056, 38.828863857714538 ], [ -7.278399186186192, 38.828722704418304 ], [ -7.278457710850582, 38.828628609249755 ], [ -7.278527951716621, 38.828565319967041 ], [ -7.278622187903102, 38.828516385344102 ], [ -7.278686911770255, 38.82843562010703 ], [ -7.278799916314256, 38.828287816061433 ], [ -7.278889766221796, 38.828169837666096 ], [ -7.278966207940407, 38.828065457524204 ], [ -7.279073534743685, 38.827939860056965 ], [ -7.279099894638925, 38.827921318340252 ], [ -7.279148097267749, 38.827906266479843 ], [ -7.279256806540356, 38.827848148288872 ], [ -7.279437938436153, 38.82774272963217 ], [ -7.279619017088796, 38.827641628642482 ], [ -7.279777342557415, 38.827633325296986 ], [ -7.280266190842878, 38.827613020049029 ], [ -7.280362164185987, 38.827609486109232 ], [ -7.280468053551533, 38.827604222906452 ], [ -7.280700568424284, 38.827593121495845 ], [ -7.28084781929391, 38.827586537447893 ], [ -7.281003403898826, 38.827720897859365 ], [ -7.281117695422533, 38.827832708529726 ], [ -7.281342037757471, 38.828053765617618 ], [ -7.281426116436099, 38.828139775323933 ], [ -7.281473395945516, 38.828202363939219 ], [ -7.281692182220147, 38.828513102967527 ], [ -7.281732928866659, 38.828573116271308 ], [ -7.281813192033762, 38.828699270886773 ], [ -7.281948927421538, 38.828924731716178 ], [ -7.282022805302798, 38.829045705210447 ], [ -7.282160287021934, 38.829231091087749 ], [ -7.282342704594385, 38.829482561029707 ], [ -7.282413661280404, 38.829568385270811 ], [ -7.282527602081607, 38.829710096093315 ], [ -7.282596411132815, 38.829782207321024 ], [ -7.28282284959756, 38.830012559335813 ], [ -7.282865895097808, 38.830052953764316 ], [ -7.283069906566595, 38.830242249344039 ], [ -7.283156053004918, 38.830329079036858 ], [ -7.283214557970592, 38.830367160018447 ], [ -7.283295789583189, 38.830412155851562 ], [ -7.283382669431063, 38.830446928325202 ], [ -7.283430488585407, 38.830464298199466 ], [ -7.283508788341748, 38.830484502007359 ], [ -7.283663531700069, 38.830496704253761 ], [ -7.283858740826488, 38.830495599611773 ], [ -7.283936188522025, 38.830500394499936 ], [ -7.284061359603434, 38.830520944059273 ], [ -7.284259353198458, 38.830566785126884 ], [ -7.284315956739479, 38.830580796408292 ], [ -7.284376664110789, 38.830608623919041 ], [ -7.284437364199743, 38.830637165664029 ], [ -7.284547905137385, 38.830706246935719 ], [ -7.284675477012057, 38.83078652959486 ], [ -7.28472863420961, 38.830819345553039 ], [ -7.284807486991697, 38.830880536201654 ], [ -7.285100349477077, 38.831113172214707 ], [ -7.285278191515156, 38.831218657248662 ], [ -7.285525754593892, 38.831413969267658 ], [ -7.285841921826679, 38.831665898774126 ], [ -7.285986549403393, 38.831779187582718 ], [ -7.286164366359724, 38.832014631121012 ], [ -7.286320102830598, 38.83223443351833 ], [ -7.286434747499439, 38.832372661399027 ], [ -7.286507497458362, 38.83249703871244 ], [ -7.286558670125373, 38.832563205243453 ], [ -7.286590234598822, 38.832613747952394 ], [ -7.286712220857264, 38.832705702548751 ], [ -7.286813901790104, 38.832765349364465 ], [ -7.286956902610682, 38.832845742209223 ], [ -7.286980695906024, 38.832868972721414 ], [ -7.287119856179161, 38.833002303406076 ], [ -7.287192018366312, 38.833074527180536 ], [ -7.287318332593849, 38.833193173767398 ], [ -7.287556192709624, 38.83337504634072 ], [ -7.287960383669996, 38.833690353746803 ], [ -7.287993830993588, 38.83372554779617 ], [ -7.288189574874266, 38.833865321785169 ], [ -7.288360576614986, 38.833984284159236 ], [ -7.288621397573846, 38.834162902144499 ], [ -7.288804978454711, 38.834253377568793 ], [ -7.288888383149777, 38.834313969612268 ], [ -7.288996482737297, 38.83437861160234 ], [ -7.289102248461164, 38.834453264109897 ], [ -7.289329494726239, 38.834598222592902 ], [ -7.289482807692901, 38.834680139792418 ], [ -7.289684302379225, 38.834797704449606 ], [ -7.289851299639408, 38.834903408677221 ], [ -7.289971541882123, 38.834987488873587 ], [ -7.290069679403261, 38.835057862589274 ], [ -7.290297842768104, 38.835222062859309 ], [ -7.290552650113791, 38.835434833045014 ], [ -7.290744024917034, 38.835571675229914 ], [ -7.290983431744698, 38.835791504520238 ], [ -7.291356872161849, 38.836040912526755 ], [ -7.29137935225844, 38.836058998233113 ], [ -7.291489395846632, 38.836147919828875 ], [ -7.291743503718439, 38.83642067339224 ], [ -7.291994191090105, 38.836730175193338 ], [ -7.292086861606443, 38.836831727062361 ], [ -7.292180462990686, 38.8369424762124 ], [ -7.29222123950232, 38.837033689044588 ], [ -7.292202896680509, 38.83712063895733 ], [ -7.292211560582937, 38.837177441430363 ], [ -7.292273018218792, 38.837240217784142 ], [ -7.292340864570894, 38.837308083554682 ], [ -7.292574360975433, 38.837578730433869 ], [ -7.292792712485583, 38.837835490468485 ], [ -7.293010936910976, 38.838102603635384 ], [ -7.293128243607015, 38.838245138058824 ], [ -7.293260273598878, 38.838408139441313 ], [ -7.293370948192642, 38.838556571076438 ], [ -7.293492374875928, 38.838720480516045 ], [ -7.293629929168119, 38.838893874740663 ], [ -7.293699841575322, 38.838982290529529 ], [ -7.293865317394703, 38.839201105142926 ], [ -7.293979090471995, 38.839359922820258 ], [ -7.294082238367011, 38.839501539349712 ], [ -7.294108962150964, 38.839541007081031 ], [ -7.294158290242843, 38.839616485472398 ], [ -7.294374796812818, 38.839943305375961 ], [ -7.294396736953943, 38.840016876420776 ], [ -7.294401325175467, 38.840097168791722 ], [ -7.294422109374175, 38.840180913037138 ], [ -7.29451319428319, 38.840330103686718 ], [ -7.294563786683703, 38.840386851168127 ], [ -7.294705878381518, 38.840556859117456 ], [ -7.29496546039316, 38.840470798785852 ], [ -7.295132842180013, 38.840419125777792 ], [ -7.295622093244329, 38.840283457076438 ], [ -7.296025847204225, 38.840179690870215 ], [ -7.296403330633054, 38.840086729996472 ], [ -7.296491891525737, 38.840067818329324 ], [ -7.296846237541796, 38.83999351478213 ], [ -7.296973084209665, 38.839970456720337 ], [ -7.297102134710215, 38.839936521168966 ], [ -7.297339641264075, 38.83987588326827 ], [ -7.297458118815429, 38.839820430418754 ], [ -7.297802507263539, 38.839661560511921 ], [ -7.297940821208512, 38.839593367873476 ], [ -7.298365443860344, 38.839378770317559 ], [ -7.298467472215977, 38.839330853704865 ], [ -7.29871752431479, 38.839221664134769 ], [ -7.299298495197207, 38.838981871722766 ], [ -7.299586907784578, 38.838861874508382 ], [ -7.299820410487296, 38.838759404980934 ], [ -7.299938946702346, 38.838698004862103 ], [ -7.300092705259681, 38.838618931199832 ], [ -7.300216802747057, 38.838544689305934 ], [ -7.300460704028485, 38.838399598373705 ], [ -7.300517767477761, 38.838364966596437 ], [ -7.300556324734925, 38.838337944190492 ], [ -7.300612380994229, 38.838300783004165 ], [ -7.300720860410212, 38.8382622784886 ], [ -7.301092068230332, 38.838143677300138 ], [ -7.301225545952299, 38.838104448690302 ], [ -7.301306592518159, 38.838077733129026 ], [ -7.301384396867461, 38.838052701403122 ], [ -7.30152655643491, 38.838019573994202 ], [ -7.301741160203813, 38.837967321440345 ], [ -7.301911891636879, 38.837923402894447 ], [ -7.301993991006261, 38.837905251754144 ], [ -7.302116490036224, 38.837879641264166 ], [ -7.302251010687189, 38.837849877085063 ], [ -7.302362514031079, 38.837828419987581 ], [ -7.302508984531253, 38.837801358163723 ], [ -7.302782276000529, 38.837752942151262 ], [ -7.303098369964714, 38.837697984620434 ], [ -7.303228430468833, 38.837675847852097 ], [ -7.303341024219709, 38.837659622989207 ], [ -7.303390170328078, 38.837652225386741 ], [ -7.303437223137039, 38.83763724183936 ], [ -7.303820529076212, 38.837506828469856 ], [ -7.303946645773516, 38.837457275582743 ], [ -7.304052868006886, 38.837414519166707 ], [ -7.304128759344643, 38.837365517580835 ] ] ] } }
]
}
