{
"type": "FeatureCollection",
"name": "CAOP_Barreiro_freg",
"crs": { "type": "name", "properties": { "name": "urn:ogc:def:crs:OGC:1.3:CRS84" } },
"features": [
{ "type": "Feature", "properties": { "dtmnfr": "150407", "freguesia": "Santo António da Charneca", "municipio": "Barreiro", "distrito_i": "Setúbal", "nuts3_cod": "1B0", "nuts3": "Península de Setúbal", "nuts2": "Península de Setúbal", "nuts1": "Continente", "area_ha": 769.67, "perimetro_": 20, "designacao": "Santo António da Charneca" }, "geometry": { "type": "Polygon", "coordinates": [ [ [ -9.012449729410335, 38.601214654248615 ], [ -9.012446868450958, 38.600839850082025 ], [ -9.012478319860863, 38.600219406510384 ], [ -9.012506022815831, 38.599837793061766 ], [ -9.012521715317018, 38.599646975643914 ], [ -9.012526311898785, 38.599534971796501 ], [ -9.012517979393236, 38.599312893824369 ], [ -9.012499196268115, 38.598931635056822 ], [ -9.012494349819434, 38.598543873954121 ], [ -9.012500032436007, 38.598163871682551 ], [ -9.012477852431132, 38.597912557313208 ], [ -9.012399230140185, 38.597517383708158 ], [ -9.012283218974131, 38.597178935913441 ], [ -9.012245409591248, 38.597043649288487 ], [ -9.012185845707339, 38.596830420104858 ], [ -9.012137453979722, 38.596560505223323 ], [ -9.012060682614367, 38.596025415571972 ], [ -9.012043042785573, 38.595879082914813 ], [ -9.012038393743499, 38.595834070827038 ], [ -9.01198486394348, 38.595815167513145 ], [ -9.01170281568732, 38.595812183196628 ], [ -9.010869730482234, 38.595820319347879 ], [ -9.010041217547441, 38.595794354623386 ], [ -9.009394751315613, 38.595766365204554 ], [ -9.008894697097464, 38.5957527282551 ], [ -9.008639788565871, 38.595745179807452 ], [ -9.008356466999766, 38.595733158178795 ], [ -9.008085184028301, 38.595719423487104 ], [ -9.007795929261619, 38.595710510332552 ], [ -9.007444229005715, 38.595691164981638 ], [ -9.007098665339999, 38.595676364192592 ], [ -9.006568348905477, 38.595647178151189 ], [ -9.00567669548208, 38.595617835208131 ], [ -9.00495454235071, 38.595571735996465 ], [ -9.00408472633419, 38.595520296000544 ], [ -9.003186166833098, 38.595451712654167 ], [ -9.002812394148675, 38.595429270938482 ], [ -9.002176781562568, 38.595399341302468 ], [ -9.001556641382843, 38.59536132388385 ], [ -9.000642524787398, 38.595327067388503 ], [ -8.999493825835541, 38.59526800809131 ], [ -8.998792331492991, 38.595234587804676 ], [ -8.998402638288892, 38.595218164509525 ], [ -8.997947351908145, 38.595202223778287 ], [ -8.99786114530905, 38.59519320859733 ], [ -8.997795088814708, 38.59515508507188 ], [ -8.997761520242108, 38.59509098068856 ], [ -8.997654630120419, 38.59472496398211 ], [ -8.997410477570785, 38.59394155222445 ], [ -8.997141679769417, 38.593065131561218 ], [ -8.997713559592368, 38.592890374555864 ], [ -8.99828934310268, 38.592699498243647 ], [ -8.998686565042721, 38.592661166996656 ], [ -8.999100918104824, 38.592683842357751 ], [ -8.999630133614817, 38.592712101240963 ], [ -8.999966326575494, 38.592712829158067 ], [ -9.000630824215616, 38.592740081360752 ], [ -9.001328117798788, 38.592767085580341 ], [ -9.002074605703253, 38.592793721270105 ], [ -9.002792396972586, 38.59282056545576 ], [ -9.003621223763218, 38.59287553784354 ], [ -9.004708629038115, 38.592954319575384 ], [ -9.005258461839986, 38.592992051656587 ], [ -9.005574470579941, 38.593018654657378 ], [ -9.006070816990926, 38.593040694007676 ], [ -9.006870835341598, 38.593086205114496 ], [ -9.007371477225297, 38.593124295421489 ], [ -9.007605185262864, 38.593125766058634 ], [ -9.007846767215543, 38.593102830156539 ], [ -9.008280892658505, 38.593062798746658 ], [ -9.008833654804929, 38.593003964420213 ], [ -9.009353581354342, 38.592942155637964 ], [ -9.009831776031744, 38.59288617558483 ], [ -9.010546201510044, 38.592813880778998 ], [ -9.010962619009044, 38.592766703526294 ], [ -9.011089983968262, 38.592784348977105 ], [ -9.01172016449026, 38.592729303547792 ], [ -9.012765921464101, 38.59260703606401 ], [ -9.013124064679287, 38.592553264591388 ], [ -9.013638617754824, 38.592093489272926 ], [ -9.014366440769724, 38.591438519954295 ], [ -9.014925356028655, 38.590940783273609 ], [ -9.015056143721077, 38.590792572180376 ], [ -9.015148216801173, 38.590642682653161 ], [ -9.015616694629749, 38.590231319633951 ], [ -9.015975551763265, 38.589907657225233 ], [ -9.016826962059021, 38.589131419230796 ], [ -9.017388287232832, 38.588606070498926 ], [ -9.017505746188222, 38.588497803101617 ], [ -9.017727177144296, 38.588267231609457 ], [ -9.017946811266521, 38.587890561110797 ], [ -9.018309207015472, 38.587269954360487 ], [ -9.018443024741606, 38.58701779671523 ], [ -9.018604957307856, 38.58746941037154 ], [ -9.018763636810711, 38.587943803862025 ], [ -9.018941743674404, 38.588410899375148 ], [ -9.019107611925058, 38.588836689386937 ], [ -9.019453012340476, 38.589750038449161 ], [ -9.019704769139892, 38.590340358407694 ], [ -9.020009185720809, 38.591122139510524 ], [ -9.020369830918799, 38.592036317541741 ], [ -9.020595674520012, 38.592643022983047 ], [ -9.020788399578958, 38.593219986528943 ], [ -9.020874663053888, 38.593574956369892 ], [ -9.020933738061155, 38.593938701834006 ], [ -9.020972402112168, 38.594418287302972 ], [ -9.020976993505299, 38.594791015480077 ], [ -9.02095460626466, 38.595189655737038 ], [ -9.020913443919765, 38.595836946731779 ], [ -9.020871646545165, 38.596432827635908 ], [ -9.020834358604944, 38.596951551126566 ], [ -9.020782544547838, 38.597567069038689 ], [ -9.020757062999891, 38.597976498171604 ], [ -9.020709078547544, 38.598739577021306 ], [ -9.020672263234355, 38.599291061957125 ], [ -9.020666153231325, 38.599402929819448 ], [ -9.020600063331869, 38.600577988396864 ], [ -9.020440314396154, 38.603051430572663 ], [ -9.020449931917588, 38.60339781820889 ], [ -9.020489791392023, 38.603716578285244 ], [ -9.02054225468034, 38.60399561240903 ], [ -9.020623011567427, 38.604297848519337 ], [ -9.020757068471985, 38.604668051896638 ], [ -9.020822699273962, 38.604823576493992 ], [ -9.020936783688976, 38.605063403464492 ], [ -9.021079891992384, 38.605320038117917 ], [ -9.021250598122077, 38.605589702352205 ], [ -9.021407784594052, 38.605814790479961 ], [ -9.021733321340093, 38.606228837098485 ], [ -9.022466445662866, 38.607154223926472 ], [ -9.022928928629632, 38.607767426114862 ], [ -9.023338885662815, 38.608286770495056 ], [ -9.023949736700533, 38.609052045983212 ], [ -9.024494273941551, 38.609755769137628 ], [ -9.024893005355535, 38.610316323450675 ], [ -9.025295149179238, 38.610847936074265 ], [ -9.025673674221791, 38.611389894863805 ], [ -9.026046362530597, 38.611944188460058 ], [ -9.026451244670914, 38.612541300059831 ], [ -9.02652419661899, 38.612656042325021 ], [ -9.026829381792396, 38.613110148838693 ], [ -9.027203141626773, 38.613658760626642 ], [ -9.027525995337799, 38.614120476265413 ], [ -9.02788304495933, 38.614653991583673 ], [ -9.028070272229241, 38.614909917562137 ], [ -9.028319701155876, 38.615273553741588 ], [ -9.028550494214699, 38.615625348499968 ], [ -9.028764676523616, 38.615922380866678 ], [ -9.028953494688169, 38.616205621944943 ], [ -9.029239228656353, 38.616543121224105 ], [ -9.029375427059959, 38.616692511470937 ], [ -9.029594955646624, 38.61689495137928 ], [ -9.029799030587901, 38.617064539657065 ], [ -9.029986374946894, 38.617208487251283 ], [ -9.030297714170835, 38.617435082561641 ], [ -9.030444856465872, 38.617540791117932 ], [ -9.030603562956097, 38.617653523574795 ], [ -9.030853431895494, 38.617830051649008 ], [ -9.031054685726833, 38.617975154606711 ], [ -9.031349522101525, 38.618184759228299 ], [ -9.031506864942893, 38.618298401713332 ], [ -9.031537536695582, 38.618318165072708 ], [ -9.031736799945193, 38.618459859942575 ], [ -9.031938756254384, 38.618605947744385 ], [ -9.032134218802865, 38.61874677031134 ], [ -9.032331353697693, 38.618883344987218 ], [ -9.03250882744495, 38.619008811244605 ], [ -9.032660862272182, 38.619119972483738 ], [ -9.032804659245951, 38.619224529976741 ], [ -9.032933302883363, 38.619319294926576 ], [ -9.033043546393435, 38.619394292473224 ], [ -9.033161355440008, 38.619476978675472 ], [ -9.033472924096365, 38.619729058299612 ], [ -9.033546278101886, 38.619791816181468 ], [ -9.033617985543382, 38.619851350081504 ], [ -9.033803944767483, 38.620021246294556 ], [ -9.033959831612137, 38.620173812474249 ], [ -9.034045564165, 38.620262240568728 ], [ -9.034115742962298, 38.62033746090502 ], [ -9.034250972701912, 38.620490542477739 ], [ -9.03447953204509, 38.620777804674162 ], [ -9.034647849038118, 38.6210252590433 ], [ -9.034830945961323, 38.621328521464562 ], [ -9.034937201991841, 38.621516467006096 ], [ -9.03513138910316, 38.621960344369171 ], [ -9.035311539681581, 38.62242610845734 ], [ -9.035586836552675, 38.623171730319157 ], [ -9.035796612458119, 38.623765459976539 ], [ -9.036027231130197, 38.624399737666153 ], [ -9.036639968558161, 38.626036544748324 ], [ -9.036798011439684, 38.626522825224043 ], [ -9.037090906754447, 38.627105588628133 ], [ -9.037373662568132, 38.627581497397131 ], [ -9.037898467872026, 38.62823006345684 ], [ -9.038302129696566, 38.628614920651735 ], [ -9.038655314253685, 38.628892776448453 ], [ -9.038925293020075, 38.629083994358851 ], [ -9.038997212514092, 38.62913162890419 ], [ -9.039248418247897, 38.629291285692339 ], [ -9.039501072985946, 38.629441347916412 ], [ -9.039798326150066, 38.629593488933359 ], [ -9.040002779043562, 38.629705324012832 ], [ -9.040476407157861, 38.629938143282644 ], [ -9.040888212434766, 38.630147308604315 ], [ -9.041160648274786, 38.63028274584002 ], [ -9.041445694658979, 38.63044221624839 ], [ -9.041622345412783, 38.63054461126432 ], [ -9.042024014379955, 38.630796854879335 ], [ -9.042207851301823, 38.630931624023098 ], [ -9.042419899760763, 38.631090314330194 ], [ -9.042638127766361, 38.631283371533478 ], [ -9.042930554641988, 38.631574526601106 ], [ -9.043096471768694, 38.631764972920649 ], [ -9.04316238041455, 38.63184551124607 ], [ -9.043199085364439, 38.631887764520904 ], [ -9.043357658158204, 38.63209470370726 ], [ -9.043610741921317, 38.632473052227603 ], [ -9.043770695826444, 38.632779696672642 ], [ -9.043859858340589, 38.632973666009896 ], [ -9.04389551486838, 38.633059412755458 ], [ -9.044003164626993, 38.633343859186887 ], [ -9.044035073970923, 38.633459992240461 ], [ -9.044187873731174, 38.63402657712799 ], [ -9.04433544670484, 38.634615089355904 ], [ -9.044417460180291, 38.634951078251632 ], [ -9.044493368104201, 38.635213250319602 ], [ -9.044556299713713, 38.635412196744262 ], [ -9.044656423625032, 38.635682193584984 ], [ -9.044736558514566, 38.635870288054853 ], [ -9.04484043411099, 38.63607360122775 ], [ -9.044957019316797, 38.636291854192976 ], [ -9.045135148710616, 38.636563496352231 ], [ -9.045264630411648, 38.636757055539015 ], [ -9.045362602051673, 38.636875198894849 ], [ -9.045533938769594, 38.637090769562818 ], [ -9.045894071213754, 38.63748557229983 ], [ -9.046091347766671, 38.637699771371075 ], [ -9.046215923873083, 38.637832656124189 ], [ -9.046592858535492, 38.638220297393289 ], [ -9.046711829223037, 38.63834575138381 ], [ -9.04701100367136, 38.638651573883266 ], [ -9.047237146278954, 38.638895539564565 ], [ -9.04765276888879, 38.639335300058782 ], [ -9.047930994281447, 38.639627774510686 ], [ -9.048038509674381, 38.639746380480567 ], [ -9.048139458417671, 38.639871973011914 ], [ -9.04832770534334, 38.640124519418308 ], [ -9.048508942299879, 38.640421627345866 ], [ -9.048672114971369, 38.640743104409331 ], [ -9.048806527295175, 38.641061382390234 ], [ -9.048772561490342, 38.641027510444225 ], [ -9.048604283551841, 38.64084650812655 ], [ -9.048407522298612, 38.640637709774047 ], [ -9.048325472159936, 38.640616285597048 ], [ -9.048044206783914, 38.64059056167708 ], [ -9.047488813513452, 38.640610136761261 ], [ -9.047127655687083, 38.640635414414838 ], [ -9.046709631347509, 38.640692011982431 ], [ -9.046416610426988, 38.640727983833358 ], [ -9.045915849344693, 38.640751541566175 ], [ -9.045544025615222, 38.640782511378376 ], [ -9.045279918087889, 38.640840711042337 ], [ -9.045040681181268, 38.640884680787629 ], [ -9.04476211512344, 38.640931763455121 ], [ -9.04453611112822, 38.640978523332571 ], [ -9.044213585359961, 38.640857441618202 ], [ -9.04393674999576, 38.640758545928186 ], [ -9.04380258762313, 38.640707840964488 ], [ -9.043564894738598, 38.640630872443502 ], [ -9.04334238331583, 38.640546491489353 ], [ -9.043220713912975, 38.640507261294623 ], [ -9.042979408804449, 38.640434823705846 ], [ -9.042751419462961, 38.640371293735015 ], [ -9.042445501973098, 38.640255225166328 ], [ -9.041823775884259, 38.640052340439482 ], [ -9.041306507169715, 38.639901973687259 ], [ -9.041225081287219, 38.639869352560183 ], [ -9.041218991870723, 38.639773532477477 ], [ -9.041202445214436, 38.639596821936586 ], [ -9.041177361495526, 38.639310706324949 ], [ -9.041142743902583, 38.639042878990814 ], [ -9.041102498353494, 38.638766734935714 ], [ -9.041022804208168, 38.638385868444132 ], [ -9.041005916704403, 38.638203283617685 ], [ -9.040988624797407, 38.638080220879331 ], [ -9.040971810127738, 38.637949644411897 ], [ -9.0409612768802, 38.637785391200865 ], [ -9.040485130263185, 38.637772366344976 ], [ -9.04003405588346, 38.637761707074212 ], [ -9.03964704706023, 38.637722602116717 ], [ -9.039432230723516, 38.637715845823394 ], [ -9.039064924647699, 38.637729790609299 ], [ -9.038775372940616, 38.637737979707047 ], [ -9.038702497753725, 38.637743952301321 ], [ -9.038295877358355, 38.638137268164485 ], [ -9.038119139797317, 38.638312667707389 ], [ -9.037888970232578, 38.638508129529704 ], [ -9.037584928081209, 38.638804563220866 ], [ -9.037475253516218, 38.638907111236016 ], [ -9.037297665691465, 38.639015148420093 ], [ -9.037002864736356, 38.639194265650751 ], [ -9.036718834238714, 38.639376105858567 ], [ -9.036366305850665, 38.639596693683096 ], [ -9.036157996441464, 38.639745343172848 ], [ -9.035999001576636, 38.639909374893783 ], [ -9.035893121963346, 38.640028084122456 ], [ -9.03581255323029, 38.640114880565925 ], [ -9.035753332295741, 38.640228212126175 ], [ -9.035697628376093, 38.640310252245797 ], [ -9.035601200996812, 38.64043734774669 ], [ -9.035479538439786, 38.64059560122918 ], [ -9.035303720978661, 38.640752885007032 ], [ -9.034821230017393, 38.640772824080926 ], [ -9.03449604095711, 38.640782704202415 ], [ -9.034132748001483, 38.640806425031492 ], [ -9.033686745049113, 38.640713294766449 ], [ -9.03354624252092, 38.64068320843046 ], [ -9.033381276995941, 38.640653317394857 ], [ -9.033344826820576, 38.640622430009792 ], [ -9.033253728104809, 38.640437386600951 ], [ -9.033129888704803, 38.640224488056923 ], [ -9.032849626793048, 38.639764716817609 ], [ -9.032793432968932, 38.639661286037978 ], [ -9.032431628744019, 38.639788744080789 ], [ -9.032400775346503, 38.639745924526487 ], [ -9.032348589199682, 38.639660211307856 ], [ -9.032266794299087, 38.639475185647235 ], [ -9.032200999863154, 38.63935687407848 ], [ -9.032189072186535, 38.639312468618044 ], [ -9.032101886990628, 38.639155677692486 ], [ -9.032018647429025, 38.639001922722997 ], [ -9.031938956107549, 38.638837689270431 ], [ -9.03189615341085, 38.638740009487101 ], [ -9.031872172713198, 38.638640653712471 ], [ -9.031863759618416, 38.638573973092321 ], [ -9.031852333900655, 38.638266527334942 ], [ -9.031814737288572, 38.637831731103716 ], [ -9.031800510338098, 38.637750225517706 ], [ -9.031702799929652, 38.637504430724789 ], [ -9.03164004655997, 38.637335562878803 ], [ -9.031585528677782, 38.637209778582552 ], [ -9.03151166752777, 38.637208907237827 ], [ -9.031403702040576, 38.637355213892711 ], [ -9.031111104350192, 38.637716883940563 ], [ -9.031014409827405, 38.637855718899516 ], [ -9.03094256630488, 38.638016436420031 ], [ -9.030927112778757, 38.638139782661042 ], [ -9.030872220329178, 38.638338097619219 ], [ -9.030690346977096, 38.638294581687482 ], [ -9.030459299589619, 38.638294621940382 ], [ -9.030328162800254, 38.638296620455677 ], [ -9.030165027720992, 38.638261184354711 ], [ -9.029959625401217, 38.638244045862635 ], [ -9.029749591395424, 38.638238171063982 ], [ -9.02961202268231, 38.638207880916475 ], [ -9.029469395912741, 38.638257991224961 ], [ -9.029287997797617, 38.638263344533271 ], [ -9.029091047033507, 38.638235730949525 ], [ -9.02892200013294, 38.63823849656044 ], [ -9.028756857631377, 38.638222851975044 ], [ -9.028674061665578, 38.638184188143867 ], [ -9.028455387907664, 38.638154985010878 ], [ -9.028316771381244, 38.638112699907659 ], [ -9.028263447445244, 38.638082484119572 ], [ -9.028114014272207, 38.638026245170117 ], [ -9.028019732320086, 38.637944988520474 ], [ -9.027911364456454, 38.637864416050412 ], [ -9.027806749733946, 38.637797848443519 ], [ -9.027741215658724, 38.63775048525342 ], [ -9.027611381103803, 38.6376281170784 ], [ -9.027458852180626, 38.637449637137337 ], [ -9.027311048281948, 38.637321753427521 ], [ -9.027218388823517, 38.637268145691685 ], [ -9.027114676921029, 38.637240201657946 ], [ -9.027066161865109, 38.637236249425456 ], [ -9.027001873270727, 38.637044784114494 ], [ -9.026948522889386, 38.636882778053867 ], [ -9.026915298723782, 38.636778539186949 ], [ -9.026894286199825, 38.636668529224835 ], [ -9.026881717926857, 38.636516659998648 ], [ -9.02688375586459, 38.636431249721042 ], [ -9.026889987743877, 38.636331661126206 ], [ -9.026922822007776, 38.6361831401233 ], [ -9.026961744515148, 38.636025205097233 ], [ -9.026974250515901, 38.635940971454986 ], [ -9.026992310732885, 38.635823369110255 ], [ -9.027008668351767, 38.635679836523593 ], [ -9.027061328929328, 38.635425769531693 ], [ -9.027085635085566, 38.635321265816458 ], [ -9.027101328770188, 38.635244132277293 ], [ -9.027095616780326, 38.635034106774661 ], [ -9.027104778609205, 38.634921434952403 ], [ -9.027131654460133, 38.634782507950419 ], [ -9.027166113180389, 38.634635322940525 ], [ -9.027194940906961, 38.634524846513628 ], [ -9.02724367140952, 38.634426015838741 ], [ -9.027329222725447, 38.634259341349889 ], [ -9.027367379564595, 38.634168968048996 ], [ -9.027327563204928, 38.634153870391259 ], [ -9.027162274358766, 38.634105321728704 ], [ -9.026889449014993, 38.634035162536136 ], [ -9.026664966618176, 38.633973823512115 ], [ -9.026452437722371, 38.633885372156477 ], [ -9.026330856111684, 38.63383296999671 ], [ -9.026091554856755, 38.63378021510173 ], [ -9.025764194007984, 38.633702183899842 ], [ -9.025620447602009, 38.633677158107623 ], [ -9.025549185384772, 38.633672840085012 ], [ -9.025487185705153, 38.633665022892671 ], [ -9.025368984907383, 38.633635120433155 ], [ -9.025093865543269, 38.633509215437641 ], [ -9.024978530221325, 38.63346983315401 ], [ -9.024737460390114, 38.633404111022855 ], [ -9.024342084491742, 38.633332272863932 ], [ -9.024222550051816, 38.633315436606836 ], [ -9.024084933448313, 38.633303338364129 ], [ -9.023907636727067, 38.633267934635064 ], [ -9.023747885123221, 38.633221590077461 ], [ -9.023711481789919, 38.633212409627745 ], [ -9.023511118593758, 38.633141513406734 ], [ -9.02329724008937, 38.633073150959888 ], [ -9.023118305366133, 38.633035508274645 ], [ -9.023003326038234, 38.633024585949514 ], [ -9.022890055692734, 38.633021844261116 ], [ -9.022765987770617, 38.633009817073606 ], [ -9.022563009768547, 38.632978035064404 ], [ -9.022309968539576, 38.632927802737505 ], [ -9.021991849778749, 38.632862662319141 ], [ -9.022005936459763, 38.632776077732707 ], [ -9.022043314853477, 38.632622841949313 ], [ -9.02205823483804, 38.632519583372911 ], [ -9.022061502269683, 38.632403357925753 ], [ -9.022044396269765, 38.632134233702381 ], [ -9.022036526038111, 38.631989719224819 ], [ -9.022019983427475, 38.631868957383844 ], [ -9.022006653279046, 38.631775371929244 ], [ -9.021987235285408, 38.631672199484555 ], [ -9.02193856206641, 38.63152555830785 ], [ -9.0219231413814, 38.631373982083602 ], [ -9.021914560238729, 38.63129342404973 ], [ -9.021899913727802, 38.631204445397358 ], [ -9.021228487241261, 38.630616876466654 ], [ -9.021397375968284, 38.630383550565043 ], [ -9.021507720161665, 38.630045875260016 ], [ -9.02164956498277, 38.629554513297499 ], [ -9.021735286743136, 38.629177588247899 ], [ -9.021794720187977, 38.628967549306587 ], [ -9.021909765570898, 38.628518089849877 ], [ -9.021972971151774, 38.628333689781726 ], [ -9.022032218403774, 38.628108680672028 ], [ -9.022055229603129, 38.628029467984753 ], [ -9.022077984143683, 38.627951142737182 ], [ -9.022064431589872, 38.627736908209933 ], [ -9.021989062560538, 38.627259785615628 ], [ -9.021952952520458, 38.627098771055245 ], [ -9.021893117480326, 38.626889638048929 ], [ -9.021828649254667, 38.626638551697049 ], [ -9.021800829822352, 38.626459773199379 ], [ -9.02177463009687, 38.626277213402091 ], [ -9.021721030078828, 38.626283234358105 ], [ -9.021217404576525, 38.626357232324132 ], [ -9.020865536664248, 38.62626025530551 ], [ -9.020783295105689, 38.626265089696993 ], [ -9.019815952337717, 38.625876641150292 ], [ -9.019426909522949, 38.625666258508502 ], [ -9.019142319413579, 38.625511223797979 ], [ -9.018902079167711, 38.625376949570011 ], [ -9.01883542818571, 38.625363310563934 ], [ -9.018726173611469, 38.625359678616711 ], [ -9.018422499464513, 38.625398467776641 ], [ -9.018169191883134, 38.625459330519625 ], [ -9.017349310331001, 38.625627063887521 ], [ -9.016975563239784, 38.625695112885808 ], [ -9.016802931136718, 38.625785237615105 ], [ -9.016525077596761, 38.625904031279468 ], [ -9.016407934404656, 38.625980704423561 ], [ -9.016267394935634, 38.626097450900829 ], [ -9.016212075245495, 38.626146513970674 ], [ -9.016109189666379, 38.626268179109722 ], [ -9.01591669210937, 38.626481247163767 ], [ -9.015794364526105, 38.626711590010544 ], [ -9.015621820227908, 38.626946623697499 ], [ -9.015537459896279, 38.627065471382615 ], [ -9.015418848615557, 38.627244100972476 ], [ -9.015356724090136, 38.627235020884413 ], [ -9.015145448427347, 38.627217699602951 ], [ -9.01455571975144, 38.627250706060472 ], [ -9.014506013885832, 38.627252248883458 ], [ -9.013776187533882, 38.627294417651896 ], [ -9.013126313401257, 38.627330120750031 ], [ -9.012609205091334, 38.627357616692905 ], [ -9.012363595434222, 38.627361949006819 ], [ -9.01155520456882, 38.627387670841024 ], [ -9.011507525823479, 38.627292591681346 ], [ -9.011452554359419, 38.627186338662391 ], [ -9.01139090659029, 38.627119434440942 ], [ -9.011304143825294, 38.627047103962006 ], [ -9.011225154441144, 38.627025240569083 ], [ -9.011148083510559, 38.62705936063653 ], [ -9.011156385410803, 38.626961196591182 ], [ -9.011161453120774, 38.626789932714971 ], [ -9.011159638850602, 38.62664117585944 ], [ -9.011118021595861, 38.626456227723047 ], [ -9.011072997810547, 38.626285339739788 ], [ -9.010984115663224, 38.626038993023705 ], [ -9.010884807359329, 38.625817985852237 ], [ -9.010590074921662, 38.625429132763081 ], [ -9.01031690277596, 38.625022255988647 ], [ -9.010178719545088, 38.624840838353371 ], [ -9.010007823112149, 38.624643228659856 ], [ -9.009907073181159, 38.62455453692732 ], [ -9.00974976493624, 38.624404743587235 ], [ -9.009602796501621, 38.624266915495667 ], [ -9.009486630974072, 38.62413024373636 ], [ -9.009439196306429, 38.624054810297636 ], [ -9.009405698237803, 38.623948396297045 ], [ -9.009400992058136, 38.623855801262827 ], [ -9.009417788931557, 38.623765852097421 ], [ -9.009465794913059, 38.623594266576497 ], [ -9.009528419138929, 38.623447834745967 ], [ -9.009637247377521, 38.623275793524776 ], [ -9.00970406377227, 38.623179854819796 ], [ -9.00982619217163, 38.623063864860605 ], [ -9.010019480969426, 38.622930477385481 ], [ -9.010143472787195, 38.62282849603762 ], [ -9.010345800068501, 38.622695051080001 ], [ -9.010412614998215, 38.622599112879115 ], [ -9.010463956184887, 38.622407853450859 ], [ -9.010528718616239, 38.622143511513279 ], [ -9.010579306721922, 38.621890503531816 ], [ -9.010679127671496, 38.62156695134221 ], [ -9.010820512096508, 38.621130808474035 ], [ -9.010892598458828, 38.620880445971082 ], [ -9.010897050799951, 38.620658660998458 ], [ -9.010901468913845, 38.620434069349301 ], [ -9.010876068898385, 38.620111457212495 ], [ -9.010814208143614, 38.619732978261659 ], [ -9.010705154772744, 38.619298713822296 ], [ -9.01066279082262, 38.619052016706782 ], [ -9.010591711118748, 38.618656876851247 ], [ -9.010547562952446, 38.618404467492489 ], [ -9.010487586267153, 38.618180358662421 ], [ -9.010407479610704, 38.617917977546128 ], [ -9.010378913483837, 38.617776968024607 ], [ -9.010365240795768, 38.617535669460032 ], [ -9.01036202703528, 38.617271837054759 ], [ -9.010372919045716, 38.616991057317975 ], [ -9.010379889754347, 38.616568776957131 ], [ -9.010400727123555, 38.616336821341292 ], [ -9.010403950159143, 38.616013993349881 ], [ -9.010450445592435, 38.615624738463985 ], [ -9.010485778363307, 38.615392429988141 ], [ -9.010467685228507, 38.615081925436442 ], [ -9.010440416690669, 38.614801431727734 ], [ -9.010372802965835, 38.614341592600958 ], [ -9.010279015442741, 38.613691074889793 ], [ -9.010189013114834, 38.613351168084577 ], [ -9.010113957351672, 38.613063546663355 ], [ -9.009989246191443, 38.612525923942627 ], [ -9.009878619577098, 38.612148361611283 ], [ -9.009819014933848, 38.611954190563473 ], [ -9.009803385354655, 38.61184577066976 ], [ -9.009826276266548, 38.611767003336681 ], [ -9.010135800846875, 38.611391338740795 ], [ -9.010583296334389, 38.610866835343103 ], [ -9.010870228846393, 38.61053533024544 ], [ -9.011175642767743, 38.610155031100852 ], [ -9.011514122689109, 38.609748283713579 ], [ -9.011847462706603, 38.609311633648119 ], [ -9.012143146498365, 38.60891643442028 ], [ -9.012574337584034, 38.608995965496312 ], [ -9.013103865354646, 38.609077632669063 ], [ -9.013796582487332, 38.60916598745218 ], [ -9.01377975813651, 38.608960267748607 ], [ -9.013649337663775, 38.608298572332806 ], [ -9.01354186827033, 38.607819343659202 ], [ -9.013477536433436, 38.607553457540384 ], [ -9.013426151266078, 38.60735999385799 ], [ -9.013361754525999, 38.607144913048145 ], [ -9.013308564350533, 38.6069731733526 ], [ -9.013254610135384, 38.606580150330387 ], [ -9.013242876521959, 38.606400590485642 ], [ -9.013238771814727, 38.606175850661174 ], [ -9.01326079463754, 38.606099298827395 ], [ -9.013317607413484, 38.605980418259925 ], [ -9.012844866667292, 38.605936254605027 ], [ -9.012315306354065, 38.605926200050533 ], [ -9.012228980732445, 38.605887550691172 ], [ -9.012078035568905, 38.605669508837209 ], [ -9.011988442419394, 38.605496597014842 ], [ -9.011927841019574, 38.605441023424234 ], [ -9.011730519916943, 38.6049258035873 ], [ -9.011659481155359, 38.60475824892508 ], [ -9.011471607725861, 38.604273672656156 ], [ -9.011768067963713, 38.604173134062123 ], [ -9.012233232100163, 38.604061932827292 ], [ -9.012107175563694, 38.603732285110894 ], [ -9.012078699183586, 38.603656556890435 ], [ -9.012002221550174, 38.60342752313997 ], [ -9.011855134729371, 38.603069115163123 ], [ -9.011749277402529, 38.602701211816203 ], [ -9.011679848790182, 38.60247770001299 ], [ -9.011902728978059, 38.60244530960108 ], [ -9.012104770697981, 38.602398567703879 ], [ -9.012244653266183, 38.602346977666826 ], [ -9.012285576820419, 38.602314152662046 ], [ -9.012429032992637, 38.602054504499989 ], [ -9.012426018961863, 38.601807512498702 ], [ -9.012426958368316, 38.601591367049835 ], [ -9.012433472337284, 38.601321520066968 ], [ -9.012449729410335, 38.601214654248615 ] ] ] } },
{ "type": "Feature", "properties": { "dtmnfr": "150409", "freguesia": "União das freguesias de Alto do Seixalinho, Santo André e Verderena", "municipio": "Barreiro", "distrito_i": "Setúbal", "nuts3_cod": "1B0", "nuts3": "Península de Setúbal", "nuts2": "Península de Setúbal", "nuts1": "Continente", "area_ha": 717.91, "perimetro_": 13, "designacao": "Alto do Seixalinho, Santo André e Verderena" }, "geometry": { "type": "Polygon", "coordinates": [ [ [ -9.071887198520299, 38.641263017221782 ], [ -9.072031477028933, 38.641642715536477 ], [ -9.072278129180853, 38.642297144030429 ], [ -9.072414171903077, 38.642590968544084 ], [ -9.072591850367745, 38.642906893918784 ], [ -9.072701196259006, 38.64306473367435 ], [ -9.073162131808374, 38.643592317164668 ], [ -9.073515069202529, 38.643996562455591 ], [ -9.074540812278713, 38.645171388078502 ], [ -9.075391754425779, 38.646155496490664 ], [ -9.075605762688665, 38.646419328183129 ], [ -9.075744311638413, 38.64659629330707 ], [ -9.075828887046267, 38.646747756431594 ], [ -9.076323090312313, 38.647582771195232 ], [ -9.076736619163684, 38.648265927761038 ], [ -9.077302149011137, 38.649203772975696 ], [ -9.077524195985468, 38.649588688561096 ], [ -9.078610187589412, 38.650148664897692 ], [ -9.078997251006099, 38.650319204845708 ], [ -9.079356479838856, 38.650469433085227 ], [ -9.079729559509193, 38.650598915252644 ], [ -9.080080923999143, 38.650692365188355 ], [ -9.080374648309752, 38.650772343649059 ], [ -9.079914210400867, 38.651877507083896 ], [ -9.079910688191518, 38.651885958990924 ], [ -9.079720626127493, 38.652338391758384 ], [ -9.07930067840422, 38.652237075801125 ], [ -9.079255111671895, 38.652348549271323 ], [ -9.078958780744873, 38.652277959261106 ], [ -9.078499726487264, 38.65347396425944 ], [ -9.078929921273378, 38.653581019365078 ], [ -9.078353297065426, 38.655024691980636 ], [ -9.078179547138184, 38.654982027843687 ], [ -9.077987751958489, 38.655422536934942 ], [ -9.077637707144433, 38.655635646252328 ], [ -9.077531026304291, 38.6557186787552 ], [ -9.077270750873279, 38.655918048252722 ], [ -9.077010473986707, 38.656117416281909 ], [ -9.076866099617476, 38.656196884307896 ], [ -9.076174910475681, 38.656638402811069 ], [ -9.075724951178634, 38.656949795752638 ], [ -9.07524237973106, 38.657310559530515 ], [ -9.074713873612728, 38.657714352152617 ], [ -9.074301943506363, 38.656694725705115 ], [ -9.074300306787215, 38.656685974077845 ], [ -9.073908900903469, 38.656442506899374 ], [ -9.073740245721785, 38.657237192775078 ], [ -9.073396591921753, 38.657429715979845 ], [ -9.073060507997162, 38.657868411374857 ], [ -9.072966822541082, 38.658039103057796 ], [ -9.073029171477071, 38.658071824501121 ], [ -9.072841217945532, 38.658293630151213 ], [ -9.072778127090562, 38.658366613682837 ], [ -9.072732671497093, 38.658415289718597 ], [ -9.072701582601741, 38.658483343667172 ], [ -9.072568339197783, 38.658612679920822 ], [ -9.072494497691331, 38.658674030222485 ], [ -9.072310356007879, 38.658785596780952 ], [ -9.072230187572558, 38.658839572414998 ], [ -9.072087687587466, 38.658924219830197 ], [ -9.071920848149437, 38.659009874054242 ], [ -9.070581736321254, 38.660487214318721 ], [ -9.070281762090843, 38.660760130578105 ], [ -9.070179934929355, 38.660836255185387 ], [ -9.07004086229564, 38.660937630248981 ], [ -9.06987518570884, 38.661033630553398 ], [ -9.069789189450907, 38.661082153600212 ], [ -9.069729769142874, 38.661115328514832 ], [ -9.069689698495074, 38.661135194964132 ], [ -9.069666294151864, 38.661146194684541 ], [ -9.069595925417053, 38.66118603124287 ], [ -9.06948955567478, 38.661240300355516 ], [ -9.069397048212542, 38.661282387672884 ], [ -9.069302916072944, 38.661323501544381 ], [ -9.069026942538953, 38.661437050950369 ], [ -9.068903972197029, 38.661487038440399 ], [ -9.068712906210768, 38.661557297165899 ], [ -9.068685231253552, 38.661567158008666 ], [ -9.068407130671259, 38.661667483898306 ], [ -9.068245249778849, 38.661720032940977 ], [ -9.068007397936814, 38.66179751605825 ], [ -9.067658318240236, 38.661899395671668 ], [ -9.067516795012308, 38.661927825145995 ], [ -9.066848863927662, 38.662089272592311 ], [ -9.066421785173496, 38.662175467583005 ], [ -9.065758744951994, 38.662271383358622 ], [ -9.065011666065447, 38.662337251277854 ], [ -9.063815885697677, 38.662372366115456 ], [ -9.062661438622017, 38.662334716730882 ], [ -9.061611341925254, 38.66225434125456 ], [ -9.060699180116911, 38.662126200099451 ], [ -9.060566703705437, 38.662107701453749 ], [ -9.059736379576934, 38.661990434968466 ], [ -9.059224832626663, 38.661905851259554 ], [ -9.059211938412021, 38.661903703153207 ], [ -9.058409224338128, 38.661780438969707 ], [ -9.057295442079351, 38.661607298208978 ], [ -9.056929945753458, 38.661568572168434 ], [ -9.056200382929408, 38.66148687070109 ], [ -9.054532698914791, 38.661264458887125 ], [ -9.054618287911854, 38.660952670171824 ], [ -9.054763594021731, 38.660388751109991 ], [ -9.054911845346881, 38.659789117036766 ], [ -9.055064218228214, 38.6591910590721 ], [ -9.05518116724242, 38.658710721300189 ], [ -9.05531366019032, 38.658162691653061 ], [ -9.055426501617829, 38.657682385052816 ], [ -9.055460417202834, 38.657447236116354 ], [ -9.055470044663707, 38.657238018217299 ], [ -9.055461938946197, 38.656925979334453 ], [ -9.055436996165314, 38.656615724371612 ], [ -9.05537893583576, 38.656254062285406 ], [ -9.055331564551469, 38.656038960220179 ], [ -9.055221050380068, 38.655740598398516 ], [ -9.055086166059706, 38.655461734548929 ], [ -9.054897327691799, 38.655135031620063 ], [ -9.054567094436566, 38.654661434115354 ], [ -9.053792856020234, 38.6535801247501 ], [ -9.053333497057656, 38.652919228764773 ], [ -9.052893875830172, 38.652300599892328 ], [ -9.052795289174082, 38.652145988304547 ], [ -9.052767389790908, 38.652102250259802 ], [ -9.052398625875407, 38.651580531012911 ], [ -9.052202368655538, 38.651297872460177 ], [ -9.052079305190706, 38.651124447397564 ], [ -9.051651389321139, 38.650494369684615 ], [ -9.049566531207219, 38.647392273550928 ], [ -9.049965888765531, 38.647344637160458 ], [ -9.050036946406914, 38.647348586916607 ], [ -9.050018960354368, 38.64721122374845 ], [ -9.050022921906347, 38.64701257528305 ], [ -9.050029417621303, 38.646757887733628 ], [ -9.050009452290924, 38.64646521168185 ], [ -9.049957507054918, 38.646210982172875 ], [ -9.049911271590934, 38.64603467880147 ], [ -9.049860463903242, 38.645921137849754 ], [ -9.049802366667699, 38.645757352179309 ], [ -9.049753397345635, 38.645566652777916 ], [ -9.0496964254329, 38.645278828259386 ], [ -9.049627307075456, 38.644844471306875 ], [ -9.049576489611741, 38.644593627845097 ], [ -9.049527282248258, 38.644521917451321 ], [ -9.049455031845715, 38.644441050703222 ], [ -9.049376162154429, 38.644326726724245 ], [ -9.049350753941397, 38.64424387154849 ], [ -9.049316659257331, 38.644119561809092 ], [ -9.04928375767447, 38.643944253563411 ], [ -9.049230027982576, 38.643721096426873 ], [ -9.049227427316065, 38.643246218823649 ], [ -9.049262887828434, 38.643126939392843 ], [ -9.0493151313208, 38.64299429027654 ], [ -9.049482218772367, 38.642916057280843 ], [ -9.04962541647639, 38.642814402926241 ], [ -9.049734447303301, 38.642744818136734 ], [ -9.049759716844715, 38.642682011489924 ], [ -9.049732707770298, 38.642555165500347 ], [ -9.049662520936417, 38.642397840372375 ], [ -9.049529645784309, 38.642162068769871 ], [ -9.049330382767257, 38.641812230082323 ], [ -9.0490884621316, 38.641355445465642 ], [ -9.048930304920816, 38.641184546188015 ], [ -9.048806527295175, 38.641061382390234 ], [ -9.048672114971369, 38.640743104409331 ], [ -9.048508942299879, 38.640421627345866 ], [ -9.04832770534334, 38.640124519418308 ], [ -9.048139458417671, 38.639871973011914 ], [ -9.048038509674381, 38.639746380480567 ], [ -9.047930994281447, 38.639627774510686 ], [ -9.04765276888879, 38.639335300058782 ], [ -9.047237146278954, 38.638895539564565 ], [ -9.04701100367136, 38.638651573883266 ], [ -9.046711829223037, 38.63834575138381 ], [ -9.046592858535492, 38.638220297393289 ], [ -9.046215923873083, 38.637832656124189 ], [ -9.046091347766671, 38.637699771371075 ], [ -9.045894071213754, 38.63748557229983 ], [ -9.045533938769594, 38.637090769562818 ], [ -9.045362602051673, 38.636875198894849 ], [ -9.045264630411648, 38.636757055539015 ], [ -9.045135148710616, 38.636563496352231 ], [ -9.044957019316797, 38.636291854192976 ], [ -9.04484043411099, 38.63607360122775 ], [ -9.044736558514566, 38.635870288054853 ], [ -9.044656423625032, 38.635682193584984 ], [ -9.044556299713713, 38.635412196744262 ], [ -9.044493368104201, 38.635213250319602 ], [ -9.044417460180291, 38.634951078251632 ], [ -9.04433544670484, 38.634615089355904 ], [ -9.044187873731174, 38.63402657712799 ], [ -9.044035073970923, 38.633459992240461 ], [ -9.044003164626993, 38.633343859186887 ], [ -9.04389551486838, 38.633059412755458 ], [ -9.043859858340589, 38.632973666009896 ], [ -9.043770695826444, 38.632779696672642 ], [ -9.043610741921317, 38.632473052227603 ], [ -9.043357658158204, 38.63209470370726 ], [ -9.043199085364439, 38.631887764520904 ], [ -9.04316238041455, 38.63184551124607 ], [ -9.043456807742015, 38.63145999481052 ], [ -9.043643259084876, 38.631237583995755 ], [ -9.043884558326297, 38.630921313307049 ], [ -9.043907995392416, 38.63086316392021 ], [ -9.043938602212769, 38.630704477293371 ], [ -9.043993987226679, 38.630453617234181 ], [ -9.044017208461531, 38.6302285995014 ], [ -9.04402926168623, 38.630146715074972 ], [ -9.044116937978718, 38.629870113370515 ], [ -9.044212646488859, 38.629710913387925 ], [ -9.044330405312408, 38.629750892903559 ], [ -9.044442700863348, 38.62986757263981 ], [ -9.044542749173511, 38.630050735356043 ], [ -9.044615763701637, 38.630157543612199 ], [ -9.044695530446399, 38.630289788443122 ], [ -9.044723544770569, 38.630442883003468 ], [ -9.04476192030816, 38.630897402301059 ], [ -9.044793881027893, 38.631362142548717 ], [ -9.044760546738862, 38.631694888305532 ], [ -9.044756817216681, 38.631898678059798 ], [ -9.044755663287466, 38.631924992410852 ], [ -9.044752182612301, 38.631940513410086 ], [ -9.044751803966358, 38.632046901637928 ], [ -9.044748702792514, 38.632082594147263 ], [ -9.04475154701054, 38.632098972071368 ], [ -9.044749268971755, 38.632109615739047 ], [ -9.044744589066351, 38.632157033739922 ], [ -9.044742032760148, 38.632172546634465 ], [ -9.044717485759016, 38.632727543846791 ], [ -9.044725671935698, 38.632729820354001 ], [ -9.044720139885952, 38.632737434740804 ], [ -9.046552498324576, 38.633382324546652 ], [ -9.046814031506472, 38.633456936350015 ], [ -9.046959222924656, 38.633293580569422 ], [ -9.047119787075745, 38.633112796409804 ], [ -9.047337038434486, 38.632890140064241 ], [ -9.047423790414925, 38.632789339263404 ], [ -9.047748566839937, 38.632369049767 ], [ -9.048137106996354, 38.632117432125277 ], [ -9.048324124993528, 38.631807284450062 ], [ -9.048624478112643, 38.631319219496476 ], [ -9.048711079016517, 38.63121874680678 ], [ -9.048814508242607, 38.631045313018767 ], [ -9.04904799091001, 38.630715498878807 ], [ -9.049147588331213, 38.630586976581981 ], [ -9.049294850175135, 38.630399388877855 ], [ -9.049546942539052, 38.630148835006032 ], [ -9.04956738770354, 38.630040614971911 ], [ -9.04952231474922, 38.629955034677224 ], [ -9.049490068134034, 38.629866917215516 ], [ -9.049463418347043, 38.629776324628224 ], [ -9.049449378209315, 38.62966608756269 ], [ -9.049449810114773, 38.629537359782034 ], [ -9.049478174361425, 38.629068636961016 ], [ -9.049911586627919, 38.629080777605417 ], [ -9.050580048768113, 38.629081362901978 ], [ -9.05103806690966, 38.629081654470873 ], [ -9.051389638758256, 38.629082779791453 ], [ -9.051574883216432, 38.629242513326858 ], [ -9.051466753783538, 38.62930550701531 ], [ -9.051596537717174, 38.629407991780198 ], [ -9.051887838923433, 38.629321621370423 ], [ -9.052405416754457, 38.629138889537465 ], [ -9.052459464269615, 38.629096374641115 ], [ -9.052515850042319, 38.629060710896653 ], [ -9.052576095661264, 38.629003215464813 ], [ -9.052636472586595, 38.628920405398745 ], [ -9.05269233532802, 38.62887042465389 ], [ -9.052752634050687, 38.628835177739909 ], [ -9.05279487799317, 38.628816200769371 ], [ -9.052885782689399, 38.628794766676023 ], [ -9.052961576610342, 38.628785970732963 ], [ -9.053066108303241, 38.628788298935611 ], [ -9.053119070684541, 38.628801192784628 ], [ -9.053161501780481, 38.628828047258288 ], [ -9.053227684925625, 38.628877827815543 ], [ -9.053285459486808, 38.628941691923558 ], [ -9.053316255562017, 38.628934332428322 ], [ -9.053418240811588, 38.628963911731354 ], [ -9.053472478221126, 38.628946007617266 ], [ -9.053668087695632, 38.629045492303945 ], [ -9.060744589442939, 38.62739247350779 ], [ -9.060750913938278, 38.62769801656858 ], [ -9.0607436578064, 38.628221796670871 ], [ -9.060764839066957, 38.628759857832414 ], [ -9.060873410465584, 38.62886150506197 ], [ -9.061298516329392, 38.629242681962673 ], [ -9.061728363806086, 38.629634807671053 ], [ -9.061969000826172, 38.629834314933333 ], [ -9.062435402611589, 38.630174890078507 ], [ -9.063213265285425, 38.630765661830594 ], [ -9.063712354056198, 38.631102275897717 ], [ -9.064380979816971, 38.631547442071096 ], [ -9.064578085188481, 38.631630183813122 ], [ -9.065422700775335, 38.631964041610914 ], [ -9.066131164968334, 38.632247631456913 ], [ -9.066614435673683, 38.632434198436684 ], [ -9.067066141629304, 38.632701728459423 ], [ -9.06736269208478, 38.632889789099956 ], [ -9.067537164684556, 38.633023873185515 ], [ -9.067951304466263, 38.633387187835048 ], [ -9.068039139081023, 38.63347394961157 ], [ -9.068821967452154, 38.634157427504782 ], [ -9.068997720393869, 38.634345454635145 ], [ -9.069258380689268, 38.634863040786762 ], [ -9.069556439169586, 38.635570571514833 ], [ -9.070165350583808, 38.636996874412638 ], [ -9.070449938285515, 38.637613079680897 ], [ -9.071089519644842, 38.63916894266125 ], [ -9.071782168021326, 38.64098659622185 ], [ -9.071887198520299, 38.641263017221782 ] ] ] } },
{ "type": "Feature", "properties": { "dtmnfr": "150410", "freguesia": "União das freguesias de Barreiro e Lavradio", "municipio": "Barreiro", "distrito_i": "Setúbal", "nuts3_cod": "1B0", "nuts3": "Península de Setúbal", "nuts2": "Península de Setúbal", "nuts1": "Continente", "area_ha": 773.56, "perimetro_": 23, "designacao": "Barreiro e Lavradio" }, "geometry": { "type": "Polygon", "coordinates": [ [ [ -9.032514487369879, 38.690117224391471 ], [ -9.032418125152612, 38.684768249469833 ], [ -9.033194326894208, 38.684474465167789 ], [ -9.034119843005866, 38.684119170940484 ], [ -9.034654383190567, 38.684025065914547 ], [ -9.035324280654475, 38.68390666101832 ], [ -9.036244458307149, 38.683703537129858 ], [ -9.036890437997581, 38.683538382643334 ], [ -9.037455503729461, 38.683382220570287 ], [ -9.038146570269197, 38.683161387893257 ], [ -9.038634042864215, 38.68299474708099 ], [ -9.038980631547616, 38.682829102850334 ], [ -9.039614067929231, 38.682509453334603 ], [ -9.040282182784626, 38.682142506957504 ], [ -9.041572072371791, 38.681362121187938 ], [ -9.042417647910495, 38.680844698923202 ], [ -9.042746392323226, 38.680659907891318 ], [ -9.042193907730148, 38.679711529943113 ], [ -9.042798383431832, 38.679476220303833 ], [ -9.043001523922186, 38.679391764606542 ], [ -9.043243262493638, 38.679279444608071 ], [ -9.04349499500136, 38.679139481841879 ], [ -9.043753442052246, 38.678967578840911 ], [ -9.044200447975163, 38.678667186475487 ], [ -9.044342076922343, 38.67858050614759 ], [ -9.044506044348287, 38.678461853332003 ], [ -9.044718915474137, 38.678302737108105 ], [ -9.044958181693394, 38.678140796072547 ], [ -9.045346173263646, 38.677890587200928 ], [ -9.045241692160648, 38.677707823635174 ], [ -9.045197950030595, 38.677448553366546 ], [ -9.045161931810544, 38.677245885850446 ], [ -9.045146308078019, 38.677128635264872 ], [ -9.045148296945724, 38.676851087792159 ], [ -9.045139402189696, 38.676278069986282 ], [ -9.04513791162864, 38.676160708261634 ], [ -9.045123811448081, 38.675720152207916 ], [ -9.045278556502764, 38.675703727247338 ], [ -9.045408626615364, 38.675684786761053 ], [ -9.045477182983845, 38.67567182001175 ], [ -9.045506747495557, 38.675642575495715 ], [ -9.045594428717953, 38.675462271866564 ], [ -9.045664353724497, 38.675286340479389 ], [ -9.045691121514636, 38.675177133887495 ], [ -9.045777117164967, 38.674999728527588 ], [ -9.045819824318478, 38.674897243595524 ], [ -9.045857316917104, 38.674800295125905 ], [ -9.04587793287843, 38.674623485495168 ], [ -9.045909066888829, 38.674442093366018 ], [ -9.045934264999678, 38.674345242623907 ], [ -9.045966677752459, 38.67426490938751 ], [ -9.045877399055653, 38.674003292245288 ], [ -9.045817278353818, 38.673847746424677 ], [ -9.045603783001255, 38.673812121026693 ], [ -9.045458713809893, 38.673762178318235 ], [ -9.045308179431347, 38.67368993910528 ], [ -9.045089864708984, 38.67355499836826 ], [ -9.044940605500702, 38.673447075231117 ], [ -9.044875835043946, 38.673341287540175 ], [ -9.044851809520525, 38.673105374118123 ], [ -9.044836435124004, 38.672799764957482 ], [ -9.044816328246673, 38.672736417960643 ], [ -9.04480637644591, 38.67264948000043 ], [ -9.044882700930136, 38.67227180894541 ], [ -9.044941267110646, 38.672033812107273 ], [ -9.045052438809387, 38.671776221604802 ], [ -9.045232140605426, 38.671639424502565 ], [ -9.045598654264726, 38.671383890901588 ], [ -9.045787025399495, 38.671242797849587 ], [ -9.045926618668297, 38.671108401622767 ], [ -9.046023968400739, 38.671035569612322 ], [ -9.046124612967123, 38.670972653938207 ], [ -9.046257493056498, 38.670951734055997 ], [ -9.046388659778101, 38.670939762445514 ], [ -9.046467928486335, 38.670929498552745 ], [ -9.046557428935072, 38.670910877236153 ], [ -9.046669751567533, 38.670865757086908 ], [ -9.046751912465171, 38.670820883263346 ], [ -9.046835628783862, 38.670754022194807 ], [ -9.046970531391821, 38.670565153912207 ], [ -9.047126704342762, 38.670500087454755 ], [ -9.047057608989299, 38.67035584530344 ], [ -9.046899164503724, 38.670057007664866 ], [ -9.046779724232131, 38.669867302500542 ], [ -9.046603313520587, 38.669643145159171 ], [ -9.046482482660561, 38.669489382584459 ], [ -9.04639276988892, 38.669352152508161 ], [ -9.046287932964608, 38.669204433513393 ], [ -9.046253380884288, 38.66911642928325 ], [ -9.04621626031731, 38.669107080525038 ], [ -9.045958150912966, 38.668606545603296 ], [ -9.045881738522807, 38.66841662162085 ], [ -9.045709120348599, 38.667988650384508 ], [ -9.04563378066695, 38.66788294546906 ], [ -9.04559007719474, 38.667771409621032 ], [ -9.045562460511118, 38.667677764280498 ], [ -9.045577214074767, 38.667572614842101 ], [ -9.0460739249935, 38.667460165945684 ], [ -9.046575119482394, 38.66740364851465 ], [ -9.047120047480126, 38.667379509685091 ], [ -9.047474669588274, 38.667346915012274 ], [ -9.047951682300976, 38.667300106708552 ], [ -9.048069721136441, 38.667275987725745 ], [ -9.04814093450079, 38.667225726194992 ], [ -9.048278336930467, 38.667062696081686 ], [ -9.04839045063912, 38.666905248698903 ], [ -9.0485120297941, 38.666695967080415 ], [ -9.048620193237289, 38.666525695053977 ], [ -9.048771123169709, 38.666318791229301 ], [ -9.048902031224543, 38.66614379902947 ], [ -9.048992367074042, 38.666018829718709 ], [ -9.049126284277163, 38.665831388045291 ], [ -9.049197226742468, 38.665665449773563 ], [ -9.0490038028668, 38.665355061192024 ], [ -9.048806580498882, 38.665070785615512 ], [ -9.048649558719516, 38.664776554634315 ], [ -9.048511666967434, 38.664450376304103 ], [ -9.048508337077482, 38.664324654056173 ], [ -9.048560134603465, 38.664251099951571 ], [ -9.048631808268386, 38.6642132448534 ], [ -9.04877717932354, 38.664152743131552 ], [ -9.049002927114813, 38.664043239699524 ], [ -9.049340654769958, 38.663886015191451 ], [ -9.049460911718215, 38.663823932071125 ], [ -9.049462484675789, 38.662696110510588 ], [ -9.049478378278122, 38.662285093311574 ], [ -9.049478189668447, 38.661772859155391 ], [ -9.049481823720694, 38.661726439380345 ], [ -9.049542836689266, 38.661704948339306 ], [ -9.049795493884325, 38.66164767632084 ], [ -9.050267836534442, 38.661551455683444 ], [ -9.050541824666039, 38.661498186404025 ], [ -9.050625140956937, 38.661411985501111 ], [ -9.050623202852266, 38.661395425046877 ], [ -9.050601752679349, 38.661362265436431 ], [ -9.050506288441831, 38.661191863657827 ], [ -9.05050775238951, 38.6610275458819 ], [ -9.050559714227308, 38.660679251250372 ], [ -9.050583596013999, 38.660480255993853 ], [ -9.050598369037548, 38.66025223987026 ], [ -9.050603651672391, 38.660133304255027 ], [ -9.050583335164145, 38.660031569378688 ], [ -9.050531453659502, 38.65994002243491 ], [ -9.05047003119822, 38.659846064982929 ], [ -9.050296605362007, 38.659668486970666 ], [ -9.050040703294727, 38.659288715311462 ], [ -9.04998607798367, 38.659178843877378 ], [ -9.049968743062083, 38.659062173618089 ], [ -9.049951216946488, 38.658930592969355 ], [ -9.049895026023849, 38.658749610900358 ], [ -9.04983313141028, 38.658618378879552 ], [ -9.049750594291144, 38.658468200772234 ], [ -9.049533258751657, 38.658218119566769 ], [ -9.049435153102241, 38.658064112278566 ], [ -9.049343754472201, 38.65785606816565 ], [ -9.049282485804689, 38.657690865258793 ], [ -9.049245894265036, 38.657472450493202 ], [ -9.0492431084409, 38.657253770933565 ], [ -9.049249533480522, 38.657094665875576 ], [ -9.049247549644381, 38.656938938926594 ], [ -9.049246072342248, 38.656822973043475 ], [ -9.04921514252265, 38.65671717819518 ], [ -9.049163296877795, 38.656628115609358 ], [ -9.04909851992514, 38.656519271745708 ], [ -9.048987305533103, 38.656414105517008 ], [ -9.048816510486184, 38.656276269597292 ], [ -9.048555926102509, 38.656056293845531 ], [ -9.048359273948515, 38.655878895462891 ], [ -9.048145134497444, 38.655710883888204 ], [ -9.047956416928894, 38.655575672201245 ], [ -9.047786461402962, 38.655420430964675 ], [ -9.047635142704491, 38.655235220875547 ], [ -9.047557030146365, 38.655074290550068 ], [ -9.047480199929609, 38.654881368027176 ], [ -9.047346941350922, 38.654504327239977 ], [ -9.047262624414623, 38.654348809468189 ], [ -9.047152639292511, 38.654146720703785 ], [ -9.047067231574285, 38.653942362539617 ], [ -9.046979266974343, 38.653754171180445 ], [ -9.046903663683304, 38.65354103091498 ], [ -9.046879428747527, 38.653379679164942 ], [ -9.046883209769621, 38.65317834528404 ], [ -9.046946759616597, 38.652941750935561 ], [ -9.047065034122413, 38.652688573958855 ], [ -9.047216949613672, 38.652339452413813 ], [ -9.047315692246649, 38.652128109784563 ], [ -9.047364723239458, 38.651996991143292 ], [ -9.047388096358851, 38.651841066720188 ], [ -9.04738218594067, 38.651708565968747 ], [ -9.047324730796031, 38.651510195953271 ], [ -9.047077532813397, 38.651011764557126 ], [ -9.046890796360373, 38.650615584348024 ], [ -9.046829370304778, 38.650437126705086 ], [ -9.046770823556743, 38.650152609303532 ], [ -9.046631175895328, 38.649555019362509 ], [ -9.046574601720266, 38.649261352256154 ], [ -9.046536766474867, 38.64902447860716 ], [ -9.046491191190382, 38.648763055403592 ], [ -9.046441980739823, 38.648548051967055 ], [ -9.046355543256814, 38.648245673778135 ], [ -9.046372673684775, 38.648081366665515 ], [ -9.046413787989628, 38.647991576889901 ], [ -9.046555757442208, 38.64785792132195 ], [ -9.046719693448807, 38.647790367991412 ], [ -9.047014605378711, 38.647721791225869 ], [ -9.047440872978976, 38.647682009993972 ], [ -9.047765355111302, 38.647650736716059 ], [ -9.048115784517146, 38.647590577071753 ], [ -9.048561499793218, 38.647508622525592 ], [ -9.048681684271276, 38.647484258295677 ], [ -9.048906218368574, 38.647463848607714 ], [ -9.049137563461326, 38.647437356071009 ], [ -9.049374350139489, 38.647413969665507 ], [ -9.049566531207219, 38.647392273550928 ], [ -9.051651389321139, 38.650494369684615 ], [ -9.052079305190706, 38.651124447397564 ], [ -9.052202368655538, 38.651297872460177 ], [ -9.052398625875407, 38.651580531012911 ], [ -9.052767389790908, 38.652102250259802 ], [ -9.052795289174082, 38.652145988304547 ], [ -9.052893875830172, 38.652300599892328 ], [ -9.053333497057656, 38.652919228764773 ], [ -9.053792856020234, 38.6535801247501 ], [ -9.054567094436566, 38.654661434115354 ], [ -9.054897327691799, 38.655135031620063 ], [ -9.055086166059706, 38.655461734548929 ], [ -9.055221050380068, 38.655740598398516 ], [ -9.055331564551469, 38.656038960220179 ], [ -9.05537893583576, 38.656254062285406 ], [ -9.055436996165314, 38.656615724371612 ], [ -9.055461938946197, 38.656925979334453 ], [ -9.055470044663707, 38.657238018217299 ], [ -9.055460417202834, 38.657447236116354 ], [ -9.055426501617829, 38.657682385052816 ], [ -9.05531366019032, 38.658162691653061 ], [ -9.05518116724242, 38.658710721300189 ], [ -9.055064218228214, 38.6591910590721 ], [ -9.054911845346881, 38.659789117036766 ], [ -9.054763594021731, 38.660388751109991 ], [ -9.054618287911854, 38.660952670171824 ], [ -9.054532698914791, 38.661264458887125 ], [ -9.056200382929408, 38.66148687070109 ], [ -9.056929945753458, 38.661568572168434 ], [ -9.057295442079351, 38.661607298208978 ], [ -9.058409224338128, 38.661780438969707 ], [ -9.059211938412021, 38.661903703153207 ], [ -9.059224832626663, 38.661905851259554 ], [ -9.059736379576934, 38.661990434968466 ], [ -9.060566703705437, 38.662107701453749 ], [ -9.060699180116911, 38.662126200099451 ], [ -9.061611341925254, 38.66225434125456 ], [ -9.062661438622017, 38.662334716730882 ], [ -9.063815885697677, 38.662372366115456 ], [ -9.065011666065447, 38.662337251277854 ], [ -9.065758744951994, 38.662271383358622 ], [ -9.066421785173496, 38.662175467583005 ], [ -9.066848863927662, 38.662089272592311 ], [ -9.067516795012308, 38.661927825145995 ], [ -9.067658318240236, 38.661899395671668 ], [ -9.068007397936814, 38.66179751605825 ], [ -9.068245249778849, 38.661720032940977 ], [ -9.068407130671259, 38.661667483898306 ], [ -9.068685231253552, 38.661567158008666 ], [ -9.068712906210768, 38.661557297165899 ], [ -9.068903972197029, 38.661487038440399 ], [ -9.069026942538953, 38.661437050950369 ], [ -9.069302916072944, 38.661323501544381 ], [ -9.069397048212542, 38.661282387672884 ], [ -9.06948955567478, 38.661240300355516 ], [ -9.069595925417053, 38.66118603124287 ], [ -9.069666294151864, 38.661146194684541 ], [ -9.069689698495074, 38.661135194964132 ], [ -9.069729769142874, 38.661115328514832 ], [ -9.069789189450907, 38.661082153600212 ], [ -9.06987518570884, 38.661033630553398 ], [ -9.07004086229564, 38.660937630248981 ], [ -9.070179934929355, 38.660836255185387 ], [ -9.070281762090843, 38.660760130578105 ], [ -9.070581736321254, 38.660487214318721 ], [ -9.071920848149437, 38.659009874054242 ], [ -9.072087687587466, 38.658924219830197 ], [ -9.072230187572558, 38.658839572414998 ], [ -9.072310356007879, 38.658785596780952 ], [ -9.072494497691331, 38.658674030222485 ], [ -9.072568339197783, 38.658612679920822 ], [ -9.072701582601741, 38.658483343667172 ], [ -9.072732671497093, 38.658415289718597 ], [ -9.072778127090562, 38.658366613682837 ], [ -9.072841217945532, 38.658293630151213 ], [ -9.073029171477071, 38.658071824501121 ], [ -9.072966822541082, 38.658039103057796 ], [ -9.073060507997162, 38.657868411374857 ], [ -9.073396591921753, 38.657429715979845 ], [ -9.073740245721785, 38.657237192775078 ], [ -9.073908900903469, 38.656442506899374 ], [ -9.074300306787215, 38.656685974077845 ], [ -9.074301943506363, 38.656694725705115 ], [ -9.074713873612728, 38.657714352152617 ], [ -9.07524237973106, 38.657310559530515 ], [ -9.075724951178634, 38.656949795752638 ], [ -9.076174910475681, 38.656638402811069 ], [ -9.076866099617476, 38.656196884307896 ], [ -9.077010473986707, 38.656117416281909 ], [ -9.077270750873279, 38.655918048252722 ], [ -9.077531026304291, 38.6557186787552 ], [ -9.077637707144433, 38.655635646252328 ], [ -9.077987751958489, 38.655422536934942 ], [ -9.078179547138184, 38.654982027843687 ], [ -9.078353297065426, 38.655024691980636 ], [ -9.078929921273378, 38.653581019365078 ], [ -9.078499726487264, 38.65347396425944 ], [ -9.078958780744873, 38.652277959261106 ], [ -9.079255111671895, 38.652348549271323 ], [ -9.07930067840422, 38.652237075801125 ], [ -9.079720626127493, 38.652338391758384 ], [ -9.079910688191518, 38.651885958990924 ], [ -9.079914210400867, 38.651877507083896 ], [ -9.080374648309752, 38.650772343649059 ], [ -9.080627372984228, 38.650841155650184 ], [ -9.081070243282893, 38.650974577579156 ], [ -9.081570264042261, 38.651086628627709 ], [ -9.0819791257499, 38.651167172839138 ], [ -9.082488244135543, 38.651271943336411 ], [ -9.082880688547938, 38.651327304201764 ], [ -9.083423533328725, 38.651376129023177 ], [ -9.08411323234259, 38.651420057872016 ], [ -9.084714741637788, 38.651466416159877 ], [ -9.085100255104367, 38.651518311920547 ], [ -9.085762072849036, 38.651616508735081 ], [ -9.086208539721246, 38.651674035250871 ], [ -9.086649776532319, 38.651752315720493 ], [ -9.087202741306568, 38.651888413698323 ], [ -9.087803789828611, 38.651994302790321 ], [ -9.088249653617007, 38.652092538126332 ], [ -9.088556503147963, 38.652189114850927 ], [ -9.088853758843829, 38.652255235597153 ], [ -9.089330621595265, 38.652351949680167 ], [ -9.089822564001031, 38.65245971201184 ], [ -9.090178545537055, 38.652536155951005 ], [ -9.090764277441364, 38.652785290570179 ], [ -9.091242370781782, 38.65297332525968 ], [ -9.091704254191766, 38.653152310759651 ], [ -9.092101444597393, 38.653303173956907 ], [ -9.092633084281907, 38.653543828267303 ], [ -9.093103871015741, 38.653786685698563 ], [ -9.093584120593972, 38.654049463984599 ], [ -9.094045111247834, 38.654332123319556 ], [ -9.094855862838553, 38.654911777487996 ], [ -9.093831122892707, 38.659073305500101 ], [ -9.093829258149439, 38.659083526879215 ], [ -9.093824266962539, 38.659092169613359 ], [ -9.093815749143374, 38.659101956504003 ], [ -9.093785629510908, 38.659126197596621 ], [ -9.093768068562298, 38.659137754063259 ], [ -9.093741891762916, 38.659153480829644 ], [ -9.093710989234502, 38.659170203951668 ], [ -9.093679447087892, 38.659184628072296 ], [ -9.093639884722784, 38.659197758740675 ], [ -9.09360875744089, 38.659203163329501 ], [ -9.093576153357525, 38.659203110380076 ], [ -9.093543351412057, 38.659196930904734 ], [ -9.093510406601892, 38.659184871270803 ], [ -9.0934809353109, 38.659169409611792 ], [ -9.09345257346305, 38.65915065181737 ], [ -9.093414611911792, 38.659120116503495 ], [ -9.093381395481718, 38.659088917064985 ], [ -9.093349088430454, 38.65905526808254 ], [ -9.093309556073992, 38.65901093546583 ], [ -9.093277379887084, 38.658973143510465 ], [ -9.093246874667123, 38.658935217122142 ], [ -9.093213867849167, 38.658890191337015 ], [ -9.093180562945383, 38.658836861712437 ], [ -9.093151852110374, 38.658776372645555 ], [ -9.093135344496959, 38.658723636584298 ], [ -9.093125046585911, 38.658659294991701 ], [ -9.093120245692191, 38.658581683635354 ], [ -9.093118420095445, 38.658541145504167 ], [ -9.093115503393134, 38.658499252516819 ], [ -9.093110578083266, 38.658459306429272 ], [ -9.093102968178529, 38.658421960464644 ], [ -9.093093628049992, 38.658388309368789 ], [ -9.093075316974128, 38.658330071597348 ], [ -9.093062629833476, 38.658286316669994 ], [ -9.09305423144569, 38.658250918396185 ], [ -9.093048080989719, 38.658216956464891 ], [ -9.093045670070156, 38.658200383514291 ], [ -9.093041674125395, 38.65816688402672 ], [ -9.093038515680881, 38.658132265177443 ], [ -9.093036067904809, 38.658096062293772 ], [ -9.093034071993987, 38.658047838127601 ], [ -9.093013317545109, 38.658042019034973 ], [ -9.092989386052949, 38.658033407407572 ], [ -9.092957572790358, 38.65802138246579 ], [ -9.092931556059636, 38.658013450927207 ], [ -9.092912544789881, 38.658009811861071 ], [ -9.092893220108213, 38.658007996781379 ], [ -9.092828564856891, 38.658012654768342 ], [ -9.092756060855974, 38.658030492764233 ], [ -9.092681098033367, 38.658054595233359 ], [ -9.092616577574459, 38.658080466740657 ], [ -9.092555648104376, 38.658112262144243 ], [ -9.092512281184092, 38.658142013674912 ], [ -9.092469331504768, 38.658181084147422 ], [ -9.092420299802178, 38.65824228579929 ], [ -9.092392524933187, 38.658287892300066 ], [ -9.092362237268965, 38.658349930177614 ], [ -9.092336859411851, 38.658413926657403 ], [ -9.09230681497781, 38.658501872236982 ], [ -9.092284368457587, 38.658565837458838 ], [ -9.092239444632725, 38.658669332138203 ], [ -9.092190533251706, 38.658766297167823 ], [ -9.092162434369508, 38.658821488078146 ], [ -9.092136257561199, 38.658875738100285 ], [ -9.092119260667149, 38.658913926352007 ], [ -9.092087607652649, 38.658989745878387 ], [ -9.092046384722018, 38.659084181417555 ], [ -9.091973051040382, 38.659232110256724 ], [ -9.09186666605131, 38.659433844513302 ], [ -9.091826028319932, 38.659574969939037 ], [ -9.091809946334891, 38.659600718704077 ], [ -9.091790699502605, 38.659624592719219 ], [ -9.091770094873757, 38.659647704072775 ], [ -9.091748940422567, 38.659669904716267 ], [ -9.091728770639129, 38.659692027023397 ], [ -9.091713485801566, 38.659710098029699 ], [ -9.091708168056579, 38.659715208611566 ], [ -9.091691071572649, 38.659732168462625 ], [ -9.091674453968212, 38.65975799096001 ], [ -9.091654027531096, 38.659781030570187 ], [ -9.091652368550546, 38.65978456269022 ], [ -9.091635383214323, 38.6598031403596 ], [ -9.09163290395766, 38.659805553201657 ], [ -9.09161328505836, 38.65982858618689 ], [ -9.091600531000021, 38.65984811375079 ], [ -9.091599396715777, 38.659850586733619 ], [ -9.091585266028329, 38.659874489051539 ], [ -9.091572442494302, 38.659902251393362 ], [ -9.09156988070921, 38.659905368435055 ], [ -9.091555560982563, 38.65992181277452 ], [ -9.091535464004821, 38.659942597664362 ], [ -9.091518483295507, 38.659961527491433 ], [ -9.091500455268827, 38.659982646734115 ], [ -9.091486595493217, 38.660000071870549 ], [ -9.091483426198691, 38.660004673001481 ], [ -9.091475678845322, 38.660015925316181 ], [ -9.091470575182184, 38.660023568083069 ], [ -9.091453588806939, 38.660042075471942 ], [ -9.091434884033879, 38.660066296298467 ], [ -9.091416384314574, 38.660085732194617 ], [ -9.091403026685379, 38.660100408469681 ], [ -9.091397819338402, 38.660106996345419 ], [ -9.09138132803311, 38.660128947929451 ], [ -9.091365834737271, 38.660151735384197 ], [ -9.091351459077783, 38.660170714106656 ], [ -9.091338004315794, 38.660184828170074 ], [ -9.091331710058698, 38.660190721422644 ], [ -9.091314365187772, 38.66020923082727 ], [ -9.091312336525686, 38.660211921921409 ], [ -9.091297357788608, 38.660232805364643 ], [ -9.091279637615159, 38.660256948738457 ], [ -9.091271336127477, 38.660273695053142 ], [ -9.091267932473542, 38.660280971671952 ], [ -9.091252665730405, 38.660300590944061 ], [ -9.091239848675603, 38.660315404197625 ], [ -9.091234730165221, 38.660321849912698 ], [ -9.091219104994893, 38.660341472116507 ], [ -9.091205468897678, 38.660355518288355 ], [ -9.091198553014495, 38.660361838199996 ], [ -9.091180911142976, 38.660378239443453 ], [ -9.091178786304264, 38.660380438585534 ], [ -9.091160318285658, 38.660402264903993 ], [ -9.09114614548661, 38.660416385727395 ], [ -9.09113887472582, 38.660423060754987 ], [ -9.091124297022818, 38.660440421466021 ], [ -9.091113373251945, 38.660455923623751 ], [ -9.091109432894381, 38.660463274896138 ], [ -9.09109820153515, 38.660482508883035 ], [ -9.091086017262597, 38.660497739411909 ], [ -9.091079647406787, 38.660504688106599 ], [ -9.091061855330958, 38.660523272299379 ], [ -9.091039488289258, 38.660542105646293 ], [ -9.091022864382243, 38.660554205316757 ], [ -9.091005428418026, 38.660565889160225 ], [ -9.09099688610843, 38.660571378330374 ], [ -9.090978035555411, 38.66058476365513 ], [ -9.090961500507909, 38.66059672206439 ], [ -9.090945872937393, 38.660609446826875 ], [ -9.090930705054994, 38.660622872248325 ], [ -9.090913699245432, 38.660636664030342 ], [ -9.090898597321637, 38.660644950745358 ], [ -9.090893527646946, 38.660648511684492 ], [ -9.090878624811815, 38.660661653879238 ], [ -9.090875882105728, 38.660664561599937 ], [ -9.09085977198178, 38.660681513251816 ], [ -9.090857467918681, 38.660683713855626 ], [ -9.090835898954619, 38.660701835302334 ], [ -9.090817198135948, 38.660719653111755 ], [ -9.090804195872394, 38.660734115621054 ], [ -9.09080164361894, 38.660737866730784 ], [ -9.090790718999367, 38.660753227439528 ], [ -9.090787094826117, 38.660757408899954 ], [ -9.090772225468751, 38.660773154118417 ], [ -9.090756143414405, 38.660792217000868 ], [ -9.090744506643386, 38.660807935748721 ], [ -9.09074222037426, 38.660811472991455 ], [ -9.090732495450368, 38.660829356921241 ], [ -9.090721393266483, 38.660844930765144 ], [ -9.090708398884578, 38.660859815674272 ], [ -9.090695667479723, 38.660874347117016 ], [ -9.090683213311474, 38.660889509550877 ], [ -9.090668586469203, 38.660903281820659 ], [ -9.090652692991048, 38.660916149245566 ], [ -9.090636524670019, 38.660928738769591 ], [ -9.09061936298699, 38.66094084278518 ], [ -9.09060228832001, 38.660952665937138 ], [ -9.090584307797897, 38.660963931700614 ], [ -9.090565510337617, 38.66097450152489 ], [ -9.090535543954203, 38.660988821820688 ], [ -9.090501675689174, 38.661006833096046 ], [ -9.090474876026605, 38.66102316956853 ], [ -9.090436556104288, 38.661050436948301 ], [ -9.090415741838211, 38.661064682304485 ], [ -9.090382124949029, 38.661081214176235 ], [ -9.090372151042461, 38.661087136591796 ], [ -9.09032840538938, 38.661111423456191 ], [ -9.090300602914935, 38.661126570032017 ], [ -9.090291349788995, 38.661132698230013 ], [ -9.090250443287241, 38.661161323503279 ], [ -9.090226284059758, 38.661180452409987 ], [ -9.090202116592758, 38.661198876953719 ], [ -9.090178051630913, 38.661218357291808 ], [ -9.090154790697964, 38.661237478833321 ], [ -9.090132345761209, 38.661257226955762 ], [ -9.090112704435219, 38.661278640233292 ], [ -9.090102454706495, 38.661290688519458 ], [ -9.090090043717202, 38.661315843108454 ], [ -9.090091577681292, 38.661336661552092 ], [ -9.090102338893868, 38.661356137073383 ], [ -9.090119871944919, 38.661378654135063 ], [ -9.090134886418577, 38.661407455963143 ], [ -9.090135761743717, 38.661419271797598 ], [ -9.090126258456211, 38.661447005909494 ], [ -9.090112477681767, 38.661470412446299 ], [ -9.090110283781929, 38.661474160608684 ], [ -9.090107615632965, 38.661475941701539 ], [ -9.090098541665606, 38.661482069319106 ], [ -9.090055268656092, 38.661501494201126 ], [ -9.090025007644924, 38.661513987252604 ], [ -9.089995204217997, 38.661527109814934 ], [ -9.089965029984526, 38.661539391353877 ], [ -9.089934492424549, 38.661551393906919 ], [ -9.089903957872737, 38.661563536952201 ], [ -9.089864047517624, 38.661579417533865 ], [ -9.089832438414648, 38.661591709875083 ], [ -9.089801536785139, 38.661603293797228 ], [ -9.089770903010882, 38.661614804357221 ], [ -9.089741005217228, 38.661627576314892 ], [ -9.089711658134684, 38.661641328334973 ], [ -9.089682036608696, 38.661654660117151 ], [ -9.089652501871846, 38.661667780394929 ], [ -9.089624069738793, 38.66168286259807 ], [ -9.089571018966817, 38.661716162109961 ], [ -9.089543393437179, 38.661731166534373 ], [ -9.08952004630352, 38.661750569703926 ], [ -9.089500771726787, 38.661772543780081 ], [ -9.089483303895257, 38.661795347129086 ], [ -9.089469810597626, 38.661820088927051 ], [ -9.08946072436577, 38.661845427951093 ], [ -9.089456499350293, 38.661871993751028 ], [ -9.0894564965827, 38.661898735814667 ], [ -9.089458196942255, 38.661925253165386 ], [ -9.089467161852944, 38.661951429166457 ], [ -9.089483669436721, 38.661964313447285 ], [ -9.089509398794668, 38.661982259580498 ], [ -9.089540508687934, 38.661993053499799 ], [ -9.089557347574765, 38.66200389474956 ], [ -9.089560929319884, 38.662009987294873 ], [ -9.089558856081807, 38.662015986459281 ], [ -9.089545930056584, 38.662029393367966 ], [ -9.089519312010919, 38.662045867760263 ], [ -9.089491785520636, 38.662061504624596 ], [ -9.089462711723751, 38.662075607461112 ], [ -9.089433271051137, 38.662089078226337 ], [ -9.089402922161879, 38.66210164209815 ], [ -9.089372300281648, 38.662114067669279 ], [ -9.08933446247952, 38.662130493224915 ], [ -9.089329797809835, 38.662130743048671 ], [ -9.089307082847355, 38.662130224326077 ], [ -9.089271357141159, 38.66213009481303 ], [ -9.089245530227055, 38.66213185441849 ], [ -9.089219971191396, 38.662133541566085 ], [ -9.08919502275044, 38.662133886029402 ], [ -9.089162571812304, 38.66213689692588 ], [ -9.089122020196696, 38.662138284125668 ], [ -9.089105601732729, 38.662138840798669 ], [ -9.08907118330826, 38.662142501013271 ], [ -9.089044128826549, 38.662146381181174 ], [ -9.089017151577535, 38.662149416662302 ], [ -9.089005229804876, 38.662150569832896 ], [ -9.088992969993967, 38.662153345402771 ], [ -9.088982820147283, 38.662159621350561 ], [ -9.088974922495993, 38.662166441891422 ], [ -9.088966531902354, 38.662176714721483 ], [ -9.088953531103542, 38.662184421014764 ], [ -9.088939285302498, 38.662186367858887 ], [ -9.088897229578318, 38.662189385108846 ], [ -9.088873999959137, 38.662190772996794 ], [ -9.08883803812707, 38.662193107166594 ], [ -9.088812219809071, 38.662195429606065 ], [ -9.088769022185526, 38.662200357728615 ], [ -9.088735054740688, 38.66220415378362 ], [ -9.088701048758903, 38.662205136946149 ], [ -9.088667039435556, 38.662205695849401 ], [ -9.088633506923165, 38.662208503747578 ], [ -9.088599519836706, 38.662210822612181 ], [ -9.088567744309341, 38.662210801139203 ], [ -9.088544878008509, 38.662205638981582 ], [ -9.088529452724208, 38.662199925101127 ], [ -9.088492942809285, 38.662194733857078 ], [ -9.088459192034097, 38.662194517701849 ], [ -9.088424730524086, 38.662194939703326 ], [ -9.08839064988225, 38.662197048484231 ], [ -9.088357007186486, 38.662198308728321 ], [ -9.08832273538914, 38.662199433575729 ], [ -9.088288646545291, 38.662200838869332 ], [ -9.088254725674297, 38.662201396930342 ], [ -9.08822054232926, 38.662202521025492 ], [ -9.088186162951684, 38.662202380186983 ], [ -9.088152064029689, 38.662202940572911 ], [ -9.088118423203806, 38.662204342158674 ], [ -9.0880850913624, 38.6622087660975 ], [ -9.088050844783112, 38.662211790446037 ], [ -9.088017609309485, 38.662216636954724 ], [ -9.087985312140601, 38.662224571842451 ], [ -9.087952923481648, 38.662232366042595 ], [ -9.087921009238016, 38.662242057949243 ], [ -9.087889180834885, 38.662251466295331 ], [ -9.087857908746219, 38.662262278041666 ], [ -9.087826903083979, 38.662272735392229 ], [ -9.087795807387735, 38.662283334895037 ], [ -9.08776452593078, 38.662293443168359 ], [ -9.087732527829472, 38.662303486119228 ], [ -9.087701430240109, 38.662313945087703 ], [ -9.087670330047546, 38.662324122118875 ], [ -9.087639414652067, 38.662334719207934 ], [ -9.087608499271235, 38.662345318090324 ], [ -9.08757668198338, 38.662355570310268 ], [ -9.087545403477145, 38.66236581902578 ], [ -9.087513846593001, 38.662375436742288 ], [ -9.087482296239909, 38.662385547134498 ], [ -9.087450928101674, 38.662395796556176 ], [ -9.087419471065438, 38.662406187219567 ], [ -9.087388283779607, 38.662416646836874 ], [ -9.087357460932141, 38.662427384522069 ], [ -9.087326647194638, 38.662438895911841 ], [ -9.087296014522103, 38.662450546341134 ], [ -9.087265927385749, 38.662462615687922 ], [ -9.087236027623604, 38.662475386122289 ], [ -9.08722504685387, 38.662479839172086 ], [ -9.087189945675926, 38.662492933975294 ], [ -9.087157652028257, 38.662501150556658 ], [ -9.087112987319674, 38.662510522871003 ], [ -9.087080047739754, 38.662517336749509 ], [ -9.087068785791777, 38.662520948028671 ], [ -9.087033402675553, 38.662533059609622 ], [ -9.087006331858348, 38.662542569438671 ], [ -9.086982749471295, 38.662551066237853 ], [ -9.086951745007649, 38.662561806198354 ], [ -9.086929767524584, 38.662569515210869 ], [ -9.086906001747279, 38.662577872965365 ], [ -9.086867600281289, 38.662592401634306 ], [ -9.086836965615108, 38.662603912335975 ], [ -9.08680668956535, 38.662615348942367 ], [ -9.086795434327799, 38.662619381714833 ], [ -9.086759795152153, 38.662632551038399 ], [ -9.086723975105899, 38.662645511038676 ], [ -9.086698956449823, 38.662654089753325 ], [ -9.086663037000791, 38.662666486644767 ], [ -9.086654102809828, 38.662669586169173 ], [ -9.086619361946575, 38.662682749027283 ], [ -9.086588454634198, 38.662693979035609 ], [ -9.086558002816332, 38.662705769223358 ], [ -9.086549963229659, 38.662708579496886 ], [ -9.086517282745042, 38.662721513841177 ], [ -9.086486107526634, 38.662732817169548 ], [ -9.086455103101612, 38.662743484934467 ], [ -9.086436878824568, 38.662749967000444 ], [ -9.086403997641154, 38.662761285112651 ], [ -9.086373630917421, 38.662772652083888 ], [ -9.086359877006421, 38.662777831178943 ], [ -9.086326033228213, 38.66279098573802 ], [ -9.086295390925438, 38.662801933360626 ], [ -9.086264941080769, 38.662813792817786 ], [ -9.086255833230661, 38.662817315301325 ], [ -9.086220279735784, 38.662830202713174 ], [ -9.086189377193749, 38.662841715428591 ], [ -9.086159014839925, 38.662853503882928 ], [ -9.086127753419973, 38.662865160031131 ], [ -9.086120159952205, 38.662867825214605 ], [ -9.086089156356181, 38.662878564039197 ], [ -9.086057601850815, 38.662888393032397 ], [ -9.086040878849575, 38.662893033280852 ], [ -9.086009033119588, 38.662901174733349 ], [ -9.086001252765552, 38.662903349595034 ], [ -9.085961551984981, 38.662914792504054 ], [ -9.08592946704159, 38.662925258145506 ], [ -9.085915883175765, 38.662929662016246 ], [ -9.08588460862452, 38.662940332731665 ], [ -9.08587951543306, 38.662942063220427 ], [ -9.085838414056106, 38.662956191971467 ], [ -9.085807398252916, 38.662966015608468 ], [ -9.08577531140174, 38.662976340698513 ], [ -9.0857439455591, 38.662986801332877 ], [ -9.085733664684371, 38.662989982018033 ], [ -9.085701320393596, 38.663001082971626 ], [ -9.085670045766534, 38.663011752729638 ], [ -9.085638586563789, 38.663021933046636 ], [ -9.085606574353188, 38.663031131482946 ], [ -9.085596824067895, 38.663033603409758 ], [ -9.085562112547381, 38.663042331078493 ], [ -9.085530176388204, 38.663050333513354 ], [ -9.085497516181611, 38.66305805898412 ], [ -9.085465398486523, 38.663066061978725 ], [ -9.085455022604634, 38.663068750675585 ], [ -9.085422994724041, 38.663076682664901 ], [ -9.085390427833309, 38.663084689296376 ], [ -9.085358399938158, 38.663092621268142 ], [ -9.085347755942442, 38.663095452663136 ], [ -9.085313517984599, 38.66310593566471 ], [ -9.085282041687028, 38.66311491886232 ], [ -9.085250932202724, 38.663124533228434 ], [ -9.085241103462225, 38.663127849813705 ], [ -9.085201608671259, 38.663141332000819 ], [ -9.085169867246677, 38.663150598376035 ], [ -9.085137295860212, 38.663158183399496 ], [ -9.085104997924166, 38.663166116599307 ], [ -9.08509596561192, 38.663168583541392 ], [ -9.085063307163074, 38.663176449401647 ], [ -9.085031276180182, 38.663184240784446 ], [ -9.084998709632432, 38.663192106779533 ], [ -9.084966691668509, 38.663200882612863 ], [ -9.084934772845976, 38.66321029179371 ], [ -9.084903309704718, 38.663220189094346 ], [ -9.08487239795868, 38.663231208800134 ], [ -9.08484186089883, 38.663243281186226 ], [ -9.084811691552844, 38.663256053196157 ], [ -9.084781440041082, 38.663269388866752 ], [ -9.084634876386859, 38.663321190041351 ], [ -9.082169549784121, 38.664018615600483 ], [ -9.080631541669378, 38.664411642718896 ], [ -9.077856611999355, 38.665125935965783 ], [ -9.07743222617127, 38.665235984561768 ], [ -9.077527326571321, 38.665525692222872 ], [ -9.077454646136015, 38.665543824854936 ], [ -9.077419371275637, 38.665456911335184 ], [ -9.077401563115345, 38.66547471979888 ], [ -9.077384894424036, 38.665479034987108 ], [ -9.077452478162357, 38.665627629356493 ], [ -9.077492541101766, 38.665732928261022 ], [ -9.077529835826452, 38.665857432034059 ], [ -9.077476296445047, 38.665869065785799 ], [ -9.077472223009845, 38.665861953531866 ], [ -9.077003682942118, 38.665997004771903 ], [ -9.077000011487922, 38.666001078992664 ], [ -9.076766776512983, 38.666069125672792 ], [ -9.076744471680298, 38.666023874693757 ], [ -9.076981339208217, 38.665956413989512 ], [ -9.076982665962383, 38.665952015486567 ], [ -9.077452450449826, 38.665817690236764 ], [ -9.077458900282458, 38.66581564468995 ], [ -9.077431844260202, 38.665731390638328 ], [ -9.07739214249767, 38.665630314448627 ], [ -9.077331352053687, 38.665496720269687 ], [ -9.077356747921254, 38.665487045135698 ], [ -9.07728008667563, 38.665302235261585 ], [ -9.077135335951453, 38.665339095181132 ], [ -9.074857553999454, 38.665946992672836 ], [ -9.074843596230417, 38.665950753298716 ], [ -9.074869919439639, 38.666016567279307 ], [ -9.074915517284953, 38.666103305665793 ], [ -9.074987761906161, 38.666250363200731 ], [ -9.074994602214149, 38.666263818311847 ], [ -9.074999539458855, 38.666272158692863 ], [ -9.075057549672978, 38.666384831076265 ], [ -9.075144831160216, 38.666548609656211 ], [ -9.075166108398159, 38.666602397989919 ], [ -9.075187462422477, 38.66663609065823 ], [ -9.075239052398729, 38.666732692140755 ], [ -9.075410032929911, 38.667066318557445 ], [ -9.075625738345071, 38.667480924696534 ], [ -9.07567703687883, 38.667581670192106 ], [ -9.075679614845791, 38.667594173233681 ], [ -9.075677259615198, 38.667606982668808 ], [ -9.075668071906028, 38.667616243067364 ], [ -9.07565276436935, 38.667622939564261 ], [ -9.075636200597746, 38.667621544390734 ], [ -9.075097826546481, 38.667405733502591 ], [ -9.074743104844465, 38.667271675565004 ], [ -9.074260840236265, 38.667084950764462 ], [ -9.073734702293081, 38.666881649881802 ], [ -9.073719894628743, 38.66713678000216 ], [ -9.073634936553436, 38.667141969028087 ], [ -9.073714502253303, 38.667944475938036 ], [ -9.073599009026267, 38.667951803089906 ], [ -9.073509936061804, 38.66715117504031 ], [ -9.072986514216728, 38.667181687588624 ], [ -9.072983417120417, 38.667164418020235 ], [ -9.072846478970693, 38.667174886690496 ], [ -9.07285878633169, 38.66720226670266 ], [ -9.073006955390779, 38.668751878510029 ], [ -9.072799475860261, 38.668762825726695 ], [ -9.072790431218465, 38.668633907489152 ], [ -9.072070654374913, 38.66866563940011 ], [ -9.072070237476337, 38.668677441421465 ], [ -9.071969916410367, 38.668685273920609 ], [ -9.071966585818531, 38.668606389701786 ], [ -9.071981628095745, 38.668605821253422 ], [ -9.07184312725912, 38.667169807757332 ], [ -9.071804618366741, 38.667036798440321 ], [ -9.070671936767685, 38.667430893752837 ], [ -9.070313718511125, 38.667556637481916 ], [ -9.070184253700337, 38.667743330605241 ], [ -9.07034806367224, 38.668031350459628 ], [ -9.070315513406845, 38.668055123975108 ], [ -9.070534182912782, 38.668311355197986 ], [ -9.071452124406733, 38.669041916726137 ], [ -9.071781231269629, 38.669158357048481 ], [ -9.073363858282637, 38.669709614312524 ], [ -9.073576009670111, 38.669783208180029 ], [ -9.073497978193625, 38.669931028951048 ], [ -9.073520101998959, 38.669935802755838 ], [ -9.073541550791905, 38.669942028668004 ], [ -9.073578363523131, 38.669953983525971 ], [ -9.073598907241193, 38.669961202180012 ], [ -9.073642135069733, 38.669971843411183 ], [ -9.073662447773115, 38.669978529737719 ], [ -9.073677228171046, 38.669984446229442 ], [ -9.07370482713951, 38.669994401504589 ], [ -9.073726153943715, 38.670000083380117 ], [ -9.073740232993101, 38.670004384966298 ], [ -9.073761006493381, 38.670011511663695 ], [ -9.073781426007633, 38.670018016950479 ], [ -9.073799074981844, 38.670023275291193 ], [ -9.073819841247143, 38.670029233699438 ], [ -9.073855722199944, 38.670040749167569 ], [ -9.073876162711228, 38.670048330724065 ], [ -9.073915891486322, 38.670063861613272 ], [ -9.073936986049175, 38.670068915659542 ], [ -9.073953218760094, 38.670071488376351 ], [ -9.073973761398234, 38.670078531316889 ], [ -9.073994096515028, 38.670086925320732 ], [ -9.074011400920053, 38.670092367461841 ], [ -9.074032061793543, 38.670099137399461 ], [ -9.074071693490154, 38.670116112997697 ], [ -9.074091905495768, 38.670123878316119 ], [ -9.074103325853381, 38.670127662571097 ], [ -9.074124894112911, 38.670133614472171 ], [ -9.07414510022809, 38.670141016806568 ], [ -9.07429751998051, 38.670189419863028 ], [ -9.074318622962769, 38.67019519981654 ], [ -9.074338274769726, 38.670204318096879 ], [ -9.074357363847131, 38.670214160641351 ], [ -9.074378025017683, 38.670221474597803 ], [ -9.074389890677672, 38.670223900438579 ], [ -9.074410541007966, 38.670229859674279 ], [ -9.074431770595988, 38.67023644390288 ], [ -9.074470567661331, 38.670163792946305 ], [ -9.074417789236453, 38.670134404886781 ], [ -9.074426728764717, 38.670123792684223 ], [ -9.074380459304797, 38.670108944268449 ], [ -9.074385751178749, 38.67009187837273 ], [ -9.074598674060383, 38.670154027612774 ], [ -9.074560261235634, 38.670221264416853 ], [ -9.074479060628153, 38.670197958564799 ], [ -9.074458914497553, 38.670238746767893 ], [ -9.074481775055448, 38.670247210439399 ], [ -9.074501200561095, 38.67025633051361 ], [ -9.074521977727381, 38.670263638105986 ], [ -9.074540832421922, 38.670273215870239 ], [ -9.074550099187087, 38.670278728034489 ], [ -9.074567714853965, 38.670290294824056 ], [ -9.074586107698352, 38.670299876298664 ], [ -9.074602405345514, 38.670307400996755 ], [ -9.074622966804046, 38.670315344470161 ], [ -9.074642938525587, 38.670322476563349 ], [ -9.07466291976041, 38.670330334620751 ], [ -9.074682776598571, 38.670337467631967 ], [ -9.074700085869249, 38.670343272653362 ], [ -9.074720279192933, 38.670349689516129 ], [ -9.07474048539752, 38.670357001666154 ], [ -9.074760001244577, 38.670364680591518 ], [ -9.074780547373216, 38.670371451319738 ], [ -9.074798999709666, 38.670376799425703 ], [ -9.074826830074798, 38.670387291248758 ], [ -9.0748477139658, 38.670393969165559 ], [ -9.074864676361518, 38.670399782360271 ], [ -9.074884892011704, 38.670407813246904 ], [ -9.074904754871762, 38.670415490254399 ], [ -9.074921945614053, 38.670420577359366 ], [ -9.074943036796789, 38.670425360109654 ], [ -9.074964811571496, 38.670429960794436 ], [ -9.074984634282677, 38.670434572691697 ], [ -9.07503689847232, 38.670450726487481 ], [ -9.075052002443918, 38.670454838599525 ], [ -9.075073444182122, 38.67045989054423 ], [ -9.07509600553032, 38.670463222849591 ], [ -9.075112251148477, 38.670466332177156 ], [ -9.075133465692319, 38.670472196660036 ], [ -9.075152984963704, 38.670479605251963 ], [ -9.075190731583788, 38.670492724917118 ], [ -9.075201125047423, 38.670496965033017 ], [ -9.07522042757831, 38.670505457219356 ], [ -9.07523870333031, 38.670514948552821 ], [ -9.075256543025166, 38.670525973853998 ], [ -9.075272674614631, 38.670537914612552 ], [ -9.075287329185604, 38.670551306744684 ], [ -9.075298982504517, 38.670563912333733 ], [ -9.075310556275483, 38.670578864243588 ], [ -9.075319384514952, 38.670595006607321 ], [ -9.075324551473988, 38.670612079265638 ], [ -9.075325168176908, 38.670624326067468 ], [ -9.075321373602016, 38.670641385345647 ], [ -9.075311236411148, 38.670657136414569 ], [ -9.075299022979742, 38.67067227995495 ], [ -9.075282870053391, 38.670684661851794 ], [ -9.075262525416742, 38.670692572616737 ], [ -9.075247185383533, 38.670696929946502 ], [ -9.075225162738089, 38.670699900727406 ], [ -9.075202636914966, 38.670699811038453 ], [ -9.075184579863897, 38.670698154891348 ], [ -9.075161900217518, 38.670695095597786 ], [ -9.075118009481058, 38.670686440228835 ], [ -9.075098085976478, 38.670682911026397 ], [ -9.075066751617673, 38.670676946982475 ], [ -9.075045880560657, 38.670671256278183 ], [ -9.075025681366052, 38.670664488208139 ], [ -9.075005829034751, 38.670657620955581 ], [ -9.074985160661596, 38.670649859472263 ], [ -9.074972003932684, 38.67064537044989 ], [ -9.074951466973577, 38.670638780742863 ], [ -9.07491086231307, 38.670627037917107 ], [ -9.074893794467924, 38.670621950722072 ], [ -9.074852946960499, 38.670608860434335 ], [ -9.074836669431159, 38.670603404745883 ], [ -9.074815777243288, 38.670596098136571 ], [ -9.0747943258195, 38.67058978240145 ], [ -9.074687610170219, 38.670548395908966 ], [ -9.074650782844563, 38.670535364165225 ], [ -9.074630700842963, 38.670528589678192 ], [ -9.074587684602735, 38.67051659411193 ], [ -9.074566907368153, 38.670509287433262 ], [ -9.074546708149448, 38.670502422894536 ], [ -9.074525002251017, 38.670494307559537 ], [ -9.074512755305172, 38.670489180602431 ], [ -9.074492898441068, 38.670482047562857 ], [ -9.074476052326572, 38.670476777461047 ], [ -9.074456314989696, 38.670469909188938 ], [ -9.074440602497882, 38.670463461621026 ], [ -9.074420726740037, 38.670454884739911 ], [ -9.074405142031223, 38.670449332434032 ], [ -9.074384136261019, 38.67044220772182 ], [ -9.074363589988288, 38.670434898247116 ], [ -9.07433080991211, 38.670423902064748 ], [ -9.074296407127532, 38.670411656011119 ], [ -9.07424552889313, 38.670395942931869 ], [ -9.074120401465516, 38.670351729635769 ], [ -9.074100073321807, 38.670343875177394 ], [ -9.074080992516018, 38.670334752263216 ], [ -9.074053515108552, 38.670324705119562 ], [ -9.074032071066954, 38.67031938096433 ], [ -9.073995883178556, 38.670310939746599 ], [ -9.073974348868179, 38.670307145864207 ], [ -9.073929674436055, 38.670300213274984 ], [ -9.073913237851412, 38.670299801411254 ], [ -9.073890716847414, 38.670299982570803 ], [ -9.073868568587985, 38.670301691185855 ], [ -9.073846319861589, 38.670305117528372 ], [ -9.073810344052831, 38.670312791649145 ], [ -9.073788347374508, 38.670317830185802 ], [ -9.073768207915171, 38.670324390544636 ], [ -9.073717183272546, 38.670341467508358 ], [ -9.073697509152185, 38.670348290749189 ], [ -9.07368160867801, 38.670353462199735 ], [ -9.073641112754492, 38.670367213380352 ], [ -9.073619041230975, 38.670375227827364 ], [ -9.073586112708082, 38.670387739889094 ], [ -9.073571483253874, 38.670393892884086 ], [ -9.073551820906902, 38.670401530328427 ], [ -9.073534212444901, 38.67040815677192 ], [ -9.073514669659726, 38.670416150865975 ], [ -9.073497532517038, 38.670423496856102 ], [ -9.073478325065661, 38.670431126126495 ], [ -9.073457863105721, 38.670439037521682 ], [ -9.073423097408098, 38.670451388653049 ], [ -9.073403549920867, 38.670459025149057 ], [ -9.073390514880035, 38.670464355484143 ], [ -9.073370511206976, 38.670471991138193 ], [ -9.073353345835027, 38.670477620410644 ], [ -9.073332991664756, 38.670484902159544 ], [ -9.073276621113234, 38.67050625566506 ], [ -9.073235787229748, 38.670520184177505 ], [ -9.073199081444361, 38.67053399571968 ], [ -9.073178846908545, 38.67054208089403 ], [ -9.073164329760699, 38.670547513196851 ], [ -9.073107016363945, 38.670566980718917 ], [ -9.073070290458872, 38.6705792574204 ], [ -9.073049362867586, 38.670586451847079 ], [ -9.073012289957214, 38.670598730418376 ], [ -9.072992278014956, 38.670605651740509 ], [ -9.072976381137515, 38.670611633785946 ], [ -9.07295626151674, 38.670619723403192 ], [ -9.072940833351577, 38.670625610696511 ], [ -9.072879999424776, 38.670648349275588 ], [ -9.072859527926624, 38.670655540904349 ], [ -9.072724989622319, 38.670700761929389 ], [ -9.072700629320295, 38.670709152208872 ], [ -9.072681438224267, 38.670718045038818 ], [ -9.07262417163173, 38.670741025967139 ], [ -9.072604174908838, 38.67074920551746 ], [ -9.072583703499932, 38.670756935775344 ], [ -9.072542643118354, 38.670771138808028 ], [ -9.072421722379801, 38.670811927166071 ], [ -9.072384429922467, 38.670824568522669 ], [ -9.07236475553969, 38.670831391541995 ], [ -9.072323681139537, 38.670845055932553 ], [ -9.07230355531418, 38.67085215370755 ], [ -9.072266389428245, 38.670865691206366 ], [ -9.07222647094985, 38.670879884958737 ], [ -9.072196285241555, 38.670891029712628 ], [ -9.072140584572624, 38.670911113471689 ], [ -9.072091649400248, 38.670929522349091 ], [ -9.072071636228831, 38.670936891221245 ], [ -9.072043040169449, 38.670946935908496 ], [ -9.071931504662292, 38.670984588398973 ], [ -9.07190084047069, 38.670994559572939 ], [ -9.071859414068445, 38.671007415906956 ], [ -9.071827244549143, 38.671016502848978 ], [ -9.071807212497305, 38.671022517926083 ], [ -9.071786260058653, 38.6710282692462 ], [ -9.07176588561248, 38.67103411050762 ], [ -9.071744586179561, 38.671039863704387 ], [ -9.071714373224864, 38.671048844832818 ], [ -9.071664493017739, 38.671065821638848 ], [ -9.071591874770347, 38.671091899697586 ], [ -9.071561914053424, 38.671103129860285 ], [ -9.071523273165578, 38.671118213020343 ], [ -9.071482902928174, 38.671132766860936 ], [ -9.071449740422468, 38.671145014464244 ], [ -9.071395896370943, 38.671166254913658 ], [ -9.071364804197083, 38.671178309326692 ], [ -9.071306748941893, 38.671202463374534 ], [ -9.071287658261593, 38.671210181429281 ], [ -9.071274057650815, 38.671215516065928 ], [ -9.071254956465406, 38.671222429785786 ], [ -9.07121629078763, 38.671235711444844 ], [ -9.071196613777051, 38.67124226224783 ], [ -9.071125808883895, 38.671266705835848 ], [ -9.07093385273923, 38.671331931747829 ], [ -9.070821538858477, 38.671372105356632 ], [ -9.070791467624687, 38.671383249731832 ], [ -9.070770875019962, 38.671390526642035 ], [ -9.070736216242626, 38.67140233654073 ], [ -9.07071619342093, 38.671408986421 ], [ -9.070696172912486, 38.671415902015127 ], [ -9.070656831685159, 38.671429999624749 ], [ -9.070562564885268, 38.671461742759973 ], [ -9.070543006192354, 38.671468564546316 ], [ -9.070502391767763, 38.671482134532056 ], [ -9.070453086468808, 38.671498833272622 ], [ -9.070433867697478, 38.671505112737592 ], [ -9.070413507213113, 38.671512484110231 ], [ -9.070392919158772, 38.671519587063315 ], [ -9.0703479585972, 38.671534715978346 ], [ -9.070308497741408, 38.671548637873109 ], [ -9.070268361466562, 38.671563371382163 ], [ -9.070247999762165, 38.671570651755118 ], [ -9.070227640226438, 38.671577569985807 ], [ -9.070207502343434, 38.671584215296377 ], [ -9.070142068574031, 38.671606540713114 ], [ -9.070070122277635, 38.671631979183793 ], [ -9.070052286854407, 38.671638519545162 ], [ -9.07003216421235, 38.671646336643477 ], [ -9.070011814014469, 38.671653974500586 ], [ -9.069971322655579, 38.67166871525648 ], [ -9.069930829858816, 38.671682641687276 ], [ -9.069909890009962, 38.671689473530478 ], [ -9.069849494791065, 38.671709956826447 ], [ -9.069724903760395, 38.671751762679598 ], [ -9.06962848596644, 38.67178595444814 ], [ -9.069610863944789, 38.671791682314073 ], [ -9.069590044804947, 38.671798876155712 ], [ -9.069524265865905, 38.671821108506798 ], [ -9.069503449067197, 38.671828483374988 ], [ -9.069483559617879, 38.671836480473573 ], [ -9.069469281206391, 38.67184299226755 ], [ -9.069435033446348, 38.671859836661788 ], [ -9.069417348110868, 38.671869527621936 ], [ -9.069399669821214, 38.671879671625106 ], [ -9.069382575299116, 38.67189034872947 ], [ -9.069369128136129, 38.671899104053516 ], [ -9.069350885778599, 38.67190987591804 ], [ -9.069331227407384, 38.671918414322967 ], [ -9.069313953399343, 38.671924134854436 ], [ -9.0692920778652, 38.671929626481486 ], [ -9.069269945522104, 38.671933045619163 ], [ -9.069248415765435, 38.671938442588768 ], [ -9.069225298662937, 38.67194565475927 ], [ -9.069210883023599, 38.671950456101378 ], [ -9.06919063228303, 38.671956921079939 ], [ -9.069174946974517, 38.671961461439246 ], [ -9.069154235584547, 38.67196802468235 ], [ -9.069139822234856, 38.671973002554076 ], [ -9.069119796756613, 38.671979560301466 ], [ -9.069077780716023, 38.671991515068349 ], [ -9.069056617834411, 38.671998439524785 ], [ -9.069035790355535, 38.672004913596069 ], [ -9.068992590230021, 38.67201426909309 ], [ -9.068971534137269, 38.672021012519743 ], [ -9.068930236635325, 38.672034853162693 ], [ -9.068909649476915, 38.672042136008038 ], [ -9.068889640304395, 38.672049861021634 ], [ -9.068869633543398, 38.672057859855499 ], [ -9.068850453175967, 38.672067023113243 ], [ -9.068840065895545, 38.67207260289846 ], [ -9.068821106034919, 38.672081493246544 ], [ -9.068804528323675, 38.672087570253467 ], [ -9.068783933000256, 38.67209458110063 ], [ -9.068763452414176, 38.672101137924187 ], [ -9.068748914782601, 38.67210548798419 ], [ -9.068728329930007, 38.672112950939116 ], [ -9.068717375078418, 38.672118801890598 ], [ -9.068699369448064, 38.672129940186949 ], [ -9.068678660368182, 38.672137217661465 ], [ -9.068656383702592, 38.672138030924458 ], [ -9.068634023830199, 38.672141809379482 ], [ -9.068595678396944, 38.672153109457263 ], [ -9.068560457340833, 38.672166181627063 ], [ -9.0685395265946, 38.672173733792206 ], [ -9.068524569153256, 38.672180880560987 ], [ -9.068504563416438, 38.672188787442835 ], [ -9.068483958610619, 38.672194720957123 ], [ -9.068464602461233, 38.672199919337984 ], [ -9.06844390260977, 38.672207379559509 ], [ -9.068417603450939, 38.672217319417214 ], [ -9.068360401086487, 38.672236602670523 ], [ -9.06834016432042, 38.672244153754484 ], [ -9.068305328804456, 38.672260193600948 ], [ -9.06828634773241, 38.672267462593311 ], [ -9.068266347838277, 38.672275999046576 ], [ -9.068246006668433, 38.672284270687769 ], [ -9.068225529504895, 38.672291098530614 ], [ -9.068205174435411, 38.672299009055322 ], [ -9.068185968149015, 38.672306279832114 ], [ -9.068152220757257, 38.672318081680224 ], [ -9.068096392278536, 38.672336992599995 ], [ -9.068076153100716, 38.672344362596988 ], [ -9.068056028857381, 38.672352088388216 ], [ -9.068036028947665, 38.672360539226382 ], [ -9.067984369333697, 38.672381490407012 ], [ -9.06797271337447, 38.672386717234517 ], [ -9.067938911841166, 38.672402843290968 ], [ -9.067918210714559, 38.67241030252908 ], [ -9.06789737826703, 38.672416323335746 ], [ -9.067880072509693, 38.672419709037776 ], [ -9.067858305778655, 38.672425193222111 ], [ -9.06784034452636, 38.67243092443406 ], [ -9.067820326985942, 38.672438111554818 ], [ -9.067800548499722, 38.672445744458933 ], [ -9.067782703392112, 38.672452013411842 ], [ -9.067761994059238, 38.672458843929995 ], [ -9.067741060811944, 38.672466128435154 ], [ -9.067696892802173, 38.672479996988052 ], [ -9.067675726224188, 38.672487188762197 ], [ -9.067660162623923, 38.672492180147593 ], [ -9.067639685355525, 38.672499008789742 ], [ -9.067619435619726, 38.672506015770125 ], [ -9.067604231829492, 38.672511991549165 ], [ -9.067585173086183, 38.672521693206932 ], [ -9.067572851102408, 38.672528636835111 ], [ -9.067553318795582, 38.672537532452864 ], [ -9.067532387835262, 38.672544907883236 ], [ -9.067511692514303, 38.672552820105267 ], [ -9.067492139179459, 38.672560541238461 ], [ -9.067472484978502, 38.67256898921849 ], [ -9.067460722117323, 38.672574483485775 ], [ -9.06744280420347, 38.672583995846338 ], [ -9.067424326974196, 38.672594502650902 ], [ -9.067406885001221, 38.672605182242968 ], [ -9.067388873164321, 38.672615956464732 ], [ -9.06737259300226, 38.672627528470741 ], [ -9.067356900208562, 38.672640353298405 ], [ -9.067343627249123, 38.672653611896209 ], [ -9.067330826678996, 38.672667587358575 ], [ -9.067315945085737, 38.672680586761537 ], [ -9.067299782075557, 38.672692333477499 ], [ -9.067272780268997, 38.672710389488408 ], [ -9.067255232703252, 38.672721789639986 ], [ -9.067235237086798, 38.672730143921726 ], [ -9.067216829174949, 38.672737590124484 ], [ -9.067197640204125, 38.672746209998529 ], [ -9.067160982377413, 38.672763889101518 ], [ -9.067132540773532, 38.672776997678646 ], [ -9.067113463121114, 38.672785254528542 ], [ -9.067097798540653, 38.672791414081708 ], [ -9.067076862786591, 38.672798518328449 ], [ -9.067038417067121, 38.672811078015371 ], [ -9.067017004099432, 38.672816564623368 ], [ -9.066995688564321, 38.672821148749286 ], [ -9.066976448074419, 38.672825807282941 ], [ -9.066927204392313, 38.672838538730076 ], [ -9.066906388174075, 38.672845913132555 ], [ -9.066887200480704, 38.672855167108345 ], [ -9.066865544808618, 38.672859840403056 ], [ -9.066849629371285, 38.672864383189456 ], [ -9.06682010446616, 38.672873628704075 ], [ -9.066799856765604, 38.672880364386074 ], [ -9.066782354933075, 38.672886448484753 ], [ -9.066762582128664, 38.672894625251239 ], [ -9.066743631137781, 38.672904234931231 ], [ -9.0667242064909, 38.672912499892661 ], [ -9.066686185157291, 38.672922709493932 ], [ -9.066666167226462, 38.672929266762026 ], [ -9.066626263989837, 38.672944807883617 ], [ -9.066607739741524, 38.67295171083655 ], [ -9.066587388961016, 38.672959891285984 ], [ -9.066567396710861, 38.672968427388433 ], [ -9.066553441484961, 38.672973672426345 ], [ -9.066532396492082, 38.672980867527684 ], [ -9.066492578853264, 38.672994067643863 ], [ -9.066471383988993, 38.672999013733552 ], [ -9.066450084634791, 38.673004408350558 ], [ -9.06642879122872, 38.673010703715597 ], [ -9.066348024332392, 38.67303801279251 ], [ -9.066308437556264, 38.673051210103175 ], [ -9.066272742057008, 38.673063384572124 ], [ -9.066252841393887, 38.673070660572662 ], [ -9.066177276297122, 38.673100540345942 ], [ -9.066157734292856, 38.673108714268281 ], [ -9.066136466451562, 38.673116540735194 ], [ -9.066098150436137, 38.673130089057537 ], [ -9.066077327027728, 38.673137011168905 ], [ -9.066035792857459, 38.673151124721777 ], [ -9.066018746912635, 38.673156576311918 ], [ -9.065997447573684, 38.673162509524609 ], [ -9.065977198554922, 38.673169155895899 ], [ -9.065928578154255, 38.673185851774846 ], [ -9.065908111039615, 38.673193490753036 ], [ -9.065890151869407, 38.673199940487542 ], [ -9.065869675406848, 38.673206859794895 ], [ -9.065849091053973, 38.673214408717108 ], [ -9.065831369784616, 38.673221305143329 ], [ -9.065784931206633, 38.673237984463029 ], [ -9.065766767765567, 38.673245961761772 ], [ -9.065747587954133, 38.673255754166235 ], [ -9.065728627327726, 38.673264196323068 ], [ -9.065711812388757, 38.673270274784443 ], [ -9.065691557575651, 38.673277010331752 ], [ -9.065671200634545, 38.673284199791986 ], [ -9.06563873011368, 38.673296530313941 ], [ -9.065618020449211, 38.673303812657352 ], [ -9.065577634928728, 38.673317287230546 ], [ -9.065557391680734, 38.673324384783818 ], [ -9.065525949437566, 38.673336883632892 ], [ -9.065506161137755, 38.673343886569484 ], [ -9.065445073958687, 38.673364735234728 ], [ -9.065387526268943, 38.673383838729912 ], [ -9.065366344073171, 38.673389776298947 ], [ -9.065352270200831, 38.673394303301741 ], [ -9.06532457971937, 38.673403529313369 ], [ -9.065287720785102, 38.673414092217961 ], [ -9.065266888018852, 38.673420836802507 ], [ -9.065246180477629, 38.673427756941962 ], [ -9.065227993665809, 38.673434029130298 ], [ -9.065150079544164, 38.673460049922944 ], [ -9.065110842824328, 38.673473516080939 ], [ -9.06507526649834, 38.673486051356953 ], [ -9.065018637795971, 38.673505148248708 ], [ -9.064998869299114, 38.673513685903984 ], [ -9.064987094423962, 38.673518280120263 ], [ -9.064966961390811, 38.673525467674139 ], [ -9.064903465717284, 38.673546782944896 ], [ -9.0648625078364, 38.673560801410751 ], [ -9.064803935115187, 38.673580546047795 ], [ -9.064753364338328, 38.673597344354455 ], [ -9.064672589251741, 38.673624742422419 ], [ -9.064642394130294, 38.673635252044626 ], [ -9.064601096039711, 38.673649272228161 ], [ -9.064580615941146, 38.673656462479961 ], [ -9.064538742221707, 38.67367057820686 ], [ -9.064439907693657, 38.67370505609658 ], [ -9.064411856551001, 38.673721583942012 ], [ -9.064326117813316, 38.673755775490818 ], [ -9.064006813341933, 38.673872543333474 ], [ -9.063880873643196, 38.673917238071233 ], [ -9.063632126100432, 38.674008128176695 ], [ -9.06358535563424, 38.674025434420621 ], [ -9.06343416275512, 38.674080683378861 ], [ -9.063352516367299, 38.67411169156663 ], [ -9.0632147102503, 38.674162334269369 ], [ -9.062658486958529, 38.674352687816501 ], [ -9.062502640830497, 38.674403649621809 ], [ -9.062362055054171, 38.67445305049101 ], [ -9.062187949379656, 38.674513710837722 ], [ -9.062065997279216, 38.674555574065188 ], [ -9.061921206194075, 38.674608520926313 ], [ -9.061770853468078, 38.674666288710355 ], [ -9.061681495811046, 38.674696455265803 ], [ -9.061573600074354, 38.674732533141224 ], [ -9.061493402703261, 38.674759924432529 ], [ -9.061393108673196, 38.674797023657895 ], [ -9.061304740744761, 38.674832135566177 ], [ -9.061210274969328, 38.674867023757741 ], [ -9.061138767794038, 38.674891193945705 ], [ -9.061065238654594, 38.674909975337172 ], [ -9.06104019874369, 38.674910712692494 ], [ -9.061022453140811, 38.67490689267553 ], [ -9.061002747058277, 38.67489398653332 ], [ -9.060967063313999, 38.67484473018007 ], [ -9.06089077903899, 38.674872445829536 ], [ -9.060843994593975, 38.674889476346983 ], [ -9.060859225893774, 38.674920621367683 ], [ -9.060866341874563, 38.674937588224857 ], [ -9.060869250651873, 38.674949545781793 ], [ -9.060863503732053, 38.674966886719339 ], [ -9.060853005365727, 38.674981834091007 ], [ -9.060814299757748, 38.675000785871013 ], [ -9.060794006520151, 38.675009069351169 ], [ -9.060773539490821, 38.675016886691466 ], [ -9.060753302370165, 38.675025156207475 ], [ -9.060713835228514, 38.675038617316893 ], [ -9.060693241738658, 38.675045541152407 ], [ -9.060672185115124, 38.675052283993644 ], [ -9.060642896418541, 38.675062334096346 ], [ -9.060621368461222, 38.675067726765072 ], [ -9.060599955600276, 38.675073846362992 ], [ -9.060578664527931, 38.675080499165212 ], [ -9.060558069755579, 38.675087236521676 ], [ -9.060529476293093, 38.675097646807231 ], [ -9.060509706765156, 38.675106090931493 ], [ -9.060488993619071, 38.675112739134569 ], [ -9.060474108969782, 38.675116642322195 ], [ -9.060453910371074, 38.675123360304539 ], [ -9.060437578546782, 38.67513088086254 ], [ -9.060417863140916, 38.67513933535173 ], [ -9.060400020202019, 38.67514596348358 ], [ -9.060371762010051, 38.675155465768981 ], [ -9.060350714643164, 38.67516293092018 ], [ -9.060329552308346, 38.675170035758541 ], [ -9.060309411313593, 38.675176589313814 ], [ -9.060277522840291, 38.675189994695756 ], [ -9.060259225991212, 38.6751968912397 ], [ -9.060237465959247, 38.675202292884144 ], [ -9.060216399950246, 38.675208315078422 ], [ -9.060196148719486, 38.675215410868525 ], [ -9.060182435104899, 38.675221016255009 ], [ -9.060159450611817, 38.675229753342592 ], [ -9.060138392802125, 38.675236412323017 ], [ -9.060117804879706, 38.675243776504225 ], [ -9.060101625493875, 38.675250291415828 ], [ -9.060077231589821, 38.675260765590338 ], [ -9.060056642627849, 38.675268673851889 ], [ -9.06003468173993, 38.675276057007714 ], [ -9.060015100134473, 38.675281706180257 ], [ -9.059994853466062, 38.67528844608367 ], [ -9.059983414590789, 38.675292766894678 ], [ -9.059940320365765, 38.675310134430724 ], [ -9.059920302348189, 38.675317230126581 ], [ -9.059906921768368, 38.675322287857995 ], [ -9.059881545277694, 38.675332758968842 ], [ -9.059857992005174, 38.675341682466083 ], [ -9.059834312345107, 38.67535025114433 ], [ -9.059793607756225, 38.675366068331904 ], [ -9.059779420524295, 38.675370951379733 ], [ -9.059754924798144, 38.675377902366797 ], [ -9.059734665353618, 38.675384190125229 ], [ -9.059712136890322, 38.67539247671543 ], [ -9.059692580786605, 38.675400108291505 ], [ -9.059672912063805, 38.675407561497451 ], [ -9.059631962461589, 38.675421849211126 ], [ -9.059611938541444, 38.675428580978149 ], [ -9.059581268416144, 38.675438461599605 ], [ -9.059557892691519, 38.675443513795884 ], [ -9.059537282680445, 38.675449084558586 ], [ -9.059513776083094, 38.675457267159814 ], [ -9.059474813532175, 38.675474608102064 ], [ -9.05946034736575, 38.675480231075419 ], [ -9.059416637731271, 38.675494626151576 ], [ -9.05939603697013, 38.675501005734006 ], [ -9.059375204106406, 38.675507208792808 ], [ -9.059345520769535, 38.675517962518938 ], [ -9.059326106188978, 38.675526862139371 ], [ -9.059292662923912, 38.675540380456454 ], [ -9.059271599032058, 38.675546580822456 ], [ -9.059250595847423, 38.675552409574621 ], [ -9.059230873324031, 38.67556086662298 ], [ -9.059211947564156, 38.675567751769364 ], [ -9.059154402346199, 38.67561379959912 ], [ -9.059143796753331, 38.675629378226354 ], [ -9.059131704263752, 38.675644694782903 ], [ -9.05912109516813, 38.675660091474299 ], [ -9.05911176849575, 38.675676202253328 ], [ -9.059096621324041, 38.675704605484462 ], [ -9.059086829270367, 38.675720628965479 ], [ -9.059078140876307, 38.675732945925944 ], [ -9.059065324207499, 38.675754846747033 ], [ -9.059049676769916, 38.675788751511206 ], [ -9.059041726563009, 38.675805118023106 ], [ -9.059026625790393, 38.675837215956392 ], [ -9.059019955727683, 38.675854655092444 ], [ -9.059010293509237, 38.675889232203922 ], [ -9.059006544748424, 38.675901694715463 ], [ -9.059000724180322, 38.675922368200872 ], [ -9.058994496357947, 38.675938903034755 ], [ -9.058986897696176, 38.675955175778789 ], [ -9.058981088811624, 38.675968194177827 ], [ -9.05897353661662, 38.675988609329224 ], [ -9.058968583068625, 38.676005315134176 ], [ -9.058962942432553, 38.676022474075609 ], [ -9.058958313867127, 38.676038003565793 ], [ -9.058954159989353, 38.676054521978735 ], [ -9.058946111005691, 38.67608953851397 ], [ -9.058935288021081, 38.676141057132128 ], [ -9.05893047608884, 38.676160283151326 ], [ -9.058926445187288, 38.676177339267475 ], [ -9.058917807803862, 38.676211640719508 ], [ -9.05891492940253, 38.676228958852235 ], [ -9.058913371753484, 38.676241580571535 ], [ -9.05890972034617, 38.676279532226438 ], [ -9.058906960276854, 38.676315045567733 ], [ -9.058905459492602, 38.676332081653932 ], [ -9.058903817164778, 38.676347139804513 ], [ -9.058898333078448, 38.676385463583451 ], [ -9.058895337502081, 38.676402606986976 ], [ -9.058891406351142, 38.676418398490277 ], [ -9.058886726719578, 38.676438976460162 ], [ -9.058884197626783, 38.676456382807139 ], [ -9.058882689929158, 38.676473418046612 ], [ -9.058882338165345, 38.676490535116407 ], [ -9.058884160156147, 38.676524658283235 ], [ -9.058884542020992, 38.676545826745354 ], [ -9.058886706361994, 38.676597604668657 ], [ -9.058887989935998, 38.676617049970019 ], [ -9.05888971107348, 38.676634512751576 ], [ -9.058892110054861, 38.676651250428627 ], [ -9.05889547695277, 38.676671761097857 ], [ -9.058904154808506, 38.676711778869581 ], [ -9.058909075816878, 38.676728401096518 ], [ -9.058914355460486, 38.676745388010232 ], [ -9.05892261088421, 38.676779641306695 ], [ -9.058927909122771, 38.676798606227493 ], [ -9.058933290924738, 38.676815048248656 ], [ -9.058945569050502, 38.676848998557006 ], [ -9.05895072339962, 38.676865713518396 ], [ -9.058962215896569, 38.676901386967373 ], [ -9.058967268000622, 38.676918727891923 ], [ -9.058971274530613, 38.676935633900555 ], [ -9.058974491739427, 38.676953085736592 ], [ -9.058977482601895, 38.676971342877287 ], [ -9.05898139042413, 38.67698906038612 ], [ -9.058986211654847, 38.677006408542134 ], [ -9.058991079333859, 38.677018888411418 ], [ -9.059000630144189, 38.677037462043359 ], [ -9.059010131069186, 38.677052698608456 ], [ -9.059018041917771, 38.677069120602141 ], [ -9.059023867067637, 38.677084115127109 ], [ -9.059028573424193, 38.677101554270415 ], [ -9.059032274671164, 38.677112156198412 ], [ -9.059046394846439, 38.67714645313044 ], [ -9.059052577587289, 38.677162889704363 ], [ -9.059056875382391, 38.677175464162431 ], [ -9.059063104493253, 38.677194874807341 ], [ -9.059068384186039, 38.677212394985162 ], [ -9.059074124688667, 38.677229825938234 ], [ -9.05908030737409, 38.677245632852248 ], [ -9.059087297876385, 38.677261972047667 ], [ -9.059103208971738, 38.677292650694305 ], [ -9.059110660314813, 38.677309348360524 ], [ -9.059122405949871, 38.677337811591514 ], [ -9.059129981444164, 38.677355046951163 ], [ -9.059138241625449, 38.677371641825381 ], [ -9.059150459720485, 38.677401364232487 ], [ -9.059155959959952, 38.677418071940032 ], [ -9.059158982234788, 38.677429308898205 ], [ -9.059162550061941, 38.67744756776937 ], [ -9.05916529274519, 38.677464573857087 ], [ -9.059167577959954, 38.677507788713676 ], [ -9.059167801988155, 38.677525173263064 ], [ -9.059166413969656, 38.677560409101659 ], [ -9.059167565245959, 38.677577962865108 ], [ -9.059171362948771, 38.677596581135688 ], [ -9.059177785872604, 38.677613191455386 ], [ -9.059195590179923, 38.677657190525103 ], [ -9.059203253979607, 38.677672446124028 ], [ -9.059213120556473, 38.677688581474797 ], [ -9.05922342941181, 38.677704259319555 ], [ -9.059233739466386, 38.677719494861513 ], [ -9.059243826589945, 38.677735265440973 ], [ -9.059255170810518, 38.677750583771939 ], [ -9.059268919796008, 38.677765066933638 ], [ -9.059283787690049, 38.677777648653731 ], [ -9.059298055447929, 38.677787622807465 ], [ -9.059316450577722, 38.677797387715138 ], [ -9.059330234373066, 38.677805654179565 ], [ -9.059348642235772, 38.677816406256987 ], [ -9.059368517163151, 38.677824986595951 ], [ -9.059383330507073, 38.677832888183374 ], [ -9.059405914446204, 38.677846762674726 ], [ -9.059423183692486, 38.677857884979069 ], [ -9.059442488777162, 38.677867009397467 ], [ -9.059463042643527, 38.677874412402879 ], [ -9.059476852063982, 38.677876195596234 ], [ -9.059498079151636, 38.677882514105555 ], [ -9.059517623276225, 38.67789172759862 ], [ -9.059536323646741, 38.677898334554349 ], [ -9.059557880352795, 38.677903835218494 ], [ -9.059576483279439, 38.677911796840604 ], [ -9.059592892474573, 38.677918421937868 ], [ -9.059611633550054, 38.677928184958716 ], [ -9.059629021285046, 38.677940026032019 ], [ -9.059653490162312, 38.67795712751721 ], [ -9.059680971043285, 38.677985284060306 ], [ -9.05968831792701, 38.677993329439325 ], [ -9.059696418304826, 38.678015428518599 ], [ -9.059707345866208, 38.678025248025314 ], [ -9.059725861788291, 38.678035459607678 ], [ -9.059744941804391, 38.678044590262765 ], [ -9.059757213359338, 38.67805160573802 ], [ -9.059774481644416, 38.678063091019276 ], [ -9.059800220375003, 38.678080545433133 ], [ -9.059818173963365, 38.678078783532619 ], [ -9.059834307309673, 38.678068380275981 ], [ -9.059830846176684, 38.678058410635614 ], [ -9.059818133397075, 38.678043647289194 ], [ -9.059808116874192, 38.678033186411426 ], [ -9.059793229140936, 38.678019523056832 ], [ -9.059776650324899, 38.678008213375691 ], [ -9.059749542126534, 38.677991494950433 ], [ -9.059732825203387, 38.677978474839165 ], [ -9.059718745247464, 38.677964714093861 ], [ -9.059705343143602, 38.677950228237741 ], [ -9.059692853356294, 38.677935287454638 ], [ -9.059681058686104, 38.677920425837939 ], [ -9.059667885259911, 38.677906294881957 ], [ -9.05965579012444, 38.677895045144716 ], [ -9.059632913639103, 38.677876311407466 ], [ -9.059599997575493, 38.677855038578649 ], [ -9.059584215011711, 38.677842645205914 ], [ -9.059542898190665, 38.677811175207538 ], [ -9.059526758247488, 38.677798513517402 ], [ -9.059496886535433, 38.677772172969178 ], [ -9.059479169293498, 38.677761687485855 ], [ -9.059463552776492, 38.677753703093288 ], [ -9.059445266785421, 38.677743936443463 ], [ -9.059434167583255, 38.677738714147708 ], [ -9.059413378016712, 38.677730406799895 ], [ -9.059394088112125, 38.677722456898053 ], [ -9.059361143219389, 38.677707762764655 ], [ -9.059340945683054, 38.677700629860851 ], [ -9.059322016712594, 38.677694291320329 ], [ -9.059302367002202, 38.677685260591517 ], [ -9.059284975936313, 38.677673776211449 ], [ -9.059277868083919, 38.677665814489217 ], [ -9.059270760295732, 38.677649476235501 ], [ -9.059270647697298, 38.677631734087932 ], [ -9.059275985458285, 38.677617909590403 ], [ -9.059284744772173, 38.677602075337013 ], [ -9.05929528805828, 38.677591093972076 ], [ -9.059313297745417, 38.677579962493979 ], [ -9.059333246403176, 38.677571890083968 ], [ -9.059344694908271, 38.677568285395367 ], [ -9.059442508971493, 38.677543278273134 ], [ -9.059471154709215, 38.677536925037515 ], [ -9.059493052491964, 38.677533057404808 ], [ -9.059511530991601, 38.677531375168165 ], [ -9.059534129131706, 38.677532807686504 ], [ -9.05955599786166, 38.677535065705833 ], [ -9.059577622983779, 38.677536968033721 ], [ -9.059602239006372, 38.677538665602555 ], [ -9.059624543053689, 38.677539837399912 ], [ -9.059647541115529, 38.67754064697823 ], [ -9.0596866211062, 38.677541600278069 ], [ -9.05970894251451, 38.677543672720823 ], [ -9.059725167170315, 38.677545527729762 ], [ -9.059747145067664, 38.677547784848343 ], [ -9.059779961032548, 38.677553015199265 ], [ -9.059803815223495, 38.677555072776173 ], [ -9.059791412981353, 38.677540768173643 ], [ -9.059773566868444, 38.677529288372646 ], [ -9.059755737009054, 38.67751897947889 ], [ -9.059724324177516, 38.677498153279096 ], [ -9.059723107671703, 38.677483928490886 ], [ -9.059726756603009, 38.677472639591223 ], [ -9.059724804271001, 38.677455177756443 ], [ -9.059715286870361, 38.677438768541485 ], [ -9.059708434350481, 38.677424230790514 ], [ -9.059696751267831, 38.677409639430174 ], [ -9.059685130863837, 38.677399374109996 ], [ -9.059668539457466, 38.677386986254902 ], [ -9.059652985657996, 38.677374948694869 ], [ -9.059637647795139, 38.6773621896835 ], [ -9.059621062212493, 38.677350341354021 ], [ -9.059602899250555, 38.67734057375317 ], [ -9.059583699951471, 38.677331177381355 ], [ -9.059570405975645, 38.677325067181819 ], [ -9.059530210751159, 38.677309353174856 ], [ -9.05949521050235, 38.67729503928193 ], [ -9.059462633705522, 38.677282053777823 ], [ -9.05944059438519, 38.677274935478941 ], [ -9.059419492811809, 38.677269424881196 ], [ -9.05939782140452, 38.677264014277625 ], [ -9.059365866704729, 38.677254356775855 ], [ -9.059349468082933, 38.677248003602834 ], [ -9.059330275783308, 38.677239145811427 ], [ -9.059314339031371, 38.677224225978975 ], [ -9.059314804433347, 38.677206661214065 ], [ -9.059319670970934, 38.677192120707183 ], [ -9.059326804172649, 38.677175126487697 ], [ -9.059337277626895, 38.677149281584967 ], [ -9.059343834090077, 38.677132387416762 ], [ -9.059351325844172, 38.677107371441963 ], [ -9.059354319062104, 38.677090051491192 ], [ -9.059358814162392, 38.677073173648076 ], [ -9.059367343588645, 38.677057341208162 ], [ -9.059374591781353, 38.677049270291953 ], [ -9.059389945732281, 38.677036896915226 ], [ -9.059395242710215, 38.677028382945217 ], [ -9.059391851410258, 38.677015352721781 ], [ -9.059382226185358, 38.676999483009823 ], [ -9.059379466174573, 38.676981669947217 ], [ -9.05937820332174, 38.676963932404171 ], [ -9.059387758841147, 38.676956563851839 ], [ -9.059402148283317, 38.676949511926914 ], [ -9.059399171175873, 38.676932241063632 ], [ -9.05939137749235, 38.676915999228314 ], [ -9.059385084533313, 38.676900555324721 ], [ -9.059381450517208, 38.676877163328527 ], [ -9.059372732923213, 38.676860474806602 ], [ -9.059366662835199, 38.676844401279624 ], [ -9.059358640496926, 38.676819422599884 ], [ -9.059351760213731, 38.676802720425357 ], [ -9.059346726459456, 38.676786274766528 ], [ -9.059346640604772, 38.676762316890283 ], [ -9.059355627296, 38.676746123211736 ], [ -9.059365043414861, 38.676736856880453 ], [ -9.059383428836005, 38.676727433933607 ], [ -9.059402773003704, 38.676712868834734 ], [ -9.059401859477328, 38.676695308684188 ], [ -9.059398459983113, 38.676681106585292 ], [ -9.05939661566919, 38.676663101605591 ], [ -9.05939632549757, 38.676649593717286 ], [ -9.059394596121612, 38.676631501350371 ], [ -9.05939357121475, 38.676614304202957 ], [ -9.059394953442926, 38.676596459232279 ], [ -9.059396068761814, 38.676585009347676 ], [ -9.059399305710908, 38.676560122552068 ], [ -9.059405409266619, 38.676542954520094 ], [ -9.05941297073946, 38.676532268801992 ], [ -9.059426575542522, 38.676518197755485 ], [ -9.059439035906856, 38.676504045692276 ], [ -9.059447883374203, 38.676495509001612 ], [ -9.05946614102756, 38.676485272731242 ], [ -9.05948748572094, 38.676478995339366 ], [ -9.059505703944563, 38.676474526291827 ], [ -9.05952666940483, 38.676469585079715 ], [ -9.059548920821182, 38.67646670011041 ], [ -9.059571879549461, 38.676468763929392 ], [ -9.059588594896258, 38.676473312965207 ], [ -9.059609039303224, 38.676481169016753 ], [ -9.05962766275462, 38.676490751009439 ], [ -9.059638299844584, 38.676495529252563 ], [ -9.059658967160287, 38.676503293449407 ], [ -9.059699965121636, 38.676519090235203 ], [ -9.059718688421436, 38.676527413005651 ], [ -9.059730416557676, 38.676536597412742 ], [ -9.05974597945352, 38.6765493537306 ], [ -9.05976278776601, 38.67656111019997 ], [ -9.059791563301806, 38.676582143757166 ], [ -9.059807826085423, 38.676595972777505 ], [ -9.059822132126417, 38.676609374107592 ], [ -9.059837129787683, 38.676622584390714 ], [ -9.05984572666067, 38.676629905523384 ], [ -9.059859235311164, 38.676643670784742 ], [ -9.059871373299046, 38.676658257625469 ], [ -9.05989071180783, 38.67667845973633 ], [ -9.059906274774548, 38.676691216932511 ], [ -9.05991976022853, 38.67670327085203 ], [ -9.059932240683905, 38.676718036032831 ], [ -9.059943107843182, 38.676740470790612 ], [ -9.059951934589416, 38.676756703501212 ], [ -9.05996110836746, 38.676772935262363 ], [ -9.059966390522749, 38.67678172213266 ], [ -9.059978312629664, 38.676797030411187 ], [ -9.059991935164499, 38.67681115687526 ], [ -9.060006025274442, 38.67682518414717 ], [ -9.060014271675776, 38.676832236003364 ], [ -9.060031194947552, 38.676843452844061 ], [ -9.060046871691286, 38.676856028058523 ], [ -9.060065733199071, 38.676866146771204 ], [ -9.060102946790552, 38.676891166063854 ], [ -9.06012089379662, 38.676902101834642 ], [ -9.060164107941633, 38.676929413819614 ], [ -9.060179560680533, 38.676942080871498 ], [ -9.060195687872341, 38.676954294877575 ], [ -9.06022692774229, 38.676979537140681 ], [ -9.06023427821512, 38.676988398582488 ], [ -9.060248707301794, 38.677001794379322 ], [ -9.060261183263769, 38.677016201942124 ], [ -9.060270295509316, 38.677027656327219 ], [ -9.060283927400144, 38.677042054723415 ], [ -9.060309875998062, 38.67706697679143 ], [ -9.060322360015311, 38.677081383382777 ], [ -9.060331636057535, 38.677097070219993 ], [ -9.060343466647398, 38.677114181684438 ], [ -9.060356036517817, 38.677126423871911 ], [ -9.060372827721627, 38.677145296699791 ], [ -9.060382450859404, 38.677160986185477 ], [ -9.060390323630646, 38.677174342967206 ], [ -9.060399028715951, 38.677190129810462 ], [ -9.060408079624629, 38.677205732850346 ], [ -9.060426350799858, 38.67723234080735 ], [ -9.060437389917995, 38.677250807033658 ], [ -9.060455605489082, 38.67728192032277 ], [ -9.060471386078504, 38.677311523360487 ], [ -9.060489512327401, 38.67734470648756 ], [ -9.060504868195732, 38.677377192742767 ], [ -9.060522399081133, 38.677408584392126 ], [ -9.060530656136041, 38.67742491165383 ], [ -9.060549235203467, 38.677457916424878 ], [ -9.060557951900389, 38.677474508477466 ], [ -9.060575119504309, 38.677504638277341 ], [ -9.060584634714868, 38.677520327700151 ], [ -9.06060162933764, 38.677546045853269 ], [ -9.060613248941786, 38.677565140719636 ], [ -9.060621964460127, 38.677581194098593 ], [ -9.060630784511886, 38.677596798950681 ], [ -9.060641036875372, 38.677616535216885 ], [ -9.060652004281003, 38.677638428629365 ], [ -9.060662365698636, 38.677657620846787 ], [ -9.060673768253007, 38.677677347086572 ], [ -9.060681546080646, 38.677692331443055 ], [ -9.060688423224379, 38.677708670537989 ], [ -9.060692698100143, 38.677719533597063 ], [ -9.060702750991746, 38.677741708100633 ], [ -9.06071192038296, 38.677757576811693 ], [ -9.060734531591677, 38.677790905384498 ], [ -9.060744669096826, 38.677810641650979 ], [ -9.060752470233577, 38.677827518395993 ], [ -9.060761298474254, 38.677843842009942 ], [ -9.060768804628331, 38.677855671214637 ], [ -9.060780857116455, 38.677872061133151 ], [ -9.060805035232596, 38.677902493804829 ], [ -9.060815353753643, 38.677918356994873 ], [ -9.060824173915362, 38.677934052810947 ], [ -9.060830289509504, 38.677944539141457 ], [ -9.060842682142777, 38.677960926354949 ], [ -9.060855622619162, 38.677975420245694 ], [ -9.060865273746076, 38.677992815579628 ], [ -9.060894487909973, 38.678066088110768 ], [ -9.060909877667784, 38.678092272049362 ], [ -9.060924210136076, 38.678125036602587 ], [ -9.060934577582998, 38.678145129544752 ], [ -9.060942379834948, 38.678161552264299 ], [ -9.060962316445401, 38.678210576810635 ], [ -9.06096873532654, 38.678227282544889 ], [ -9.060980375078517, 38.678256465258478 ], [ -9.060989107103509, 38.678274139914492 ], [ -9.061018786212903, 38.678320836956154 ], [ -9.06103144598074, 38.678340015405873 ], [ -9.061040550642874, 38.678359758938406 ], [ -9.06104945228018, 38.678381756078196 ], [ -9.061054724488182, 38.678398651966077 ], [ -9.061059311848036, 38.678415729844289 ], [ -9.061067951554575, 38.678452682321641 ], [ -9.061071897164179, 38.678473279307603 ], [ -9.061076545039787, 38.678495042660259 ], [ -9.061079064109013, 38.678512046869052 ], [ -9.061080201998957, 38.67852906023564 ], [ -9.061079475839255, 38.678543930079179 ], [ -9.061081110671116, 38.678564096802369 ], [ -9.061086383956042, 38.678580540478656 ], [ -9.061093036113871, 38.678597329929637 ], [ -9.061099344788484, 38.678614484226856 ], [ -9.061105597859289, 38.678635786242651 ], [ -9.061109768679072, 38.678656290458875 ], [ -9.061113475222886, 38.678676259681282 ], [ -9.061114731554035, 38.678693545049214 ], [ -9.061115300738493, 38.678710745789829 ], [ -9.061115439098444, 38.678721370514609 ], [ -9.061116710538537, 38.678739736721035 ], [ -9.0611193456955, 38.678756830086876 ], [ -9.061121631571464, 38.678773750568467 ], [ -9.061123565706742, 38.67879012975866 ], [ -9.061123714791425, 38.67881012720958 ], [ -9.061122334124732, 38.678828062259846 ], [ -9.061122045670437, 38.678849951256893 ], [ -9.061122255591549, 38.678884091666525 ], [ -9.061121426165071, 38.67889986312764 ], [ -9.061119025288424, 38.678918707972784 ], [ -9.061119587476757, 38.678935455666455 ], [ -9.061120504963467, 38.678953286904012 ], [ -9.061118085391263, 38.678970239319113 ], [ -9.061112258293582, 38.678990822869402 ], [ -9.06110696498089, 38.679008069228246 ], [ -9.061104237986353, 38.679028179580428 ], [ -9.061103203207921, 38.679045936229429 ], [ -9.061099626501912, 38.679062806845231 ], [ -9.06109476957063, 38.679078072487378 ], [ -9.061086507243649, 38.679096600820166 ], [ -9.061066653735878, 38.67912549563713 ], [ -9.061059278127082, 38.679141676656826 ], [ -9.061053985966028, 38.679159013984489 ], [ -9.061049994678546, 38.679170033597103 ], [ -9.061040675114164, 38.679187318205038 ], [ -9.06103134487671, 38.679203242690804 ], [ -9.061023171869776, 38.679219702076253 ], [ -9.061018601447836, 38.679230726282839 ], [ -9.061009220128852, 38.679242695764835 ], [ -9.060988365165757, 38.679283125134504 ], [ -9.060980190979508, 38.679299583625358 ], [ -9.060976294961343, 38.679309617005629 ], [ -9.060971115337123, 38.679326772375781 ], [ -9.060963983402305, 38.679343761273849 ], [ -9.060955875356091, 38.679356888084527 ], [ -9.060944925974495, 38.67937219665167 ], [ -9.06093769410618, 38.679381535857438 ], [ -9.06092697685335, 38.679396933561918 ], [ -9.060920464613918, 38.679408783888917 ], [ -9.060912981050592, 38.679425508936994 ], [ -9.060898637042662, 38.679453906913011 ], [ -9.060889653827326, 38.679469834038777 ], [ -9.060878475815747, 38.679485416454561 ], [ -9.060862436737288, 38.679497971113811 ], [ -9.060849526994149, 38.679512670970055 ], [ -9.060842299775908, 38.67952290642765 ], [ -9.060832504085626, 38.679538567952996 ], [ -9.060824842764029, 38.679550428290803 ], [ -9.060812863795192, 38.679565658536141 ], [ -9.060804148551242, 38.679575996775988 ], [ -9.060788546110571, 38.679595938113842 ], [ -9.060777481764681, 38.679611337656873 ], [ -9.060753616698031, 38.679640983978587 ], [ -9.060740250644024, 38.679655591957484 ], [ -9.060731766446859, 38.679666470640022 ], [ -9.060714215335894, 38.679695166072612 ], [ -9.06069793384294, 38.679715832522497 ], [ -9.060683628813209, 38.679729456163166 ], [ -9.060672347215013, 38.67973702047076 ], [ -9.060652884160717, 38.679751409260398 ], [ -9.060640541847846, 38.679765828047678 ], [ -9.060630025221238, 38.679778882957528 ], [ -9.060616530362893, 38.679792953266151 ], [ -9.060604584879236, 38.679802326231403 ], [ -9.060577769130118, 38.679825784010802 ], [ -9.060530676577253, 38.679863270381645 ], [ -9.060515902481272, 38.679875814961555 ], [ -9.060503861860642, 38.679886722731091 ], [ -9.060488969464229, 38.679899540286932 ], [ -9.060473977213638, 38.679913169351465 ], [ -9.060462454303948, 38.67992839684495 ], [ -9.06045652002588, 38.679940695664293 ], [ -9.060451918218066, 38.679957846428529 ], [ -9.060455246202025, 38.67997538291025 ], [ -9.060463840244932, 38.679991441760642 ], [ -9.060471591504838, 38.680004261715879 ], [ -9.060481680429671, 38.680020303305966 ], [ -9.060495996462272, 38.680033881019597 ], [ -9.060508852366016, 38.680041797981353 ], [ -9.060530000324812, 38.680059825505921 ], [ -9.060532983605256, 38.680077097181425 ], [ -9.060536819926632, 38.680089676137442 ], [ -9.060543361837031, 38.680106380913848 ], [ -9.060548522631587, 38.680123636221055 ], [ -9.060555288617614, 38.680140339219648 ], [ -9.060562711366863, 38.680154237327173 ], [ -9.060582069946454, 38.680185342414049 ], [ -9.060598118196699, 38.680217731266161 ], [ -9.060612312730225, 38.680240320616832 ], [ -9.060621945593018, 38.680256281135868 ], [ -9.060633289230752, 38.680271321882209 ], [ -9.060642922135557, 38.680287730095948 ], [ -9.060650809323477, 38.68030235055749 ], [ -9.060659750413832, 38.680318402135683 ], [ -9.06066880764855, 38.680334548276583 ], [ -9.060677272794647, 38.680348983091612 ], [ -9.060685180888681, 38.680365132940786 ], [ -9.060692405407213, 38.680382098930004 ], [ -9.060702604711812, 38.68039760274813 ], [ -9.060712903836134, 38.68041193653697 ], [ -9.060733064455693, 38.680442400172247 ], [ -9.060740714935188, 38.680456574807877 ], [ -9.060748173836005, 38.680473267793779 ], [ -9.060755854506604, 38.68048969148284 ], [ -9.060772352063868, 38.680520909309791 ], [ -9.060780269501681, 38.680537779716616 ], [ -9.060787484769447, 38.680554026034628 ], [ -9.060792567673282, 38.680564707018654 ], [ -9.060802533725298, 38.680580120796201 ], [ -9.060813872861708, 38.680594894923161 ], [ -9.060824185931716, 38.680610215866075 ], [ -9.060833124788234, 38.680626177367706 ], [ -9.060839938336334, 38.68063765443835 ], [ -9.060851505047552, 38.68065260781659 ], [ -9.060861705544475, 38.680668287266052 ], [ -9.060871109893272, 38.680684430636241 ], [ -9.060877567039915, 38.680695005229389 ], [ -9.060886054396288, 38.680711331528734 ], [ -9.06089362374022, 38.680728029032991 ], [ -9.060901300985545, 38.680744271678194 ], [ -9.060926170992978, 38.680783350986168 ], [ -9.060934747701808, 38.680798051532236 ], [ -9.060944615180089, 38.680814281301494 ], [ -9.060954926033101, 38.680829959866649 ], [ -9.060963754667009, 38.680845835755292 ], [ -9.060972119055382, 38.680861891883097 ], [ -9.060977997058238, 38.680872023368408 ], [ -9.060992649159086, 38.680894251421932 ], [ -9.061002271693633, 38.680909843562489 ], [ -9.061017731816948, 38.68094097950322 ], [ -9.061027583047785, 38.68095630409136 ], [ -9.061038244561212, 38.68097234739205 ], [ -9.061051491117631, 38.681001063331138 ], [ -9.061077110082159, 38.681044909091966 ], [ -9.061086737307731, 38.681060416512715 ], [ -9.061096365762602, 38.681076552680153 ], [ -9.061100617700445, 38.681085529627119 ], [ -9.061373169424595, 38.6815623120536 ], [ -9.06138074239586, 38.681578918513587 ], [ -9.061390033179437, 38.681595148315807 ], [ -9.061401710408665, 38.681609828717647 ], [ -9.061410040026335, 38.681622734094624 ], [ -9.061420134042502, 38.681638957518267 ], [ -9.061434734374231, 38.681666139413274 ], [ -9.061444929324104, 38.681681279273796 ], [ -9.061467621112481, 38.681712447822683 ], [ -9.061476673990171, 38.681728050748838 ], [ -9.06148930914487, 38.681754250152366 ], [ -9.061498129940638, 38.681769945899738 ], [ -9.061519354522991, 38.681802293520128 ], [ -9.061529092261839, 38.681817800024255 ], [ -9.061539641312116, 38.681833481146981 ], [ -9.06154995363497, 38.681849340704531 ], [ -9.061559557865227, 38.681863052074036 ], [ -9.061581860693224, 38.681890347552262 ], [ -9.061598899393656, 38.681910295572386 ], [ -9.061611158205356, 38.681925152395102 ], [ -9.06162038283332, 38.681936877810642 ], [ -9.061631847727421, 38.68195237149336 ], [ -9.061637482187752, 38.6819615176016 ], [ -9.061644023324732, 38.681978217811427 ], [ -9.06164113418496, 38.682004007184979 ], [ -9.061629381334289, 38.682019322190079 ], [ -9.061608106045217, 38.68203579555837 ], [ -9.061589509455439, 38.682046211406146 ], [ -9.061572385841238, 38.682055357141373 ], [ -9.061544760155998, 38.68206935868055 ], [ -9.061525499165493, 38.682077718766443 ], [ -9.061506856002657, 38.682084620956786 ], [ -9.061484662294706, 38.682092544910901 ], [ -9.061464522963826, 38.682099101355014 ], [ -9.061444021560792, 38.682104763474754 ], [ -9.061422730721588, 38.682110876851851 ], [ -9.061397548114241, 38.68211855337514 ], [ -9.061377527204526, 38.682125737621476 ], [ -9.06133610636909, 38.682139577471403 ], [ -9.061309446248123, 38.682148797961077 ], [ -9.061218943904318, 38.682179512831667 ], [ -9.061198914824054, 38.682185978275335 ], [ -9.061178537569386, 38.682192358200432 ], [ -9.061158739394328, 38.682198817300765 ], [ -9.061130699110077, 38.682207511826704 ], [ -9.061109870228023, 38.682214161059257 ], [ -9.061068920644715, 38.682229259994408 ], [ -9.061011969512887, 38.682250967124652 ], [ -9.060973788194135, 38.68226640798418 ], [ -9.060944054424192, 38.682277812891954 ], [ -9.060924260916801, 38.682284725918009 ], [ -9.060883090652087, 38.682300006698732 ], [ -9.060862952425154, 38.682307013429863 ], [ -9.060849907223332, 38.682311349771169 ], [ -9.060813057040743, 38.682323083142101 ], [ -9.06079244639152, 38.682329282890308 ], [ -9.060759715548237, 38.682339810727775 ], [ -9.0607408284906, 38.682345724753631 ], [ -9.060719986811741, 38.682351477724147 ], [ -9.060669201312791, 38.682365012382817 ], [ -9.060807968618892, 38.682600633327787 ], [ -9.060982694796499, 38.682537478493337 ], [ -9.06099415381426, 38.682539082875863 ], [ -9.061063464740107, 38.682660426228473 ], [ -9.060228015363121, 38.682961325295985 ], [ -9.060155854443114, 38.682837589001714 ], [ -9.060438010671879, 38.682736735253293 ], [ -9.060309967195764, 38.682512646441936 ], [ -9.059939292690007, 38.682642862154893 ], [ -9.05955466495352, 38.682768519298776 ], [ -9.059535232062354, 38.68277650388584 ], [ -9.059495892835217, 38.682791496732193 ], [ -9.059456397376142, 38.682807565455242 ], [ -9.059436735905877, 38.682815739202653 ], [ -9.059416849241233, 38.682824363328031 ], [ -9.059395707843001, 38.682833808106935 ], [ -9.059375938436521, 38.682842435800602 ], [ -9.059356307114005, 38.682852860390625 ], [ -9.059346142669295, 38.682857984466253 ], [ -9.059326656025128, 38.682866349581346 ], [ -9.05930629109486, 38.682873267760783 ], [ -9.059259140051207, 38.682888500754892 ], [ -9.059188771064813, 38.682912480583063 ], [ -9.059168519894525, 38.682919667176407 ], [ -9.059145630386901, 38.68292714579848 ], [ -9.059103493682253, 38.682939190733308 ], [ -9.059083004498913, 38.682945388318394 ], [ -9.059053712364951, 38.68295516961453 ], [ -9.05901436717971, 38.682969715550527 ], [ -9.058994469974222, 38.682977439790243 ], [ -9.058971365647789, 38.682986087513676 ], [ -9.058951576381249, 38.682993181233542 ], [ -9.058930373782236, 38.683002166105126 ], [ -9.058917630830086, 38.683007769964156 ], [ -9.058877599630696, 38.683022861764158 ], [ -9.058851604334222, 38.683034049180208 ], [ -9.058833207857175, 38.683042208308571 ], [ -9.058793537603997, 38.683058469161217 ], [ -9.058765820091855, 38.68307049982581 ], [ -9.058746262926626, 38.68307777183351 ], [ -9.058722007093909, 38.683086159283512 ], [ -9.058684488716622, 38.683099518711046 ], [ -9.058636764113373, 38.683115123520075 ], [ -9.058618802864167, 38.68312120823505 ], [ -9.058577122190611, 38.683133341253026 ], [ -9.058552866263579, 38.683141278269638 ], [ -9.058533189469163, 38.683148188166783 ], [ -9.058499763851962, 38.683158721772067 ], [ -9.058478816085092, 38.683165103940858 ], [ -9.058458439385564, 38.683171121267854 ], [ -9.058412193420565, 38.683185450465352 ], [ -9.058391021600389, 38.683192373068593 ], [ -9.058343646189678, 38.683208241631696 ], [ -9.058323855648306, 38.683215424434742 ], [ -9.058290532411087, 38.683228647854868 ], [ -9.05825504711912, 38.68324443492633 ], [ -9.058203990045858, 38.683264096994641 ], [ -9.058188689281414, 38.683271525307141 ], [ -9.058165656650132, 38.683285756353193 ], [ -9.05815262493841, 38.68330000377113 ], [ -9.058145415541411, 38.683311592817837 ], [ -9.058138624977179, 38.683328398677098 ], [ -9.058136681792469, 38.683338053490068 ], [ -9.058138178879538, 38.683355965732169 ], [ -9.058148829471689, 38.683389123643941 ], [ -9.058155592916663, 38.683405736713674 ], [ -9.058160662804072, 38.683415420727187 ], [ -9.058173687203578, 38.683436307200985 ], [ -9.058185382592509, 38.683451889476572 ], [ -9.058194129777776, 38.683461907421155 ], [ -9.058207979406745, 38.6834841367587 ], [ -9.058216919274276, 38.683500193029509 ], [ -9.058224662373279, 38.683512469108727 ], [ -9.058233023065227, 38.683528349800255 ], [ -9.058238610662045, 38.683542358950938 ], [ -9.058245653779691, 38.68356310626794 ], [ -9.05824576619262, 38.683580315128914 ], [ -9.058243400486202, 38.683593124277984 ], [ -9.05823787752214, 38.683610464196477 ], [ -9.058229006971962, 38.683626746936561 ], [ -9.058216562536877, 38.683641891414233 ], [ -9.058187070090041, 38.683671938435388 ], [ -9.058302001885046, 38.683873181844881 ], [ -9.058177562467863, 38.683917315408749 ], [ -9.056684988201436, 38.683818466768514 ], [ -9.056407113324958, 38.68380338998125 ], [ -9.054584823938191, 38.683651955026122 ], [ -9.050899595209247, 38.683546240620849 ], [ -9.048394010707419, 38.683581287864406 ], [ -9.044810329844058, 38.683874831439965 ], [ -9.042323266403121, 38.685282604742277 ], [ -9.040973946492889, 38.686106448778574 ], [ -9.040067908622252, 38.686618345399658 ], [ -9.038356987018677, 38.687463035017871 ], [ -9.037352918058268, 38.687934867789473 ], [ -9.036653905813106, 38.688313640197421 ], [ -9.035391216663992, 38.688926425743858 ], [ -9.034056882280979, 38.689539765005158 ], [ -9.032514487369879, 38.690117224391471 ] ] ] } },
{ "type": "Feature", "properties": { "dtmnfr": "150411", "freguesia": "União das freguesias de Palhais e Coina", "municipio": "Barreiro", "distrito_i": "Setúbal", "nuts3_cod": "1B0", "nuts3": "Península de Setúbal", "nuts2": "Península de Setúbal", "nuts1": "Continente", "area_ha": 1377.93, "perimetro_": 19, "designacao": "Palhais e Coina" }, "geometry": { "type": "Polygon", "coordinates": [ [ [ -9.025853043846968, 38.578278613220292 ], [ -9.026241861108639, 38.57817880459806 ], [ -9.027080070987891, 38.577959265900127 ], [ -9.027498517563336, 38.578073983094058 ], [ -9.027855883010307, 38.578139887523662 ], [ -9.028244177782787, 38.578173846497947 ], [ -9.028947674293631, 38.578140444107085 ], [ -9.029257034104379, 38.578129244230766 ], [ -9.030280297856866, 38.578735837712699 ], [ -9.030486775516891, 38.578931436088013 ], [ -9.030756980755541, 38.579204019073345 ], [ -9.031292170300203, 38.579504474337888 ], [ -9.031734668472213, 38.580101281921905 ], [ -9.032317351236559, 38.57990321600861 ], [ -9.033164799701092, 38.579611076897272 ], [ -9.033851557482908, 38.580302221892033 ], [ -9.034178903814025, 38.580721107034414 ], [ -9.034579900244472, 38.580643006423294 ], [ -9.03510907058458, 38.580469933754578 ], [ -9.036070619428738, 38.580084078756286 ], [ -9.036362830807624, 38.579967415041224 ], [ -9.036427578370617, 38.57994223569937 ], [ -9.036715245721188, 38.579820295873148 ], [ -9.037165855640414, 38.579633761412914 ], [ -9.037320305006752, 38.579605365466996 ], [ -9.037643537961729, 38.579464861142618 ], [ -9.037572512499414, 38.57922795788938 ], [ -9.037601081423132, 38.57893542170423 ], [ -9.03776816361006, 38.578925933841433 ], [ -9.038828339196955, 38.578802059825598 ], [ -9.039532242466123, 38.578663820453649 ], [ -9.039808324555134, 38.578603272239235 ], [ -9.041326796132223, 38.579012443405965 ], [ -9.042698258339056, 38.579464745059965 ], [ -9.043998138702214, 38.579940080099028 ], [ -9.044870887267189, 38.580281013228728 ], [ -9.045782192278244, 38.580665842995742 ], [ -9.047459282499524, 38.581450985980915 ], [ -9.048467117353514, 38.58198126149442 ], [ -9.049014883348541, 38.582286834460888 ], [ -9.049608162195224, 38.582624987588993 ], [ -9.050805477468735, 38.583318968887092 ], [ -9.049650424162165, 38.583467297714748 ], [ -9.049824083024729, 38.584163072833938 ], [ -9.049955448473444, 38.584583257936657 ], [ -9.05100377125617, 38.584109854231983 ], [ -9.051099914169656, 38.58433258929599 ], [ -9.049926119901132, 38.584974981268232 ], [ -9.050115781778532, 38.585232383739758 ], [ -9.050273884571963, 38.585436350136675 ], [ -9.050681803969315, 38.585970299560024 ], [ -9.051067415069619, 38.586455596587186 ], [ -9.05142144111047, 38.586164740025033 ], [ -9.051545576522699, 38.586385990235613 ], [ -9.051578075559011, 38.586756871127477 ], [ -9.051641801969474, 38.587361979540098 ], [ -9.051372127589344, 38.587454451851656 ], [ -9.05041825092904, 38.587786683597699 ], [ -9.050290499899493, 38.588254124961232 ], [ -9.050395999189547, 38.588490114635164 ], [ -9.050587639586816, 38.58888424583639 ], [ -9.051481129278208, 38.588721029591845 ], [ -9.052331158864551, 38.588533643093996 ], [ -9.052289475370275, 38.588936814892804 ], [ -9.052522481415808, 38.589647967951286 ], [ -9.052545284606161, 38.58997757811715 ], [ -9.052572460680048, 38.590407137793129 ], [ -9.052644169789698, 38.591402778398823 ], [ -9.051651183767209, 38.59134464602144 ], [ -9.051825218757012, 38.592075904335609 ], [ -9.052665606603002, 38.59221837661628 ], [ -9.052592846090695, 38.59268610775591 ], [ -9.052240060884026, 38.592662848304649 ], [ -9.051576931257561, 38.592532943635433 ], [ -9.051488835231105, 38.592618221286905 ], [ -9.051343500370633, 38.592769074029128 ], [ -9.051078851053596, 38.592987619964092 ], [ -9.051001315920786, 38.593090829749897 ], [ -9.050722921951653, 38.593402081676324 ], [ -9.050541289144501, 38.593641141802841 ], [ -9.05076963844308, 38.593977962204121 ], [ -9.050616964380211, 38.59404014338665 ], [ -9.05009302488609, 38.594259097329456 ], [ -9.049596051156655, 38.594477841354951 ], [ -9.048909502754485, 38.594790844325352 ], [ -9.049094183550602, 38.594979648634677 ], [ -9.049850929869777, 38.595672526006837 ], [ -9.050132256861163, 38.595909735991164 ], [ -9.050467203023736, 38.596158666109368 ], [ -9.050661917452535, 38.596297118508978 ], [ -9.050625633661385, 38.596322808591182 ], [ -9.050463378410972, 38.596484673756763 ], [ -9.050372961461358, 38.596529485351766 ], [ -9.050201362583898, 38.596503528468688 ], [ -9.050003539639519, 38.596519779858284 ], [ -9.049779198454249, 38.596555139473814 ], [ -9.049559165375783, 38.596584122305714 ], [ -9.049400354154063, 38.596646311230479 ], [ -9.049250722497312, 38.596664283793451 ], [ -9.049149361582906, 38.5966902783885 ], [ -9.049044978266018, 38.596688995648435 ], [ -9.048919507367437, 38.596713078958167 ], [ -9.048801824761341, 38.596718200357465 ], [ -9.048708410921888, 38.596737832108019 ], [ -9.048593431475432, 38.596745031940515 ], [ -9.048446874839728, 38.59679448081075 ], [ -9.048385356905484, 38.596797062673119 ], [ -9.048312374394445, 38.596765227666275 ], [ -9.047764430941768, 38.596837792334668 ], [ -9.048396343023539, 38.597534764120141 ], [ -9.048893331502398, 38.598308366408503 ], [ -9.049189843172957, 38.598914363620821 ], [ -9.049334447338408, 38.5994807427194 ], [ -9.049461165374131, 38.599750714553245 ], [ -9.049546155478316, 38.600178474843467 ], [ -9.050239578348071, 38.601627942308269 ], [ -9.050539726676227, 38.60313967244381 ], [ -9.050805259486014, 38.604010951510375 ], [ -9.051100788341405, 38.605062916878069 ], [ -9.051515887465278, 38.605613655346808 ], [ -9.051688001058423, 38.606308172195263 ], [ -9.051783065524273, 38.606794495754166 ], [ -9.05193381206076, 38.608386470334196 ], [ -9.052066742349021, 38.609652672149657 ], [ -9.052109875733247, 38.610156038227174 ], [ -9.052148904707181, 38.610611477380928 ], [ -9.052169721876947, 38.610776160217682 ], [ -9.052290284124295, 38.61108274595292 ], [ -9.052555957340958, 38.611783819642923 ], [ -9.052913695115238, 38.612725856951833 ], [ -9.053053444707004, 38.613069047553552 ], [ -9.053219570939849, 38.613283751731714 ], [ -9.05357067896748, 38.613742555747919 ], [ -9.053926941412842, 38.614226812784779 ], [ -9.054083704105613, 38.614445376359669 ], [ -9.054216034941275, 38.614576208602912 ], [ -9.054955774039204, 38.615130763353676 ], [ -9.055436437503605, 38.615493146911369 ], [ -9.056360386196257, 38.616210994647361 ], [ -9.056864191608383, 38.616558596503538 ], [ -9.05724109358089, 38.616841264770173 ], [ -9.057873810171902, 38.617400341911051 ], [ -9.05821886477516, 38.617741804881888 ], [ -9.058853034787704, 38.618421752614047 ], [ -9.059189135295064, 38.618788960096438 ], [ -9.059752603039351, 38.619425408337285 ], [ -9.059961068972092, 38.619661750535009 ], [ -9.060131605733437, 38.619851005881465 ], [ -9.060222178866386, 38.620000450161086 ], [ -9.06039514939037, 38.620387235636755 ], [ -9.060502797906752, 38.620774624186154 ], [ -9.060590661164252, 38.621070562731504 ], [ -9.06064230945795, 38.621469299283817 ], [ -9.060675142508391, 38.62184250833819 ], [ -9.060697827811053, 38.62394831308162 ], [ -9.060696885833565, 38.624596534972262 ], [ -9.06071623288687, 38.626105133068954 ], [ -9.060725598892809, 38.626474928243333 ], [ -9.060744589442939, 38.62739247350779 ], [ -9.053668087695632, 38.629045492303945 ], [ -9.053472478221126, 38.628946007617266 ], [ -9.053418240811588, 38.628963911731354 ], [ -9.053316255562017, 38.628934332428322 ], [ -9.053285459486808, 38.628941691923558 ], [ -9.053227684925625, 38.628877827815543 ], [ -9.053161501780481, 38.628828047258288 ], [ -9.053119070684541, 38.628801192784628 ], [ -9.053066108303241, 38.628788298935611 ], [ -9.052961576610342, 38.628785970732963 ], [ -9.052885782689399, 38.628794766676023 ], [ -9.05279487799317, 38.628816200769371 ], [ -9.052752634050687, 38.628835177739909 ], [ -9.05269233532802, 38.62887042465389 ], [ -9.052636472586595, 38.628920405398745 ], [ -9.052576095661264, 38.629003215464813 ], [ -9.052515850042319, 38.629060710896653 ], [ -9.052459464269615, 38.629096374641115 ], [ -9.052405416754457, 38.629138889537465 ], [ -9.051887838923433, 38.629321621370423 ], [ -9.051596537717174, 38.629407991780198 ], [ -9.051466753783538, 38.62930550701531 ], [ -9.051574883216432, 38.629242513326858 ], [ -9.051389638758256, 38.629082779791453 ], [ -9.05103806690966, 38.629081654470873 ], [ -9.050580048768113, 38.629081362901978 ], [ -9.049911586627919, 38.629080777605417 ], [ -9.049478174361425, 38.629068636961016 ], [ -9.049449810114773, 38.629537359782034 ], [ -9.049449378209315, 38.62966608756269 ], [ -9.049463418347043, 38.629776324628224 ], [ -9.049490068134034, 38.629866917215516 ], [ -9.04952231474922, 38.629955034677224 ], [ -9.04956738770354, 38.630040614971911 ], [ -9.049546942539052, 38.630148835006032 ], [ -9.049294850175135, 38.630399388877855 ], [ -9.049147588331213, 38.630586976581981 ], [ -9.04904799091001, 38.630715498878807 ], [ -9.048814508242607, 38.631045313018767 ], [ -9.048711079016517, 38.63121874680678 ], [ -9.048624478112643, 38.631319219496476 ], [ -9.048324124993528, 38.631807284450062 ], [ -9.048137106996354, 38.632117432125277 ], [ -9.047748566839937, 38.632369049767 ], [ -9.047423790414925, 38.632789339263404 ], [ -9.047337038434486, 38.632890140064241 ], [ -9.047119787075745, 38.633112796409804 ], [ -9.046959222924656, 38.633293580569422 ], [ -9.046814031506472, 38.633456936350015 ], [ -9.046552498324576, 38.633382324546652 ], [ -9.044720139885952, 38.632737434740804 ], [ -9.044725671935698, 38.632729820354001 ], [ -9.044717485759016, 38.632727543846791 ], [ -9.044742032760148, 38.632172546634465 ], [ -9.044744589066351, 38.632157033739922 ], [ -9.044749268971755, 38.632109615739047 ], [ -9.04475154701054, 38.632098972071368 ], [ -9.044748702792514, 38.632082594147263 ], [ -9.044751803966358, 38.632046901637928 ], [ -9.044752182612301, 38.631940513410086 ], [ -9.044755663287466, 38.631924992410852 ], [ -9.044756817216681, 38.631898678059798 ], [ -9.044760546738862, 38.631694888305532 ], [ -9.044793881027893, 38.631362142548717 ], [ -9.04476192030816, 38.630897402301059 ], [ -9.044723544770569, 38.630442883003468 ], [ -9.044695530446399, 38.630289788443122 ], [ -9.044615763701637, 38.630157543612199 ], [ -9.044542749173511, 38.630050735356043 ], [ -9.044442700863348, 38.62986757263981 ], [ -9.044330405312408, 38.629750892903559 ], [ -9.044212646488859, 38.629710913387925 ], [ -9.044116937978718, 38.629870113370515 ], [ -9.04402926168623, 38.630146715074972 ], [ -9.044017208461531, 38.6302285995014 ], [ -9.043993987226679, 38.630453617234181 ], [ -9.043938602212769, 38.630704477293371 ], [ -9.043907995392416, 38.63086316392021 ], [ -9.043884558326297, 38.630921313307049 ], [ -9.043643259084876, 38.631237583995755 ], [ -9.043456807742015, 38.63145999481052 ], [ -9.04316238041455, 38.63184551124607 ], [ -9.043096471768694, 38.631764972920649 ], [ -9.042930554641988, 38.631574526601106 ], [ -9.042638127766361, 38.631283371533478 ], [ -9.042419899760763, 38.631090314330194 ], [ -9.042207851301823, 38.630931624023098 ], [ -9.042024014379955, 38.630796854879335 ], [ -9.041622345412783, 38.63054461126432 ], [ -9.041445694658979, 38.63044221624839 ], [ -9.041160648274786, 38.63028274584002 ], [ -9.040888212434766, 38.630147308604315 ], [ -9.040476407157861, 38.629938143282644 ], [ -9.040002779043562, 38.629705324012832 ], [ -9.039798326150066, 38.629593488933359 ], [ -9.039501072985946, 38.629441347916412 ], [ -9.039248418247897, 38.629291285692339 ], [ -9.038997212514092, 38.62913162890419 ], [ -9.038925293020075, 38.629083994358851 ], [ -9.038655314253685, 38.628892776448453 ], [ -9.038302129696566, 38.628614920651735 ], [ -9.037898467872026, 38.62823006345684 ], [ -9.037373662568132, 38.627581497397131 ], [ -9.037090906754447, 38.627105588628133 ], [ -9.036798011439684, 38.626522825224043 ], [ -9.036639968558161, 38.626036544748324 ], [ -9.036027231130197, 38.624399737666153 ], [ -9.035796612458119, 38.623765459976539 ], [ -9.035586836552675, 38.623171730319157 ], [ -9.035311539681581, 38.62242610845734 ], [ -9.03513138910316, 38.621960344369171 ], [ -9.034937201991841, 38.621516467006096 ], [ -9.034830945961323, 38.621328521464562 ], [ -9.034647849038118, 38.6210252590433 ], [ -9.03447953204509, 38.620777804674162 ], [ -9.034250972701912, 38.620490542477739 ], [ -9.034115742962298, 38.62033746090502 ], [ -9.034045564165, 38.620262240568728 ], [ -9.033959831612137, 38.620173812474249 ], [ -9.033803944767483, 38.620021246294556 ], [ -9.033617985543382, 38.619851350081504 ], [ -9.033546278101886, 38.619791816181468 ], [ -9.033472924096365, 38.619729058299612 ], [ -9.033161355440008, 38.619476978675472 ], [ -9.033043546393435, 38.619394292473224 ], [ -9.032933302883363, 38.619319294926576 ], [ -9.032804659245951, 38.619224529976741 ], [ -9.032660862272182, 38.619119972483738 ], [ -9.03250882744495, 38.619008811244605 ], [ -9.032331353697693, 38.618883344987218 ], [ -9.032134218802865, 38.61874677031134 ], [ -9.031938756254384, 38.618605947744385 ], [ -9.031736799945193, 38.618459859942575 ], [ -9.031537536695582, 38.618318165072708 ], [ -9.031506864942893, 38.618298401713332 ], [ -9.031349522101525, 38.618184759228299 ], [ -9.031054685726833, 38.617975154606711 ], [ -9.030853431895494, 38.617830051649008 ], [ -9.030603562956097, 38.617653523574795 ], [ -9.030444856465872, 38.617540791117932 ], [ -9.030297714170835, 38.617435082561641 ], [ -9.029986374946894, 38.617208487251283 ], [ -9.029799030587901, 38.617064539657065 ], [ -9.029594955646624, 38.61689495137928 ], [ -9.029375427059959, 38.616692511470937 ], [ -9.029239228656353, 38.616543121224105 ], [ -9.028953494688169, 38.616205621944943 ], [ -9.028764676523616, 38.615922380866678 ], [ -9.028550494214699, 38.615625348499968 ], [ -9.028319701155876, 38.615273553741588 ], [ -9.028070272229241, 38.614909917562137 ], [ -9.02788304495933, 38.614653991583673 ], [ -9.027525995337799, 38.614120476265413 ], [ -9.027203141626773, 38.613658760626642 ], [ -9.026829381792396, 38.613110148838693 ], [ -9.02652419661899, 38.612656042325021 ], [ -9.026451244670914, 38.612541300059831 ], [ -9.026046362530597, 38.611944188460058 ], [ -9.025673674221791, 38.611389894863805 ], [ -9.025295149179238, 38.610847936074265 ], [ -9.024893005355535, 38.610316323450675 ], [ -9.024494273941551, 38.609755769137628 ], [ -9.023949736700533, 38.609052045983212 ], [ -9.023338885662815, 38.608286770495056 ], [ -9.022928928629632, 38.607767426114862 ], [ -9.022466445662866, 38.607154223926472 ], [ -9.021733321340093, 38.606228837098485 ], [ -9.021407784594052, 38.605814790479961 ], [ -9.021250598122077, 38.605589702352205 ], [ -9.021079891992384, 38.605320038117917 ], [ -9.020936783688976, 38.605063403464492 ], [ -9.020822699273962, 38.604823576493992 ], [ -9.020757068471985, 38.604668051896638 ], [ -9.020623011567427, 38.604297848519337 ], [ -9.02054225468034, 38.60399561240903 ], [ -9.020489791392023, 38.603716578285244 ], [ -9.020449931917588, 38.60339781820889 ], [ -9.020440314396154, 38.603051430572663 ], [ -9.020600063331869, 38.600577988396864 ], [ -9.020666153231325, 38.599402929819448 ], [ -9.020672263234355, 38.599291061957125 ], [ -9.020709078547544, 38.598739577021306 ], [ -9.020757062999891, 38.597976498171604 ], [ -9.020782544547838, 38.597567069038689 ], [ -9.020834358604944, 38.596951551126566 ], [ -9.020871646545165, 38.596432827635908 ], [ -9.020913443919765, 38.595836946731779 ], [ -9.02095460626466, 38.595189655737038 ], [ -9.020976993505299, 38.594791015480077 ], [ -9.020972402112168, 38.594418287302972 ], [ -9.020933738061155, 38.593938701834006 ], [ -9.020874663053888, 38.593574956369892 ], [ -9.020788399578958, 38.593219986528943 ], [ -9.020595674520012, 38.592643022983047 ], [ -9.020369830918799, 38.592036317541741 ], [ -9.020009185720809, 38.591122139510524 ], [ -9.019704769139892, 38.590340358407694 ], [ -9.019453012340476, 38.589750038449161 ], [ -9.019107611925058, 38.588836689386937 ], [ -9.018941743674404, 38.588410899375148 ], [ -9.018763636810711, 38.587943803862025 ], [ -9.018604957307856, 38.58746941037154 ], [ -9.018443024741606, 38.58701779671523 ], [ -9.018707975326768, 38.586518719684079 ], [ -9.019014477684397, 38.585917899323945 ], [ -9.018874804893089, 38.585871485363135 ], [ -9.018497070582093, 38.585784536861333 ], [ -9.018263054237609, 38.585719467433407 ], [ -9.017810840595169, 38.585604978156944 ], [ -9.017236939016636, 38.585431502258444 ], [ -9.016791392054822, 38.58529929997551 ], [ -9.017093488560166, 38.58471265694299 ], [ -9.01744859065127, 38.584040941336944 ], [ -9.017492117687919, 38.583931436296588 ], [ -9.017720711111016, 38.583378680743387 ], [ -9.017836642334503, 38.58312791728234 ], [ -9.017998434841134, 38.582799247635144 ], [ -9.01810762711443, 38.582570234589738 ], [ -9.018028899170908, 38.582551164175641 ], [ -9.018100291379907, 38.582410894329961 ], [ -9.018238002817037, 38.582235191966298 ], [ -9.01829133429179, 38.58217739945065 ], [ -9.018428064615923, 38.581921858676395 ], [ -9.018659244887594, 38.581474016727377 ], [ -9.01873357913888, 38.581322026225273 ], [ -9.019012111069465, 38.581354739276755 ], [ -9.01901591887596, 38.581385939935835 ], [ -9.019181322414317, 38.581394667948338 ], [ -9.019215744761249, 38.581378655672701 ], [ -9.020820734042209, 38.581584353560615 ], [ -9.02115811587592, 38.581619221170619 ], [ -9.021444457961763, 38.581639504563839 ], [ -9.021715183790318, 38.581682362255215 ], [ -9.022058828222548, 38.581706919425322 ], [ -9.022542610038446, 38.581758417940193 ], [ -9.022549305801332, 38.581785814003688 ], [ -9.022832316335341, 38.581793643919923 ], [ -9.023098437029565, 38.581074028174669 ], [ -9.023357182513214, 38.580411851622351 ], [ -9.023301856955184, 38.579928089385739 ], [ -9.023257247022357, 38.579586929407135 ], [ -9.023655839890141, 38.57936734018265 ], [ -9.024535149913532, 38.578869516958534 ], [ -9.024860010873342, 38.579025489425845 ], [ -9.025440316962623, 38.57900529412386 ], [ -9.025743592281144, 38.579039915853862 ], [ -9.025781340772797, 38.578826582311954 ], [ -9.025824878403792, 38.578358012471611 ], [ -9.025853043846968, 38.578278613220292 ] ] ] } }
]
}
